Date,Close,High,Low,Open,Volume
2000-01-03,25.94027328491211,26.908494993835735,25.698217857681204,26.747124709015132,2638200
2000-01-04,25.899944305419922,26.545425783436617,25.65788875116366,25.940286897795964,3592100
2000-01-05,27.513641357421875,27.957409766412553,26.706789704711557,26.706789704711557,7631700
2000-01-06,27.796039581298828,28.038095078378355,26.545419513054615,27.513641501372714,4922200
2000-01-07,28.602882385253906,28.96596551849408,28.19945668165371,28.19945668165371,6008300
2000-01-10,28.199478149414062,28.723931963351667,28.078450346197695,28.602904160135296,2403500
2000-01-11,27.67502212524414,28.36084628869771,27.594336929543722,28.19947589729687,2450000
2000-01-12,27.796039581298828,28.522206072537404,27.43295633567954,27.675011832759065,2327800
2000-01-13,27.352272033691406,27.997753379619226,27.110216528968472,27.796040459016783,3035100
2000-01-14,28.40118408203125,28.5625544461337,27.715360034595836,27.715360034595836,3834900
2000-01-18,29.046661376953125,29.04666137695313,27.83638381958008,28.401180013020834,5859800
2000-01-19,30.74105453491211,31.063795264937436,29.208036067291822,29.208036067291822,11463600
2000-01-20,30.014883041381836,30.90241990550872,29.530772024585353,30.741049566576557,8941100
2000-01-21,29.490427017211914,30.297278645589806,29.046658621604074,30.014880575657543,4392500
2000-01-24,28.602882385253906,29.813159496054492,28.15911411129369,29.490418933174336,3306200
2000-01-25,29.490427017211914,29.692139924306385,28.885288295928497,28.885288295928497,5057200
2000-01-26,29.813173294067383,30.014886239223454,29.04666410247431,29.490432581817668,3090100
2000-01-27,29.08700942993164,30.256944621981592,28.965981651443713,29.8131761008592,3339100
2000-01-28,28.804594039916992,29.450075138850703,28.723908902550278,29.086992020700492,2288100
2000-01-31,28.723926544189453,28.76426913765039,28.36084320304099,28.76426913765039,2411800
2000-02-01,28.23981285095215,28.522210979461672,27.95741472244263,28.522210979461672,2675800
2000-02-02,28.804594039916992,29.167677158067207,27.99774266624985,28.239798078349992,3295500
2000-02-03,28.038105010986328,29.087012536577184,27.836392025295776,28.804614356610415,2889100
2000-02-04,28.40118408203125,28.52221185510809,27.47330448844216,28.038100762800738,2927200
2000-02-07,26.98919677734375,28.320502447975056,26.908511585184275,28.320502447975056,3029400
2000-02-08,26.46473503112793,27.150558957239475,25.8192536889053,26.98918862168382,5102700
2000-02-09,25.26003646850586,26.069653021983612,24.855228191766983,26.069653021983612,5525000
2000-02-10,25.74579429626465,26.02915995675813,25.09810135799384,25.260024592561543,4060600
2000-02-11,25.826766967773438,26.150613575519813,25.340997056153878,25.745805315836847,3132800
2000-02-14,24.774253845214844,25.705312404757233,24.652811424404966,25.705312404757233,2606300
2000-02-15,24.936180114746094,25.05762255036986,24.207525501003516,24.774256867247743,3961300
2000-02-16,24.12656021118164,24.571849074139692,23.883675376840884,24.571849074139692,3423000
2000-02-17,24.288488388061523,24.531373271942137,23.681276178359983,24.126565132141113,3400500
2000-02-18,23.31694793701172,24.288487434387207,23.23598631223043,24.288487434387207,5559500
2000-02-22,25.179075241088867,25.867249323240816,23.235995479718667,23.316957136442426,4771400
2000-02-23,24.045595169067383,25.057615167765505,24.00511436911946,25.057615167765505,3880800
2000-02-24,23.681278228759766,23.96464395115518,23.23598923642411,23.96464395115518,4210800
2000-02-25,24.49088478088379,24.61232718475594,23.843191960232318,23.843191960232318,3170600
2000-02-28,23.964635848999023,24.369443886988872,23.68127022240613,24.369443886988872,3573300
2000-02-29,23.92416000366211,24.369448937740422,23.397909445205922,23.964640815851048,3513100
2000-03-01,23.51935577392578,23.721759868365762,23.2764708605978,23.721759868365762,2838000
2000-03-02,23.276460647583008,24.086076670107637,22.91213343744693,23.519345454340396,4058200
2000-03-03,23.276460647583008,23.64078785771909,23.114537443078085,23.276460647583008,3884100
2000-03-06,22.75021743774414,23.438391274828927,22.669255809851812,23.27646801904427,2882000
2000-03-07,22.507333755493164,22.750218652135175,22.102525594423142,22.750218652135175,3565000
2000-03-08,21.616744995117188,22.142995341440265,21.616744995117188,22.142995341440265,4134600
2000-03-09,21.859638214111328,22.345407952202688,21.53579172205042,21.616753345065646,3236800
2000-03-10,20.96906280517578,21.98108321083098,20.92858198894957,21.859640762152356,5114300
2000-03-13,21.1309871673584,21.45483371398458,20.72617898407567,20.969063894045306,3422700
2000-03-14,21.414350509643555,21.900120275457773,21.009542371465034,21.13098481291859,3727900
2000-03-15,22.588294982910156,22.99310313672575,21.292908890700254,21.414351336844934,4859300
2000-03-16,23.07406234741211,23.27646640309116,22.466850180374948,22.58829261378238,4725200
2000-03-17,24.61233901977539,25.219551331118534,22.91214454801459,23.07406783103943,15304900
2000-03-20,23.964635848999023,24.409924690787857,23.559827811009175,24.409924690787857,5786400
2000-03-21,23.681278228759766,24.248009673550595,23.438393323849407,23.96464395115518,4165400
2000-03-22,23.47886085510254,24.086072773768983,23.155014498480433,23.681264827991352,3359600
2000-03-23,22.75021743774414,23.27646801904427,22.54781336801332,23.27646801904427,4080400
2000-03-24,23.31694793701172,23.60031362374624,22.99310143788656,22.99310143788656,5797500
2000-03-27,24.045595169067383,24.16703756891116,23.397902369900585,23.397902369900585,2534000
2000-03-28,24.61233901977539,24.73378148204402,23.88368424616362,24.04560752918846,5056400
2000-03-29,24.5313777923584,24.733781899556075,24.16705039940258,24.61233943523747,2731000
2000-03-30,25.017141342163086,25.21954539832945,24.369448362430706,24.531371607363802,3311100
2000-03-31,24.49088478088379,25.138577601535264,24.490884780883793,25.017135197663112,4640100
2000-04-03,24.086082458496094,24.45040975618763,24.005120836786862,24.45040975618763,3234700
2000-04-04,24.167041778564453,24.77425388355351,23.681272094573206,24.08608016456591,4004200
2000-04-05,23.35742950439453,24.126564964677886,23.31694869069541,24.126564964677886,2919900
2000-04-06,23.39790153503418,23.600305527551775,23.074055147006025,23.35742073653066,2970400
2000-04-07,23.11454200744629,23.519350098645,22.912137961846934,23.397907671285388,2381600
2000-04-10,22.709735870361328,23.074063183789583,22.669255057758186,23.074063183789583,2452600
2000-04-11,23.11454200744629,23.55983090776487,22.66925310712771,22.709733916247583,2251100
2000-04-12,24.369457244873047,24.855227156730983,23.235994117204534,23.235994117204534,4620200
2000-04-13,23.964635848999023,24.369443886988872,23.640789418607145,24.369443886988872,2916700
2000-04-14,22.912145614624023,23.80272371271895,22.50733738821724,23.80272371271895,3744900
2000-04-17,22.87165641784668,22.912137225665877,22.062040261462727,22.912137225665877,3761600
2000-04-18,22.507333755493164,22.70973783602817,22.223968042744147,22.70973783602817,3379100
2000-04-19,24.12656021118164,24.450406656969314,23.033578456648243,23.033578456648243,5749000
2000-04-20,25.94820213317871,26.069644576859734,24.28848873620472,24.28848873620472,8110700
2000-04-24,24.5313777923584,26.717342150093305,24.288492863721185,25.948206542742135,10279700
2000-04-25,25.26003646850586,25.624363917570847,24.77426653641921,24.77426653641921,5399600
2000-04-26,25.867231369018555,26.272039371663606,25.260019365050987,25.260019365050987,5338300
2000-04-27,25.786287307739258,26.0696531023298,25.219555718558176,25.867248963336554,3176700
2000-04-28,25.705320358276367,25.94820527504748,25.219550524734135,25.78628199720007,1853600
2000-05-01,25.30051040649414,26.029165106201173,25.26002958984375,25.70531857299805,2886100
2000-05-02,24.571857452392578,25.300512203863857,24.490895813340213,25.300512203863857,2552200
2000-05-03,24.167041778564453,24.733773076554236,23.84319532257029,24.571849848557157,3311300
2000-05-04,24.73377799987793,25.46243267090543,24.49089310953543,24.49089310953543,2981100
2000-05-05,25.583871841430664,25.82675670068475,24.57185159453863,24.733774834041352,2794900
2000-05-08,24.774253845214844,25.583869983947356,24.73377303827822,25.583869983947356,3146400
2000-05-09,24.814735412597656,25.381466727077864,24.693292988066183,24.7742546044205,2567300
2000-05-10,23.971281051635742,24.661978980242196,23.76813460204561,24.661978980242196,4880400
2000-05-11,24.25568389892578,24.824493906605785,24.093166753874353,24.093166753874353,2947200
2000-05-12,24.174415588378906,24.45882047765395,24.093157048586036,24.255674128171776,2455200
2000-05-15,24.174415588378906,24.37756193786108,23.686864349621686,24.174415588378906,2913500
2000-05-16,24.29631233215332,24.621346610844334,23.89001948378955,24.17442447764419,3815700
2000-05-17,24.29631233215332,24.377570901826072,23.768131629280422,24.29631233215332,2739800
2000-05-18,24.458829879760742,24.54008845078985,24.13379559564432,24.296312737702532,2050100
2000-05-19,24.011905670166016,24.296310644262736,23.564983568014025,24.296310644262736,2193900
2000-05-22,23.768129348754883,24.49945640563965,23.56498294406467,24.01190503438314,2984100
2000-05-23,24.133787155151367,24.661967682115957,23.808752984711617,23.808752984711617,2851600
2000-05-24,25.271421432495117,25.352680022310214,24.17443046999131,24.17443046999131,4642600
2000-05-25,24.946367263793945,25.149513577017025,24.621333162637022,25.149513577017025,3027300
2000-05-26,24.8651180267334,25.312040082769457,24.702600915447558,24.946376582376317,2102100
2000-05-30,25.718338012695312,25.79959658461536,25.068269437334926,25.068269437334926,2325300
2000-05-31,25.393299102783203,25.758962609863282,25.35266982421875,25.71833333129883,2198600
2000-06-01,26.165260314941406,26.165260314941406,25.55582102189153,25.55582102189153,2322800
2000-06-02,25.921483993530273,26.36840613134976,25.677708281992373,26.165259705068177,3449500
2000-06-05,25.312034606933594,25.637068759189564,25.068258992741615,25.637068759189564,2478000
2000-06-06,25.921483993530273,26.12463041981186,25.393303285198154,25.393303285198154,2945300
2000-06-07,25.068269729614258,26.002743317590156,25.027640443180523,25.921484744722687,2843100
2000-06-08,24.82448959350586,25.108894547932277,24.499455359875668,25.068265268728503,2481700
2000-06-09,25.474552154541016,25.79958631281267,25.108888726485404,25.108888726485404,2714200
2000-06-12,24.783857345581055,25.393296460636325,24.743228071244037,25.393296460636325,1553800
2000-06-13,25.23077964782715,25.27140892262236,24.499452701513317,24.783857625079808,2599400
2000-06-14,25.23077964782715,25.596443120984063,24.946374724260657,25.23077964782715,2836500
2000-06-15,26.246509552001953,26.652802269525203,25.515182660460102,25.515182660460102,6346900
2000-06-16,25.515174865722656,26.246501533848466,25.230770050340396,26.246501533848466,4919000
2000-06-19,25.352678298950195,25.718341928261978,25.06827325392992,25.51519546753321,3962300
2000-06-20,25.555810928344727,25.79958654928283,24.90574260584311,25.35266457756297,2827400
2000-06-21,25.880857467651367,26.084003915592117,25.39330599259357,25.55582315094617,2538000
2000-06-22,25.312034606933594,25.96210291144553,25.190146799837606,25.88084437338154,2102400
2000-06-23,25.921483993530273,26.084001134555542,25.59644971147974,25.59644971147974,1984700
2000-06-26,25.840219497680664,26.00273660143966,25.677702393921667,25.921478049560164,2666600
2000-06-27,26.002744674682617,26.165261828899382,25.55582250058651,25.84022752046585,2845500
2000-06-28,26.34808921813965,27.05910164885275,26.165257450241995,26.165257450241995,3847800
2000-06-29,26.6121826171875,26.977846195133587,26.327777612118318,26.348092255337548,3364100
2000-06-30,27.180980682373047,27.465385562457666,26.65280019078732,26.65280019078732,4823600
2000-07-03,27.0997314453125,27.26224857541932,26.93721431520568,27.18099001036591,1232300
2000-07-05,27.8310489654541,28.196712382518463,27.343497742701622,27.343497742701622,4990900
2000-07-06,27.95294952392578,28.07483738522197,27.668544514234675,27.83106166262959,3665200
2000-07-07,28.44049072265625,28.643637084960936,27.993568725585934,27.993568725585934,4256800
2000-07-10,27.95294952392578,28.60301811750545,27.952949523925778,28.44050096911053,2834200
2000-07-11,28.806163787841797,29.09056878997846,27.993578067451338,27.993578067451338,3815200
2000-07-12,28.52174949645996,28.846783678755802,28.399861678099022,28.806154405968822,2228800
2000-07-13,28.968669891357422,29.25307478510146,28.68426499761338,28.68426499761338,3452700
2000-07-14,28.887413024902344,29.334335026694085,28.80615447912203,28.968671570682663,3472100
2000-07-17,28.58269691467285,28.88741649798493,28.23734805358583,28.88741649798493,2497700
2000-07-18,29.33434295654297,29.415601524289624,28.15609372421645,28.582701204886398,4783100
2000-07-19,29.821895599365234,30.025042027153827,28.643646318191404,29.334344172672616,7490900
2000-07-20,29.94377899169922,30.06566683020003,29.374969078695433,29.821891153198408,5034000
2000-07-21,30.431318283081055,30.75635239024347,29.78125006875623,29.943767122337434,7622000
2000-07-24,31.28455352783203,31.3658121084238,30.350079851026656,30.43133843161843,5027400
2000-07-25,31.609582901000977,32.66594428329664,31.122031493787592,31.28454862952539,8836600
2000-07-26,31.203296661376953,32.137770389517144,31.000150198737778,31.609589586655297,5444400
2000-07-27,31.36579132080078,32.13774732481013,31.325162057431868,31.325162057431868,3898500
2000-07-28,31.73147201538086,31.93461844313618,31.162662017665966,31.365808445421287,3930300
2000-07-31,31.73147201538086,32.015877014238306,31.48769630207448,31.73147201538086,4481100
2000-08-01,31.650203704833984,32.17838425446536,31.650203704833984,31.73146225093112,3226800
2000-08-02,32.42218017578125,32.462809474247145,31.77211140032699,31.77211140032699,4383700
2000-08-03,31.853349685668945,32.462788774042714,31.731461867994188,32.42215950148446,3226900
2000-08-04,31.853349685668945,31.934608230785447,31.40642768752818,31.85334968566894,2419800
2000-08-07,31.893980026245117,32.178384943676605,31.528316560976066,31.853350752326335,2113900
2000-08-08,31.568954467773438,31.975247318066533,31.44706661268551,31.893988748007914,3384000
2000-08-09,31.1304931640625,31.700947227278306,30.72302597605121,31.66020050847718,4282500
2000-08-10,31.863950729370117,31.863950729370117,31.00826918804432,31.13050940823372,2544700
2000-08-11,32.35292053222656,32.55665428872673,31.61947900882596,31.86395951662616,3283700
2000-08-14,32.27142333984375,32.515903819691054,32.1491830999201,32.35291683312619,2855800
2000-08-15,30.804546356201172,31.78246846274724,30.804546356201172,31.78246846274724,3963800
2000-08-16,30.11185073852539,30.56006502556704,29.908116971688276,30.56006502556704,6353200
2000-08-17,29.908113479614258,30.07110047405357,29.8266199823946,30.07110047405357,2810800
2000-08-18,29.785871505737305,30.030351983212576,29.541391028262034,29.90811174447494,4070600
2000-08-21,31.1304931640625,31.456466914471534,29.66361128722186,29.785851443625248,4090800
2000-08-22,32.1491813659668,32.23067485485391,31.049019265990744,31.13051275487786,4683200
2000-08-23,32.9641227722168,33.2086032872147,31.86396045472625,32.1491877222238,6971500
2000-08-24,34.96071243286133,35.20519293938484,32.71964112306253,32.96412162958603,10890300
2000-08-25,35.28668212890625,35.531162605549945,34.79772117561887,34.96070816004799,7671400
2000-08-28,34.716243743896484,35.20520492338799,34.51250991910836,35.20520492338799,4972200
2000-08-29,34.10503387451172,34.634741688572234,34.06428711958399,34.634741688572234,4000400
2000-08-30,34.22726821899414,34.55324220203218,33.86054748807634,34.10502797535487,3673400
2000-08-31,34.97091293334961,35.77566158518026,34.064297363565714,34.22728443229091,3762800
2000-09-01,35.694175720214844,36.67209834268648,35.04222730523375,35.04222730523375,5092500
2000-09-05,36.142372131347656,36.67207995288939,35.205196754773816,35.69415782081234,3704900
2000-09-06,37.69076156616211,38.220469566551415,36.22387787277634,36.22387787277634,7974100
2000-09-07,38.138973236083984,39.07614886047494,37.16105084541516,37.69075880702744,10908200
2000-09-08,37.89447784423828,38.46493234942036,37.56850384127709,38.13895834645917,6699000
2000-09-11,38.2204475402832,38.7501552354044,37.6092463536049,37.89447357405477,4335700
2000-09-12,38.46492385864258,39.15761846202915,37.89446947938305,38.2204434103885,5650100
2000-09-13,38.750152587890625,39.198366760831526,38.301938414949724,38.464925386928236,4108800
2000-09-14,38.057472229003906,38.383446295205225,37.609257887977094,38.383446295205225,4277100
2000-09-15,37.079551696777344,38.587181820712246,36.99805817656465,38.05747393932971,5906200
2000-09-18,37.12028503417969,38.1797004138599,36.91655130731811,37.07953828880737,3178700
2000-09-19,36.998046875,37.52775459457599,36.672072893722465,37.120287117979075,4221300
2000-09-20,38.50568389892578,39.15763198610336,37.120294213673425,37.120294213673425,6389400
2000-09-21,39.11687469482422,39.565088884035745,38.62791376113892,38.62791376113892,6181200
2000-09-22,41.39870071411133,41.928408498839126,38.464934521772726,39.11688256451464,6837500
2000-09-25,41.6431884765625,41.928415794895116,40.2577986446612,41.39870791799168,5343300
2000-09-26,43.069305419921875,43.639759796344684,40.95047487892288,41.643169478864856,7072100
2000-09-27,42.09139633178711,43.3545456892754,41.31720801590719,43.06931841500385,7540100
2000-09-28,42.05062484741211,42.6210790604584,41.48017063436582,42.091371576915414,6746600
2000-09-29,42.05062484741211,42.05062484741211,39.52432761820712,42.05062484741211,5010700
2000-10-02,38.09820556640625,39.93180904286431,37.32401743190174,39.93180904286431,9280800
2000-10-03,39.03536605834961,39.32059315898473,38.464911857079365,38.464911857079365,5017300
2000-10-04,39.85030746459961,40.70598891322598,38.79089233772886,39.03537275162211,5019200
2000-10-05,39.809574127197266,41.07272335743587,39.279866385484304,39.8503208765598,4121900
2000-10-06,39.76880645751953,40.542994288147476,39.44283263409724,39.80955318544732,3067100
2000-10-09,38.750152587890625,39.56508744778318,38.62791235890675,39.56508744778318,2180100
2000-10-10,38.83163833618164,39.198358950059536,38.505664457179066,38.750144866431,2501200
2000-10-11,39.23911666870117,39.9318113554799,38.34268825051693,38.83164920589015,2960800
2000-10-12,36.590576171875,39.320608024342285,35.205186873608014,39.23911453620894,8935800
2000-10-13,38.30194854736328,39.32061739170805,36.4683446275427,36.59058488886407,4701200
2000-10-16,39.23911666870117,39.8095711166366,38.75015571332795,38.75015571332795,2649100
2000-10-17,39.44285583496094,40.05405711339525,38.220453278092315,39.23912207548283,2909800
2000-10-18,39.60582733154297,40.09478816279658,38.05745136590651,39.44284038779176,4731100
2000-10-19,38.09820556640625,39.89106229894302,37.36476417582303,39.60583509149399,6481600
2000-10-20,39.11687469482422,39.27986167271932,37.69073863824209,38.098206082979836,3795000
2000-10-23,39.931800842285156,40.42076166892539,39.157612866771466,39.157612866771466,5692500
2000-10-24,39.76880645751953,40.38000737643633,39.524326089952815,39.931793369230675,4174700
2000-10-25,40.78748321533203,41.6839114178668,39.85030827631841,39.85030827631841,5929900
2000-10-26,41.113460540771484,41.480181199708,40.33927248301662,40.7874866217168,4459800
2000-10-27,41.56169891357422,41.60244567721498,41.072737749885114,41.113484513525876,2632700
2000-10-30,42.172882080078125,42.49885604784684,41.52093414454068,41.561680890511774,4779200
2000-10-31,44.21021270751953,44.25095944734213,41.765408318163615,42.1728757163896,4700800
2000-11-01,42.86556625366211,44.21020854108687,42.45809889383643,44.21020854108687,5589600
2000-11-02,43.11006546020508,43.680520012608554,41.602435571710195,42.86558493774645,5114500
2000-11-03,43.069305419921875,43.517519572825506,42.702584749364355,43.110052161094934,2743700
2000-11-06,43.069305419921875,43.273039125787164,41.724662961210974,43.069305419921875,3610300
2000-11-07,42.498863220214844,42.987824254387974,42.417369714519324,42.987824254387974,3030800
2000-11-08,42.46782684326172,43.202846923241246,42.1411512521597,42.59033018992498,1600600
2000-11-09,42.9170036315918,43.08034141896227,42.10031469473943,42.467824716322994,2060100
2000-11-10,41.487796783447266,42.95783682695524,41.32445900083527,42.91700238130224,2847400
2000-11-13,41.03863525390625,41.56948327211598,40.4669527727573,41.48781434623756,2943400
2000-11-14,42.059478759765625,42.34531987755044,41.20195540641118,41.20195540641118,3553800
2000-11-15,41.528629302978516,41.69196707801481,40.95694709035148,41.69196707801481,3139900
2000-11-16,42.99867630004883,43.3661863538954,41.528636084662544,41.528636084662544,3557500
2000-11-17,42.71283721923828,43.652029624632625,42.50866495719603,42.99867838609743,3529100
2000-11-20,42.835323333740234,43.44783987330754,42.46781340999985,42.71282002582677,2503900
2000-11-21,44.83623123168945,45.40791359712083,42.67200513398495,42.83534295267963,5734000
2000-11-22,42.54949951171875,44.71372549456049,42.38616170169296,44.71372549456049,4296000
2000-11-24,42.9170036315918,43.65202367475892,42.83533473790656,42.83533473790656,1122400
2000-11-27,44.019535064697266,44.4278795458169,43.77452837602548,43.77452837602548,2781400
2000-11-28,44.1012077331543,44.5503867008068,43.28451870105884,44.01953882994475,3248900
2000-11-29,45.69374084472656,45.73457528694705,43.24367431149726,44.10119759812751,6378700
2000-11-30,45.12205123901367,45.53039559411787,44.1420247867636,45.53039559411787,4248500
2000-12-01,42.99867630004883,44.87706101970908,42.590331795774865,44.87706101970908,4419900
2000-12-04,42.34532165527344,42.998672809067436,41.61030160725519,42.998672809067436,5211000
2000-12-05,45.04038619995117,45.857074979642036,42.1411410320486,42.34531322697132,6336500
2000-12-06,44.019535064697266,45.36707185239208,43.65202503168958,45.04039626749636,4597700
2000-12-07,43.652042388916016,44.50956614024177,43.652042388916016,44.01955256805562,2295400
2000-12-08,45.69374084472656,46.34709192025438,44.06036315590703,44.06036315590703,5179900
2000-12-11,44.67289352416992,46.14293389608045,44.67289352416992,45.69375489355223,3801300
2000-12-12,45.16291046142578,46.02043407778197,44.50955913467821,44.67289696636511,3167400
2000-12-13,44.34621047973633,45.61207836635864,44.26454158382521,45.1628994388475,2366600
2000-12-14,43.93785858154297,45.04038849018763,43.447845288812005,44.3462029921521,3369700
2000-12-15,42.38616943359375,43.570368772297236,42.304500513683166,43.570368772297236,6340900
2000-12-18,44.754554748535156,45.693747047090184,43.12117683800468,43.12117683800468,4230000
2000-12-19,43.366188049316406,44.83622832217459,43.20285024122105,44.75455941812692,4316400
2000-12-20,42.46782684326172,43.407019167680005,41.85531010994544,43.366184718792255,4112700
2000-12-21,42.222801208496094,42.467807791910964,40.875264999714304,42.467807791910964,4725400
2000-12-22,41.446956634521484,42.467817635371766,40.140254553433124,42.2228109951677,4071700
2000-12-26,41.161128997802734,42.141155878702804,40.67111555735271,41.44697017139859,2366700
2000-12-27,41.85531997680664,42.38616793748809,40.67112067990187,41.16113418206936,2725700
2000-12-28,42.75366973876953,43.77453100282802,41.65113957358636,41.85531182639806,2486100
2000-12-29,43.12117004394531,43.611183339899235,42.87616339596835,42.87616339596835,2554100
2001-01-02,40.50775909423828,42.67198412649093,39.56856709910977,42.67198412649093,3762500
2001-01-03,40.87528610229492,41.65114068365716,38.67022571316013,40.50777603743912,6428600
2001-01-04,39.85441970825195,41.936976475793806,39.36440635118328,40.875280868811686,3868900
2001-01-05,38.38438034057617,40.1810960160925,37.97603586886792,39.8544204387259,4012600
2001-01-08,38.54771423339844,39.52774086645094,38.34354201817917,38.38437646122302,3055100
2001-01-09,38.50688552856445,38.54771997769337,37.36352095295491,38.54771997769337,4372800
2001-01-10,39.44607925415039,39.772754858739624,38.09854238521979,38.50688689095633,3674200
2001-01-11,38.629390716552734,39.691086444491816,38.54772181440357,39.44607973804434,3385300
2001-01-12,39.60942077636719,39.65025523077581,38.26188378088253,38.629393870560165,3161000
2001-01-16,39.85441970825195,40.26276417247584,38.87439299411461,39.609413029717615,3274400
2001-01-17,38.38438034057617,40.956950512338196,38.05770476320957,39.8544204387259,6608400
2001-01-18,37.486019134521484,37.89436356953806,36.342654716475074,37.89436356953806,6047900
2001-01-19,36.38349914550781,37.52686387735318,36.260995781381524,37.486029422644414,4295900
2001-01-22,36.58766555786133,37.15934783220291,36.38349331702505,36.38349331702505,3605600
2001-01-23,37.567684173583984,37.89435968813689,36.71016094788261,36.71016094788261,4417400
2001-01-24,37.5268669128418,37.89437703494797,37.15935679073562,37.5677013708536,2998400
2001-01-25,38.7110481262207,38.99688919888267,36.91433281234548,37.526849396621124,3684000
2001-01-26,37.93520736694336,38.996903159774924,37.567697284809356,38.71106198478181,2300200
2001-01-29,36.8881950378418,37.887823713202174,36.790193888089384,37.887823713202174,2364700
2001-01-30,36.68567657470703,36.97315025011417,35.64684790566968,36.88821388306806,3703800
2001-01-31,38.2210578918457,38.48893187310359,36.91435505793645,36.91435505793645,3614900
2001-02-01,36.92740249633789,38.22103730607863,36.626861604570514,38.22103730607863,4105500
2001-02-02,37.14300537109375,37.56768454110164,36.61379262743614,36.927400825394535,2121700
2001-02-05,37.8486213684082,37.920490372888736,36.86206002163451,37.143001134238716,2188100
2001-02-06,37.064598083496094,38.19489489708732,36.89472793775712,37.848619700579405,2367000
2001-02-07,37.64784622192383,37.93618391411205,37.12359473620512,37.17601863486286,2182900
2001-02-08,37.68715286254883,38.17863896012933,37.43158049177938,37.647835574632026,2802100
2001-02-09,37.57575225830078,38.119662264483786,37.20877505545643,37.687154578908654,2017300
2001-02-12,38.709442138671875,38.72910078125563,38.14587105288189,38.14587105288189,2875500
2001-02-13,39.79072570800781,40.22323348745015,38.72256160884408,38.72256160884408,4984900
2001-02-14,39.705535888671875,40.59021013737424,39.54170713892489,39.790727538492234,3697900
2001-02-15,39.417198181152344,39.81693823059903,38.55873463271207,39.70553588071102,2569700
2001-02-16,39.31233596801758,39.71863044423218,39.07642223994859,39.4171862360674,2934600
2001-02-20,40.53123474121094,41.15378453711981,39.417201158859655,39.417201158859655,3144600
2001-02-21,39.44996643066406,40.878553436778624,39.41720117819563,40.531234761093394,2299500
2001-02-22,40.15768814086914,40.780237669780014,39.44994949208361,39.44994949208361,2767600
2001-02-23,40.37394332885742,40.46568699656955,39.6793087735938,40.15768825511242,2267000
2001-02-26,41.127559661865234,41.26517768283023,39.98731320126031,40.373949070046535,1854600
2001-02-27,41.74356460571289,41.87462810130098,40.629528642956494,41.127566926397336,2993000
2001-02-28,40.76057815551758,41.828741903355905,40.622962657282166,41.743550285474626,3053200
2001-03-01,39.08953857421875,40.53778404365102,38.40145586265457,40.53778404365102,4226100
2001-03-02,39.38443374633789,40.26911056915454,38.204867149077565,39.089543971894216,3796100
2001-03-05,40.57054138183594,40.72781804234225,39.24025306519039,39.384420629174485,2814700
2001-03-06,40.71471405029297,41.016158294067694,40.16424945304753,40.570543977258154,2783400
2001-03-07,42.00568771362305,42.07777275881382,40.54433566054118,40.71471894914268,3475800
2001-03-08,42.431644439697266,42.72653417725342,41.64526597328163,42.005688707938894,4227400
2001-03-09,42.923133850097656,42.98866435222751,42.07122232343909,42.43164758463852,2721500
2001-03-12,39.97420120239258,42.14984605145463,39.94798801148159,42.14984605145463,4324900
2001-03-13,39.692440032958984,41.27830405969404,39.358230392933244,39.97422575878593,4802100
2001-03-14,38.02135467529297,38.99777206234643,37.24153117490967,38.99777206234643,6086000
2001-03-15,36.76317596435547,38.02138225127943,36.376539956894774,38.02138225127943,5186800
2001-03-16,35.22317886352539,36.82870100471218,34.633394403553694,36.76316800925523,11244000
2001-03-19,36.71074676513672,36.8614689158354,35.22318140846494,35.22318140846494,6193500
2001-03-20,36.042320251464844,37.477459012448726,35.8850435722614,36.71074176338046,4360500
2001-03-21,35.2886962890625,36.304436093899966,34.86274322558195,36.04230920881405,3758400
2001-03-22,34.07636642456055,34.96104032219032,32.569143024978146,34.96104032219032,6703700
2001-03-23,34.731689453125,35.020027107137416,33.81424759971505,34.07637455778302,4632500
2001-03-26,36.330657958984375,36.80903754657741,35.092113170584504,35.092113170584504,4780200
2001-03-27,36.17338180541992,36.85490987924949,35.55083217066844,36.33065597640959,3634800
2001-03-28,36.042320251464844,36.16027713591043,35.38700533780185,36.16027713591043,2861600
2001-03-29,36.66487503051758,36.89423428234125,35.550839022027546,36.04232527578829,2814300
2001-03-30,36.50759506225586,37.52988727852956,36.245470583605155,36.66487174930879,3742700
2001-04-02,36.055419921875,37.09081598660655,35.734314575954365,36.50758622548322,3182600
2001-04-03,35.78675079345703,36.33721546643179,35.45909330953939,36.05542983027637,3337500
2001-04-04,35.79984664916992,36.17337586875273,35.334571261767735,35.786740053767154,2954700
2001-04-05,37.22843933105469,37.68060569951078,36.59278309583106,36.59278309583106,2704800
2001-04-06,36.684539794921875,37.1236022213706,36.25203191951962,37.1236022213706,2785500
2001-04-09,37.26775360107422,37.83787930180988,36.69763040016625,36.69763040016625,2549800
2001-04-10,39.20094299316406,39.443408842551236,37.89686754662244,37.89686754662244,4486300
2001-04-11,38.742210388183594,39.97420291570119,38.335915910959336,39.20093124947683,3980800
2001-04-12,39.646549224853516,39.646549224853516,38.41455658204678,38.74221401365713,1607300
2001-04-16,39.15506362915039,39.961100622289955,38.78153435183761,39.64654978349119,2145500
2001-04-17,39.712066650390625,39.712066650390625,38.663564214009305,39.15505019978061,2258600
2001-04-18,40.17079162597656,41.763206587235814,39.7776037959635,39.7776037959635,3078200
2001-04-19,39.731754302978516,40.38051483721591,39.02401281127008,40.17081421000497,3551000
2001-04-20,40.432926177978516,42.53648871684956,39.64654786904027,39.731739498297415,7352100
2001-04-23,39.41063690185547,40.157695473018414,39.06332081171112,40.157695473018414,4319900
2001-04-24,39.8431510925293,40.714721233532714,39.31889959785687,39.410643296946006,3094100
2001-04-25,39.541709899902344,39.587581753048205,39.25337218015284,39.587581753048205,3228400
2001-04-26,39.96110534667969,40.10527543560903,39.16817485722458,39.54170417869775,3036600
2001-04-27,40.37394332885742,40.49845223506282,39.86935065661321,39.961094324325344,2141800
2001-04-30,40.49845504760742,42.0450009100656,40.49845504760742,40.49845504760742,3112800
2001-05-01,41.56664276123047,42.2547257115794,41.08826297182468,41.08826297182468,4773800
2001-05-02,41.94014358520508,42.136740008122615,41.448657527565956,41.566614381385534,3346200
2001-05-03,41.94014358520508,42.071204534046956,41.09478696610722,41.94014358520508,2171400
2001-05-04,42.26781463623047,42.595472114030706,41.28484220282976,41.94015715843023,2391200
2001-05-07,42.3923225402832,42.77240138307722,42.10398238398933,42.26781110921887,2149200
2001-05-08,42.35299301147461,42.72652224120324,42.13674293085124,42.39231529857846,2663200
2001-05-09,42.70780563354492,43.04289905057297,42.05076246995192,42.46469785839256,2575400
2001-05-10,43.33199691772461,43.36485108277251,42.81293720242856,42.81293720242856,2441900
2001-05-11,43.37144088745117,43.647397941954154,42.90494062497885,43.33201487049085,1659000
2001-05-14,43.85105895996094,43.857630795136345,43.279434620737256,43.371420261827076,1399700
2001-05-15,43.752498626708984,43.82477377039457,42.99690305464516,43.82477377039457,2684000
2001-05-16,43.85762405395508,43.85762405395508,43.13487769383632,43.75249475867344,3985800
2001-05-17,45.197998046875,45.894462168773245,43.73278964405815,43.85762944433852,6050600
2001-05-18,44.90890121459961,45.27027697569011,44.65922660601819,45.198001823472005,3360700
2001-05-21,45.13229751586914,45.17171850245287,44.59352231024446,44.908900228597545,1554800
2001-05-22,44.67893600463867,45.30312501721389,44.35041441636927,45.132297400559764,2812700
2001-05-23,43.36484146118164,44.44896350027932,43.36484146118164,44.44896350027932,3687500
2001-05-24,42.839202880859375,44.32412150903061,42.083607418449276,43.36483930177463,4253400
2001-05-25,41.61054611206055,42.64210371206948,41.328017341976995,42.64210371206948,3187800
2001-05-29,41.7419548034668,41.985062598551764,41.5251318450424,41.610548165110664,2271400
2001-05-30,41.42656707763672,42.01790687197382,41.26230630214536,41.741947465809666,3197700
2001-05-31,41.32145309448242,41.65654658398565,40.95351044739973,41.426579923137666,2653000
2001-06-01,42.70780563354492,43.08232003627927,41.32801599256793,41.32801599256793,3301500
2001-06-04,43.38454818725586,43.82476579112313,42.642091407024175,42.70779470400075,2465900
2001-06-05,43.97590637207031,44.383275005116765,43.824784213940106,43.824784213940106,3385500
2001-06-06,43.43054962158203,43.535678927895056,43.18087503835046,43.535678927895056,3493500
2001-06-07,43.134891510009766,43.4042766429822,42.7866593803213,43.4042766429822,2176200
2001-06-08,42.43842697143555,43.11518582317306,42.116477138075,43.11518582317306,2250000
2001-06-11,42.37928009033203,42.543540865875954,41.833933112444356,42.43841156336414,1662300
2001-06-12,43.174293518066406,43.45682219935054,42.18215721688166,42.37927211557854,3116800
2001-06-13,43.029754638671875,43.68679779094349,42.97062316113132,43.174304934226264,2164000
2001-06-14,41.76166534423828,43.02975637333614,41.60397387851094,43.02975637333614,3756600
2001-06-15,42.21501922607422,42.38585183587639,41.86678718470747,41.86678718470747,5906700
2001-06-18,42.62895202636719,42.70122716416092,42.320145998242104,42.320145998242104,2425600
2001-06-19,40.60526657104492,42.62895818975749,40.4344364531774,42.62895818975749,4464100
2001-06-20,40.151912689208984,41.29516652013187,39.67227142607226,40.605271621275506,5950700
2001-06-21,37.944244384765625,39.42259156858766,37.254349533599516,39.42259156858766,9721900
2001-06-22,37.45146942138672,38.02966824758506,36.40020110686371,37.944251913773385,6131500
2001-06-25,37.4251823425293,37.96395759872449,37.05066789630632,37.4514646736659,5424700
2001-06-26,37.464599609375,37.99023361259602,36.8272669706079,37.42517611922568,4629500
2001-06-27,37.911407470703125,38.13480234339678,37.372632043575216,37.46461772531581,3117600
2001-06-28,37.6091423034668,38.35817092006242,37.372606423190255,37.91138148096677,4013500
2001-06-29,36.531593322753906,37.7799761457917,36.51845466713574,37.379179476087344,4835800
2001-07-02,37.03095626831055,37.596013838356065,36.99153277281168,36.99153277281168,3333200
2001-07-03,37.011234283447266,37.49087538421539,36.89296634008853,37.03094477186699,2202600
2001-07-05,36.28848648071289,37.26748170456642,36.23592434131164,37.01123532223718,3141600
2001-07-06,35.67744827270508,36.45275951471614,35.329216149341526,36.28849870083958,4111300
2001-07-09,34.711585998535156,35.493466336174414,34.52761223771035,35.493466336174414,5602100
2001-07-10,35.578887939453125,35.88769651874974,34.94812460411336,34.94812460411336,4709600
2001-07-11,34.757591247558594,35.61831635840054,34.757591247558594,35.578895364878775,3300000
2001-07-12,35.80885314941406,35.999396272300565,34.99411850704261,34.99411850704261,3217800
2001-07-13,36.1833610534668,36.27534668068645,35.329205578172434,35.80884671040373,1639000
2001-07-16,36.32133483886719,36.39360996711041,35.53288527437395,36.183356415722876,1950800
2001-07-17,36.991519927978516,37.26747928780525,36.40018273935569,36.40018273935569,3848400
2001-07-18,37.536869049072266,37.84567756916333,36.17021834201135,36.99152213046038,5456400
2001-07-19,37.050655364990234,38.07564337485581,36.59729658511402,37.53686830088575,3427200
2001-07-20,37.31348419189453,37.55002014658498,36.971821424721774,37.05066590747828,1834100
2001-07-23,36.95867919921875,37.61572238498264,36.8272700607818,37.31348312107225,2123900
2001-07-24,36.308204650878906,37.188642603288535,36.26221182926518,36.95867849521993,2178000
2001-07-25,37.234649658203125,37.352917675110575,36.67616375002376,36.67616375002376,1590500
2001-07-26,38.1807746887207,38.22676750490193,37.136076066394835,37.23463102688867,2311300
2001-07-27,38.20048141479492,38.69983552186506,38.07564414123751,38.180770925922765,2612400
2001-07-30,37.714263916015625,38.69982827786531,37.714263916015625,38.52899571821628,2634300
2001-07-31,38.45673751831055,38.627570153126044,37.530306710798456,37.58287136964042,2661300
2001-08-01,38.76553726196289,38.988931983729316,38.45015692060209,38.535573212976935,2175100
2001-08-02,38.64728927612305,39.25833978628097,38.31876760427132,39.094078950355104,2348200
2001-08-03,38.90351867675781,38.92980100049312,38.4764421949506,38.647272286389416,1947300
2001-08-06,38.3713264465332,39.29118548414547,38.33190294958741,38.76555139030688,2732600
2001-08-07,37.77997589111328,37.931095493907286,37.122932832137394,37.740552405263394,4131900
2001-08-08,37.195213317871094,37.89824929154968,37.00467020182942,37.55001722227544,2982800
2001-08-09,37.03095626831055,37.47774585828044,36.715575823582554,37.129511247426244,3755500
2001-08-10,37.3529052734375,37.40546993302052,36.866694704399194,37.12951048305152,2330500
2001-08-13,37.090087890625,37.609152602663414,36.89297543855571,37.155791205841155,1641800
2001-08-14,36.722137451171875,37.254343249891924,36.69585512635153,37.09008247939541,2119000
2001-08-15,35.8785514831543,36.97257043043222,35.84559960500867,36.61009474269605,3336500
2001-08-16,36.33329772949219,36.33329772949219,35.4501737759594,35.65447693891211,2962100
2001-08-17,35.588584899902344,36.24763276841905,35.193157184419555,36.24763276841905,2413700
2001-08-20,35.15360641479492,35.45676777063405,34.79772003320937,35.423815886576335,3248000
2001-08-21,34.23094177246094,35.13383906715293,34.23094177246094,35.10747655181859,3330300
2001-08-22,34.46819305419922,34.66590685477205,34.12548795997487,34.23093548788487,4197800
2001-08-23,34.38252258300781,34.60000956416369,34.270485663552606,34.33638943804769,1604200
2001-08-24,35.34474182128906,35.555636961531334,34.46820685197657,34.49456937302394,2351900
2001-08-27,34.96907043457031,35.52925995099539,34.93611603966631,35.52925995099539,1694300
2001-08-28,34.03981018066406,35.06792284684132,33.97390391099429,34.929523451635475,4484400
2001-08-29,33.41372299194336,34.2704846042357,33.28850230457836,34.13867454525201,3541600
2001-08-30,33.281917572021484,33.71029969491237,33.0644305672734,33.41372764937776,2545200
2001-08-31,33.74325180053711,33.74325180053711,33.12374518723936,33.281917783887415,1939700
2001-09-04,32.91944122314453,34.25071820661586,32.58991729201009,32.78763114787714,3245700
2001-09-05,33.35442352294922,33.7762138892666,32.88649999244518,33.08421391239784,3355600
2001-09-06,32.18789291381836,33.24896021675186,31.930864687953516,33.01829199077153,3942700
2001-09-07,29.775779724121094,31.63429431393962,29.518751485071185,31.502484251484635,8116200
2001-09-10,28.6422119140625,30.28324176319791,28.6422119140625,29.591242193684874,6618500
2001-09-17,23.593917846679688,25.505158048215808,23.363252052800906,23.495062155332466,21271400
2001-09-18,21.840837478637695,23.831161570316187,21.089523602547676,23.593904027536787,16794700
2001-09-19,21.491544723510742,22.282402423058702,21.043392110902474,21.089525246253267,15145000
2001-09-20,19.613256454467773,21.24769543511523,19.606665827715275,21.109293530346285,12043800
2001-09-21,19.83734130859375,19.969150129504122,18.189721619458624,18.618102487226942,13526500
2001-09-24,21.616762161254883,22.005600370713925,19.830743654276596,19.830743654276596,14101600
2001-09-25,22.6251163482666,22.723972028034975,21.59040879873254,21.913343386406478,10210700
2001-09-26,22.598751068115234,22.83600869309303,21.9792444886581,22.770102400561424,6368500
2001-09-27,22.671247482299805,22.79646567114715,21.15543538684921,22.341723550952818,9015900
2001-09-28,22.078092575073242,22.677825735505095,21.682665056967327,22.677825735505095,6780600
2001-10-01,21.3531494140625,22.572386820645423,21.122481178987485,22.078100977857567,6921500
2001-10-02,22.572385787963867,22.723966471129224,21.834253000442395,22.064918710896702,7077800
2001-10-03,24.114553451538086,24.727467963032616,22.671240012829788,22.743733142024702,8582000
2001-10-04,23.97615623474121,24.305680087555977,23.231431623440947,24.114555649547217,6461800
2001-10-05,23.89708137512207,24.411140567739707,23.033730031822767,24.055254014558763,3972600
2001-10-08,24.134326934814453,24.806555914589083,23.68617428163137,23.8575280976489,5169600
2001-10-09,23.72572135925293,24.36499854482342,23.475282485410695,24.318865398861412,3430100
2001-10-10,23.567546844482422,24.114557693266736,23.330291762165,23.758671298689066,4520000
2001-10-11,23.84434700012207,24.180460235211733,23.653222555626204,23.65981444078403,5386900
2001-10-12,23.65981101989746,23.732304147679052,23.000763387187973,23.732304147679052,5105700
2001-10-15,23.244606018066406,23.560948521704784,22.92167163143969,23.462090389413593,4322600
2001-10-16,23.1457576751709,23.429148425926655,22.98758761348775,23.244615849273718,3418500
2001-10-17,22.209911346435547,23.363244995585056,22.08469065552447,23.26438682003082,4089900
2001-10-18,21.656312942504883,22.460352131033133,21.42564468454826,22.374675205845357,5471800
2001-10-19,22.04514503479004,22.24285883271179,21.6167630442368,21.985830644006782,3233100
2001-10-22,22.209911346435547,22.803052857557446,22.10446379907602,22.27581512075981,3398700
2001-10-23,22.335128784179688,22.770100216902435,22.275814383623505,22.42080569922034,3913300
2001-10-24,22.565797805786133,23.040310512800293,22.40103585558464,22.836007303553863,3792900
2001-10-25,23.65981101989746,23.692762898719494,22.16377259195886,22.47352326976662,5211400
2001-10-26,24.832921981811523,25.109720858601605,23.758673334599727,23.791625222684083,11519900
2001-10-29,22.242860794067383,23.659814413242405,22.078098862259477,23.646633157009667,10025200
2001-10-30,21.76834487915039,22.532840115948765,21.76834487915039,22.176956266144376,5458600
2001-10-31,21.484952926635742,22.111048712751344,21.36632414551627,21.781524879434432,4590700
2001-11-01,21.87379264831543,22.078098344025943,21.293832472093502,21.419050632263975,4550500
2001-11-02,22.638290405273438,22.77010046506458,21.886976332752035,22.07151142208675,4565100
2001-11-05,23.09962272644043,23.409375967967726,22.8030507413683,23.06667084233633,4373700
2001-11-06,23.409385681152344,23.554377048252345,22.605346302243106,23.000776617769837,3370700
2001-11-07,22.99417495727539,23.40937573219458,22.91508993340855,23.218251286621097,2988900
2001-11-08,23.000768661499023,23.560958272132403,22.80305231509404,23.066672434255498,2847200
2001-11-09,21.906749725341797,23.211664052592315,21.616767087685364,23.158939022448305,13761900
2001-11-12,21.788114547729492,21.933103310075147,20.812723144980957,21.748570786689548,6359200
2001-11-13,22.150592803955078,22.381258485046263,21.880383357219387,22.374669114472532,3117800
2001-11-14,22.5877742767334,22.68713500281348,22.28307175613189,22.488416077501547,3694600
2001-11-15,22.680517196655273,22.885859037015884,22.5745335777066,22.58777931908249,2919500
2001-11-16,23.177316665649414,23.190562407471862,22.918979216831822,23.05145937669623,3909700
2001-11-19,23.25017547607422,23.48201635886099,22.985217715980355,23.1905595378546,3807800
2001-11-20,23.164066314697266,23.316417600448954,23.091202106979356,23.316417600448954,3457000
2001-11-21,22.985227584838867,23.16407547628724,22.74676372957437,23.16407547628724,1957800
2001-11-23,23.60124397277832,23.614492237417586,23.11769368426166,23.24354840806251,1168100
2001-11-26,23.773466110229492,23.94569102188678,23.581370065245626,23.84633030155772,3381500
2001-11-27,23.515132904052734,24.011931486532724,23.28329457630138,23.945692686274693,3347500
2001-11-28,22.634136199951172,23.276663004751146,22.48841037267565,23.276663004751146,3843000
2001-11-29,23.283294677734375,23.31641407800767,22.726880161858855,22.985215021578156,3437100
2001-11-30,23.25017547607422,23.25017547607422,22.918976380820464,23.15081726360723,3630700
2001-12-03,23.183935165405273,23.250173969424214,22.541408153658267,23.250173969424214,3092700
2001-12-04,23.435638427734375,23.44226129492664,23.051446432548953,23.190549385213693,3200400
2001-12-05,23.773466110229492,23.992058684214182,23.468763607264236,23.51513126959164,4650500
2001-12-06,24.58159637451172,24.641212310598306,23.88607880473383,23.965565877233125,6270700
2001-12-07,24.707448959350586,24.87304848659402,24.24376977769932,24.77369028635691,4499800
2001-12-10,24.44249153137207,25.363224509831888,24.316634271942007,24.72069752766283,3852900
2001-12-11,24.555095672607422,24.939287757017496,24.276889702667475,24.641208127190378,2886500
2001-12-12,24.37624740600586,24.70744642654085,24.283512084551738,24.70744642654085,3972100
2001-12-13,24.50872039794922,25.038638171454345,23.846322549355996,24.1444020865924,2712800
2001-12-14,24.8730411529541,24.93928246042965,24.38949097919641,24.608083503594447,2517000
2001-12-17,24.54847526550293,24.952535996621727,24.5021075991967,24.740568800122315,2757400
2001-12-18,24.674341201782227,24.793573119804567,24.025191051910294,24.24378121705162,3166000
2001-12-19,24.84654426574707,25.09163330954265,24.0516688024724,24.07816279822674,4767700
2001-12-20,25.26386833190918,25.88652429130613,24.813437329010906,25.071772236910174,4437900
2001-12-21,25.595064163208008,25.96600803761987,25.270490484089994,25.43609002192322,6929100
2001-12-24,25.4493350982666,25.767288426249056,25.356599763791866,25.528824693686392,1245800
2001-12-26,25.568574905395508,25.73417449034457,25.277120545550847,25.469216670535552,1921200
2001-12-27,25.628185272216797,25.72754601227343,25.535449929149856,25.65468180647838,2171900
2001-12-28,25.899763107299805,25.91301137170727,25.628180004066923,25.787156650108447,2348000
2001-12-31,25.687807083129883,26.111741620832518,25.687807083129883,25.959390304273708,2308900
2002-01-02,25.23735809326172,25.61492468085882,25.07175862407536,25.52881477621202,3545800
2002-01-03,25.66792106628418,25.8335205570344,25.383089740045985,25.43608278997295,3491900
2002-01-04,26.73439598083496,26.76089251946558,26.11173995726045,26.264093790962004,4081100
2002-01-07,27.1583251953125,27.747859167207668,27.10533212838558,27.1583251953125,6111900
2002-01-08,26.714527130126953,27.622012177794343,26.509182728412036,27.46966085788297,4211000
2002-01-09,26.429689407348633,27.085462215687915,26.164729114437662,26.754263112973515,4574400
2002-01-10,26.38994026184082,26.661523380292856,26.250837268039383,26.562162655092852,2722800
2002-01-11,25.628185272216797,26.46280841351646,25.568569333552535,26.389944207721406,3433400
2002-01-14,25.336729049682617,25.63480872034268,25.21749718141859,25.628183323856682,2721400
2002-01-15,26.06536865234375,26.158106524650915,25.455963509702855,25.568569992945722,3246500
2002-01-16,25.184377670288086,25.899766349920604,25.184377670288086,25.601689207401943,3783300
2002-01-17,25.389724731445312,25.61493769821717,24.9392937442043,25.535450620130124,3092700
2002-01-18,25.932889938354492,26.244215366865784,25.191002152256516,25.389723629119377,2805300
2002-01-22,26.35020637512207,26.44956714145647,26.012384317913767,26.297215819433177,2796100
2002-01-23,26.05213165283203,27.045729305003817,25.171140521685288,26.53568220700036,8882200
2002-01-24,26.49591827392578,26.661517763137816,26.098480510555962,26.230958080447454,5671700
2002-01-25,26.813879013061523,26.813879013061523,26.323705756801058,26.515799315687662,3090800
2002-01-28,27.092084884643555,27.158323687776832,26.721141017291433,26.972853017524955,2010200
2002-01-29,26.64828109741211,27.350424146890543,26.555545747393,27.270934538146648,2640900
2002-01-30,26.49591827392578,26.7873724652738,25.86663970955051,26.39655756965949,3244300
2002-01-31,27.125205993652344,27.125205993652344,26.409814745909244,26.529046620533094,4390700
2002-02-01,27.463035583496094,27.58889288992438,27.092094116589724,27.158332942294653,4728700
2002-02-04,27.224571228027344,27.694875977861543,27.02585222800472,27.52265099148587,4489400
2002-02-05,27.092084884643555,27.482899887565985,26.8271246184137,27.058962956228545,3253200
2002-02-06,27.258378982543945,27.604264041283628,26.979011745136187,27.092088235307298,3395100
2002-02-07,27.311588287353516,27.577651912251078,27.24507047808289,27.384754071458737,2139500
2002-02-08,27.737295150756836,27.870328246453045,27.145300539173714,27.304938224092965,2557500
2002-02-11,28.601999282836914,28.73503234511973,27.750591744058276,27.87032124637335,3976900
2002-02-12,28.7017822265625,28.83481278627133,28.3425936256,28.43571603235429,4444100
2002-02-13,29.865814208984375,29.925678969443705,28.947888727739688,29.001100438484087,5587900
2002-02-14,29.779340744018555,29.799294817314333,29.267165051136285,29.732779548065153,3145300
2002-02-15,29.865814208984375,29.938979994083546,29.50662564622841,29.779342324455346,3735900
2002-02-19,29.074262619018555,29.353632287943366,28.868063794525533,29.33367568040943,5718300
2002-02-20,28.808202743530273,29.233906543763766,28.302677577706902,29.134131105473816,5053200
2002-02-21,29.406862258911133,29.99885705655633,28.7350485937195,28.768306243747514,5014600
2002-02-22,29.772693634033203,29.97889506967273,28.848117505092937,29.180698992475502,4148600
2002-02-25,29.892423629760742,29.93233432231952,29.20065605384321,29.766043576084414,3310500
2002-02-26,30.03211212158203,30.238311039023216,29.43346437360138,29.759395378034316,3880300
2002-02-27,30.530975341796875,31.17618157055211,30.211694945994346,30.364684631955704,4545300
2002-02-28,30.57088851928711,31.575285992962925,30.530980366290247,30.604146159249595,4099400
2002-03-01,31.821401596069336,31.821401596069336,30.930082974449583,30.963340620706397,3936800
2002-03-04,32.6794548034668,32.95217149778065,31.861304720525247,31.927819997228077,3743600
2002-03-05,32.067501068115234,32.65949561115942,31.535371284333657,32.65949561115942,3606200
2002-03-06,33.16501998901367,33.16501998901367,31.754875462500195,32.074153324877116,3690700
2002-03-07,32.247093200683594,33.25814099130669,31.595233941741355,33.12510791986251,3859100
2002-03-08,32.85906219482422,33.184990732953906,32.546434687421474,32.925577498043616,4340100
2002-03-11,33.84348678588867,33.96986681492511,32.62623754282089,32.85904606459739,4624300
2002-03-12,33.444393157958984,33.57742625879496,32.892309214973416,33.178329493682384,4091100
2002-03-13,32.739322662353516,33.42443971925937,32.52647071190906,33.37787851368686,3415300
2002-03-14,31.668399810791016,32.74596278517222,31.488805558828386,32.74596278517222,5426700
2002-03-15,31.914520263671875,31.92117331457752,30.870214562286478,31.71497187222542,6360100
2002-03-18,31.681711196899414,32.22049154848625,31.10967066875937,32.10741506787008,3092900
2002-03-19,31.954421997070312,32.09410557817676,31.408988695935367,31.68170534650284,2768800
2002-03-20,31.28261947631836,31.69502242122628,31.196150101085653,31.66176223663357,2393600
2002-03-21,31.70830726623535,31.82803676495071,30.82364212283248,31.083055190917577,2708200
2002-03-22,30.856897354125977,31.42893768409471,30.677303120015257,31.26264700851749,2989000
2002-03-25,30.411243438720703,31.156225049815482,30.098616116811833,30.730521272047035,2528900
2002-03-26,30.45781898498535,31.029859657475978,30.29152820983788,30.497727147087392,2276100
2002-03-27,31.48215675354004,31.768174425059218,30.630746638389333,30.630746638389333,4907800
2002-03-28,32.09409713745117,32.406724387854624,31.59522516122136,31.64178634267795,4088900
2002-04-01,31.874608993530273,32.426695488515314,31.794790145875417,32.09411399632541,2996800
2002-04-02,32.652854919433594,32.95882931995651,31.67506440320197,31.874612814960578,3427600
2002-04-03,32.41339111328125,33.158372926674716,32.300314626715924,32.360179395307966,4754600
2002-04-04,32.64619827270508,32.925565489209255,32.30031323984616,32.41338972155635,2660000
2002-04-05,32.12071228027344,33.04528816799716,31.528717793163697,32.89230102820209,2654500
2002-04-08,32.59297180175781,32.672790614067225,31.655092510590755,31.861293857900556,2403200
2002-04-09,32.306968688964844,32.68611141923272,32.127374363459694,32.592988999503156,2183600
2002-04-10,32.978782653808594,33.07855558105624,32.187237062375054,32.30696660498861,3434200
2002-04-11,32.47325134277344,33.29140137424038,32.32691469835992,33.12511065555047,3757500
2002-04-12,32.29365921020508,32.785880886722516,32.08080727911515,32.75927376098748,2058800
2002-04-15,31.695011138916016,32.22714091683402,31.61518976918212,32.06085020264746,2017800
2002-04-16,32.3934440612793,32.57968892066916,32.054209453223876,32.22715328328238,2105400
2002-04-17,30.17844581604004,31.63515446869392,29.93233620658995,31.628501417484266,10684800
2002-04-18,29.067625045776367,30.185099144061823,27.930196868470116,30.185099144061823,16723200
2002-04-19,28.435714721679688,29.466716736273252,28.429064208958895,29.307079057022655,8358500
2002-04-22,28.695125579833984,28.854765783830562,28.20290648085155,28.46897010431923,4359100
2002-04-23,28.269432067871094,29.114189518857337,27.936850514131432,28.728393698569306,5398100
2002-04-24,28.20290756225586,28.754991441731587,28.169647387826487,28.53548900738909,3312500
2002-04-25,27.87034797668457,28.602026714897548,27.271699890948824,28.103154155916776,4308800
2002-04-26,27.610912322998047,28.242817618901068,27.47122871558444,27.936843277691683,2785300
2002-04-29,29.021059036254883,29.260518094479284,28.66852096169332,29.067620237865718,6451500
2002-04-30,29.66626739501953,30.41790226027218,28.921285580396624,29.13413752743174,5521100
2002-05-01,30.264904022216797,30.264904022216797,29.1540834881419,29.865807401716765,4288900
2002-05-02,29.845863342285156,30.264916746164324,29.586450176158454,30.25826623256424,2616800
2002-05-03,29.68623161315918,29.99885656315592,29.167402639150534,29.712836210306385,2119400
2002-05-06,28.854761123657227,30.072007650134875,28.821503493269393,29.932324080069243,2519200
2002-05-07,28.695125579833984,29.16739060483996,28.46897010431923,29.00109988864955,3633700
2002-05-08,29.53989028930664,29.75939530885448,28.801558914312068,28.801558914312068,2822100
2002-05-09,29.91901206970215,30.091955758701594,29.599734340849906,29.666249582838102,2411800
2002-05-10,29.021059036254883,29.766040799423433,28.967844784473822,29.533234791369257,4264800
2002-05-13,29.453413009643555,29.679568501820196,29.10752798999721,29.200652929336538,2412200
2002-05-14,30.251619338989258,30.424563176538413,29.692882199223398,30.31813717550663,3432200
2002-05-15,29.744190216064453,30.298348078362125,29.717483260719046,30.298348078362125,2210200
2002-05-16,30.044633865356445,30.164812604571082,29.724158076422462,29.944484067039188,2272100
2002-05-17,30.32505989074707,30.451916686152494,29.91111216948847,30.198205642257708,2418300
2002-05-20,30.13142967224121,30.732320811125028,29.957837031048125,30.471934396250525,2440400
2002-05-21,29.61065673828125,30.545379760652036,29.45042010679304,30.138107623003556,2608300
2002-05-22,29.650724411010742,29.770903187435035,28.90294733863868,29.54389911495759,2441000
2002-05-23,29.477130889892578,29.710810402380993,28.969708881466783,29.26348032221298,2628800
2002-05-24,28.943004608154297,29.376983796643806,28.742707500742178,29.376983796643806,2198100
2002-05-28,28.70931053161621,28.942989947410034,28.542395935502164,28.942989947410034,2429500
2002-05-29,28.70931053161621,29.043139723844305,28.47563111582239,28.509013525662276,2925800
2002-05-30,29.149980545043945,29.503838862941233,28.348789546052306,28.442261362333404,3062000
2002-05-31,28.475635528564453,29.4370628342802,28.47563552856445,29.25679473691193,2598400
2002-06-03,27.948183059692383,29.290175420437656,27.928154121251588,28.976377681567485,2926500
2002-06-04,27.94150733947754,28.3087215537607,27.674445466353045,27.954860815171024,2779900
2002-06-05,28.402202606201172,28.569117286472334,27.954869938678183,28.108431138897746,1642100
2002-06-06,28.014957427978516,28.555761872317724,27.988250469684196,28.402200682498975,1764200
2002-06-07,28.54909324645996,28.87624722584695,27.87475888275399,28.01496663952703,2987600
2002-06-10,28.655902862548828,29.043146032163623,28.595816039934636,28.675934350335393,1850700
2002-06-11,28.37549591064453,29.243451746763416,28.24196365579949,28.776090128263732,1819500
2002-06-12,29.26348114013672,29.370306426962323,28.442258723202475,28.455612202420145,2183000
2002-06-13,28.37549591064453,29.210069319781137,28.302053043133963,28.909622383108776,2378900
2002-06-14,28.39552116394043,28.709321539971715,27.894777183592083,28.542406879855598,2537600
2002-06-17,29.37697410583496,29.6106535629108,28.402193303582777,28.402193303582777,3068400
2002-06-18,29.2300968170166,29.563926164116072,28.976388347000377,29.343600119426632,1984200
2002-06-19,28.796106338500977,29.443733228361275,28.776074855410545,29.023110287180806,1965500
2002-06-20,29.223403930664062,29.70411871894656,28.72266020850789,28.796103028597077,2671600
2002-06-21,28.68930435180664,29.190048537345273,28.53574310720479,28.729362256623087,3668300
2002-06-24,28.535715103149414,29.156634940702766,27.721171212361064,28.655891246578285,3751900
2002-06-25,28.622528076171875,29.4571014605114,28.589145650181464,28.90962152413794,3939000
2002-06-26,28.522377014160156,28.776085455560672,27.954865659951043,27.954865659951043,3375300
2002-06-27,29.911100387573242,29.96451429026561,28.682608641714506,28.70931559306069,3375500
2002-06-28,30.044633865356445,30.104723234963764,29.44374016928325,29.610654801868563,5541300
2002-07-01,29.77757453918457,30.231582621399852,29.75087012904855,30.02461007153874,3513300
2002-07-02,29.737518310546875,29.897754967970258,29.283510202987703,29.644046502563942,2878200
2002-07-03,29.223403930664062,29.677411775838802,28.822807424790557,29.470436787125113,3033300
2002-07-05,30.044633865356445,30.17816608080773,29.41035775214922,29.510507550466475,1805700
2002-07-08,29.44373893737793,30.10472197540338,29.29017778745415,29.85768904264905,2690300
2002-07-09,28.856204986572266,29.837661378968555,28.76940865700137,29.37030240493003,2634600
2002-07-10,27.240463256835938,29.176673709965442,27.013459290240856,29.05649498959659,6568600
2002-07-11,27.48750877380371,27.687808430935615,26.405902341104767,27.240475756101226,5696900
2002-07-12,26.806501388549805,27.70116426740054,26.1254891183575,27.53424957020388,3227900
2002-07-15,26.54610252380371,26.619545370970336,24.836898285374147,26.6061918944932,5209100
2002-07-16,27.287206649780273,27.908129360201297,26.739726793890945,26.739726793890945,5454200
2002-07-17,28.669261932373047,28.836176597308203,28.141813526833854,28.322079123678037,6341000
2002-07-18,27.567626953125,28.77608750955515,27.52756651624233,28.769412043532547,3626200
2002-07-19,26.652915954589844,27.373988082701725,26.412561125466638,27.30054526814432,4261500
2002-07-22,25.724885940551758,26.806494744069187,25.09061228595372,26.572812697766548,5745600
2002-07-23,25.938535690307617,26.639579260517646,25.437791738394996,25.67147377743682,5608500
2002-07-24,27.500850677490234,27.621029402413328,24.770127511253055,25.037191910396565,5581600
2002-07-25,28.669261932373047,28.669261932373047,26.913321491034466,27.374005049365863,5145300
2002-07-26,28.041667938232422,28.382172785410756,26.79982223631842,28.375497318449476,3402100
2002-07-29,28.061691284179688,28.702645501901284,27.574300791988694,28.669260533011258,5596700
2002-07-30,27.807981491088867,28.041660980493482,27.106937929044197,28.034985515188527,5213200
2002-07-31,27.721187591552734,27.814659395511292,26.94002564277005,27.814659395511292,4392400
2002-08-01,27.126970291137695,27.64106773127558,26.940024146686785,27.37400326601171,3374200
2002-08-02,26.60619354248047,27.280530138310393,26.10544960469038,27.12696896968461,2937200
2002-08-05,25.778295516967773,26.886608543340483,25.724881613569046,26.472660979660702,3146300
2002-08-06,26.312427520751953,27.100264938275867,26.045363039690557,26.045363039690557,3076200
2002-08-07,27.440773010253906,27.46080450422173,26.506052308704486,26.606199590879807,3484100
2002-08-08,27.70783042907715,27.774595266766635,26.873257223382055,27.37400114679911,3806300
2002-08-09,27.374004364013672,27.80798350074598,26.980085662752458,27.440769209549902,3368000
2002-08-12,27.0401668548584,27.140316639753433,26.405890826657764,26.806487419323084,2871100
2002-08-13,24.85692596435547,26.646250970782877,24.770129645119376,26.63957550634091,9662900
2002-08-14,24.380714416503906,24.709368927859984,22.871591727649097,24.702662841692774,12130700
2002-08-15,25.145347595214844,25.45387883967166,23.743539700896715,24.14597153639698,7617800
2002-08-16,25.152040481567383,25.72215237571043,24.809973856801125,25.45386547906576,4675000
2002-08-19,25.822765350341797,25.863009542113023,25.091679164053126,25.158750258406922,3631600
2002-08-20,25.40691566467285,25.869712296753505,25.306306477499795,25.869712296753505,2990800
2002-08-21,25.198989868164062,25.775810385675257,24.756314073566735,25.48740012691966,2997600
2002-08-22,25.822765350341797,25.923374550470736,24.991069963924186,25.21911526676464,2858800
2002-08-23,24.903879165649414,25.822766504061736,24.749613594864744,25.822766504061736,3601900
2002-08-26,24.742904663085938,24.997779435539428,24.045354000896555,24.90387887689823,3026100
2002-08-27,24.836803436279297,25.279479294192466,24.541687050536563,24.883753712224774,2878600
2002-08-28,25.172161102294922,25.386791641404983,24.414248130449074,24.836800565110718,4135700
2002-08-29,24.930709838867188,25.35326498013915,24.367306395302897,24.635593383867025,3628200
2002-08-30,24.86362648010254,25.286181413165295,24.615460434347103,24.76972595244359,2162000
2002-09-03,23.783777236938477,24.71607945623986,23.629511641383456,24.68254390217986,3566600
2002-09-04,24.716075897216797,24.856929297744465,23.64292297023418,23.810603274987614,2867600
2002-09-05,24.16608428955078,24.78314913097497,24.145963472075525,24.447788527196142,2970800
2002-09-06,24.957536697387695,25.25265568014841,24.50815469523621,24.534984158868728,2403500
2002-09-09,25.05144691467285,25.32644262637509,24.481334665089996,24.95754631437445,3198600
2002-09-10,24.937406539916992,25.339838109300402,24.514851601046146,25.01789234207417,2616900
2002-09-11,24.87034034729004,25.353257813640724,24.763022511880976,25.105091715752316,2469500
2002-09-12,24.447782516479492,24.890458302287616,24.380708877055397,24.736192769508786,2923100
2002-09-13,23.864259719848633,24.25998274167525,23.481946310843316,24.058766908608014,3580800
2002-09-16,24.970945358276367,25.091675356672376,24.078887657459052,24.078887657459052,3316600
2002-09-17,24.340473175048828,25.212410230958827,24.19291369100618,25.08497412293913,3776900
2002-09-18,24.66242027282715,24.917295060134975,24.1526706982115,24.206329625475664,3420600
2002-09-19,23.824016571044922,24.61546776648547,23.7770662932305,24.145962429743037,3112500
2002-09-20,24.46790885925293,24.649003888732555,23.91121159849553,24.078891897058337,5104100
2002-09-23,23.743539810180664,24.145971647533194,23.381349621403853,24.078900527507514,3628200
2002-09-24,23.44841194152832,23.944746742687357,23.240490012319725,23.555727228454835,3722200
2002-09-25,23.750232696533203,23.810597694440485,23.13987663262526,23.542308246275276,3647900
2002-09-26,24.51485824584961,24.54168770670669,23.85084572052525,24.018526012984683,2328300
2002-09-27,23.274038314819336,24.347191772214025,23.247208838734554,24.347191772214025,3487900
2002-09-30,22.8917179107666,23.35451467101032,22.267946918186716,23.07281296267031,4105800
2002-10-01,24.145967483520508,24.159382216932094,22.972205175293816,23.019155462934982,3378800
2002-10-02,23.059391021728516,23.810597901073294,22.89171075481955,23.810597901073294,2978900
2002-10-03,23.012441635131836,23.676454084768068,22.931953261735142,23.32767880917616,3657400
2002-10-04,21.46977996826172,23.019146535318914,21.42953834223282,23.019146535318914,7794400
2002-10-07,21.71795654296875,22.066731928129435,21.214914285598947,21.61064123665767,4367100
2002-10-08,21.46977996826172,22.140501027119722,20.913082819880422,22.13379494231417,4257500
2002-10-09,20.416749954223633,21.295394207412382,20.088096779814087,21.06064157446301,6319100
2002-10-10,21.027111053466797,21.26186374247377,20.108222395113522,20.322852986445874,4591300
2002-10-11,21.463085174560547,21.899055115608462,21.0204091451792,21.295404821634293,4083100
2002-10-14,20.832599639892578,21.027109397531433,20.28931583845506,20.32285138597252,5326300
2002-10-15,21.563684463500977,21.738070824324907,20.88625471732804,21.147836817161892,4714700
2002-10-16,20.45699691772461,21.81185406979916,20.30273134636046,21.570394024673227,7308000
2002-10-17,20.108224868774414,20.79236092228133,19.75944947530429,20.624680592262933,8574700
2002-10-18,19.45091438293457,19.75273942818252,19.135675886241593,19.242991173596614,7007700
2002-10-21,20.36309814453125,20.45699871285382,19.169213824675968,19.450916808942978,6035500
2002-10-22,20.215538024902344,20.309439869636684,19.819812385855546,20.108222727462458,4045700
2002-10-23,20.591140747070312,20.597846833090127,20.021027487951592,20.101513313180632,3355100
2002-10-24,20.08810043334961,20.926501932582912,19.920420133502947,20.705163987957288,4167500
2002-10-25,20.336267471313477,20.356389568743783,19.685668339324213,20.11492951677699,3339500
2002-10-28,19.437501907348633,20.65821440211459,19.249700772338045,20.40334088490053,5213700
2002-10-29,19.920419692993164,20.054563162324616,19.142383221253684,19.383841977769954,4097200
2002-10-30,20.255781173706055,20.383217283265516,19.585059959732995,19.967370847009768,3086400
2002-10-31,19.95395851135254,20.4704142151488,19.81981374073295,20.38992709691718,2913300
2002-11-01,20.389930725097656,20.55761107855948,19.82652463512197,19.98079153257452,2946900
2002-11-04,19.90029525756836,20.6984537315662,19.873465799276474,20.3966287222774,4926600
2002-11-05,21.14113426208496,21.449665425284145,20.034444447328138,20.034444447328138,4752200
2002-11-06,22.52281379699707,23.092925658714016,21.469779408151904,21.489902779239156,8653700
2002-11-07,21.65758514404297,22.737446534938215,21.536855140179032,22.656958159963608,4378800
2002-11-08,22.254531860351562,22.536233564574413,21.798441193763395,22.033192613949105,4248000
2002-11-11,20.946622848510742,22.274650522521984,20.792357278956732,22.254529705197044,3693400
2002-11-12,21.23504066467285,21.530157176852153,20.960044976919637,21.328941256793573,4739000
2002-11-13,21.187828063964844,21.76101908538923,20.816940436916653,21.329439282443285,3404900
2002-11-14,21.140626907348633,21.84868694486506,20.816942980246854,21.646382239566666,3147700
2002-11-15,21.241777420043945,21.578948490203373,20.93158065287594,21.14062635623723,2646500
2002-11-18,20.85065460205078,21.430589131149997,20.837167453419337,21.268747206188532,3393400
2002-11-19,21.17433738708496,21.342922877883737,20.64835147896413,20.918088007001124,3520400
2002-11-20,21.396879196166992,21.74753747342005,21.039478628302632,21.039478628302632,3409500
2002-11-21,21.875661849975586,22.26678159305944,21.592439337324432,21.713821149149656,5260700
2002-11-22,22.927635192871094,23.21760254963267,22.118424024522778,22.14539833036371,5483700
2002-11-25,22.58371925354004,23.055756690540257,22.38815941683361,22.624178135333715,3172200
2002-11-26,22.705101013183594,22.961351773679088,22.428620809526567,22.72533302875652,3167200
2002-11-27,23.61545753479004,23.696377855838083,22.82647604423709,22.92762837485511,3806800
2002-11-29,22.961341857910156,23.622196630717085,22.792756377936644,23.622196630717085,2437900
2002-12-02,22.995067596435547,23.521056252649196,22.725332264511067,23.332238690649625,2643600
2002-12-03,23.089479446411133,23.264807297078782,22.79951207720535,23.096221736955023,2869600
2002-12-04,22.880422592163086,23.18387698444848,22.630916790688598,22.772527982951654,2678800
2002-12-05,22.2263240814209,22.7657974673948,21.868923445540442,22.759055175500386,3864400
2002-12-06,22.52303123474121,22.759049983382084,21.734049497663356,21.84868901301137,3733700
2002-12-09,21.84868812561035,22.421877961835605,21.78799722522322,22.003786521619407,2949700
2002-12-10,21.747535705566406,21.98355444394911,21.57895015746124,21.814968895843943,3097300
2002-12-11,21.93634796142578,22.010526004929947,21.410361940084975,21.612664058107516,3299700
2002-12-12,21.612668991088867,21.916123523590123,21.444083425522788,21.578952392457968,2645400
2002-12-13,21.17433738708496,21.61265940592073,21.17433738708496,21.61265940592073,2273900
2002-12-16,21.524999618530273,21.64638011462378,21.073190365642674,21.086677516166,3094800
2002-12-17,21.477798461914062,22.07796387035363,21.471054885841077,21.619410987035533,2125900
2002-12-18,21.592432022094727,21.916115886498343,21.187826548487536,21.42384651527551,2176300
2002-12-19,21.747535705566406,21.9026341011338,21.396877456818302,21.396877456818302,2723700
2002-12-20,22.057729721069336,22.212828097119942,21.77450727064935,22.199340946279325,4569300
2002-12-23,22.111675262451172,22.219569881824086,21.848682288505362,22.057726666559397,2203300
2002-12-24,22.01727294921875,22.32072486875115,21.936350036426287,22.185858492252855,1085000
2002-12-26,22.003787994384766,22.44210890659742,21.92960993645654,22.15214153782972,1450000
2002-12-27,21.801481246948242,22.313980109187796,21.673354602080135,22.185856036730645,1662600
2002-12-30,22.18585205078125,22.253285219451755,21.801477330056287,21.801477330056287,2245100
2002-12-31,22.246549606323242,22.34095709975183,21.8958913647233,22.03075774252913,2092400
2003-01-02,22.846710205078125,22.87368193302674,22.25328845922378,22.25328845922378,2122500
2003-01-03,23.049015045166016,23.22434287346417,22.853455202994525,22.995066438052014,2303000
2003-01-06,23.01529884338379,23.30526618052555,22.900659337522264,22.961350235352196,2234100
2003-01-07,22.455585479736328,23.015290509544354,22.273512852175053,23.008545649777112,2969700
2003-01-08,22.590465545654297,22.590465545654297,22.273523862588345,22.50280033221682,3059200
2003-01-09,22.860198974609375,22.961348749506307,22.502795900555945,22.759046627301394,3166100
2003-01-10,22.826486587524414,22.995072168148408,22.54326404683377,22.866948052942426,3081100
2003-01-13,23.12993049621582,23.325490297066743,22.75904290411241,23.028780737866143,3040900
2003-01-14,23.028783798217773,23.089474690257195,22.806249669936243,23.028783798217773,1863500
2003-01-15,22.489309310913086,23.190625752983586,22.421876125964854,22.96134932278404,2209700
2003-01-16,22.563486099243164,23.08947468766269,22.442104315177964,22.79276251665399,2399800
2003-01-17,22.44886016845703,22.74556991233379,22.27352969566586,22.489319068014815,2034900
2003-01-21,21.84868812561035,22.462339419564138,21.76102292007086,22.44885226698796,2463800
2003-01-22,21.430591583251953,22.050986343026178,21.417104433077302,21.612662965788022,3308700
2003-01-23,21.477798461914062,21.761022225951383,21.43059471560878,21.44408058154913,2429400
2003-01-24,20.911344528198242,21.47779188275661,20.904600954190972,21.309206391190553,2470100
2003-01-27,20.648359298706055,21.07319433047798,20.63487214564518,20.91135235236459,2386400
2003-01-28,21.20806121826172,21.27549440457159,20.62812655531662,20.72927762098701,2411600
2003-01-29,20.641613006591797,21.21480278800813,20.567434960721457,21.21480278800813,2791500
2003-01-30,20.67533302307129,21.10691164607838,20.365136209336377,20.41233996045206,3790800
2003-01-31,21.302461624145508,21.727297759374082,21.03946868361697,21.160849150334265,3685800
2003-02-03,20.978784561157227,21.241777586354885,20.58766616815828,20.83717204175463,4019600
2003-02-04,21.06645393371582,21.187835757173648,20.567440770993795,20.76974295261957,3107700
2003-02-05,20.79523277282715,21.446142599160677,20.707089218810555,21.06644520046612,3074100
2003-02-06,20.7138671875,20.998640543190916,20.564700684325825,20.788451085708488,2249800
2003-02-07,20.34095001220703,20.951178253924684,20.27314658685112,20.781670337156292,2295100
2003-02-10,20.524017333984375,20.666403352638437,20.266364595597008,20.40875190749375,2276900
2003-02-11,20.232467651367188,20.686748978468827,20.04939876733154,20.524021512629233,2732400
2003-02-12,20.090078353881836,20.266366748016512,19.907010780918316,20.2053437926144,2524400
2003-02-13,20.001935958862305,20.212125432254204,19.59511666376229,19.974814069008954,2867000
2003-02-14,20.442657470703125,20.65962742873923,19.954475065121894,19.96803601080989,3025100
2003-02-18,20.34095001220703,20.883374828568776,20.25958564313138,20.679965845743812,2662600
2003-02-19,20.46299934387207,20.46299934387207,20.062960489889026,20.340953416454465,2175900
2003-02-20,19.778188705444336,20.476561962006915,19.120498290171838,20.463001014910223,7121600
2003-02-21,20.096860885620117,20.096860885620117,19.276443079509527,19.662920974503304,4523300
2003-02-24,19.317123413085938,20.096859627007262,19.256100455251474,19.852769088912268,4341500
2003-02-25,19.113712310791016,19.323901757270914,18.978105465372728,19.283220220942518,4816200
2003-02-26,18.876405715942383,19.323906607606457,18.740798836486523,19.228982567933183,3843400
2003-02-27,18.950990676879883,19.19508126285738,18.75436082012036,19.05947566914613,3075800
2003-02-28,18.686548233032227,19.066246813414946,18.46957835466638,18.98488246240651,3961500
2003-03-03,18.38144302368164,18.849284047574013,18.320420056522973,18.78148190028044,4066300
2003-03-04,18.611976623535156,18.862847708401194,18.245838767901585,18.374665194133016,5462000
2003-03-05,18.130571365356445,18.611974647401105,17.988185298779012,18.611974647401105,5300600
2003-03-06,17.737314224243164,18.103452067360735,17.62882922478089,18.035648619386013,4497700
2003-03-07,17.520341873168945,17.588145312040886,17.22200751807823,17.49321998032296,6361900
2003-03-10,17.303363800048828,17.764425416566993,17.262680979831984,17.42540967421451,3705000
2003-03-11,17.099956512451172,17.52033667411757,17.02537391574269,17.377949365414743,3400400
2003-03-12,17.0524959564209,17.235564814634895,16.767722608057824,17.0524959564209,4288500
2003-03-13,17.18810272216797,17.30336815530984,16.882987959956324,17.235564731124725,6496300
2003-03-14,17.323707580566406,17.79833023753098,17.066056130916557,17.12029860943456,6480800
2003-03-17,18.239059448242188,18.367885882629473,17.167769004176844,17.289814963781293,5838600
2003-03-18,18.869617462158203,19.269656169038154,18.30685134297425,18.557723578552828,5973600
2003-03-19,18.950990676879883,19.2222031575455,18.679776902971145,18.91708830851973,3544200
2003-03-20,18.862844467163086,19.093375382599085,18.557730933139926,18.91708695942785,3723400
2003-03-21,19.052696228027344,19.154400752133395,18.313641369883804,19.1476202780939,6547300
2003-03-24,18.327198028564453,18.849281474982423,18.26617506973433,18.849281474982423,3703800
2003-03-25,18.557727813720703,18.747575858113784,18.191590082546373,18.476363442378805,3913900
2003-03-26,17.900033950805664,18.578065549648624,17.771207584917562,18.557725429358626,5804200
2003-03-27,17.981399536132812,18.008520129447128,17.56101934719772,17.900035169704406,4391200
2003-03-28,17.69663429260254,17.832239907721327,17.622050363679048,17.832239907721327,3035600
2003-03-31,16.991466522216797,17.350823629790877,16.849080548970363,16.950785000323854,5626000
2003-04-01,17.405073165893555,17.601701679348384,17.086398743901277,17.201664180493,5666000
2003-04-02,18.076322555541992,18.144125974951972,17.561018378565887,17.61526085544534,4855500
2003-04-03,18.001745223999023,18.37466352000942,17.920382125655646,18.26617852672283,3491100
2003-04-04,17.967838287353516,18.205149617721823,17.696625892608044,18.16446808182068,3452200
2003-04-07,18.57807159423828,18.84928406336904,18.37466256570098,18.37466256570098,4935100
2003-04-08,18.55095100402832,18.79504157975712,18.23905569442615,18.408563649380376,3953700
2003-04-09,18.632312774658203,19.018790677581787,18.52382779465309,18.550949686275853,4074200
2003-04-10,18.367881774902344,18.632313766079804,17.9136004119926,18.632313766079804,4948600
2003-04-11,17.94750213623047,18.374662914815044,17.42541860820045,18.367882441302562,4940600
2003-04-14,18.47637176513672,18.47637176513672,17.86614323154235,17.95428682139481,3568800
2003-04-15,18.50349235534668,18.50349235534668,18.001747579198163,18.239059018026612,4156200
2003-04-16,18.06276512145996,18.618750940777737,18.00852263404464,18.550948801440768,3340000
2003-04-17,18.069547653198242,18.117009673439927,17.649168651134993,18.06276717984328,4471300
2003-04-21,18.15768814086914,18.38143853472754,18.069543301724554,18.069543301724554,3541400
2003-04-22,18.84928321838379,18.856063691463483,18.028865374385973,18.035645847465666,6410800
2003-04-23,19.079801559448242,19.43237816784017,18.747566356893522,18.984877585358937,9115300
2003-04-24,18.7340145111084,19.28322109605824,18.659431906662064,18.944205260369944,5179200
2003-04-25,18.435680389404297,18.883181161929272,18.415338974928545,18.869620218945435,3800600
2003-04-28,18.56450653076172,18.618749012559512,17.961058759105917,18.123786204499297,5494500
2003-04-29,18.82216453552246,18.87640703243923,18.564511705235457,18.564511705235457,4308500
2003-04-30,18.496707916259766,18.727238831054816,18.46280555041166,18.578071007809182,5511900
2003-05-01,18.38144302368164,18.510268138133885,18.306859109767032,18.422124570706398,3222300
2003-05-02,19.405269622802734,19.50697412858693,18.63909300652635,18.679774550191436,5679400
2003-05-05,18.727237701416016,19.24932117155426,18.611972250971377,19.066253579989315,7041100
2003-05-06,19.079801559448242,19.1611658895549,18.57805852130996,18.645861914191816,5460100
2003-05-07,19.242542266845703,19.64258113962033,18.991671220474323,19.079814787059203,4667700
2003-05-08,19.079801559448242,19.262870332256607,18.944196066926686,18.984877585358937,2937400
2003-05-09,19.730724334716797,19.730724334716797,19.188298154617954,19.357806093415793,4133600
2003-05-12,20.218900680541992,20.327385625439184,19.547649599024655,19.595111600761857,5077900
2003-05-13,20.03583335876465,20.19178161037675,19.859546279972967,20.19178161037675,3775600
2003-05-14,20.110851287841797,20.34271607453587,19.865347089994934,20.254062503494414,3427600
2003-05-15,20.567764282226562,20.629140341018253,20.11767405157152,20.151771283910886,4674300
2003-05-16,20.745073318481445,20.97693814675366,20.526847903807848,20.697336671612355,5223000
2003-05-19,19.82443618774414,20.499571636469575,19.74260229738567,20.492751928818663,4525600
2003-05-20,19.728954315185547,19.947179662349846,19.517548672710838,19.892623325558773,3770300
2003-05-21,19.640300750732422,19.981278203354346,19.46981202442146,19.640300750732422,3248700
2003-05-22,19.844892501831055,19.947185500663604,19.613027677423375,19.640305203439897,2495900
2003-05-23,20.451826095581055,20.874638681105893,19.613021929944217,19.79033034963362,5766800
2003-05-27,20.390451431274414,20.458647182026322,20.05629368338841,20.451827476878556,4648200
2003-05-28,20.717792510986328,20.90192067478967,20.390454420264348,20.424552951001605,4420500
2003-05-29,20.4245548248291,21.045133833196065,20.32908023073152,20.72461411848987,3599100
2003-05-30,20.91556167602539,21.045133501218555,20.560944733773603,20.595043267101303,4221300
2003-06-02,21.795284271240234,22.143082827451185,21.140608002604882,21.208803772435928,7347400
2003-06-03,21.897579193115234,21.924858022106434,21.617977699586223,21.795284885124392,4382800
2003-06-04,22.87959098815918,22.94096704559313,21.84301901897023,21.90439507640418,7432700
2003-06-05,22.968246459960938,23.15237463698074,22.68182398411278,22.879591574406497,4630100
2003-06-06,23.772960662841797,23.991186136851645,23.152381483353885,23.28877305497325,6821800
2003-06-09,22.620445251464844,23.663838131252394,22.388583057569583,23.459252159228956,5990200
2003-06-10,23.397878646850586,24.032097049971267,22.50451659693439,23.05690112265461,6225800
2003-06-11,24.141210556030273,24.141210556030273,23.186472415968364,23.397879424519086,5272900
2003-06-12,24.379894256591797,24.482188559787744,23.820691295745586,24.482188559787744,4915300
2003-06-13,24.10028648376465,24.509458386812337,23.888879526367486,24.379887891185923,5022400
2003-06-16,24.82998275756836,24.85044057618443,24.141209315823208,24.311698074829156,4441200
2003-06-17,24.65268325805664,25.47784848386413,24.229869131211583,24.482194446040904,5796100
2003-06-18,24.4344482421875,24.55719774555372,24.04573150929589,24.55037934037574,8157400
2003-06-19,24.20940589904785,24.359436852577087,23.936622820167823,24.175308664550908,4700200
2003-06-20,24.22986602783203,24.434454657209308,24.004822177550512,24.2094082054753,5822300
2003-06-23,23.500165939331055,24.004813725209523,23.42515048183343,23.759309537563325,4890800
2003-06-24,23.527442932128906,23.936614812107123,23.404690847845167,23.431969666897416,4073000
2003-06-25,23.466068267822266,23.970716044114276,23.35013718222026,23.55472313422185,2362500
2003-06-26,23.459257125854492,23.78659527068403,23.26830792361468,23.336504996361874,2801200
2003-06-27,23.336505889892578,23.732038521161517,23.322866474820902,23.391060948726864,2376000
2003-06-30,23.404693603515625,23.71839225519725,23.206926044278724,23.56154292935644,4958800
2003-07-01,23.629741668701172,23.69793612776868,23.118275421339256,23.254664339474278,5643300
2003-07-02,23.732032775878906,23.820687651656154,23.356958057293028,23.47288915515791,3997100
2003-07-03,23.582015991210938,23.636571063539236,23.34333007059706,23.39106673442922,2253500
2003-07-07,23.875253677368164,24.004826848044477,23.67066760963813,23.786601362272044,3692500
2003-07-08,23.861614227294922,24.004824198755294,23.445621127998187,23.95026653260694,3123500
2003-07-09,24.025278091430664,24.243503517409106,23.616106068084157,23.868428729099428,3452000
2003-07-10,23.65702247619629,23.970723812477104,23.534270344923872,23.752498379426672,2102900
2003-07-11,23.99118995666504,23.99118995666504,23.636572854574634,23.677491113011197,2088700
2003-07-14,23.582015991210938,24.161676967146093,23.52745831742957,24.141219140204615,4114700
2003-07-15,22.80457878112793,23.22057182976961,22.504519458208016,22.81139978929224,9281500
2003-07-16,22.770477294921875,23.152373035824503,22.5522519005352,22.777298301813154,3692800
2003-07-17,22.620445251464844,22.886409876692266,21.904393048656924,22.60680844125482,3626000
2003-07-18,22.743206024169922,22.743206024169922,22.177184532435305,22.647732707596813,4037600
2003-07-21,22.061241149902344,22.504512899101666,21.918031237620088,22.504512899101666,4525500
2003-07-22,22.21128273010254,22.334034885682062,21.958960010945916,21.958960010945916,4450000
2003-07-23,22.29311752319336,22.67501342262378,21.652080486264815,21.986239723448055,4801900
2003-07-24,21.958951950073242,22.402221147877828,21.95213094312669,22.231732394541005,5820600
2003-07-25,22.286283493041992,22.34765953025926,21.249711865289907,21.51567382608101,4221200
2003-07-28,22.347665786743164,22.497696720044054,22.163537623542584,22.28628973234297,3329700
2003-07-29,21.856660842895508,22.415863827222772,21.815743900334677,22.231735634609798,3513500
2003-07-30,22.17717742919922,22.20445625418363,21.822560508757675,21.822560508757675,3245200
2003-07-31,22.586353302001953,22.77730250844472,22.245375735117765,22.245375735117765,5215800
2003-08-01,22.108976364135742,22.50451145044635,22.081700145541344,22.306743907291047,3544300
2003-08-04,21.972591400146484,22.2658322645042,21.78846323405313,21.958951987681946,3233900
2003-08-05,21.290639877319336,21.945317514996077,21.290639877319336,21.7952865455669,3912600
2003-08-06,21.76117706298828,21.999860196913225,21.140598313332372,21.311087009407633,3255300
2003-08-07,21.774829864501953,21.808927104399938,21.379295898344232,21.6316185953325,1665500
2003-08-08,21.99305534362793,22.184001968410083,21.768010178187303,21.774829886318997,2745000
2003-08-11,21.972591400146484,22.19763520218152,21.624792885930617,22.095343510875384,2166300
2003-08-12,22.238555908203125,22.245374314466318,21.863481128874316,21.904396769357906,2119500
2003-08-13,22.197420120239258,22.43735412009199,22.094589768825536,22.238550168737174,1844800
2003-08-14,22.608739852905273,22.656726660425896,22.019184657554902,22.279686337727483,2276500
2003-08-15,22.581321716308594,22.725284777183415,22.389374455255894,22.725284777183415,1663800
2003-08-18,23.020055770874023,23.074896708863612,22.62244785634019,22.690999682598314,2986800
2003-08-19,23.534204483032227,23.547912757480187,22.985779362061596,23.054333809725318,4553700
2003-08-20,23.554763793945312,23.739856835095154,23.287408050645812,23.534198772178936,3063100
2003-08-21,23.952373504638672,24.16488835786884,23.637030908298144,23.65074179706312,3912000
2003-08-22,24.45966911315918,24.870985369321698,24.301997794460718,24.439104084876547,6420200
2003-08-25,24.19916343688965,24.521362774032742,24.0826248090372,24.452808332574346,2976200
2003-08-26,24.48023796081543,24.5419356703743,24.0689216404799,24.130619350038767,3392900
2003-08-27,24.77501106262207,24.918971486773067,24.22658853127191,24.439103406269744,3830900
2003-08-28,25.350862503051758,25.412560218621046,24.692755280369784,24.77501802943362,3999200
2003-08-29,25.631927490234375,25.679914308403987,25.076650704247324,25.302873902034708,2781100
2003-09-02,25.837575912475586,25.89927360043931,25.52909008774142,25.56336599992472,2984800
2003-09-03,26.30373764038086,26.667069659385906,25.71418249169783,25.912986458595068,4937300
2003-09-04,25.974687576293945,26.571096940544027,25.906135737675783,26.303741108814165,3161100
2003-09-05,25.474252700805664,25.974688462020982,25.227461889228774,25.974688462020982,3938900
2003-09-08,25.337148666381836,25.76903262520804,25.186334079794616,25.673058993265627,4605700
2003-09-09,24.905261993408203,25.302867328530734,24.850418435413495,25.193182827626092,3460200
2003-09-10,24.418537139892578,25.014949127996413,24.219735758943024,24.802434241019583,4059000
2003-09-11,24.487092971801758,24.747592069099717,24.06891992734293,24.41853851323503,3921400
2003-09-12,24.445960998535156,24.679040934183632,24.31571144614655,24.487093674856162,3478300
2003-09-15,24.33626937866211,24.452808004953162,24.137465423723178,24.274571689718456,2238400
2003-09-16,24.548784255981445,24.644757857786775,24.322558524510722,24.322558524510722,3047000
2003-09-17,24.288291931152344,24.576212847043585,24.288291931152344,24.487095962649928,1595600
2003-09-18,24.77501106262207,24.912117349230837,24.322562147372576,24.459668433981342,3374000
2003-09-19,24.535079956054688,25.09035669134208,24.452814605201933,24.77501402499551,3482600
2003-09-22,23.9180965423584,24.301993565704343,23.794701163964508,24.301993565704343,2881500
2003-09-23,24.096338272094727,24.21287691239968,23.486215445802017,23.780993037859616,3356500
2003-09-24,23.445083618164062,24.048349646403242,23.3628209009311,23.924954263011486,3030300
2003-09-25,23.143447875976562,23.643886130729214,23.074896051670855,23.280554139672446,3055500
2003-09-26,23.314834594726562,23.568482147266803,23.10232232892012,23.184585057132775,3042000
2003-09-29,23.61646842956543,23.890678389182675,23.52049481294515,23.61646842956543,3373500
2003-09-30,23.534204483032227,23.719294954012312,23.23257014348142,23.410809092322314,2740400
2003-10-01,24.226581573486328,24.24029245971798,23.582185611103665,23.650737427177763,2726400
2003-10-02,24.21973419189453,24.301996917140293,23.863258895716385,23.993508428612582,2339300
2003-10-03,24.576200485229492,24.898399780067418,24.38425330451798,24.569346349525883,3515900
2003-10-06,24.548784255981445,24.624190218053837,24.17174137019691,24.404821238188934,2134000
2003-10-07,24.795574188232422,24.877839522937943,24.356836196808462,24.74758738386322,2188900
2003-10-08,24.870983123779297,24.98066762319181,24.50765370980373,24.610484072102537,2246800
2003-10-09,25.220603942871094,25.54280068481376,25.06293264041304,25.179471275457583,3631100
2003-10-10,25.330293655395508,25.529097666192957,25.282306841076846,25.3645695777538,2575900
2003-10-13,25.570222854614258,25.570222854614258,25.296012912913028,25.3371429658716,2160600
2003-10-14,25.46739387512207,25.52223481477543,25.241168134454828,25.364563517530662,2873800
2003-10-15,25.364561080932617,25.42625876654367,25.09720531497953,25.309717531463075,2814800
2003-10-16,25.67304801940918,25.830719292359294,25.165755676587068,25.227453358618348,2848300
2003-10-17,25.529090881347656,25.878709380620826,25.49481235301429,25.707327199292212,2148500
2003-10-20,25.549659729003906,25.782739635087474,25.309723070193943,25.3988425500425,1907700
2003-10-21,25.09035301208496,25.535947777730296,24.898405785079504,25.535947777730296,2314200
2003-10-22,24.788719177246094,24.946390473912306,24.644758769214068,24.816140954514466,2131400
2003-10-23,24.637893676757812,24.788710785593548,24.349972958162752,24.788710785593548,2305800
2003-10-24,24.870983123779297,24.870983123779297,24.301995600290855,24.301995600290855,2004400
2003-10-27,24.706466674804688,25.01495525889932,24.62420130898899,24.864138036656236,1524900
2003-10-28,24.706466674804688,24.939546647777778,24.206030800644818,24.713320814413148,3785900
2003-10-29,26.39286994934082,26.667082631212505,25.43312817787587,25.535958587349235,8121500
2003-10-30,26.57794761657715,26.87957929864992,26.516249929893583,26.735618901416398,5708600
2003-10-31,26.386014938354492,26.73563361187196,26.125513160681443,26.6670817512092,3036000
2003-11-03,26.673931121826172,26.907011067524067,26.42028614462374,26.42028614462374,2627100
2003-11-04,26.550521850585938,26.776747539450092,26.3997047246765,26.509389193951357,2155300
2003-11-05,26.461414337158203,26.735626941567336,26.26261294480105,26.701351019787495,2642100
2003-11-06,26.660207748413086,26.769892223565243,26.296878414799853,26.296878414799853,2929000
2003-11-07,26.667070388793945,26.89329352465967,26.536818247912862,26.87272849824044,2592000
2003-11-10,26.619077682495117,26.735616293147928,26.317443414764714,26.735616293147928,2263500
2003-11-11,26.26945686340332,26.591656155974697,26.09122057043706,26.461404042764556,2376000
2003-11-12,26.902963638305664,27.054452885482267,26.23503664128689,26.262580618362314,2911600
2003-11-13,27.474496841430664,27.64664280503176,26.86165500455004,26.86165500455004,4061400
2003-11-14,27.02690315246582,27.543340792321853,26.83410060747562,27.529568806717172,1889900
2003-11-17,27.364320755004883,27.52269471024982,26.785910270887488,26.854767598650092,3391600
2003-11-18,26.73769187927246,27.316099352956236,26.51734279777877,27.02689561611435,5336500
2003-11-19,27.130189895629883,27.281676473557162,26.531120382676015,26.579321015662533,2442000
2003-11-20,27.095767974853516,27.24725723181694,26.79279208766507,26.923622047118133,2614700
2003-11-21,26.75835609436035,27.185277142659984,26.510465606077446,27.095760549282783,2793600
2003-11-24,26.779006958007812,26.889180192627858,26.1799401589324,26.889180192627858,6189700
2003-11-25,26.345205307006836,26.785900982786316,26.303891975370284,26.627524455720295,3817300
2003-11-26,26.358980178833008,26.427840116995462,25.897630413465848,26.303894855041108,3481100
2003-11-28,26.434728622436523,26.68261918221395,26.331442640354886,26.427843940993125,1210600
2003-12-01,26.179946899414062,26.63441193757379,25.890740442364535,25.890740442364535,7158500
2003-12-02,26.049118041992188,26.489811112064142,25.890741507368304,26.16617598953222,6297800
2003-12-03,26.524248123168945,26.634421425401413,25.92518095645108,26.08355491423908,3782800
2003-12-04,26.930505752563477,26.992478383327338,26.4071807312824,26.524241312386604,3092300
2003-12-05,26.166173934936523,26.813441502438334,26.076657341251504,26.758356186373643,4324900
2003-12-08,26.937379837036133,26.937379837036133,26.269455775687987,26.290112435571196,2956200
2003-12-09,26.565553665161133,26.937386772478035,26.26946253916259,26.889186135849222,3342500
2003-12-10,26.7652587890625,26.85477544269185,26.365881443255184,26.510483449836826,3180500
2003-12-11,27.24036407470703,27.274792724194047,26.785899071960717,26.785899071960717,3057400
2003-12-12,27.10953712463379,27.19216905254296,26.785904600572973,27.19216905254296,2608500
2003-12-15,26.99248695373535,27.45383686399813,26.99248695373535,27.35743554703211,2758700
2003-12-16,27.49513816833496,27.5364541221621,26.971813260141115,26.971813260141115,2845500
2003-12-17,28.135517120361328,28.29389098138927,27.522678336941905,27.522678336941905,5534600
2003-12-18,28.472932815551758,28.493592111189265,28.01846771259896,28.21815760108653,3143500
2003-12-19,28.56244659423828,28.88608171751958,28.33521537865411,28.734592489304863,5971500
2003-12-22,28.645069122314453,28.83787426542952,28.43160994396398,28.569327152835523,2771000
2003-12-23,28.87918472290039,28.92050066948212,28.68638222565969,28.72769817224142,2127200
2003-12-24,28.479827880859375,28.82411979890315,28.431627222472358,28.645086530546617,1341300
2003-12-26,28.5555477142334,28.6863775837999,28.47291583444094,28.57620437081322,502900
2003-12-29,28.92051124572754,28.941167913204048,28.48670284155499,28.60376341964383,1873300
2003-12-30,29.113311767578125,29.863867945090078,29.037567156503137,29.36808957332815,4884800
2003-12-31,29.016910552978516,29.306117011638882,28.844764664432855,29.29922970512389,2432900
2004-01-02,28.913612365722656,29.402505851978166,28.720807265924453,29.264788674047075,3146700
2004-01-05,28.968708038330078,29.319887099194265,28.879191446596785,29.058224630063368,4115500
2004-01-06,28.872310638427734,28.920511280422737,28.55556281196403,28.920511280422737,2515800
2004-01-07,29.113311767578125,29.36808957332815,28.707047366415917,28.872308574828427,4219200
2004-01-08,29.5126895904541,29.705492132251052,29.099537909369396,29.264799107150804,3114600
2004-01-09,29.361186981201172,30.662608797996402,29.292329712473887,29.47136018720668,4080900
2004-01-12,29.202836990356445,29.361210939046614,28.954946417888852,29.361210939046614,2449200
2004-01-13,29.085763931274414,29.24413779784548,28.645068349428644,29.12707725410509,2383600
2004-01-14,29.684831619262695,29.815661523273253,29.306111264084947,29.33365260453008,2968000
2004-01-15,29.63663101196289,29.884521463313266,29.40939722264595,29.746804254036693,2353500
2004-01-16,30.3045597076416,30.304559707641605,29.65040746183257,29.91895461566789,2644100
2004-01-20,29.733043670654297,30.786575866100552,29.595326408574284,30.6764025817842,5003600
2004-01-21,30.022247314453125,30.173736564191316,29.54024084117393,29.76747208904294,3585400
2004-01-22,29.540241241455078,30.042907018070597,29.526469252497876,29.884533085170226,2591800
2004-01-23,28.817218780517578,29.664178807516024,28.672616874147163,29.50580228902923,4071200
2004-01-26,29.22347640991211,29.29233632091082,28.679497560075916,28.817212128599294,2867500
2004-01-27,28.87918472290039,29.333649628351342,28.679497547931245,29.12707514891673,2111800
2004-01-28,28.603763580322266,29.333660520464147,28.576219605706875,28.88608275328503,3394700
2004-01-29,29.127079010009766,29.388741452906057,28.920504503191584,29.264796223467673,3339600
2004-01-30,28.748369216918945,29.02380374514165,28.58999528254931,28.920515140373553,2648800
2004-02-02,29.2923526763916,29.671073204764777,28.645082285283298,28.693282936526877,3297800
2004-02-03,29.677953720092773,29.93961623778129,29.065114703108662,29.29234856427614,3800700
2004-02-04,29.994699478149414,30.469821167680895,29.643520407277602,29.677949058390716,5417700
2004-02-05,30.545570373535156,30.607543005561247,30.008475980467804,30.04290463676272,3405300
2004-02-06,30.538679122924805,31.000031463266446,30.290791253567093,30.545566429337327,4877300
2004-02-09,30.27012825012207,30.53867537905723,30.104869690810016,30.43538943617156,3042800
2004-02-10,30.139291763305664,30.228808329001097,29.95337395458602,30.173720403423335,2803500
2004-02-11,30.75454330444336,30.837494803834364,29.945757615194083,30.139311992766626,3146000
2004-02-12,30.67156982421875,30.747609749445793,30.429627004840835,30.623181260343166,1798300
2004-02-13,30.726886749267578,30.872052507991725,30.533329767321867,30.554069616411155,1935900
2004-02-17,30.8305721282959,30.934263451640838,30.68540638519689,30.830572128295895,2101100
2004-02-18,30.823665618896484,31.176211429063418,30.678499852179527,31.037959824750313,2962600
2004-02-19,30.7752628326416,31.079419913588104,30.692311380925123,31.037945506219415,3531800
2004-02-20,30.65083885192871,31.0655988085909,30.6231874849567,30.865132990492555,3277100
2004-02-23,30.153135299682617,30.809840990676484,29.786763789088113,30.78910377671239,4039400
2004-02-24,29.876611709594727,30.22915732261275,29.655406102018937,29.93191179299925,3146900
2004-02-25,30.291383743286133,30.457289334160183,29.786758083306594,29.87662372157087,3079600
2004-02-26,29.33741569519043,30.222240610507352,29.012521498163345,29.724526760452733,7138600
2004-02-27,29.980310440063477,30.118564650551043,29.482598974079863,29.482598974079863,6752700
2004-03-01,30.256811141967773,30.32593691108643,29.724534281421114,29.987216950634323,2622000
2004-03-02,29.95265769958496,30.31902906692009,29.71071220436151,30.10473493749007,2843200
2004-03-03,29.766019821166992,30.001051195025898,29.696891395338014,29.772931345259984,2838400
2004-03-04,29.468765258789062,29.724533764454666,29.185345391165285,29.634668156580098,2423400
2004-03-05,29.53098487854004,29.655413393015422,29.13004796812392,29.413467887322405,3163700
2004-03-08,29.323610305786133,29.620855990006238,29.309787255479346,29.530992978111023,2552800
2004-03-09,28.812076568603516,29.517170884196602,28.62543372297765,29.17153657088512,3561800
2004-03-10,28.42494010925293,28.86043969814166,28.15534600464788,28.86043969814166,3745800
2004-03-11,27.754436492919922,28.42496526951123,27.69913373688158,28.342013772434267,3113400
2004-03-12,27.858121871948242,27.9203361465575,26.869607640367928,27.706044584999123,4599100
2004-03-15,27.49864959716797,27.96871220882717,27.256706769245906,27.616166568572297,3114000
2004-03-16,27.242883682250977,27.367312187596315,26.945638101368147,26.945638101368147,3629000
2004-03-17,27.51248550415039,27.574699774022534,27.29127979726721,27.339668380836656,2581800
2004-03-18,27.45718002319336,27.602345745496162,27.16684594160824,27.477917230099614,2352800
2004-03-19,27.25672149658203,27.685307296322517,27.215244430679217,27.45719002630824,2732400
2004-03-22,26.73826026916504,26.890340151592213,26.295848942445456,26.565443179853983,4475800
2004-03-23,27.035512924194336,27.574701539623685,26.91108437648292,26.91108437648292,3495900
2004-03-24,26.980201721191406,27.14610727848016,26.503227529077716,26.77282175231499,3381100
2004-03-25,27.45718002319336,27.581608538589908,27.028591742614353,27.13228305110465,2025300
2004-03-26,27.20142364501953,27.491757884710136,27.028606461412085,27.31894070110269,3591900
2004-03-29,27.602346420288086,27.664560679507307,27.37422659082442,27.512480793198193,2133500
2004-03-30,27.878854751586914,27.947980534101895,27.443354938199725,27.512480720714706,2467300
2004-03-31,28.390396118164062,28.58395044774548,27.87194476080244,27.996373297527626,3416500
2004-04-01,28.18301010131836,28.52864426596002,28.065493114110904,28.390390072707476,2315900
2004-04-02,28.922687530517578,29.06094182189585,28.376584529913096,28.411147443512345,3273200
2004-04-05,29.406570434570312,29.434221814790966,28.92959335519672,28.92959335519672,2391800
2004-04-06,29.282123565673828,29.309774928618463,29.10930650273853,29.275209406448116,1925000
2004-04-07,28.867366790771484,29.282129406738612,28.694549693363424,29.143875201416236,2845300
2004-04-08,28.583942413330078,29.19225924000221,28.48025375319069,28.998704964825304,2152000
2004-04-12,29.136962890625,29.16461162135881,28.756763177015056,28.825891596298483,1606200
2004-04-13,28.88119888305664,29.4480388773651,28.81207308354789,29.150793192913078,2586000
2004-04-14,28.73602867126465,28.964148520876726,28.632337351081013,28.846631515536615,1666800
2004-04-15,28.7083797454834,29.054013992886684,28.418048243415054,28.9295854528631,1516200
2004-04-16,28.68764305114746,29.199182906788554,28.61851725521384,29.054014516159814,2625100
2004-04-19,28.68071937561035,28.832796589632036,28.61159097198325,28.777496503709326,1312800
2004-04-20,28.03093147277832,28.82589114163179,28.03093147277832,28.666899735257,2292100
2004-04-21,28.238327026367188,28.494098359265926,27.865043910183225,27.989472494571537,2137500
2004-04-22,29.21991729736328,29.468774357868494,28.583948960852208,28.82589449722331,3583200
2004-04-23,29.344348907470703,29.551728933997474,28.943411904136195,29.14388040580345,2225600
2004-04-26,29.890459060668945,30.07018775826289,29.676164819285493,29.828244773620895,3311100
2004-04-27,30.104753494262695,30.41582495873689,29.89046186972126,29.89046186972126,2892200
2004-04-28,30.436555862426758,31.037961447958132,30.104747248157963,30.450381550977184,6048100
2004-04-29,29.89736557006836,30.519508336145147,29.772937016853003,30.43655420934803,2485400
2004-04-30,29.51024055480957,29.9180889265673,29.448026307016725,29.897351722962718,2675700
2004-05-03,30.125486373901367,30.415817915526254,29.862803571730947,29.89736647378433,2806900
2004-05-04,29.918092727661133,30.18077543360243,29.731449960569638,30.125475337971302,3223200
2004-05-05,30.249914169311523,30.478034083571387,29.724551169379975,29.814416829874517,2519100
2004-05-06,30.367414474487305,30.623182988978723,30.070168915627374,30.194597411753815,3401400
2004-05-07,30.001052856445312,30.450375782807445,29.93883858824379,30.139304441799837,2263900
2004-05-10,29.441112518310547,29.91808662335019,29.23373258729239,29.724532372663766,3666900
2004-05-11,29.848970413208008,29.97339893904376,29.316693416461682,29.37890767937956,3322000
2004-05-12,30.125486373901367,30.125486373901367,29.51716927723633,29.862803571730947,2763300
2004-05-13,30.153135299682617,30.30521523403373,29.848978067960804,30.160049462324256,2008300
2004-05-14,30.02869987487793,30.132391194946752,29.689979818348743,29.79366850143776,2710000
2004-05-17,29.537906646728516,30.146223746599205,29.37200366120586,29.517169432783284,2454500
2004-05-18,29.738372802734375,29.862801350455538,29.517167081670127,29.613944255013212,1477200
2004-05-19,30.127286911010742,30.634269509266723,29.891157775589125,29.93282590876588,3016800
2004-05-20,29.807825088500977,30.016176413624834,29.689761810274796,29.960615353779232,2281200
2004-05-21,30.141185760498047,30.182853905548047,29.86338576344483,29.967561424664066,2493000
2004-05-24,30.946796417236328,30.974574291978723,30.571767290599844,30.710667261498163,3803600
2004-05-25,31.04401969909668,31.19680725366555,30.731495486325677,30.939844078407653,3989900
2004-05-26,31.08568572998047,31.2384759235337,30.648154510925878,30.800942055183203,3432900
2004-05-27,32.085758209228516,32.37744564374276,31.18985654728533,31.25236137600917,6691500
2004-05-28,31.807979583740234,32.294128281274794,31.56490655962159,31.94687959007829,5323600
2004-06-01,31.863525390625,32.155212879915524,31.60655957467364,31.877415649538264,4211300
2004-06-02,32.46774673461914,32.79416129288119,31.87742512643569,32.79416129288119,4115400
2004-06-03,32.016319274902344,32.39829484735565,32.016319274902344,32.25939488003595,2363100
2004-06-04,32.571922302246094,32.662205037855365,32.08577369414006,32.15522235988516,2832700
2004-06-07,33.4261474609375,33.61366200312412,32.96777946313564,32.988613529168724,5770800
2004-06-08,33.39838409423828,33.42616462941533,33.07196942915205,33.33587921473874,3664400
2004-06-09,33.79423522949219,33.905354680726944,33.37059149375447,33.39837201888733,3340400
2004-06-10,33.85673904418945,33.91230009274486,33.641443954982186,33.76645366493523,2532500
2004-06-14,33.912296295166016,34.01646927559694,33.59282560034075,33.68311096948461,4027300
2004-06-15,34.2039909362793,34.65541522662914,33.960917948735144,34.65541522662914,7011800
2004-06-16,34.655418395996094,34.724867070418085,34.24566485859327,34.35678432724673,3370100
2004-06-17,34.35677719116211,34.50956477301512,34.266491813728585,34.4331723067369,3540400
2004-06-18,34.585960388183594,34.690136028980675,34.19704364770723,34.25260204664817,4066600
2004-06-21,34.37760543823242,34.669292939985596,34.35677137362037,34.4817810598849,2346100
2004-06-22,34.495670318603516,34.57901187962674,34.259543843593086,34.273431454467385,2640700
2004-06-23,35.19017791748047,35.245738974718954,34.30816865284425,34.37761732509533,3559100
2004-06-24,34.967926025390625,35.26655997410883,34.8012482140525,34.905421183814816,2463300
2004-06-25,35.62770462036133,35.66242894932291,35.002658751163416,35.016546363310866,4449200
2004-06-28,34.87070846557617,35.759666802644816,34.79431333941512,35.627710621349564,2966400
2004-06-29,35.079063415527344,35.2110196204903,34.59986115088121,34.71792708956925,3127500
2004-06-30,35.48185729980469,35.57908647088963,35.01654286051734,35.07904770611426,2692000
2004-07-01,34.655418395996094,35.09294981358944,34.42623300166872,34.79431574484008,3591700
2004-07-02,34.39152145385742,34.509584774139206,33.919262874134084,34.39152145385742,2820700
2004-07-06,34.24565887451172,34.801256120694,34.078978376008706,34.65541234031427,4004200
2004-07-07,34.30120849609375,34.60678889026216,34.12064043078185,34.41232791689245,2882300
2004-07-08,34.70402145385742,34.91237005711454,33.905348717192865,34.30121185817026,3536200
2004-07-09,34.75263595581055,34.8984797128091,34.64151652438837,34.68318465536155,2353100
2004-07-12,34.8637580871582,34.93320674368923,34.55123383417572,34.690133796534205,2947400
2004-07-13,34.90542984008789,34.981824959769945,34.669300674387316,34.86376170156801,2052000
2004-07-14,34.25260925292969,35.17629200448449,34.134545974530916,34.90543581128695,2811600
2004-07-15,34.127586364746094,34.35677167467134,33.5719892260887,34.099805845489186,3533600
2004-07-16,34.12063217163086,34.45399035333516,34.03034683618116,34.447043900987694,2191100
2004-07-19,33.801177978515625,34.398446003700656,33.669224462208284,34.273436293810924,2645900
2004-07-20,33.86368942260742,33.93314074678024,33.55116773636969,33.8081310125663,2419800
2004-07-21,33.141395568847656,34.092855656212315,33.141395568847656,33.82200226741691,3197200
2004-07-22,32.8497200012207,33.356702685158965,32.224674054266615,33.14141022923673,6510000
2004-07-23,32.683040618896484,32.905279520697924,32.370516335332994,32.8566649265099,2905500
2004-07-26,32.64136505126953,32.93305257368248,32.56496994321958,32.71081370442605,2238500
2004-07-27,33.4886360168457,33.578918691932714,32.717744157088134,32.88442190286031,2979300
2004-07-28,34.037296295166016,34.56511549087633,33.690047800360304,33.849784439351204,4192600
2004-07-29,34.502628326416016,34.6901429275625,34.176213726350234,34.30816991750727,2885700
2004-07-30,35.24573516845703,35.59298379080636,34.54429411700195,34.655413570181864,4844300
2004-08-02,35.356842041015625,35.45407119679002,34.835969292827826,34.86374980856217,2417200
2004-08-03,35.25267791748047,35.738826504042315,35.14850492347935,35.377687629719134,3477700
2004-08-04,35.41934585571289,35.454070174731896,34.93319744155965,35.141546004969406,3574400
2004-08-05,34.73179244995117,35.54435528589928,34.7248486459121,35.41934561883034,2862300
2004-08-06,33.56504440307617,34.70401916510892,33.52337362545447,34.70401916510892,3667000
2004-08-09,33.86368942260742,33.98869915682137,33.65534074868323,33.89146995227655,2382900
2004-08-10,34.454010009765625,34.454010009765625,33.69006142271794,33.69006142271794,3542600
2004-08-11,34.64228439331055,34.71898874926522,33.840378602901616,34.34244154368082,2992200
2004-08-12,34.39822006225586,34.69108827439589,33.91707562799711,34.47492174161152,2987600
2004-08-13,34.6701545715332,34.72593782825953,34.30755409274585,34.656208092346894,2226700
2004-08-16,35.527862548828125,35.6115388097539,34.61438761198547,34.6701735592829,4286400
2004-08-17,35.08159255981445,35.78587299382245,34.99094170750936,35.70219671632131,3607200
2004-08-18,35.38142395019531,35.388395862715115,34.81660327537038,35.067634686403686,2006100
2004-08-19,35.03974533081055,35.4441854591998,34.830553353376935,35.38142759996769,2199900
2004-08-20,35.1861686706543,35.25590108178502,34.844489166182,34.86540755951147,3430000
2004-08-23,35.318660736083984,35.39536240223863,35.10946615196516,35.38839049077717,2112700
2004-08-24,35.49996566772461,35.562723521516325,35.1373650302636,35.374449960141185,1713800
2004-08-25,36.60868835449219,36.83182681356557,35.667323146527636,35.94624489035923,7318100
2004-08-26,36.30885314941406,36.7132933536311,36.211230385643276,36.6156679298395,3363600
2004-08-27,36.253055572509766,36.67841135281295,36.176351242612874,36.3506782978259,1457000
2004-08-30,36.16938018798828,36.61565706712747,36.127543393081496,36.2530590978419,1615000
2004-08-31,36.413429260253906,36.413429260253906,36.04385416425591,36.19029088456645,2246400
2004-09-01,36.53196716308594,36.66445739082453,36.218178018466936,36.32974719655158,2275100
2004-09-02,37.389678955078125,37.43849033457397,36.51107146413225,36.53198986676742,2894000
2004-09-03,37.02707290649414,37.619786609378764,37.02707290649414,37.4315130326992,2888500
2004-09-07,37.633731842041016,37.661622153937486,37.23626630229907,37.23626630229907,2965800
2004-09-08,37.689517974853516,37.87779155949263,37.37572866712166,37.38270324063816,3034500
2004-09-09,37.138648986816406,37.77319960597087,37.11773058333442,37.633740036063266,2572000
2004-09-10,37.759246826171875,37.79411171038406,36.71328433968534,36.852743876534085,3128100
2004-09-13,37.849891662597656,38.2543317319276,37.5221585878171,37.7592435036264,2988800
2004-09-14,37.59886169433594,37.99632986658317,37.45940216444712,37.85686767667432,1938800
2004-09-15,37.41756820678711,37.828980264451076,37.18745782064715,37.689518054052705,1709100
2004-09-16,38.01725387573242,38.05211876335098,37.424540146135236,37.515190981959826,2396600
2004-09-17,38.4565544128418,38.519312267228,38.04514240298112,38.16368353903279,3318500
2004-09-20,38.17066192626953,38.484448569538166,37.94752079724817,38.177633839666896,2458000
2004-09-21,38.14276885986328,38.38682572848312,38.01725313885298,38.14974077324369,2631700
2004-09-22,37.43151092529297,37.96146407942757,37.24323735921327,37.86384133998332,2831300
2004-09-23,36.95733642578125,37.13166348439343,36.664468244122304,37.09679860467495,4001900
2004-09-24,37.05496597290039,37.236267636836395,36.81090910993305,36.94339674125528,2748300
2004-09-27,36.61566162109375,36.957343895441696,36.46922750066764,36.88761412191127,2092500
2004-09-28,36.48316192626953,36.76208624822129,36.08569649650094,36.615649516185904,3510700
2004-09-29,35.569698333740234,35.855594655426096,35.21407223994379,35.855594655426096,5992800
2004-09-30,35.995059967041016,36.25306599816791,35.29775154565693,35.4581321633728,3846000
2004-10-01,36.59474182128906,36.601716394387545,35.85559401404532,35.9950562157921,3384700
2004-10-04,36.48316192626953,36.86668087393859,35.47903915527826,36.64354248038498,4832900
2004-10-05,35.904415130615234,36.3088526694654,35.771924815802656,36.260041288225224,3402200
2004-10-06,36.51105499267578,36.51105499267578,35.66033820235899,35.904397649754856,2485700
2004-10-07,35.78586959838867,36.601721871683054,35.78586959838867,36.601721871683054,1998800
2004-10-08,34.93514633178711,35.730080063832936,34.78871222062874,35.646401148867994,3952100
2004-10-11,35.04670715332031,35.2070903718625,34.84448980736889,34.94211252472879,2236000
2004-10-12,35.14434051513672,35.2559097403268,34.73292849849453,35.053689688413485,2509300
2004-10-13,35.02579116821289,35.62547665611302,34.80962466489409,35.360498790757674,2272300
2004-10-14,35.03974533081055,35.56272660440473,34.97001555833945,34.97001555833945,3048600
2004-10-15,34.99789810180664,35.75796415709687,34.99092619011542,35.21406460451074,3467700
2004-10-18,34.579524993896484,34.74688018674955,34.34244002236664,34.55163201841755,3079100
2004-10-19,34.314537048339844,34.86541118344299,34.06350566221589,34.237832718133106,3186000
2004-10-20,34.14020919799805,34.551621146790126,33.67998588748654,34.37729409492941,3242100
2004-10-21,34.55860137939453,34.851469597684755,34.03562013814472,34.1332428775748,3704100
2004-10-22,34.52373504638672,34.93514707700303,34.2169203316977,34.516763133334344,2456400
2004-10-25,34.1680908203125,34.39122915980691,33.5405125779727,34.202955687104975,4022100
2004-10-26,34.8514518737793,34.98393942991135,33.924033660817294,34.04257473840617,3880000
2004-10-27,34.93514633178711,35.73705197673659,34.725954364415124,35.56272489392324,5435700
2004-10-28,34.7747688293457,35.17920897427276,34.54465844276547,34.942124014148035,4138500
2004-10-29,34.795692443847656,35.01883093328145,34.72596000338671,34.84450382216001,2720200
2004-11-01,34.83055114746094,34.98395716918579,34.62135918327604,34.93514579954332,2526500
2004-11-02,34.78173065185547,35.241953916317826,34.628322010361536,34.90027175845027,2806900
2004-11-03,35.66732406616211,36.32976488735497,35.52088728735307,35.562726747015695,5451100
2004-11-04,35.27683639526367,35.50694681231626,34.983965448081285,35.458135431122656,4875700
2004-11-05,35.66732406616211,35.820730098217766,35.15131470373765,35.42326454149392,4379900
2004-11-08,36.30885314941406,36.59474952618028,35.60457273933852,35.667330610337004,4025700
2004-11-09,36.75684356689453,37.022843191012534,36.119846364334954,36.29484562515107,4092700
2004-11-10,37.37983703613281,37.414836348489544,36.917839170305385,36.97383753602089,4082800
2004-11-11,38.009830474853516,38.02383073304316,37.386833671933275,37.386833671933275,4110600
2004-11-12,37.75084686279297,38.07284491390897,37.4638481354457,37.93984641547686,2654800
2004-11-15,37.82082748413086,37.96082738275618,37.52683010026606,37.69482784239567,3782300
2004-11-16,37.79985046386719,37.91184991398606,37.603852093728534,37.79985046386719,2752200
2004-11-17,38.32481384277344,38.65381309919944,37.9678167517618,38.009814838777814,4262400
2004-11-18,38.394832611083984,38.83583144842217,38.254835353762104,38.60483383761984,3064900
2004-11-19,37.63884353637695,38.394838998739,37.63884353637695,38.394838998739,2915200
2004-11-22,37.77884292602539,37.77884292602539,37.27484417842011,37.631841511122566,3036900
2004-11-23,38.030845642089844,38.0378444385208,37.38684688907805,37.77184477943264,3228500
2004-11-24,37.88383102416992,38.14983059064442,37.631831715960004,38.030832400809864,3231200
2004-11-26,37.81382369995117,37.96782383514085,37.72982483997299,37.89082376754601,1456100
2004-11-29,37.53384780883789,38.065847157661146,37.295848662317454,37.81384774719511,2666800
2004-11-30,37.49882888793945,37.827828243038795,37.4078285549868,37.41483001843942,2455500
2004-12-01,38.28983688354492,38.28983688354492,37.49883951658183,37.51983857233982,2976100
2004-12-02,38.40184020996094,38.42984073400839,38.00984088412749,38.14984083408779,2433500
2004-12-03,38.68183135986328,38.70283308473643,38.219833466801774,38.443832283420896,3358700
2004-12-06,38.32481384277344,38.68181093378507,38.16381494523681,38.68181093378507,2272900
2004-12-07,37.62483596801758,38.49983215332031,37.603836914058775,38.324832916259766,2738000
2004-12-08,36.959835052490234,37.785831591720736,36.693835488091544,37.76483253962586,4284000
2004-12-09,36.94585037231445,37.09285180978943,36.53985339572896,36.87585172229958,4347100
2004-12-10,36.693843841552734,37.09284461412257,36.63084667092661,36.8408452505108,4107600
2004-12-13,36.86884307861328,38.058838589174975,36.581844396972826,38.058838589174975,2921900
2004-12-14,36.84783172607422,37.1138312620923,36.742833806526285,37.04382997878442,3101600
2004-12-15,36.679847717285156,36.945844682599635,36.60284761196052,36.945844682599635,3598200
2004-12-16,36.45583724975586,36.74283585160245,36.2528375222781,36.6798360282568,3512700
2004-12-17,37.16983413696289,37.3798353421391,36.38583836054076,36.39983861890426,5306600
2004-12-20,37.25383377075195,37.63183004601671,37.16283343120853,37.16983222489213,2348100
2004-12-21,37.39384841918945,37.57584918302549,36.90385252488633,37.28184897616626,2676400
2004-12-22,37.736839294433594,38.002838910084975,37.53383951748183,37.56184003918761,1999100
2004-12-23,37.470821380615234,37.69482010432242,37.323822718859034,37.62482150451721,1110900
2004-12-27,37.204837799072266,37.55483626314528,37.03683736139561,37.372835566472546,1467500
2004-12-28,37.274845123291016,37.47784492069748,37.078846792154835,37.078846792154835,996600
2004-12-29,36.4488525390625,36.86185097742888,36.238853921479674,36.854852180629614,4026500
2004-12-30,36.32984161376953,36.7498387022562,36.13384065823624,36.57483947034069,2591900
2004-12-31,36.238834381103516,36.46283314177958,36.18283335579657,36.238834381103516,1675700
2005-01-03,35.6788444519043,36.574839669707245,35.64384246910931,36.29483982900563,3749900
2005-01-04,34.98583984375,35.80483749063868,34.91584123165991,35.80483749063868,4657900
2005-01-05,35.56684494018555,35.7908437439467,34.684847313884184,34.99984646613467,5336700
2005-01-06,35.335845947265625,35.783843570958936,35.237846800867274,35.4758458722389,3076700
2005-01-07,35.21685791015625,35.594854345312875,35.06985647785825,35.349856408611615,1957100
2005-01-10,35.68584060668945,35.93084111675028,35.06984260487584,35.09084432705465,2877800
2005-01-11,35.573848724365234,35.76984703757909,35.43384878480816,35.720847459275625,2044100
2005-01-12,36.35783767700195,36.371837935301215,35.66484224798394,35.69984155859398,4126100
2005-01-13,35.44083786010742,36.504833290374485,35.4128373479298,36.32983409467811,4252500
2005-01-14,35.6368408203125,35.69284185207786,35.069842389930976,35.41984082763598,3084500
2005-01-18,36.315853118896484,36.37885296960521,35.314856974456205,35.34985629812167,3537400
2005-01-19,35.986839294433594,36.30183842274209,35.916840674932224,36.119837739596655,2723200
2005-01-20,35.62984085083008,36.05683668770896,35.6158405933507,35.76983808507177,2457500
2005-01-21,35.04885482788086,35.68585208651351,35.00685404028813,35.45485443044611,2593000
2005-01-24,34.74784469604492,35.419841059980364,34.66384581812204,35.230844252222916,3019300
2005-01-25,34.88785171508789,35.14684986578646,34.66385288146587,35.104851753405285,2954600
2005-01-26,34.90184020996094,35.23783834712319,34.66384119568653,34.69184170801901,3530800
2005-01-27,35.6788444519043,35.699843505360185,34.677848626269146,34.677848626269146,4708800
2005-01-28,34.9438591003418,35.68585709699823,34.67786208573824,35.678858299888624,3717100
2005-01-31,35.41985321044922,35.440854939841536,35.04885559126918,35.174855286514685,3894400
2005-02-01,35.727848052978516,35.8258472071938,35.15385071805183,35.419847659414266,2684700
2005-02-02,36.56082534790039,37.02282303816194,35.993827090194024,36.53982630252157,6095300
2005-02-03,36.399845123291016,37.06484282786802,36.35784434069529,37.06484282786802,4199200
2005-02-04,36.805843353271484,37.029842178502385,36.329845182086665,36.364844497852125,3324900
2005-02-07,36.749839782714844,36.88283824158134,36.60983985901112,36.693838745122775,3731200
2005-02-08,37.4498405456543,37.533839440322204,36.67284342671514,36.85484414715178,6070700
2005-02-09,38.06169891357422,38.08983089496959,37.527204681129284,37.62566393319966,4835300
2005-02-10,37.87883758544922,38.27970883720061,37.717082754287496,38.061690056341185,3634700
2005-02-11,38.07576370239258,38.188288941608725,37.52016916003201,37.80148359947905,2204300
2005-02-14,38.00543212890625,38.20938494026211,37.78038167596634,37.98433180450918,2882800
2005-02-15,38.27970886230469,38.5539889102289,37.984328491823604,38.15311765821462,3302200
2005-02-16,37.9210319519043,38.18124868877189,37.83663871220242,38.08278946198425,2767500
2005-02-17,37.73820114135742,38.29379587741416,37.68193984354172,38.11797496216691,4133800
2005-02-18,37.119293212890625,37.74521494589022,36.95753836930299,37.74521494589022,4805100
2005-02-22,36.676231384277344,36.95754314226836,36.61996742299114,36.81688592186618,3327100
2005-02-23,37.077091217041016,37.35137123619449,36.96456601218799,37.133352478061276,4072900
2005-02-24,37.935115814208984,37.935115814208984,37.24589821911994,37.41468746087076,3890600
2005-02-25,38.673561096191406,38.70169039743542,37.50611058593438,37.695994771289556,4502800
2005-02-28,38.659488677978516,38.71574995392817,38.476633494812425,38.610259055467615,4608600
2005-03-01,38.32191848754883,38.84234676691779,38.16016092423874,38.66652589470679,4279200
2005-03-02,38.891563415527344,38.975956654832565,38.23750977458327,38.29377372266189,4414100
2005-03-03,40.38252258300781,40.839657764736025,38.90562884372272,38.99705641663089,8889100
2005-03-04,41.057674407958984,41.310856791927,40.080111178714425,40.53021200229645,6625600
2005-03-07,41.00141906738281,41.08581231881047,40.262972081061335,40.452858908883385,6256100
2005-03-08,40.89592742919922,41.26866674213016,40.656810985496925,41.008452656658356,4604500
2005-03-09,40.61461639404297,40.825600877709114,40.39659757399377,40.68494366099393,3505800
2005-03-10,40.77635192871094,41.04360024552862,40.57239919527607,40.62162879537249,3411000
2005-03-11,40.4317512512207,40.94514765135091,40.22779848488047,40.68493094278754,3275100
2005-03-14,40.58649444580078,40.78341567099988,40.29814828753082,40.43880553901191,3272300
2005-03-15,41.12801742553711,41.451527181180296,40.530227543030634,40.6849480837045,4775300
2005-03-16,39.92538070678711,41.15612609472946,39.87615110589438,41.00140295888828,4868300
2005-03-17,40.009796142578125,40.3051765947719,39.88320490346844,39.91133688611804,3839200
2005-03-18,40.19967269897461,40.220770339148196,39.78473545107936,40.12231110792099,5497600
2005-03-21,39.97462463378906,40.22780706215124,39.79177214820138,40.087149859415256,2053200
2005-03-22,40.24186706542969,40.57944269209976,40.05198027240041,40.08714389715117,3646500
2005-03-23,39.98164749145508,40.36845538459188,39.81989268287624,40.24889584958258,3041300
2005-03-24,39.94647979736328,40.25592608033008,39.85505224259472,40.101202938846676,1806400
2005-03-28,40.86076736450195,40.881867692311296,40.27000915929601,40.29814114116616,3104100
2005-03-29,40.262969970703125,40.909989335757224,40.087149141136734,40.60054564153304,5307200
2005-03-30,41.34601593017578,41.353047581050916,40.26295926417288,40.26295926417288,3652600
2005-03-31,41.11394119262695,41.34602597004607,40.74823355363533,41.34602597004607,3385300
2005-04-01,41.3389892578125,41.57810567406591,41.001413614186404,41.177234429584125,3853800
2005-04-04,41.022525787353516,41.29680590936077,40.797472610441055,41.21240996196353,2961100
2005-04-05,41.022525787353516,41.81020251669986,40.8256045929068,41.01549145033032,4414900
2005-04-06,41.09285354614258,41.339001688591885,41.036589580546426,41.296806397208314,2595600
2005-04-07,41.50074005126953,41.59216761757517,41.0014096279608,41.106903180068265,3491900
2005-04-08,41.212398529052734,41.50074456230154,41.0858073258886,41.49371291004254,2527400
2005-04-11,41.77501678466797,42.06336274539812,41.317881701231634,41.317881701231634,4269300
2005-04-12,41.10691833496094,41.880529059581285,40.61461938165096,41.775038151394945,6787500
2005-04-13,41.26163101196289,41.52887942420201,41.10691050619326,41.24756770646716,3825800
2005-04-14,40.90296173095703,41.71877035356872,40.881864087821285,41.52888351690739,3730000
2005-04-15,40.087158203125,41.1350517646622,40.087158203125,40.82560531767249,3339600
2005-04-18,40.0308952331543,40.31220970417788,39.538598933083456,39.84101105044904,3497700
2005-04-19,40.853729248046875,41.043616071413226,39.81990188176775,40.03792068255423,3570000
2005-04-20,40.248897552490234,41.05063997798158,40.248897552490234,40.86075319044745,3940900
2005-04-21,41.54998779296875,41.54998779296875,40.59352186529109,40.68494678277978,3354900
2005-04-22,40.70603942871094,41.38119077395854,40.25593853187921,41.177237966702606,3050700
2005-04-25,41.90163040161133,42.02821895793606,41.353067471074375,41.353067471074375,3492300
2005-04-26,41.49371337890625,42.196996656514834,40.89592366606408,42.09150309174843,5073300
2005-04-27,41.95789337158203,42.267337144802205,40.966263746993114,41.13505296690371,7408000
2005-04-28,41.29679870605469,42.19700052543036,41.21943710917464,42.19700052543036,4778800
2005-04-29,41.85942840576172,41.91568968285449,40.97328981693436,41.514818358370356,3698600
2005-05-02,41.76096725463867,42.11260893957847,41.42339155903404,41.85942649717171,4266800
2005-05-03,42.105567932128906,42.47830988341931,41.65546707597185,41.95084743958287,4469400
2005-05-04,42.393924713134766,42.53458193706186,41.94382374281878,42.02118535011935,3287500
2005-05-05,42.014137268066406,42.464238062386606,41.9086437206672,42.26731695276225,3144000
2005-05-06,42.90732192993164,43.07611113768456,42.28843442806895,42.32359806386356,3279200
2005-05-09,42.59083557128906,42.8721472681105,42.30952119165487,42.72445842606829,3871300
2005-05-10,42.92841339111328,43.95520636799454,42.54863976421871,42.59083772814463,9135400
2005-05-11,42.653011322021484,43.34506315173332,42.02451271618407,43.11202388880826,5590900
2005-05-12,42.71656036376953,43.25325259847471,42.55413761608062,42.744805338551735,5362500
2005-05-13,42.017433166503906,42.999016468286,41.395998106571405,42.999016468286,4180500
2005-05-16,42.660064697265625,42.7165600340859,42.038629461472176,42.158680705292305,2244300
2005-05-17,43.01315689086914,43.05552839783843,42.52589668303023,42.72362499452784,3440300
2005-05-18,43.56397247314453,44.14303625866135,43.19676083216014,43.19676083216014,4602800
2005-05-19,43.32387161254883,43.97355455980162,43.062587397056674,43.81819506709737,3531700
2005-05-20,43.712276458740234,43.952376302028966,43.43686567573684,43.6063490272892,3716900
2005-05-23,43.52866744995117,43.867631445035876,43.45805096116758,43.747582875334494,3197700
2005-05-24,43.95943069458008,44.19953050411958,43.23207069531898,43.359182517654375,3656800
2005-05-25,43.394493103027344,43.641653496562725,43.161453851540045,43.59222141785565,3101500
2005-05-26,44.481998443603516,44.48905901371032,43.74757523558433,43.81819171203598,2998900
2005-05-27,44.503173828125,44.77152123317682,44.3619382100006,44.489049996928024,2591500
2005-05-31,45.12461471557617,45.336464129149306,44.42549979786376,44.4961162690548,4241200
2005-06-01,45.053993225097656,45.230539781654294,44.7362137334486,45.159920620262525,3613800
2005-06-02,45.46358108520508,45.54832409285393,44.84920909590393,45.05400065695298,2667400
2005-06-03,45.66130828857422,45.89434209807083,45.26584636336993,45.30822055502579,4526900
2005-06-06,46.28981399536133,46.438110228875765,45.64719159577304,45.81667223583347,4055000
2005-06-07,46.09914779663086,46.67114837669775,46.09914779663086,46.31100265694084,6010100
2005-06-08,45.52716064453125,46.21921000196631,45.36473781869556,45.95086510242744,4191000
2005-06-09,45.979087829589844,46.03558316336514,45.22348025034286,45.53419919841542,3461400
2005-06-10,45.65424728393555,45.94377643816926,45.27291186631505,45.93671856228682,3192300
2005-06-13,45.64012908935547,46.14857640567725,45.13874503789719,45.936726949004836,5477400
2005-06-14,44.439613342285156,45.760163137360905,44.38311802333546,45.67542015893637,6143900
2005-06-15,45.484764099121094,45.484764099121094,44.637350312001864,44.771525373859596,3944800
2005-06-16,44.97631072998047,45.37883319055824,44.94806576100543,45.37176992793043,2825700
2005-06-17,45.63307189941406,45.74605720046906,44.98338890834693,45.30116848583377,4531600
2005-06-20,44.96220779418945,45.26586357601588,44.898654564076,45.12463058396822,2991500
2005-06-21,44.333702087402344,44.77859345745087,44.27014617739541,44.77153288693723,4041000
2005-06-22,44.58086013793945,44.75034074964686,43.924116706420286,44.065352345406964,3498200
2005-06-23,43.68401336669922,44.62322530577118,43.634581301160985,44.58791707236466,2894100
2005-06-24,42.78717803955078,43.71932957961286,42.72362213028082,43.50041418238388,4432100
2005-06-27,43.6134147644043,43.64872570830112,42.15869438910784,42.61770702745169,6830500
2005-06-28,44.10065841674805,44.10065841674805,43.26737115086385,43.8534953871934,3937100
2005-06-29,43.54984664916992,44.22777725210387,43.359181613488865,44.100665432419135,3215800
2005-06-30,46.60758972167969,47.20783790570832,45.40709335362242,46.25450192075787,17247000
2005-07-01,45.67543411254883,46.5793379411213,45.505953491614434,46.452226128497564,6861500
2005-07-05,46.1980094909668,46.2121360210016,45.31528993303319,45.40709621518156,3317300
2005-07-06,45.40003204345703,46.68527147863248,45.33647343495501,46.254503911948554,3954300
2005-07-07,46.028526306152344,46.028526306152344,44.80684282860358,45.18111503849735,5567400
2005-07-08,45.950843811035156,46.07089236407041,45.55538721859338,45.950843811035156,3715300
2005-07-11,45.8802490234375,46.24745812035893,45.74607387855537,46.07797741314093,2037100
2005-07-12,45.40708923339844,45.8802255506553,45.30116182519525,45.87316228672394,2920800
2005-07-13,45.60483169555664,45.8237444562389,45.33648145968191,45.40710334556061,3112700
2005-07-14,45.60483169555664,46.06384701530084,45.456535433059614,45.86611327761135,2257000
2005-07-15,45.7248649597168,45.81666583782754,45.35765605958216,45.60481641425852,2023300
2005-07-18,45.71781921386719,45.80256224838117,45.37179458473242,45.72488248033345,1902500
2005-07-19,45.82373046875,46.25449798019156,45.64012331935889,45.9014102093504,2226400
2005-07-20,46.6640739440918,46.80530687573164,45.64011633278445,45.82372345406905,2610000
2005-07-21,46.402801513671875,46.826505827947635,46.38868037119617,46.73470493262389,4864100
2005-07-22,46.74883270263672,46.81239132201969,46.085031158318834,46.18389533274264,2629100
2005-07-25,46.64291000366211,47.165478545190524,46.59347791713501,46.607599061417034,2962700
2005-07-26,46.85475158691406,47.39850983464171,46.69939208756331,47.03835875775518,4117700
2005-07-27,47.10190200805664,47.98462135144369,47.01010113591325,47.80807748276628,5188800
2005-07-28,46.60758972167969,47.15134256451468,46.32511840340378,47.10897375246559,4947300
2005-07-29,46.614654541015625,47.18665507352568,46.614654541015625,46.75588751101806,3560000
2005-08-01,46.431034088134766,46.95360239289264,46.35335436054619,46.81943272607766,2367900
2005-08-02,46.84062957763672,46.890061654906376,46.38867761754495,46.43104643014969,2318300
2005-08-03,47.066612243652344,47.08779665296403,46.50166951943945,46.593475810047586,2238100
2005-08-04,46.798255920410156,47.151343730060034,46.61465413853075,47.05954283912033,2651100
2005-08-05,46.74176025390625,46.974794085153384,46.61464844245701,46.69938605829534,2142300
2005-08-08,46.600528717041016,46.960679800000946,46.35336832194794,46.81944682785991,2242400
2005-08-09,47.40556716918945,47.65979082200066,46.58640625611408,46.81944550247309,3282400
2005-08-10,46.75346374511719,47.71745313432228,46.49828976516099,47.6040454809153,3096800
2005-08-11,47.71035385131836,47.71035385131836,46.81016084242783,46.85977769476303,3112400
2005-08-12,47.164573669433594,47.84503575117717,46.852693187364146,47.7103591052232,2823000
2005-08-15,47.816688537597656,47.972628798359885,47.029902973084646,47.065345907924275,2160100
2005-08-16,46.973182678222656,48.00096800129186,46.973182678222656,47.7741473451371,3280800
2005-08-17,47.50480270385742,47.90174297990968,47.051161309367984,47.05825097710963,2432800
2005-08-18,47.22835922241211,47.618209781808744,46.93065810859904,47.44809563217717,2912600
2005-08-19,47.596946716308594,47.80958805374562,47.15038963281122,47.277976598405985,2281600
2005-08-22,48.050594329833984,48.46879280018651,47.731624170303604,47.767067101751,3433000
2005-08-23,47.79542541503906,48.1285695376466,47.59695795676206,47.95136567735175,2310200
2005-08-24,47.58277130126953,48.16399965732976,47.547333779360486,47.703274017689395,3524400
2005-08-25,47.63946533203125,47.77414194032874,47.52605772069946,47.58275882245015,2529100
2005-08-26,47.001548767089844,47.59695653192975,46.845608509445285,47.59695653192975,2822300
2005-08-29,47.90174865722656,47.958455190216604,46.83143583032828,46.85269942824139,2974400
2005-08-30,47.30632400512695,47.880467983180765,47.10076695222259,47.70326418665949,3158600
2005-08-31,47.50480270385742,47.5615092301266,46.810166684471966,47.41974832228565,3137700
2005-09-01,46.774723052978516,47.384304681661554,46.68966867268073,47.24254377594397,4073800
2005-09-02,45.60517120361328,46.02337501881936,45.32873638893137,45.98084783375243,6810400
2005-09-06,46.094242095947266,46.391943120745424,45.54136721908505,45.62642697238297,4783600
2005-09-07,45.71858596801758,45.94540664332859,45.36417832485465,45.93123271704792,4501900
2005-09-08,45.782379150390625,46.002115578007384,45.59100139248623,45.93123512722174,4331600
2005-09-09,46.356502532958984,46.519526956162025,45.90994561759993,45.952478195338,4205100
2005-09-12,46.17223358154297,46.39196461960271,45.88870634698807,46.179323249560696,2733300
2005-09-13,46.356502532958984,46.5337062846845,46.15094553201788,46.17220911697224,2891500
2005-09-14,45.49176788330078,46.562080540796124,45.34291731363562,46.363613114575905,3534900
2005-09-15,46.129703521728516,46.214757901325555,45.328741432226565,45.49885830316844,4252500
2005-09-16,45.931251525878906,46.391977324392585,45.69734108772558,46.391977324392585,5205900
2005-09-19,45.4350700378418,45.78947776888243,44.67663770972817,45.71859730424086,3725400
2005-09-20,44.974334716796875,45.690237034052146,44.89636459529149,45.257859235824824,3842600
2005-09-21,44.23717498779297,44.8821969808591,43.953647707886674,44.27970489095387,4645800
2005-09-22,44.308040618896484,44.520687359577956,43.981986248927825,44.19463028569366,3215700
2005-09-23,44.79712677001953,44.97433059212886,44.230075080052856,44.34348541804619,3297800
2005-09-26,45.83907699584961,46.746359572934296,45.53428624812609,46.42739490086977,5909100
2005-09-27,47.1716423034668,47.28504989594021,45.973743174957356,46.06588718183135,5461200
2005-09-28,47.63946533203125,47.724525096402886,47.00153061881997,47.13620722711746,4806800
2005-09-29,47.68910217285156,47.73871903758266,47.04408293134733,47.45519177861954,2482700
2005-09-30,48.16398620605469,48.37663290944812,47.34885312798391,47.59693734338938,3151400
2005-10-03,47.58985137939453,48.19234320876401,47.490617685513946,48.14272636182372,3238800
2005-10-04,48.16398620605469,48.53966276976046,47.8095786389525,47.8095786389525,3693600
2005-10-05,47.526058197021484,47.95843587320754,47.39847125310051,47.80957993210769,3579300
2005-10-06,48.149837493896484,48.369568570044535,47.71745960301389,47.880489548688125,3787900
2005-10-07,47.70328140258789,47.99389292169138,47.24255028379037,47.99389292169138,3607600
2005-10-10,48.12856674194336,48.24906406206454,47.29216435362351,47.53315899386588,2435400
2005-10-11,47.27796936035156,48.05058070256733,47.17873566984026,47.88046657709518,3213500
2005-10-12,47.95136260986328,48.12856645882225,47.277984739119816,47.34887060496925,4424500
2005-10-13,47.12912368774414,47.9300883681603,46.95191987814143,47.68199870845162,4219300
2005-10-14,47.84501647949219,48.04348383074696,47.207081844866345,47.214171509648224,4260700
2005-10-17,47.660728454589844,47.80957898491023,47.107853511162595,47.5969376878084,4333800
2005-10-18,47.575687408447266,47.731622240146784,47.17166288231227,47.56859774087806,4779400
2005-10-19,48.461708068847656,48.48297166437647,47.36304209864824,47.398485029750944,4449300
2005-10-20,47.70328140258789,48.894091561282835,47.625311271352956,48.55385776972743,4343600
2005-10-21,46.79598617553711,47.88047818387055,46.661314938814805,47.689095014469174,7277400
2005-10-24,47.71744918823242,48.0435036005833,46.959016979369466,47.136220817027464,4353200
2005-10-25,47.4693603515625,47.738708212191256,47.14330597043355,47.738708212191256,2899300
2005-10-26,46.14388656616211,46.923582510901234,45.520130891937406,46.356533372833205,10236200
2005-10-27,45.399620056152344,46.150962509355935,45.328736907037886,46.14387284248666,5328000
2005-10-28,46.526641845703125,46.60461197136164,45.15154096018607,45.541388884562515,5222300
2005-10-31,45.81782531738281,47.19292887268826,45.78947205349864,46.64005374652731,6685200
2005-11-01,46.10844802856445,46.56917375322104,45.8461843604501,46.07300509228342,5642600
2005-11-02,45.86035919189453,46.03756306111798,45.50595145344764,45.87453852981884,5864600
2005-11-03,46.42738723754883,46.49826766321576,45.64769173955291,45.64769173955291,5364800
2005-11-04,46.27146911621094,46.576259958934,46.08717559535149,46.214762585510734,3560300
2005-11-07,46.56208419799805,46.57625812619916,46.28564663150266,46.41323361664147,2994000
2005-11-08,46.25612258911133,46.35573539817429,45.90747232890001,46.284584167199455,2808800
2005-11-09,46.04266357421875,46.47669314120764,45.935934013264095,46.320157175606276,3530500
2005-11-10,47.03169250488281,47.03880925838421,46.06402031140236,46.08536514341419,3237700
2005-11-11,46.498023986816406,46.9107086032278,46.46245109618811,46.818212573407045,2642000
2005-11-14,47.124183654785156,47.39456051498062,46.20631808062031,46.426888534240526,3942600
2005-11-15,47.672054290771484,47.728977449478954,46.96053109240176,47.10995031264046,5230400
2005-11-16,47.98513412475586,48.45473669007522,47.74321337471878,47.74321337471878,4628300
2005-11-17,48.134544372558594,48.51876754245357,48.034931561307054,48.326653243260544,4269200
2005-11-18,47.636478424072266,48.45473123023044,47.49417594843235,48.34800165925477,5623600
2005-11-21,49.09510803222656,49.436641607074186,48.3124334826286,48.476080802780494,7738600
2005-11-22,49.166255950927734,49.166255950927734,48.447615941702715,49.102221463502474,4238900
2005-11-23,49.40815734863281,49.735457267221236,49.01681753918496,49.0595071807649,2662700
2005-11-25,49.13777542114258,49.55757680351945,48.97412817516566,49.52199848300818,959700
2005-11-28,48.83184051513672,49.201835658896364,48.6681932014864,49.10222283445918,2581100
2005-11-29,49.18759536743164,49.57893528693928,49.09509930849849,49.166250540638686,2822100
2005-11-30,48.518760681152344,49.50066057970077,48.51164393035763,49.41527585563514,3781600
2005-12-01,49.571815490722656,49.64296671849309,48.61126034459495,48.632605170077014,3042000
2005-12-02,49.40815734863281,49.80660847935098,49.35835095729304,49.67853412612163,3237500
2005-12-05,49.237403869628906,49.5220142388013,48.88164226528623,49.41528467180024,3893300
2005-12-06,49.50066375732422,49.806618919253545,49.401050953764965,49.55758691035541,3730900
2005-12-07,49.557579040527344,49.77814943788293,49.15201113944364,49.529117468531496,3850400
2005-12-08,49.856414794921875,49.96314432719904,49.26584942101245,49.56469319708642,3958200
2005-12-09,49.557579040527344,49.92756861949379,49.46507757441839,49.85641740374907,4014600
2005-12-12,49.94182205200195,49.97739495982691,49.479330822341815,49.80663088818801,2654900
2005-12-13,50.22641372680664,50.475451158087075,49.735466472303834,49.806617697602306,2733800
2005-12-14,50.83834457397461,51.21545653453896,50.382970033907796,50.5181612165345,4900100
2005-12-15,50.36872863769531,51.21544299387834,50.32603898225459,50.83833113301719,3567700
2005-12-16,50.340248107910156,50.66043126016901,50.14813930225269,50.55370716174222,6021000
2005-12-19,49.78528594970703,50.340273252697486,49.5220203756125,50.340273252697486,3686100
2005-12-20,50.33314895629883,50.58218098717816,49.913352879743826,49.948925782160224,2657300
2005-12-21,50.08411407470703,50.881021956653235,50.07699732323237,50.496798804384035,2974700
2005-12-22,50.745845794677734,50.79565221271509,50.39720086841626,50.48258019734177,2235300
2005-12-23,50.86677932739258,51.265235911121636,50.81697293298768,51.19407926612333,2631300
2005-12-27,50.18374252319336,51.51429318215188,50.14105285802109,51.158531496402894,2676300
2005-12-28,50.48969650268555,50.681810848047256,50.29758758581622,50.41854525304848,1717000
2005-12-29,50.646209716796875,50.959281588499906,50.61774814405206,50.66043778892431,1939500
2005-12-30,49.97739791870117,50.56084684079435,49.92048017711308,50.55373551590351,1825400
2006-01-03,50.11968231201172,50.23352317023032,49.32989134056426,50.091220740334634,4943000
2006-01-04,50.63911056518555,50.71026180752993,49.70701680494294,49.86355279519567,3165000
2006-01-05,50.04142379760742,50.19795975714915,49.50778144198283,50.19795975714915,4598100
2006-01-06,49.34415054321289,50.16240360257047,49.130696763702105,50.04855724403686,4820000
2006-01-09,48.93144989013672,49.37971299699539,48.853187329446186,49.29432825557197,4567300
2006-01-10,49.166255950927734,49.26586877258368,48.789149493445706,48.95280223101855,3869000
2006-01-11,49.877769470214844,50.02007735086387,49.17336310359658,49.785273419160916,5011600
2006-01-12,49.5860595703125,50.126813359505746,49.479329991645564,49.98451087361108,2347000
2006-01-13,49.4366340637207,49.948926205085364,48.94568132119366,49.55047495230468,2963700
2006-01-17,48.8745231628418,49.37970390918484,48.853178338537084,49.14489998485218,2712900
2006-01-18,48.61838150024414,49.038177582062424,48.41915587304283,48.77491747261408,2650700
2006-01-19,48.50453186035156,48.73221905134191,48.184348614065115,48.4974205373609,2642700
2006-01-20,47.31629943847656,48.49743072186506,47.309182685500545,48.45473563250091,6433800
2006-01-23,47.68628692626953,47.913974154381094,46.8893843421249,46.8893843421249,4067400
2006-01-24,48.14165496826172,48.2981854884328,47.764543169899845,47.9637741954174,3581900
2006-01-25,47.60801315307617,48.319536251976196,47.60801315307617,48.177228375101926,3722700
2006-01-26,48.895870208740234,48.91721503401475,47.89973674416762,47.98512147375635,4768300
2006-01-27,48.78203201293945,49.27298478984,48.3764639798234,48.661074363946774,3954700
2006-01-30,49.116455078125,49.130688584818806,48.52588940565413,48.75357665632465,2048100
2006-01-31,48.60415267944336,49.13068380605512,48.60415267944336,49.09510547127345,4090500
2006-02-01,50.959285736083984,51.3506201790736,49.80661637430775,49.80661637430775,11806000
2006-02-02,51.016204833984375,51.44312304293061,50.73159993267426,50.76717283109276,6602900
2006-02-03,50.42564392089844,51.293697540722405,50.41852716993951,51.016203966719004,3786800
2006-02-06,50.617759704589844,50.97352130241715,50.02008282591573,50.26911485869661,3162900
2006-02-07,50.90949630737305,51.26525797149587,50.63200264363662,50.731615475311635,4246300
2006-02-08,51.27388381958008,51.395350738539975,50.73084786534842,50.90947761135317,2890800
2006-02-09,51.4525032043457,51.988392334445365,50.99521158276835,51.2810147577446,4149200
2006-02-10,51.824066162109375,51.94553309307773,51.46680663478052,51.51682275055264,2813100
2006-02-13,51.523983001708984,51.90267732793672,51.316771767266616,51.409657306285936,3294600
2006-02-14,51.95267105102539,52.059849981423746,51.395347154570196,51.695443798608096,4160300
2006-02-15,51.76690673828125,51.97411793193865,51.48110345867613,51.7097493531691,2797800
2006-02-16,51.83836364746094,52.10987894696636,51.58827759770668,51.90981446824151,2216800
2006-02-17,52.131309509277344,52.159890925590084,51.645436334656296,51.838359531930344,2670700
2006-02-21,52.19560623168945,52.44568674878366,51.90979759014761,52.26705702923831,3333000
2006-02-22,53.153072357177734,53.31026742235645,52.20276070048661,52.20276070048661,5008400
2006-02-23,52.80296325683594,53.017315718773574,52.717219001251976,52.83868594148478,2574200
2006-02-24,53.09590148925781,53.29596592326532,52.3813825384613,52.62432181643254,2646200
2006-02-27,52.96730041503906,53.51033647273883,52.87441489190353,52.91014302845088,1974100
2006-02-28,51.93838882446289,52.87440698751337,51.702596241735726,52.802956176448376,3903000
2006-03-01,52.12416458129883,52.21705555034025,51.62400340702941,51.84550257687045,2047000
2006-03-02,52.016998291015625,52.409980567744334,51.68831467225158,51.98127015160905,1781000
2006-03-03,52.43855285644531,53.16021862625474,51.80977805237584,52.024130497438094,2707900
2006-03-06,51.89551544189453,52.66719730641691,51.659728303857925,52.660050589704404,2347000
2006-03-07,52.27421951293945,52.32423563144568,51.709748774741726,51.91695996608125,1919400
2006-03-08,52.031288146972656,52.05986956925593,51.37393178850397,52.052722850847886,3173300
2006-03-09,52.70292282104492,53.0530356037022,51.80262735715029,51.98125710665771,3000600
2006-03-10,53.43888473510742,53.5174822730859,52.302796518821886,52.71007219227938,3029100
2006-03-13,53.474609375,54.23200336400062,53.23167548607319,53.738983417080675,3658300
2006-03-14,53.91045379638672,54.039067428302054,53.38885800403631,53.47459679108181,2602500
2006-03-15,54.33917236328125,54.51780211404635,53.78184296176236,53.874733921022525,2594900
2006-03-16,54.82505416870117,55.05370006776486,54.374903636762994,54.482082594431525,2633500
2006-03-17,55.62531280517578,55.78965460256097,55.05370077583889,55.160874283537595,4535500
2006-03-20,55.8610954284668,56.346968564697725,55.61101486967455,56.089741289555036,3363400
2006-03-21,55.91828155517578,56.58992598558325,55.91113483584762,56.30412262865221,4118800
2006-03-22,56.16835403442383,56.30411442513047,55.98257751840665,56.16120731613695,2525300
2006-03-23,55.6610221862793,56.17547665527429,55.38236025746476,56.16832994005311,2285900
2006-03-24,56.25408935546875,56.525604642362545,55.76821616484179,55.76821616484179,2947500
2006-03-27,56.01113510131836,56.26836233667947,55.60385955388769,56.25407435753563,3137900
2006-03-28,55.382381439208984,56.44701345779486,55.28234919323977,56.09690059690259,2901700
2006-03-29,56.575618743896484,56.78997663999195,55.6324538135024,55.69675791152239,4044000
2006-03-30,56.03257751464844,56.80425932703719,55.77535024385219,56.41127170461313,3002400
2006-03-31,55.682472229003906,56.38984459318006,55.596727976754565,56.161198705196455,2294300
2006-04-03,55.7396354675293,56.539893355593755,55.73963546752929,55.91111852192196,3303500
2006-04-04,56.16118240356445,56.33981212205629,55.37521273246964,56.14689442467752,2598500
2006-04-05,56.52558898925781,56.582751807936816,55.60385898060802,56.339812554224274,3085100
2006-04-06,57.032920837402344,57.25442003918963,56.60421041886134,56.60421041886134,2910700
2006-04-07,56.854270935058594,57.42588825852166,56.246930935970845,57.15436757677064,2709900
2006-04-10,57.72600555419922,57.81889108567338,56.88287269866484,56.89001941688554,2808100
2006-04-11,57.568817138671875,57.66884939996918,56.95433013278877,57.611686550270896,2748000
2006-04-12,59.455135345458984,60.18394790091337,57.95464628311232,57.96179300069277,6518900
2006-04-13,59.25505828857422,59.80523549584547,59.16931404985071,59.80523549584547,3230700
2006-04-17,58.84062576293945,60.0124362319837,58.55481713482828,59.44796569058434,3318000
2006-04-18,59.519447326660156,59.56946344906514,58.504825991468536,58.89066698631349,4339800
2006-04-19,60.70551681518555,60.726951507048376,59.80522159752602,59.84094971819463,3359900
2006-04-20,61.09136962890625,61.63440555198477,60.526899009752384,60.526899009752384,4445900
2006-04-21,61.7773323059082,61.86307657645783,61.34862185585832,61.59155577872524,4202800
2006-04-24,61.52008819580078,62.34178618129657,61.52008819580078,61.920222564740406,3623600
2006-04-25,60.812705993652344,61.791598880985454,60.66265767393211,61.69870793210142,4649400
2006-04-26,60.6697998046875,61.52007355217982,59.44796774108473,60.13391065274979,6190800
2006-04-27,60.091033935546875,60.519744153428526,59.37651508862873,60.405423972621634,3906500
2006-04-28,59.62660217285156,60.49117487018775,59.31221755243973,60.219654189542844,3863800
2006-05-01,59.919578552246094,60.10535506443575,59.17647795483617,59.62662307335669,3928200
2006-05-02,60.96989822387695,61.32001095378285,59.91955458281276,60.20536322923138,3012300
2006-05-03,61.35572814941406,61.4700483168095,60.89128986313349,61.019903458544334,3040800
2006-05-04,61.90593338012695,62.270339641572264,61.312881228457684,61.370044063850685,3319700
2006-05-05,63.21350860595703,63.2706714449543,62.37752252817826,62.498989472536195,3349100
2006-05-08,62.5847282409668,63.806560755547125,62.42039189313676,63.22065528455844,3334800
2006-05-09,62.870521545410156,62.87766826136247,62.234600109329136,62.5990063040392,2231900
2006-05-10,63.76673889160156,64.22559511883613,62.84185527014504,63.092791414726804,3781600
2006-05-11,63.24334716796875,64.20408106422823,63.021090242191065,64.13238034107667,2652700
2006-05-12,62.38298034667969,63.81690699453811,62.33279313280448,63.24333414739631,2932000
2006-05-15,61.55848693847656,61.995835113853374,60.63360336120416,61.4867916820208,4170600
2006-05-16,61.9456787109375,62.36151906329569,61.192864468564935,61.58002561007081,3056600
2006-05-17,60.06004333496094,61.9456612597881,59.70873267349069,61.9456612597881,5267000
2006-05-18,59.31439208984375,60.82718002530821,59.221183335101344,60.404174190699074,3616900
2006-05-19,60.662288665771484,61.15699528412307,58.83402935707925,59.507976869616435,5575700
2006-05-22,61.45094299316406,61.68037110207225,60.23927288705648,60.554738588054335,4535100
2006-05-23,61.04945373535156,62.160744071603816,61.04945373535156,61.68755092371533,4044000
2006-05-24,59.063453674316406,61.049445717031205,58.52573102643298,60.920392062739275,6731600
2006-05-25,59.50080108642578,60.08154525813402,58.99892880963848,59.36458173701069,3295700
2006-05-26,59.866458892822266,60.088715852084874,59.543827470021824,59.93815415677814,2354600
2006-05-30,58.88422775268555,59.86647000824807,58.482729823988,59.86647000824807,3935800
2006-05-31,59.68722915649414,59.82345401247622,58.224622524367554,58.224622524367554,3958200
2006-06-01,59.96684265136719,60.02420105942178,59.185354854119026,59.93816344733988,2373600
2006-06-02,60.08155059814453,60.64078131912519,59.62986003889242,60.224941127114626,3230300
2006-06-05,58.88422775268555,60.20344382840452,58.83404051159835,60.074390141323306,3421800
2006-06-06,57.823123931884766,59.03478887435646,56.977106540751215,58.79102384013103,6324700
2006-06-07,58.40388107299805,58.73368382435052,57.56503458781889,57.952195766363275,5014200
2006-06-08,58.21026611328125,58.67628799465353,56.64728552360954,58.40384384415927,7561100
2006-06-09,57.715572357177734,58.78384663690979,57.357090541294646,58.755167435239336,3927800
2006-06-12,55.83711242675781,57.894799530990106,55.543160251865835,57.78725391773807,5244400
2006-06-13,55.1918830871582,55.83714621716361,54.77604271493218,55.75827975105177,5184100
2006-06-14,58.79819107055664,58.79819107055664,56.783519473814934,56.926915487283324,9857200
2006-06-15,60.80570602416992,61.03513425116477,58.798210405465106,58.798210405465106,8055900
2006-06-16,61.32905960083008,61.551316539614575,60.762657768768705,61.01359390449273,6019900
2006-06-19,60.76982116699219,61.823758272300545,60.44718434516485,61.4079181748325,4342100
2006-06-20,60.8343620300293,61.28605261118341,60.260794416339145,61.121148571873526,3094400
2006-06-21,61.55133056640625,61.71623461888879,60.870217261366896,60.870217261366896,3589600
2006-06-22,60.267982482910156,61.429465946970645,60.13892876468121,61.33626261102766,3631100
2006-06-23,59.78759002685547,60.56908314114587,59.62269147347161,60.267954292796674,3066100
2006-06-26,60.14605712890625,60.42567240773206,59.36456967526398,59.85210498936988,1930000
2006-06-27,58.740821838378906,60.36832663378238,58.61893935189445,60.11739049396215,3214200
2006-06-28,59.2498664855957,59.28571685058123,57.952164229085675,58.747994195784564,3171600
2006-06-29,59.507965087890625,59.86644680528755,58.27478710484567,59.24985781376508,5236500
2006-06-30,58.72649002075195,59.50797770476973,58.48271955683944,59.500806537302225,4470800
2006-07-03,58.28913116455078,58.55440414248974,58.031023882774406,58.32497605535485,1629300
2006-07-05,57.47898864746094,58.28199010219779,56.82655440986216,58.27481893233409,5662800
2006-07-06,57.93780517578125,58.0596930995598,57.357066626585826,57.55064431965226,3195900
2006-07-07,57.34992218017578,58.281977135087466,57.02011954982207,57.64387990918592,2586400
2006-07-10,57.60801315307617,58.25328136371987,57.37858506373586,57.37858506373586,2665800
2006-07-11,58.525753021240234,58.654806724032376,56.5397657021609,57.428799282506915,3821900
2006-07-12,58.01668930053711,58.755160883712854,57.62236262903437,58.39667910780247,2659200
2006-07-13,57.06312561035156,58.10272602694158,56.97709348621841,57.85895557856961,3609900
2006-07-14,55.38543701171875,57.07030034461285,55.12732968319051,57.06312917715427,5436600
2006-07-17,56.60426712036133,57.19217698177492,55.77976345703552,56.002020395497524,4515600
2006-07-18,56.76200866699219,57.54350185973001,55.90165450819665,56.99860797516038,4306900
2006-07-19,58.99892807006836,59.19967697826683,56.18126124857411,56.86954556382494,5065700
2006-07-20,57.85179138183594,59.507975454321965,57.801604151457504,59.43628019235248,4605700
2006-07-21,56.697471618652344,57.851783224593326,56.324647556983514,57.851783224593326,4032200
2006-07-24,58.38951110839844,58.5113935946027,56.94841289446146,56.96274975813355,4023600
2006-07-25,60.045711517333984,60.26796852001336,57.85896998452397,57.894820358504106,4557400
2006-07-26,57.285400390625,59.04913042596103,57.070309093877164,58.920076741912105,6634600
2006-07-27,56.432220458984375,57.56502458416276,56.03072247841472,57.35710442422497,5202100
2006-07-28,56.575599670410156,57.42878262529281,56.425032502491575,56.92691029889125,4317100
2006-07-31,55.50730895996094,56.295967660588715,55.42127684679971,56.252951604008096,5519200
2006-08-01,56.0450439453125,56.12391037982156,54.86205289767482,55.507321239113395,4504200
2006-08-02,56.3676872253418,57.10615895016521,56.20995433848653,56.425040163290106,3784500
2006-08-03,56.92692184448242,57.27823254421433,55.50733123760776,55.83713390041719,3681200
2006-08-04,56.99141311645508,57.85893808245014,56.74764821179356,57.47178270092843,3598400
2006-08-07,57.1778450012207,57.321235527958116,56.36767813215816,56.71181758432715,3230500
2006-08-08,56.03068542480469,57.95214737113567,55.808423072545146,57.03443518243959,5676600
2006-08-09,55.534088134765625,56.87277410200382,55.21020798067748,56.31858722525381,4175500
2006-08-10,54.843135833740234,55.2749759591215,54.02984718094608,55.2749759591215,5609200
2006-08-11,54.67043685913086,55.24622038803269,54.45452215410168,54.85756732968576,3274000
2006-08-14,54.26017379760742,55.55568353650275,54.08744099611363,55.167030614834154,3772100
2006-08-15,55.11665344238281,55.203017103007845,54.47609733438736,54.69921077910483,3516300
2006-08-16,56.73604965209961,56.82241333050406,55.318187360125414,55.562891770375664,4181600
2006-08-17,56.563289642333984,57.16786261492938,56.05228460693285,56.73602791511903,2893300
2006-08-18,55.86517333984375,56.62808167861289,55.53409980620662,56.62808167861289,3426400
2006-08-21,55.15264129638672,55.86517450535137,55.06627762820501,55.86517450535137,2537600
2006-08-22,55.38294219970703,56.030697033549664,54.879135935094126,55.41893071478358,2632700
2006-08-23,54.95829391479492,55.814769863084294,54.749572654662416,55.41891825057865,2493900
2006-08-24,54.152217864990234,55.447727702629045,53.97948505033079,55.31097791669018,3307900
2006-08-25,53.209373474121094,54.411315255613125,52.935879416325974,54.15221330988019,4604300
2006-08-28,53.777957916259766,53.99387254333894,52.57601613651461,53.28854374070627,4744200
2006-08-29,53.101417541503906,54.69201236520366,52.46806023109098,54.670421449894164,7186000
2006-08-30,53.99386978149414,54.19539777730037,53.000649369150175,53.25975130125319,3850800
2006-08-31,53.907508850097656,54.396923025298534,53.79954879109751,53.79954879109751,3056900
2006-09-01,54.28897476196289,54.63444592761046,53.590839118627734,53.97949212082703,3275400
2006-09-05,54.23857879638672,54.91512333027842,54.015465382476194,54.5192716368149,2674100
2006-09-06,53.5764274597168,54.37532409096762,53.403689194365995,54.238574337000536,3042700
2006-09-07,52.44646453857422,53.57643476248824,52.36729419559937,53.57643476248824,4272900
2006-09-08,52.39609146118164,52.98626697226788,51.942660251331745,52.75595471162636,4956300
2006-09-11,53.130210876464844,53.353324337957176,51.91387131449178,51.91387131449178,3535300
2006-09-12,53.44687271118164,53.53323634664879,52.97904955179104,53.108600496067275,3314800
2006-09-13,54.92951965332031,55.05187182574495,53.518856541927086,53.518856541927086,4886400
2006-09-14,53.986671447753906,54.44009704120334,53.72756953976111,54.0298532687274,5230800
2006-09-15,53.986671447753906,54.69919894919613,53.785148961776386,54.38251761918807,4108100
2006-09-18,54.1306266784668,54.44010927751528,53.83554168369618,54.05145632816994,2407200
2006-09-19,53.88591003417969,54.33933562619372,53.367706219834574,54.23137558302584,2351900
2006-09-20,54.835960388183594,54.98710228487212,54.34654617892105,54.34654617892105,4003700
2006-09-21,54.77840042114258,55.61328055065802,54.519298365860095,55.45494528672231,4435500
2006-09-22,55.598876953125,55.973132349550724,54.51208830624819,54.84316186606884,4682000
2006-09-25,55.92995071411133,56.53452388414633,55.685246317698585,55.922751910958624,4622000
2006-09-26,56.858375549316406,57.067096827350575,55.68522370147852,56.24660931567181,4247500
2006-09-27,57.15348815917969,57.549334468334834,56.98074983303558,56.98074983303558,4288800
2006-09-28,57.059913635253906,57.830020738135964,57.03832271973676,57.26863497038157,4449700
2006-09-29,56.75042724609375,57.39818212376223,56.707245417941465,57.21825051835859,4041900
2006-10-02,57.5565185546875,57.779631971728314,56.74322424417488,57.11028622952946,5727300
2006-10-03,58.85919952392578,59.082312857571594,57.563695839792025,57.563695839792025,5901700
2006-10-04,60.428199768066406,60.442597364370194,59.02473613752319,59.377400371928445,7232700
2006-10-05,60.18351745605469,60.543380619647536,59.78046697889895,60.43542057235446,3688200
2006-10-06,60.22670364379883,60.737708714209404,59.838050740019696,60.1835218181822,3649900
2006-10-09,59.485389709472656,60.36345682041922,59.35583873423338,60.23390584517995,4452000
2006-10-10,59.11112976074219,59.49978269214513,58.87362421189336,59.37743051681742,4005000
2006-10-11,58.75849914550781,59.0176012488134,58.21870401213452,58.98161271015649,3258000
2006-10-12,60.19792556762695,60.35626628026824,59.089546070215505,59.16151762384948,4129800
2006-10-13,59.29825210571289,59.98918872610405,58.888008315759514,59.91721719105675,4005200
2006-10-16,59.49261474609375,59.629359092258724,58.88084262647233,59.29828545200153,2472600
2006-10-17,59.22629165649414,59.34144503590871,58.65770708836478,59.34144503590871,2918200
2006-10-18,59.55015182495117,60.06835563343587,58.98156739570134,59.39181116223909,3796200
2006-10-19,59.31267166137695,59.70851799619386,58.85204158620896,59.55017726583583,2425200
2006-10-20,58.830440521240234,59.66532586784721,58.801650803314764,59.66532586784721,3017200
2006-10-23,59.593353271484375,59.62213749782686,58.657706674116696,58.823246176510224,2818000
2006-10-24,60.161922454833984,60.377842554448655,59.53576404988867,59.80925808380118,3815100
2006-10-25,58.19709014892578,59.44941282728809,58.0099597056052,59.44941282728809,7074000
2006-10-26,56.959163665771484,58.11792395101609,55.97313623000012,58.11792395101609,10621400
2006-10-27,57.390995025634766,57.86601719648725,56.51292773363081,56.9807511012976,6880400
2006-10-30,57.73646926879883,58.32664486665738,57.585327340319246,57.758060188427585,3739800
2006-10-31,57.47734832763672,58.00994430375139,57.081496627842846,58.00994430375139,3943800
2006-11-01,57.62129592895508,58.11790892021669,57.37659157974474,57.585312902288365,3180100
2006-11-02,57.00233840942383,57.866013531431825,56.93756565808897,57.62130365831907,4044600
2006-11-03,57.5565185546875,57.83001259786903,57.13907594319221,57.19665537051772,2706700
2006-11-06,57.9235954284668,58.20428834498119,57.56373215179935,57.56373215179935,3082600
2006-11-07,61.06880187988281,61.162369853656145,58.009963781392315,58.103531755165655,11846400
2006-11-08,61.71883773803711,62.022199594591335,60.33206114729901,60.85210374646588,8496700
2006-11-09,61.47324752807617,62.47721622659525,61.42991249407236,61.93550625931264,6147800
2006-11-10,61.84164810180664,62.82394985917211,61.71163741302115,62.40502591635643,5496600
2006-11-13,61.892189025878906,62.36166672410148,61.60327585812324,61.89940785991656,3360100
2006-11-14,61.92831039428711,62.181107393154974,61.2204787974571,61.892199686198154,3463100
2006-11-15,62.89617156982422,63.25731172971908,62.36890451173065,62.405020731944745,5850900
2006-11-16,64.07347106933594,64.59351365597466,63.199512754230376,63.502869092916235,6966900
2006-11-17,64.65851593017578,64.73796718669341,63.97235199904372,64.31904889208066,5748600
2006-11-20,64.36962890625,64.44185584152815,64.0084887192973,64.3190695004991,5571500
2006-11-21,65.79972839355469,66.4858979240502,64.69464051423049,64.89687809860865,8516400
2006-11-22,65.07743072509766,66.15362644543228,64.84630133192728,65.79971076757501,4480800
2006-11-24,64.83907318115234,65.06298372835253,64.3912631078701,64.46349000576475,1213700
2006-11-27,63.105613708496094,65.02687589036323,62.802251881414094,65.00520836926303,6282300
2006-11-28,63.51731491088867,64.09513569504631,62.874486051059336,63.66899307337605,4950600
2006-11-29,64.2034912109375,64.60796638900244,63.5101028297286,63.734007944648695,4427600
2006-11-30,63.943443298339844,64.60072070003095,62.91058274608149,64.35514265074723,4194000
2006-12-01,64.68017578125,65.04131577888833,64.03012268338918,64.71628647467841,5154400
2006-12-04,64.70185852050781,65.43858186435794,64.586291049008,64.68019099724168,3492900
2006-12-05,65.53248596191406,65.79972611319765,64.40572508568907,64.7090814517432,4385100
2006-12-06,65.60469818115234,66.34142140657544,65.5541387981386,66.16085139430356,4214800
2006-12-07,65.01244354248047,66.19698265145473,64.82464914406435,65.94418567891036,3784500
2006-12-08,65.09909057617188,65.52523861652523,64.66572370384688,65.05575554210701,2796300
2006-12-11,64.8463363647461,65.14969282393871,64.65854190929059,64.83911201746177,2365000
2006-12-12,65.2291259765625,65.54693104196362,64.82465081009624,65.02688839332937,3634800
2006-12-13,64.71629333496094,65.720262193977,64.5646151811412,65.59747590429812,3695000
2006-12-14,64.95467376708984,65.09912763658168,64.34073655590669,64.49963911868485,3510400
2006-12-15,65.51083374023438,65.65529313465223,65.12802598851131,65.12802598851131,5305000
2006-12-18,64.6874008178711,65.65525896986135,64.579063216636,65.54691585806668,2626500
2006-12-19,65.12799835205078,65.3230170741199,64.26126439558388,64.28293191791154,2628900
2006-12-20,65.07743072509766,65.43857074633632,64.41293440855274,65.1352144510301,3296000
2006-12-21,64.96185302734375,65.29410110502968,64.61515626639952,64.86073428676795,2834600
2006-12-22,64.10957336425781,64.76684528873315,63.813435923710294,64.75240211359964,2511700
2006-12-26,64.13125610351562,64.28293427593317,63.81345106955868,64.24681806368886,1566200
2006-12-27,64.19625091552734,64.60795033678608,64.09513214613465,64.39126962118442,2007400
2006-12-28,64.28290557861328,64.42735934198252,63.85676311928349,64.17456250080741,1274600
2006-12-29,64.16736602783203,64.61518170565891,64.10236345925213,64.4635035350789,1780300
2007-01-03,64.40571594238281,65.22189599161908,63.88567338265419,64.21070273776454,4871700
2007-01-04,64.66576385498047,64.88245018096342,62.84561965685994,63.80624840862684,2718900
2007-01-05,64.39128875732422,65.0052258998214,63.9218054681577,64.84632335482091,3285900
2007-01-08,64.23961639404297,64.57908904182699,63.242865979602804,64.00126255488887,2989000
2007-01-09,63.560638427734375,64.79573653591532,63.242833472216844,64.23235903154075,4193800
2007-01-10,64.4779281616211,64.52848753726728,63.560635057594794,63.589526916615284,3955200
2007-01-11,64.16736602783203,64.47794671346547,63.79178277361869,64.26126597430554,4048600
2007-01-12,63.65456771850586,64.17461047226728,63.1995330642456,63.95070531850521,3890500
2007-01-16,63.560638427734375,63.92900276157889,63.055044644464616,63.741208423267715,5537800
2007-01-17,64.16014099121094,64.67295918804082,62.997269618624976,63.57509037775061,4501400
2007-01-18,63.560638427734375,64.55738281927718,63.38729277497888,64.37681282374383,3348000
2007-01-19,64.01570129394531,64.35517391816634,63.416212830267916,63.88569061893644,4368900
2007-01-22,61.82720947265625,63.45956493966734,61.26383156639866,63.20676786770083,8426800
2007-01-23,63.09840774536133,63.6906773737221,61.39382578850612,61.401050134497254,6559700
2007-01-24,63.271751403808594,63.38731889363765,62.49168737914611,63.0911813338716,3368600
2007-01-25,62.23164749145508,63.17060818581952,62.11608004630058,63.055046251224105,2850300
2007-01-26,61.70439147949219,62.29666096330058,61.104897651455865,62.116090931522905,5149400
2007-01-29,61.75497055053711,62.11611072919522,61.393830371879,61.42994659396953,3116500
2007-01-30,62.1160888671875,62.54945582693963,61.791065025013374,61.9355188414108,3151100
2007-01-31,64.6874008178711,65.25077838653188,64.28292574510121,64.49961196869054,11568600
2007-02-01,65.76361083984375,66.62312048394651,64.81020124808585,64.96909825457857,6622200
2007-02-02,65.04135131835938,66.07421249639665,64.96911887091568,65.76363170829978,5098100
2007-02-05,65.52527618408203,66.03087023990659,65.2291385866977,65.33025739786262,3028600
2007-02-06,65.71305084228516,65.72749402072012,64.93298695335095,65.72749402072012,3521700
2007-02-07,65.51001739501953,66.12632526182445,65.03872119151917,65.68403249735307,2813600
2007-02-08,64.90819549560547,65.51725652967836,64.20488298426592,64.99520579528424,5155600
2007-02-09,65.25625610351562,65.47377916993055,64.55293779152755,64.78495981417751,4282800
2007-02-12,64.67621612548828,65.17651599717325,64.37168817395956,64.92999495027178,3449200
2007-02-13,64.74147033691406,64.79947723711587,64.0236529254048,64.67621119122641,3009800
2007-02-14,65.2127456665039,65.37950853594188,64.72694494895686,64.72694494895686,3865800
2007-02-15,66.49609375,66.56135285267378,65.15471687506182,65.27072506715912,5702200
2007-02-16,65.93778991699219,66.70636144167531,65.78552606013074,66.69186249276218,4545500
2007-02-20,66.00308990478516,66.48163853305999,65.14025524390065,66.34387352822164,3940500
2007-02-21,65.95231628417969,66.70638917343948,65.29250596347792,65.47377332536227,4971700
2007-02-22,65.67678833007812,66.65563092489448,65.45201305185824,66.05382198837636,3176500
2007-02-23,65.45926666259766,65.87255601268186,65.25624810913042,65.40851202423084,2341700
2007-02-26,64.48043060302734,65.78555791063798,64.21215289761814,65.60429053634991,4537900
2007-02-27,63.226070404052734,64.31367486420393,61.80493457327625,63.806128328870315,5937900
2007-02-28,63.26956558227539,64.10339660657125,62.39223215853771,63.371074868867105,6093600
2007-03-01,63.69733428955078,64.38615341544019,62.29070366681825,62.790997701674875,5151800
2007-03-02,63.10281753540039,64.197674373469,63.088318574853005,63.71187898340787,4307200
2007-03-05,63.095542907714844,63.94387839265202,62.63875113262641,63.05204050966101,3783200
2007-03-06,63.67559051513672,63.82785441581882,63.11728954596904,63.82785441581882,3321800
2007-03-07,64.3209228515625,64.71246109511871,63.67561135713892,63.67561135713892,5205900
2007-03-08,64.45143127441406,65.01698463320768,64.24841268734369,64.51669040988189,2811500
2007-03-09,64.90098571777344,65.32152190926014,64.63270795664782,65.03874518919045,2820600
2007-03-12,66.12632751464844,66.61212822013397,64.53117703659248,64.53117703659248,5964200
2007-03-13,64.85746765136719,66.05383348971729,64.85746765136719,65.90882179554701,5247800
2007-03-14,65.24176025390625,65.47378228760442,64.19040609196009,64.85746874736215,4027900
2007-03-15,66.01033020019531,66.02482915668075,64.94447711366756,65.24175827411308,3513900
2007-03-16,65.25625610351562,66.01032906008832,65.02423408086567,66.01032906008832,5815100
2007-03-19,65.48827362060547,65.94506539044013,65.18374577404902,65.61878634510694,3568400
2007-03-20,65.37225341796875,65.93055436780197,65.27073862252273,65.48826163415852,3485800
2007-03-21,65.83631896972656,65.94507497942436,64.85747062771198,65.37227488887662,4230100
2007-03-22,65.6695327758789,65.83630116538544,65.16923313919962,65.5462723103273,3561600
2007-03-23,65.96682739257812,66.20609613008371,65.10399289320996,65.10399289320996,2304700
2007-03-26,65.85806274414062,65.9378208301517,65.140239970041,65.89431289933763,3273000
2007-03-27,65.63328552246094,65.9813212995897,65.25625183475904,65.69129240728924,2687900
2007-03-28,64.85746765136719,65.55353927254079,64.5384408178243,65.45927669267272,4497400
2007-03-29,65.08222961425781,65.64778285005202,64.64718908917307,65.33600279290388,3520500
2007-03-30,64.46592712402344,65.30700480515078,64.27740751907524,64.98072576706122,4588200
2007-04-02,64.40791320800781,64.53842591536119,63.86411118267544,64.45866784243188,3440200
2007-04-03,65.1837387084961,65.43025964369906,64.59642874598006,64.76319713826003,3931000
2007-04-04,65.4520034790039,65.69852991832147,65.11122555369751,65.19098361949086,2553900
2007-04-05,65.61878967285156,65.79280480373141,65.4012666103708,65.4012666103708,2997800
2007-04-09,65.27800750732422,65.95957462116418,65.27075526326341,65.95957462116418,3155400
2007-04-10,65.86532592773438,65.88708266450293,65.22001436633101,65.22001436633101,2860400
2007-04-11,65.23453521728516,65.97410402945404,65.0025130868161,65.90885039831146,3460000
2007-04-12,65.87255859375,65.87981083718391,64.82121010131112,65.24175171102303,2635300
2007-04-13,66.00308990478516,66.05384455943468,65.38678180351442,66.05384455943468,3035700
2007-04-16,65.48104095458984,66.18435942846814,65.20551646797307,65.98134080339867,3747800
2007-04-17,65.58252716064453,66.08282683318438,65.29250381663834,65.47377117256255,3926800
2007-04-18,68.06952667236328,68.27979750355229,65.50277982756715,65.5825379198058,9490500
2007-04-19,67.42420959472656,68.70033343219795,67.25744671166679,67.78674433579357,6192000
2007-04-20,67.6417465209961,68.24355564220085,67.47497807190189,67.98977684594762,6035200
2007-04-23,67.89550018310547,68.33054072961421,67.65622594638141,68.22903145315686,4900400
2007-04-24,67.9172592163086,68.85259954172554,67.69974168387944,68.80909714160798,5754000
2007-04-25,68.65685272216797,68.70035513464926,67.250215712282,68.62059702387164,7745700
2007-04-26,68.34504699707031,69.30213843706937,68.185530835097,68.54806555527604,4838400
2007-04-27,68.17101287841797,68.41028707409929,67.63446314748629,68.33778125075821,3526800
2007-04-30,67.43147277832031,68.23630047660892,67.32271123198687,68.17104133607204,3751400
2007-05-01,67.59820556640625,67.90273331004671,67.06890260374048,67.54019870137783,3241600
2007-05-02,68.03327941894531,68.49007125885304,67.31545655815081,67.489477238742,3425000
2007-05-03,68.04779052734375,68.51183469476516,67.7940172376356,68.21455899306214,3065900
2007-05-04,67.87377166748047,68.43207287456792,67.5184890811521,68.4103216697498,3056000
2007-05-07,68.56255340576172,68.88158567803825,67.90274319845517,68.01150470326216,4018400
2007-05-08,68.30879211425781,68.45380932313643,67.93900514641848,68.45380932313643,4427700
2007-05-09,68.46890258789062,68.60717571738307,67.93762571967291,68.31607088531344,3009800
2007-05-10,67.5373306274414,68.52710226380232,67.46454889192648,68.22871269509832,2664000
2007-05-11,67.97403717041016,68.57809042944557,67.23170518756724,67.5446479739676,2702200
2007-05-14,68.09046173095703,68.512571537625,67.91579771016892,67.97402090125466,2075400
2007-05-15,68.65813446044922,69.4659633147534,68.25786245359009,68.39614116544377,5005900
2007-05-16,69.3858871459961,69.47322191997742,68.7745603855317,68.7745603855317,4112600
2007-05-17,70.44116973876953,70.72500084678056,69.30584530672544,69.38589525164103,4858600
2007-05-18,70.32475280761719,70.95791776502554,70.06275389782554,70.64497493124505,4234600
2007-05-21,70.52123260498047,71.13255950073801,70.04817885804263,70.1718989842122,4525300
2007-05-22,70.21556091308594,71.0306633450614,70.12822613003047,70.76866454836389,3783900
2007-05-23,69.55330657958984,70.19374519998979,69.40047482537408,69.82985848448446,4563700
2007-05-24,70.89966583251953,71.93310247338682,69.68428588646564,69.79345298007141,7449900
2007-05-25,71.50373840332031,71.78756959247936,70.87057353001984,71.54012929525169,3249200
2007-05-29,71.6856460571289,72.19508497563407,71.29264794036729,71.70019907517143,3295500
2007-05-30,73.17757415771484,73.24307105965451,71.54008497961799,71.6638050515932,5798300
2007-05-31,73.20669555664062,73.47597361022724,73.11936633572365,73.2794773106958,4235500
2007-06-01,72.65361022949219,73.83259942771944,72.37705282054927,73.83259942771944,4057000
2007-06-04,72.76274871826172,73.50507475287837,72.41341522684552,73.50507475287837,2718900
2007-06-05,72.41341400146484,72.74818891748708,71.9330811529542,72.73363590047194,3276300
2007-06-06,71.53284454345703,72.19511541676079,71.0961816359808,72.02773065258879,3428800
2007-06-07,70.47756958007812,72.1150596415387,70.45573726765386,71.53284428450145,4713100
2007-06-08,71.46003723144531,71.48186953445123,69.80071557338313,70.37565139409797,3951500
2007-06-11,70.9942855834961,71.89672289471454,70.89967150365088,71.50372465778003,3345300
2007-06-12,70.21556091308594,71.02338405835623,69.95356211638843,70.99427801647329,5023400
2007-06-13,71.66383361816406,71.72205681140848,70.53578284704795,70.68134083015902,5333300
2007-06-14,72.02770233154297,72.41342117402482,71.85303834772378,72.04953463546188,3436000
2007-06-15,71.43094635009766,72.77732576627997,71.27083534501675,72.42799215951534,7178100
2007-06-18,70.8851089477539,71.74388152352788,70.80505345363753,71.343604052946,4109300
2007-06-19,70.5357666015625,71.4964268589632,70.23738252172863,70.88510012810278,5120200
2007-06-20,69.9244613647461,71.11800915590167,69.8735174548481,70.66678770218394,4733900
2007-06-21,70.73954772949219,70.73954772949219,69.26216912818062,69.92444535771669,6288900
2007-06-22,69.80802154541016,70.52124190363931,69.57513428501355,70.3320192694201,5358900
2007-06-25,69.55330657958984,70.2810800106005,68.99292348079871,69.86624937702325,4334800
2007-06-26,69.12388610839844,70.20826638842338,69.04383062942334,69.42954945404826,4364100
2007-06-27,68.88374328613281,69.06568660936482,68.1050260847986,68.6362974792531,4492500
2007-06-28,69.25492858886719,69.56786586197516,68.59993133155378,69.13848216424653,3507700
2007-06-29,69.98269653320312,70.11369042180218,69.32042003877535,69.40047556123301,5786300
2007-07-02,70.4266128540039,70.63039402198602,70.06272623988232,70.3902275240732,2818400
2007-07-03,71.06710052490234,71.36548484457934,70.44849401120588,70.44849401120588,2132000
2007-07-05,71.58375549316406,71.67109025543054,70.76137397024137,70.9724232622338,2569600
2007-07-06,71.96219635009766,72.20964207150965,71.33631109016271,71.4163665689312,2591000
2007-07-09,72.70453643798828,73.7379729448858,72.48620227908054,73.49780648058096,5717500
2007-07-10,72.9592514038086,73.25764103234046,72.50803009449258,73.21397087178217,6681400
2007-07-11,72.86466217041016,73.38138052850235,72.4571053614104,73.1266609931709,4608100
2007-07-12,73.34497833251953,73.37408992527773,72.60265215082566,73.14120273568076,4571200
2007-07-13,74.14553833007812,74.54581584730587,73.21398943813284,73.63609926494222,4249800
2007-07-16,74.28379821777344,74.35657441544078,73.50508124255009,74.23285432415949,3406800
2007-07-17,74.26925659179688,74.76414258530328,73.79620290569287,74.16736878893987,3352800
2007-07-18,74.1018295288086,74.7786584846368,73.4250005729804,74.12366182537303,4331000
2007-07-19,74.58222961425781,74.82966993539291,73.96361770647792,73.96361770647792,2603200
2007-07-20,75.5865249633789,75.99407617841192,74.48758587716476,74.81508714850389,6651100
2007-07-23,75.717529296875,76.08869520759863,75.12075545633368,76.03775130239886,4041200
2007-07-24,75.54287719726562,76.90380983063696,75.20809656456893,75.28815207858726,5535100
2007-07-25,78.03910827636719,78.47577100528395,77.42049672856162,77.85716500994621,10402700
2007-07-26,75.47010040283203,77.7262024160123,74.40027815411055,77.18764609478488,10480300
2007-07-27,75.47738647460938,77.42781961096554,75.39733094811008,75.39733094811008,7753200
2007-07-30,76.80918884277344,77.25313096583824,75.6884173806483,76.12508021658128,6300600
2007-07-31,75.27356719970703,77.53694184191627,75.18623243433588,77.53694184191627,6895500
2007-08-01,76.07412719726562,76.29973509909958,74.96063515567819,74.98246746198876,6943900
2007-08-02,77.093017578125,77.14396148153291,76.05958093615364,76.43074128135311,4755700
2007-08-03,75.86307525634766,77.39867712102954,75.84852223573264,76.78007102421915,5466600
2007-08-06,75.93584442138672,76.30701026603519,74.29835490686892,76.04501149951489,6308200
2007-08-07,75.1207504272461,75.7757474162999,74.4512004173106,75.47007845309555,5250000
2007-08-08,75.01123046875,76.08469813858179,73.54342739542726,75.28872327652736,5820700
2007-08-09,71.78352355957031,74.65340413675774,71.57904903249886,73.60184314012076,8723900
2007-08-10,71.88575744628906,71.93687468479628,68.64344811422825,70.79768175735371,11406200
2007-08-13,73.06143188476562,73.6894466183739,72.47723031864102,72.63058197619294,6144600
2007-08-14,71.29423522949219,73.55070840271027,71.1262810149859,73.26591162910408,4854400
2007-08-15,69.74610137939453,72.1486218721213,69.5270243948481,70.83417110756103,5327200
2007-08-16,67.72333526611328,69.51974831969993,65.78087454496143,69.51974831969993,14712700
2007-08-17,70.05281829833984,71.36726931804284,69.11079599611274,69.22033450964803,8418600
2007-08-20,70.98753356933594,71.22851717473213,69.19112096534249,70.29379896498205,4813500
2007-08-21,70.79768371582031,71.00945673016878,70.15506618947282,70.7100573453046,3254700
2007-08-22,71.55715942382812,72.18517454905621,70.83421385273532,71.1993386664092,4185600
2007-08-23,70.64433288574219,72.2581835622796,70.26460560888218,72.2581835622796,4377100
2007-08-24,71.90764617919922,72.00257657817521,70.56398463144201,70.67352313571261,4350400
2007-08-27,71.95878601074219,72.25818540702058,70.92913154703795,71.61556785617411,3269800
2007-08-28,69.84832763671875,71.8419045628247,69.69497599404588,71.55710785909528,5336300
2007-08-29,70.76119232177734,71.23585570937163,69.98712390291061,70.46909134699911,5131700
2007-08-30,70.72461700439453,71.32342098244168,70.05278923807002,70.64428916588204,4113700
2007-08-31,70.6151123046875,71.98798469478925,70.6151123046875,71.56443872033826,3963100
2007-09-04,70.0455322265625,70.33032909204873,69.30068017175894,70.17697736227628,6767100
2007-09-05,69.98709106445312,71.37456586511435,68.6580375456084,69.51973195264137,10775200
2007-09-06,70.2499771118164,70.27918775099927,69.00855558902337,69.76801549369854,6660000
2007-09-07,69.25684356689453,70.17695927980502,69.1254040364104,69.51973377058324,5669400
2007-09-10,69.61465454101562,70.0601069793224,68.67993649714535,69.38097503004805,4741900
2007-09-11,71.15552520751953,71.46953276896818,69.75344169397994,70.0893614241122,4804700
2007-09-12,71.79813385009766,72.09753883283291,70.83420468954797,70.98755642288977,4407400
2007-09-13,72.25814819335938,72.56485705798305,71.81999983564383,72.00256211563853,3993400
2007-09-14,72.55026245117188,72.71822223140809,71.5790296038086,71.85652788668935,4217500
2007-09-17,72.03179931640625,72.82777404786809,71.61555738735065,72.14864189294993,3788300
2007-09-18,71.90764617919922,72.16323230825746,70.4252410593017,72.00257657817521,9975300
2007-09-19,73.03953552246094,73.54340934290832,72.3311983524271,72.58678450361047,6915400
2007-09-20,73.93773651123047,74.01076032190791,72.98111177722889,72.98111177722889,4723000
2007-09-21,74.916259765625,75.38362436063413,73.93772855090731,74.74100152459597,6631000
2007-09-24,75.25221252441406,75.77068899617157,74.77754923942545,75.21569782119897,4912900
2007-09-25,76.62506103515625,76.69078079941579,74.87976561370218,75.02581324851903,5031100
2007-09-26,76.2745361328125,77.39182222676037,75.39823921311687,76.89525248657019,5036800
2007-09-27,77.01209259033203,77.51596640378209,75.94592925208711,76.27453921742226,3984200
2007-09-28,76.66889953613281,77.37724249882638,76.11391388342118,76.82225127475276,4549500
2007-10-01,77.88108825683594,78.13667439525872,76.83683154440004,77.0047857619236,3675700
2007-10-02,77.35531616210938,78.24622128694433,76.873348902565,77.85919001138566,4595400
2007-10-03,76.47168731689453,77.20924047437045,76.12846934545449,76.91713971752625,3655500
2007-10-04,76.31105041503906,77.18734733001708,76.27453572218168,76.78571356538545,3450900
2007-10-05,74.66798400878906,77.04129401395839,73.82089222499914,76.96827020499431,8306000
2007-10-08,73.80628967285156,75.40553727414506,73.49958633246526,75.40553727414506,5318900
2007-10-09,74.08382415771484,74.31020533588895,72.77668219771057,73.98889370968224,5564600
2007-10-10,72.06103515625,74.7775647257409,70.86342618474409,73.67488620234806,25303300
2007-10-11,70.29380798339844,72.71823574024218,69.3444815459362,72.65981445179759,13195900
2007-10-12,70.6078109741211,71.2650309277491,69.6803911857041,70.18426501675523,9506400
2007-10-15,69.24956512451172,70.46908051758558,68.97206673400404,70.08935320868277,8073500
2007-10-16,70.06011199951172,70.35220723063215,67.93508409354637,69.00855133912809,9845700
2007-10-17,69.80453491210938,70.87070389981189,69.1034961823788,70.48366705206095,8097500
2007-10-18,70.7903823852539,70.94373409884973,69.22764903181718,69.63658693473937,6762300
2007-10-19,68.57041931152344,70.83419132197417,68.49009143235666,70.49827726880439,9205200
2007-10-22,69.32258605957031,69.40291395120823,67.6211033677659,68.03004688102118,7938900
2007-10-23,69.33716583251953,70.07471915386598,68.7602738130598,69.92867152867412,6109100
2007-10-24,68.83329772949219,70.16235117763833,67.9277846235853,69.87755440813271,9715600
2007-10-25,70.10391998291016,72.27276089879888,67.18292331695557,69.28603891075363,8169100
2007-10-26,70.11853790283203,70.50557472595044,69.41020073583019,70.2864976993823,5185400
2007-10-29,70.82689666748047,71.27234930329921,69.78994372599091,69.94329545074403,8932800
2007-10-30,71.07518768310547,72.00260212947053,70.83420400246511,71.01676638391476,7543500
2007-10-31,71.9952621459961,72.08289405105067,71.07515221403837,71.6739563035139,5940300
2007-11-01,70.54208374023438,71.92225451993981,70.46905992194482,71.78351093659771,6408600
2007-11-02,71.38916015625,71.47678649065749,70.35220210443632,70.55667655122481,5610600
2007-11-05,71.54256439208984,72.05373695634312,70.47640049281652,71.26506593889827,4459200
2007-11-06,71.3453598022461,71.87844428314803,70.79037430345774,71.56443683743548,4090000
2007-11-07,71.00825500488281,71.8144163491641,70.43661342605411,71.08887169845016,5730700
2007-11-08,70.56118774414062,71.27207722392733,69.54982249155026,71.06687316613142,6991700
2007-11-09,69.04413604736328,70.1727639399227,68.94153401998435,69.68173915298192,6131900
2007-11-12,68.05476379394531,69.19072212771592,67.93750112584874,69.07345945961934,6382400
2007-11-13,68.67037200927734,69.00016905045827,68.062090126141,68.76564931937895,6512000
2007-11-14,68.00346374511719,69.07346044550764,67.79092934970245,68.99284375788854,6536800
2007-11-15,66.9407958984375,68.0547689644223,66.66963574279829,67.02874290619172,6693600
2007-11-16,65.95140838623047,67.4611344297452,65.55565528306009,67.42448844946604,9249100
2007-11-19,64.69085693359375,65.90010148678506,64.58093018535087,65.66558177154847,9344800
2007-11-20,64.3903579711914,65.18918854137691,63.701454109644985,64.72014927988671,8743700
2007-11-21,64.06060028076172,64.85943127016452,63.57690014335336,63.598885496618834,7088200
2007-11-23,65.6216049194336,65.70955190117287,64.54427815653719,64.85941451853144,3317300
2007-11-26,65.90743255615234,67.71030393609102,65.8561315425871,66.32517097843824,7087900
2007-11-27,67.22660064697266,67.82755769480013,66.3398173137509,66.3764632863731,7092300
2007-11-28,68.60443878173828,68.7656721988863,67.24862096060139,67.8715636793515,6937100
2007-11-29,68.31127166748047,69.08811730532176,67.87154782703053,68.60442275824443,4692100
2007-11-30,67.82023620605469,69.32995653915965,67.21927908003698,69.32995653915965,10111300
2007-12-03,67.27059936523438,68.30395024525693,67.175327624674,67.79093996317377,5423400
2007-12-04,65.95140838623047,67.27058539679838,65.84880635111868,67.0067499946848,7080900
2007-12-05,66.47174072265625,67.54174282853171,66.2225659797749,66.61831903440194,9175900
2007-12-06,67.26325988769531,67.74696002325587,66.56703094378574,67.05805580281215,5813100
2007-12-07,68.27462005615234,68.62639683414785,67.42448259177958,67.68831797097175,5363800
2007-12-10,67.89350891113281,68.34056290668074,67.27056656055635,68.34056290668074,5971200
2007-12-11,65.0060043334961,68.15736878258082,64.58094112172932,67.89353335933689,10328400
2007-12-12,63.701480865478516,65.61428467865898,62.69744589560091,64.49298704846176,18701100
2007-12-13,64.89605712890625,65.15989246906045,63.32037540059373,63.51824911001426,7522100
2007-12-14,64.80077362060547,65.95138656920939,64.5149529614318,64.88872058934726,4988900
2007-12-17,64.05327606201172,65.15258856104604,63.906697707304964,64.64690302224464,4946000
2007-12-18,63.884708404541016,64.39772422722687,63.17381880446822,64.39772422722687,5732000
2007-12-19,63.48161697387695,64.61756955519468,63.371684635971114,64.3097634821711,8620600
2007-12-20,63.89935302734375,64.06058637147174,63.37901261127028,63.81873635527976,3333500
2007-12-21,65.27714538574219,65.47501908264906,64.34639703284118,64.5222853846906,7661800
2007-12-24,65.97340393066406,66.23723937353995,65.6289573832245,65.6289573832245,1946900
2007-12-26,65.95873260498047,66.05400431695355,65.43106184951806,65.95873260498047,2734400
2007-12-27,65.13790130615234,65.9513926702519,64.73482357609134,65.9513926702519,2890200
2007-12-28,64.67617797851562,65.3064505285069,64.11186704446665,65.22583388201576,2928100
2007-12-31,64.09721374511719,64.69817071127625,63.93598043371531,64.5955687115459,3184200
2008-01-02,63.48161697387695,64.37571953008003,63.02723258651528,64.17784579496231,4303000
2008-01-03,63.74544906616211,64.22914350009592,63.56955509801283,63.811405110675075,3427900
2008-01-04,62.89533233642578,63.877387744888004,62.800060599236076,63.26176983677582,5393400
2008-01-07,60.73334884643555,63.24711013729315,60.22033302890601,63.210464153401,9961800
2008-01-08,58.56401062011719,61.09975600670804,58.3734616629198,60.909207049510655,9810600
2008-01-09,58.849876403808594,58.94514815979534,57.02501326621869,58.41014684351622,10307100
2008-01-10,60.35957717895508,60.96786468756302,58.52738992993724,58.52738992993724,9411400
2008-01-11,59.01106643676758,59.93449009388925,58.6299740655531,59.927159781541846,6556600
2008-01-14,59.85390853881836,60.36692446762922,58.739940838400294,59.60473368675651,7732600
2008-01-15,57.0616455078125,59.949174673610486,55.69849761877838,59.70732459201585,16467100
2008-01-16,58.534732818603516,59.590069098592416,56.06494186348074,57.02500639895604,13292400
2008-01-17,58.278202056884766,60.454841123234914,57.91176465423702,59.50943195343682,9303800
2008-01-18,57.4573974609375,59.23095350611097,56.98835793810472,58.81321500635702,7686800
2008-01-22,56.87108612060547,57.706562985824156,54.52588888339357,54.62116059911455,8503300
2008-01-23,56.1162223815918,56.57060676376578,54.32068138472964,55.332046580856485,13028100
2008-01-24,56.88575744628906,57.4134227303497,56.05028042395264,56.841781145739766,7449300
2008-01-25,56.45335006713867,58.38813926722512,56.40937936439764,57.64060936367006,7849500
2008-01-28,56.87108612060547,56.959033113772634,56.05026988327693,56.541294681163286,4864300
2008-01-29,59.333534240722656,59.406820591456096,57.36209953506915,57.58196417865963,9025500
2008-01-30,60.73334884643555,62.19909873984774,58.40280629225447,58.41013101591921,11331100
2008-01-31,60.96052932739258,61.44422381357512,59.21628922359599,59.93450343458641,7887700
2008-02-01,60.65272521972656,61.55415816992225,59.98580641061379,61.0997793334108,6685900
2008-02-04,60.755313873291016,61.092435565017865,60.029769484387366,60.667366896209565,3106300
2008-02-05,59.868553161621094,60.667384129312445,59.61937278480358,59.80992182691205,4691600
2008-02-06,58.852203369140625,60.35461976565116,58.623890422915274,60.317799084514775,5331700
2008-02-07,58.73438262939453,59.09525688667636,57.96844141676126,57.96844141676126,6779000
2008-02-08,58.425045013427734,59.02159288597651,58.04207170793851,58.535518298430574,4343300
2008-02-11,59.750701904296875,59.94218853886264,58.07152611216175,58.52077997465982,4898200
2008-02-12,61.540348052978516,62.25473549287792,59.97901199273211,60.244145591435064,7980000
2008-02-13,62.95439910888672,63.064866765091004,61.871771126851336,62.12217197278661,6405000
2008-02-14,62.762908935546875,63.38155025103672,62.52723525075495,63.09432312328731,6631600
2008-02-15,62.73345947265625,62.910213360967695,61.98961199844275,62.64507971904813,5749300
2008-02-19,62.87338638305664,63.98546867203596,62.47568595999423,63.41838076181436,4158300
2008-02-20,61.86438751220703,62.37256106482043,61.091080420743396,62.210534388978324,7526400
2008-02-21,60.398834228515625,62.57145186063726,60.29572729390754,61.95281025298874,6688300
2008-02-22,61.15737533569336,61.28257574164164,60.207314289155704,60.767041353087905,5229100
2008-02-25,62.350486755371094,62.409400967459064,61.21630529383849,61.31941218862288,5450600
2008-02-26,62.28419876098633,62.689265563853176,61.790757833060674,62.689265563853176,5171700
2008-02-27,61.82757568359375,62.74081613938483,61.42251451816261,62.02642869368694,4675100
2008-02-28,62.45356750488281,62.60086140179683,60.92905263432455,61.50350669875201,5727400
2008-02-29,60.973270416259766,62.232652412106,60.686043239254744,61.886505399073066,7667800
2008-03-03,59.41191482543945,59.57394152783919,58.36611326128204,58.41766670123618,9575400
2008-03-04,58.63862991333008,58.9111243368175,57.69592934190654,58.756463972942306,8209200
2008-03-05,59.441383361816406,59.89063724042071,58.67544241499766,58.78591569347327,5669600
2008-03-06,58.5576171875,59.44875869526118,58.46187104291813,59.32355824962896,4503500
2008-03-07,56.414451599121094,58.18200737740554,56.24506409131794,58.17464099305173,9657100
2008-03-10,54.77945327758789,56.49545530977524,54.77945327758789,56.36288850859974,9930500
2008-03-11,54.057716369628906,55.78844591107598,53.313868850854455,55.07405831193573,14137400
2008-03-12,53.35804748535156,55.05195607364067,53.122373784441315,54.28601514095629,8966800
2008-03-13,54.632179260253906,54.80893318667065,52.724689904047764,52.886716677807286,10850600
2008-03-14,56.141971588134766,56.84899295704039,55.33183766853902,55.817918020296474,13225400
2008-03-17,55.59696578979492,56.119866782340274,54.602717265408515,54.83839103132904,5463100
2008-03-18,56.362884521484375,56.70903145667305,55.427556215230844,56.70903145667305,5644000
2008-03-19,54.09453582763672,56.70904604207354,54.09453582763672,56.69431889204316,9195600
2008-03-20,55.08879470825195,55.236088697215656,53.55691249984518,54.16819322996503,8086000
2008-03-24,56.18614196777344,56.32607517027655,55.08142035366599,55.420200974390376,4853800
2008-03-25,55.89891815185547,56.62066650312784,55.33919092716105,56.62066650312784,5969200
2008-03-26,56.193504333496094,56.34079829061572,55.6779642457688,55.72215692802812,4350600
2008-03-27,54.661624908447266,56.23769391972935,54.60270507539449,55.86945339150635,7709400
2008-03-28,54.10927963256836,54.963594981200075,53.822052387701085,54.82366736120458,4616800
2008-03-31,54.77208709716797,54.92674741342822,54.05769971808249,54.4995871386694,7394800
2008-04-01,55.88418197631836,55.89154836036538,55.08878668528563,55.250807801987236,5956000
2008-04-02,56.598575592041016,56.84898210636857,55.77372029520974,56.046214726239235,6121500
2008-04-03,56.07566452026367,56.871065371918085,55.898910648419665,56.37762443611377,5597100
2008-04-04,55.71480178833008,56.43655019033865,55.479128038034666,56.00202899591182,5086600
2008-04-07,55.221351623535156,56.36289388015174,55.147699023381925,56.36289388015174,5388700
2008-04-08,55.25082015991211,55.5233202415549,54.52907169120237,54.875218773073875,5597200
2008-04-09,57.88740539550781,58.84483294173453,56.20086323359083,56.50282314024379,19513400
2008-04-10,57.76222610473633,58.21884651394556,57.290878542477984,57.77695325778546,7873800
2008-04-11,56.60593032836914,57.747478130344376,56.502823437482824,57.18775099488714,5427700
2008-04-14,56.871070861816406,57.18039157212893,56.466004013379894,56.47337039759824,4926500
2008-04-15,55.75160598754883,57.20247436640391,55.677959015906715,57.121461011926456,6337700
2008-04-16,56.46600341796875,56.65012368915208,55.70742879971816,56.20086977795236,4895700
2008-04-17,56.64274597167969,56.90051315040996,56.26713915758525,56.26713915758525,3466400
2008-04-18,57.93159484863281,58.25564264927183,57.077274240348615,57.077274240348615,6742900
2008-04-21,58.248291015625,58.45451045594483,57.57072971128978,57.96843020354877,4744200
2008-04-22,57.85794448852539,58.911112523742375,57.261396687642325,58.41767161143406,7615500
2008-04-23,60.45772933959961,61.39306346056287,58.6017994848082,59.39720040210655,15488400
2008-04-24,61.1279182434082,61.400418215009445,60.13367009455519,60.752311389342424,5755200
2008-04-25,62.483070373535156,62.78503040157379,61.40780835705556,61.40780835705556,8355000
2008-04-28,62.58616256713867,63.072237141926124,62.07062245695887,62.60825609977839,5378900
2008-04-29,62.99123764038086,63.6687990120148,62.26212280827273,62.26212280827273,4485300
2008-04-30,62.49778366088867,63.46993844248432,62.328390543524485,63.212171193368924,5220600
2008-05-01,62.90284729003906,62.95440073723591,62.284200304772554,62.49778047713216,5083200
2008-05-02,63.109066009521484,63.70561389067948,62.586165113126675,63.573047070543836,3784500
2008-05-05,63.278446197509766,63.38891947133606,62.60088502576785,62.836558721108695,3886400
2008-05-06,63.447837829589844,63.49202489053475,62.696624080102566,63.03540465812279,5079200
2008-05-07,62.55995178222656,63.70681914338277,62.46375900982388,63.65502520636431,5060300
2008-05-08,62.71533203125,63.040891493636416,62.15299383968713,62.678333943537275,3671600
2008-05-09,62.19738006591797,62.7079242645975,61.968007754100775,62.47115120704315,3328200
2008-05-12,62.744930267333984,62.89291133006433,61.62025386816687,62.4489624967576,5367400
2008-05-13,62.95208740234375,63.107469165808986,62.23436760554193,62.885491992222065,4292400
2008-05-14,63.40345764160156,64.12857277556904,62.952108047041534,63.114890608373464,4909900
2008-05-15,63.299861907958984,63.73640995451,62.89290555514434,63.418245618249955,6006300
2008-05-16,63.01869583129883,63.514438601335506,62.70053146565583,63.514438601335506,7129900
2008-05-19,64.4245376586914,65.32723680721925,62.892910533848195,63.307262020340076,7176300
2008-05-20,62.996490478515625,64.40973370586562,62.604335635986224,64.40973370586562,5698000
2008-05-21,60.073822021484375,63.336850828214075,59.77045354894995,63.19627053287495,10847200
2008-05-22,60.236602783203125,60.465975083421625,59.60027416474404,59.97023240128469,6333300
2008-05-23,60.28841781616211,60.739761829241786,59.82226666205823,60.08863713722712,4476600
2008-05-27,61.31687927246094,61.635043577103396,60.37718220393141,60.37718220393141,4528900
2008-05-28,60.769371032714844,61.598079966610136,59.992461699485915,61.598079966610136,4135400
2008-05-29,60.75457763671875,61.413103231811874,59.97026752236469,60.54000105644646,3465200
2008-05-30,61.2429084777832,61.36869861878464,59.94065902900805,60.96914288616603,4660200
2008-06-02,60.04423141479492,61.12450894092052,59.541087916108914,61.12450894092052,4492000
2008-06-03,57.8022575378418,60.52514947205148,57.195526459056026,60.30317234647333,10185000
2008-06-04,57.72829055786133,58.3202260949818,57.32874056218802,57.37313375168157,6750100
2008-06-05,57.20295715332031,57.8614825518492,56.8256037081743,57.85408744947746,5787700
2008-06-06,54.132301330566406,56.655414008792775,54.01391196455022,56.63321741394366,12786400
2008-06-09,54.71681213378906,54.842602204286656,54.117481693337226,54.30986152605667,6629000
2008-06-10,54.509639739990234,54.835204761870216,53.836318752600604,54.354257973669554,5675000
2008-06-11,54.2432861328125,54.58364710390569,53.962119846722274,54.33947890722127,6544800
2008-06-12,54.84260177612305,57.01055690275834,54.59842802632164,54.761210526189245,9794900
2008-06-13,55.58254623413086,55.856311808619104,55.03500379492116,55.31617576238468,6087100
2008-06-16,55.5085334777832,55.8266977993423,54.77601772167828,55.323554352344544,3481100
2008-06-17,55.035003662109375,55.86371242166612,54.613251357048476,55.77492038292614,6503700
2008-06-18,55.234764099121094,56.485219060436066,54.287671946723535,54.287671946723535,11534700
2008-06-19,56.93659591674805,57.12897586678239,55.25698725236332,55.53075850259998,7539700
2008-06-20,56.10786819458008,57.56550456759024,55.98208374744589,57.56550456759024,8868600
2008-06-23,55.93027877807617,56.588809577138605,55.58252280692497,56.403830474453954,4036600
2008-06-24,55.33835983276367,55.9450911821347,54.85001219674743,55.67132002450906,4949800
2008-06-25,51.527801513671875,53.85854038236547,51.31322498085965,53.48118126292903,21124600
2008-06-26,50.46970748901367,52.08272580311637,50.35132377579121,50.8692631057307,10984200
2008-06-27,49.51521301269531,50.26253029134307,49.115657407629634,50.12194434369538,10369500
2008-06-30,48.6273193359375,49.38943252258055,48.501534870108486,49.3006404992871,8562400
2008-07-01,48.42754364013672,48.99728263549805,47.769018257530846,48.05758530630797,9758400
2008-07-02,47.280670166015625,48.82709309465934,47.280670166015625,48.70130863201774,10136400
2008-07-03,47.702415466308594,47.79860257464746,47.014292927122995,47.362054569361845,4058400
2008-07-07,47.569236755371094,48.60512107787901,47.036495924074714,47.84300791731935,6175400
2008-07-08,48.775291442871094,48.83448611420065,47.51003498005328,47.672817503652276,6689800
2008-07-09,48.53111267089844,49.744580728012195,48.33133773208127,48.878874272833855,9614900
2008-07-10,48.827091217041016,49.204450235570135,48.10197616430767,48.79749387783135,7304100
2008-07-11,46.82191467285156,48.35354158425406,46.51115110128928,48.35354158425406,9787400
2008-07-14,46.75532531738281,47.65062647919916,46.340973859905105,47.65062647919916,5545500
2008-07-15,47.2658576965332,47.6210172093446,45.88961282029097,45.91921015199782,7925200
2008-07-16,48.52373504638672,48.597725582035,46.98470706639202,47.28807277864278,5644100
2008-07-17,49.51521301269531,49.73719023054796,48.13157270944127,48.871489242129904,7105200
2008-07-18,50.41791534423828,50.565896402293774,49.234049944447825,49.65580216953303,8452100
2008-07-21,50.49190902709961,50.987657457293594,49.796391236656646,50.684288930680616,5025700
2008-07-22,51.24662399291992,51.424202391769946,50.136749121155106,50.74348049191525,6168500
2008-07-23,49.36723327636719,50.32172630631942,48.553326197799365,49.811182078757334,11043900
2008-07-24,46.2669792175293,48.901080229417474,45.91181962567553,48.538522714269,14072900
2008-07-25,47.22886657714844,47.4582388615613,46.12638986630181,46.61473459198219,9167400
2008-07-28,46.12639617919922,47.39905068004025,46.067201502502755,47.22147229506594,6253100
2008-07-29,46.77012252807617,46.9846989961812,46.11159727721922,46.34837033769458,5620700
2008-07-30,47.22148132324219,47.30287260798208,46.61474988389142,47.05130082903971,6011000
2008-07-31,45.21628952026367,46.614730998612956,45.14229619022378,46.614730998612956,10585300
2008-08-01,45.88223648071289,46.08201434215998,44.964741290243005,45.423488885477944,7016800
2008-08-04,45.401275634765625,46.118995523115366,45.231095183183626,45.93401640323614,6074500
2008-08-05,48.242557525634766,48.597719958813244,45.77123892121814,45.77863684490376,8941000
2008-08-06,48.68926239013672,49.150838907522584,47.64698349029393,48.31702033161879,6240000
2008-08-07,48.160667419433594,49.26994688866329,48.13088738053299,48.436122839331304,7389300
2008-08-08,50.520687103271484,51.18327744046745,47.87776650526965,48.29468142752282,10088400
2008-08-11,49.597530364990234,50.55046905766515,49.292289172512646,50.543022626639136,6875200
2008-08-12,49.08382797241211,49.84319911648867,48.81581329098229,49.79853189623766,6422200
2008-08-13,47.84054183959961,49.30717617962515,47.646974415646696,49.18805601720429,8990000
2008-08-14,48.220218658447266,48.71158074817646,47.237502998930786,47.453404006845616,9356600
2008-08-15,47.98198699951172,48.63713649285499,47.51296416856411,48.22022162982883,7672600
2008-08-18,47.37895202636719,48.55523787918083,47.0364901350343,48.019208595368994,4903400
2008-08-19,46.865264892578125,47.788426233710325,46.61958382760634,47.25984047452338,8101400
2008-08-20,47.05883026123047,47.624639659190535,46.31434630390052,46.8950457218049,3964400
2008-08-21,47.31196594238281,47.490643383359306,46.3143570935529,46.88016662332713,4048500
2008-08-22,48.80092239379883,48.92003686538272,47.28217170138366,47.60230000870996,5490800
2008-08-25,47.6990966796875,48.756262752235074,47.33430105633632,48.324466285395374,4578300
2008-08-26,47.24494934082031,47.93731962034853,46.80570371015166,47.713972170193,4488800
2008-08-27,48.034095764160156,48.54034501211299,47.05138014399236,47.32683837479653,4034300
2008-08-28,49.38905715942383,49.865532061305785,47.84053502816183,48.22766414098704,4448600
2008-08-29,48.8083610534668,49.45606406984858,48.46589915237933,49.3220567450786,3912800
2008-09-02,49.03916931152344,50.974826819731796,48.711594492609,49.880434292870284,6464200
2008-09-03,49.18806457519531,49.93999511140631,47.751210025783685,48.905162660167996,5252900
2008-09-04,46.92481994628906,48.61480160304779,46.18778246565603,48.3989005875166,10921800
2008-09-05,46.82058334350586,47.26727530474856,46.076099581414866,46.54512514672664,5608800
2008-09-08,47.57996368408203,47.69908098884659,46.05377232929225,46.50790794120104,8309100
2008-09-09,47.6618537902832,48.555237822242326,47.58740654094354,47.58740654094354,7752800
2008-09-10,45.94209671020508,47.50551446544567,45.84531585658014,47.3342835244395,9138500
2008-09-11,46.58237075805664,46.68659807955756,45.510314656928045,45.510314656928045,6101100
2008-09-12,47.12583541870117,47.215172701206384,45.93466218536157,46.440911519526146,5084500
2008-09-15,46.34413528442383,46.753600971952565,45.41353015823058,46.01656330239713,9809800
2008-09-16,45.94955062866211,46.90248918262634,44.788154636032516,45.42841129197008,8591700
2008-09-17,42.43559646606445,45.413533060174245,42.011240728602345,45.32419575754581,14830200
2008-09-18,43.261966705322266,43.67143234689425,40.35103431090021,42.949281941225436,14031600
2008-09-19,44.49036407470703,45.41352551509745,42.882278694656925,45.21996091823137,10863200
2008-09-22,43.783103942871094,44.974277176420685,43.373635481356224,44.17023595376996,6031400
2008-09-23,42.6663703918457,44.959379169076335,42.57703028521479,43.857543413786225,6634600
2008-09-24,42.703590393066406,43.82775965964299,42.38346213808507,42.837597701662325,5484100
2008-09-25,42.74827194213867,43.32897142083821,42.28669263546465,42.93439295095672,6381800
2008-09-26,43.41830825805664,43.552315610209625,41.69854913208078,42.24202497135744,5866500
2008-09-29,41.296539306640625,43.14285977396718,40.76050977613291,42.80784131739986,9604900
2008-09-30,42.6961555480957,42.91950301633557,41.40819859048938,41.90700433891576,6412200
2008-10-01,42.15267562866211,43.18006415725338,41.22207079768682,42.25690291533445,6221800
2008-10-02,39.88945388793945,42.41325418118895,39.71077647922237,41.93678487791814,8128100
2008-10-03,40.0755729675293,41.98889651932302,40.02345647749803,40.202133877657005,9312300
2008-10-06,38.184566497802734,39.457632837960674,35.6458774042803,38.54191830346217,12428500
2008-10-07,36.688175201416016,39.13008495812062,36.2638194955216,38.55683186560082,10927800
2008-10-08,35.51189041137695,37.22420319012651,35.12475835740188,36.04047341508123,11889300
2008-10-09,33.062538146972656,36.435050147892426,33.062538146972656,35.60867519798402,12239000
2008-10-10,31.119426727294922,32.94341286642655,29.779356263436426,29.876139966487198,20325600
2008-10-13,35.05031204223633,35.22154304077969,31.64057357390449,32.43717131668428,14290600
2008-10-14,33.55388641357422,36.82961644283021,32.46694068967745,36.20424990415336,12493900
2008-10-15,31.514013290405273,33.85913649949754,30.925870170290963,32.89130773828574,10146800
2008-10-16,33.345428466796875,33.5017693756212,29.771906968059984,31.744787238414016,11752000
2008-10-17,33.166751861572266,34.85673038452747,32.1691434818536,32.720062729152666,10045100
2008-10-20,34.77484130859375,34.81951136372947,32.54883610063853,33.30820999806204,7809200
2008-10-21,34.544063568115234,35.50444590407065,33.89636035272627,34.48450347659288,7357000
2008-10-22,31.945823669433594,33.427348790576445,31.119445578141352,32.87642911638748,10096700
2008-10-23,34.633399963378906,34.84930102955201,31.871364690551054,32.161713029206624,13971200
2008-10-24,33.680450439453125,35.16941813131262,31.082200567566897,31.640563452014206,9792200
2008-10-27,31.536334991455078,34.343039326698175,31.461884905651317,34.02291105769297,9236200
2008-10-28,36.4127197265625,36.51694705334766,32.48184431648413,34.581289395956134,14396800
2008-10-29,37.07529830932617,39.32364006798558,36.33826082564814,36.33826082564814,12835700
2008-10-30,37.745338439941406,39.30875366550887,36.16703319394232,38.921621654229654,9559100
2008-10-31,39.025848388671875,39.16730216072085,36.68816917460548,37.68577780914131,8419400
2008-11-03,39.34597396850586,39.59165502487514,37.834672522292486,38.63871651770384,8412300
2008-11-04,39.919227600097656,40.68604798050414,39.249193765933164,40.50737058740512,9284500
2008-11-05,37.16643524169922,39.44667739914301,36.753892126826564,39.3791701358856,10002100
2008-11-06,34.29362106323242,37.67647690979872,34.01608970617083,36.73137840093425,13721300
2008-11-07,34.938697814941406,35.47875300616317,34.01609768806431,34.938697814941406,7150800
2008-11-10,34.608673095703125,36.23634735366513,34.19612987831884,35.478765337601985,5304200
2008-11-11,32.98101043701172,34.12863164027987,32.06591214553768,34.12863164027987,7928100
2008-11-12,31.893369674682617,33.07099385429443,31.503328125954628,32.425925249141414,7739500
2008-11-13,32.3734245300293,32.49343711119993,29.30559988369646,31.52583406601602,13997600
2008-11-14,30.78326416015625,32.8234785070409,30.603243816532693,31.510839348207654,8908900
2008-11-17,30.88827133178711,32.10339921411917,30.378217087583337,30.460726283164238,7042600
2008-11-18,29.673147201538086,30.573240347405047,28.54052551024424,30.453227737201033,12209200
2008-11-19,28.11297607421875,30.10068766449567,28.090474607438356,29.463118446234258,10614300
2008-11-20,27.835451126098633,29.80816104226846,27.542920574462393,27.737939988444463,13406300
2008-11-21,29.688146591186523,29.950673259344633,27.130372869262256,27.887954731077514,13259700
2008-11-24,30.565744400024414,30.94078420861367,29.170595854260114,30.040688095734122,9682300
2008-11-25,30.1381893157959,30.60323772402917,29.6581389768034,30.415717881527367,9618700
2008-11-26,30.963281631469727,31.008287432691223,29.268103177361414,29.51562793076392,6256400
2008-11-28,31.97588348388672,32.10339559991937,30.82826013296467,30.880765458545834,2608200
2008-12-01,29.91317367553711,31.503341542712125,29.808162994873634,31.233312443105216,7817500
2008-12-02,30.528236389160156,30.753259668125096,29.440620535949023,30.40822378295711,6029400
2008-12-03,30.355712890625,30.828260831563902,29.36560835533533,30.1756925836061,8007000
2008-12-04,29.39560890197754,31.000781125715577,28.87805517693567,29.88316162741711,7244200
2008-12-05,29.650634765625,29.680638625306702,27.212876962334843,28.503014315392576,10564600
2008-12-08,32.14090347290039,32.770970328978684,30.03318203752174,30.265704837110963,13096400
2008-12-09,30.618242263793945,31.83337014557647,30.49073013346365,31.180801839235517,8306100
2008-12-10,31.2633113861084,32.020890363899774,30.708251339784994,31.12079732213901,5181000
2008-12-11,30.20570182800293,31.51083855650902,30.01818195288098,30.490732839359637,7691900
2008-12-12,29.40311050415039,29.80815403176695,28.653031169153316,29.673139522561428,10337400
2008-12-15,29.058080673217773,29.91317083317087,28.653037062294885,29.703146630474087,8228000
2008-12-16,31.428329467773438,31.503336266735275,28.65303498629585,29.410613956583916,11041400
2008-12-17,30.768268585205078,31.128306485533958,30.11570006969192,30.873279281801807,7270600
2008-12-18,30.805768966674805,31.315823323971365,30.520737917285174,30.98578932979631,8652600
2008-12-19,30.93328094482422,31.7958706838654,30.753260599405095,30.993285819079713,9903900
2008-12-22,30.84326171875,31.17329846023101,30.003173657510867,30.49072637397566,5397200
2008-12-23,30.11569595336914,31.128302230804472,29.875670719290742,30.940782337847818,5270500
2008-12-24,30.093177795410156,30.595732365545242,30.03317294512062,30.18318936283222,1753500
2008-12-26,30.400718688964844,30.52073128452252,29.82315717867916,29.82315717867916,2803400
2008-12-29,29.995681762695312,30.415724469632966,29.628141532798526,30.288212322548706,3876600
2008-12-30,30.940765380859375,31.008272619779703,29.860652419459075,30.063174136220056,4549700
2008-12-31,32.00588607788086,32.290917046183566,31.128294568307133,31.1958018276071,5443100
2009-01-02,33.94110870361328,34.17363445630146,32.08841080460903,32.103412742975415,7010200
2009-01-05,34.63115692138672,35.111210035506055,33.60354917016645,34.12860520715699,6917400
2009-01-06,34.736183166503906,35.25373699874851,34.128617732831,35.14122392762625,7180300
2009-01-07,33.573570251464844,34.21113979185109,33.13102305946115,33.828597495353876,6586200
2009-01-08,33.59605407714844,33.67856326175105,32.91348199724353,33.37853038343711,5477000
2009-01-09,33.341033935546875,33.86609015132836,32.95099225700424,33.60356061277452,5645100
2009-01-12,32.808475494384766,33.34103120243414,32.395929519236425,33.21351621157213,4989200
2009-01-13,31.848386764526367,32.71847919466687,31.353334224296898,32.538461649852856,6359400
2009-01-14,30.903278350830078,31.488339490236697,30.655750723341775,31.413332678994056,7354900
2009-01-15,30.723264694213867,31.203315257978606,29.63564852618791,30.805773921359755,8464900
2009-01-16,31.848386764526367,32.29093394907448,30.78327485061613,31.090807445890086,9310800
2009-01-20,30.2731990814209,32.05838850311202,30.153186515502814,31.563336311034263,9636800
2009-01-21,31.705860137939453,31.803371272048924,30.003179365583456,30.565738978688145,6933100
2009-01-22,31.698368072509766,32.065908398517635,30.880781053860563,31.300826731965678,6590800
2009-01-23,31.48833465576172,32.13340343418474,30.68574988111708,30.68574988111708,5755600
2009-01-26,32.260921478271484,32.83098356144005,31.54834816630056,31.84837828151818,4659200
2009-01-27,32.41843795776367,32.973495203435355,32.16341080503373,32.47094329556163,5218900
2009-01-28,32.433433532714844,33.303525495910485,32.073392913652185,32.60595144613092,8071100
2009-01-29,30.535730361938477,32.073392492934104,30.28070326255439,32.073392492934104,8446500
2009-01-30,31.73587989807129,31.87089450174088,30.475745504706826,30.573253826324514,9098000
2009-02-02,30.603242874145508,31.300817034550672,30.085689051820406,31.300817034550672,8107400
2009-02-03,31.570852279663086,31.8258794726662,30.573244981309887,31.090801766087047,7220800
2009-02-04,31.798133850097656,32.555773424204034,31.585992804035254,31.911778052114244,6729000
2009-02-05,32.36637878417969,32.66185789490693,30.775333194635092,31.63146712609717,9021100
2009-02-06,32.517879486083984,33.08610899808357,32.0102625093101,32.21482548044972,6334200
2009-02-09,32.42698669433594,32.896722616604855,32.154235871674366,32.42698669433594,5088300
2009-02-10,30.464683532714844,31.995115666086193,30.320733068498726,31.28293557815045,9999200
2009-02-11,30.55560302734375,30.881385359842817,30.199511530439494,30.691975481092108,6519300
2009-02-12,30.199514389038086,30.298008344557918,29.229736642891027,29.987376229609833,6028900
2009-02-13,30.669260025024414,31.207183611621822,30.222252408938793,30.222252408938793,5483500
2009-02-17,29.116098403930664,30.108607604844945,29.017604418455743,29.919197650559767,6949100
2009-02-18,28.775142669677734,29.37367846029025,28.608461084908477,29.37367846029025,6324500
2009-02-19,28.46451759338379,29.320651092057723,28.35087050509268,28.97213759354108,5466700
2009-02-20,27.50989532470703,28.184194116287124,26.75983083790315,27.828102574149693,10598900
2009-02-23,26.108257293701172,27.873558771244767,26.024916483665663,27.828099359362106,9519200
2009-02-24,26.850746154785156,27.14622802400699,25.676405362823104,26.09310656123987,10815100
2009-02-25,25.69155502319336,26.721945193339298,25.168784814883416,26.721945193339298,11683900
2009-02-26,24.78239631652832,26.229488169415134,24.729361763556007,26.13857220577208,8771600
2009-02-27,23.820186614990234,24.524790145893085,23.78988034093023,24.471755611370767,11789000
2009-03-02,22.35795021057129,23.486833315892934,22.2139982469151,23.45652703087765,13956800
2009-03-03,22.24428939819336,22.812518849890406,22.009420184366046,22.50188686523593,10433300
2009-03-04,22.964061737060547,23.320153364869647,22.054894851882814,22.62312469702511,11627500
2009-03-05,22.267026901245117,22.744340648195244,22.024582465688212,22.13822811422016,11675700
2009-03-06,22.804956436157227,22.880720699084616,22.267031469947565,22.43371313740445,13134300
2009-03-09,23.486827850341797,23.835341376416768,22.698881964303457,22.714035103284857,12407200
2009-03-10,25.009687423706055,25.01726543986518,23.729277258616378,23.80504152429275,11501700
2009-03-11,25.206674575805664,25.532459896242404,24.53995079326463,24.6914793197739,10823100
2009-03-12,25.47942543029785,25.570341390439527,24.539950874946324,25.009686707538954,6133200
2009-03-13,25.305160522460938,25.835505861720176,24.94906903167373,25.54760493188383,7434000
2009-03-16,25.630950927734375,26.487081657359216,25.290012504794166,25.562763243146332,7157200
2009-03-17,26.093101501464844,26.093101501464844,25.199086723228678,25.699128642397625,5270900
2009-03-18,25.57033920288086,26.327978882966217,24.62328960277416,25.979465323766796,15879900
2009-03-19,25.14606285095215,25.85066806616706,24.979384067361664,25.653682998226905,10427300
2009-03-20,24.661174774169922,25.380933158181495,24.653599647885496,25.16879494022011,11323000
2009-03-23,26.89620590209961,26.89620590209961,25.039988297020155,25.15363539351785,8223900
2009-03-24,27.35079002380371,27.820528684543632,26.38101220322096,26.42647162237298,8468300
2009-03-25,28.07811737060547,28.631193789058386,27.252290304112222,27.297746818675634,12446200
2009-03-26,29.29033851623535,29.305491650759144,27.9644695921349,28.27510162446041,9544600
2009-03-27,28.43422508239746,29.14640845213668,28.085711415170604,28.9645736008805,7329000
2009-03-30,26.911359786987305,28.01751294421025,26.600727656803716,27.752340231919064,10833800
2009-03-31,26.956825256347656,27.45686740475406,26.555274200236102,27.19926975920128,11549200
2009-04-01,26.850746154785156,26.97196837414577,25.91884980154434,26.153719116003025,9288800
2009-04-02,28.1841983795166,28.775156440823558,27.396252370996535,27.396252370996535,9449300
2009-04-03,28.555431365966797,28.88121657820319,27.570500606022826,28.206917893860748,8591300
2009-04-06,28.911535263061523,28.956994692481647,27.68415957038356,28.396339956966273,7390300
2009-04-07,27.759918212890625,28.555439321786526,27.66142424240527,28.41906394424253,6015900
2009-04-08,27.934181213378906,28.15389746944261,27.456870175930256,27.65385527056778,4477300
2009-04-09,29.661592483520508,29.684320747424117,28.547861309590623,28.547861309590623,9065400
2009-04-13,28.14630699157715,28.396326509571978,27.131070003303385,28.009931658065362,9531300
2009-04-14,28.06297492980957,28.411488495042235,27.50232028516767,27.66142392710005,5845300
2009-04-15,28.46451759338379,28.820609105874777,27.73718432078414,27.75233745856732,5452200
2009-04-16,29.085792541503906,29.358543342076302,28.032673642756727,28.502409526983303,6423900
2009-04-17,29.032745361328125,29.381258837118743,28.926676293927965,29.207002099223434,6152300
2009-04-20,27.638694763183594,28.684238315078225,27.547778812199795,28.52513467831508,7017000
2009-04-21,27.767499923706055,27.775075050059442,27.229573467288013,27.775075050059442,7352500
2009-04-22,28.259967803955078,29.032760851837523,27.684162749346697,28.67666917257301,11626000
2009-04-23,28.737274169921875,28.881224673051705,27.72961197751474,28.25238522236233,6400400
2009-04-24,29.335805892944336,29.55551917784266,28.6008945647068,28.86606726553185,8351000
2009-04-27,29.90403938293457,30.191940383192392,28.578169930144032,28.782732992537355,8546500
2009-04-28,29.43429183959961,29.866146100214692,29.03274385099808,29.63127971752256,6627200
2009-04-29,30.722286224365234,30.858661588116888,29.56309852264198,29.616133065193644,7775900
2009-04-30,30.34347152709961,31.623884559269822,30.22982729825881,31.116264421915456,7028100
2009-05-01,31.222318649291992,31.343540836400006,30.373763339535902,30.540444930621266,5508800
2009-05-04,31.957244873046875,31.957244873046875,31.44962473786955,31.745106667987486,5269800
2009-05-05,32.692134857177734,32.767897626259405,31.760236034519806,31.760236034519806,7683900
2009-05-06,33.816837310791016,33.82448689465602,32.95994090775829,33.1282580199592,7930300
2009-05-07,33.30421829223633,34.1381627911648,32.70745168663431,34.02340155393488,7106700
2009-05-08,35.063926696777344,35.07157628000502,33.48784696161591,33.63321239153605,7491100
2009-05-11,34.21466827392578,34.88794227405534,34.069299975032685,34.627812754459235,9595700
2009-05-12,33.74031448364258,34.48244934460513,33.120596268142556,34.07695442151761,7068700
2009-05-13,32.86045837402344,33.22004696358363,32.4243594005133,33.03642787924922,6323700
2009-05-14,33.23536682128906,33.518451015494755,32.68450635500285,32.852823452596894,5251600
2009-05-15,32.89872360229492,33.65616061591555,32.67684778917058,33.105297333282365,5189300
2009-05-18,33.94689178466797,34.06930552450151,33.51844515453746,33.855082209436254,7288000
2009-05-19,34.13815689086914,34.47479679980375,33.587296626511694,33.93923569624041,4792100
2009-05-20,34.10756301879883,34.995063383813275,34.07695885345292,34.4671517466048,4734200
2009-05-21,33.12059783935547,33.663808595784324,32.66919665280542,33.65615901436676,5785000
2009-05-22,32.85281753540039,33.36542707477925,32.791612125092115,33.25831541780945,2951600
2009-05-26,33.786224365234375,33.91629060576267,32.5314827998139,32.60034071101741,4718300
2009-05-27,33.33481979370117,33.91628718942117,33.24301022753561,33.57964724919165,4622300
2009-05-28,33.90864181518555,34.008103901933396,33.04409303961389,33.65616472553222,4559600
2009-05-29,34.314125061035156,34.490097507474175,33.625549028330234,34.130505953076415,5417400
2009-06-01,36.494632720947266,36.57879271695673,34.84204572204196,34.84204572204196,6920500
2009-06-02,37.64225387573242,37.81822340877933,36.196240954047354,36.4946242021953,7453200
2009-06-03,37.00723648071289,37.64225973313265,36.56348778888618,37.267366030602226,4700000
2009-06-04,38.6904296875,38.95055925200121,37.160256465392585,37.206162712742376,7324600
2009-06-05,40.28181457519531,40.74851499498413,39.90692082056109,39.90692082056109,13724100
2009-06-08,40.419532775878906,40.80207613547538,39.11888476953606,40.15940317461034,7957400
2009-06-09,40.052284240722656,40.84797504288962,39.25659635712959,40.84797504288962,7723800
2009-06-10,40.0140266418457,40.70260571564235,39.09592218297472,40.41187200464225,6556200
2009-06-11,38.75929641723633,40.220612060065015,38.62158056242948,39.65444947348083,11852300
2009-06-12,39.356056213378906,39.44786871272431,38.33849248684593,38.83579705805075,5476700
2009-06-15,37.88709259033203,39.08827843957959,37.504549251881876,38.94291302165519,6363200
2009-06-16,37.35918045043945,38.3690945389968,37.25971837424969,37.92534290566844,5725700
2009-06-17,37.14495849609375,37.61166184748751,36.76241514820695,37.14495849609375,4870800
2009-06-18,37.45863723754883,37.70346470300416,36.838918992490974,37.053142295120985,3098700
2009-06-19,37.06079864501953,37.89474326358578,36.808321552034336,37.62696408639328,7032600
2009-06-22,35.882564544677734,36.74711034557084,35.599480386810235,36.59409535259522,5198500
2009-06-23,33.56434631347656,34.046351659793345,32.531480632799905,33.96219167186477,27281100
2009-06-24,31.613378524780273,33.319521316635964,31.437408954525072,33.005835922950816,21282800
2009-06-25,32.53913116455078,32.592686991419804,31.452709626837834,31.674585434480168,14005100
2009-06-26,32.041831970214844,32.730408252444576,31.751098205589408,32.21780156184825,15578800
2009-06-29,32.630943298339844,32.914024511348764,32.19484418798942,32.2484000142729,5514600
2009-06-30,32.51618576049805,33.50314833462745,32.210149903557785,33.380734575566194,8321200
2009-07-01,32.309608459472656,32.86047177425896,32.24840304592635,32.61564428292591,6346700
2009-07-02,31.238487243652344,31.98827176057711,31.077816839717656,31.98827176057711,7201500
2009-07-06,31.03191566467285,31.1849306602574,30.542257755650823,30.894199833787585,7132800
2009-07-07,29.868988037109375,31.13137944952711,29.7924776093852,30.98601401471277,7701600
2009-07-08,30.259183883666992,30.473410183111092,29.77717835813611,29.930196309574843,8800400
2009-07-09,30.06789779663086,30.603458911293146,29.85367451819526,30.412187293097563,5432600
2009-07-10,30.335678100585938,30.381581418474415,29.7771624386425,29.9913886235568,5833500
2009-07-13,30.940101623535156,31.238487854636332,30.037299185410735,30.3586370809913,6549000
2009-07-14,30.91715431213379,31.29204808999983,30.687628879301663,30.901852227468414,5748500
2009-07-15,31.643978118896484,31.720485601495962,30.993652842507387,31.19257696698344,7867100
2009-07-16,32.171897888183594,32.30196415590703,31.376206952035506,31.376206952035506,5356800
2009-07-17,31.643978118896484,32.43966877965394,31.445053994420427,32.32490463718134,5691600
2009-07-20,32.28664779663086,32.33255111435486,31.490957212253107,31.911754163303982,5535200
2009-07-21,32.914031982421875,33.441940783576435,32.51618652645748,32.761014050347214,9161800
2009-07-22,32.13363265991211,33.25065823763241,32.095378919031646,32.43966842410252,12052300
2009-07-23,32.09538269042969,32.27900183566159,31.20022987205965,32.133636435805194,13617700
2009-07-24,32.416709899902344,32.508522369130745,31.919405491826957,32.095375013321906,5068000
2009-07-27,32.3172492980957,32.41670842403882,31.697528292597017,32.13362728657181,5671700
2009-07-28,33.090003967285156,33.1665114795485,31.980627528019653,32.125995887324315,7831200
2009-07-29,33.18179702758789,33.281259078816994,32.62328429442501,32.8987158710145,5078100
2009-07-30,33.08235168457031,34.046359685885626,32.99819167680186,33.61791006387089,8279800
2009-07-31,32.829872131347656,33.273623844635566,32.74571212237414,33.143557580247126,6029200
2009-08-03,33.50314712524414,33.67911671513173,32.52383416953069,33.03644377361552,6064800
2009-08-04,33.786224365234375,34.00044768072359,33.16650316440285,33.388378980344555,5964600
2009-08-05,34.01022720336914,34.14926539200027,33.52359648975853,33.701255742654226,7129800
2009-08-06,35.161155700683594,35.32336594742986,34.010229064391886,34.21106332411454,10207000
2009-08-07,36.06490707397461,36.46657271413899,35.053021410932615,35.44696106856748,6689100
2009-08-10,35.3542594909668,35.84861614968195,34.90624692738237,35.84861614968195,5620600
2009-08-11,35.06074523925781,35.4006177598623,34.635907535101246,35.19206042583656,5121500
2009-08-12,35.794551849365234,36.13442137041668,34.998946657545524,35.014395673947675,4682100
2009-08-13,36.010826110839844,36.20393436339179,35.33881021700653,35.879513913471605,3484300
2009-08-14,34.65907287597656,35.71730835991666,34.14926714042673,35.392884920967596,10505300
2009-08-17,34.11064147949219,34.203332615307104,33.75532300336993,34.11064147949219,5211100
2009-08-18,33.81712341308594,34.39644829355643,33.74760430956553,33.98705965426887,5444200
2009-08-19,33.61628341674805,33.91753180546312,33.29186003510246,33.60083440366036,6578900
2009-08-20,34.55866241455078,34.62818151991193,33.593120921534265,33.631741991935165,5192100
2009-08-21,35.4315071105957,35.54737325959368,34.69769504233853,34.89852930772188,5529800
2009-08-24,36.4047737121582,36.91457945267519,35.50875141226173,35.925863056976716,6157100
2009-08-25,37.2698974609375,37.671563030688645,36.52063640326725,36.69057262993847,8247900
2009-08-26,36.93776321411133,37.37032695853225,36.64423771087572,37.13087155502433,3956000
2009-08-27,40.027488708496094,40.46005236689355,39.39409371199197,39.679893174658744,17771800
2009-08-28,39.424983978271484,40.57590758432694,39.16235662074905,39.91934066382,11455800
2009-08-31,38.36676025390625,38.81477297827181,37.864680381350794,38.75297690045622,9297900
2009-09-01,37.67156982421875,38.91518782382118,37.439840439349744,38.01143939225336,8242400
2009-09-02,37.385772705078125,37.83378248452701,37.200387417534294,37.53253397054257,3835700
2009-09-03,37.432106018066406,37.71790837668577,36.89140227753595,37.594316256246046,5466500
2009-09-04,37.965087890625,38.050053056139866,37.115409716090475,37.648390438765354,5711400
2009-09-08,38.235435485839844,38.528960866132174,37.702457748933796,38.41309473147519,4583900
2009-09-09,39.031044006347656,39.50995465488332,38.38992605890569,38.38992605890569,5895800
2009-09-10,39.00015640258789,39.177815697924494,38.459452533920505,38.94608336378202,3847200
2009-09-11,39.6644401550293,39.733959254782825,38.992424155144235,39.11601333841733,5880500
2009-09-14,39.37092208862305,39.59492548256588,38.96153047914363,39.38637110658443,4392700
2009-09-15,40.22058868408203,40.42914596120654,39.301394415213196,39.59491685270851,6584400
2009-09-16,40.444618225097656,40.7535898547973,40.004331369160724,40.50641137239761,5101400
2009-09-17,40.84626770019531,41.06254804936089,40.32101289799426,40.359633967974,4676800
2009-09-18,40.95441436767578,41.16297171454952,40.243774191669054,40.95441436767578,6532900
2009-09-21,40.8308219909668,41.21703861525275,40.4909494757718,40.62998769624266,3076100
2009-09-22,41.047088623046875,41.17840376359673,40.26693259953782,40.908050449099036,3898300
2009-09-23,40.45232009887695,41.247928185276145,40.367351987519896,41.20930417349683,4609100
2009-09-24,40.00431442260742,40.56819028087616,39.79575711394386,40.344183955282105,5351900
2009-09-25,39.79574203491211,40.47548378929875,39.62580585966605,40.05836933002075,3638600
2009-09-28,40.99302291870117,41.20158020185197,39.98113453302843,40.02748157815027,4921900
2009-09-29,42.19029998779297,42.85459300225578,41.15523939594135,41.15523939594135,7266000
2009-09-30,41.82725143432617,42.676926622838394,41.294270736380945,42.375678200485844,5939600
2009-10-01,40.251487731933594,41.6341436338256,40.18969167199284,41.595519623063474,6606000
2009-10-02,39.70305633544922,39.98112973300053,38.69889110455502,39.54084317029682,6041200
2009-10-05,40.3828010559082,40.56818629425765,39.68761304194418,39.97341246057611,3083000
2009-10-06,40.390525817871094,40.60680613391914,39.50995259213455,39.81120101708671,6244300
2009-10-07,40.00431442260742,40.359632972212594,39.5871998052803,40.30556288625523,3659300
2009-10-08,40.398258209228516,40.629987593896566,40.05838864148864,40.398258209228516,3190600
2009-10-09,40.699501037597656,40.74584808671823,40.13562519965765,40.545016767059586,2589700
2009-10-12,39.90388870239258,40.73039177749854,39.68760840508576,40.67632170317184,3974100
2009-10-13,40.08927917480469,40.15107229073714,39.67216459251645,39.88844491817771,3023600
2009-10-14,40.560462951660156,40.59136098449468,39.83437685964049,40.40597868068474,4646100
2009-10-15,39.981143951416016,40.57591791089851,39.347748918533156,40.18970128369681,5684300
2009-10-16,41.085723876953125,41.49511550682953,39.278229937801605,39.54085736303213,7431400
2009-10-19,41.28655242919922,41.51828178472447,40.62225944918785,41.18613529471878,3841200
2009-10-20,40.08155822753906,40.3982557212879,39.44816324004138,39.94252001598115,8189400
2009-10-21,39.10829162597656,40.16652422769712,39.0078744903597,39.44816115482002,8115500
2009-10-22,39.44816589355469,39.57175509585296,38.42855423794419,38.87656693789981,6375000
2009-10-23,38.536685943603516,39.44043418069775,38.23543751343823,39.44043418069775,5856700
2009-10-26,37.300785064697266,38.60619559150129,37.07677881881681,38.50577849048632,7427700
2009-10-27,36.88367462158203,37.486171400237886,36.729187436988795,37.30851216926495,7044700
2009-10-28,36.47429656982422,36.92230629264598,36.44339853470581,36.86051316900796,6909800
2009-10-29,37.70245361328125,37.9496319232777,36.93002065789289,37.31623713558707,8301100
2009-10-30,36.922306060791016,37.70246523633847,36.81416588515445,37.617497113595796,8702600
2009-11-02,37.285343170166016,37.393483324240044,36.55925717381314,36.93774771307222,5932500
2009-11-03,37.154022216796875,37.34713044650288,36.65966562020513,37.20809228538673,4899700
2009-11-04,37.45793533325195,38.10470369421524,37.24754091363333,37.621574446548344,5082000
2009-11-05,38.78263473510742,38.852766200082634,37.652740231641815,37.78521209773008,4916000
2009-11-06,38.712501525878906,38.94627207441207,38.424184615106455,38.73587768896608,3212400
2009-11-09,40.013832092285156,40.11513376835049,38.8761464066581,38.96965404549689,4444100
2009-11-10,39.21123123168945,39.79565936368708,39.06317717503659,39.79565936368708,4735600
2009-11-11,39.49175262451172,40.068386649821086,39.382659861483184,39.569675177373576,3545800
2009-11-12,39.180049896240234,39.67876128503832,39.03199588161404,39.44499069310851,3323500
2009-11-13,39.49175262451172,39.69435304548545,38.74368541584045,38.946285836814184,3545300
2009-11-16,40.894371032714844,40.92554123651614,39.64759260620541,39.74110024505505,5704600
2009-11-17,40.933326721191406,41.05800454684637,40.28656142952936,40.84761015869977,3945400
2009-11-18,40.53593444824219,41.01906085807885,40.091769318261605,40.98009957822277,4377300
2009-11-19,40.076171875,40.36448882424739,39.54629030891853,40.16188844782997,3182700
2009-11-20,40.28656005859375,40.43461404259773,39.795639836290846,39.834601098128346,4696400
2009-11-23,41.01125717163086,41.29957412091452,40.76969255476637,40.90995549713231,3255300
2009-11-24,40.49697494506836,41.011271590375145,39.702152316402376,40.58269154804536,3288200
2009-11-25,41.245018005371094,41.2606031033462,40.38785842461498,40.4969511378872,3021500
2009-11-27,40.87098693847656,41.15151277316671,39.741092536554,40.01382433552849,3281400
2009-11-30,40.83982467651367,41.058010158089985,40.34890437041272,40.855409778419734,5432200
2009-12-01,41.86063003540039,42.25024869776248,41.1047688792005,41.1047688792005,6359000
2009-12-02,41.907379150390625,42.522977303005405,41.5021754159817,42.109982503872224,5980000
2009-12-03,41.89958572387695,42.39829706963689,41.696982381815666,42.071018863689716,3997600
2009-12-04,42.60870361328125,43.208716800988526,41.78271085373196,42.663249996476914,5449900
2009-12-07,43.49701690673828,43.598318567229455,42.78012016493316,43.01389071236727,4948800
2009-12-08,43.37234878540039,43.80872275143105,42.90480758594604,43.6294985258884,4658500
2009-12-09,43.22429656982422,43.48144334848993,42.94377064942193,43.44248207566841,3900100
2009-12-10,42.8658447265625,43.941193087101574,42.639868157309095,43.364559120655585,5755600
2009-12-11,43.32558822631836,43.48143626476925,42.951554717568676,43.224289527996255,7396600
2009-12-14,43.676246643066406,44.07365929951055,43.49702243483726,43.65287047711822,4830600
2009-12-15,43.38014602661133,43.925612818668675,43.115208155741485,43.925612818668675,7364800
2009-12-16,42.9593391418457,43.74636724971443,42.429457713211015,43.722991089571366,7803800
2009-12-17,42.4450569152832,43.169747846066834,42.398301606906884,42.780129193927436,5824200
2009-12-18,41.6424446105957,42.65545558491436,41.37750378189854,42.62428537623123,8920500
2009-12-21,42.312583923339844,42.46843197463838,41.580101946557384,41.580101946557384,3655800
2009-12-22,42.935970306396484,43.146364715802854,42.32037515208245,42.37492152053364,3669800
2009-12-23,42.826881408691406,43.36455704955876,42.7957112031953,43.17753878913655,3061900
2009-12-24,43.23208236694336,43.29442277390442,42.943765416133985,43.060649220354655,1004000
2009-12-28,42.96714782714844,43.2866350278714,42.77233848591359,43.11520482892189,2072200
2009-12-29,43.02168273925781,43.216492028574386,42.96713637605348,43.12298440201751,2164000
2009-12-30,42.826881408691406,43.084031145202644,42.66324228866847,42.74895886750556,2461000
2009-12-31,42.180110931396484,43.02947960762358,42.117770527886144,42.85804647052419,2189400
2010-01-04,43.77755355834961,43.94119268468936,42.702205207658544,43.41910509897076,6186700
2010-01-05,45.21133804321289,45.41393838641804,43.63727870465979,43.832087984591304,8867800
2010-01-06,46.582786560058594,46.74642858797402,45.10223805467411,45.37496981361111,8836500
2010-01-07,48.468563079833984,48.554279662731865,45.990588104034,46.3724127355097,14379100
2010-01-08,48.00101089477539,48.14127383022718,47.424377024632776,47.95425856466083,7146600
2010-01-11,47.432186126708984,48.3828568346214,47.15166014912466,48.27376405946198,5624900
2010-01-12,47.08930587768555,47.6893188993384,46.68410216283346,46.80878000028378,5273800
2010-01-13,47.658145904541016,48.078934695989595,47.02696271736814,47.22956604920069,4950400
2010-01-14,47.96984100341797,48.016593330937965,47.36203399267306,47.55684328415007,3000400
2010-01-15,47.393218994140625,47.96985598492629,46.91788369887571,47.94647684131084,5067300
2010-01-19,47.260738372802734,47.541261273815444,46.723062790948354,47.22177413393195,5427100
2010-01-20,46.91008377075195,47.198400725400376,45.60875599737719,47.01138544713544,5374100
2010-01-21,46.1308479309082,47.73607483781428,45.897077339592734,46.98800775658304,5401300
2010-01-22,45.01654815673828,46.10747881080342,44.962001772662774,45.67889880482944,4743300
2010-01-25,45.02434158325195,45.78020290585132,44.80615603551406,45.468506718321336,3489900
2010-01-26,44.969783782958984,45.585381962186176,44.59575023638603,44.83731486904028,4552000
2010-01-27,48.25815963745117,48.37504640551276,45.842525526312826,45.850316590325065,14758500
2010-01-28,48.74908447265625,49.052986531046756,47.77503788932551,48.42959731222594,8862500
2010-01-29,47.22178268432617,49.40364966377868,47.00359717540277,48.93610546565831,8725400
2010-02-01,48.07895278930664,48.203630666371495,47.31530042071503,47.33088552691753,5919900
2010-02-02,48.26595687866211,48.312712186381404,47.53347489305268,47.75945442153105,7862300
2010-02-03,48.21887969970703,48.485629239240616,47.740299379410196,48.26595420415927,5480600
2010-02-04,46.53993225097656,47.991361854701225,46.485013487128484,47.818761308113615,7490700
2010-02-05,45.818138122558594,46.86944480871193,44.82959445125502,46.453627489834346,9675700
2010-02-08,45.41801452636719,46.26533771462958,45.33171275798696,45.76322159988806,4724500
2010-02-09,46.869441986083984,47.41078530205967,45.810288116330085,45.99073588832198,8250900
2010-02-10,46.71253204345703,47.11265486123341,46.24179597171361,46.84590531843318,4237100
2010-02-11,47.53632354736328,47.661852586725495,46.24180289725114,46.877295342499565,4395800
2010-02-12,46.798831939697266,47.01065972175802,46.233949873274454,46.97143246555594,5178300
2010-02-16,48.061973571777344,48.08551232331408,46.99497827564031,47.40294539286574,4268700
2010-02-17,48.50132369995117,48.642544229076336,47.85798706409123,48.16396387957973,4116200
2010-02-18,49.34080123901367,49.43494726389016,48.42287076255953,48.46994227857369,4390300
2010-02-19,49.88998794555664,50.478402799372994,49.152505321829324,49.152505321829324,7371100
2010-02-22,50.188106536865234,50.58038499222833,49.57615011136278,49.882129820537564,6034100
2010-02-23,49.24665451049805,50.3450327659585,48.83868441806481,50.06259469536453,6483800
2010-02-24,49.80366897583008,49.976272442263415,49.14464109554002,49.427082043213886,3400400
2010-02-25,49.325103759765625,49.403561265030156,48.642539924627116,49.207421991140535,5043100
2010-02-26,49.55263137817383,50.117513505588825,49.45063810675765,49.497712614991606,4416000
2010-03-01,50.21166229248047,50.47056761274325,49.42710506916046,49.4663323317568,5265600
2010-03-02,50.55686569213867,51.25512109101851,50.494099682292,50.71377473105921,4383200
2010-03-03,50.5647087097168,50.97268180218895,50.25089062097989,50.66670497568301,4289400
2010-03-04,51.42772674560547,51.62386604519101,50.87853311534814,51.06682516695526,7718700
2010-03-05,53.294952392578125,53.38125413356891,51.80429303128519,51.82782878142916,8505600
2010-03-08,52.753631591796875,53.35774406954877,52.66732980926089,53.35774406954877,5075600
2010-03-09,53.18513488769531,53.61663776910781,52.83992779400804,53.01253134085168,7655900
2010-03-10,54.92686080932617,55.2956037152261,53.373434649208846,53.45973643508745,10616500
2010-03-11,54.97391128540039,55.25635229727924,54.25212024868563,54.981758531756796,7289500
2010-03-12,54.78563690185547,55.3034415997912,54.33059223788065,55.29560033660677,5302100
2010-03-15,54.44826889038086,54.73855121294307,53.757854748727624,54.42473313295108,7709000
2010-03-16,53.9147834777832,54.38551670311227,53.585270818622625,54.322750676882336,7494400
2010-03-17,54.43257522583008,54.518876994854054,53.577410769115026,54.110909893219485,6004300
2010-03-18,55.60157012939453,55.648641645303336,54.28351381268103,54.409039850336626,7433700
2010-03-19,55.48387908935547,57.508037844639084,55.48387908935547,55.48387908935547,17722500
2010-03-22,56.41750717163086,56.990230535506804,56.103683116483055,56.22136788537548,9013600
2010-03-23,56.629329681396484,56.982377969424846,56.103677879862545,56.91177070609735,4985400
2010-03-24,56.739158630371094,57.42956659451198,56.315497157252416,56.81761312857206,7700000
2010-03-25,56.87253189086914,57.61001734268057,56.48810065959691,57.23342737124433,5431000
2010-03-26,56.95100021362305,57.264824268383165,56.76270817504537,57.005924959974855,4933700
2010-03-29,58.14353942871094,58.47305204367437,57.27268038509552,57.33544640290671,9064200
2010-03-30,57.688507080078125,58.19847060857317,57.03732297424134,57.93171796883959,4381300
2010-03-31,56.96669387817383,57.3197421935731,56.448883297512594,57.2099046738624,5884600
2010-04-01,57.26479721069336,57.6727700848226,56.72345710735442,57.46093640403041,4411000
2010-04-05,56.519493103027344,57.311897434610536,55.664322768097946,57.264819939253115,9326300
2010-04-06,56.77054977416992,57.41388632885705,56.30765799267195,56.362576747863706,5193800
2010-04-07,56.566566467285156,56.89607901711289,56.07229764254356,56.61364396418607,6717200
2010-04-08,56.707786560058594,56.84900707830765,55.86831069760466,56.40180976813492,3741500
2010-04-09,56.8176383972168,57.00593645947482,56.339057963947766,56.69211234140865,3345700
2010-04-12,56.42534255981445,56.93530584813328,56.331199543057075,56.60579331809171,3666100
2010-04-13,55.852622985839844,56.244901543716075,55.31127666054801,56.12721677921405,5079300
2010-04-14,56.252742767333984,56.29982026452059,55.55448741363965,55.57018190793377,3495900
2010-04-15,56.5587043762207,56.966677318577915,55.97028669780462,55.97028669780462,2943700
2010-04-16,55.53876876831055,56.56653611613991,54.824819307728994,56.56653611613991,8071300
2010-04-19,55.67216873168945,55.92322675359185,55.04452666978118,55.130822440273676,4203100
2010-04-20,56.025230407714844,56.47242775538559,55.66432884194192,56.127220685009505,4759600
2010-04-21,58.18276596069336,58.56719732020135,56.1036881429765,56.1036881429765,12035700
2010-04-22,59.304664611816406,59.62633587585938,57.806163756971486,58.4181172990388,9088900
2010-04-23,58.94377517700195,59.37528399391466,58.488736589534604,58.87316790825036,5198200
2010-04-26,58.32396697998047,59.06929975300178,58.167057967605,58.51226497766519,4023900
2010-04-27,56.86470031738281,58.786862786860226,56.66856104557102,58.567187760142296,6048300
2010-04-28,56.77839660644531,57.264818152966456,55.97029780638519,57.23343515227229,5699500
2010-04-29,57.8924560546875,58.0572122902007,57.013750146256136,57.27265536736015,5202000
2010-04-30,56.82547378540039,58.4338183137288,56.69210050841205,57.90031922007949,5600900
2010-05-03,58.36320877075195,58.606419583752015,56.84901315759453,56.974545180882515,5407700
2010-05-04,57.107913970947266,57.62571856200897,56.668563895416625,57.51588104312631,6229300
2010-05-05,56.026832580566406,56.84750803377607,55.58493272900503,56.73703307088573,5509200
2010-05-06,53.63582992553711,56.413495629454516,48.92484030690886,55.75853863313382,13769700
2010-05-07,52.649436950683594,54.543302758634105,51.92345696410649,53.888339804893846,8926100
2010-05-10,56.026832580566406,56.60288576172373,55.079902607096614,55.20615712735675,8841700
2010-05-11,56.35824966430664,57.34463742524914,55.34818956037082,55.48233685095506,6550300
2010-05-12,57.502479553222656,57.89703477063631,56.84751644741163,56.84751644741163,6330100
2010-05-13,56.62655258178711,57.84178307542001,56.46872692132179,57.336753002797685,3952900
2010-05-14,55.09568786621094,56.342483742640646,54.43283802027184,56.08996865555415,7952800
2010-05-17,54.98521423339844,55.529702349014485,53.35964869689626,55.52180955910325,4813600
2010-05-18,53.43852996826172,55.34028193069748,53.10710521437472,55.1508972171094,8881500
2010-05-19,52.24699401855469,53.3044049871648,51.52101396275312,52.752024146106564,9974000
2010-05-20,49.71394729614258,51.378970457060774,49.55612463919083,51.29216784522647,10899800
2010-05-21,50.9449577331543,51.29216818277647,48.44347959129835,48.91694756526946,10882600
2010-05-24,49.832305908203125,50.98440597542676,49.76128587610214,50.23475074996449,6160500
2010-05-25,49.54033660888672,49.690269471053,47.82796894688431,48.1357214383803,6903200
2010-05-26,49.91911315917969,51.61570441331713,49.71394581839279,50.18741076495746,7386100
2010-05-27,51.39475631713867,51.473672170618805,50.43204371106802,51.18169916587163,7443400
2010-05-28,50.64509582519531,51.49733633571366,50.116390395103366,51.41053372702568,5775600
2010-06-01,49.67448806762695,51.449983020834765,49.60346802868132,50.716110288468705,6318500
2010-06-02,50.77134704589844,50.79502540890722,48.972179775159624,50.02169476897806,4587900
2010-06-03,50.74768829345703,51.16591584545103,50.116400570574406,51.16591584545103,3775600
2010-06-04,48.25410079956055,50.0374889286344,48.080495553200215,49.9112313886134,8228800
2010-06-07,47.433433532714844,48.68811937182622,47.40186838966629,48.680226580955214,5918400
2010-06-08,48.151519775390625,48.21464704575655,47.22036920830784,47.60703465133745,7191200
2010-06-09,48.69599151611328,49.85598451617876,48.269871269940246,48.51449652464328,7726900
2010-06-10,50.4162483215332,50.51094370936766,49.161563029782606,49.564010902538,5682900
2010-06-11,51.59203338623047,51.84454846167415,49.83232064747944,49.840210426617055,8461800
2010-06-14,51.15013122558594,52.51529474216219,51.06332860786198,52.25488688899031,6000100
2010-06-15,53.24916458129883,53.32018161700797,51.66305122569093,51.82087087422258,6400600
2010-06-16,52.89405822753906,53.31228568991688,52.554740584781584,52.81514840791871,4451700
2010-06-17,53.075557708740234,53.257049696876635,51.986581698187834,53.24916292899835,3637100
2010-06-18,53.627933502197266,53.76997359234417,52.996648895214946,53.1702480983424,6213700
2010-06-21,53.63582992553711,54.71690722117652,53.320184590438,54.409154675074234,4109500
2010-06-22,52.30223846435547,54.03039223679833,52.19965627556246,53.63583702083858,4188200
2010-06-23,53.225486755371094,53.56480442154536,51.805091842881446,52.41270411836694,6098600
2010-06-24,53.20970916748047,53.84888660073097,52.98086645201738,53.00453879836978,7768700
2010-06-25,54.26711654663086,54.26711654663086,52.609986002705405,53.11501614903632,13325500
2010-06-28,53.10713195800781,54.148757437930115,53.07556681977568,53.99882453643611,5517000
2010-06-29,49.745521545410156,52.23910733928517,49.3667489054462,52.1680902913707,9210000
2010-06-30,49.51667404174805,50.668774420506345,49.38252672829213,49.75340654269307,7102200
2010-07-01,49.13001251220703,49.493005586430314,48.38036003530431,49.3036177646522,6465100
2010-07-02,48.87748718261719,49.319390000701475,48.26987193658255,49.177349916682125,3561300
2010-07-06,48.4198112487793,49.72973430101501,47.859543626305175,49.485109010397245,5444200
2010-07-07,49.950679779052734,50.0059172574562,48.15939909452359,48.51449932012925,4785100
2010-07-08,51.0791130065918,51.20536752554467,50.14795958991608,50.57407686947863,4489200
2010-07-09,51.02387237548828,51.449986618525465,50.51094950165688,51.449986618525465,3145000
2010-07-12,50.77134704589844,51.276383109391425,50.51094525713186,50.93706548479491,2299500
2010-07-13,50.84236526489258,51.57623791720126,50.64508773492177,51.410525514477676,6208300
2010-07-14,51.09489440917969,51.59992454409901,50.54251958049733,50.731904375983554,3822500
2010-07-15,50.7950439453125,51.90768659543682,49.998040671960766,51.80510440002925,8068800
2010-07-16,48.84593200683594,50.7082329197225,48.672326766076885,50.47149740588121,7016400
2010-07-19,49.85598373413086,49.99802381396048,48.95639856868768,49.49299375688477,5031500
2010-07-20,50.408363342285156,50.5030557289162,48.79068794051165,49.13000257679094,5068600
2010-07-21,49.85598373413086,51.14223122005287,49.45353583787475,50.818699161816795,4459500
2010-07-22,52.55473709106445,52.95718497093773,50.51883136986191,50.51883136986191,7572300
2010-07-23,53.60425567626953,53.79364043695648,52.36535291349992,52.467935071281815,5023400
2010-07-26,54.330238342285156,54.44071329327928,53.65949584826846,53.777863587314535,5836600
2010-07-27,54.14875030517578,55.04044276614572,53.97514507798449,54.64588762086869,5686800
2010-07-28,53.12290573120117,53.6595009818369,52.791480846511604,53.35964123194165,5540700
2010-07-29,53.04399108886719,54.077723572690516,52.62576362657021,53.54112837076924,4458600
2010-07-30,53.769981384277344,53.95936619177287,52.45216848054538,52.562643453287315,6022000
2010-08-02,54.993106842041016,55.18249165624355,54.05406352004422,54.456511518104946,5430800
2010-08-03,54.87472915649414,55.23771915995035,54.39337140789417,54.69323114454923,3773400
2010-08-04,54.977935791015625,55.51779157608169,54.906487229485265,55.112898223028125,3860000
2010-08-05,54.549224853515625,54.97793438276465,54.24754306197708,54.56510634923739,4312900
2010-08-06,54.54129409790039,54.55717559653173,53.47746385624749,54.009378977073936,4498800
2010-08-09,54.77151870727539,55.1525958729213,54.34280916730475,54.9144218872656,2904300
2010-08-10,54.47777557373047,54.75564117502946,53.62035652656574,54.2157854109275,4126200
2010-08-11,52.08018112182617,53.398066691894535,51.54032533096937,53.33455282073112,5230700
2010-08-12,51.36566925048828,51.81819501831238,51.15925823851,51.32597762065397,3847700
2010-08-13,51.476806640625,52.15956554917257,51.23863873158329,51.27833035458246,3665200
2010-08-16,51.12751007080078,51.54827897272579,50.53208100799724,51.0242984900902,3033200
2010-08-17,52.389801025390625,53.120198392833075,51.32597099372783,51.73086433066651,4303900
2010-08-18,52.39774703979492,52.68355341730057,51.59590103306982,52.43744472551043,2812800
2010-08-19,51.302162170410156,52.25484609839055,50.929025713895875,52.19133222132074,4200700
2010-08-20,51.286285400390625,51.38949697439766,50.484442313771694,50.968722042784115,3865900
2010-08-23,50.25420379638672,51.79437895478173,50.18275219979318,51.67529195095639,3887800
2010-08-24,48.372650146484375,49.86519295770163,48.05508681524381,49.65877588384275,9981400
2010-08-25,48.23768615722656,48.51555483775198,47.2214883115549,48.02333438481833,5143200
2010-08-26,48.682273864746094,49.66671779175676,48.48379753521647,48.71403080431286,4883300
2010-08-27,50.14306640625,50.28596962470123,48.08685123910045,48.53143936633859,6851600
2010-08-30,49.30152130126953,50.16687825878368,49.30152130126953,50.01603733169721,3279200
2010-08-31,48.531436920166016,49.36503696677563,48.269446690041136,49.222133755527274,5309500
2010-09-01,49.452369689941406,50.08749342475142,48.95220842380589,49.05541697712154,5688800
2010-09-02,50.325660705566406,50.325660705566406,49.3809144095501,49.49206067631571,3465800
2010-09-03,51.31804656982422,51.93729183681556,50.88139616001352,51.18308410025282,3471600
2010-09-07,50.34946823120117,51.00841102576262,50.24626273183053,51.00841102576262,2529800
2010-09-08,51.206878662109375,51.60383120987767,50.47648742789937,50.49236286472342,3747800
2010-09-09,50.3653564453125,52.10400814513308,49.976344503313435,52.008743375592225,4190700
2010-09-10,50.68291473388672,50.889328780404966,49.984277218310126,50.31771902084992,3210300
2010-09-13,50.96077346801758,51.58795926275975,50.7464156857938,51.38948297544953,3119100
2010-09-14,49.825496673583984,51.08780625663864,49.56350949216201,50.82581604670822,6025500
2010-09-15,49.80167007446289,49.84930547408763,49.134789622255745,49.61113453297961,4928100
2010-09-16,49.682594299316406,50.29389870503664,49.380909442364114,49.531750356586095,4676500
2010-09-17,49.97632598876953,50.28594848910739,49.22211554805746,50.22243462826498,10702700
2010-09-20,50.587646484375,50.730549680088586,49.6428972428787,50.00809598109584,4169100
2010-09-21,50.99253463745117,51.206886380468376,50.325651107033906,50.65115212412602,5361200
2010-09-22,50.73054504394531,51.49269333242795,50.516190269964305,51.11161615967855,3635500
2010-09-23,49.738162994384766,50.40504349697289,49.66671140380361,50.26214031581057,3656800
2010-09-24,51.286285400390625,51.46888629954498,50.2780282512835,50.42886918046685,4626900
2010-09-27,50.72259521484375,51.36565639315109,50.65114363630877,51.29420784312365,2762400
2010-09-28,51.2227668762207,51.341853881659944,49.96839808720024,50.69085178321103,3561500
2010-09-29,52.373931884765625,52.60416514102305,51.159257784903374,51.373609543754604,5874700
2010-09-30,52.82646560668945,53.961750561596865,52.43745365986617,53.26310993887387,8214300
2010-10-01,53.05668640136719,53.96967860019874,52.929658660965984,53.62035837111146,4483000
2010-10-04,52.65973663330078,53.898226883811795,52.28660019705288,52.850272197144854,4073700
2010-10-05,54.46189498901367,54.763582838625716,53.207523331296926,53.207523331296926,7517800
2010-10-06,54.446022033691406,55.089083330643156,54.3110595985068,54.469838221427956,4718400
2010-10-07,54.350746154785156,54.89060190217105,53.82677190241936,54.75563947957849,5501400
2010-10-08,54.96205139160156,55.34312243833739,54.10463245092335,54.35868183441892,3335700
2010-10-11,55.565425872802734,55.77184293050296,54.96206225339635,55.18435475075831,3469400
2010-10-12,55.748016357421875,56.04969811092595,54.708002628354386,55.70038399029364,4381600
2010-10-13,56.74039840698242,57.2961295535971,56.09733721489755,56.15291032955902,6038900
2010-10-14,56.6530876159668,57.161186567561515,56.248194181815066,56.94683478302076,3841500
2010-10-15,55.66069412231445,57.08178515883514,55.613061748503306,57.04208747598185,5641300
2010-10-18,55.75596618652344,56.40696822371848,55.597181508539194,55.724209250926585,4818500
2010-10-19,54.81916046142578,55.541611096210886,54.263423146882346,55.23198853030064,4493400
2010-10-20,56.6530876159668,57.11355418366741,55.23199627862562,55.5733758295737,8067700
2010-10-21,56.76423263549805,57.06591448855913,56.02590041628011,56.85156270872941,4622700
2010-10-22,56.57369613647461,56.86743723532735,56.05765645487289,56.668960900635696,3062400
2010-10-25,56.89125061035156,57.55018733542396,56.74040668126679,56.90712604956338,4802900
2010-10-26,56.605438232421875,56.88330381671816,56.1529125502778,56.446653572098676,3544500
2010-10-27,56.256126403808594,56.45460271597077,55.343134156459314,56.26406715225966,3808200
2010-10-28,56.58161163330078,56.99444566133359,55.85122042310734,56.605433873276326,4119800
2010-10-29,56.081459045410156,56.73246102304144,55.859166573587125,56.48635236595388,3192300
2010-11-01,55.95444869995117,57.07385203312249,55.50192291726203,56.137043528623614,3321400
2010-11-02,55.39871597290039,56.35140605495297,54.6206920990923,56.248194479945646,6339800
2010-11-03,55.06324005126953,55.69422363861966,54.34439760405467,55.63831400904142,4670800
2010-11-04,56.58878707885742,57.17184996413688,55.73416483173109,55.90988258054665,5758100
2010-11-05,56.92423629760742,57.22775094279252,56.30923036351439,56.588778515374855,3625800
2010-11-08,56.07762145996094,56.23736766621679,55.71021432611452,55.95781332869272,4171600
2010-11-09,55.310855865478516,56.34918483905914,54.975397985531956,56.12554015873364,4587500
2010-11-10,53.569664001464844,54.06486810114442,53.3460254060272,54.06486810114442,10494700
2010-11-11,52.211849212646484,53.274132428083625,51.94827257016538,53.15433040304136,10033700
2010-11-12,50.39078140258789,52.11600061129481,50.32688292785761,51.924311280797916,16721500
2010-11-15,50.80611801147461,51.197485548861394,50.01539105619838,50.59845099229821,10964500
2010-11-16,50.14317321777344,50.59843913028369,49.39238451308997,50.59843913028369,9615800
2010-11-17,49.91953659057617,50.33486750063137,49.65595997489151,50.055316267616114,8173300
2010-11-18,51.60482406616211,51.69268294390144,50.09525766674104,50.598444435316786,11578500
2010-11-19,50.79014205932617,51.70865986053172,50.63039890572822,51.54093092033513,8824700
2010-11-22,51.14156723022461,51.25338650766322,50.15915108963952,50.334868838098366,5908600
2010-11-23,50.79812240600586,51.20546755640081,50.39876608820126,50.66234272043881,6567900
2010-11-24,52.243804931640625,52.37958463932867,51.13358858107101,51.42112566423087,6205700
2010-11-26,51.7565803527832,52.283727514681324,51.65274381193975,51.98820165075617,2279600
2010-11-29,51.40513229370117,51.6766915939326,50.67031527643707,51.38117189587984,4385000
2010-11-30,50.933902740478516,51.28533518673642,50.694289570445996,50.90195350531504,5814100
2010-12-01,52.49138259887695,52.547292226000714,51.532924013436606,51.64474936137646,7515200
2010-12-02,53.186283111572266,53.3540181641828,52.35562715133278,52.41153680430458,4760700
2010-12-03,53.1463508605957,53.2581701659782,52.675107136173644,53.178300104090006,3355900
2010-12-06,53.186283111572266,53.481809045106125,52.691085069163556,53.04252065566921,3455000
2010-12-07,52.898738861083984,53.82524232030587,52.72302111182803,53.54569412544123,4732800
2010-12-08,52.060089111328125,53.162310339464916,51.85242212271323,52.86679056834875,5230600
2010-12-09,51.60482406616211,52.40353670474231,51.43709514330353,52.40353670474231,5188300
2010-12-10,51.24541091918945,51.732620071040316,51.08566471934992,51.62080077799986,5501700
2010-12-13,50.94988250732422,51.421120062800746,50.82208860060157,51.301318035946814,4819600
2010-12-14,51.50897979736328,52.00418386009973,50.86202446686918,50.99780416201338,6304500
2010-12-15,51.309303283691406,51.668727662907244,51.18949515728613,51.34924135705798,3434800
2010-12-16,51.43710708618164,51.79652541951641,50.88599328761942,51.38119743224745,5169100
2010-12-17,51.94027328491211,52.147940242685,51.39714853713958,51.82845402157889,8884700
2010-12-20,50.534542083740234,51.73260783059025,50.17512083626198,51.70864742970719,9711000
2010-12-21,51.26935958862305,51.397150425545014,50.5425282565595,50.80610485568319,5092900
2010-12-22,51.60482406616211,52.0281407896186,51.12559770175276,51.477027119016235,5256000
2010-12-23,51.964237213134766,52.01216411045495,51.3811804566962,51.56488093306163,3328900
2010-12-27,51.71664047241211,51.84443741245195,51.38118264534777,51.70066890175388,2548500
2010-12-28,51.80449295043945,51.91631221232443,51.381176302775955,51.764554888183646,2635100
2010-12-29,51.95627212524414,52.07607417500987,51.61282536395998,51.91633404619202,2504700
2010-12-30,51.92430877685547,52.10002652704314,51.70067021977794,52.00417881956978,2342900
2010-12-31,52.124000549316406,52.14796095902165,51.61282482995373,51.836463445462996,2137400
2011-01-03,53.0345344543457,53.258173077335904,52.71504809563308,52.83485624186224,8072900
2011-01-04,53.46581268310547,54.00094855541455,53.12236609016084,53.346004598368076,7979900
2011-01-05,53.897132873535156,53.953042515879005,53.10640295420846,53.15432985742747,5890000
2011-01-06,54.9514274597168,55.39071571864951,53.88114944317939,53.88114944317939,7507200
2011-01-07,55.41468048095703,55.98975455375396,54.95143178337623,55.2389688197747,6797000
2011-01-10,55.18305206298828,55.63832410692958,54.59200642964963,55.446628690419445,4397400
2011-01-11,55.0792350769043,55.814049405361416,54.84760762895027,55.486580319423105,4443600
2011-01-12,56.02969741821289,56.30125681266685,55.51852177502186,55.59040299342638,5935800
2011-01-13,55.77410888671875,56.30924492923335,55.60637995221541,56.141515994730014,4040100
2011-01-14,55.965789794921875,56.06962023577236,55.42266500106289,55.550461937826576,4551500
2011-01-18,57.882713317871094,57.96258337323577,56.093598484184916,56.59678531730754,9630700
2011-01-19,57.29166793823242,58.29804161049384,56.852373490558634,58.05044260927479,8590500
2011-01-20,56.8044548034668,57.47537061010432,56.197431387679366,56.98815532941498,6909400
2011-01-21,57.25171661376953,57.6830221279342,56.98015117432071,57.43542318401668,4441200
2011-01-24,58.09037399291992,58.16225520678984,57.11594358027912,57.12392631935759,5497100
2011-01-25,57.698997497558594,58.0903710656639,56.95619452319724,57.89867565094935,5186700
2011-01-26,55.925865173339844,56.29327840801492,55.19903972527087,55.9019047653599,13111000
2011-01-27,56.35715103149414,56.708586475124456,55.90987398955932,55.91786282064892,5743600
2011-01-28,55.29487228393555,56.668652745424886,55.11116571698728,56.548850738385944,5376400
2011-01-31,55.49455261230469,55.87793123735681,55.20701559666891,55.318834870116895,4559800
2011-02-01,56.141517639160156,56.30924657857641,55.59040391415357,55.9098902198631,4780400
2011-02-02,56.70860290527344,56.860360271481035,55.750150082380394,55.77411048889856,4249100
2011-02-03,56.692626953125,57.01210714028254,56.405089909728055,56.70859852500529,5092000
2011-02-04,57.01211166381836,57.21977867690294,56.453015198238084,56.62873297133316,4079200
2011-02-07,57.451393127441406,57.59516162809257,56.828398322517366,57.05203685826516,4153200
2011-02-08,58.07438278198242,58.162241640904796,57.52326922941347,57.64307731827966,4083900
2011-02-09,58.34754943847656,58.41181917507513,57.841439053236535,58.154746357780276,4565700
2011-02-10,58.37162399291992,58.63672578879549,57.72090398352606,58.186850131216445,4917000
2011-02-11,57.95391082763672,58.39575762672436,57.785207357739544,58.034244937716366,4076100
2011-02-14,58.0503044128418,58.40377565588435,57.52008835463011,58.40377565588435,4091200
2011-02-15,57.35941696166992,57.85749199921831,57.11037331379751,57.7771579088813,4387500
2011-02-16,58.2270393371582,58.339508288464586,57.40761568724234,57.60845397587491,4456600
2011-02-17,58.03421401977539,58.25112274344121,57.79321181793126,58.17881779252045,3046400
2011-02-18,58.67691421508789,59.06252029087356,57.94585991405137,57.94585991405137,5358600
2011-02-22,56.98184585571289,58.235074955341005,56.53999911976767,58.12260599148201,5560100
2011-02-23,56.41950225830078,57.43172295495348,56.23472831133142,56.98988233853812,5551900
2011-02-24,56.845272064208984,58.24310486481707,56.30702078182632,56.51589432231663,7015600
2011-02-25,58.0824089050293,59.681079233726976,57.889599823355695,59.39990698432216,8127200
2011-02-28,57.84945297241211,58.56443667341993,57.60040936719454,58.218994627947836,4098500
2011-03-01,56.33111572265625,58.02619107777498,56.22667590789058,57.78518272118956,5186200
2011-03-02,55.8892707824707,56.556055277069646,55.11001735252945,56.323082159832765,7069500
2011-03-03,57.60846710205078,57.704871709035686,56.33916735769751,56.33916735769751,5457700
2011-03-04,57.68074417114258,57.73697863239048,56.45964425676428,57.68074417114258,5702900
2011-03-07,56.941650390625,57.897642286903995,56.162403239133646,57.520065449580486,5132000
2011-03-08,57.873565673828125,58.243107412956434,57.18268142660172,57.42368983994993,5656300
2011-03-09,57.91371536254883,58.178823325978925,57.30317148986364,57.849451780069415,5379600
2011-03-10,57.27104568481445,58.15473290680317,56.6444312206606,57.28711005069875,5505700
2011-03-11,57.55221176147461,57.7530500231015,56.443586763769204,56.46768637450885,3855800
2011-03-14,56.82919692993164,57.222844364320814,56.154383263717826,57.174639010235694,4378000
2011-03-15,55.98567581176758,56.419487192678204,54.901144294942334,54.901144294942334,6247600
2011-03-16,54.37897872924805,55.96961459375478,54.097800212898335,55.616143362252366,9623800
2011-03-17,54.86903381347656,55.45547830056804,54.50752114461391,55.09397176080477,4408800
2011-03-18,55.51169967651367,55.89731187307248,55.16625758781859,55.60006901053553,5061200
2011-03-21,57.198760986328125,57.58437332428705,56.266874207336016,56.46771256210417,5297900
2011-03-22,57.720916748046875,57.92175501517933,56.8131299870833,57.182671663115315,4725000
2011-03-23,58.419837951660156,58.70101030862185,57.15053859269284,57.53615077445295,5332400
2011-03-24,58.45196533203125,58.9098762916647,58.10652330079219,58.83757133535578,4360200
2011-03-25,58.91788864135742,59.0464280252829,58.10650676443471,58.59655243973406,4696900
2011-03-28,58.88579177856445,59.19909903499647,58.73315270985709,59.046459966289106,3857300
2011-03-29,59.14284896850586,59.391886432571525,58.66886752017475,58.70100237506982,4782500
2011-03-30,59.287452697753906,59.56058977047141,58.92594017733167,59.39188637924644,3875400
2011-03-31,59.391883850097656,59.82569517867277,59.022342228518106,59.29547928960432,4199200
2011-04-01,59.45616912841797,60.13098284131243,59.399934652343426,59.68110703271612,3867600
2011-04-04,59.407962799072266,59.5365022446244,58.94202263169105,58.95005175021448,3697100
2011-04-05,58.82957077026367,59.80965674635371,58.411823579969656,59.05450873622204,5217600
2011-04-06,59.22319030761719,59.391893719692774,58.48410694163908,58.90988309531999,4803600
2011-04-07,59.68109893798828,59.91407205844058,59.19105308619161,59.23925230797575,4373400
2011-04-08,59.0223388671875,60.13096366878981,58.676896873130104,59.97833078473858,3099500
2011-04-11,59.25532150268555,59.673062383553585,59.046447997702906,59.16695217861971,2694600
2011-04-12,58.709049224853516,59.1107257967875,58.61264464111405,58.82151817466718,3441100
2011-04-13,57.94586944580078,59.21516908967513,57.47992920500688,58.90989705203788,5078400
2011-04-14,58.0824089050293,58.218977407726584,56.94164329029421,57.704832114787685,4091600
2011-04-15,58.32343673706055,58.62871485287744,57.85749044488596,58.202932540243246,4176600
2011-04-18,58.47605895996094,58.8697001690783,57.640571199418574,58.4198245015156,6225500
2011-04-19,58.76527404785156,59.15088006127935,58.3555622956246,58.62067026054188,4352000
2011-04-20,60.30772399902344,60.508562297425556,59.56864053188728,59.616839762192285,6356300
2011-04-21,60.604949951171875,60.84595216444763,60.315742391963575,60.59691470533366,3157100
2011-04-25,60.17115020751953,60.70136008217662,59.994411539601195,60.661196103439316,2524200
2011-04-26,60.69331741333008,60.93431961924087,60.25950608777478,60.50050829368557,5100900
2011-04-27,61.151241302490234,62.10722734127565,60.29165371485415,61.07893633503038,7462400
2011-04-28,63.10340118408203,63.3524387339996,61.07091228270343,61.07894753147145,7359700
2011-04-29,64.09150695800781,64.54138271599533,63.34438835757997,63.34438835757997,8050400
2011-05-02,63.890689849853516,64.79044779290889,63.59345303807149,64.54943934039954,5633300
2011-05-03,63.87460708618164,64.43695180796756,63.47293053373519,63.657698315565796,4728000
2011-05-04,63.336360931396484,64.26825354983629,63.27209733596134,64.02724514738509,5735200
2011-05-05,63.02305221557617,64.05937851538545,62.73384459102018,63.07928669095661,4718900
2011-05-06,63.71392822265625,64.30037864401206,63.44079112852981,63.57735967559303,4565800
2011-05-09,63.979034423828125,64.38874618274554,63.585393157705916,63.713926454581724,3137600
2011-05-10,64.22809600830078,64.60567305244854,64.07546304403854,64.07546304403854,3852400
2011-05-11,63.864654541015625,64.44612429524693,63.581997344226735,64.31690605587785,3853700
2011-05-12,64.13117980957031,64.40575939997855,63.38011553499905,63.83236717165566,3700000
2011-05-13,63.824283599853516,64.68033302209598,63.44471265634121,64.29269055829278,3808500
2011-05-16,62.80670166015625,63.646601750773506,62.70979413988901,63.52546735043946,3800400
2011-05-17,61.926429748535156,62.774407577977584,61.23997473308742,62.677493889580774,5191100
2011-05-18,62.29792785644531,62.580585101236366,61.8618254667109,62.0071929299557,3634200
2011-05-19,63.00862503051758,63.35589148985594,62.38677894175541,62.51599723428471,3340900
2011-05-20,62.60480499267578,62.98437589105856,62.394834583691164,62.90361756749024,4000400
2011-05-23,61.60340118408203,61.99104984480686,61.19152563733685,61.82145548119801,3587300
2011-05-24,61.029991149902344,61.95064951885961,60.763483158502964,61.748750645641536,3783700
2011-05-25,61.63570022583008,62.00719348825256,60.674659423421694,60.77965080205071,4134000
2011-05-26,61.9102897644043,62.120260211657516,61.328819870391136,61.813376061580016,4377000
2011-05-27,62.1767692565918,62.588644643325544,61.87796289647032,62.209073812557584,3202700
2011-05-31,63.01668930053711,63.275119669119334,62.51598392723367,62.83094574639745,4706400
2011-06-01,60.85231018066406,63.073197458509206,60.779629554528086,62.952056920152174,5259100
2011-06-02,61.12690353393555,61.65183566402505,60.811941791296036,60.92500466498896,3606200
2011-06-03,60.440452575683594,60.61005307609995,59.83475586737399,60.33546736437086,4239300
2011-06-06,60.23048782348633,60.78772465779592,60.10126955604484,60.375855293624944,3310200
2011-06-07,59.90744400024414,60.65043050010498,59.891294798710504,60.40007782680671,3387500
2011-06-08,59.64093780517578,60.08511787938444,59.47942113899038,59.867063602421695,3772100
2011-06-09,59.90744400024414,60.20625660107468,59.30174727854909,59.62478676241292,2960800
2011-06-10,58.704105377197266,59.76205326742533,58.6394962732921,59.60860818601639,5139600
2011-06-13,58.90601348876953,59.285584332199605,58.70411462834623,59.00292099843559,4087300
2011-06-14,60.278926849365234,60.585810917278536,59.10791585405947,59.229050248324846,4775700
2011-06-15,59.64093780517578,60.98154954808493,59.41481200792987,59.818609834859245,6531900
2011-06-16,59.77014923095703,60.230478454546734,59.31789152672729,59.552094978934704,4446500
2011-06-17,59.89128494262695,60.51313076352081,59.5682455119245,60.26277813142213,5536100
2011-06-20,60.182010650634766,60.40814255387177,59.366343676592585,59.72975916708945,3809600
2011-06-21,59.74592590332031,60.585819915131246,59.58440308453704,60.585819915131246,5493900
2011-06-22,58.24379348754883,59.48749137826836,58.19533356458333,59.43095377456442,7232200
2011-06-23,57.54118728637695,57.84807140044337,56.76589623915742,57.47657815874227,8038400
2011-06-24,57.54926300048828,57.79961565968292,57.121238327104415,57.638099007582895,6088500
2011-06-27,57.83999252319336,58.098422839393535,57.60578908640808,57.69462508523921,4028200
2011-06-28,58.219566345214844,58.340706922707156,57.66232954709538,58.00151823490127,3837900
2011-06-29,58.72838592529297,58.922207252687144,58.03385282720585,58.32458789903157,3913800
2011-06-30,59.7055549621582,59.84284476301757,58.873732312700426,58.95449065664907,4245300
2011-07-01,59.98011779785156,60.35161716681151,59.600553071244605,59.608624590356584,3647800
2011-07-05,59.883209228515625,60.351616110339464,59.64092810716816,59.899358427921854,3130300
2011-07-06,60.35968017578125,60.69887493607513,59.770138967548164,59.867046474948616,3757800
2011-07-07,61.369171142578125,61.538765432841046,60.44851290317152,60.83616139624661,4976900
2011-07-08,60.626190185546875,61.03806559026032,60.22239246054351,61.03806559026032,4051200
2011-07-11,59.23712921142578,60.35161495452235,58.95447201624359,59.8993572807661,4379000
2011-07-12,58.09034729003906,59.64900692470996,57.97728440764553,59.45518572081603,5773000
2011-07-13,58.2841796875,59.156384514728416,58.03382699432868,58.5991415148659,4707700
2011-07-14,57.49272918701172,58.4053099405564,57.33928406081395,58.09842584962595,5691200
2011-07-15,57.56540298461914,57.91266927635402,57.218136692884265,57.90459159660269,4058500
2011-07-18,56.168270111083984,57.09700001718856,55.780621555750216,57.06470161892011,7294900
2011-07-19,56.959712982177734,57.33120619467043,55.97444542834425,56.620524330962446,7434200
2011-07-20,58.20341873168945,59.196764100471675,57.14547039308555,57.43620532241372,8026000
2011-07-21,58.86565017700195,59.156385122397936,58.14689049573585,58.615297481258956,4301500
2011-07-22,58.68797302246094,59.107926200976266,58.340706654693356,59.107926200976266,2921300
2011-07-25,57.58965301513672,58.15497375718248,57.347377978374375,57.64618447319461,3990800
2011-07-26,56.660911560058594,57.69463296606091,56.41863040988561,57.64617303914696,7061900
2011-07-27,57.04048156738281,59.11600225153102,56.95972323039173,57.92884175868319,9806900
2011-07-28,57.06471633911133,58.41339970818398,57.00817872389542,57.33929592547595,5448400
2011-07-29,56.911258697509766,57.42811935026408,55.92599115273902,56.53168780782284,5962000
2011-08-01,56.79819107055664,57.84806148812907,56.15211222784709,57.83191228972034,5554600
2011-08-02,54.674224853515625,56.765900860341844,54.66615333300336,56.176353305246344,7052400
2011-08-03,54.38348388671875,55.00533593930821,53.382067083761015,54.82766392428265,6749800
2011-08-04,50.951210021972656,53.608197386858535,50.878526289757964,53.592048184795665,10707100
2011-08-05,50.6766242980957,52.049534364294566,49.59444606236522,51.75879945309343,11643100
2011-08-08,47.4139404296875,49.91748882256769,47.333182096030995,49.344093562967835,13561000
2011-08-09,50.34550476074219,50.44241536038449,47.454311324943845,48.48803568381392,14122800
2011-08-10,46.678550720214844,49.76010010943817,46.532197238292994,49.53243741443232,13549600
2011-08-11,47.8493766784668,48.434790620890766,45.54024769645265,46.87369090993274,15539100
2011-08-12,50.2072868347168,50.30485478278154,48.10142642074205,48.743755207229015,10082800
2011-08-15,50.97970962524414,51.004100837988275,49.898320369691085,50.45934307584059,6933400
2011-08-16,50.59756088256836,51.20736597562754,49.93084089562065,50.19102415386224,6841400
2011-08-17,50.55691146850586,51.15858413337983,50.0934598125575,50.768309217930124,6263400
2011-08-18,47.9144287109375,49.36983123622843,47.337147184692405,49.10964792576219,8108800
2011-08-19,46.78425216674805,48.320960658812936,46.72733726716263,47.402186691516526,9229900
2011-08-22,47.46722412109375,48.26403565002171,47.19077905174088,48.08515851643199,6862800
2011-08-23,49.410484313964844,49.410484313964844,47.31275288327432,47.72742216684325,6527700
2011-08-24,50.15850830078125,50.33738548185549,49.1502987931236,49.26412859866918,4852000
2011-08-25,49.67879104614258,50.727656635868556,49.19094817268504,50.451211513808126,6440000
2011-08-26,51.06101608276367,51.19924019305559,48.89011128815006,49.30477741576717,6199200
2011-08-29,52.52454376220703,52.67089723170755,51.711470310150396,52.028571561820904,4303900
2011-08-30,53.687232971191406,54.10190212172599,52.68715621216132,53.036778005110584,6984200
2011-08-31,54.362091064453125,54.711712894161714,53.776677191149616,54.22387006749482,6807400
2011-09-01,53.70350646972656,55.06947018039363,53.662850313942926,54.44340011957291,6169500
2011-09-02,52.06108856201172,52.971732998855856,51.800905323378785,52.85790321965755,4735100
2011-09-06,51.036617279052734,51.142317688657315,49.77635413953099,50.33737366442511,6478800
2011-09-07,52.768470764160156,53.020521561124966,51.56511926901315,51.987917856189,5530300
2011-09-08,51.06913757324219,52.44323040048247,50.90652228500798,52.31313568859219,6866500
2011-09-09,50.23981857299805,51.296813634452164,49.955240951541015,50.50000187730584,5415700
2011-09-12,50.7276496887207,50.841479470163186,49.052720444703084,49.45925715078564,5520600
2011-09-13,51.101661682128906,51.70333735969935,50.43494174574561,50.654471934793115,5283600
2011-09-14,51.24802017211914,52.09361733109408,50.11784853734934,51.26428201382587,5782600
2011-09-15,52.29689025878906,52.53268233164727,51.58951714184388,51.75213247145745,5263700
2011-09-16,53.15873336791992,53.459572740468595,52.4594897909475,52.670890598772445,6926700
2011-09-19,52.158660888671875,52.36192924271716,51.182972168928714,52.10174599766951,4836800
2011-09-20,51.67894744873047,52.55706512535346,51.63016192717349,52.329405561345446,3431600
2011-09-21,49.61374282836914,51.89034789269239,49.589351617126354,51.6626883167488,4517200
2011-09-22,47.743675231933594,48.45104828357772,46.776115815949176,48.239650545735834,12055700
2011-09-23,48.38600158691406,48.59740242931161,47.207047518396124,47.62171362982332,6239400
2011-09-26,50.41868209838867,50.6300829273894,48.78440586657516,49.434863991137036,7031800
2011-09-27,51.04475402832031,52.27249676684902,50.74391769770497,52.14240202752422,6410300
2011-09-28,50.34550094604492,52.07735117236646,50.256065481842136,51.4512812115459,4695500
2011-09-29,50.71138000488281,51.79276896458863,49.890177350326084,51.38623232138406,6094200
2011-09-30,49.19907760620117,50.5569120050579,49.15029517977056,50.00402176022909,5464300
2011-10-03,47.361515045166016,50.028394213128166,47.03628451665094,48.86569926088482,8290400
2011-10-04,48.08516311645508,48.15833985068501,46.26388033371089,46.77611437169135,7800000
2011-10-05,48.75189208984375,48.81693946633008,47.68676766373181,47.89003606280717,5825600
2011-10-06,49.987762451171875,50.23981637314633,48.3372241051859,48.79254331697265,5565900
2011-10-07,50.256072998046875,51.1911056406073,49.94710420668252,50.33737910552894,5580800
2011-10-10,52.06108856201172,52.19118328295705,51.02035560747998,51.117923546560114,4597500
2011-10-11,52.0123176574707,52.239977266265264,51.630172084168784,51.76026373228419,3192200
2011-10-12,52.29689025878906,53.03679016361229,52.14240429992292,52.410720059029735,5136500
2011-10-13,51.654563903808594,52.109883126729535,51.26428895489225,51.857832300221034,3154300
2011-10-14,51.94724655151367,52.26434460508307,51.556971785456874,52.0366851002903,3839900
2011-10-17,50.2316780090332,51.6382947406365,50.13411006104089,51.500073739449824,4873400
2011-10-18,51.605770111083984,52.2318339047527,49.86579351716461,50.353636320488754,6167800
2011-10-19,51.31306076049805,52.256222641863495,50.84147671818657,50.906524076420745,4849500
2011-10-20,50.8089599609375,51.81716927634265,50.55690608127171,51.23175541473386,6291500
2011-10-21,52.51641082763672,52.55706698118427,51.30493313166853,51.475680912332706,6250400
2011-10-24,52.646522521972656,52.89857338606937,51.97980233044255,52.37008043919046,5190800
2011-10-25,51.809043884277344,52.80912080525581,51.67081977783946,52.695291012677096,6529500
2011-10-26,54.11818313598633,55.20770511261571,53.500251594341,54.93125683071333,12700300
2011-10-27,54.87433624267578,55.906943201966676,54.62228540843188,55.76871597368707,8606900
2011-10-28,55.427215576171875,55.60609272762364,54.72797191318304,54.92311400745304,6102900
2011-10-31,53.49209976196289,54.8743220614756,53.45144361063579,54.573488873383006,6879500
2011-11-01,51.36183547973633,52.31312968912106,50.71137750302519,52.223697339024554,8962200
2011-11-02,52.361934661865234,52.6546416182445,51.898483014807816,52.01231280859325,5782800
2011-11-03,53.817344665527344,53.96369816463955,52.44324826848829,52.97987983298617,4896800
2011-11-04,53.50023651123047,53.62219256844893,52.849775257526844,53.329485624608125,3458000
2011-11-07,53.89863967895508,53.988078254606314,52.98799518289617,53.42705558975003,3624200
2011-11-08,54.53688430786133,54.65962422797497,53.55497118976385,54.365050916826895,4827000
2011-11-09,52.818546295166016,53.75953782094355,52.63852857074571,53.3258621627375,5753500
2011-11-10,53.04765701293945,53.67771279990282,52.8512706374498,53.260399555502126,3853400
2011-11-11,54.757816314697266,55.0360272426155,53.538613810722225,53.538613810722225,4397700
2011-11-14,55.592437744140625,56.43524229163803,55.39605137443918,56.36978016840422,6366100
2011-11-15,55.592437744140625,55.919735874686346,54.86418879089655,55.55970668252372,5112800
2011-11-16,54.2832145690918,55.36332076096406,54.16865898682856,54.92963892204064,5352800
2011-11-17,54.078643798828125,55.10965016116173,53.52223460323095,54.98691026803459,7122800
2011-11-18,55.19966506958008,55.51878508111428,54.242305034977456,54.76598947661364,7055300
2011-11-21,53.64497375488281,54.373222621226674,52.36849371820116,54.26685136577351,8102900
2011-11-22,52.65488052368164,53.546784642231394,52.27030153616805,53.43222906631648,5000300
2011-11-23,51.026554107666016,52.16393188783469,51.00200737386272,52.057557505677686,4273000
2011-11-25,51.37023162841797,52.0575684115556,50.83018152176742,50.862912587965944,2122300
2011-11-28,53.1785774230957,53.70226196243813,52.802179550619094,52.802179550619094,4621100
2011-11-29,53.39950942993164,54.0050184953773,53.05583638587848,53.20312304966926,5317900
2011-11-30,56.20613098144531,56.25522445235855,54.8150889583909,54.88873540757242,8601100
2011-12-01,58.07993698120117,58.677261633875666,56.05883936980026,56.214304094884945,12018200
2011-12-02,58.341796875,58.89821255496434,58.03903917289148,58.66909507501538,7252600
2011-12-05,58.16994857788086,59.536443955830606,57.56443950627226,59.14367743412022,8133700
2011-12-06,57.98992919921875,58.57906953738376,57.93265140622446,58.03083834117968,4624300
2011-12-07,57.76900100708008,58.513618621938996,56.983474246792326,57.52352740607177,6455100
2011-12-08,57.41716384887695,58.20269080008518,57.138959118221514,57.65445942416068,6034800
2011-12-09,58.857295989990234,58.91457379813702,57.61354662331168,57.94084481682881,5545900
2011-12-12,58.01448440551758,58.881835752618436,57.42533773850109,58.5136222071392,5463400
2011-12-13,58.01448440551758,59.446435682311254,57.785373200080535,58.64454022046945,7555600
2011-12-14,57.22896194458008,58.538173391399425,57.04894420011505,57.564444451509125,5999900
2011-12-15,57.77717590332031,58.05538052095222,57.31895359530977,57.940824943949586,4076400
2011-12-16,58.104496002197266,59.21732726046926,57.7362761965972,58.18632054472648,8854900
2011-12-19,57.408966064453125,58.603621616329754,57.204401629348,58.25994862081668,3572500
2011-12-20,59.274600982666016,59.470981119775175,58.28450972777517,58.28450972777517,5408600
2011-12-21,60.21558380126953,60.31377697701062,58.963650463923315,59.51188789163054,5471700
2011-12-22,60.78836441040039,61.15657787299568,60.12557768060456,60.41196662293543,5849400
2011-12-23,60.52652359008789,61.13203254532535,60.22376599106373,60.98474590834209,3578100
2011-12-27,60.772010803222656,60.95202853804964,60.03558369574831,60.289241644197816,2536700
2011-12-28,59.94554138183594,61.04200334719542,59.75733942512039,60.94381645048191,2568200
2011-12-29,60.64107131958008,60.845635719863964,59.98646274154762,60.09284022509368,2749300
2011-12-30,60.01920700073242,60.61653792782828,59.92919814537809,60.43652021711963,2811800
2012-01-03,60.7310905456543,61.369330584887344,60.64926602010334,61.12385076542334,6859300
2012-01-04,60.82112121582031,61.04204813834524,60.21560577533367,60.63291912100671,4923000
2012-01-05,60.166481018066406,60.46923858094465,59.520056757527534,60.362861096328174,6797900
2012-01-06,60.534706115722656,60.771995350042985,59.691895458542525,60.33014169503839,4779800
2012-01-09,60.9847412109375,61.262952056170164,60.698352284087996,61.213852352417106,4469600
2012-01-10,61.36931228637695,61.64751683886008,60.96018353780111,61.475683513595335,4622400
2012-01-11,61.15660095214844,61.328434382393105,60.739293868474135,61.18933202116834,3082700
2012-01-12,61.78664016723633,61.93392680173839,61.18930930430832,61.213856036256864,3934500
2012-01-13,61.042015075683594,61.53296838200829,60.68198598054415,61.402050413633035,4641100
2012-01-17,61.56571578979492,62.18759347250726,61.48389125747238,61.614815503437775,3700100
2012-01-18,61.41844177246094,61.73756188415185,61.18114620992948,61.32843289554166,4189500
2012-01-19,61.82755661010742,62.12212991391046,61.45115877587276,61.59026110188767,5397300
2012-01-20,61.79482650756836,62.10576846796612,61.483890789982205,61.925750752538285,4552300
2012-01-23,61.78664016723633,62.4903422828783,61.631169207814494,61.90938006978984,4083700
2012-01-24,61.66389846801758,61.87664721005755,61.04202089126031,61.41841867006296,4942700
2012-01-25,62.040306091308594,62.76037070725831,59.61007942861236,60.526530411212384,14049100
2012-01-26,61.62299346923828,62.48216666401644,61.36933554667841,62.05666910825162,4187400
2012-01-27,61.001121520996094,61.55753707501751,60.87838160236562,61.20568597110968,4754600
2012-01-30,60.68201446533203,60.837479235578854,60.28924789021744,60.54290586494614,5043000
2012-01-31,60.698360443115234,61.53298060538143,60.51834273838045,60.96838700021742,4777200
2012-02-01,61.67210388183594,62.09759526860455,61.33661512609631,61.33661512609631,4296400
2012-02-02,61.54933547973633,61.639344311956876,60.96018902985992,61.5329668323454,3528100
2012-02-03,62.46578598022461,62.79309028865976,62.073025804350785,62.26122156780395,3472400
2012-02-06,61.74571990966797,61.81936634250886,61.50024636675565,61.58207088105976,4162500
2012-02-07,61.53298568725586,61.65572560905833,60.79655864206453,61.40206768206184,4438700
2012-02-08,62.109127044677734,62.265513022881755,61.32720971276286,61.491821904886216,5350000
2012-02-09,62.47129440307617,62.742910228200266,62.03506635157295,62.372523299516345,4491100
2012-02-10,61.68935775756836,62.19143310668811,61.37659208088418,62.10089451720405,3361700
2012-02-13,61.6070556640625,62.15028723625973,61.52474956269859,62.142054742257436,3456500
2012-02-14,62.19144821166992,62.199680707136864,61.64822282238026,62.15029829344348,4652000
2012-02-15,61.90336608886719,62.55359500097637,61.73052138254247,62.43836519675989,4252400
2012-02-16,61.95276641845703,62.11738495749733,61.62354189948679,61.76346294800466,4992800
2012-02-17,62.01860046386719,62.183218967418405,61.746984642673056,62.16675397728637,4927300
2012-02-21,62.32314682006836,62.51245027046881,61.79638011004739,62.28199061977895,3978100
2012-02-22,62.602989196777344,62.800531423677135,61.98568386671324,62.191452310067945,3764800
2012-02-23,62.43013000488281,62.69351330021953,62.158514215442516,62.35605639660987,4187200
2012-02-24,62.602989196777344,63.08037349245335,62.24906722302508,62.34783833647497,3347000
2012-02-27,61.90336608886719,62.37251780019237,61.73875387700175,62.29844418871894,5379400
2012-02-28,61.862205505371094,62.0679738744876,61.574124764966164,61.87866421189741,3667400
2012-02-29,61.68935775756836,62.32312788395678,61.52474556553513,61.96097352602054,4631800
2012-03-01,61.79637145996094,62.249058202006026,61.61529425132145,61.69760036082477,3343100
2012-03-02,61.64820098876953,61.96096663064735,61.425967646748205,61.78812196438182,2806600
2012-03-05,61.01445388793945,61.714071588316884,60.84984165229434,61.68937410137127,4156800
2012-03-06,59.72222900390625,60.281919402402195,59.50823435121246,60.281919402402195,5455700
2012-03-07,60.512359619140625,60.66051309704723,59.68105992379744,59.73867481634155,4279000
2012-03-08,61.04737091064453,61.48359893896707,60.76752888475973,61.12967701946044,3881200
2012-03-09,60.32307815551758,61.162610649028906,60.224307041170235,61.02268961336945,5535900
2012-03-12,60.57822799682617,60.93214996782733,60.248997234106916,60.248997234106916,2833500
2012-03-13,61.162601470947266,61.195525170789175,60.39714271839551,60.80867954708885,4532700
2012-03-14,61.91986083984375,62.043316918305855,61.16262797445664,61.17086047287291,5297100
2012-03-15,62.08444595336914,62.249058172297225,61.63175293198647,62.14206085794933,4850700
2012-03-16,61.8951416015625,62.39721707612317,61.73052936840177,62.35606715761008,7079200
2012-03-19,62.05976486206055,62.2984570140923,61.73053409099763,61.73053409099763,2683800
2012-03-20,61.845760345458984,62.117376186858394,61.33545236581956,61.804604146621145,4384000
2012-03-21,61.73875045776367,62.09267234527135,61.56590576101151,61.771674154224044,3644100
2012-03-22,60.84160232543945,61.45068134395928,60.38891558846525,61.417757644616024,4921400
2012-03-23,60.88275146484375,61.18728465926294,60.701674279214586,60.94859885590033,2518400
2012-03-26,61.87868881225586,61.919845014262044,61.29430716518575,61.33545708763716,3715800
2012-03-27,61.57413864135742,61.936293062074576,61.56591242601654,61.821063251765246,3510700
2012-03-28,61.17908477783203,61.96923497194996,60.825162748008374,61.722310288982555,3412200
2012-03-29,60.97329330444336,61.030908204797605,60.043216125013586,60.7181362204004,3587600
2012-03-30,61.21198272705078,61.26959762488909,60.726366062796856,61.17082653735789,3203800
2012-04-02,61.87045669555664,62.11738134999922,60.58646356338675,60.90746184642922,4104600
2012-04-03,61.44244384765625,61.82105693995319,61.03090705869613,61.73051834401772,3485900
2012-04-04,60.63582992553711,61.07205792392105,60.48767642801491,60.88275451459183,2490500
2012-04-05,60.56998062133789,60.81690520260678,60.331294813545036,60.430059622410226,2640200
2012-04-09,59.61524200439453,59.91154910666448,59.4835471680277,59.77985427029765,2443400
2012-04-10,58.10900115966797,59.51645641363765,58.10076866450682,59.46707400177854,5339000
2012-04-11,59.071990966796875,59.681069967106275,58.84153135783802,58.95676116231745,5099900
2012-04-12,60.49592208862305,60.7675379397875,59.00616057453753,59.00616057453753,3938800
2012-04-13,60.01853561401367,60.39714878086909,59.56584882474393,60.232536544689964,3329100
2012-04-16,59.821014404296875,60.24078387333322,59.50824856672311,60.06793909891963,4800000
2012-04-17,60.981536865234375,61.20377031520995,60.16669553428549,60.191386744381674,3345300
2012-04-18,60.668758392333984,61.10498642501304,60.47122247329234,60.5617610777601,2248900
2012-04-19,60.166690826416016,60.874534765043045,59.80454264075075,60.685231316081435,3729300
2012-04-20,60.53706741333008,60.93213923536242,60.166680515677186,60.30660152433225,4302100
2012-04-23,59.96915054321289,60.19137768016835,59.40122767830425,59.829229520701894,5022100
2012-04-24,60.257232666015625,60.693460779062676,59.89507818142344,60.257232666015625,3664500
2012-04-25,63.442501068115234,63.788190399315845,61.64820075150724,61.771663021093715,10621200
2012-04-26,63.368412017822266,63.54125665839201,63.00626403357893,63.1379524970626,4704700
2012-04-27,63.598907470703125,63.84583211362513,63.29437419459445,63.60713996668173,4168700
2012-04-30,63.21205520629883,63.26967010731219,62.290210510531864,62.97336310794256,5811100
2012-05-01,63.582435607910156,64.05981980306233,62.43013131185616,63.03920401765703,4287600
2012-05-02,63.590660095214844,63.788195976091934,62.83342770600655,63.1873495606689,3073500
2012-05-03,63.23674774169922,63.648284551764334,62.981590649362545,63.483666060006264,3304800
2012-05-04,62.421878814697266,63.01449262159839,62.14203689452241,62.841647974510764,3366400
2012-05-07,62.52066421508789,62.61943529874206,62.03505384944833,62.38074322290896,3551800
2012-05-08,62.05976486206055,62.22437710781468,61.36015339827351,62.043299869752346,4033400
2012-05-09,61.30638122558594,61.9769824014459,60.702007663780044,61.471959735343994,3926600
2012-05-10,61.099388122558594,62.15082463475821,60.95863947992552,61.645802107581225,2952700
2012-05-11,60.90068054199219,61.356030749495154,60.644032052170296,60.92551667759909,3189000
2012-05-14,60.53641128540039,61.091106077416576,59.89892094652879,60.34599037061171,3585700
2012-05-15,60.08935546875,60.99176902282519,59.95688761691429,60.4370741051965,3252300
2012-05-16,59.89890670776367,60.85927923855519,59.84923444458891,60.28802294639775,3648100
2012-05-17,57.72980499267578,60.00654321276755,57.506267157512184,59.86579459505209,6172200
2012-05-18,57.2496223449707,58.23482483342834,57.06748226510428,57.9119424432698,5597400
2012-05-21,59.42701721191406,59.48497030664646,58.069253578400655,58.334182913807815,4709700
2012-05-22,59.17863845825195,59.783005430933585,58.84747527175162,59.31938075968056,4269400
2012-05-23,59.25316619873047,59.302838482173705,57.88712155631122,58.52461200376696,4222700
2012-05-24,59.1041259765625,59.56775066535178,58.16031496500567,59.31110218640238,2942600
2012-05-25,57.95335388183594,59.10414140360496,57.67186919486017,58.95511824096653,5163300
2012-05-29,58.28451919555664,58.367308440700256,57.74637962750132,58.18516831153558,3973600
2012-05-30,57.44831466674805,58.02784551128037,57.33240849784158,57.853986257920674,4677600
2012-05-31,57.63045883178711,58.04441126912711,57.18338944149037,57.57250574321603,4191400
2012-06-01,55.66832733154297,57.02609095062351,55.585538099435816,56.85223166827444,5592000
2012-06-04,55.88358688354492,56.42172639089145,55.51103216422015,56.42172639089145,5478200
2012-06-05,55.9498176574707,56.04916220829228,55.320608131142414,55.72627978529525,3747300
2012-06-06,57.14200210571289,57.14200210571289,56.2644247995526,56.27270561840715,4050300
2012-06-07,57.911949157714844,58.22655708356514,57.481441359727,57.597347548278094,4004600
2012-06-08,57.90367126464844,57.92850740125284,57.34897017602636,57.671858901123116,3933400
2012-06-11,58.044429779052734,58.65707781308909,57.7877812073108,58.45838234839904,4369400
2012-06-12,60.08935546875,60.288050930088744,58.56600675471345,58.72331074966465,6458100
2012-06-13,59.6588249206543,60.18868354999043,59.25315328928418,59.948596688046045,4720300
2012-06-14,59.484954833984375,59.85751576014011,59.10411940817173,59.67537570509668,5822900
2012-06-15,59.60086441040039,59.92374677506668,59.26142672905914,59.68365362659979,5308300
2012-06-18,59.52637481689453,59.89064874653932,58.98823526696567,59.35251551302477,3435200
2012-06-19,60.37083435058594,60.61920839059043,59.62571854698668,59.90720954675272,4167200
2012-06-20,60.44536209106445,60.81791691479421,59.89894161208418,60.18870717680906,3468700
2012-06-21,59.08757781982422,60.95036393413429,58.988226953152186,60.726826063225566,3659300
2012-06-22,59.57603073120117,59.69193690193713,58.839195938774296,59.23659303587801,3267300
2012-06-25,58.822635650634766,59.542908748425795,58.80607401826484,59.45183871962729,4111400
2012-06-26,58.72329330444336,59.3028241930234,58.35073863555804,59.02962038350021,2757600
2012-06-27,59.501529693603516,59.64227201600225,58.73985235624166,58.76469480997088,2514600
2012-06-28,59.261451721191406,59.39391325969054,58.47493804457252,58.90545225662843,3144600
2012-06-29,61.51335144042969,61.5713045447579,60.34600221785688,60.48674456888045,4419400
2012-07-02,60.586082458496094,61.87761211585971,59.98170908607579,61.43882351772532,4893400
2012-07-03,61.48849868774414,61.48849868774414,60.50329607909914,60.50329607909914,2166200
2012-07-05,61.62923049926758,61.87759812993907,61.14076342104683,61.579551920003794,2539000
2012-07-06,61.00832748413086,61.10767205141721,60.35428171169954,61.08283590959562,3579100
2012-07-09,61.28978729248047,61.96866893106467,61.0993727382256,61.48848266278484,4357700
2012-07-10,60.61919403076172,62.13426141977983,60.34598391475923,61.786536582861785,4756700
2012-07-11,59.211769104003906,60.238375960759754,58.97168218697143,60.18042285726665,6072200
2012-07-12,59.36907196044922,59.62572051153951,58.65707309315252,58.94683860509549,5799800
2012-07-13,60.85930252075195,60.90069398376158,59.484977093980156,59.55121101449274,3616000
2012-07-16,60.412235260009766,60.59437538992984,59.81614258624028,60.54469678950601,3538400
2012-07-17,60.52812576293945,60.85928897538153,59.64226780159433,60.644031939832246,2775700
2012-07-18,61.17388916015625,61.62923935644673,60.19696117972529,60.19696117972529,3756200
2012-07-19,61.97694778442383,62.183923964223155,61.01657527827731,61.25666840481394,4543200
2012-07-20,61.17388916015625,61.92728560921636,60.94207681164937,61.67891162643741,3148100
2012-07-23,60.36255645751953,60.50329879129024,59.26144129384872,59.86580840541183,3432200
2012-07-24,59.63399124145508,60.57780235862393,59.0710156350374,60.329434668871436,3866500
2012-07-25,61.28978729248047,61.66234821776459,60.18867246513905,61.430529583262235,6130400
2012-07-26,62.01838302612305,62.88767971676972,61.48851787452793,62.200516868628384,4949200
2012-07-27,62.5151252746582,62.871124773872985,62.15912577544342,62.57307838772035,4066300
2012-07-30,61.97694778442383,62.58131469224729,61.62094850251251,61.761690788837235,4999700
2012-07-31,61.190433502197266,62.142518762163704,61.16559105780956,61.9438234219389,3978700
2012-08-01,60.24664306640625,61.662366151248946,60.13901769210947,61.529898321578656,4696000
2012-08-02,59.60086441040039,60.03965294102831,58.905427414630616,59.932027591610314,4615000
2012-08-03,60.279762268066406,60.71855091646144,60.17213688976268,60.54469162085665,4588500
2012-08-06,60.34599304199219,60.71027325175896,60.1969698940343,60.61092238098247,3758800
2012-08-07,61.64580154418945,61.72031627389226,60.37910798696303,60.660592636829584,4717200
2012-08-08,61.761688232421875,61.836202938599456,61.27322750019127,61.289782814668804,3410700
2012-08-09,61.49678039550781,61.76999055258905,61.19045959794432,61.76999055258905,2387500
2012-08-10,61.438846588134766,61.52163584815861,61.06629175981965,61.15736184077057,2843600
2012-08-13,61.422279357910156,61.62097480673962,60.93381208053697,61.02488214383681,2379900
2012-08-14,61.10765838623047,61.62924251350269,60.9337991159441,61.51333633331177,2616700
2012-08-15,60.85781478881836,61.34088094673436,60.59129662484648,61.0826869082376,3278200
2012-08-16,61.332550048828125,61.424166262783956,60.816168329649315,60.88279945876159,2802700
2012-08-17,61.55740737915039,61.61570800852676,61.132642019812835,61.37417501416979,3235800
2012-08-20,61.490779876708984,61.6323662200221,61.08266909286425,61.3075475009897,2481900
2012-08-21,61.02436065673828,61.9321919419084,60.899435284079104,61.707313562538694,3136400
2012-08-22,60.63292694091797,61.29921900086109,60.42470948075587,61.08267106309059,4242600
2012-08-23,58.60073471069336,60.091572798709,58.31755560161687,60.04159627693437,9431200
2012-08-24,59.208709716796875,59.27534082434702,58.34253073581365,58.56740278093018,5351300
2012-08-27,59.450252532958984,59.78340177143043,59.03381757344298,59.09211821360349,3538100
2012-08-28,59.566856384277344,59.84170499445116,59.17541284304329,59.28368364964503,3029200
2012-08-29,59.50022506713867,59.958299679375024,59.24203108859826,59.66679649808047,2687200
2012-08-30,58.98385238647461,59.2420400497767,58.71733424407749,59.17541527989772,3393100
2012-08-31,59.46689987182617,59.75840300587453,58.80893202395032,59.358622740399824,3171800
2012-09-04,59.025482177734375,59.55018783898027,58.63403237385436,59.55018783898027,3916400
2012-09-05,59.900001525878906,60.0082786793425,59.22537894202192,59.450251018543234,4946900
2012-09-06,60.649574279785156,61.02436312148342,60.27478543808689,60.27478543808689,4358800
2012-09-07,60.7078971862793,60.82449848445582,60.42472442050607,60.6912425812373,3080400
2012-09-10,59.20038986206055,60.23314668637462,58.975511446439484,60.22481620875723,8354500
2012-09-11,59.35863494873047,59.691784179429796,59.25869462752581,59.29201018602505,3951300
2012-09-12,59.10042953491211,59.70009669892321,58.96717369529362,59.49187928665775,4400800
2012-09-13,59.61682891845703,59.958302272946426,58.667357741574065,58.86724473820915,5314100
2012-09-14,59.3669548034668,60.324756287473,59.133752289995776,59.98327663968192,6530200
2012-09-17,58.234256744384766,58.98384085910015,58.20927166627634,58.942194826057765,6917200
2012-09-18,58.67568588256836,58.68401636133396,57.934432129767565,58.184295658387526,5490300
2012-09-19,58.21760940551758,58.91721709698918,58.20094844850542,58.91721709698918,5193400
2012-09-20,58.17594528198242,58.18427575789878,57.49299240554091,57.759510446242686,4875100
2012-09-21,58.27589416503906,58.42581096582647,57.85945931332867,58.37583446270296,13161000
2012-09-24,58.32588577270508,58.45081754504049,57.64293261880456,57.84281964196489,5037900
2012-09-25,57.78449630737305,58.70898216366042,57.78449630737305,58.542410768810484,4085900
2012-09-26,58.50911331176758,58.72566127546879,57.72621353443553,57.75119861596002,5256400
2012-09-27,58.38417434692383,58.758969586432364,58.05935561859199,58.63403783992952,4147700
2012-09-28,57.967750549316406,58.34254586073003,57.617946675432066,58.09268231978761,4057500
2012-10-01,58.30922317504883,58.85891400195857,58.134321259473325,58.184291419839745,4012100
2012-10-02,57.909427642822266,58.55074085271143,57.634579124298334,58.39249358065983,3077900
2012-10-03,58.184295654296875,58.300896939833066,57.767860676155216,58.21761121506343,3106400
2012-10-04,58.25092697143555,58.6173854325112,58.06769456375097,58.50078414658347,2818300
2012-10-05,59.042144775390625,59.341978437946835,58.475793007705875,58.51743904306368,3741600
2012-10-08,58.77562713623047,59.29200874901397,58.758972534531026,58.90055888900148,2838800
2012-10-09,58.83391571044922,59.30865119020609,58.60071320871484,58.8838858595947,4116600
2012-10-10,58.58407211303711,59.38363289612318,58.49246225998337,58.96719790065049,3642600
2012-10-11,58.99217224121094,59.59183954217913,58.96718716271936,59.05047287578881,3183200
2012-10-12,59.8416748046875,60.16649341491718,59.1337369709636,59.20036805877745,4345600
2012-10-15,60.174842834472656,60.199827911696396,59.7001073043447,59.84169364480743,3858000
2012-10-16,61.19926834106445,61.39082481362731,60.38305323932053,60.59960114048386,4799300
2012-10-17,61.324214935302734,61.549093390490725,60.4913449472157,61.41583114233581,6061500
2012-10-18,61.84891891479492,61.84891891479492,60.99938808089528,61.23259063003074,3414200
2012-10-19,61.640716552734375,61.82394898747549,61.29090628900385,61.657371158486086,5407000
2012-10-22,61.382503509521484,61.757298743033985,61.00771463030147,61.46579557538592,4419800
2012-10-23,60.649574279785156,60.991053923623355,60.47467239670651,60.79116061071189,4544900
2012-10-24,60.557960510253906,62.46523305539364,60.17484117669587,62.4235870249732,8346600
2012-10-25,59.5835075378418,60.87445194307115,58.84225390821985,60.841142742130955,8191500
2012-10-26,59.22539138793945,59.61684133886098,58.75898618052369,59.26703743329916,4389000
2012-10-31,58.6673469543457,59.508540822898105,58.52575426823314,59.425255119138406,3778700
2012-11-01,58.95884323120117,59.60015006521684,58.66734012483041,58.79226548878134,3992800
2012-11-02,58.342552185058594,59.43360996657053,58.26759057293251,59.1337762266552,4400400
2012-11-05,58.64236831665039,58.8006092648786,58.1759568866661,58.19261784182228,3833000
2012-11-06,59.9832878112793,60.3330980009282,58.69234327004912,58.69234327004912,4923700
2012-11-07,58.751441955566406,59.30451167842168,58.0726725341774,59.23747738010897,6675400
2012-11-08,59.48051834106445,59.76543180197404,58.73470154314668,58.768221902080995,7363500
2012-11-09,61.38274002075195,61.42464205933617,59.162066236211054,59.29614764499778,10269800
2012-11-12,61.751441955566406,62.16205497823491,61.40786322706184,61.51680594261297,6497600
2012-11-13,61.47491455078125,62.22072474671471,61.03915639988687,61.18999477621909,7293400
2012-11-14,59.740272521972656,61.71792826336453,59.59781584066243,61.45814716958127,6063100
2012-11-15,59.530765533447266,60.32685287655617,59.31288650739635,59.68160387558228,3928100
2012-11-16,59.30450439453125,59.68160344381643,58.902273080648804,59.65646478586771,4856300
2012-11-19,60.301719665527344,60.40228070048495,59.56429125589449,59.907863603633494,3475700
2012-11-20,60.78775405883789,61.00563310091779,60.15926198593016,60.226302674778125,3161000
2012-11-21,61.298927307128906,61.89389902769436,60.66205355825315,60.78775324983219,3119800
2012-11-23,61.793338775634766,61.801720460072985,61.24864436748576,61.46652340941576,1579200
2012-11-26,62.23747634887695,62.26262140388781,61.34082785406186,61.50842958737222,3709100
2012-11-27,62.42184829711914,62.46375033767132,61.67603800743749,62.11179621310658,5353500
2012-11-28,62.08663558959961,62.212335286393426,61.298929850172556,62.01121960753462,4245900
2012-11-29,62.11177444458008,62.731884788626765,61.877132050419085,62.312890103366556,2998900
2012-11-30,62.24585723876953,62.564297331315345,61.89390319334215,62.312897931237316,3863400
2012-12-03,62.02796936035156,62.42182538087641,61.65087670723493,62.35479109129777,3721600
2012-12-04,62.05311965942383,62.60618935699255,61.784963298376454,61.91903828222416,3827700
2012-12-05,61.90226745605469,62.38829635627412,61.32405283462317,61.96092644711654,3818800
2012-12-06,61.994468688964844,62.0028439811112,61.1145771187867,61.84363031674439,3895400
2012-12-07,62.54755401611328,62.56431739128122,61.68442560224118,62.08665709931052,3718000
2012-12-10,63.2933349609375,63.33523698602854,62.37154794909724,62.53076797242151,5323800
2012-12-11,63.536354064941406,63.72909443398754,63.26819772106302,63.36875874752425,5960300
2012-12-12,63.24307632446289,63.72073014216019,63.06709927513792,63.55312838564596,5191300
2012-12-13,62.27937698364258,63.25982312644565,62.09501827781247,63.20116411944083,4977600
2012-12-14,62.02796936035156,62.564288430440655,61.90227607154696,62.28775040836771,4209300
2012-12-17,62.555912017822266,62.56429370223263,61.61736155777149,62.178812939579096,5537800
2012-12-18,63.28496170043945,63.43580006015173,62.128538538213505,62.26261992166986,5767500
2012-12-19,63.276588439941406,63.84642155121604,63.10061141352089,63.36038611061511,6075200
2012-12-20,63.854793548583984,63.888313893794596,63.27658517541923,63.47770085333079,4599300
2012-12-21,63.82966995239258,63.87157199213314,62.49726948091077,62.91626430490182,6831500
2012-12-24,63.662044525146484,64.15645511523385,63.29332720823345,63.59500385055309,1931900
2012-12-26,63.70396423339844,63.93860668317585,63.47770986280437,63.66206859095296,2710300
2012-12-27,63.54474639892578,63.93860249355315,62.85759525298631,63.69558476722237,4041400
2012-12-28,62.58945846557617,63.469343895070004,62.48051570286174,63.02521033637008,2970400
2012-12-31,63.15089416503906,63.1927962006536,62.0112278445361,62.52240199093904,4939000
2013-01-02,64.58384704589844,64.80172609435317,64.06429128215318,64.14809534234112,5036400
2013-01-03,64.9190444946289,65.34642090940369,63.99725736722136,64.51680674071991,3987000
2013-01-04,65.10340118408203,65.37993283840017,64.89390382554744,65.18719884882546,3431700
2013-01-07,63.796146392822266,65.10341452545043,63.134133836987274,64.97771480590016,7172600
2013-01-08,62.12015914916992,63.52798176072899,61.26541267477985,63.05032800287962,20268100
2013-01-09,64.32408142089844,64.36597706354134,62.7738019893436,62.78217728186034,10915800
2013-01-10,64.60060119628906,64.62574624925689,63.82127717478713,64.46652621388671,5026600
2013-01-11,62.983299255371094,63.77100510500874,62.514020747905995,63.44418968363027,9808500
2013-01-14,64.14810943603516,64.18162339545093,62.765425252728974,63.04196336806093,6221100
2013-01-15,64.47492980957031,64.50845016490054,63.83805584500422,63.86319451316337,3900600
2013-01-16,62.296138763427734,62.54753818046309,61.642507951159104,61.88552568273255,18212000
2013-01-17,63.06709289550781,63.37714492532718,60.90507840532518,60.98887607842899,21849200
2013-01-18,62.88273620605469,62.983297253033015,62.25424404748407,62.983297253033015,10829000
2013-01-22,62.14530563354492,62.23747859850679,61.81848384011456,62.11178528567123,9161900
2013-01-23,62.254241943359375,62.5056349622791,61.550327425008334,62.002842531087005,7784900
2013-01-24,63.11736297607422,63.301721671753455,62.35479592699871,62.35479592699871,7292200
2013-01-25,62.874351501464844,63.201166896760824,62.67323581051791,63.092230562779676,6163200
2013-01-28,62.01122283935547,62.5559172916149,61.91904348312606,61.92742516824305,7759000
2013-01-29,61.717926025390625,62.212336746134326,61.17323158873825,62.212336746134326,9296800
2013-01-30,62.50564193725586,62.63972334365724,61.78497675458515,62.363185237969404,10048600
2013-01-31,61.90226745605469,62.53075938601051,61.81008812819312,62.43019837561138,7639000
2013-02-01,62.74026107788086,62.90785638023401,62.20394843832963,62.42182105271853,6749300
2013-02-04,63.025184631347656,63.293340994780394,62.220715541049465,62.25423588564756,5799800
2013-02-05,63.59501266479492,64.50842440101417,63.36037666454822,63.427417348433416,6831200
2013-02-06,63.930213928222656,63.93859561260172,63.18440385228344,63.24306285623309,4716600
2013-02-07,64.88555145263672,64.97773084350146,63.92186188936755,63.9553822490779,7773000
2013-02-08,64.15647888183594,64.85201175336185,63.92184282718936,64.72631204027175,5100400
2013-02-11,63.578250885009766,64.0559045332238,63.561487518629754,64.03914116684378,3677100
2013-02-12,63.67881774902344,63.89669680038305,63.54474275896908,63.73747675592576,3597400
2013-02-13,63.0673828125,63.95292634687402,62.94087567410081,63.81798368340279,4313500
2013-02-14,63.193878173828125,63.514357288215976,62.86496353594031,62.99147065076312,3830400
2013-02-15,63.27821731567383,63.47219575949854,63.016773983684374,63.47219575949854,3650700
2013-02-19,62.957740783691406,63.413162578303705,62.637255205397715,63.244484264880775,3882500
2013-02-20,63.0673828125,64.30714118685549,63.042082671704236,63.792683542607016,7551300
2013-02-21,64.10472106933594,64.24809279537543,63.17701296016044,63.21917770842078,7438600
2013-02-22,64.6529312133789,64.96497488306416,64.50112392414094,64.68666044705776,5391200
2013-02-25,63.27821731567383,64.85532570037735,63.27821731567383,64.79628990172104,4936300
2013-02-26,63.801116943359375,64.02039554698887,63.37099526089157,63.61557400447443,3436700
2013-02-27,65.2432632446289,65.72398506269205,63.699890826587875,63.699890826587875,7160000
2013-02-28,64.8553237915039,65.55532426526824,64.43363768939325,65.1420672524179,5593400
2013-03-01,65.1758041381836,65.43724746739382,64.58544615789619,64.68664670627723,6024200
2013-03-04,65.01555633544922,65.27700607888404,64.23965549716918,64.89748474851177,4748600
2013-03-05,66.33966064453125,66.49989698786047,65.032431154773,65.3191746155658,5693200
2013-03-06,66.69387817382812,66.86255004778303,66.19628520714791,66.34809246747514,3826100
2013-03-07,68.3553237915039,69.11435367291281,66.93845814676381,66.93845814676381,10029900
2013-03-08,68.50713348388672,68.90351305258953,68.07701181726209,68.44809768136334,5231700
2013-03-11,69.94931030273438,70.02521073171819,68.2794300864606,68.32160128106554,5087300
2013-03-12,70.97820281982422,71.36615323443824,69.99988804299149,70.08422397061734,6600800
2013-03-13,71.47579193115234,71.5601278618864,70.43844132330804,71.16374190957532,7750900
2013-03-14,71.36614990234375,71.77096490981457,70.95289293776004,71.36614990234375,5027800
2013-03-15,72.89266204833984,72.94326232309233,71.2649533881335,71.47579644549485,8205400
2013-03-18,71.83844757080078,72.33603410325756,71.72037597210189,71.74567610976315,4803900
2013-03-19,72.11676788330078,72.53001851272403,71.88905375678792,72.13363249832169,5381200
2013-03-20,71.9986801147461,72.64807381522581,71.83843735312364,72.40349512858786,3783500
2013-03-21,71.1215591430664,72.38661708683742,70.99505206180582,71.85528863242644,3672400
2013-03-22,71.53482055664062,71.77096371279656,71.28180635537733,71.28180635537733,2841600
2013-03-25,71.56014251708984,72.09147121492447,71.13002081751428,71.71194979726825,3528400
2013-03-26,73.05294036865234,73.23847694447502,72.03246024672585,72.04932486837424,5083400
2013-03-27,72.69866943359375,72.8842123174118,71.72879670632015,72.31915457808827,3185700
2013-03-28,72.40350341796875,72.95169664495926,72.04085310790606,72.87579623408118,4884300
2013-04-01,71.89747619628906,72.69024808081058,71.7119332927271,72.1926551635836,2867200
2013-04-02,70.91915893554688,72.10831672086812,70.67458668147214,72.01554527232169,4764900
2013-04-03,71.1468734741211,71.98181008203547,70.90229478404139,71.09627320528348,3885000
2013-04-04,71.64447784423828,71.7035136507727,71.02038411309994,71.50954161548258,3352500
2013-04-05,72.67337799072266,72.78302049031687,70.76736152858658,70.90229772923156,6109500
2013-04-08,73.16252899169922,73.21312925821273,72.00710690909962,72.56373557842187,5003600
2013-04-09,73.55048370361328,73.78662687377613,72.69024695024594,73.47458329938328,6058400
2013-04-10,74.06495666503906,74.68905037834776,73.42399190210519,73.66013512149657,4635200
2013-04-11,74.66374206542969,75.44807849222126,74.08181317104321,74.18302015445546,5394200
2013-04-12,74.96737670898438,75.00111237917938,74.21677574180391,74.46135452490176,2588300
2013-04-15,73.17939758300781,74.86614185900532,73.17939758300781,74.587833943624,4324000
2013-04-16,73.2806167602539,74.51193951466871,72.8926662842947,73.75290317717469,5233900
2013-04-17,73.1119384765625,73.3733818009771,72.34446668184711,72.92639556204145,3781100
2013-04-18,72.63121795654297,73.50832583812242,72.31916791852105,73.42398346852448,2792800
2013-04-19,74.18301391601562,74.28422089091686,73.01072713635665,73.85409929061024,6322200
2013-04-22,73.32276916503906,74.28421280143432,72.9010831338335,74.28421280143432,4248700
2013-04-23,74.3685531616211,74.64686750309635,73.54204565996025,73.66855276375978,3130700
2013-04-24,76.60350799560547,78.13844533309212,76.25772226208713,77.54808085903106,9231700
2013-04-25,77.31194305419922,78.1131506605539,75.96254855884773,77.04206415512891,5766100
2013-04-26,78.3071060180664,78.75409224619665,77.31192658330848,77.49746949334423,5910600
2013-04-29,77.50589752197266,77.93601909596997,76.90710410120937,77.0842114706392,6265900
2013-04-30,77.0926513671875,77.58180232432844,76.59505845248526,77.0420446627517,4714300
2013-05-01,76.89868927001953,77.37941124051294,76.5107387705354,76.81435332394389,4567300
2013-05-02,77.76734924316406,78.28180679630096,76.9155415255149,76.94927718540804,4514800
2013-05-03,79.05772399902344,79.2348314242275,78.15531582236241,78.30712310602597,4700100
2013-05-06,79.43724822998047,79.94327038191763,78.73724759535,78.80471893145383,5504800
2013-05-07,79.94327545166016,80.15411856454003,79.32761073090563,79.5384538437855,3858400
2013-05-08,79.71861267089844,80.05769780912544,79.489727453903,79.94749142038279,3204300
2013-05-09,80.20179748535156,80.65956139814757,79.71860332198526,79.74403357255554,3677500
2013-05-10,79.88815307617188,80.52393529354566,79.53211658664523,80.32048679488918,3918600
2013-05-13,80.32896423339844,80.66804936996732,79.76947278793313,79.78643060189265,3492000
2013-05-14,81.473388671875,81.54120700747573,80.27811476008365,80.46461194922945,4646500
2013-05-15,82.2447738647461,82.62624702498536,81.04102791201309,81.11732513106507,4875100
2013-05-16,81.87181091308594,82.39738682982909,81.63445321294229,82.13459887145751,5036700
2013-05-17,83.8554458618164,83.95717335883973,82.22784471451548,82.24479606359668,7408900
2013-05-20,83.68589782714844,84.20300123194129,83.51635201634917,84.0249829812356,6535200
2013-05-21,83.71131896972656,83.96563442448696,82.99076713791966,83.5756823358515,4415400
2013-05-22,83.01618957519531,84.33014185525118,82.95685017033854,83.80455964972683,8399700
2013-05-23,84.55905151367188,84.76250005227497,82.27871011001498,82.38043761307276,6975700
2013-05-24,84.77094268798828,85.26261570778094,83.79607555357448,84.55901533126831,6746300
2013-05-28,84.86419677734375,86.01708219049446,84.86419677734375,85.49149998324602,5736000
2013-05-29,83.99954223632812,84.79639134014592,83.83848180817107,84.39796678823703,4405800
2013-05-30,85.22871398925781,85.61018067762592,83.9741010823292,84.16907711322393,4784400
2013-05-31,83.94020080566406,85.57628057403065,83.94020080566406,84.94897728796326,4218700
2013-06-03,85.39826965332031,85.53390630382742,84.17757213631366,84.22843264649809,6472900
2013-06-04,84.44036102294922,85.55085862468644,83.99107593117802,85.17787076657139,3769800
2013-06-05,83.49092864990234,84.52513554481374,83.11794077039391,84.211480619591,5151000
2013-06-06,84.56749725341797,84.60987884576814,83.43156321776901,83.62653923861149,4131700
2013-06-07,86.88175964355469,86.96652931449232,84.82182494896456,84.982891851004,5732900
2013-06-10,86.6698226928711,87.27169569804603,86.05099834237896,86.89870789347222,4047500
2013-06-11,86.25445556640625,87.12759545773122,85.53390366844467,86.13577673462487,3144100
2013-06-12,85.51695251464844,86.82242623343568,85.28807374053207,86.62745662354244,2936500
2013-06-13,86.60202026367188,86.75460179065455,85.49151623304454,85.58476481120816,4076500
2013-06-14,86.32227325439453,87.50058912377598,86.04252752403488,86.6020189847542,3944400
2013-06-17,87.3395004272461,87.7548762317603,86.90716681254214,87.05128232911653,4217400
2013-06-18,88.2296142578125,88.28895366945596,87.0173893049439,87.50058350475805,4035700
2013-06-19,86.67830657958984,88.28895611271278,86.66982767268875,88.0176892994771,4186900
2013-06-20,84.4657974243164,86.34771406962227,84.24539108245312,86.00862888233537,7114800
2013-06-21,84.75402069091797,84.88965088307516,82.58387940879558,84.83879036945521,10328800
2013-06-24,82.9483871459961,84.31320018652008,81.64291352169006,83.97411503634127,5585200
2013-06-25,83.64351654052734,84.4827538201399,83.22814058852973,84.09280165743465,3557900
2013-06-26,85.40674591064453,85.94927956081497,84.40644828048443,84.47426660363355,5267300
2013-06-27,87.44124603271484,87.7548944437115,86.47485761165036,86.81394274321057,6577700
2013-06-28,86.83937072753906,87.72946189868071,86.7376432504754,87.19540719599571,5432500
2013-07-01,87.51753997802734,88.17875245151077,87.25475206356886,87.25475206356886,4091200
2013-07-02,86.01709747314453,87.52601958469388,85.46608491833429,87.50058933051223,4147000
2013-07-03,87.22084045410156,87.34799818793543,85.43217267603522,85.62714873024862,2891700
2013-07-05,88.33134460449219,88.33134460449219,87.10216817587614,87.90748977151955,3671700
2013-07-08,88.47544860839844,89.09427296191555,87.68707846332752,88.16179374465689,4222700
2013-07-09,88.73823547363281,89.64528442853555,88.55173833883795,89.2383810010276,3991800
2013-07-10,89.4333724975586,89.51814217324825,88.50937203777141,88.5856628056386,3872700
2013-07-11,90.60320281982422,91.09487595685022,90.10305724311624,90.22173607377614,4529800
2013-07-12,86.35618591308594,91.67980157517651,83.91477793836106,90.5862553310829,44391800
2013-07-15,89.56900024414062,89.74701848563673,87.39885925075968,88.01769011001751,13169900
2013-07-16,88.35675811767578,89.68766168490838,87.97528498769867,89.59441312874796,5839100
2013-07-17,88.83149719238281,89.3740308643742,88.51784228583624,88.54327254116215,3931800
2013-07-18,91.23897552490234,91.53567903811566,88.83996244035369,88.97559260374187,8046400
2013-07-19,90.67101287841797,90.81512195001187,89.52660627706592,90.81512195001187,5992000
2013-07-22,90.58626556396484,90.97621127786356,90.23870145760229,90.93382320281518,4168800
2013-07-23,91.3746337890625,91.53570070951025,90.14545078369402,90.85753032947852,5081600
2013-07-24,90.66255187988281,92.81573534271537,90.07763657155292,92.603807912919,7723500
2013-07-25,90.45060729980469,90.80665022966255,89.73005546862277,90.16238915433618,5267100
2013-07-26,89.51812744140625,90.0437096922067,89.27229089510494,90.0437096922067,4216100
2013-07-29,88.84844207763672,89.11123645441691,87.73794455910091,87.75489590558138,4041800
2013-07-30,89.62832641601562,89.86568403627584,88.839956338717,88.95863514884711,5022700
2013-07-31,89.09426879882812,90.09456628596763,89.00102023470839,89.78939034294132,4487800
2013-08-01,90.45060729980469,90.7049227543445,89.67071605823158,89.84873428940517,4910800
2013-08-02,91.4678726196289,91.51025422166431,89.85722298952199,89.85722298952199,4226200
2013-08-05,91.1287841796875,91.3830996527748,90.82360819898719,90.82360819898719,3559200
2013-08-06,90.73884582519531,91.30680976423777,90.38280930825928,91.00163375900357,5199900
2013-08-07,90.62387084960938,90.84528036304468,89.86597580045058,90.44504233770154,3158600
2013-08-08,90.12996673583984,91.3221634036738,90.12145573244007,90.84528733531988,3741400
2013-08-09,89.69566345214844,90.39394898693642,89.31245393495531,89.72972695347329,3326500
2013-08-12,88.7674560546875,89.47425913002664,88.60566253519885,89.29543061041353,3830800
2013-08-13,90.46209716796875,90.73459874541523,88.79301769704024,88.82708120633981,3578300
2013-08-14,88.69933319091797,90.40246932902056,88.62268868628999,90.40246932902056,4481100
2013-08-15,87.48159790039062,87.95847397987332,86.6640867684927,87.87331846524417,4359400
2013-08-16,88.11175537109375,88.51199343134442,87.45604427329394,87.55823478770344,3469100
2013-08-19,89.17620849609375,89.58495752758054,87.60931988353116,87.7115103898772,3512200
2013-08-20,89.09955596923828,89.48276546081883,89.03143546809012,89.15065446628456,3448900
2013-08-21,88.4864501953125,89.21028182841476,88.22245964906621,88.96332628357763,3645600
2013-08-22,89.53388214111328,89.84044722010375,88.46090436464664,88.46090436464664,2857800
2013-08-23,89.82341003417969,89.84043853827808,89.24434344059529,89.84043853827808,3016100
2013-08-26,89.86597442626953,90.70902496864316,89.59347291272712,90.0533204350078,2480400
2013-08-27,87.8903579711914,89.53388494736718,87.76262143478341,88.90372626389127,4376900
2013-08-28,87.94143676757812,88.40980183168585,87.34534168321296,87.7966717466536,2816300
2013-08-29,89.35504150390625,89.78934305653577,87.71151480162884,87.94995283148064,3095400
2013-08-30,88.49494934082031,89.38058088388843,88.22244782733385,89.34651738258405,2723800
2013-09-03,89.42317962646484,90.12146529937422,89.1251320521041,89.5253636537029,3659800
2013-09-04,90.581298828125,91.2199748868532,89.09105469109257,89.45722922464134,3837500
2013-09-05,90.81973266601562,91.1007516781758,89.98519312907142,90.40246614601779,2590500
2013-09-06,90.3258285522461,91.44138068971984,89.50832395185132,91.11778714902681,3265200
2013-09-09,91.27959442138672,91.44138795611565,90.74310231506315,90.76013731679224,2907600
2013-09-10,92.11412811279297,92.35256616275295,91.45842347540302,91.66279801866163,3848000
2013-09-11,93.01677703857422,93.01677703857422,91.79903451853625,92.18223752610098,3313700
2013-09-12,93.50218963623047,93.85984671590361,92.94015151364438,92.98273252182199,4766800
2013-09-13,94.8050765991211,94.8050765991211,93.29779744820472,93.61287997901097,3503400
2013-09-16,98.50086212158203,98.68820810800979,96.44858676332291,96.84882473488261,7711200
2013-09-17,99.72714233398438,100.04222487501453,98.43275516262459,98.59455518328184,5308300
2013-09-18,100.82566833496094,101.77942048670936,99.25026858691999,99.87190968626327,6330600
2013-09-19,101.37065124511719,102.51174919869025,101.17478775468034,101.52393373856187,5766700
2013-09-20,99.31839752197266,101.52396255381763,99.31839752197266,101.46435303927856,8745400
2013-09-23,100.0677719116211,100.8001210168551,98.61159120152533,99.76120686771155,5450200
2013-09-24,101.33659362792969,102.09448864034908,99.46314659661284,99.79525760219221,5020000
2013-09-25,100.91934204101562,101.85606569516602,100.62129449155177,101.60911015505332,3566600
2013-09-26,101.66020202636719,101.76239254188003,100.91934190398432,101.08965293288975,2820400
2013-09-27,101.11520385742188,101.48137843463962,100.30621668533479,100.91934681434587,2848900
2013-09-30,100.05923461914062,100.39134560152492,99.09696516978971,99.93149812662023,4032900
2013-10-01,100.27214050292969,100.74050554142565,99.70159145381554,100.45948651832806,2880700
2013-10-02,100.34879302978516,100.34879302978516,99.02034872395349,99.95707243952582,2871900
2013-10-03,98.13470458984375,100.05073278682593,97.70040954299768,99.93151377432517,4455100
2013-10-04,99.80378723144531,99.85488573972778,98.14323189363009,98.16026039842454,3998000
2013-10-07,99.36946868896484,99.77821767705815,98.27094522592355,98.36461822255912,3822000
2013-10-08,98.30502319335938,99.90596887676328,98.28798819312853,99.35244831434231,4574000
2013-10-09,97.47899627685547,98.27095482773306,96.51672021684101,98.27095482773306,4722200
2013-10-10,101.2514419555664,101.33659746076557,98.70525531750455,98.86704882829838,5635400
2013-10-11,100.4679946899414,101.67721968094018,100.34025819157998,100.99596268764466,4505500
2013-10-14,101.72833251953125,101.80497703302724,99.36949155399108,99.99113267803311,3617800
2013-10-15,100.63832092285156,101.8390285965178,100.60425741833596,101.6942635750384,2749700
2013-10-16,102.47771453857422,102.75022260089345,101.12372421291197,101.14927021951695,4036900
2013-10-17,104.13826751708984,104.22342303079792,102.02637569360357,102.02637569360357,4114200
2013-10-18,104.33412170410156,104.62365823915349,103.25263306590391,104.31709320060395,3924200
2013-10-21,103.43997192382812,104.52146048711099,103.09082590529634,104.47888598284156,3207900
2013-10-22,104.30005645751953,105.42412601108458,103.78911043566842,103.89130093942835,4431200
2013-10-23,109.86930847167969,110.69533048226867,107.21241393714837,107.2975694389007,10766300
2013-10-24,109.83524322509766,110.33767824892752,108.9496181722316,109.8607892270334,4976200
2013-10-25,111.71720886230469,111.92157686779017,109.1880508432492,110.06516485051527,5467600
2013-10-28,110.6016616821289,111.10408370941441,109.54571263005843,109.63938563462838,4655800
2013-10-29,110.41429901123047,110.60164499209942,109.64788009115877,110.1503150365229,3608700
2013-10-30,110.43134307861328,111.92158722807693,109.86931801760645,110.32915906641163,4122100
2013-10-31,111.12963104248047,112.30479911499982,110.32064398999283,110.56759300832798,4931800
2013-11-01,113.28412628173828,113.68436440943336,111.47028170277552,111.47028170277552,4582400
2013-11-04,113.07971954345703,114.1016116338303,112.79871351189185,113.8972306169761,3915800
2013-11-05,113.74396514892578,113.88873017657875,111.20628268141226,112.43254290847135,4069200
2013-11-06,113.74823760986328,115.0217029606785,113.39781913167708,114.54308896181605,3747700
2013-11-07,112.39783477783203,114.46613806820767,112.26109726073153,114.04735741497626,3826800
2013-11-08,114.09009552001953,114.44050089998868,111.91922275361874,112.20126589450945,4790900
2013-11-11,113.26960754394531,113.95334732015606,112.91918911546523,113.79095765616522,2962200
2013-11-12,113.09867095947266,113.73967452665993,112.79098872557272,113.1584911776263,2851000
2013-11-13,113.81660461425781,114.0901057601245,112.04744135147267,112.74826521556433,3577100
2013-11-14,115.45758056640625,115.70544262760961,113.81661269840892,114.26958759232859,3279600
2013-11-15,116.30369567871094,116.72248939557613,114.98749430642131,115.68833117449144,4495100
2013-11-18,118.2523422241211,121.36334577732644,117.74808919903111,119.86767074133826,8158800
2013-11-19,117.0728759765625,118.61982900842426,116.8335690457358,118.37198005908577,3954000
2013-11-20,113.20122528076172,116.14129700826935,113.06447472570306,116.06437971151787,8634900
2013-11-21,113.61146545410156,113.91914768655431,112.13288755096099,113.20122682458152,4700600
2013-11-22,116.20965576171875,116.33785123807618,114.03878339290796,114.0900746246998,4290200
2013-11-25,113.67127227783203,115.26096126893133,111.6029694900573,114.53448551531821,7181700
2013-11-26,115.19261169433594,115.75669795531522,113.29524011922439,113.6712976265439,4200800
2013-11-27,115.14132690429688,116.49170922088268,114.67125504705972,115.42337001863916,3350900
2013-11-29,114.7396469116211,115.57722131573826,114.67981364784391,115.22681591808588,1680900
2013-12-02,114.66271209716797,115.77378746672869,114.20118226244664,115.37209088664713,3378100
2013-12-03,112.8166275024414,114.46613708415394,112.74825222385346,114.46613708415394,5171900
2013-12-04,112.38928985595703,112.94482105319342,111.57735462874588,112.58586062772905,5137100
2013-12-05,113.44054412841797,113.75678145031243,112.17563396459633,112.18417598471432,3665100
2013-12-06,115.53447723388672,116.02164620704275,114.52597120989856,115.02168220247361,5341800
2013-12-09,115.10712432861328,116.19256053026166,115.01312300529047,115.79941903568762,3799000
2013-12-10,114.26956939697266,115.41482600145528,112.97046515119688,114.22683321654394,4061300
2013-12-11,113.29524993896484,114.36358929496934,113.19269353398902,114.26957490999087,3358300
2013-12-12,113.6371078491211,114.22682012293525,112.73114526813532,112.91063198886121,3617700
2013-12-13,114.38069915771484,114.73965965649425,113.79097368070104,114.05591978399632,3139400
2013-12-16,115.14132690429688,115.55156550640838,114.47468428539692,114.75672739973922,3979500
2013-12-17,116.13276672363281,118.03013848272603,115.68833389541,117.87629083242689,6753000
2013-12-18,115.79940795898438,116.61134300739529,113.53452140776172,116.11563213627389,5632400
2013-12-19,115.52593231201172,116.43188191520653,114.47469013483762,115.38063973803243,3177100
2013-12-20,116.8079605102539,117.81647973224652,115.79945432951436,115.79945432951436,5454600
2013-12-23,116.5771713256836,118.02156804832683,116.50880909140196,117.67970471191734,2945100
2013-12-24,116.94466400146484,117.07285946731226,116.3549387760711,116.57714859728922,1203200
2013-12-26,118.17544555664062,118.4489336866636,117.23530158194434,117.24384360307663,2161300
2013-12-27,117.00450897216797,118.69676772705145,116.91049459689667,118.53437807510551,2204600
2013-12-30,116.16692352294922,117.40619432094901,115.84214425018057,117.22672064797109,2403500
2013-12-31,116.65411376953125,117.13272770668232,116.01311016629283,116.37207061915615,2096000
2014-01-02,116.8079605102539,117.30367157987698,115.81653837100777,116.24387415089804,3366700
2014-01-03,117.6198959350586,118.37201108119423,117.13273992722296,117.14128194797338,3177400
2014-01-06,118.2950668334961,119.44886535221728,117.7737167788702,119.14118313897495,4196500
2014-01-07,120.08985900878906,120.59412498436966,118.3719744000709,118.44034966864537,4238500
2014-01-08,120.35484313964844,120.85054111790103,119.10701705037867,120.24373167490988,4236100
2014-01-09,121.47445678710938,121.80777812938267,120.1155192766863,120.94455162256497,4052500
2014-01-10,121.27790069580078,122.0471129977984,120.42322905441739,122.03855793498182,4549500
2014-01-13,120.25225830078125,121.48298715148222,119.97877024576441,120.97873417664643,4462400
2014-01-14,119.66255187988281,121.10694879979006,117.77373517019805,120.38048585039289,8441600
2014-01-15,120.18390655517578,120.57706119771503,119.77366787171286,119.91041844661804,3030800
2014-01-16,119.83350372314453,120.89328809838445,119.7138502278351,119.93606013590893,3062900
2014-01-17,120.04712677001953,120.50864349632441,119.44030445823643,119.72234752924142,3382700
2014-01-21,121.081298828125,121.75649655481931,120.34628088332225,120.90182513254871,3240600
2014-01-22,123.38890075683594,123.55984546278748,121.25222234494225,121.62827983203556,4388700
2014-01-23,120.77364349365234,122.97869781917922,120.59416975810294,122.30351298335597,4491400
2014-01-24,116.79084014892578,120.05569111634347,116.50881006671472,119.99585785928323,5856800
2014-01-27,117.39769744873047,118.33784147288937,115.93620320049334,116.83361103423513,5057800
2014-01-28,117.16688537597656,118.02155667589543,116.61135424752894,117.61131810348411,4606200
2014-01-29,110.91925811767578,112.6115039124094,109.45777726262212,112.56022571275857,15993400
2014-01-30,108.14158630371094,112.56023649394952,107.00487161798672,112.56023649394952,10406200
2014-01-31,107.05615997314453,108.43218168765162,105.19297573689823,106.37242012620727,9732700
2014-02-03,105.19297790527344,108.13304365820473,104.910934723551,106.18439353107975,9309600
2014-02-04,104.30408477783203,105.80830807059989,103.01352930708022,105.18439516123826,9304100
2014-02-05,103.75713348388672,104.21865693009399,101.50934300399055,103.41526353995982,9689100
2014-02-06,104.84253692626953,104.88527310364456,103.85112151329514,104.09042845709499,6738800
2014-02-07,108.56037139892578,108.72276107103173,105.68013260815889,105.76559845429976,8906300
2014-02-10,108.68002319335938,110.22697640964421,107.98773489450696,110.21843439011407,8173500
2014-02-11,111.2440414428711,111.69701627776607,108.93642456610546,109.09881423168132,7874000
2014-02-12,110.126708984375,112.20667795290746,110.01497083288477,111.98320164992698,5798800
2014-02-13,111.30420684814453,111.6823854022138,109.20704440452863,109.20704440452863,4203400
2014-02-14,111.87146759033203,112.0863405629096,110.03215546966038,110.95180497259348,4807700
2014-02-18,112.27543640136719,112.54187680459381,111.39016075170174,111.84569043105168,4645300
2014-02-19,110.35014343261719,112.16367151971194,110.33294992575667,111.8284702673486,5146600
2014-02-20,111.35577392578125,111.72536228060233,109.59381937882834,110.4275210544892,4466400
2014-02-21,110.25560760498047,111.56203881964457,110.10949557202787,111.56203881964457,5164000
2014-02-24,111.38155364990234,112.42154463320276,110.32438227103421,110.3415757814077,4635700
2014-02-25,108.96638488769531,111.51907694675936,108.47647475415596,111.13230820458728,7308800
2014-02-26,108.82027435302734,109.96340019970368,108.6054013693996,109.36175191110416,4803600
2014-02-27,110.49627685546875,110.49627685546875,108.5194494147251,108.6999419273102,4649700
2014-02-28,110.80570983886719,111.69098557183449,110.06654617577912,110.65959776898794,4361400
2014-03-03,110.20405578613281,110.39314505901196,108.74291557768687,109.31018339632428,4847100
2014-03-04,111.93164825439453,112.593460818374,111.15811063973354,111.20108786606096,5422800
2014-03-05,110.69396209716797,112.42154930432552,110.60802077134123,112.07774465659963,4095200
2014-03-06,110.75413513183594,111.19247131264505,110.04075522712625,110.88305368066021,3595900
2014-03-07,110.47908782958984,111.87147368582646,110.07513868475525,111.51907884404517,4297800
2014-03-10,109.0609130859375,109.39611436060538,107.2301979275666,108.73430856527193,7039200
2014-03-11,108.01234436035156,109.38753007437118,107.96937370024632,109.18125385661892,4190000
2014-03-12,106.94657135009766,107.60837719053059,106.4136840414746,107.43648144318247,5040100
2014-03-13,104.7634506225586,107.96076103483583,104.53998092777529,107.13564972802263,6071200
2014-03-14,105.81204223632812,106.817646127605,104.81502854222623,104.96114714043249,5698400
2014-03-17,107.79747772216797,108.14127581022632,106.50823981000151,106.55121703003498,4380500
2014-03-18,106.61136627197266,108.14126066428662,106.28476174063219,107.94357466018435,4151600
2014-03-19,105.06429290771484,107.60838826318259,104.31653911666574,106.85203771666076,6673000
2014-03-20,106.34494018554688,106.49105224097121,104.32512888890365,105.36511334515235,4601700
2014-03-21,105.35652160644531,106.96376730741575,105.28776067875593,106.62856598168379,7973600
2014-03-24,106.07849884033203,106.53402854158888,104.9267827320527,106.17304348294044,4472500
2014-03-25,106.59418487548828,107.4364898410998,106.19881937976139,106.9723634180979,3225100
2014-03-26,106.17303466796875,107.71152597484175,105.99254215362984,107.10128750519986,3091200
2014-03-27,105.89799499511719,106.83484456520024,104.68611483989373,105.72609924005376,3106000
2014-03-28,106.97235107421875,107.5997829877467,106.1644266654737,106.38789637462912,2863500
2014-03-31,107.85762786865234,108.33035099792929,107.26458296521669,107.74589629146065,2962000
2014-04-01,110.19544219970703,110.35873461453001,108.44207169875585,108.50223585850209,3952800
2014-04-02,110.28140258789062,110.67677462881015,109.49926837585168,110.55644628849646,2935200
2014-04-03,110.68537902832031,111.02058038468957,110.25563302708757,111.02058038468957,3303500
2014-04-04,109.48207092285156,111.66518103726483,109.35315238958901,111.15808398669216,4156600
2014-04-07,107.94358825683594,110.16966920624377,107.39351394665782,109.31878058968425,3753600
2014-04-08,106.7059326171875,108.06393154467371,106.628574927696,107.67715621202323,4122200
2014-04-09,109.05233001708984,109.1726583586143,106.61997292135716,107.42789084910675,3689900
2014-04-10,106.26757049560547,109.03513526757402,106.26757049560547,109.00075480711078,3956900
2014-04-11,104.91817474365234,106.10427119111556,104.7892496486796,105.76047968105856,3854600
2014-04-14,105.93236541748047,106.37929827272731,105.01270944450917,105.78625338378458,3086300
2014-04-15,106.80906677246094,107.049730038016,104.96975443741277,106.01833571499047,2746900
2014-04-16,108.33035278320312,108.33035278320312,107.20442056615478,107.4364804787318,2826100
2014-04-17,109.94621276855469,110.33298153751052,108.14987767364842,108.67416830728402,3449400
2014-04-21,109.86026000976562,110.39314737566215,109.47349125796215,110.05794604212498,2368500
2014-04-22,109.62820434570312,110.98620324383849,109.56804016957831,110.22984610695126,5015600
2014-04-23,112.27543640136719,113.02319019297818,111.15809425558562,112.3098103084777,7121600
2014-04-24,111.6136245727539,112.26683373003603,110.38454427092873,112.0863477657636,4177000
2014-04-25,110.58224487304688,111.73396101596539,110.33298484648843,111.59643914716123,2978500
2014-04-28,109.18984985351562,110.76271501938524,108.1240817522252,110.18685703023178,4354600
2014-04-29,110.33295440673828,110.50486325271919,108.75149269622156,109.32735060880742,3344100
2014-04-30,110.89163970947266,111.30419211621373,109.84305862645215,110.05793158420545,2773000
2014-05-01,110.41032409667969,111.39014423915764,110.24701855379931,110.65098075519677,2804100
2014-05-02,111.682373046875,112.07773195344093,110.5392473130129,110.61659843193168,3762900
2014-05-05,113.41854858398438,113.7795335817572,110.8314697610721,110.87444697588415,4026500
2014-05-06,112.44731140136719,113.38415429609871,112.33557327298136,113.23804226695007,4032000
2014-05-07,112.66342163085938,113.31165762830184,111.66945185507718,113.02643220681975,2900600
2014-05-08,112.85356903076172,113.45858664191658,112.50783526124837,112.50783526124837,2988700
2014-05-09,113.3116683959961,113.51045709468482,112.2572033515485,112.58563398668718,2543800
2014-05-12,114.60811614990234,114.94519830140938,113.77836836782694,113.93395184688828,3288500
2014-05-13,115.3427734375,115.6712171850138,114.83283102096577,114.96247292740892,3132200
2014-05-14,114.94520568847656,115.79223032057644,114.68590866563943,115.64529841826075,2883900
2014-05-15,113.4067153930664,114.83282909357828,112.8449030349912,114.69453560343118,3596800
2014-05-16,113.06098175048828,113.83887274184055,112.38681747101886,113.49313901621962,2963300
2014-05-19,113.52772521972656,114.15003277163815,112.66341064078199,112.72390580334331,2103100
2014-05-20,111.99787902832031,113.74379808177684,111.55708336329023,113.17334732346038,2995800
2014-05-21,113.19064331054688,113.59685903022236,112.39546229038152,112.73254444937588,2476100
2014-05-22,113.95122528076172,114.5043860563618,113.45857285312084,113.7956549946835,2370700
2014-05-23,114.44387817382812,114.59081004603166,114.0289977469563,114.08950608818867,1956200
2014-05-27,115.96509552001953,115.99967549167341,114.84148383237844,115.03163411128978,3085500
2014-05-28,116.10336303710938,116.8120940366062,115.96506955824442,115.96506955824442,2609400
2014-05-29,116.80348205566406,116.85533882486816,116.18981284716072,116.43183308410481,2234100
2014-05-30,116.8985595703125,117.06278146839186,115.85273301266754,116.39725547716324,2760300
2014-06-02,117.46034240722656,117.57270751933538,116.48367593102711,117.11462186159031,2629900
2014-06-03,117.44308471679688,118.00488399194447,117.21835445602137,117.37393795874253,2468800
2014-06-04,116.96770477294922,117.15785505363137,116.32810717534605,117.14920346643984,2601900
2014-06-05,118.25553131103516,118.73954538265744,117.24427161120262,117.24427161120262,3489900
2014-06-06,119.49149322509766,119.49149322509766,118.51481350864978,118.74818214296091,2710900
2014-06-09,119.24085235595703,119.61250131704556,118.84326182260232,119.49149779618014,2585000
2014-06-10,118.62714385986328,119.05930103239466,117.79739628571132,118.92100757197096,2370200
2014-06-11,115.90459442138672,117.14055798267125,115.66258738577305,116.89855094705759,5558000
2014-06-12,114.2537612915039,115.96510068960036,113.77838557303389,115.69716524511605,3826100
2014-06-13,114.34015655517578,114.91060727618648,113.70057228167194,114.54759677783211,2376600
2014-06-16,114.55623626708984,115.06619183743341,113.78699690144398,114.26237250681893,2163800
2014-06-17,114.47846984863281,114.99706390082558,113.84752386290079,114.17596764184918,2223200
2014-06-18,114.50439453125,114.66861641541603,113.25114099875371,114.61675964955184,2859000
2014-06-19,114.79825592041016,114.89331785264862,113.91665145532343,114.50437897311966,2794900
2014-06-20,114.17597198486328,115.88731132076383,114.16732039768107,115.36871724884483,8083500
2014-06-23,113.09556579589844,114.54760793069312,112.92269233265694,114.36610925804058,4433000
2014-06-24,111.62623596191406,113.43266367139655,111.49659403490607,112.79306605856776,4319800
2014-06-25,109.81981658935547,111.61759263202075,109.14565222190534,111.53115589223695,7929700
2014-06-26,110.6495590209961,111.01256957116385,109.21479361671815,110.12232658633464,3929100
2014-06-27,111.09898376464844,111.3064239994484,110.25195921890317,110.69276806930395,3687900
2014-06-30,109.96674346923828,110.55447762899058,109.07649394060722,110.55447762899058,5712900
2014-07-01,110.76191711425781,110.9175006092121,110.07911434370018,110.33841137636071,3772500
2014-07-02,110.3038330078125,111.06442749143038,110.06181937765497,110.76191210228276,2859000
2014-07-03,111.07305908203125,111.16813421093096,110.37296640031225,110.6236184133936,1997500
2014-07-07,111.57437133789062,111.92874349796372,110.43347630113873,110.71870830307326,3157000
2014-07-08,109.58644104003906,111.47064699622939,108.83448501823493,111.40150025059752,5724300
2014-07-09,109.58644104003906,110.90884782201117,108.82584662067839,110.90019623606143,8023900
2014-07-10,109.58644104003906,110.3124620865838,108.14303734450611,108.50604786777849,3936900
2014-07-11,110.71005249023438,110.83970759156273,109.21479194468407,109.92352964357892,3193100
2014-07-14,111.94602966308594,112.86220102058152,111.28914213250869,111.4187972343619,5267500
2014-07-15,111.5830078125,112.62882097750312,110.92612034847221,112.62882097750312,4916100
2014-07-16,110.13095092773438,111.98058341206597,109.88894392517827,111.98058341206597,5260800
2014-07-17,108.79991149902344,110.78783097679009,108.72212635593971,109.94945141536911,5292900
2014-07-18,110.32112121582031,110.47669811633065,109.1197243818451,109.232082912248,3103300
2014-07-21,110.89157104492188,110.99528458152463,109.56916410546027,110.02725640417952,2738700
2014-07-22,112.13618469238281,112.36954014652312,111.13357655772391,111.4879487207594,5102200
2014-07-23,109.51728820800781,110.97797521167307,108.92090909992069,110.45074943957124,12326300
2014-07-24,107.52073669433594,108.94685709170886,107.17500953827629,108.83449197432618,10307200
2014-07-25,106.48355865478516,107.63309868316341,105.80075590718322,107.58988690863774,6121400
2014-07-28,106.36254119873047,107.65901296017456,105.58466341722111,106.69098493191532,4982400
2014-07-29,105.72295379638672,106.85520372858196,105.61923367813962,106.5786233407863,4101900
2014-07-30,105.69705963134766,107.00217684977716,105.2389738339767,106.48358268486035,4042900
2014-07-31,104.13262176513672,105.48959536936349,104.07212000931247,104.98829133870727,5588800
2014-08-01,104.04618072509766,105.19572063235744,103.40658981941034,104.10668247841677,5852700
2014-08-04,103.65725708007812,104.7462953942976,103.51896356974025,104.40921320559592,4671100
2014-08-05,104.81543731689453,105.42910653658586,103.42389676236785,103.43253516126101,6097900
2014-08-06,102.90242767333984,103.78937138739676,102.49374520728267,103.754588630558,6239700
2014-08-07,104.20673370361328,104.53716652103148,103.36327686989719,103.47631583504311,4641800
2014-08-08,104.89369201660156,104.91108671147273,103.71980220982444,104.17197139862286,4348900
2014-08-11,105.04149627685547,105.87626231750046,104.99801618378959,105.34583702592435,2807900
2014-08-12,104.75456237792969,105.16325144319872,104.35457065966033,104.78934513179641,2303500
2014-08-13,106.06758117675781,106.28496840879941,104.89368481642768,104.92846756965015,2641100
2014-08-14,107.91972351074219,108.42406350699811,106.22410566797235,106.25888178883702,4825100
2014-08-15,107.0936508178711,108.25884321507979,106.21540452941271,108.25884321507979,4570000
2014-08-18,108.67622375488281,108.90230169088068,107.4501566292405,107.45885397574243,4196900
2014-08-19,109.19796752929688,109.38057202741018,108.78927842841507,108.8849293513505,2988300
2014-08-20,110.73705291748047,111.05009105738219,109.19795425807344,109.46751229860425,4331300
2014-08-21,110.86748504638672,111.11095767757654,110.20662602306317,110.9022677985755,2522300
2014-08-22,110.83270263671875,111.12835271417126,110.3979281842128,110.7196636673546,2394700
2014-08-25,111.58921813964844,111.7283491557749,111.11096356437871,111.37183090254983,2307100
2014-08-26,111.82400512695312,112.28486502897884,111.57182849028874,111.90226135146362,2329000
2014-08-27,111.47618865966797,112.1631398585203,111.25880139111625,111.97183800073351,3075200
2014-08-28,110.52837371826172,111.0848845465117,110.18925013961353,110.72836627278124,3070300
2014-08-29,110.2588119506836,110.73705990327502,109.60665022376898,110.73705990327502,3032700
2014-09-02,109.11100769042969,109.78925482566683,108.31971494323157,109.23274401551676,4576000
2014-09-03,109.5110092163086,109.771869950201,108.86753814428195,109.0936227542949,3966500
2014-09-04,109.09359741210938,110.21531621943248,108.91969029657933,109.89358075815755,2975300
2014-09-05,108.424072265625,109.17188497313582,107.91103488064306,109.06753669971592,4913800
2014-09-08,111.28486633300781,111.51964160684655,109.47620310695866,109.47620310695866,6103500
2014-09-09,111.48487854003906,111.89355434641702,110.97184120140354,111.13705099339454,4866400
2014-09-10,111.4935531616211,111.71094037130008,110.85008887852801,111.71094037130008,3068200
2014-09-11,110.98924255371094,111.29358340080753,110.60663884071354,111.1457616513796,1988200
2014-09-12,110.38925170898438,110.91967717206009,110.09360820976599,110.85880900256615,3107300
2014-09-15,109.83272552490234,110.38923632102323,109.29360942285946,110.36315091403819,3261700
2014-09-16,110.71097564697266,111.04140187042468,109.31969860857966,109.73707840303145,3377500
2014-09-17,111.09357452392578,111.63269725545959,110.60662260591295,111.51965164732158,3135300
2014-09-18,111.80660247802734,112.08485123480236,111.30226250884252,111.30226250884252,2721800
2014-09-19,112.47616577148438,112.7804999532583,112.10225281091537,112.40660026095375,5635700
2014-09-22,111.83271789550781,112.92834505952426,111.70229082893461,112.493570479924,2890300
2014-09-23,110.76313018798828,111.77180340481627,110.45878941714068,111.54572548026161,2963100
2014-09-24,111.80660247802734,111.99790430317552,110.63271275495576,110.83270529278752,2891400
2014-09-25,110.55445861816406,111.72835506791927,110.44141963717881,111.57182934942838,2913100
2014-09-26,111.9022445678711,112.1718025907097,110.39792212573761,110.5979212819326,2524100
2014-09-29,111.97183227539062,112.63268476142142,110.43272677762754,110.6153312777781,3484900
2014-09-30,110.76313018798828,112.5109252350435,110.70226203381877,111.79790207713266,4000200
2014-10-01,108.40667724609375,110.75446363503868,108.09363906090108,110.75446363503868,5265200
2014-10-02,107.97190856933594,109.17189055556048,107.68495577835763,108.17190777841772,3204500
2014-10-03,109.8761978149414,110.31966960455702,108.39796736173142,108.39796736173142,3075900
2014-10-06,109.78926086425781,110.59794171631907,109.02405348261468,110.51098150721779,2681000
2014-10-07,107.23280334472656,109.14580886446103,107.20671793109629,109.14580886446103,3554900
2014-10-08,108.67622375488281,108.77186802987787,106.21539879122781,107.36320306661581,3610300
2014-10-09,106.74583435058594,108.47623495849916,106.35453333017615,108.45014955063162,4874700
2014-10-10,105.65020751953125,107.26756925179542,105.65020751953125,106.8414920831421,4214200
2014-10-13,104.73716735839844,107.11973623487397,104.57195757070994,106.12845097221525,3878600
2014-10-14,106.33717346191406,107.27628819891842,104.9719814704691,105.94587233776194,3768200
2014-10-15,104.51110076904297,105.31978163796008,101.14594361113639,105.26760418458524,7819000
2014-10-16,104.59803771972656,105.47628396412243,102.94589348696542,103.39806262896654,4492500
2014-10-17,107.1632080078125,107.71102807818774,105.89366736928126,106.12844929490831,4872400
2014-10-20,108.09361267089844,108.45013087471234,106.95450582929698,107.29362934143987,3676300
2014-10-21,110.53707885742188,110.64142049874093,108.63276429375516,108.87623696901007,5204500
2014-10-22,105.60672760009766,111.30227643046597,105.51107667555961,111.2935790825627,13844400
2014-10-23,106.11107635498047,106.85019176833227,105.26761266060964,105.45021717679303,7799700
2014-10-24,106.29366302490234,106.81539107413512,105.44150875911963,106.25888027040256,4013300
2014-10-27,106.1893310546875,106.28498197972948,105.44151835024984,106.1980217685039,2940300
2014-10-28,107.48494720458984,107.64146628235942,106.05019009739074,106.51974733069947,4159000
2014-10-29,107.02409362792969,108.24146356744737,106.57192442810164,108.24146356744737,3241700
2014-10-30,107.66754913330078,107.92841646810037,106.09366767997048,106.53713286134511,2569900
2014-10-31,108.61537170410156,109.46752603197287,108.45885261451443,108.71971334107128,4665300
2014-11-03,109.58924865722656,109.78055047991998,108.59796342520772,108.99795512987043,3902700
2014-11-04,109.42402648925781,110.18053639356599,108.91969318718374,109.51098668346187,3684600
2014-11-05,108.6456298828125,110.4211128474777,108.6281336925009,110.21120527362861,3334000
2014-11-06,108.9604721069336,109.15289012362638,107.9021796879634,108.87301119193872,2341900
2014-11-07,108.8467788696289,109.27534874401398,108.6018856116036,109.26660064970142,2366700
2014-11-10,109.01295471191406,109.3190712715694,108.27827496874127,109.21412083559645,2622700
2014-11-11,109.64269256591797,109.96630533868856,108.84678277593127,108.96048798755284,3053500
2014-11-12,110.08877563476562,110.36865466740237,108.86430236466397,108.89928807784887,3075000
2014-11-13,112.41525268554688,112.79134738001984,109.97505459256725,109.97505459256725,5813900
2014-11-14,112.70388793945312,113.50853926683318,111.82051709480653,112.41526083087919,6235600
2014-11-17,112.31903839111328,112.97500537440597,111.55812096111215,112.56393166388796,3752900
2014-11-18,114.27819061279297,114.86418614558782,111.9866703559313,112.43273641728854,5701200
2014-11-19,115.10908508300781,116.0974129273711,113.91959777016005,114.21696626195143,5037600
2014-11-20,115.18782043457031,115.80005372726018,114.32195240122493,114.52311190903343,4052800
2014-11-21,116.13241577148438,116.6396986033228,115.89626387573364,116.07994053813643,4227100
2014-11-24,117.73297119140625,117.84667642172722,116.70966415557044,116.71840557879347,4161500
2014-11-25,117.90788269042969,118.59884208903513,117.84666604189177,117.84666604189177,4301600
2014-11-26,117.88165283203125,118.3364603974905,117.54055049435782,118.03033709761363,2660100
2014-11-28,117.51432037353516,118.75628315261554,117.23443467057824,118.52013125895624,2090000
2014-12-01,115.79130554199219,117.5492924681328,115.62512508389095,117.47057962345876,3473700
2014-12-02,115.69510650634766,116.28985696855878,115.23155747561859,115.88752459597315,2904900
2014-12-03,115.42393493652344,116.56968830146627,114.95163130253324,116.01867184370455,4627500
2014-12-04,114.8554458618164,115.90499030924317,114.50558881555301,115.42394521168207,2785500
2014-12-05,115.63386535644531,115.9924504969018,115.03911502020492,115.2052954574733,2580200
2014-12-08,113.94586181640625,115.51144416381926,113.58726325127978,115.46771035295511,2862400
2014-12-09,113.403564453125,113.4560396714718,111.72428406478089,112.44147429782971,3084600
2014-12-10,109.01295471191406,112.80881339732125,108.92549379098976,112.66012916446589,6651700
2014-12-11,107.90220642089844,109.89634513732888,107.57859361511774,109.52025710411846,6702100
2014-12-12,105.628173828125,106.94010779472484,105.46200006322104,106.91387018304744,6661100
2014-12-15,106.7739486694336,107.47364287718278,105.47950404219229,106.17920492278361,6238800
2014-12-16,108.67185974121094,109.8001237135105,108.37449125554674,109.36281240670482,7919900
2014-12-17,109.38030242919922,109.66018139993665,107.94592187006478,108.6980978550793,6726500
2014-12-18,109.91381072998047,111.38317683374342,109.12664912567169,111.19075881126346,6485900
2014-12-19,110.40362548828125,111.44442195555888,109.76514798625512,109.87884653413744,7680800
2014-12-22,112.14411163330078,112.42398392752693,110.84092581847356,110.84092581847356,3189300
2014-12-23,113.72718048095703,114.2694422455624,112.52019697064719,112.86129926542837,4028900
2014-12-24,114.78548431396484,115.73881982378194,113.8496316487016,113.96333686671602,2116900
2014-12-26,115.1265869140625,115.38896303986392,113.90210716236331,114.82920506201606,2242900
2014-12-29,115.70381927490234,116.08865535884462,114.72424622172706,115.2052913266549,2718400
2014-12-30,115.301513671875,115.69509122295887,115.03038276658796,115.4501979313652,2447700
2014-12-31,113.68345642089844,115.7125875195934,113.57850596602921,115.66885371483673,2712400
2015-01-02,113.65721893310547,115.31025532754468,112.90504286578118,114.636805447143,4294200
2015-01-05,112.87007904052734,113.63099663308596,112.48524285947255,113.40359950141053,5024800
2015-01-06,111.5406494140625,113.36860794172443,110.35990991784362,112.87007986403727,4992800
2015-01-07,113.27237701416016,113.67470931384578,112.58143097801644,112.59892716818091,3573200
2015-01-08,115.27527618408203,115.44145663477711,114.05079637909286,114.22573159815093,4503400
2015-01-09,115.0478515625,115.67758090560622,114.5143312397484,115.09158536187607,3056400
2015-01-12,114.46186065673828,115.67758559283554,113.65720942920537,115.66010274892218,3552700
2015-01-13,114.72425079345703,117.1207216462532,113.84962814807365,115.45018919060713,3441700
2015-01-14,114.03331756591797,114.8292141197676,112.78260010298177,112.85257152394249,3559500
2015-01-15,113.8233871459961,115.30150150797574,113.43855105818102,113.91959616794985,3902000
2015-01-16,114.3831787109375,114.59309300572596,112.9225601087935,113.48231821587676,4425600
2015-01-20,114.76797485351562,115.45017939135549,113.21988916579532,114.96913430808858,3143700
2015-01-21,115.80877685546875,116.21109576116491,114.19947454132168,114.46185063387082,2898000
2015-01-22,118.63381958007812,119.13236091276005,116.3685500456857,116.65717713107792,4971300
2015-01-23,117.74168395996094,118.75624932566002,117.72420111776965,118.5725860628841,3828300
2015-01-26,117.26066589355469,118.29271422168685,116.78836218574166,118.07405855769113,3900500
2015-01-27,115.87001037597656,116.31607648965877,114.34817543475442,115.8000389592091,5243900
2015-01-28,122.13233947753906,124.10024097442803,118.87874126836108,119.21110223623302,14355100
2015-01-29,129.2517547607422,129.66282853944952,122.12358436480686,122.17605959686573,15161700
2015-01-30,127.14387512207031,128.43832609782567,126.26925257689119,127.88730962374493,11271100
2015-02-02,127.92234802246094,128.21097519780417,125.11481582303618,125.70081159878625,6790900
2015-02-03,128.86692810058594,129.44418238716895,127.85236238701924,128.01854286458274,5978200
2015-02-04,128.76194763183594,129.78525453110186,127.6336769394805,127.66866931907118,4766200
2015-02-05,129.9689178466797,130.20505632915715,128.09722610077617,128.7969134727287,4252600
2015-02-06,129.44415283203125,130.22256646050468,129.1817633666136,129.98641460706054,4398800
2015-02-09,129.0768280029297,129.5841108031707,127.37131629692881,127.83486529020894,4202900
2015-02-10,129.47911071777344,130.06511954462025,129.00682043370873,129.61905352256315,4034900
2015-02-11,130.1743621826172,130.57918290543108,129.4439338409095,129.81354575570873,3272700
2015-02-12,130.32398986816406,130.74641507220082,129.9631733753016,130.47359375900814,2998900
2015-02-13,131.76724243164062,131.86404652905205,129.92797800905157,130.22718579078574,3418600
2015-02-17,131.93443298339844,131.96964179311848,130.70239320772598,130.87839697164682,3622400
2015-02-18,133.03445434570312,133.43046611517954,131.4503938395729,131.74080605138218,3722100
2015-02-19,135.304931640625,135.73615219188414,132.8848434324187,132.92884772184902,4384000
2015-02-20,139.31793212890625,139.7755527533437,135.3489906956746,135.3489906956746,9366000
2015-02-23,136.17617797851562,137.21460945664836,134.9617293300606,136.40498150041992,8653700
2015-02-24,135.85935974121094,136.2113672095227,134.8297237967636,135.084927197056,4391700
2015-02-25,134.6537628173828,136.17622865221483,133.8881388688321,135.7978077090742,4800500
2015-02-26,133.5272979736328,134.09932702922998,132.7176698638387,134.03771832228662,5149300
2015-02-27,132.7528533935547,133.66808090869003,132.40083248140667,132.8848528429697,4330700
2015-03-02,135.34893798828125,135.6569411625297,132.66483743090015,132.75284601109917,4622800
2015-03-03,136.9066162109375,138.08585613970683,135.6745630702999,136.1497879795343,8656600
2015-03-04,135.83299255371094,136.59861636713302,135.5249758736163,136.07059160932147,4476200
2015-03-05,135.93856811523438,137.26741183569158,135.79775974760017,136.28178011870213,3327200
2015-03-06,134.75054931640625,136.43141432994423,134.4777414360554,135.4545778829998,3556200
2015-03-09,136.18496704101562,136.94179518173277,134.77691031421304,134.90892318572685,3433000
2015-03-10,134.13449096679688,135.6393517650508,134.13449096679688,134.90892351122923,3839600
2015-03-11,133.03445434570312,134.37210693179358,133.03445434570312,134.2136941670683,3395400
2015-03-12,133.80006408691406,134.57449657123757,133.13124457750394,133.13124457750394,2965100
2015-03-13,133.3865203857422,134.10813998768376,131.82005032369239,133.6681237775492,3569600
2015-03-16,135.23455810546875,135.69217864843185,134.0025182915991,134.10811786758026,2742900
2015-03-17,135.97373962402344,136.40496013862182,134.40728373668932,134.5392965937571,2927200
2015-03-18,137.04739379882812,137.27621073659708,133.8616819258052,135.560137416226,4053600
2015-03-19,135.62176513671875,136.69540551284888,135.2257533257718,136.3257935940833,2539000
2015-03-20,135.96499633789062,136.83623318742164,135.9473919312117,136.44020789239892,4464300
2015-03-23,134.4777374267578,136.38740596050724,134.4777374267578,136.38740596050724,3029700
2015-03-24,133.45681762695312,134.31044955058948,133.19281882848387,133.72963876573746,3319300
2015-03-25,130.4471435546875,133.80006342781783,130.35914840895347,133.23684346787235,3747900
2015-03-26,130.3943634033203,130.9927922541893,128.44949985150254,130.09515569199837,3627400
2015-03-27,130.9927978515625,131.3976051422427,129.795953526908,130.7639808863535,2600300
2015-03-30,134.38092041015625,134.7945366373615,131.98723164224668,132.07524023756852,3738700
2015-03-31,132.0751953125,133.98486301302313,131.95199137789274,133.9672586143016,2975600
2015-04-01,130.80796813964844,132.0224167099171,129.20631673298328,131.97841242016955,4167600
2015-04-02,131.3712158203125,132.44485626093837,130.51758344656525,131.24801183998952,2934200
2015-04-06,132.82327270507812,133.2808932751477,130.24478443180848,130.37678390960372,3371500
2015-04-07,134.0465087890625,135.08494032122795,133.0080638286716,133.12247230968913,4299500
2015-04-08,134.9617462158203,135.08495019352574,133.9321100960907,133.9321100960907,2763400
2015-04-09,135.0145721435547,135.23458024835676,133.43932002159255,134.31054352254222,3966800
2015-04-10,135.85935974121094,136.36977997001992,134.8649191723051,135.12893148765102,3183000
2015-04-13,134.8561248779297,136.84499260510356,134.60971696228776,135.34013179408214,3034000
2015-04-14,134.82974243164062,135.1201412476107,133.40408110302104,134.58332105589537,2845800
2015-04-15,134.14328002929688,135.85054436872778,133.9496853306845,135.85054436872778,3687400
2015-04-16,133.73851013183594,134.23132607289148,132.92888202464079,133.46570226648214,2559900
2015-04-17,131.65283203125,133.26327925710922,131.51202364627244,132.77927225461718,4671600
2015-04-20,134.35452270507812,135.12895538619713,132.89366593959508,132.93767023797258,3169100
2015-04-21,134.93533325195312,135.60415286210713,133.76488886301473,135.09373259584808,3772900
2015-04-22,133.05209350585938,134.64494991516278,130.99282102404925,134.08172974676444,8468900
2015-04-23,131.8904266357422,132.7352634889503,131.76722266008957,132.7352634889503,4080800
2015-04-24,130.59674072265625,131.8815933244512,130.26233770077673,131.5999766447396,4889200
2015-04-27,130.06875610351562,131.12479201124978,129.9895564317862,130.76397560240454,4603500
2015-04-28,129.8135528564453,130.57038113144924,128.493504476431,130.15676489811997,4352900
2015-04-29,128.61672973632812,129.76958345867442,128.39672163658878,129.4263713602102,4761700
2015-04-30,126.14380645751953,128.43189544237705,125.62459070644555,127.82467110410659,4925300
2015-05-01,127.31423950195312,127.66626039116323,126.58381126359403,127.08543599513447,3556800
2015-05-04,126.74223327636719,127.41984835966088,126.00299606915382,126.59262942311177,8977500
2015-05-05,125.76539611816406,127.34064773743916,125.20217608673207,126.51341537884925,3670400
2015-05-06,124.91515350341797,126.78392167330618,124.37489312688308,126.6599281531644,5313500
2015-05-07,125.31371307373047,125.92481528922384,124.4191758692824,124.49003123795114,4868700
2015-05-08,128.82981872558594,129.25493738166819,126.63334305489113,126.65106027389243,7068000
2015-05-11,129.2106475830078,130.00774673080417,128.53754193629706,128.9095224395539,3969000
2015-05-12,128.80328369140625,129.37897865011635,127.54563096358349,128.36931302274974,3543900
2015-05-13,128.97152709960938,129.77749170545925,128.5109874799348,128.7855435839699,2679400
2015-05-14,131.04400634765625,131.3008452250852,129.88376492992904,130.08747917556775,3495800
2015-05-15,130.08746337890625,131.3451155688566,129.60919309379926,131.12369764426793,3368900
2015-05-18,129.93692016601562,130.40632515491933,129.57379147217551,130.08748275544892,2153200
2015-05-19,130.2380828857422,130.8757678684944,129.9546613315041,130.35321106715332,2366400
2015-05-20,129.6800537109375,130.4948700847578,129.39664578339392,130.3177384407583,2104000
2015-05-21,130.50376892089844,130.82261136758078,129.39667896912388,129.8040805033792,2676400
2015-05-22,128.25411987304688,130.43287825498223,128.24526802096884,130.4240128886262,3878000
2015-05-26,126.47391510009766,127.9175507087612,125.90708578118529,127.83784350319782,3476800
2015-05-27,126.65110778808594,127.31536184991157,126.2791271351776,127.02308844099427,2837100
2015-05-28,126.05766296386719,128.67924380009222,125.39340914523011,126.21707739348639,3103200
2015-05-29,124.4546127319336,125.99567310904978,124.27748106395565,125.99567310904978,6199200
2015-06-01,125.10113525390625,125.80967535996992,124.23318071897447,125.27826690185255,3897000
2015-06-02,126.87246704101562,127.9441357106458,124.55201158445023,125.26940347663863,4986500
2015-06-03,127.36845397949219,128.47554368241424,126.55363757985498,127.34188490776434,3755800
2015-06-04,125.0479736328125,126.85473772548482,124.83540758661978,126.84588587474693,3239500
2015-06-05,124.64057922363281,125.2074085922842,124.03832893193741,124.91513529862796,3215600
2015-06-08,124.56085968017578,125.18969249475059,124.17116199387891,124.20659642769326,2756600
2015-06-09,124.0826187133789,124.87086603750316,123.90547355033914,124.43688201090139,2647600
2015-06-10,125.4288330078125,126.29680108144684,124.25088792011917,124.59629937333159,2784400
2015-06-11,126.61567687988281,127.51905260253925,125.54400779824842,125.77427765640512,2924500
2015-06-12,126.47391510009766,126.52705323713991,124.95941062300848,126.31448717469391,2395200
2015-06-15,126.02224731445312,126.28795158437805,125.12772357046246,125.80082934189578,2631400
2015-06-16,126.0665283203125,127.16476628324055,125.2517118372162,125.2517118372162,2450600
2015-06-17,127.03190612792969,127.5367455659827,125.67682928743352,126.53593205745787,2775400
2015-06-18,128.7589874267578,129.7775047240824,127.45704862955937,127.45704862955937,3728900
2015-06-19,128.53756713867188,129.39666996259444,128.37813916928673,128.59070529037336,4837300
2015-06-22,129.0423583984375,129.49405959501243,128.50209814426458,129.3700661029536,2086100
2015-06-23,127.9175796508789,129.7066405836568,127.35961557141552,129.60036428552664,2864400
2015-06-24,126.65110778808594,128.24532023932414,126.21712360255114,127.32421370559385,3989100
2015-06-25,126.1639633178711,127.32419138013616,126.06653886531474,126.89022078497872,2153800
2015-06-26,126.1905288696289,126.68650297268671,125.66798569064161,126.6776511188038,3153300
2015-06-29,122.8692398071289,125.16313994247295,122.73639444848752,124.844297567455,3755500
2015-06-30,122.86038970947266,124.04718664454894,122.6124026936143,124.04718664454894,3434800
2015-07-01,124.64057922363281,125.00370787765523,124.01175986108485,124.41916129034277,3260900
2015-07-02,124.1800537109375,125.34028165044077,123.88778038419338,125.13656739847143,2116500
2015-07-06,124.4546127319336,124.64059625331244,123.10838772959715,123.12610495067895,2093400
2015-07-07,126.78392791748047,127.04078033817576,124.11806034599697,124.70260704728888,3712000
2015-07-08,125.69450378417969,126.78387599827484,125.34024057262403,126.20819490092808,3386500
2015-07-09,126.47391510009766,127.71385001200689,126.41191159736371,127.43929396110391,2486800
2015-07-10,127.96186828613281,128.59070126155368,127.42160790362652,127.66074309307167,2192100
2015-07-13,129.85720825195312,129.9723499222803,128.95383265398488,129.27267507511502,2194200
2015-07-14,130.85804748535156,131.34516982351747,129.70667109903667,129.98122727665293,3388800
2015-07-15,130.09632873535156,130.85800701557343,129.73320005790507,130.85800701557343,2653900
2015-07-16,131.51341247558594,131.78796857553598,130.87572768860804,130.8934313946001,2509600
2015-07-17,130.05203247070312,130.5834409098417,129.3257886857769,130.4151611203052,3127100
2015-07-20,129.9457550048828,130.37087364375438,129.2283630785752,130.29116643289305,3016100
2015-07-21,128.42242431640625,129.8306393810002,127.7316013219156,129.8306393810002,4452600
2015-07-22,129.72434997558594,132.1245129920365,128.5198357837794,131.87652596851274,6238400
2015-07-23,129.40553283691406,131.0351660278528,129.12211131799506,130.19378035427,4116000
2015-07-24,127.58983612060547,129.72430771237075,127.51898077778579,129.13976126981453,2455000
2015-07-27,124.90629577636719,126.96106088698524,124.70259504163023,126.84591922573937,3532100
2015-07-28,125.59712219238281,125.91596459719263,123.56007424578002,125.41999052621732,4138200
2015-07-29,127.6607437133789,128.0770105763956,126.09310070827947,126.19052515524677,3260400
2015-07-30,126.6599349975586,127.46589967917254,125.9514082809072,126.96107371784437,2644000
2015-07-31,127.68733978271484,128.35159383038996,126.90794404220541,127.32421099322448,3163500
2015-08-03,127.26217651367188,128.20098641076842,126.28793217841405,127.92643032927171,3088000
2015-08-04,127.12936401367188,128.30730949804956,126.68652797507652,127.13822938358517,1973000
2015-08-05,129.1972198486328,129.77658775139636,128.14546561363878,128.26132831378766,2926100
2015-08-06,128.19003295898438,129.4646178491538,127.83349573059444,128.97438766043302,2457000
2015-08-07,126.94216918945312,128.207845710507,126.30041579842522,127.6552300239846,2953200
2015-08-10,130.00830078125,130.81940752278635,128.15434834366775,128.16325667251357,3432600
2015-08-11,128.39500427246094,129.1793587961857,127.70868216376294,128.47522003048368,2816700
2015-08-12,126.95104217529297,127.46801079638658,124.6603506926976,127.0580101110195,4355800
2015-08-13,129.07241821289062,129.64286410937143,126.14888129336353,126.5945425750049,5129500
2015-08-14,129.3219757080078,129.66068260348223,128.13651517434906,128.89414472459393,2927100
2015-08-17,128.74261474609375,129.11696853690407,127.39670916431032,128.88522959987893,3746000
2015-08-18,128.88523864746094,129.4289459152461,128.1900081870802,128.6980549386652,1955500
2015-08-19,127.20953369140625,128.77825621522277,126.85301017251629,127.83345664971394,2967700
2015-08-20,122.12902069091797,126.47866552510375,122.0220527356286,126.22909629693338,6601400
2015-08-21,117.3960952758789,120.40875614981962,117.17326464553258,120.22158603661002,7957600
2015-08-24,113.36730194091797,120.77418915115595,102.62686394944193,110.20310459730042,9425800
2015-08-25,111.85205841064453,116.51367806899098,111.79858123682538,115.87192478215734,7159100
2015-08-26,115.28364562988281,115.65799943724956,111.62031651457843,115.28364562988281,6428400
2015-08-27,117.5386962890625,117.97544921977885,115.39061935354505,116.83455748290991,5754600
2015-08-28,118.75981903076172,119.18765003787618,116.6384670529607,117.14651382381491,4508800
2015-08-31,116.47802734375,118.27850274985096,116.21954978172958,117.98436466861888,4231700
2015-09-01,113.59015655517578,114.97170933246107,113.14449524640658,114.23190992784374,5772700
2015-09-02,116.4334487915039,116.46909570307776,113.85752081415527,114.72211142545066,4809300
2015-09-03,116.78109741210938,117.96655816867973,116.29977556482298,117.93089764639701,3379500
2015-09-04,115.65800476074219,116.30867998967558,114.67755815360661,115.47083464869458,3746700
2015-09-08,119.27677154541016,119.42829472319104,117.6545582294606,117.89521908852468,3505800
2015-09-09,118.23394012451172,121.44270699730254,117.84176959606293,120.85443080387358,4713900
2015-09-10,119.03611755371094,119.94527027334729,117.89522589006988,117.95761139016669,2932200
2015-09-11,120.03441619873047,120.2037696734511,118.44786301530121,118.688523932036,2628200
2015-09-14,119.82048797607422,120.44442466286691,119.19656488978477,120.07897914071765,2389600
2015-09-15,121.48725128173828,122.11117426958485,119.90069842671369,119.90069842671369,3761800
2015-09-16,122.2894515991211,122.49445197825014,121.2287755845576,121.45160622289437,2505000
2015-09-17,122.51226043701172,124.70491951229407,122.0576909118741,122.43204468560515,3405600
2015-09-18,121.30007934570312,122.72620082805061,119.79374210010549,120.99703295086758,7302700
2015-09-21,121.23767852783203,122.5122630512691,120.2750486889107,121.59420205313593,2460900
2015-09-22,119.42831420898438,119.8739754871126,118.11806896324714,119.8739754871126,3465000
2015-09-23,117.36043548583984,120.32854113250184,117.30695831030579,120.0254947374739,4907500
2015-09-24,115.64910125732422,116.55825406956883,113.35840256801387,116.51368522181612,5297800
2015-09-25,116.77214813232422,117.41390137806619,115.23016411709752,117.27130012384661,4149900
2015-09-28,114.20515441894531,116.29975409956317,114.11601673019486,116.26410718436406,4160000
2015-09-29,114.7577896118164,115.11431322671943,113.61689772352179,114.1873436676691,2935100
2015-09-30,116.71869659423828,117.12871099147723,115.53323585497601,116.11260372932446,3062500
2015-10-01,116.41563415527344,117.46738819407378,114.96277410457246,117.04847912474814,2878400
2015-10-02,118.15369415283203,118.18043273656227,114.58840458346232,114.98058861217305,3020500
2015-10-05,119.45504760742188,119.57091028635914,117.07521811767883,117.90414153074002,4587500
2015-10-06,119.9987564086914,120.80984957354583,119.14308079679246,119.52635655645112,3059600
2015-10-07,122.12902069091797,122.76185209074183,120.56028428470087,120.94356005685724,3263800
2015-10-08,123.92949676513672,124.20581821439002,121.28228097520154,121.80815808091737,2835700
2015-10-09,124.51775360107422,124.99907537922694,123.32338468573613,123.92947747244418,3065700
2015-10-12,125.3912582397461,125.73888711411075,124.1790725466955,124.72276628228241,1942200
2015-10-13,125.04362487792969,125.23080858316443,124.27708700023331,124.28600892936461,2339700
2015-10-14,119.63329315185547,125.57841190472799,119.06284736208886,124.56230491669056,8752300
2015-10-15,122.45882415771484,122.70839342353197,120.32856346702256,120.47117836191948,6368300
2015-10-16,122.64598083496094,123.65316600664926,121.68335090765113,122.49444404226698,3173700
2015-10-19,123.37687683105469,123.54623030686074,121.56749297992347,122.64599934660708,4022000
2015-10-20,123.78687286376953,124.72275060618757,122.62815089636865,122.94902753964118,4202600
2015-10-21,125.84580993652344,126.70147181135472,121.76355177395253,126.30037945749629,8927200
2015-10-22,130.40939331054688,131.345284659319,126.50539639306992,126.56779549655569,6976300
2015-10-23,130.75701904296875,131.69291046689503,129.16155761781118,131.35420353620665,4691200
2015-10-26,130.75701904296875,131.2294189197167,129.73200352183716,130.32027968550548,3143400
2015-10-27,132.3257293701172,132.79812915365554,130.14197861166585,130.32916229971897,3411300
2015-10-28,131.8087921142578,132.63771561454422,129.3665632630579,131.90683814552324,4408300
2015-10-29,131.1848602294922,131.79987502999762,129.98158282026802,131.50573692538615,3072100
2015-10-30,131.97816467285156,133.34188737735013,131.10465859507033,131.3809664684581,3938000
2015-11-02,132.27224731445312,133.22596887266332,131.52353971392446,132.2544306576558,2516700
2015-11-03,131.9959259033203,132.32572442704657,131.1491723758069,131.94244873744577,2470000
2015-11-04,132.90176391601562,133.41295191564936,131.99595328633404,132.06770161137968,2771500
2015-11-05,132.70445251464844,133.48469327131764,131.37714278208887,132.901756977074,2545400
2015-11-06,132.6775665283203,132.88383442705094,130.94667054404752,131.45787227064352,2294100
2015-11-09,130.91973876953125,132.26498889901356,130.20226929688897,131.7448238734627,2980800
2015-11-10,130.17538452148438,131.06325466388975,129.17093532291227,130.29197726224504,2524100
2015-11-11,130.03187561035156,130.78521235897935,129.61036283049265,130.22020295521287,1579600
2015-11-12,127.83464050292969,129.50275135292966,126.9826514186196,128.24718993232457,3796800
2015-11-13,127.87948608398438,129.0453723764032,127.22480145758192,127.64631429933792,3063800
2015-11-16,129.5206756591797,129.59242397204181,127.64629717115244,127.87050551712484,2378300
2015-11-17,131.00942993164062,131.4668100574029,129.71798759467387,130.30092385405283,3038300
2015-11-18,132.98245239257812,133.08110461168832,131.14394122802932,131.1529183199611,3101100
2015-11-19,133.84344482421875,134.05867611951908,132.9645380864289,133.43985877634253,2492600
2015-11-20,133.98692321777344,135.0541573025093,133.73581092543483,134.38153215847512,3210200
2015-11-23,133.03627014160156,134.2559641759694,132.4712743759479,133.9779479971475,3183700
2015-11-24,133.31431579589844,134.15734161135737,132.03185025272674,132.27399916845536,2626600
2015-11-25,132.22015380859375,133.76270849387046,132.1753230821254,133.66405626337277,1852200
2015-11-27,131.78970336914062,132.70447753242442,131.54755444967816,132.2829646181954,1282100
2015-11-30,130.44444274902344,132.06770935515388,130.36373101033723,131.80763363563347,3176700
2015-12-01,132.49819946289062,133.98693282143512,131.35921697233536,131.4219882076224,3444300
2015-12-02,131.79867553710938,132.75828039976716,131.27851039251365,132.3278040914999,2648800
2015-12-03,130.54307556152344,132.39952738256457,129.39512983352805,131.8793623363491,3008700
2015-12-04,133.1797637939453,133.43087605852006,131.01839195244855,131.25157740140514,3892900
2015-12-07,133.1349639892578,134.07664213919492,132.1215511836311,133.00044440409394,3417700
2015-12-08,130.03187561035156,132.0407736066923,129.72694186340019,131.6730823242422,5021100
2015-12-09,129.35923767089844,130.65964319437595,127.59247500855943,129.68209820017333,5124600
2015-12-10,131.30540466308594,132.2470826369949,129.28752915524998,129.70006492903485,3278500
2015-12-11,129.70005798339844,130.66863981744194,128.89291329732552,130.04085909665264,3684700
2015-12-14,128.2472381591797,129.59248890910115,126.86612007715023,129.59248890910115,4845000
2015-12-15,131.41302490234375,131.92422661746082,129.25165266524613,130.63278405779096,4705300
2015-12-16,132.83001708984375,133.27843386299364,131.14396564373013,132.71342434975475,3316000
2015-12-17,130.54307556152344,134.34565433837855,130.48926774374124,133.4936652927778,3448800
2015-12-18,125.18003845214844,129.51174648341208,124.56122106416863,129.51174648341208,9952000
2015-12-21,126.36382293701172,127.2965373537351,125.28762557390868,125.74501937455662,3746400
2015-12-22,127.6911849975586,128.05887640969414,126.00513328344952,127.09927147861443,2791700
2015-12-23,129.1977996826172,129.20677677352379,128.07675808647537,128.31890690292715,3353900
2015-12-24,128.72251892089844,129.08124686868882,128.57005885885783,128.78530383828848,1185000
2015-12-28,129.62828063964844,129.74487334904742,128.11264384041297,128.48033509731928,1980000
2015-12-29,132.1484375,132.33676489414637,130.04087304915845,130.09468087605742,3133600
2015-12-30,131.30540466308594,132.7313667376541,130.9466630287142,132.03183765637183,1619000
2015-12-31,129.6731414794922,130.9018125757776,129.59242975564197,130.9018125757776,2105200
2016-01-04,126.00513458251953,127.08133228331575,125.04551595695038,126.79435261591499,5719500
2016-01-05,126.51631927490234,127.0813151228833,125.35043288789355,126.44457094659164,3357000
2016-01-06,124.50740051269531,124.97375777960939,123.09936530311396,124.50740051269531,4254100
2016-01-07,119.28781127929688,122.57022496366703,118.8393945579761,122.31014928652161,7013700
2016-01-08,116.5793685913086,121.16218741954007,116.40896807039229,119.90661255649869,5776900
2016-01-11,116.7767105102539,117.48520304172654,115.61978748868361,117.35068347391366,5551500
2016-01-12,118.31029510498047,118.53450352058677,116.26551544941867,118.00537494405886,4171500
2016-01-13,114.90230560302734,119.1712418940643,114.57048158143087,119.0098047453191,5073100
2016-01-14,115.87088775634766,116.65114222231348,112.83062267855978,116.22065228088631,6517800
2016-01-15,112.669189453125,114.02340994569089,111.66474031833415,112.82165634733852,6678400
2016-01-19,113.05484008789062,114.0951703358758,112.20285091489716,113.95167367727207,5478900
2016-01-20,109.53925323486328,112.05039000314203,107.45859959685701,111.2073642459361,7636600
2016-01-21,110.66926574707031,112.98309803830443,109.00115473174313,110.1042562095031,5546200
2016-01-22,111.75440979003906,112.71402124806733,110.59749389053466,111.58400925561952,5259900
2016-01-25,111.21631622314453,112.31941751683554,110.66924728024875,111.74544466564917,4551600
2016-01-26,114.80363464355469,114.92919076783576,111.65575444469914,112.08623747244539,5432600
2016-01-27,104.5528564453125,107.71867776824236,103.15379146065033,107.53034354463911,27945900
2016-01-28,105.8353271484375,105.85326080848743,103.18966412062778,105.01920534907984,10708400
2016-01-29,107.73660278320312,107.78144719382786,105.84428360541929,105.9519060855408,9195700
2016-02-01,109.0190658569336,109.67375724919827,106.40928422230466,107.29714737199329,6812800
2016-02-02,105.3958740234375,107.87113649590054,105.26135446702392,107.34200799454878,8646700
2016-02-03,109.29710388183594,109.53027567129953,105.06404855964715,106.54382524065844,7361900
2016-02-04,110.85758209228516,112.02346830148232,108.62446874199424,108.62446874199424,5837000
2016-02-05,109.9159164428711,111.35981898926083,108.54376222181303,110.87552805671736,6186700
2016-02-08,107.14471435546875,108.81282544662844,105.15374261167833,108.22091196937288,6453600
2016-02-09,106.61556243896484,107.60208474820253,105.31515662012825,105.80841777474708,4137600
2016-02-10,105.32122802734375,108.12713765663848,105.23976250386418,106.95046944079932,4888600
2016-02-11,98.152587890625,102.64204505694309,92.41404323352663,102.44291476678309,33735600
2016-02-12,98.32455444335938,99.41976408955038,95.03892550478633,95.14754390566995,12973400
2016-02-16,101.91793823242188,102.06276277569727,98.65946197048291,99.32021186435186,7587700
2016-02-17,105.30313110351562,105.74665108213274,103.17607071841194,103.21227685374481,6619600
2016-02-18,106.41644287109375,107.01383372068024,105.61087538406754,105.81905892712118,6489000
2016-02-19,104.23509216308594,106.19922859883498,103.56528894731437,106.1811220764547,6920600
2016-02-22,106.25352478027344,107.68363607239131,104.23508277049463,104.23508277049463,4930300
2016-02-23,105.81001281738281,107.25822373992132,104.9320330033898,105.87337182944343,3762300
2016-02-24,104.62428283691406,104.9591844134802,101.83647943956318,104.42515944865737,6859300
2016-02-25,105.73758697509766,106.44358927763,104.79624826985003,105.31217356059393,4667100
2016-02-26,106.9504623413086,108.11807722022832,106.35307156082582,106.5793546918063,3757800
2016-02-29,106.96857452392578,108.13619644567387,106.35308405910386,106.91426877590483,4569700
2016-03-01,108.5797119140625,109.5119974390827,107.03193591054146,107.71983865842218,4595400
2016-03-02,108.29912567138672,109.29477023024958,107.25822171664244,108.28101915078845,4292500
2016-03-03,108.26290893554688,108.37152733165865,107.03192806873433,107.56595297865337,3404600
2016-03-04,109.58441925048828,110.634376531079,108.48015621594105,108.769798413067,4421500
2016-03-07,111.24079132080078,111.62094533289756,109.13183083058581,109.34001435470356,4504700
2016-03-08,110.74297332763672,111.30415803122555,109.80163458562338,110.40807868190676,5257300
2016-03-09,111.20458221435547,111.56663660430735,110.45332056368761,110.77011556529058,3380300
2016-03-10,111.27701568603516,112.0735299712771,109.91026338359114,111.45803946271283,4111300
2016-03-11,112.80667114257812,113.59413897447786,112.10972209331624,112.35410485184316,3260100
2016-03-14,114.35446166992188,114.95185256487521,112.10973644761013,112.17309546020084,4283400
2016-03-15,114.37255859375,114.38161185353597,112.42652207659685,113.63940338020477,3717500
2016-03-16,115.46774291992188,115.9746217725921,113.82040218637145,114.26391514004709,5154700
2016-03-17,118.30081176757812,119.1154392821393,115.33197835328856,115.92032274900922,5801000
2016-03-18,121.25157928466797,121.90326210468558,118.58142684300972,118.78961730245543,9108400
2016-03-21,122.9713363647461,123.80405684008889,120.73565736012466,120.79902328221965,5671400
2016-03-22,122.30152130126953,123.18856125724302,121.99377950979877,122.31962782171735,4989000
2016-03-23,120.25592803955078,122.19291141621798,120.14731653788508,122.1838650614887,4361200
2016-03-24,119.58612823486328,119.68569338458757,117.69440420133076,119.12451552863011,4573100
2016-03-28,118.8348617553711,120.03868985964496,118.16507242107942,119.95723123432221,3352200
2016-03-29,118.4637451171875,118.50899069286213,116.0198763368231,117.51335323718199,4910200
2016-03-30,116.38195037841797,120.13824511207329,115.87507833651269,119.0068293716678,5949000
2016-03-31,114.89754486083984,116.20093813269332,113.36786841849036,115.93844192062991,8758300
2016-04-01,114.91564178466797,115.033306544549,113.24114774333742,114.25489880943842,5328000
2016-04-04,114.35446166992188,115.82983238621391,113.93810145780944,114.53549235276279,5036500
2016-04-05,114.97898864746094,116.39099323931528,113.66654919022335,114.1824744761404,4660100
2016-04-06,115.79361724853516,115.89317548434053,113.82042784544718,115.09666816421407,3998000
2016-04-07,114.95185089111328,116.70781050822293,114.55359030027661,114.95185089111328,4596300
2016-04-08,115.74835205078125,117.68534212859976,115.50396929221544,115.89316967292045,3939800
2016-04-11,115.77550506591797,117.57670995892713,115.56732154583781,116.08324681099549,3611700
2016-04-12,117.1875228881836,118.01119689742366,114.66220201799167,115.51302890127457,4239200
2016-04-13,118.6990966796875,119.02494499028494,117.4952685825144,118.11076597418884,3514800
2016-04-14,118.43659973144531,119.432237250041,118.14695068596004,119.02493036465064,4527600
2016-04-15,118.6900405883789,119.11545400929424,118.28271987512538,118.52710954083204,5008700
2016-04-18,119.45034790039062,119.70378391834414,117.95688466521972,118.69003984653006,3056000
2016-04-19,120.09298706054688,121.15200435926593,119.66758744373573,119.99343573305832,2931000
2016-04-20,118.18315887451172,118.89820748297966,116.30048158976277,116.35478733075702,6799000
2016-04-21,118.33704376220703,120.0567902164624,117.93878319943772,118.55426675191558,4799600
2016-04-22,118.61763763427734,119.32364000286388,118.11981190995905,118.65383686366944,3858100
2016-04-25,118.34609985351562,118.57238302723171,117.04270656311432,118.07455728281053,4600100
2016-04-26,120.5998764038086,120.62702927776772,118.62668009166951,118.79865750089584,6103400
2016-04-27,124.0755844116211,124.80873964296089,119.43224953149831,120.56366533572098,6930800
2016-04-28,122.01184844970703,124.65483336066421,121.74030597154055,123.36048686626778,4938800
2016-04-29,122.01184844970703,122.4010487464738,120.21063002871938,121.66789372328121,3716700
2016-05-02,121.29679870605469,122.19288483354187,120.59079647635893,121.63170711538001,3703800
2016-05-03,119.9210205078125,120.66322204164601,118.98873505522072,120.11109061534366,4028700
2016-05-04,118.47280883789062,119.75809550917253,118.14696054015522,119.10639891370174,3340500
2016-05-05,119.54993438720703,120.05680651363623,118.68100087673584,119.23313240257399,4199200
2016-05-06,120.61797332763672,120.95288180354996,119.26027433732067,119.57707629288575,2466000
2016-05-09,119.56802368164062,121.11579271532231,119.31458765494153,120.20161374838833,3431100
2016-05-10,121.93944549560547,122.41011823955351,120.19253267485755,120.54553378001228,3382700
2016-05-11,121.36459350585938,123.18050484234271,121.30984478924228,122.10372902796064,3284100
2016-05-12,122.66035461425781,123.22610987366308,121.81172172514992,121.81172172514992,4591300
2016-05-13,120.56157684326172,123.13487795045448,120.3699563324876,122.03986183151761,3965900
2016-05-16,122.40483093261719,122.65121402097297,120.04141908456208,120.11442199681126,3165400
2016-05-17,120.96306610107422,122.72422845521376,120.41556509362573,121.93033041239465,4032000
2016-05-18,119.53044128417969,121.52883905017254,118.9372977013844,120.86270646150825,4060400
2016-05-19,116.87500762939453,119.01941108020578,115.97161211165152,118.84604480053349,5061600
2016-05-20,116.24535369873047,117.94263315446568,116.0811006235967,117.83313574567053,3297700
2016-05-23,116.41874694824219,117.17613659982796,114.86746618406079,116.25449385466868,3977700
2016-05-24,116.34574127197266,117.54113450349473,115.2689725644681,116.58299728194936,5102400
2016-05-25,117.58674621582031,118.42625879302342,116.22710008948692,116.80198234001806,4656700
2016-05-26,117.99739074707031,118.53577161270968,117.09400920869855,117.24000112346162,2586300
2016-05-27,117.91526794433594,118.3532715373574,117.55938741427791,117.67801889892498,3043700
2016-05-31,115.11385345458984,118.60878318847011,115.01347617368012,118.51753997556938,6894400
2016-06-01,115.35111236572266,115.43323543655393,113.8637073269841,114.97697758897861,4679600
2016-06-02,115.75260925292969,115.91686234903572,114.35646141699935,115.57010890700829,4802100
2016-06-03,116.23624420166016,116.41875151386695,114.93134650763542,115.36022998889379,5485600
2016-06-06,120.36079406738281,120.52505410487997,116.30010270216405,116.43698142545098,6996200
2016-06-07,120.38816833496094,121.72044714794599,120.28780499263266,120.82618581872381,4424000
2016-06-08,121.36459350585938,121.8482257344907,120.48857226833015,120.92658984903736,3883700
2016-06-09,121.4558334350586,122.11284578911324,120.37905777329223,120.54331782374751,3811200
2016-06-10,119.66730499267578,120.56156645496608,118.96466402464844,120.23306025520252,3828600
2016-06-13,118.55403137207031,120.00492791132858,118.51753687264232,119.3479155305543,3645000
2016-06-14,119.08328247070312,119.174539597705,117.25825132172683,118.28939837654089,3717000
2016-06-15,118.77301788330078,120.23303429285123,118.59963771476914,119.43003014095689,3324800
2016-06-16,118.05213165283203,118.52664363512736,115.7982241037231,118.00651701466778,4066100
2016-06-17,118.46279907226562,118.61792507591872,117.541149271188,118.47191921699165,6739600
2016-06-20,121.13645935058594,122.18584683755317,119.73119129705823,119.86806308270279,4331900
2016-06-21,120.01405334472656,121.62007575780568,119.98667899115405,121.53795269708816,2841100
2016-06-22,120.2422103881836,121.51060678820166,120.0688301590489,120.54334227185659,2640800
2016-06-23,121.866455078125,122.77897063254917,121.11818564003364,122.19496123467299,4113900
2016-06-24,115.45148468017578,118.07040727676625,115.16860703761745,116.92976263813767,9707300
2016-06-27,111.96565246582031,114.74882761012661,111.64627342350835,114.68495180166423,6169000
2016-06-28,113.05154418945312,113.84543517689939,111.96564852190149,113.60817919870728,4438100
2016-06-29,115.8803482055664,116.18148000912872,113.29793447988136,114.51157487512806,4916700
2016-06-30,118.50839233398438,118.50839233398438,115.96248002634272,115.96248002634272,4110800
2016-07-01,118.34414672851562,118.93727628060226,117.86051458939694,118.20726103842304,3247900
2016-07-05,115.86209106445312,117.71449636622823,115.55183218250357,117.19435586161218,4829400
2016-07-06,115.85298919677734,116.17236829045756,113.11544217333191,116.11761957781012,3981700
2016-07-07,116.04461669921875,116.95713237406412,115.21423105531936,115.81648778050742,3049400
2016-07-08,118.70915985107422,119.04680011631238,116.49175346236916,117.34952041769648,3597800
2016-07-11,120.48855590820312,121.5927059309705,119.35704545472744,119.39353995288849,3929900
2016-07-12,119.36618041992188,121.36459209655136,118.92817676818605,121.18209173531852,4318400
2016-07-13,118.7273941040039,119.89541284821512,118.05212761092983,119.79503558470252,3061400
2016-07-14,120.04142761230469,120.37905392204559,118.80952600689324,120.11443052974,3984100
2016-07-15,120.80796813964844,121.13647438986453,119.95020104609048,120.26958715075953,2944900
2016-07-18,121.75694274902344,122.17670602713879,120.40642363819177,120.79881256380854,3338400
2016-07-19,122.87936401367188,123.80099983189682,121.20945865923494,121.28246158402763,3390000
2016-07-20,122.93408966064453,123.35383899459136,122.31357187827408,122.77896369602232,2669400
2016-07-21,121.84818267822266,123.17132724983539,121.39192496912308,122.97057274392114,2814100
2016-07-22,121.79346466064453,121.81171887229323,119.14717485082045,120.2239366320685,4844900
2016-07-25,121.30982971191406,121.63833589467258,120.79882318848605,121.52882455116409,3078600
2016-07-26,123.05274200439453,123.16223942767033,120.91744478332893,121.2733253328592,4667300
2016-07-27,124.06560516357422,127.25027513313327,123.83747630391501,124.22985125906618,5661700
2016-07-28,121.37369537353516,123.97437041230484,120.95394599342212,123.5546071083087,5142400
2016-07-29,121.96685791015625,122.09460955759691,120.72583593906754,121.41022274833223,3559100
2016-08-01,121.55622100830078,122.48697698550193,121.09082909581579,121.55622100830078,3067300
2016-08-02,120.0870590209961,121.72957596861146,119.8589301200625,121.31894673170763,3156800
2016-08-03,120.33345031738281,120.86271113565454,120.10532137453563,120.24220709457535,2359300
2016-08-04,119.73117065429688,120.95393814152054,119.50304176829773,120.45205180754598,3008500
2016-08-05,120.20568084716797,120.85357307532071,119.54866847525216,120.64369837770093,3119500
2016-08-08,120.62543487548828,121.31894169292481,120.22392579869988,120.57980631242005,2443800
2016-08-09,121.01781463623047,121.3554548770844,120.6619341085392,121.11819190936816,3013900
2016-08-10,121.7078628540039,122.85795984501866,121.18342592652152,121.54225562614734,2642200
2016-08-11,122.37031555175781,122.88555673937684,121.72626406723401,122.23230953338464,2275700
2016-08-12,122.46235656738281,123.08800271092971,122.029918893172,122.27832978231835,2522600
2016-08-15,123.89765930175781,124.2104823322808,122.87637255212157,123.01437858344914,2812600
2016-08-16,124.21048736572266,124.40370985668204,122.73835745530927,123.42841571845217,2759200
2016-08-17,123.95288848876953,124.201313438091,123.39164044135363,124.07250310127131,2854600
2016-08-18,124.21048736572266,125.09376811982494,123.7780497310114,123.952866737291,2030800
2016-08-19,123.69525146484375,124.2104927440169,123.14319921471713,123.75045388200203,1922600
2016-08-22,124.20130157470703,124.82694771113582,123.14320372971491,123.56644567556624,2520500
2016-08-23,123.4192123413086,125.47098151880714,122.95917352774485,124.50491124173963,3481900
2016-08-24,122.63715362548828,123.8884598914013,122.43474944238662,123.29961070975234,2135900
2016-08-25,122.3519515991211,122.64638325728114,121.83671023661518,122.64638325728114,1921400
2016-08-26,121.66187286376953,123.3640222597877,121.2846516687908,122.8303754980051,1973700
2016-08-29,122.2782974243164,122.90395744157004,121.74466481451473,122.11269020870944,2380000
2016-08-30,120.35536193847656,122.7751707870248,120.23574734466344,122.54515136155129,3437300
2016-08-31,119.10404968261719,120.37376133962458,118.81882785572907,120.37376133962458,3639200
2016-09-01,119.51810455322266,119.63771916374216,118.10119087168734,119.63771916374216,2807200
2016-09-02,120.67738342285156,121.41344832313274,120.14373672112947,120.42895853566174,2631000
2016-09-06,122.36112976074219,122.36112976074219,120.77859510503899,121.10982361528549,4151800
2016-09-07,122.03911590576172,122.4439523743435,121.4502666894444,121.8919000918642,2198700
2016-09-08,122.2782974243164,122.28750718469604,120.99939022647682,121.74466481451473,2618300
2016-09-09,118.25758361816406,121.39505189047452,118.24838789546043,121.39505189047452,4892900
2016-09-12,119.72049713134766,120.23573835962165,116.21500359537524,116.73944756547847,6381100
2016-09-13,118.46920013427734,119.62850702666033,118.00916128219433,118.89244205547321,4552400
2016-09-14,117.46632385253906,118.97525079062426,117.16269651240779,118.60722530885606,3955400
2016-09-15,117.55833435058594,118.19319728194434,116.79467513143148,117.37432160324094,3462400
2016-09-16,116.5738525390625,117.50313306731039,116.24262397492733,117.50313306731039,8035600
2016-09-19,117.29151916503906,118.04598266824047,117.09829665283553,117.30991763210602,3168100
2016-09-20,117.57673645019531,118.22999080997971,117.37431822216485,117.72394523990356,2639300
2016-09-21,120.1253433227539,120.18975550117104,117.93555388491806,117.93555388491806,3227800
2016-09-22,121.33065795898438,121.89190599227327,120.68660629109714,120.94422695825203,3253100
2016-09-23,121.24784088134766,121.71707546465318,120.53937710558407,120.76020081263647,2330700
2016-09-26,120.13453674316406,121.0638100477951,120.00571240385368,120.59457553463345,2219900
2016-09-27,120.82461547851562,121.21104644435626,119.48129580169345,119.87692249079025,1939000
2016-09-28,121.66187286376953,121.78148745981773,120.15294596603907,121.07302368512525,1773000
2016-09-29,120.55779266357422,122.16792880893598,120.23575981879264,121.26625649852984,2199400
2016-09-30,121.21105194091797,122.02992060455757,120.7786142606425,121.5330707407517,3118900
2016-10-03,121.79989624023438,122.11271930376121,120.29096930168309,120.78780510615086,2439400
2016-10-04,121.68028259277344,122.5819548579278,121.16504129839953,122.15872695438021,2829200
2016-10-05,123.89765930175781,124.11846895188194,121.95629490521578,122.30591486433588,3137500
2016-10-06,123.67682647705078,124.21047315755114,122.99596401449452,124.05406165384288,3614900
2016-10-07,123.15239715576172,123.89765779440516,121.9470836599917,123.22599101206059,4302000
2016-10-10,124.98336791992188,125.9310469530523,123.8332706428924,123.8332706428924,3343300
2016-10-11,123.05118560791016,124.84533415402542,122.61874800458106,124.1552759409603,3607300
2016-10-12,122.51754760742188,123.54803011956035,122.37033180875315,123.06958579352265,2264200
2016-10-13,122.719970703125,123.2260022173651,120.8890109874261,121.83668991524308,3544200
2016-10-14,122.83038330078125,124.44051941146564,122.81197781423421,123.80566349868359,2317400
2016-10-17,123.2904281616211,124.56014004868885,122.67397770552579,122.83038925057026,2435100
2016-10-18,124.30250549316406,124.89135467194531,124.13688420326866,124.23809331396257,2271000
2016-10-19,125.29618072509766,126.00464452059117,124.5141230644757,124.59692669219939,2265900
2016-10-20,124.98336791992188,125.82064210702495,124.55093022061692,125.05697583036458,2539700
2016-10-21,124.79014587402344,125.30538715183944,123.52043412563981,123.9528717779365,2205000
2016-10-24,126.46469116210938,127.78040972027638,125.50781642466592,125.50781642466592,3814200
2016-10-25,127.9092025756836,128.277228030741,126.37267453994852,126.53828178294299,5209100
2016-10-26,133.9080810546875,134.50613988845095,125.79300432744546,127.3663290830626,13272000
2016-10-27,131.85635375976562,134.54297938324945,130.44863577964009,134.1749538608498,7857100
2016-10-28,131.58030700683594,132.49118898524728,130.8074451071805,132.23356835202878,4636100
2016-10-31,131.04666137695312,131.89314522394034,130.78904074152976,131.6171191033377,3075900
2016-11-01,131.02825927734375,132.39916596739351,130.47620708102497,131.52509502261424,3245000
2016-11-02,129.50094604492188,131.45150642351084,129.35373023239032,130.6510432566885,2782100
2016-11-03,128.82928466796875,129.63894350469877,128.2128342880208,129.51013318708684,2280800
2016-11-04,128.3876495361328,129.5929632424414,127.70680095191162,127.99202282252028,2951500
2016-11-07,131.5987091064453,131.6631212827287,130.18179566019418,130.19099138283272,3228200
2016-11-08,131.83975219726562,132.86888165259768,130.99604854124675,131.58015324881086,2823800
2016-11-09,134.51919555664062,135.22383340120282,131.2278345614004,131.28347503366717,5494400
2016-11-10,136.92977905273438,138.45955964687852,135.72449008460873,135.83574273957709,6508300
2016-11-11,137.69931030273438,137.77348345545647,135.88210342874908,136.40130135072135,3585200
2016-11-14,139.0622100830078,139.15491591237307,137.41189636123545,137.41189636123545,4490900
2016-11-15,137.31919860839844,138.56156727019743,136.46622844595058,137.62515760369243,3856600
2016-11-16,135.77084350585938,137.5973166210142,135.49269773481032,136.56818717108982,3559700
2016-11-17,134.74172973632812,136.40130992315235,134.43577076727675,136.13244460633445,3656100
2016-11-18,135.68743896484375,135.91922480923392,133.93513854713743,134.60266876366273,2214400
2016-11-21,136.30859375,137.67149535101947,135.84502216181875,136.48475321704203,2825900
2016-11-22,138.62648010253906,138.84898545633618,137.10596554755688,137.12449822898327,3770000
2016-11-23,138.83041381835938,139.8224495855328,138.17213598822738,138.7098806874848,2857500
2016-11-25,139.1085662841797,139.21055260703434,138.1721566994838,139.07148677908856,962300
2016-11-28,138.8582305908203,139.1549090360438,137.513875881257,138.14432641928283,4728800
2016-11-29,140.59197998046875,141.02773837190804,138.24630905484753,138.91385322270855,3945600
2016-11-30,139.59068298339844,141.92708789318868,139.59068298339844,140.5456393822132,3991000
2016-12-01,141.28733825683594,141.56548401982272,139.43305203303228,139.7575577810304,2843900
2016-12-02,141.15757751464844,141.3800970155039,140.1099009836958,141.34300335848548,2105600
2016-12-05,141.0740966796875,142.54825080490713,140.78668458387398,142.07541291957656,2855900
2016-12-06,141.14830017089844,141.51915182966323,139.09004092646063,139.85029107105368,3476300
2016-12-07,142.90988159179688,143.06749427047208,140.06355874052161,140.6198362863602,2955800
2016-12-08,144.06875610351562,144.60650076318498,142.90982730605924,143.3363193282384,2928400
2016-12-09,145.08863830566406,145.45022357244076,144.0965883331515,144.30982729892187,2707900
2016-12-12,145.7098388671875,146.48863581419076,143.05820856441437,144.63434928489718,4250600
2016-12-13,145.24627685546875,148.4078389926251,143.59596286685314,147.50850883458256,5650400
2016-12-14,143.21583557128906,144.977402291785,142.9469560752343,144.84760278761252,3640200
2016-12-15,142.5668182373047,143.92971991525002,141.90854032021616,142.7151504021125,2889300
2016-12-16,143.24362182617188,144.63433660118326,141.98270653094494,142.66879757956684,5888300
2016-12-19,144.80123901367188,145.65422332979813,143.77212349484267,143.85556299954484,3002800
2016-12-20,144.9959259033203,146.38664071695166,144.58798062778857,145.5244043230999,2270100
2016-12-21,146.00650024414062,146.95219022443345,145.236969727019,145.27406337562445,2326000
2016-12-22,145.9879608154297,147.4064886467255,144.86611142384768,146.9521834283511,3958500
2016-12-23,146.31246948242188,146.73896158891475,145.10718046537625,146.73896158891475,2135800
2016-12-27,146.00650024414062,146.93364340013073,145.4780360017088,146.868750735694,1858700
2016-12-28,144.72706604003906,145.88599509498147,144.64361239629997,145.67274196297217,1810400
2016-12-29,144.346923828125,145.32969333450941,143.85553907493278,144.6343359501338,1804000
2016-12-30,144.33767700195312,145.36680673670688,143.6701467725991,145.08867503576167,2027700
2017-01-03,145.53366088867188,145.6912735259821,143.90189404321168,144.91247667794985,3426100
2017-01-04,147.06344604492188,147.62900394814542,146.31246233592123,146.31246233592123,3189800
2017-01-05,147.1469268798828,148.0647897396079,145.93235721132584,146.86878104626607,2796000
2017-01-06,147.50852966308594,148.02772773545644,146.38667985543174,147.3972628282305,2426000
2017-01-09,146.7853240966797,147.63829417721058,146.64624412285687,147.41577470734393,2839400
2017-01-10,147.48068237304688,148.28729246694417,147.01711075180324,147.37869605048996,2988300
2017-01-11,147.78662109375,148.06476688443234,146.74822523209062,147.91642057645743,2416500
2017-01-12,146.7574920654297,147.56411627583333,145.2555245966023,147.55483578962702,3020500
2017-01-13,147.25816345214844,147.95352088661215,146.80385816868218,147.17472395531277,2435400
2017-01-17,146.1826934814453,147.45287537154914,145.77474813502465,146.67407833588337,2758800
2017-01-18,146.7853240966797,147.4621346986182,145.32970242374944,146.07141984288853,2087000
2017-01-19,147.41580200195312,148.22241224055676,146.40521908164283,147.29526883173946,3144000
2017-01-20,147.90716552734375,148.62106981026926,146.70187644044037,148.1667645125742,3384500
2017-01-23,146.34027099609375,147.8793320161381,145.83033943558726,147.3601341171067,3931200
2017-01-24,148.8528594970703,149.20516433070443,146.34029493184048,147.02638606611157,3927500
2017-01-25,155.16668701171875,156.36269551880886,151.34686154262812,151.67135317541135,7480000
2017-01-26,156.79847717285156,157.6143678393222,155.06472365368612,155.06472365368612,5436800
2017-01-27,155.48190307617188,157.4289093456291,154.84217204057646,156.88189828365802,4883200
2017-01-30,153.50711059570312,153.89650905265933,151.88460995151075,153.83160223629184,5456300
2017-01-31,151.5137176513672,153.07132535362277,151.32829186819117,152.9415258906915,5350700
2017-02-01,152.023681640625,153.72962184559515,151.2356042099277,152.2832806219429,3138000
2017-02-02,150.43826293945312,152.02368416685334,149.10318850495423,151.32832670953607,3791700
2017-02-03,150.5680389404297,151.64352836858112,150.48459945387006,151.11506413995525,2981700
2017-02-06,152.03292846679688,152.12564843983125,150.54950792781835,150.5865874287831,3110500
2017-02-07,154.36932373046875,155.22229367144988,152.8580759740896,152.97860910226632,4243200
2017-02-08,153.18174743652344,154.5189742085782,153.06953779115025,154.29454064905698,3041600
2017-02-09,153.62124633789062,154.37868994275084,153.4155191527713,153.9859419353705,3451100
2017-02-10,155.44471740722656,155.65044458319,153.79891426829246,154.5283054307907,2689700
2017-02-13,157.1279296875,158.10046072783837,155.55693776371623,155.65044103416633,3765000
2017-02-14,157.56744384765625,157.8479822097451,156.37049348693265,156.81934630501053,2580300
2017-02-15,158.3155517578125,158.92337302483088,157.4271921103338,157.4926429801355,4033200
2017-02-16,159.7275848388672,159.7275848388672,157.80124305846132,158.7270154878302,3070100
2017-02-17,161.50428771972656,162.0092453229927,159.3441524629841,159.35351277798998,4982900
2017-02-21,164.16937255859375,164.73979531351748,162.41134552333241,162.63577906042113,4231700
2017-02-22,163.98236083984375,164.34705643985546,162.7199453104632,163.62701128693902,2832100
2017-02-23,165.3850555419922,165.51597155891488,164.30031467676093,164.55280066253172,3502600
2017-02-24,165.9274444580078,167.19920630782792,164.67438897519636,165.28221034959344,4197200
2017-02-27,167.78829956054688,168.2091142854056,166.03028654665601,166.4510870027393,2892600
2017-02-28,168.536376953125,170.12607530123591,168.01271295786717,168.6392405428202,4785100
2017-03-01,171.97764587402344,172.80990076398726,170.0232516435925,170.05130405694598,5461800
2017-03-02,171.11732482910156,173.66084807324944,171.09861846544283,172.06178929663398,4909000
2017-03-03,170.35983276367188,171.66900685055666,169.67720044913955,171.11729051783564,3917500
2017-03-06,169.19097900390625,170.47210101871974,168.72341976593324,169.63048582910295,4244000
2017-03-07,170.21023559570312,170.97702517578946,168.90106142494255,168.91976778604888,2452000
2017-03-08,169.9484100341797,170.83676959185095,169.7146304522255,170.56557728627104,2321700
2017-03-09,168.85430908203125,170.7432376716194,167.9285368787025,169.65849707820286,3100500
2017-03-10,167.1056671142578,170.1635084950516,166.37627585187036,170.09804335338265,4595600
2017-03-13,167.43296813964844,167.56388415722483,165.58143752856068,165.66559476797926,3499000
2017-03-14,167.13369750976562,168.03141739763166,166.17988707307654,166.9560227415274,2346700
2017-03-15,167.1150360107422,167.61064768194345,166.42304317322714,167.3862141016957,3569000
2017-03-16,166.6287841796875,168.32134654808328,166.11446610036845,168.15303205054835,3100700
2017-03-17,168.41482543945312,168.67665744356444,166.61003955171364,166.7409555537693,5037400
2017-03-20,167.75094604492188,168.46163113296714,167.51716636570944,168.41488661214805,2062200
2017-03-21,164.54344177246094,168.55509347482138,164.11328102541555,168.31196782487592,3239600
2017-03-22,165.49725341796875,165.60947733075693,164.11328215629507,164.54344290630462,2505700
2017-03-23,165.7590789794922,166.3108096682183,165.13255137685235,165.83389016218004,2006400
2017-03-24,164.41253662109375,166.01158121794302,163.4306593715891,165.37570750589842,2386800
2017-03-27,164.67434692382812,164.99228373790024,162.4768130967369,163.05658190695942,2750700
2017-03-28,165.85260009765625,166.1518305660792,163.645720101536,164.8520165600237,2412600
2017-03-29,166.10508728027344,166.44173047770423,165.48790570685455,165.88999977304368,1640600
2017-03-30,166.432373046875,166.90929257495495,165.72168818165605,165.74974059286373,1737200
2017-03-31,165.3850555419922,166.61940452029532,165.33829676406785,166.46979640722344,2032700
2017-04-03,165.18865966796875,166.1985892523163,164.11327921537776,165.59076799976913,2934800
2017-04-04,167.1056671142578,167.18982435173896,165.2915350061953,165.40375892494558,2326500
2017-04-05,165.59075927734375,168.48961760365455,165.41308450768213,167.38618479868575,2567200
2017-04-06,165.86195373535156,166.65681011973004,165.6281741245079,166.03962852259676,2343600
2017-04-07,167.24594116210938,167.47036045899512,165.75909197636514,166.81578039511965,2806900
2017-04-10,166.03964233398438,168.2932813944838,165.9648311400385,167.3862152874575,2309300
2017-04-11,166.984130859375,167.01218327513504,165.47858938221924,165.9835471346769,2266300
2017-04-12,164.6276092529297,166.68486703012138,164.52474565063133,166.68486703012138,2922700
2017-04-13,164.2255096435547,165.40376810881398,164.16940481545208,164.3377335685361,2024100
2017-04-17,167.40489196777344,167.46099678608988,164.25353340751997,164.43120817803788,2450200
2017-04-18,166.31080627441406,168.29325263447805,165.6281595971081,167.00278472980116,2960200
2017-04-19,166.82510375976562,168.22778124968107,166.60068449339408,166.89056889163953,2124500
2017-04-20,167.66673278808594,168.15299835370448,166.7783731575262,167.14306876454648,2335200
2017-04-21,168.67665100097656,169.1909546737681,167.77893111490175,167.77893111490175,3146600
2017-04-24,170.2476348876953,170.62169076780052,169.82683450775323,169.95775049859682,3141900
2017-04-25,171.6035919189453,171.9215430552915,170.6871797782177,170.6871797782177,3735400
2017-04-26,169.92037963867188,171.1266761595684,168.42418441282678,170.4814421467824,4471600
2017-04-27,171.3323974609375,171.837355127729,170.74326829236853,170.74326829236853,3129100
2017-04-28,172.83795166015625,172.9314549475885,171.14538948173256,171.51943116901293,2181600
2017-05-01,170.55624389648438,172.5199982381363,170.004527466636,172.27685832284598,3516700
2017-05-02,171.5381317138672,171.97763852933622,170.68717049508462,170.69651654287802,1979800
2017-05-03,171.4913787841797,171.82802201029781,170.42534427960152,171.54748361040342,2983200
2017-05-04,171.19212341308594,172.29555621855434,170.35985438244714,171.43524904765346,2289300
2017-05-05,173.00624084472656,173.062359931512,171.27628045801092,171.27628045801092,2636900
2017-05-08,173.95071411132812,174.2967033241775,172.99688942841226,173.35223895648886,1963400
2017-05-09,174.78298950195312,175.0635278852316,173.97878707990148,174.0348919028022,3004000
2017-05-10,172.60630798339844,174.93373351275005,167.8949226005826,174.45317737978542,7060100
2017-05-11,173.3224334716797,173.68992092611674,171.65459915784726,172.34245734117692,2883800
2017-05-12,172.6722869873047,173.36014527797388,172.0880797578055,173.10574080074514,3479200
2017-05-15,171.86192321777344,173.48264101324557,171.75827215952785,172.71939884707712,3365000
2017-05-16,172.15403747558594,172.57805932991323,171.5321310876346,172.18230464067386,2156100
2017-05-17,168.4602813720703,172.1540054968464,168.3660479206093,172.1540054968464,2535700
2017-05-18,167.15997314453125,168.196483838155,165.34138501063882,168.17763426790475,3118100
2017-05-19,170.32601928710938,170.94792568176658,166.56634250979107,167.47092055837535,4038900
2017-05-22,173.06805419921875,174.6228202293866,171.98444115413963,173.1717052678966,2946800
2017-05-23,172.8984375,173.8124474755401,172.3047983011625,173.3789936650539,2123800
2017-05-24,174.5568389892578,174.69817480808638,172.87016924653534,172.87016924653534,2424700
2017-05-25,176.27178955078125,176.60157791936467,174.87720904668834,174.91490818356002,2363300
2017-05-26,175.8195037841797,176.7806305785501,175.51798254904958,175.95142202042587,1735800
2017-05-30,176.09275817871094,176.60158151276823,175.4425846455207,175.97967514380292,2231600
2017-05-31,176.79946899414062,177.39309383079043,175.94199332363607,176.5544677294202,5186700
2017-06-01,176.5073699951172,177.06331008606315,173.87840858537464,176.59217149142918,2870200
2017-06-02,179.24937438964844,180.63452292080044,176.81829766921854,176.97849743394372,3034300
2017-06-05,178.0432586669922,179.72994276081067,177.911340445521,179.09861881676943,2522100
2017-06-06,175.97024536132812,177.95845058283345,175.91371103679361,177.53442877081724,2725000
2017-06-07,177.24237060546875,177.65696055099048,175.63107005319608,176.06452394907413,2383500
2017-06-08,178.96670532226562,180.04091515492885,176.86543114951468,177.24235066396037,2340300
2017-06-09,179.0609130859375,179.9655054127171,178.32593811080724,179.03264592366384,3344900
2017-06-12,179.03265380859375,179.53205953476657,177.19521628984396,179.31533982178783,2730100
2017-06-13,180.0597381591797,180.50260957242025,178.42018511085,179.07977624397162,1882700
2017-06-14,181.27528381347656,182.2175609691711,179.80533375107444,180.02205347104183,2210000
2017-06-15,184.16807556152344,184.2623090325721,180.32358286648483,180.3801171979104,2894100
2017-06-16,185.10093688964844,186.5237702964894,184.50729764812772,184.6957502139728,6939100
2017-06-19,187.58856201171875,187.9560495745915,185.62862355039397,186.45783215503414,2726400
2017-06-20,186.88180541992188,189.62383503285375,186.86295585344632,187.27756004786983,3077400
2017-06-21,187.67335510253906,188.18219286094262,186.1562881796107,188.05969221947333,3151100
2017-06-22,187.92774963378906,188.841759583234,187.68274838259288,187.74871468191728,3339300
2017-06-23,190.55667114257812,190.66975415811393,187.21158496159254,187.75810733966392,4310100
2017-06-26,188.43658447265625,192.59203024400227,188.39889971217164,191.06554582922558,3077600
2017-06-27,187.40948486328125,189.3223061547922,187.40948486328125,188.26696044306394,2296900
2017-06-28,188.0973663330078,189.35059670951696,187.79584511155178,187.9842976722129,2096800
2017-06-29,186.06204223632812,188.2292680609403,185.11033316471273,188.09734984224212,2428900
2017-06-30,186.33529663085938,187.92774723124526,185.99607629954636,187.04200445626086,2225600
2017-07-03,187.12684631347656,187.92778777292176,186.3353368289963,186.6368724676615,1511200
2017-07-05,190.16098022460938,190.47193345997152,187.3812650562641,187.79586937008034,2716700
2017-07-06,189.8500213623047,190.8017306120872,189.19043014533324,190.0007891770439,2737400
2017-07-07,190.68862915039062,191.54610483866637,189.64270090089164,190.56614289350037,3090400
2017-07-10,192.18685913085938,192.77106637897884,190.51902450360478,190.64152513743963,2701900
2017-07-11,194.36351013183594,194.7309976421441,192.22453699337134,192.22453699337134,2815800
2017-07-12,194.523681640625,196.5684211677739,194.41061299260056,195.00423777273596,2817400
2017-07-13,194.3258056640625,195.05136306943834,193.4966115787836,194.86291052178439,1943600
2017-07-14,196.47421264648438,196.6815147795123,194.8063923644081,194.86292669559592,3229000
2017-07-17,196.93592834472656,197.61436905672898,196.52132408983525,196.68150948322352,2416000
2017-07-18,196.21978759765625,197.1149479630291,195.55076453334163,197.0395640700072,1942300
2017-07-19,198.7073974609375,198.75449981306025,196.92649433487537,197.34108417720117,2258400
2017-07-20,198.1420440673828,199.05605408133425,197.8028237077925,198.91471825567524,2235100
2017-07-21,199.89466857910156,199.9512029060798,197.3222560555376,197.86877851300682,2098400
2017-07-24,199.9323272705078,200.36578101750675,199.19735235960152,199.76272431168604,2392700
2017-07-25,200.1962127685547,201.6473132760869,199.71564221256006,200.9123382377512,2889000
2017-07-26,219.974609375,220.47401514055633,210.14666508443844,210.58010454457724,14140000
2017-07-27,227.08880615234375,228.67182495353813,223.0370112997499,223.44219797401385,10860600
2017-07-28,227.3431854248047,228.03104363803624,224.78019072623582,226.91916363248401,4602400
2017-07-31,228.46449279785156,232.26186804157402,227.86143607963774,227.88970324002227,5777300
2017-08-01,225.61883544921875,229.90619921200187,225.35499900640204,229.3314095948638,5018400
2017-08-02,224.21481323242188,227.6164338375903,224.14886131782075,225.2607412960057,5119900
2017-08-03,224.49752807617188,225.76017599007562,222.4150892753537,223.37621598173195,5112700
2017-08-04,223.98870849609375,225.89209799409366,222.73547815651463,224.8084850187174,5590500
2017-08-07,226.36325073242188,227.493980511817,223.5175839028462,223.88507144059983,3674700
2017-08-08,225.67538452148438,226.63651127054985,225.13827962765086,226.06172161585494,4871500
2017-08-09,222.101806640625,226.26307507027593,221.90275631397267,225.60902364088932,5680400
2017-08-10,220.74630737304688,223.85540907150414,219.82684592024714,221.83638338141097,6817700
2017-08-11,222.64212036132812,223.13501653878802,218.90740272020255,220.63256826884185,3461700
2017-08-14,224.79383850097656,225.1066463450599,223.43835230704707,223.71323615949095,2953500
2017-08-15,226.7085723876953,227.1540852303672,223.71321375383081,224.8507019688522,2851100
2017-08-16,225.21090698242188,227.74179093603084,225.0402924178876,227.21097078357172,3012700
2017-08-17,223.3151092529297,225.22039197879818,222.99282765981508,225.01185342707362,2810900
2017-08-18,223.4857177734375,224.89807528699083,222.3482440726103,222.75583290937024,2939500
2017-08-21,223.40042114257812,224.59478095686927,222.13973050445998,223.48574288914497,2545400
2017-08-22,227.25836181640625,227.3910668505952,223.80801646372961,223.8554142181751,2915700
2017-08-23,225.6848602294922,226.88869382657637,224.8317584618429,226.88869382657637,2518300
2017-08-24,226.30096435546875,226.45261690269177,224.27246509076792,226.09242583130455,2553100
2017-08-25,223.59947204589844,226.63274022185672,223.32458821935248,226.54743294435247,2270300
2017-08-28,224.82225036621094,225.17298216465406,222.38616208973042,223.9122771562951,2395000
2017-08-29,227.95980834960938,228.6043715185958,223.77957812518076,224.8507066154971,3535500
2017-08-30,227.93138122558594,228.86031648939863,226.54744486361798,228.4337656156719,2801100
2017-08-31,227.1730499267578,228.53802423001054,225.98817840848477,228.44322872304323,3075800
2017-09-01,227.8081512451172,229.8935223336435,226.7085869473211,227.173061813743,3270700
2017-09-05,224.65164184570312,227.83657709345857,223.9217569341565,227.77970557428213,3866600
2017-09-06,222.3956298828125,225.4668219272761,222.13021983173377,225.15401412484124,4252700
2017-09-07,223.99758911132812,224.21560142145853,222.0828326824824,222.5188717665069,2994500
2017-09-08,226.33889770507812,226.9171155895418,222.95491214080948,223.4667702770699,3404200
2017-09-11,228.0546112060547,229.24897107799165,226.84130380175677,227.02140660554187,3628100
2017-09-12,228.04513549804688,229.11626408169116,226.5000582616418,228.05460926414668,2702700
2017-09-13,229.32476806640625,230.79401165383916,224.73694898141798,227.49533336983046,4529100
2017-09-14,232.45281982421875,232.81302537857874,229.86506459023187,230.33901317701583,4995200
2017-09-15,236.0264129638672,236.92691244989217,233.38178602603907,234.471862067475,9033300
2017-09-18,239.8938446044922,240.56684357146995,235.94111469496033,236.94588349440178,5193000
2017-09-19,239.30613708496094,241.8749304359926,238.51938066144447,239.89382872941943,4124700
2017-09-20,242.1498260498047,243.31573556063935,239.10706966151304,240.06444063040806,3853200
2017-09-21,242.69961547851562,243.6001004927608,241.1640121266991,242.78492275812658,2809400
2017-09-22,243.08824157714844,245.78972537806968,242.7849075391943,242.95552208772125,3475600
2017-09-25,241.06919860839844,243.58112015033288,238.39612183055544,243.58112015033288,3479200
2017-09-26,240.48153686523438,243.11670460834722,240.32986982924314,241.33465309486166,2173600
2017-09-27,241.97921752929688,245.28736979401492,240.7374744013213,241.96974376341112,3840100
2017-09-28,241.02183532714844,242.47211694762336,238.0833480968809,240.87016829740577,2586100
2017-09-29,240.9649658203125,241.96024635987538,239.4293624429241,240.6237222324222,2531100
2017-10-02,242.65220642089844,242.65220642089844,240.32037297380694,241.3820131962157,2685100
2017-10-03,242.1498260498047,244.80394111323028,241.41994115301586,242.65221041072382,3163400
2017-10-04,242.4341583251953,243.732787194175,240.8322243675872,242.77540186148576,3031000
2017-10-05,245.40115356445312,245.49592015539585,241.50528049717798,241.97922916201486,3940200
2017-10-06,245.10723876953125,245.41057280812035,243.6664454775221,244.5574711361738,2736400
2017-10-09,244.92718505859375,245.50538849764092,243.7138488044715,245.50538849764092,2146100
2017-10-10,247.3347930908203,247.45802434707218,243.79915528233963,246.20679318324164,2740700
2017-10-11,247.81825256347656,248.01730288081424,245.5243285532223,247.7045095249979,2890300
2017-10-12,248.26376342773438,249.27802039192616,246.4532762730407,247.35379019966467,2577900
2017-10-13,247.1547393798828,250.04584357901038,247.1547393798828,249.20220107414906,2243900
2017-10-16,246.21629333496094,248.3490619971502,246.15942181817132,247.87511340555258,1818900
2017-10-17,245.1451873779297,245.55277626148748,242.90816370558832,243.1261615641044,2515900
2017-10-18,246.4912109375,247.14526235937063,243.28731357877803,245.00300530063328,2051700
2017-10-19,245.54327392578125,245.60014543782071,242.69009438586485,245.48640241374179,2589200
2017-10-20,250.95570373535156,251.03152275908073,245.92237352137653,246.79442246809137,3955900
2017-10-23,248.65240478515625,252.12171206899282,248.48179022878577,251.3159936494291,3302400
2017-10-24,252.14065551757812,253.28760303131523,249.52444998547435,249.52444998547435,4401600
2017-10-25,244.95562744140625,252.14067608442087,241.23985738152297,250.98424024753402,7895300
2017-10-26,245.7613067626953,247.81825649961405,243.90343627380386,246.18787209129312,3419100
2017-10-27,243.0977020263672,245.9793175454899,242.4721008817172,244.80393430227357,2899200
2017-10-30,245.7423553466797,246.84191959793344,242.02659996387817,242.1403430023652,3025900
2017-10-31,244.5385284423828,246.3869106135648,244.0550916167917,245.82765474059013,2742800
2017-11-01,245.03143310546875,245.89402305308147,242.88917611628713,244.83238278756664,2929500
2017-11-02,248.94625854492188,249.52446198023176,244.55748966401964,244.8513354963129,2529900
2017-11-03,248.11207580566406,250.04579406637797,246.52907485751314,248.74717961606655,2610800
2017-11-06,250.31121826171875,251.98898587649413,248.85144848733628,248.93675576325438,2911600
2017-11-07,252.26385498046875,253.35393083891583,250.31118930637444,250.31118930637444,3205400
2017-11-08,251.73304748535156,253.67622502874704,251.46763744633864,252.27335579147507,2841800
2017-11-09,250.3511962890625,254.21080512732465,247.35878522292984,252.5526071202238,3215900
2017-11-10,248.58822631835938,250.16065892930743,247.39698508536267,249.78897770475425,1740600
2017-11-13,250.0843963623047,250.98018288444356,248.24509805966417,249.36965172517972,2604100
2017-11-14,249.4553985595703,250.0652988135406,247.96873215441775,249.68410751943023,2358200
2017-11-15,250.50367736816406,252.32389713461174,247.9210749829991,249.13139447107946,2510500
2017-11-16,251.3042449951172,252.58125201977157,250.9611524202499,251.36142224375575,2710200
2017-11-17,249.93191528320312,251.3423260944701,249.71271645681497,250.46558895498532,1724800
2017-11-20,252.19052124023438,253.13397492508892,250.40842913193754,250.63713812631784,2447400
2017-11-21,254.43954467773438,254.44908391254134,252.26672220315083,253.7248000600025,2267100
2017-11-22,252.68603515625,254.90652466721252,252.09518427341155,254.44907765322523,1471400
2017-11-24,253.38174438476562,254.03931177991564,252.09519821673152,252.79089346924738,788900
2017-11-27,253.09585571289062,254.29663614048766,252.27629573300098,252.90527457207386,1772200
2017-11-28,255.39256286621094,255.4116413377197,252.76232218819237,254.4491091836744,2262100
2017-11-29,256.6409606933594,257.0031026265708,253.63903905794712,256.8125215080088,3029100
2017-11-30,263.78839111328125,264.01712915802017,256.76483894488405,257.2222859513301,4820300
2017-12-01,258.6231994628906,265.6277025963614,257.87986621707535,264.46505017772387,4592500
2017-12-04,264.9034118652344,268.58195014234457,263.02601487113,263.17849721029455,5523000
2017-12-05,262.5876770019531,266.3043435688436,261.93961971403087,265.8945635936686,2806100
2017-12-06,265.1893615722656,266.01848994307124,261.1200917797527,263.5788010153021,2538100
2017-12-07,268.71539306640625,271.402839863218,264.7414001151179,269.5159035644501,4264400
2017-12-08,272.4606628417969,273.8139255491226,270.2306629576419,271.6125142884939,4440500
2017-12-11,269.84942626953125,273.0228792798067,266.7426606475873,272.7560424773902,4065200
2017-12-12,276.3107604980469,279.0363062000864,274.19511512164513,277.6449447257248,5517600
2017-12-13,278.1214294433594,281.9429400727873,276.08203987054833,276.8444225162091,5003300
2017-12-14,280.0655212402344,282.8673223240759,278.84569165212207,279.5604362330402,3913400
2017-12-15,280.12274169921875,283.39150044034864,279.2459754148188,281.9620110579615,6933500
2017-12-18,282.2193298339844,283.1723227288116,280.6754569146148,282.0858968688517,2901600
2017-12-19,283.27716064453125,283.5916355284412,280.3514652434796,282.56241591624394,2728400
2017-12-20,283.8966064453125,285.2593794436799,283.14373383852734,284.65901828858796,2533700
2017-12-21,281.1614990234375,284.3635703464179,280.30381121509777,284.03952716169977,5398300
2017-12-22,281.2282409667969,282.5814747443864,279.23648908074017,282.4004037471959,2257400
2017-12-26,281.4759826660156,283.4582242808674,280.7993658173768,281.6475434994616,1394700
2017-12-27,281.7237243652344,282.8482488792579,280.94226329628975,282.47659681375575,1447800
2017-12-28,282.4194030761719,283.02930330391945,280.8850696483297,281.90477885558187,1436800
2017-12-29,281.0471496582031,283.32478764730286,280.9708939369822,282.9817241509175,1824600
2018-01-02,282.8864440917969,283.02938722794903,281.5141318186582,281.84768519170586,2978900
2018-01-03,283.8012390136719,284.46834559467777,281.580778626837,282.02868639796225,3211200
2018-01-04,282.72442626953125,284.39216390251653,281.5808231165554,283.9347168247189,4171700
2018-01-05,294.3222961425781,294.36996323292874,282.772027931123,282.81966593844106,6177700
2018-01-08,295.5707702636719,296.2473871438518,291.3776069209913,294.15082001403056,4124900
2018-01-09,303.46148681640625,304.8719266139948,295.8947217452268,295.9900268407316,5641300
2018-01-10,305.20550537109375,307.0066467693733,300.6692500104819,302.5656965122179,4479300
2018-01-11,312.696044921875,312.96288178696096,306.0918106987201,306.98762640644514,4635300
2018-01-12,320.40570068359375,321.0442186552089,314.8497654641245,314.8497654641245,6559300
2018-01-16,319.40509033203125,331.3842175578264,315.7551113930524,323.9222671802264,12305500
2018-01-17,334.5100402832031,335.67269276070783,320.59633841161536,321.8542959937748,9699900
2018-01-18,324.1700744628906,334.3384926110129,323.2075423091806,334.2146279614283,9458600
2018-01-19,321.8542785644531,327.8295331315816,319.9673422933969,325.60907263684703,7264400
2018-01-22,322.111572265625,325.3326926415665,316.4317432174448,319.5289698738451,6792900
2018-01-23,319.8148498535156,323.00738154604403,319.0715166337864,322.43558005016797,4537800
2018-01-24,318.95721435546875,323.05507242772455,318.4330798635652,320.3962430237291,4205400
2018-01-25,326.98138427734375,327.4674199693337,319.53851195669404,320.40573899711114,4747500
2018-01-26,327.0862121582031,329.7164817711253,325.20881505158036,328.14402027807495,5236300
2018-01-29,324.7990417480469,328.2869991939154,324.1128857081541,325.18977232050304,3324900
2018-01-30,321.8352355957031,323.99854816901166,318.45212231324064,323.22662621911985,4983100
2018-01-31,337.7120666503906,344.00182518479016,335.09133635131025,343.5539173885351,11409600
2018-02-01,340.1612548828125,344.4592617492762,335.4915959447677,336.35882288916685,6067600
2018-02-02,332.50872802734375,338.50306100318625,332.3086076785668,337.35945798696645,5486100
2018-02-05,313.4202880859375,333.5474920987237,302.47040972332434,326.5620674178765,10511300
2018-02-06,324.8848571777344,325.609141186729,302.7182300049287,304.95776944086793,11935100
2018-02-07,331.7558898925781,336.9687623162864,323.89369832069667,324.51313790066195,7946700
2018-02-08,315.71441650390625,334.2362741486789,315.4654059156404,333.27857708808097,8295900
2018-02-09,318.7503662109375,323.51970908768556,305.7448502788283,319.4399094072553,8833000
2018-02-12,329.25628662109375,333.03920226266814,320.95306823998834,322.3321545501026,6885000
2018-02-13,328.64337158203125,333.16370349277037,325.8947853200227,326.04802037777984,4030200
2018-02-14,330.2618408203125,332.7326864040947,326.73752261298165,326.90031474817835,4340200
2018-02-15,341.3807373046875,341.46692654589356,333.3265003083097,333.7287459938704,5827500
2018-02-16,340.02081298828125,344.2921342027313,338.55553748048794,341.5052319179875,5211600
2018-02-20,338.40228271484375,342.65446025970897,336.5347616428677,337.1093857593678,4303400
2018-02-21,337.4637451171875,345.54671152222414,336.86997755156125,337.6457099165372,5258600
2018-02-22,340.863525390625,342.9225680729011,337.72228043386986,339.64723150884043,3414300
2018-02-23,341.5722961425781,343.59302326073066,338.1341666083272,343.0279854045657,3355400
2018-02-26,348.103759765625,348.64962491191574,343.0566772372397,344.29211470572255,4148100
2018-02-27,349.21466064453125,354.24257007501825,347.93132089906135,349.1763445797098,4774100
2018-02-28,346.88751220703125,355.88030339950734,346.88751220703125,351.2833390705973,5472900
2018-03-01,334.8971252441406,347.3950616044135,331.7462933758272,347.0024022580743,8978000
2018-03-02,330.0895080566406,331.4494217189894,321.1158607076919,327.3600651807951,10021300
2018-03-05,337.8276672363281,339.76220494385973,322.37042131757033,323.70163437527685,8140200
2018-03-06,334.15966796875,340.1835613777282,331.3823231389582,339.25459406898835,4888300
2018-03-07,332.3592224121094,333.6712628127708,325.13817781993663,327.07271551396184,4575700
2018-03-08,333.9777526855469,337.58826058211184,329.39996127139807,334.7247553271327,4319900
2018-03-09,339.52276611328125,339.8771385913973,335.41426658844125,337.7318772086183,3538300
2018-03-12,329.6297607421875,340.2027447029108,328.7391094709846,340.17401495953635,6088800
2018-03-13,324.34332275390625,333.16370575989254,323.3281368360323,330.71200327229286,5443800
2018-03-14,316.2890319824219,326.11498368280314,308.6657425442699,325.41588355260313,13057900
2018-03-15,316.02093505859375,318.83656718682664,309.25000878705276,318.2427703678216,8766000
2018-03-16,316.49017333984375,316.8349302796415,311.8549227141139,315.86767604747746,9329000
2018-03-19,317.7255859375,319.2291481092957,312.95624405773543,313.5979139475551,6328900
2018-03-20,323.3473205566406,325.3297608378327,316.9977832432169,317.8022454095122,6500500
2018-03-21,322.8396911621094,327.4462117737704,320.99134281410306,322.8109614188044,4056300
2018-03-22,306.0896301269531,318.60674126547445,305.5150351092699,316.1454521088532,7282200
2018-03-23,307.4208068847656,317.1318707011083,304.85418535568795,306.60675840439256,7237500
2018-03-26,315.0535888671875,317.8979501768824,309.90117423921686,316.4997207154392,5392900
2018-03-27,307.53570556640625,320.7136277643928,305.5053922751904,317.4861930300924,5355500
2018-03-28,306.48223876953125,309.56602483553087,298.0066421701015,308.23484096294567,5634700
2018-03-29,314.009765625,316.49978421421014,308.37850135871537,309.7001281836515,3652100
2018-04-02,308.79986572265625,315.98259421596964,303.752812356263,311.4431191607066,5024900
2018-04-03,316.8253479003906,317.09350190770095,309.4223391167742,311.02170606413574,4783100
2018-04-04,313.5883483886719,313.9426916480342,298.68658348838505,299.08879991327325,8235700
2018-04-05,322.1693115234375,324.6210138596974,316.28906629129136,316.60509348727135,6220000
2018-04-06,312.3241882324219,320.4358842191495,308.57958888850465,316.6242390607029,5713600
2018-04-09,308.83819580078125,320.7136349364283,308.4263638029362,318.1948866875966,4931700
2018-04-10,320.6657409667969,322.44707295857546,315.60910091433374,317.33297341217747,5552000
2018-04-11,313.5117492675781,323.2898589692579,312.50617887286506,317.57240537204393,4573500
2018-04-12,323.20367431640625,324.03686623699,316.4806210023987,317.9363395087982,4325000
2018-04-13,315.35052490234375,325.3010125884297,312.7839034853882,324.64975629662143,4733500
2018-04-16,317.73516845703125,319.12384099560387,313.7703175097268,318.281062839223,3901400
2018-04-17,322.47576904296875,325.36800376664,319.5356319282861,320.56996116434067,3381800
2018-04-18,326.5747375488281,327.915507752096,322.91632731615556,324.0176732250328,3117500
2018-04-19,326.22998046875,327.9250939508111,323.22279730358787,325.7990050483725,3006800
2018-04-20,324.34332275390625,326.9578173981939,320.87643434843267,326.316176642731,3038000
2018-04-23,324.50604248046875,326.8236820409431,321.7861865536941,325.1859991555143,2765600
2018-04-24,315.13983154296875,332.9625912510024,309.60434301461356,328.65295394332315,7051800
2018-04-25,328.3560485839844,330.31934538365545,316.53806862083457,323.8165731999143,11023600
2018-04-26,328.2890625,331.02806272294595,324.01771153983674,329.4574543638515,5273600
2018-04-27,326.4598083496094,328.4135187141575,323.48135502274755,326.8141516179652,3390400
2018-04-30,319.449462890625,328.0878807668293,319.29622783757463,326.73755348835647,3721600
2018-05-01,315.59954833984375,319.7846804921472,310.466276070827,318.43432391212485,4313100
2018-05-02,310.4758605957031,316.7200358782527,310.2747523652144,315.5612304385423,3436100
2018-05-03,316.70086669921875,318.55880147213594,305.62989019911674,309.30744367625056,6383200
2018-05-04,320.28265380859375,321.68091270361623,314.1629841615877,314.1629841615877,3655100
2018-05-07,326.0288391113281,328.4709844198703,321.0296587372111,321.0488313855483,4192200
2018-05-08,324.0559997558594,327.4749858045035,322.3704433164293,325.39677000240624,4014100
2018-05-09,329.92669677734375,332.25389403921207,324.2571162981277,325.1286242873731,4347000
2018-05-10,331.1586608886719,335.48979682693107,329.5609494400933,331.08164646789476,3920400
2018-05-11,329.60906982421875,332.45801601767346,328.2519770042898,330.8699093019208,2332200
2018-05-14,331.6591491699219,334.69093856224663,330.98543451184776,331.0912926287636,2520300
2018-05-15,329.2817687988281,330.9468602455423,327.49158034084974,330.1287510521304,3009100
2018-05-16,328.1749572753906,330.6677629019493,327.53008638577137,329.1663049135386,2230100
2018-05-17,331.22601318359375,331.8323474909181,327.4819730011581,327.69371858181506,2483300
2018-05-18,338.04998779296875,338.839194696721,332.23663258124753,332.6312507193216,4327700
2018-05-21,350.2638244628906,351.30328427057566,344.9990863976932,345.0086911719765,6785400
2018-05-22,341.6977233886719,351.158865195935,341.2164860866005,350.3407559079349,5389400
2018-05-23,345.73046875,346.10584791659124,338.4252905697381,339.06052728615975,4497500
2018-05-24,345.5283508300781,347.12606204941113,341.07208912675384,344.9990015958688,3932100
2018-05-25,346.5774230957031,347.0682944670869,343.65149252722574,344.6813472438041,2463700
2018-05-29,339.2530822753906,347.42448282499913,337.5013713265138,344.28680600145,4249600
2018-05-30,344.748779296875,345.4513963288819,340.8122617078696,342.3040855887956,2825200
2018-05-31,338.945068359375,343.43980842144845,338.42532383623256,343.43980842144845,4406300
2018-06-01,343.33392333984375,344.7102548997314,341.1587214533134,342.43882905592176,2657800
2018-06-04,347.1934814453125,349.7536674680386,345.38402445388243,345.49951670909803,2950300
2018-06-05,346.5870666503906,349.7343476307241,345.3839735485581,346.972050568499,2567800
2018-06-06,357.6170654296875,357.6555726385396,347.4437017045967,348.85854056287025,4488400
2018-06-07,354.7008056640625,360.427541969209,352.31385779599185,358.04059410113837,4517800
2018-06-08,355.6343688964844,357.48233307414364,351.74596324233096,354.3254175237878,3292900
2018-06-11,357.0203552246094,359.3206544044353,354.9606453390688,357.0781013548212,2468500
2018-06-12,356.7123107910156,358.7431473524615,354.1809980407603,357.3090403087017,2440400
2018-06-13,350.1964416503906,357.07813019888135,349.6574581432785,356.760526457061,3867600
2018-06-14,348.8200378417969,353.8441561461878,345.36472837438146,352.41004909959946,4039500
2018-06-15,344.4504089355469,348.0885616893757,340.20589249401434,344.7102664992513,9946000
2018-06-18,341.4282531738281,344.22905797293464,339.1471929179568,339.93642919242575,3363200
2018-06-19,328.3193359375,334.14232498112403,325.8650374184448,334.14232498112403,6857300
2018-06-20,329.8304138183594,333.9594379613903,327.68408494620076,333.0162023056538,4540000
2018-06-21,324.9891357421875,328.34816227099486,323.5839312286804,328.34816227099486,4048300
2018-06-22,326.1922912597656,328.1461136489494,323.9689771400874,327.6552421721076,3192000
2018-06-25,318.77154541015625,321.32209679474306,315.30663156110023,320.0419893444861,5006200
2018-06-26,318.8678283691406,321.8515055516971,318.07862150744296,319.91695154775226,3112400
2018-06-27,317.443359375,328.6080698973993,317.3856132524745,322.2846051293321,4578900
2018-06-28,322.09210205078125,324.87366759702394,315.0083034666372,317.6166012709867,3348000
2018-06-29,322.91986083984375,327.24136237319436,322.7754661526465,324.53681111043096,3108500
2018-07-02,323.4684753417969,323.7090940101687,316.96216652225127,318.28075212534566,2820700
2018-07-03,320.4366760253906,326.94301401490765,319.54158165627047,325.4896679039913,1464400
2018-07-05,320.67724609375,324.6233974087912,316.7503630669928,323.53579652680963,2427900
2018-07-06,322.08251953125,323.4877242460528,318.04974854124157,320.35004759936703,2105100
2018-07-09,329.0893249511719,330.1672917930916,323.88233389119046,324.83517433674564,3128700
2018-07-10,334.1326904296875,334.9411655805394,329.91704692193554,329.91704692193554,3278300
2018-07-11,327.8188781738281,331.4666653940312,326.4617853656935,328.90647924950736,3056900
2018-07-12,333.04510498046875,333.5937225853116,329.8785551290236,332.323248986432,2030700
2018-07-13,337.6264343261719,338.05953022292306,333.20867994496706,333.9786477874517,2272300
2018-07-16,342.7371826171875,342.96816710293734,339.1279031653898,340.6871071889838,2889000
2018-07-17,343.4879455566406,345.52838704237746,341.7169957884088,344.19053322778166,2730500
2018-07-18,346.7122497558594,348.2810587445037,340.9662749865508,345.52839537591314,3090100
2018-07-19,341.99609375,345.90376772922303,341.9287428496297,344.267549126508,2711700
2018-07-20,341.5822448730469,343.5938133519163,339.75354892611057,339.7920561360952,1816700
2018-07-23,340.0133972167969,341.6784888775013,339.16644422703854,341.6784888775013,1943700
2018-07-24,344.82574462890625,345.9807258317486,341.33198670371195,343.3627938947124,3182000
2018-07-25,342.5639953613281,342.9297110608641,332.53499643781544,338.3290833414828,7378100
2018-07-26,345.83642578125,346.68340824016803,341.93838551541995,342.04427300898357,3191200
2018-07-27,347.1164855957031,350.8605261794637,345.98077252880256,347.51110373706274,2914700
2018-07-30,337.8863220214844,348.84892153181175,337.3184655468009,348.4061620790947,3080400
2018-07-31,342.9297180175781,345.54765033186493,340.7737841254819,341.08178307360885,2728400
2018-08-01,339.52252197265625,344.4792598892923,337.347320152536,340.8026001637908,2717800
2018-08-02,336.6062316894531,337.56870623014277,333.0450641399446,335.5378696756438,2655900
2018-08-03,335.3646240234375,337.818922299931,332.6985801776959,336.38484466461756,2285200
2018-08-06,333.5647888183594,334.33475665625497,330.2442401011054,334.33475665625497,3251100
2018-08-07,337.5976257324219,338.906577189075,332.53499955279864,334.98929822022126,2267400
2018-08-08,334.7294006347656,338.4252994131123,333.2568157357963,337.3473326076436,2333600
2018-08-09,332.4563903808594,335.4741441076785,331.8760463139652,334.729387424305,2301800
2018-08-10,328.28765869140625,329.82555141543355,325.4246651023854,329.82555141543355,2745700
2018-08-13,327.27203369140625,330.9378448330979,326.2854694010087,328.47141934834076,1877200
2018-08-14,328.0265197753906,329.0034023709924,326.5563107310718,328.00715627689493,2017300
2018-08-15,320.88836669921875,326.09207096996295,317.28058668372336,325.54074255818614,3798600
2018-08-16,334.6423645019531,336.3253358521811,327.2140130387318,327.94911754459116,5867900
2018-08-17,335.0486145019531,337.07980430514584,330.4736334667353,334.6617282340903,3069200
2018-08-20,339.24639892578125,341.0551151462805,335.72569543338545,337.17654110983267,3018200
2018-08-21,342.1770935058594,342.8348326218003,338.1727749343281,339.4978758809161,2967200
2018-08-22,338.55963134765625,344.2082529347294,338.3758552234898,342.7090577297157,2682900
2018-08-23,336.0932312011719,338.8014645236916,334.1394068950767,337.70848944504024,1833400
2018-08-24,337.93096923828125,339.1400072646261,336.6929154800054,337.34094333230945,1954100
2018-08-27,342.1480712890625,343.3667910352477,339.5075511957003,340.57148101868756,2279500
2018-08-28,339.70098876953125,344.0245099432393,339.12064461193035,343.3668003394723,2475100
2018-08-29,338.71441650390625,340.8036377122704,337.76652008457006,340.7165905182797,1850100
2018-08-30,335.5321960449219,339.449496597442,334.41988706736447,338.86915249512117,3257700
2018-08-31,331.5569152832031,334.51663792975313,330.38654525292776,333.7428359034311,3462700
2018-09-04,334.90350341796875,334.97121662561,328.1619068038431,330.4058882647419,2699400
2018-09-05,335.3194274902344,335.87075590162334,331.91478711359684,334.4392442854369,2959000
2018-09-06,339.7590026855469,341.77085839231694,335.22268987226255,336.1609045152932,3585900
2018-09-07,337.8342590332031,338.54034790606784,333.17220106079407,337.3893412797359,3921900
2018-09-10,330.6573486328125,339.2560404918092,330.4832542564673,338.0373208223382,3065500
2018-09-11,333.9363098144531,335.26141079605316,326.25649775014915,327.9008013071529,2731800
2018-09-12,341.82891845703125,343.40550882062547,333.3172727471596,333.6945067928185,4003800
2018-09-13,343.81170654296875,348.60919053527084,342.68971574723014,344.68220799142125,3166500
2018-09-14,348.009521484375,350.3889297628371,344.4307863511531,344.75964117847406,2835800
2018-09-17,344.2953186035156,349.4603253026679,342.9218679905259,347.50653055681784,2554500
2018-09-18,351.66558837890625,353.8225226287584,344.43072444317403,345.591383122008,3003500
2018-09-19,353.2518615722656,359.0649252891445,351.28838518713,351.6655896659353,4753400
2018-09-20,355.4184875488281,359.5485803994572,353.6871663219785,356.65654132551435,4011100
2018-09-21,360.03216552734375,360.36102030581196,354.0546595024571,357.2948870939472,7144000
2018-09-24,355.9311218261719,359.7033441737488,355.2927461906978,358.84249490972854,2800200
2018-09-25,355.19598388671875,358.32011877823027,354.85744738756205,356.9853362782855,2969200
2018-09-26,353.068115234375,356.4824373995501,352.38138990846966,355.45717552678,2368600
2018-09-27,355.35076904296875,356.8789799935832,352.4587302523181,356.32765161517017,2355900
2018-09-28,359.71295166015625,361.9569330964673,354.2190905030032,356.55011912638753,3600500
2018-10-01,369.76251220703125,370.6523476315606,362.71139443431997,362.8661548380488,4755700
2018-10-02,373.7087707519531,375.8850389529475,367.3250447921976,368.3696700584898,4622600
2018-10-03,379.4444885253906,381.3596154164432,374.0183399437038,376.1559109439867,4794300
2018-10-04,377.21014404296875,378.2741033012715,372.6641792375324,377.935566784876,3822300
2018-10-05,373.8055419921875,379.53155907233736,370.4782669824773,376.2526337766662,2899700
2018-10-08,373.1284484863281,374.0570108923512,364.98438531650845,371.2617009600484,3324000
2018-10-09,372.80926513671875,374.1440477306054,368.6501864758648,371.7743215872527,2862700
2018-10-10,355.42816162109375,371.2230213032356,355.06060934075407,370.4105512971042,6033100
2018-10-11,346.3748779296875,357.73018334195535,343.46353438368277,351.53023269323967,6266800
2018-10-12,348.3093566894531,355.089651852521,340.7166209765112,354.01604017979827,5509700
2018-10-15,347.11962890625,350.6693477218238,343.850385636466,347.68060951535693,2979800
2018-10-16,356.1826171875,356.49213801916164,346.80046991078285,348.63823140031695,2822500
2018-10-17,353.522705078125,356.4243962278771,350.8144718120346,355.94078103625174,2238200
2018-10-18,347.57421875,355.70862922138946,345.0690957823706,352.8649697408314,3254900
2018-10-19,344.58551025390625,348.0771978143362,342.6026702319954,348.0094846024231,3491600
2018-10-22,344.314697265625,347.0035966660163,340.9100272789218,346.12341343729605,2263500
2018-10-23,338.5789794921875,341.9739675393112,331.5955750342968,338.04701459525785,4389600
2018-10-24,343.02825927734375,352.6522136715527,340.16526552636225,349.74084068951476,8442600
2018-10-25,351.8493957519531,352.4491034011039,343.3377799477581,345.5914138161942,4003500
2018-10-26,347.4968566894531,351.39479403766484,342.51562601134583,348.88001860077685,4073000
2018-10-29,324.5927734375,349.85682108427596,317.8608596314923,348.73483053035426,7462000
2018-10-30,338.4435729980469,339.54620024039826,318.96353971373895,319.52454984272117,5774000
2018-10-31,343.2313537597656,351.5011911055921,340.9583860120365,340.9583860120365,4175600
2018-11-01,351.17236328125,352.6232089426805,341.62580355184235,345.75586690840345,3760700
2018-11-02,346.0266418457031,359.3647560255015,345.0690932887197,354.9445064444821,4029800
2018-11-05,350.1180725097656,351.3851419784846,344.7983052840653,347.97081983069086,2253900
2018-11-06,354.46087646484375,356.3663212679689,350.2437371595027,350.5339239495748,2471900
2018-11-07,359.8290100097656,360.6318276984643,347.719297130985,355.59256603833023,4015300
2018-11-08,360.2760314941406,363.1231258102083,355.2037727355707,358.876785653581,2751800
2018-11-09,358.8865051269531,360.49952542992446,355.75764013518153,357.4192334183214,2590300
2018-11-12,346.9249267578125,359.9942613116869,345.9143537261117,359.7318841825314,3088700
2018-11-13,339.61773681640625,345.32159193105497,332.3591609882284,339.6565833352169,4960000
2018-11-14,334.96331787109375,345.7783078637442,334.1568225849193,342.1247184524495,3445800
2018-11-15,331.9024658203125,338.1310455426296,326.98568264049453,331.4651904215356,4863000
2018-11-16,326.4415588378906,330.5615438692168,321.78712276277747,329.4052222800568,4425200
2018-11-19,311.85638427734375,326.5290124015612,308.22224760739806,326.05286078829243,6782800
2018-11-20,308.70806884765625,313.0612513023103,288.21495832723787,293.54959364089524,6875900
2018-11-21,308.3388366699219,317.63798219230705,306.63836726453377,315.86948689378346,4401000
2018-11-23,303.4803466796875,308.02788051164623,303.0430712653777,306.0844869437494,1599400
2018-11-26,307.4059753417969,309.572869810177,301.8673215555744,306.62862978880037,3362300
2018-11-27,309.0287170410156,309.54371513373667,302.1588138832632,306.3565509713847,2946400
2018-11-28,324.0609130859375,324.55648798947925,312.62405135645633,316.5011124615704,6117600
2018-11-29,332.8644714355469,333.5155213744393,324.60504818891343,326.46099273573475,5331900
2018-11-30,336.94561767578125,337.7423865759208,327.9476951290863,332.2620316239802,5374000
2018-12-03,349.7720031738281,358.55615133619534,346.2836149076354,353.9988905634366,6573400
2018-12-04,332.80615234375,348.17840276016807,332.0676532901987,346.8957558736314,5199100
2018-12-06,322.50616455078125,324.1872107035131,308.3193852273343,320.6502200895802,9297400
2018-12-07,314.0718688964844,328.05457167570916,312.29367664156115,322.94346621641927,4526300
2018-12-10,317.1132507324219,317.93919892787784,306.5800611741361,312.1770144737787,4400500
2018-12-11,312.9155578613281,325.02289317758004,309.72839315090135,323.8179984863933,3566400
2018-12-12,317.443603515625,322.5061351187531,315.47106036212614,318.1140766240693,3424800
2018-12-13,316.2581787109375,319.4356167727863,314.994984652472,319.1052433983236,2247700
2018-12-14,309.72833251953125,314.74229120207184,306.6286175802058,313.32362228011385,3298400
2018-12-17,307.18255615234375,317.95867158009696,305.54038596338205,307.94047857387704,4968400
2018-12-18,318.7748718261719,322.69080901415697,314.05243928623776,316.248454041122,5881100
2018-12-19,310.5057067871094,324.0414660186735,307.15337055237836,320.0089004949749,4871500
2018-12-20,304.18963623046875,312.7114351602592,299.28257981899435,308.0278500085104,5368600
2018-12-21,295.9302673339844,306.0553616793808,295.4055723794899,300.34177938865116,7641700
2018-12-24,285.8343505859375,294.424147230506,285.8343505859375,292.1406536892054,3435300
2018-12-26,305.0447692871094,305.20024433355917,284.1921642635478,290.15836719516403,4843400
2018-12-27,308.1639404296875,308.1639404296875,293.6856342436136,300.2931903411787,4341100
2018-12-28,307.4254455566406,312.42967826353095,306.2302477891599,310.69033264756314,3725200
2018-12-31,313.37225341796875,314.4800021290086,309.7283900061319,311.42885959832245,3557700
2019-01-02,314.6451416015625,314.78119338877127,304.8309978920488,307.2408166556756,3292200
2019-01-03,302.10052490234375,310.6903209339922,300.6429797230267,310.44739673743936,5705600
2019-01-04,317.8225402832031,319.14406320145184,307.13387669435707,307.7266270951845,4448800
2019-01-07,318.8233947753906,321.3303889050607,314.198138578763,321.1651874159028,4030300
2019-01-08,330.89190673828125,331.59152961328897,323.2349312878725,324.6536002983097,4736500
2019-01-09,334.0984802246094,337.3731231785814,331.2222661500944,333.2531087974314,4213900
2019-01-10,342.6300354003906,343.46571016834923,333.2920422691972,336.70270793441586,5358100
2019-01-11,342.91180419921875,344.3304732630758,338.2379448352681,338.69464352995385,3158900
2019-01-14,340.44366455078125,342.8243334879572,337.18850410919197,338.34482563252516,2476400
2019-01-15,342.2705078125,343.31995707446777,338.13109916804274,342.0373100448788,2940900
2019-01-16,342.0955810546875,344.9523720859596,341.60973264329886,342.5231300290162,2731100
2019-01-17,348.92657470703125,353.53240771127065,340.80320428994827,340.82262754914075,4270400
2019-01-18,354.4070129394531,356.92370429466587,351.09352302746976,353.5810646624999,4256500
2019-01-22,347.770263671875,353.891971038068,344.2041531770381,352.5898712872964,4336500
2019-01-23,348.46014404296875,351.9485613382885,343.65998956188866,351.6667609884235,2924900
2019-01-24,348.12982177734375,352.9008568967576,346.7986018297971,348.7517219987629,2801300
2019-01-25,353.8919677734375,356.5544073759155,350.1314764463743,352.2303449822358,3185600
2019-01-28,352.69677734375,352.8911285590352,347.3815948324678,350.44243372330214,3128900
2019-01-29,354.5818786621094,357.37064370058647,352.1526366907764,352.7939601296682,3202700
2019-01-30,376.74627685546875,380.8759881718687,369.73062491533716,376.43532676884354,12705300
2019-01-31,374.7056884765625,377.98030171378497,371.2658737474669,376.20210974462816,6878500
2019-02-01,376.4645080566406,381.6825154599816,373.84094432203705,375.18186108212245,5625700
2019-02-04,385.7636413574219,385.8316672524151,377.13496876582127,377.9609170017614,4256600
2019-02-05,398.57061767578125,399.1244920122927,388.2414751342335,389.40752324753817,7230400
2019-02-06,399.4742736816406,402.16589290705,394.17854369563514,399.86297614073044,5356000
2019-02-07,395.6802673339844,400.73893608738354,392.86771688802776,398.3756033423541,5211400
2019-02-08,395.4263916015625,395.4752086039062,388.4829031870104,390.63138774070813,4570900
2019-02-11,394.4888916015625,400.23114806867727,393.25839317148996,398.54168636057915,3046900
2019-02-12,401.1003112792969,401.57882519375806,395.9049066547102,397.4674381707345,3263300
2019-02-13,400.96356201171875,403.05345417465236,398.12174498324964,402.85812656590406,3078700
2019-02-14,400.22137451171875,402.56515675490925,398.24866703309675,399.35220541414606,2724300
2019-02-15,408.1805114746094,408.25862464034645,401.79367982372986,402.8191051169447,4017300
2019-02-19,406.51055908203125,408.1512037412914,404.8308429396051,405.7683499159238,3051500
2019-02-20,411.6766052246094,411.95982130032235,407.3405948220547,407.36992078422475,3990100
2019-02-21,407.79962158203125,412.5165122492332,405.94412846236656,411.7059354351398,2880500
2019-02-22,414.1180725097656,414.52824856477946,409.32309863116546,409.8699801693115,3132300
2019-02-25,416.8720397949219,419.85062196062427,416.5302313755384,417.4775136678135,3276100
2019-02-26,416.77435302734375,418.95213358829363,414.31338618842324,416.0223983883755,2503700
2019-02-27,425.24127197265625,426.11041119211285,417.14542924221917,417.16497988268696,4603800
2019-02-28,429.6553955078125,431.0812213335587,426.8428451372737,428.424927072806,5063100
2019-03-01,430.29998779296875,435.5637598939369,429.8800662161222,435.5637598939369,5124200
2019-03-04,422.55572509765625,434.08911402186396,416.63766217035675,432.8390948181428,5971000
2019-03-05,420.0458984375,423.6885466141026,418.6005814731104,420.9443636825811,2844300
2019-03-06,414.51849365234375,421.88190374301564,412.194232099384,419.6357851581005,4159400
2019-03-07,412.6629638671875,424.176831479543,406.6863088631579,413.4442146614212,4893600
2019-03-08,412.6434631347656,413.51260245048974,405.76834255984363,407.00858645189385,3794900
2019-03-11,390.6411437988281,393.23884597554195,356.9882299464508,362.5742597077945,34742200
2019-03-12,366.6173095703125,380.86558519392247,359.380859875291,375.69947698842884,36922600
2019-03-13,368.3067932128906,372.82832618442364,354.820218048873,369.5665578947395,32662300
2019-03-14,364.55670166015625,371.48066868301373,363.3848254719303,366.20712152617125,13514100
2019-03-15,370.11346435546875,376.67607285795003,357.86719181467834,362.1934272788097,26697700
2019-03-18,363.56060791015625,364.3321131959298,358.5996027193208,361.3340103358745,13119200
2019-03-19,364.6836242675781,369.8985487682149,362.3203214915539,362.4472814379064,9856100
2019-03-20,367.3497314453125,371.88103968592173,364.9278063045753,365.92393533803374,8737600
2019-03-21,363.97076416015625,368.17003915780987,363.51177114203824,365.2793755771125,6951000
2019-03-22,353.6874084472656,361.19726884412506,353.0623839726225,360.15235261746756,10143900
2019-03-25,361.7832336425781,362.515667458619,354.3905576428059,356.45112380658645,7939600
2019-03-26,361.7051086425781,366.80284902747337,358.9902219120972,366.78329838588826,6479700
2019-03-27,365.4454040527344,367.83803311496547,356.98823131640023,363.17976475700345,9600000
2019-03-28,365.66998291015625,367.8379879393787,363.60938718913803,367.7793956253028,4921300
2019-03-29,372.4865417480469,373.2287210567865,365.9629754681075,367.7012838060932,7694700
2019-04-01,382.3695373535156,383.69766974953063,374.12721279318197,376.7639567450857,7735700
2019-04-02,381.5980224609375,385.5824493519004,379.4007209880338,379.4007209880338,6401000
2019-04-03,375.7287292480469,382.3694796341162,375.07443847027366,380.5530284810461,7350300
2019-04-04,386.58831787109375,387.76022389268616,376.08035436946295,376.94949366318406,9388100
2019-04-05,382.7503662109375,389.3227495900059,381.7933384501049,388.7465719087598,6857200
2019-04-08,365.74810791015625,370.9044403355138,363.1504059583518,367.38878216584715,14482600
2019-04-09,360.396484375,363.5215172284579,359.13668995261025,361.6172073184147,7980100
2019-04-10,356.3925476074219,360.1523806604081,354.4198698359926,359.7715007534892,8285000
2019-04-11,361.4902648925781,362.38870033292517,355.67961147904197,356.08001220023425,6598400
2019-04-12,370.74822998046875,371.0509668936293,363.28715686214616,366.94932578212746,7334600
2019-04-15,366.6661682128906,369.04902222125855,364.92785961362006,367.8771458615638,3822100
2019-04-16,372.7795104980469,375.6311325580845,366.24619857474465,367.6915453452853,7083800
2019-04-17,368.6778869628906,375.19167835967454,368.63884528278106,375.10378987521415,4424400
2019-04-18,371.1681823730469,373.2190030992119,368.6778894188431,368.6778894188431,4703100
2019-04-22,366.3829345703125,370.07439976172697,366.11923932626354,366.8907446136387,4147700
2019-04-23,365.2598571777344,368.0431116906041,363.88287800183446,366.74427547942963,4894500
2019-04-24,366.6661682128906,372.2229024583343,364.9083387719426,369.0392767018257,9855100
2019-04-25,373.8341979980469,375.7873547896831,364.0293723620545,367.2032521484634,6615000
2019-04-26,371.8713073730469,375.0061157773367,369.2833805033743,374.89870645576934,4259600
2019-04-29,370.1720275878906,376.2756425382437,367.93568452810257,369.6251460725636,5457300
2019-04-30,368.8439025878906,372.2131100283621,366.2657212764328,370.6115071283096,3732800
2019-05-01,367.9747314453125,372.271700273791,367.5645852043809,369.66422281663733,2765600
2019-05-02,366.9981384277344,368.8048143673946,364.5078755128017,366.7051768387329,2438800
2019-05-03,367.6427001953125,369.04897549112866,365.4551740919576,367.27159563074883,2953800
2019-05-06,362.89654541015625,363.7559391848371,357.0663710734958,359.2636725098833,4747600
2019-05-07,348.8631286621094,359.097651692667,346.7048688404776,357.7499686700181,9740300
2019-05-08,351.3240661621094,353.0525991359675,345.0544199571143,349.39043027395803,6030000
2019-05-09,347.8226013183594,349.315517833258,341.2812188695289,348.4413851947938,6075200
2019-05-10,348.3529357910156,349.20743530245477,341.35972593713757,345.6027890015511,4574100
2019-05-13,331.361083984375,340.4561633276864,330.99767886573784,338.37392753244677,7757800
2019-05-14,336.93011474609375,339.93561061496627,331.22359919301016,333.84602697367893,4747800
2019-05-15,339.4837951660156,342.58748579865056,331.62628374885367,333.74778545434333,4810000
2019-05-16,347.5082702636719,350.1503609390868,339.66059013894204,342.43037017379777,6036500
2019-05-17,348.69671630859375,353.5781966740335,344.9054812831279,345.2394219350579,5282900
2019-05-20,346.5064392089844,349.60032832762096,344.2866826470166,346.7126904904862,3219900
2019-05-21,352.36029052734375,354.3443014422412,348.5592240358271,351.6531132749201,4022600
2019-05-22,346.4966125488281,351.20130595729347,345.48495914106485,350.85753383398935,3841400
2019-05-23,344.30633544921875,345.2099625007033,335.0737650186216,339.75882564340145,5305400
2019-05-24,348.578857421875,354.96308568957977,346.71270438458237,348.6770823131069,5387500
2019-05-28,348.5592346191406,352.910324664207,348.5592346191406,348.96193570313966,3504300
2019-05-29,342.58746337890625,346.5064173240886,339.886444006018,346.3099675619048,4160500
2019-05-30,343.638427734375,345.65193297602065,341.74281033962757,343.7661170879948,2183900
2019-05-31,335.5255432128906,339.69004462396305,335.2799959824228,339.69004462396305,3217600
2019-06-03,332.8540344238281,333.07008722215613,324.78043989163695,332.1763216366201,5148000
2019-06-04,338.4819641113281,340.2400907918627,334.0621136671221,336.468488676357,3592300
2019-06-05,342.53839111328125,346.9582413211946,326.567989436999,340.05345430645997,3188400
2019-06-06,344.394775390625,345.37696441926715,339.42487132958763,341.97856879886336,2582300
2019-06-07,347.4002380371094,348.95208336466686,346.0251495499244,346.0251495499244,2470700
2019-06-10,347.4984436035156,351.03432987004334,347.2528963624238,349.6592713147349,2560800
2019-06-11,343.1080627441406,349.138717460953,341.9294539541061,349.08962000162904,2702700
2019-06-12,340.8490295410156,343.04912319359244,336.69435949891727,342.7839429681926,2738300
2019-06-13,342.64642333984375,342.8428731198164,337.9712243115817,341.065113514968,2621300
2019-06-14,340.9767150878906,342.95092444365633,339.72934592810395,341.8017501983827,2258400
2019-06-17,348.578857421875,349.7083687359709,340.8686680576105,342.410711925269,3746400
2019-06-18,367.2993469238281,367.9770596521824,351.23075115792483,351.24055266443395,9199200
2019-06-19,361.99554443359375,372.5540752791516,361.7892931539895,368.7137130212329,5716000
2019-06-20,368.2029724121094,369.0967678904767,362.38840104948684,366.35645252045174,3794500
2019-06-21,365.2171325683594,369.4110685597274,365.09927469117287,367.72173235468375,4923700
2019-06-24,367.3288269042969,368.8021102935425,365.4725054203415,366.3073720023862,2323200
2019-06-25,362.7420349121094,368.56640826737805,361.4750027574496,368.0753137860091,3005400
2019-06-26,368.2619323730469,372.2299841783195,363.4099164954289,364.41173844754985,4542000
2019-06-27,357.5364074707031,363.3411477082232,355.89616872487886,360.9937317259999,8980000
2019-06-28,357.526611328125,359.70707200856987,355.1300678784819,357.4382179190023,4737100
2019-07-01,350.1110534667969,358.72486946470605,347.0269958494563,358.3810973484541,6392600
2019-07-02,347.8520202636719,350.42535035507353,346.408201398966,349.29583912837774,3774700
2019-07-03,348.1565246582031,348.52976126185797,345.9858954318239,348.18598912827963,2164900
2019-07-05,349.521728515625,350.8869854778652,345.1706388705756,347.6948715441967,3208200
2019-07-08,344.8661804199219,346.67340449675976,343.17681422161263,344.1688346559421,3262300
2019-07-09,346.8011169433594,347.5475901891049,341.70355353945024,342.8330649159129,4828200
2019-07-10,346.025146484375,350.1699849491897,344.99386010215034,348.1761426292686,2946700
2019-07-11,352.6058349609375,352.8612136810105,344.45367862136834,346.3394646301326,5059200
2019-07-12,358.8230895996094,358.9409774562889,351.7611783558902,353.58803548502885,3592800
2019-07-15,355.1693115234375,356.3872461341695,352.6254458852071,354.0790962387786,4814600
2019-07-16,356.2890319824219,358.842729178204,354.76665114068123,354.82558007816624,2960400
2019-07-17,362.9384460449219,363.1643602916018,355.5523960123322,356.28903771677767,4010000
2019-07-18,354.67822265625,361.88751562778685,353.3424601271105,361.0526490600613,4582800
2019-07-19,370.6387939453125,371.6602788078995,361.9366145607736,364.0679776912637,9504000
2019-07-22,366.7690124511719,375.6676419779434,365.26626455026746,370.2263067791666,4265100
2019-07-23,366.42523193359375,369.72537235648707,364.07778599935835,367.6038406671867,3354900
2019-07-24,354.9925537109375,364.7456830298666,353.6174951420198,363.684932126424,7447900
2019-07-25,341.89013671875,351.3191563221913,339.55252229909803,349.83604146497765,9663700
2019-07-26,338.8551940917969,342.22409505958035,335.90862718665085,340.03383284346677,4441100
2019-07-29,334.1505126953125,339.91595735358965,333.07009879598627,338.845374935994,4116600
2019-07-30,341.2713623046875,341.30082677406494,330.5655088031429,333.787087342533,4528000
2019-07-31,335.10321044921875,345.03315607372974,334.9755210930438,342.28300909757775,5219700
2019-08-01,328.3359680175781,338.1578579821254,327.0689358194233,335.8202433747184,6465300
2019-08-02,333.5120849609375,334.4746409442244,326.4010463947808,328.60114010054673,4675400
2019-08-05,325.1634521484375,327.43230609076215,321.1364716969172,326.5385106022667,5876100
2019-08-06,326.5287170410156,329.720831017304,323.2776741277026,328.041266390019,3653300
2019-08-07,325.477783203125,327.7073413574459,318.7890787661339,322.74729908621845,4187600
2019-08-08,332.4206848144531,332.4997369644338,325.0181642779366,327.4296620267179,3673000
2019-08-09,333.6066589355469,335.1187839522711,329.2778523378545,330.1574394897988,3102900
2019-08-12,329.050537109375,332.0846800527171,327.49887089470695,329.78188264397966,2683400
2019-08-13,328.9714660644531,333.4584375620654,326.63905040874084,327.943637213326,3689700
2019-08-14,316.67681884765625,325.69027281615644,316.66692601761224,324.51417216147473,5110400
2019-08-15,324.1682434082031,324.2374328939278,315.81694580475437,319.2266543318586,4721800
2019-08-16,326.5896301269531,327.29132732211616,322.66600724186554,326.3623061742369,3866600
2019-08-19,329.8807373046875,331.98585919268106,327.52853594929684,330.2760584203092,2335600
2019-08-20,327.87445068359375,329.60400694190963,325.03798324572654,328.58604075060066,2039000
2019-08-21,336.0181579589844,338.5778974324276,329.31736450558594,331.56086520657925,3265600
2019-08-22,350.2697448730469,352.2760289710398,337.02629126021714,338.4296857652399,8320900
2019-08-23,351.8510437011719,365.3712245072307,350.2104324682308,351.19875030775677,11518700
2019-08-26,354.84564208984375,363.04866801352813,352.72076478778735,360.7755490692011,4661100
2019-08-27,350.58599853515625,357.0891166569398,349.48895004808156,355.2212116215283,3740300
2019-08-28,355.7647705078125,355.98220163687733,347.07744833612816,349.18257014001347,2402000
2019-08-29,358.50238037109375,361.76384712813604,355.96242660949207,359.5994287860741,2717500
2019-08-30,359.8366394042969,362.09000287717487,358.16637983875717,360.11336719356024,3147000
2019-09-03,350.2796325683594,351.16911261866863,346.51411373749704,349.97322628064137,4272200
2019-09-04,352.3649597167969,353.84743648280494,350.28948621217216,353.50151920518965,2737100
2019-09-05,356.0909118652344,360.4493972345758,354.9345968625714,355.9328075498304,3643300
2019-09-06,358.7593688964844,360.64705955325667,354.92469092658604,357.385592648467,3022600
2019-09-09,354.5886535644531,356.71353076920263,350.5859786011125,353.79801140117223,4183300
2019-09-10,365.1735534667969,365.1735534667969,354.36135375353905,354.8061088513451,4547200
2019-09-11,378.4664306640625,379.0198862336827,363.7009599321909,364.4323054718177,8437000
2019-09-12,371.2418518066406,379.51406767471707,369.9372649603524,379.22744704309275,4495300
2019-09-13,375.3235778808594,377.2903206539453,372.6452149233146,372.98126951750123,3628900
2019-09-16,374.4241943359375,377.1717165384545,370.61916487764734,373.7224971622006,3055500
2019-09-17,379.71173095703125,380.80874929588447,373.38647257280866,373.9893621465285,3269500
2019-09-18,381.8959045410156,382.2220361610758,375.36310786015304,378.77281651157256,4186400
2019-09-19,379.94891357421875,383.98123709852734,378.4268956525087,381.6290659699697,2928800
2019-09-20,374.9579162597656,380.23552985627964,373.5050878422204,379.62274746596086,6643000
2019-09-23,372.6254577636719,375.6596006388506,370.0459627910404,372.2103510180996,2674900
2019-09-24,377.1914978027344,377.428714593985,370.92556631315745,375.1061616365466,3533300
2019-09-25,381.6883544921875,386.43226796803356,378.6245632152149,380.4134160581407,4705500
2019-09-26,382.37030029296875,383.6946425678044,378.85186106477056,382.5778385924778,2520400
2019-09-27,378.3873596191406,385.13758746132805,376.8554790077866,383.6551106783142,2730800
2019-09-30,376.0252685546875,379.28670517806654,372.289428536917,378.5257113422288,3183300
2019-10-01,370.5599060058594,378.37750400674304,370.2535298778747,377.240944484116,2943800
2019-10-02,363.06842041015625,368.63265457068417,359.5203630504826,367.5059879379869,3698300
2019-10-03,367.7234191894531,367.90130915871816,358.98669326421947,361.93186107005033,2623900
2019-10-04,371.3110046386719,371.73597404842434,367.3774889884459,367.90129620911097,2008400
2019-10-07,372.1412048339844,373.73238206588286,368.7018479213095,369.6901657531172,1931800
2019-10-08,369.7297058105469,372.93184592452764,364.33349891004355,366.7153183358692,4030200
2019-10-09,370.57965087890625,373.445766598452,369.13671526967113,371.6075098832566,2774100
2019-10-10,366.6659240722656,370.16457772279796,366.0037378387857,369.3343943442266,2723700
2019-10-11,370.5401611328125,372.53655243710534,365.75667594482263,368.6425774898764,3935400
2019-10-14,368.8204345703125,374.2759682063856,368.32627566333866,369.8779418698923,2124500
2019-10-15,366.6263732910156,369.1663573494414,366.2014038633288,368.2274433477458,2836600
2019-10-16,368.0791931152344,373.0109194748945,364.92645690236276,365.89501920987203,3657100
2019-10-17,364.74859619140625,369.4332133143302,364.74859619140625,368.06935996845397,2397100
2019-10-18,339.9813232421875,365.0351855075095,339.9813232421875,364.68926824525346,13544300
2019-10-21,327.1925048828125,330.3353484059528,320.6103043850052,329.0011434378175,15493100
2019-10-22,333.0631103515625,337.4907851097691,330.5527746058912,332.1439820037884,7949700
2019-10-23,336.522216796875,346.70187825082684,332.5689455276019,340.9696469748073,10960800
2019-10-24,340.5248718261719,341.7009723723608,333.82407862606027,337.70819034164884,5382700
2019-10-25,335.86004638671875,339.35870006969503,334.94091801203433,338.9139751276224,4058000
2019-10-28,336.89776611328125,340.94987500068896,335.5239899362822,337.5105183046379,3234500
2019-10-29,344.8537292480469,345.6345087699359,335.2571716733538,336.2158411639569,6113600
2019-10-30,342.0172424316406,345.9112168282495,339.2598274295402,342.58059079484497,3997600
2019-10-31,335.9391174316406,342.0172660578537,335.4844996746456,340.6731682854974,3868400
2019-11-01,341.1574401855469,341.1574401855469,335.53390922048317,336.6111720549116,3538200
2019-11-04,346.9884948730469,347.34430496694455,342.0073646859405,342.4125786057095,3703000
2019-11-05,354.1044006347656,357.38559287903496,349.063973713978,351.08015051450633,5468900
2019-11-06,350.05230712890625,355.20143476209995,349.0046926045575,354.66773466973075,3815700
2019-11-07,355.1966857910156,357.2743208351131,352.9500428644524,354.01372162500064,2834500
2019-11-08,348.92401123046875,354.8885242429554,348.4766606196995,354.29206687429036,3218200
2019-11-11,364.78961181640625,367.56311889555906,343.51618787877885,346.9756163897338,11483400
2019-11-12,360.7337341308594,364.93869618239364,357.88071373395235,364.32236805530886,5769700
2019-11-13,360.3559875488281,364.45161488441556,358.9841447285023,359.72970884067234,3453700
2019-11-14,365.26678466796875,366.3006420996767,359.34204348306713,360.9524571661207,5339600
2019-11-15,369.481689453125,371.27106154614364,367.11576112139653,367.81163310263963,5493100
2019-11-18,367.2748107910156,373.37851016419427,365.72403987828307,369.47176153162104,3823800
2019-11-19,364.8293762207031,372.613052288758,359.47124084737914,371.30088249313815,6670200
2019-11-20,368.71624755859375,368.79576104836127,363.5867628617756,363.83528423078565,3774800
2019-11-21,364.2726745605469,368.5671309835078,364.0937464605269,367.56309497159526,2703800
2019-11-22,369.1437072753906,371.34062774401735,364.44167192189826,366.0918574983644,3915700
2019-11-25,370.9231262207031,372.0861892630233,367.01637749974975,370.31671829246125,3324400
2019-11-26,371.3008728027344,372.55339986300436,369.16356477720245,371.449979555495,2859000
2019-11-27,365.8234558105469,369.6307898419985,364.6305411024191,367.77185485254637,4145000
2019-11-29,364.01422119140625,366.12167759794966,364.01422119140625,365.32642133260265,1390900
2019-12-02,353.07928466796875,365.20714004221884,353.05941387908985,364.9088961865412,4794500
2019-12-03,349.99761962890625,353.4570481904535,345.55405610172096,350.00757019206065,4683500
2019-12-04,346.7767639160156,353.1886271881577,346.7568931284116,352.60212041449677,3014200
2019-12-05,343.6354675292969,348.34745341713415,343.54600347496273,348.14862418278153,4719600
2019-12-06,351.9957275390625,352.30389161401826,345.0569998970122,345.6832786096905,2856100
2019-12-09,349.13275146484375,351.50863031382863,347.5024670597976,350.5841381022248,2844600
2019-12-10,345.84234619140625,349.32164550990547,345.3950259098487,348.07903861044144,2920900
2019-12-11,347.929931640625,347.9597529927109,336.49794817243304,340.07666210815313,7369100
2019-12-12,344.24188232421875,348.9936098840371,338.98316144264624,346.19028144399283,5970000
2019-12-13,339.6492004394531,347.24399775685174,339.08256443305254,344.2517907441467,4526300
2019-12-16,325.0659484863281,334.2413682900284,324.49931248788374,326.5868980409919,16488200
2019-12-17,325.0659484863281,328.99259822520025,318.7137277752093,320.1551638406385,13526400
2019-12-18,328.72418212890625,333.2671600932545,326.1992268302571,326.7757830653986,7029300
2019-12-19,331.5274963378906,332.8297458455648,329.0224119345874,330.9310390027003,5492600
2019-12-20,326.0600280761719,333.51566896206,326.0600280761719,332.6408689108496,9489400
2019-12-23,335.5535583496094,338.57558685368804,332.22339609543354,334.75830206083845,9534800
2019-12-24,331.03045654296875,337.7405333647857,330.65269921610394,337.50196256343133,4120100
2019-12-26,327.96868896484375,331.3883150439416,327.3523304952682,330.73224533566565,4593400
2019-12-27,328.1874084472656,331.6766279965737,327.2231442784637,328.24705115155587,4124000
2019-12-30,324.4695129394531,328.67450567881485,323.78359149252714,328.54526970517907,4525500
2019-12-31,323.83331298828125,324.6385198431698,321.4077418604176,323.4853769842606,4958800
2020-01-02,331.34857177734375,331.37839312756773,325.76181636345586,326.60676473216284,4544400
2020-01-03,330.7919006347656,332.90930760335885,328.34642846245924,328.67449366617245,3875900
2020-01-06,331.7660827636719,332.8794536620254,325.94075633582884,327.35234074728356,5355000
2020-01-07,335.28515625,342.15429069593097,328.7540072336429,332.2830289611392,9898600
2020-01-08,329.41009521484375,332.05436618843447,327.6505748656441,330.434002028855,8239200
2020-01-09,334.3507080078125,339.7088433277258,330.0860727875837,332.96894496050135,8175600
2020-01-10,327.96868896484375,335.70267264556696,327.50146758422983,333.57531519513043,7161700
2020-01-13,328.26690673828125,332.12396323486524,328.1277202099949,330.4340057926857,5648500
2020-01-14,330.3843078613281,333.366564233772,326.33837276847987,328.8037156243825,6945300
2020-01-15,327.8493957519531,331.1398164302177,327.7400609054219,330.38433205642025,4578300
2020-01-16,330.036376953125,330.90122646048485,327.36228460446,329.0919836191797,4024100
2020-01-17,322.2328186035156,330.53343884956024,321.0896263110014,330.42410400301884,11061700
2020-01-21,311.5165710449219,324.66833324795715,303.94164432164825,320.69199121267803,19318000
2020-01-22,307.17242431640625,310.98970905581075,300.9295684920027,307.9875817200874,18792600
2020-01-23,315.9104309082031,316.2881882418153,305.8801121276974,306.6753683711369,9702100
2020-01-24,321.1393127441406,324.27070637882355,310.6616732829415,320.09553509063454,17798200
2020-01-27,314.72747802734375,319.35992013694477,312.71940588464,314.3397701172677,7468100
2020-01-28,314.6877136230469,317.47114097816836,312.1428570877693,316.16889135804905,5502200
2020-01-29,320.1153869628906,325.2448715457745,317.2524463386331,322.4316230593828,12454700
2020-01-30,321.3878173828125,323.4257107799609,315.7613203705977,318.6043902270497,6022000
2020-01-31,316.3875732421875,320.02592972154304,315.11514504752887,319.84700161692257,4999600
2020-02-03,314.1310119628906,318.842967434468,313.017641078221,316.8647470353525,4841800
2020-02-04,316.0595397949219,317.5904399278108,313.16674740898316,316.39752521751893,3779800
2020-02-05,327.6008605957031,327.73009656313934,317.34192141071037,318.60439905973817,6071800
2020-02-06,339.4106140136719,341.40873562969546,323.73389618296295,328.9528451968062,12845500
2020-02-07,334.75830078125,338.72469232094755,333.70457255096903,338.3568855303699,5337800
2020-02-10,342.6314697265625,343.89394741634914,334.3308495623045,335.22552046340985,5876400
2020-02-11,342.3829345703125,346.01134050701995,340.0766489744631,345.5838910312693,5311500
2020-02-12,345.39501953125,347.8802332842822,343.804476661893,344.371112678484,4421500
2020-02-13,342.82000732421875,347.8900146484375,342.6300048828125,344.32000732421875,3783100
2020-02-14,340.489990234375,344.5,338.0,342.29998779296875,4199800
2020-02-18,338.8800048828125,339.989990234375,336.1000061035156,338.7699890136719,2904600
2020-02-19,338.29998779296875,341.4700012207031,335.8599853515625,338.1199951171875,4935700
2020-02-20,336.2799987792969,341.239990234375,335.3900146484375,338.2900085449219,2807500
2020-02-21,330.3800048828125,334.6600036621094,330.2300109863281,334.04998779296875,3709900
2020-02-24,317.8999938964844,321.739990234375,316.3299865722656,320.0,6073200
2020-02-25,304.1400146484375,320.6400146484375,303.6300048828125,318.260009765625,8052500
2020-02-26,305.5899963378906,315.2200012207031,304.05999755859375,307.0,6987300
2020-02-27,287.760009765625,301.0,284.2900085449219,300.3699951171875,10982400
2020-02-28,275.1099853515625,282.8599853515625,269.6000061035156,278.07000732421875,15364300
2020-03-02,289.2699890136719,291.7099914550781,274.2900085449219,279.5400085449219,11012300
2020-03-03,280.6199951171875,297.44000244140625,278.0799865722656,292.0,7499300
2020-03-04,283.1199951171875,285.9100036621094,277.010009765625,284.54998779296875,6986100
2020-03-05,260.3699951171875,276.30999755859375,259.6499938964844,275.7900085449219,14669100
2020-03-06,262.3299865722656,264.2900085449219,249.8000030517578,253.6999969482422,12861800
2020-03-09,227.1699981689453,241.47999572753906,224.3699951171875,238.0,11585500
2020-03-10,231.00999450683594,237.8300018310547,215.0,237.0,13059600
2020-03-11,189.0800018310547,226.99000549316406,187.0,222.99000549316406,28503500
2020-03-12,154.83999633789062,189.85000610351562,154.80999755859375,160.52999877929688,31734400
2020-03-13,170.1999969482422,178.27999877929688,161.3800048828125,174.97000122070312,21168500
2020-03-16,129.61000061035156,151.0,128.75999450683594,149.4199981689453,26844400
2020-03-17,124.13999938964844,134.9600067138672,101.25,132.50999450683594,54492200
2020-03-18,101.88999938964844,107.8499984741211,89.0,99.86000061035156,61943200
2020-03-19,97.70999908447266,103.56999969482422,90.3499984741211,98.80000305175781,40210600
2020-03-20,95.01000213623047,107.0,94.27999877929688,99.8499984741211,41370700
2020-03-23,105.62000274658203,114.48999786376953,93.55999755859375,98.75,46140100
2020-03-24,127.68000030517578,127.95999908447266,116.12999725341797,123.68000030517578,43683100
2020-03-25,158.72999572753906,174.77000427246094,141.0,154.89999389648438,77826000
2020-03-26,180.5500030517578,186.47999572753906,167.17999267578125,172.2899932861328,63267300
2020-03-27,162.0,172.9199981689453,155.5399932861328,172.0,47880200
2020-03-30,152.27999877929688,153.80999755859375,140.67999267578125,153.80999755859375,51052500
2020-03-31,149.13999938964844,160.63999938964844,149.0,155.0,29954000
2020-04-01,130.6999969482422,144.3800048828125,130.0,138.91000366210938,41899700
2020-04-02,123.2699966430664,136.67999267578125,120.0199966430664,128.50999450683594,42372400
2020-04-03,124.5199966430664,131.2899932861328,122.5,125.0,37347400
2020-04-06,148.77000427246094,149.69000244140625,129.2100067138672,133.6999969482422,51085500
2020-04-07,141.5800018310547,164.8000030517578,140.25999450683594,162.0,56699100
2020-04-08,146.8699951171875,154.0,144.5500030517578,147.50999450683594,41351000
2020-04-09,151.83999633789062,157.97999572753906,150.08999633789062,154.7100067138672,37874200
2020-04-13,147.3300018310547,156.0,146.25999450683594,155.5,26034100
2020-04-14,141.0,152.39999389648438,140.0,150.50999450683594,33970500
2020-04-15,145.97999572753906,148.69000244140625,132.89999389648438,139.0,39297600
2020-04-16,134.24000549316406,143.24000549316406,134.0,141.4600067138672,41364800
2020-04-17,154.0,154.0,145.0,149.41000366210938,52389400
2020-04-20,143.61000061035156,151.6300048828125,142.5,147.2100067138672,34983800
2020-04-21,136.3300018310547,141.89999389648438,135.4499969482422,139.00999450683594,27043800
2020-04-22,134.97000122070312,140.82000732421875,134.52000427246094,140.4199981689453,22734500
2020-04-23,137.74000549316406,142.3800048828125,136.0500030517578,136.5,25936400
2020-04-24,128.97999572753906,137.57000732421875,128.3300018310547,137.0,35884700
2020-04-27,128.67999267578125,131.1999969482422,123.83000183105469,129.97000122070312,34563000
2020-04-28,131.3000030517578,137.1999969482422,127.73999786376953,133.8800048828125,37806900
2020-04-29,139.0,147.17999267578125,135.25,138.0800018310547,60454400
2020-04-30,141.02000427246094,144.64999389648438,132.30999755859375,137.6699981689453,37876600
2020-05-01,133.3699951171875,143.7100067138672,132.83999633789062,143.22999572753906,36613100
2020-05-04,131.4600067138672,131.5,124.3499984741211,127.12000274658203,30708900
2020-05-05,125.4000015258789,133.8000030517578,125.0,132.8800048828125,30621000
2020-05-06,121.86000061035156,126.86000061035156,121.37000274658203,125.80000305175781,29627700
2020-05-07,128.64999389648438,130.7100067138672,122.36000061035156,122.80999755859375,29525000
2020-05-08,133.44000244140625,135.5500030517578,131.55999755859375,132.57000732421875,22695700
2020-05-11,128.91000366210938,131.0,127.94999694824219,130.9199981689453,20055400
2020-05-12,125.22000122070312,133.1199951171875,125.19999694824219,129.72000122070312,22579000
2020-05-13,121.5,125.06999969482422,119.33000183105469,125.0,26002000
2020-05-14,122.5199966430664,122.61000061035156,113.88999938964844,118.9800033569336,37499200
2020-05-15,120.0,121.88999938964844,117.77999877929688,118.33000183105469,26756800
2020-05-18,135.44000244140625,136.1999969482422,125.80000305175781,126.18000030517578,43781800
2020-05-19,130.44000244140625,137.0399932861328,130.27999877929688,137.0,32373000
2020-05-20,133.32000732421875,135.4499969482422,131.30999755859375,133.27000427246094,21835500
2020-05-21,139.0,144.24000549316406,136.14999389648438,137.0,48263900
2020-05-22,137.52999877929688,141.0800018310547,135.77999877929688,141.00999450683594,21098800
2020-05-26,144.72999572753906,145.91000366210938,142.61000061035156,145.2100067138672,30338300
2020-05-27,149.52000427246094,149.64999389648438,141.24000549316406,149.13999938964844,32799900
2020-05-28,149.82000732421875,156.6999969482422,149.0500030517578,156.10000610351562,34734300
2020-05-29,145.85000610351562,152.0,142.94000244140625,145.3000030517578,33853900
2020-06-01,151.38999938964844,153.5500030517578,144.5500030517578,145.4499969482422,27127300
2020-06-02,153.30999755859375,155.85000610351562,151.80999755859375,154.0,24780500
2020-06-03,173.16000366210938,173.77999877929688,155.49000549316406,157.10000610351562,66486400
2020-06-04,184.3000030517578,188.60000610351562,177.39999389648438,181.27999877929688,67155600
2020-06-05,205.42999267578125,218.7899932861328,197.36000061035156,205.0,99846000
2020-06-08,230.5,234.1999969482422,218.92999267578125,222.94000244140625,80902800
2020-06-09,216.74000549316406,227.0,213.0800018310547,222.13999938964844,66688700
2020-06-10,203.41000366210938,213.02999877929688,197.39999389648438,211.1699981689453,90384900
2020-06-11,170.0,192.17999267578125,166.00999450683594,179.35000610351562,103212800
2020-06-12,189.50999450683594,191.3000030517578,176.25999450683594,187.14999389648438,89550100
2020-06-15,190.94000244140625,193.22999572753906,175.88999938964844,177.17999267578125,78612900
2020-06-16,197.77000427246094,208.3000030517578,192.60000610351562,207.14999389648438,76496900
2020-06-17,192.5399932861328,196.42999267578125,191.25,194.52000427246094,53085400
2020-06-18,192.2899932861328,198.02999877929688,187.1999969482422,188.24000549316406,60849900
2020-06-19,187.02000427246094,197.9600067138672,184.57000732421875,197.89999389648438,67262100
2020-06-22,188.52000427246094,188.6999969482422,181.89999389648438,184.55999755859375,53901500
2020-06-23,187.8800048828125,190.1199951171875,183.5500030517578,189.3000030517578,50281300
2020-06-24,176.69000244140625,185.1999969482422,176.07000732421875,183.61000061035156,56534800
2020-06-25,174.8800048828125,177.5,169.58999633789062,169.8699951171875,57335700
2020-06-26,170.00999450683594,173.85000610351562,167.60000610351562,173.4199981689453,50644400
2020-06-29,194.49000549316406,194.5,176.27000427246094,181.0,78499900
2020-06-30,183.3000030517578,188.49000549316406,180.3800048828125,188.02000427246094,65493100
2020-07-01,180.32000732421875,190.61000061035156,180.0399932861328,185.8800048828125,49036700
2020-07-02,180.80999755859375,187.7899932861328,180.42999267578125,185.5800018310547,41792300
2020-07-06,187.91000366210938,189.36000061035156,181.60000610351562,184.52000427246094,49471700
2020-07-07,178.8800048828125,185.07000732421875,178.64999389648438,185.07000732421875,37105300
2020-07-08,180.0800018310547,181.5800018310547,175.50999450683594,179.0500030517578,38116200
2020-07-09,173.27999877929688,180.75,172.80999755859375,179.6699981689453,33514500
2020-07-10,178.44000244140625,179.3300018310547,169.75,171.6999969482422,40955600
2020-07-13,175.64999389648438,183.25,174.36000061035156,180.1999969482422,43364700
2020-07-14,179.9600067138672,181.3000030517578,173.41000366210938,177.0,39256200
2020-07-15,187.94000244140625,189.52999877929688,181.25,185.5399932861328,48044800
2020-07-16,178.6999969482422,184.58999633789062,177.33999633789062,184.32000732421875,35050000
2020-07-17,175.66000366210938,181.10000610351562,175.5500030517578,178.41000366210938,26170500
2020-07-20,174.4199981689453,176.57000732421875,171.6199951171875,175.1300048828125,25294300
2020-07-21,178.6300048828125,182.64999389648438,176.75,178.42999267578125,40740500
2020-07-22,179.7899932861328,182.9499969482422,175.38999938964844,176.42999267578125,29790300
2020-07-23,176.4499969482422,182.5,175.4199981689453,178.0,29587200
2020-07-24,173.75999450683594,181.10000610351562,173.60000610351562,175.67999267578125,28548000
2020-07-27,170.2100067138672,174.13999938964844,169.0,173.19000244140625,30243800
2020-07-28,170.83999633789062,173.74000549316406,168.22999572753906,168.5,25349100
2020-07-29,166.00999450683594,173.00999450683594,162.25,172.89999389648438,51709600
2020-07-30,161.9499969482422,164.5500030517578,160.63999938964844,162.8800048828125,29140000
2020-07-31,158.0,163.39999389648438,156.25999450683594,161.5500030517578,30263100
2020-08-03,162.27000427246094,163.5800018310547,153.41000366210938,156.50999450683594,38520500
2020-08-04,165.07000732421875,167.39999389648438,163.00999450683594,164.6300048828125,30853500
2020-08-05,174.27999877929688,174.97999572753906,166.39999389648438,167.60000610351562,46189200
2020-08-06,172.1999969482422,175.57000732421875,170.60000610351562,172.8000030517578,32921600
2020-08-07,170.02000427246094,171.86000061035156,168.6999969482422,171.5,19318000
2020-08-10,179.41000366210938,179.7899932861328,171.3300018310547,171.36000061035156,35857700
2020-08-11,180.1300048828125,189.97000122070312,179.52999877929688,184.50999450683594,61036600
2020-08-12,175.44000244140625,184.14999389648438,173.19000244140625,184.00999450683594,40674400
2020-08-13,174.72999572753906,179.47000122070312,172.42999267578125,173.6199951171875,22958800
2020-08-14,178.0800018310547,179.47000122070312,172.35000610351562,173.08999633789062,32414100
2020-08-17,172.00999450683594,178.2899932861328,171.41000366210938,178.24000549316406,23352100
2020-08-18,170.22999572753906,173.24000549316406,169.00999450683594,172.00999450683594,21488500
2020-08-19,169.27000427246094,174.10000610351562,169.08999633789062,170.44000244140625,25601500
2020-08-20,169.5800018310547,170.83999633789062,165.86000061035156,168.5399932861328,23213400
2020-08-21,167.5,170.0800018310547,167.27000427246094,168.35000610351562,16945900
2020-08-24,178.27000427246094,178.27000427246094,167.92999267578125,168.77999877929688,39317100
2020-08-25,174.72999572753906,180.6300048828125,172.44000244140625,180.4600067138672,31318500
2020-08-26,171.89999389648438,174.42999267578125,171.35000610351562,173.8000030517578,16189800
2020-08-27,174.1999969482422,181.30999755859375,173.55999755859375,174.7100067138672,29548100
2020-08-28,175.8000030517578,177.27999877929688,172.57000732421875,175.11000061035156,20383900
2020-08-31,171.82000732421875,175.27000427246094,171.6999969482422,174.64999389648438,16264300
2020-09-01,172.10000610351562,175.49000549316406,169.25,170.7100067138672,18977300
2020-09-02,174.77999877929688,175.0,171.4499969482422,172.74000549316406,16552100
2020-09-03,168.77000427246094,180.85000610351562,168.1199951171875,175.0,27799400
2020-09-04,171.0500030517578,172.8300018310547,164.0,171.30999755859375,18867300
2020-09-08,161.0800018310547,166.89999389648438,160.5,165.8000030517578,22622700
2020-09-09,160.77999877929688,163.05999755859375,157.0,161.61000061035156,21951400
2020-09-10,157.69000244140625,163.77999877929688,157.57000732421875,160.9600067138672,14532600
2020-09-11,160.22999572753906,161.36000061035156,156.32000732421875,158.0,14722400
2020-09-14,165.35000610351562,165.94000244140625,158.89999389648438,161.75,17228400
2020-09-15,163.49000549316406,168.83999633789062,163.3300018310547,166.64999389648438,14881700
2020-09-16,167.4600067138672,170.57000732421875,160.30999755859375,161.9499969482422,21851400
2020-09-17,167.52999877929688,168.4600067138672,161.0500030517578,164.6300048828125,19717800
2020-09-18,161.13999938964844,169.72000122070312,161.02000427246094,165.66000366210938,22057100
2020-09-21,156.35000610351562,158.8300018310547,154.1999969482422,157.8300018310547,23125300
2020-09-22,156.8000030517578,160.07000732421875,154.9499969482422,156.80999755859375,17768900
2020-09-23,151.17999267578125,160.4199981689453,150.88999938964844,157.3300018310547,18247500
2020-09-24,146.0500030517578,150.30999755859375,145.02000427246094,150.2899932861328,27098100
2020-09-25,156.02999877929688,156.30999755859375,146.4199981689453,146.85000610351562,29123000
2020-09-28,166.0800018310547,168.0,159.1999969482422,160.3300018310547,38868200
2020-09-29,163.60000610351562,165.5,162.00999450683594,164.77000427246094,19874700
2020-09-30,165.25999450683594,170.97999572753906,164.11000061035156,164.5,38436700
2020-10-01,167.86000061035156,172.75999450683594,165.57000732421875,170.14999389648438,30677100
2020-10-02,168.0800018310547,169.77999877929688,161.8000030517578,161.86000061035156,31773800
2020-10-05,171.1999969482422,172.0800018310547,167.50999450683594,169.49000549316406,19082100
2020-10-06,159.5399932861328,175.55999755859375,159.3300018310547,173.0399932861328,47132500
2020-10-07,164.61000061035156,166.33999633789062,162.3800048828125,163.7100067138672,26019100
2020-10-08,168.0,168.08999633789062,163.5399932861328,166.22000122070312,20598600
2020-10-09,167.3300018310547,170.0,166.82000732421875,169.92999267578125,17406000
2020-10-12,167.35000610351562,169.1999969482422,165.9499969482422,167.75,12176600
2020-10-13,162.13999938964844,165.52999877929688,162.08999633789062,165.36000061035156,15182600
2020-10-14,163.24000549316406,165.1699981689453,162.49000549316406,162.6999969482422,10505500
2020-10-15,164.24000549316406,164.5399932861328,158.72999572753906,161.00999450683594,13226800
2020-10-16,167.35000610351562,173.4199981689453,167.27000427246094,171.22000122070312,31780600
2020-10-19,167.11000061035156,170.83999633789062,166.11000061035156,169.08999633789062,16519600
2020-10-20,167.24000549316406,169.2899932861328,166.17999267578125,168.2899932861328,12319900
2020-10-21,163.86000061035156,167.6300048828125,163.82000732421875,166.44000244140625,11450600
2020-10-22,169.07000732421875,169.6300048828125,164.10000610351562,164.6999969482422,14238200
2020-10-23,167.36000061035156,170.25999450683594,166.0500030517578,169.99000549316406,10024200
2020-10-26,160.8300018310547,165.5,159.0500030517578,164.9499969482422,16151100
2020-10-27,155.24000549316406,160.25,155.0,159.16000366210938,15491900
2020-10-28,148.13999938964844,153.9499969482422,148.0,153.0,20279800
2020-10-29,148.2899932861328,150.10000610351562,146.60000610351562,148.02999877929688,14554300
2020-10-30,144.38999938964844,149.1699981689453,141.5800018310547,147.1999969482422,15374700
2020-11-02,148.60000610351562,149.58999633789062,143.3800048828125,145.75,13854600
2020-11-03,153.64999389648438,154.82000732421875,150.63999938964844,151.8300018310547,12249800
2020-11-04,151.6300048828125,155.39999389648438,151.1699981689453,153.1699981689453,11344700
2020-11-05,157.08999633789062,157.6300048828125,152.10000610351562,152.47999572753906,12328300
2020-11-06,157.74000549316406,158.47000122070312,154.52000427246094,156.3300018310547,8995600
2020-11-09,179.36000061035156,184.4600067138672,172.16000366210938,179.0,49014400
2020-11-10,188.69000244140625,193.9499969482422,180.3800048828125,182.8000030517578,46404300
2020-11-11,182.14999389648438,190.0,180.41000366210938,189.88999938964844,29907800
2020-11-12,176.72000122070312,184.58999633789062,176.25,178.9499969482422,20288400
2020-11-13,187.11000061035156,187.27000427246094,178.7100067138672,179.0,19724500
2020-11-16,202.39999389648438,202.94000244140625,191.35000610351562,194.55999755859375,40562800
2020-11-17,210.0500030517578,211.1999969482422,196.0500030517578,200.25,38299300
2020-11-18,203.3000030517578,223.02000427246094,203.0,223.02000427246094,65990700
2020-11-19,205.6699981689453,209.44000244140625,199.89999389648438,200.4499969482422,34236100
2020-11-20,199.6199951171875,206.5800018310547,199.1699981689453,204.58999633789062,18230900
2020-11-23,211.52999877929688,214.2100067138672,201.8699951171875,203.24000549316406,28372400
2020-11-24,218.49000549316406,222.9499969482422,215.75999450683594,219.42999267578125,31132000
2020-11-25,217.61000061035156,221.0,213.08999633789062,217.7100067138672,19254100
2020-11-27,216.5,219.92999267578125,216.0399932861328,218.25,9970200
2020-11-30,210.7100067138672,217.77999877929688,208.52000427246094,215.6999969482422,16501900
2020-12-01,213.00999450683594,218.08999633789062,213.0,214.30999755859375,15754200
2020-12-02,223.85000610351562,224.99000549316406,210.3000030517578,213.00999450683594,25912300
2020-12-03,237.1999969482422,242.0,226.52999877929688,228.3000030517578,45945100
2020-12-04,232.7100067138672,238.17999267578125,230.25,236.36000061035156,29378400
2020-12-07,238.1699981689453,244.0800018310547,237.11000061035156,238.5,33246700
2020-12-08,236.57000732421875,241.6999969482422,234.4600067138672,238.6999969482422,19682000
2020-12-09,232.05999755859375,240.83999633789062,228.27999877929688,238.63999938964844,19043600
2020-12-10,234.42999267578125,237.00999450683594,228.02000427246094,228.10000610351562,16185000
2020-12-11,230.3300018310547,236.22000122070312,228.3300018310547,232.82000732421875,17311800
2020-12-14,228.6199951171875,237.6300048828125,228.3699951171875,235.0,19231200
2020-12-15,229.5,232.5,224.36000061035156,230.0,18993700
2020-12-16,225.8699951171875,232.3699951171875,225.3000030517578,229.3300018310547,17858400
2020-12-17,221.24000549316406,228.49000549316406,220.52999877929688,227.24000549316406,17465600
2020-12-18,219.75,223.4600067138672,218.61000061035156,222.0500030517578,19092800
2020-12-21,219.30999755859375,219.42999267578125,211.10000610351562,212.33999633789062,18726500
2020-12-22,218.77999877929688,223.88999938964844,217.6999969482422,223.27999877929688,13280000
2020-12-23,219.69000244140625,224.39999389648438,219.32000732421875,219.5500030517578,10869000
2020-12-24,217.14999389648438,219.8800048828125,216.0500030517578,219.6199951171875,6398500
2020-12-28,216.08999633789062,219.1999969482422,215.16000366210938,218.19000244140625,9090600
2020-12-29,216.25,221.67999267578125,215.39999389648438,218.3000030517578,14593800
2020-12-30,216.6699981689453,218.5500030517578,214.3699951171875,216.36000061035156,10812600
2020-12-31,214.05999755859375,216.89999389648438,212.6999969482422,216.24000549316406,10487600
2021-01-04,202.72000122070312,210.1999969482422,202.49000549316406,210.0,21225600
2021-01-05,211.6300048828125,213.35000610351562,204.60000610351562,204.74000549316406,19338300
2021-01-06,211.02999877929688,215.61000061035156,209.33999633789062,210.22000122070312,16202200
2021-01-07,212.7100067138672,216.60000610351562,211.77999877929688,213.38999938964844,14474100
2021-01-08,209.89999389648438,214.10000610351562,208.16000366210938,213.61000061035156,14144000
2021-01-11,206.7899932861328,207.77999877929688,201.00999450683594,203.02999877929688,16770300
2021-01-12,208.41000366210938,209.05999755859375,204.80999755859375,206.64999389648438,12836200
2021-01-13,207.2100067138672,208.7899932861328,204.85000610351562,207.14999389648438,8570500
2021-01-14,209.91000366210938,214.19000244140625,208.2100067138672,208.7899932861328,12446800
2021-01-15,204.32000732421875,209.25,204.1999969482422,208.9600067138672,11103300
2021-01-19,210.7100067138672,211.52000427246094,206.52000427246094,206.99000549316406,11947200
2021-01-20,211.4499969482422,215.58999633789062,211.2100067138672,213.24000549316406,9727000
2021-01-21,207.41000366210938,211.92999267578125,206.33999633789062,211.72000122070312,11091300
2021-01-22,205.83999633789062,206.6999969482422,204.27000427246094,205.5500030517578,7514600
2021-01-25,203.36000061035156,203.8000030517578,199.3000030517578,203.27000427246094,14276200
2021-01-26,202.05999755859375,208.35000610351562,201.7899932861328,205.33999633789062,11011800
2021-01-27,194.02999877929688,199.47000122070312,191.85000610351562,196.89999389648438,20948500
2021-01-28,197.22999572753906,200.4199981689453,196.0,198.0500030517578,10403200
2021-01-29,194.19000244140625,201.57000732421875,193.1199951171875,198.3000030517578,13683700
2021-02-01,195.83999633789062,197.3800048828125,192.86000061035156,196.0,9061900
2021-02-02,200.94000244140625,203.02999877929688,198.08999633789062,198.97999572753906,11130600
2021-02-03,207.38999938964844,208.16000366210938,201.25999450683594,202.0,11836900
2021-02-04,210.63999938964844,212.47999572753906,208.02000427246094,209.8699951171875,11869900
2021-02-05,207.92999267578125,213.1999969482422,206.66000366210938,212.25,9546100
2021-02-08,211.9499969482422,211.99000549316406,208.3000030517578,209.5500030517578,11182100
2021-02-09,215.1199951171875,216.72999572753906,208.89999389648438,210.60000610351562,13615700
2021-02-10,211.9199981689453,217.49000549316406,211.1199951171875,215.64999389648438,11510700
2021-02-11,210.66000366210938,213.99000549316406,208.57000732421875,212.24000549316406,7140200
2021-02-12,210.97999572753906,213.16000366210938,209.6699981689453,210.36000061035156,6010800
2021-02-16,217.17999267578125,217.39999389648438,212.3300018310547,213.0800018310547,10171100
2021-02-17,215.52000427246094,218.7100067138672,212.67999267578125,215.52000427246094,9276000
2021-02-18,208.47999572753906,214.33999633789062,208.0800018310547,213.4499969482422,9121300
2021-02-19,217.47000122070312,217.63999938964844,209.14999389648438,209.97000122070312,12415300
2021-02-22,212.8800048828125,220.38999938964844,210.8000030517578,211.88999938964844,21413700
2021-02-23,212.1199951171875,214.75,206.60000610351562,214.14999389648438,15996700
2021-02-24,229.33999633789062,229.61000061035156,211.60000610351562,212.10000610351562,30709300
2021-02-25,216.4499969482422,228.5,214.7100067138672,227.8000030517578,19283000
2021-02-26,212.00999450683594,220.66000366210938,211.2899932861328,218.50999450683594,12838400
2021-03-01,224.38999938964844,226.97999572753906,219.02000427246094,219.60000610351562,18735400
2021-03-02,223.13999938964844,227.19000244140625,222.14999389648438,224.7899932861328,11114400
2021-03-03,228.55999755859375,235.39999389648438,225.0399932861328,226.36000061035156,30426000
2021-03-04,224.7100067138672,237.10000610351562,218.6999969482422,232.72999572753906,26645100
2021-03-05,223.22000122070312,229.9199981689453,213.8000030517578,229.00999450683594,20026600
2021-03-08,224.02999877929688,229.88999938964844,223.7100067138672,226.6699981689453,13836800
2021-03-09,230.61000061035156,234.05999755859375,222.5800018310547,226.80999755859375,21001200
2021-03-10,245.33999633789062,246.8000030517578,232.8800048828125,233.80999755859375,27753400
2021-03-11,252.0,256.6499938964844,246.5500030517578,248.77000427246094,30139200
2021-03-12,269.19000244140625,269.7200012207031,253.5,253.86000061035156,35264300
2021-03-15,265.6300048828125,278.57000732421875,264.3299865722656,274.1499938964844,34816700
2021-03-16,255.2100067138672,264.1700134277344,254.02000427246094,263.2300109863281,28785800
2021-03-17,263.5899963378906,263.6099853515625,253.67999267578125,254.6999969482422,23785500
2021-03-18,256.05999755859375,267.3699951171875,254.72999572753906,261.32000732421875,24595500
2021-03-19,255.82000732421875,258.8800048828125,251.30999755859375,257.75,17330800
2021-03-22,251.22999572753906,257.6700134277344,250.16000366210938,255.82000732421875,15230000
2021-03-23,241.25,251.3000030517578,239.42999267578125,249.25999450683594,21358200
2021-03-24,239.24000549316406,248.8000030517578,239.05999755859375,243.75,24055100
2021-03-25,247.19000244140625,247.5800018310547,231.6999969482422,234.33999633789062,27553600
2021-03-26,244.8699951171875,250.89999389648438,240.3000030517578,249.6199951171875,17157100
2021-03-29,250.52000427246094,254.7100067138672,248.02999877929688,251.3000030517578,22198800
2021-03-30,252.00999450683594,253.5,248.91000366210938,251.24000549316406,12577300
2021-03-31,254.72000122070312,257.8800048828125,253.36000061035156,254.6999969482422,14138500
2021-04-01,252.9600067138672,257.8800048828125,251.30999755859375,256.6700134277344,10934500
2021-04-05,259.3599853515625,260.4800109863281,256.25,256.55999755859375,13750300
2021-04-06,255.1699981689453,259.3500061035156,254.66000366210938,257.2099914550781,11180300
2021-04-07,252.5800018310547,255.89999389648438,250.8300018310547,255.30999755859375,9925700
2021-04-08,254.9499969482422,254.9499969482422,249.30999755859375,251.6999969482422,9899900
2021-04-09,252.36000061035156,252.83999633789062,249.44000244140625,250.50999450683594,12255900
2021-04-12,249.52000427246094,251.5500030517578,246.2899932861328,250.57000732421875,10383600
2021-04-13,253.27000427246094,254.49000549316406,246.10000610351562,248.3300018310547,15901400
2021-04-14,252.42999267578125,258.3699951171875,251.27999877929688,255.32000732421875,12661800
2021-04-15,251.11000061035156,254.1199951171875,249.42999267578125,253.55999755859375,9479000
2021-04-16,248.17999267578125,253.0500030517578,246.22999572753906,252.0,14606000
2021-04-19,244.14999389648438,247.0,242.22000122070312,247.0,9249300
2021-04-20,234.05999755859375,241.08999633789062,232.33999633789062,241.02999877929688,19483600
2021-04-21,235.9199981689453,236.75999450683594,230.22000122070312,232.22000122070312,12847000
2021-04-22,234.3300018310547,239.64999389648438,233.3800048828125,235.9600067138672,13854400
2021-04-23,238.3800048828125,238.5800018310547,233.11000061035156,233.88999938964844,11533100
2021-04-26,241.44000244140625,244.64999389648438,240.10000610351562,240.24000549316406,10599600
2021-04-27,242.47000122070312,243.49000549316406,239.41000366210938,241.8800048828125,10583300
2021-04-28,235.4600067138672,239.64999389648438,232.85000610351562,239.0,19054100
2021-04-29,235.94000244140625,237.67999267578125,231.8000030517578,237.0,12296100
2021-04-30,234.30999755859375,236.77000427246094,232.6999969482422,233.67999267578125,10380400
2021-05-03,235.19000244140625,237.10000610351562,233.80999755859375,234.11000061035156,9887800
2021-05-04,233.6300048828125,236.64999389648438,225.64999389648438,235.75,17807200
2021-05-05,228.17999267578125,233.49000549316406,227.55999755859375,232.4499969482422,14913500
2021-05-06,229.80999755859375,231.1699981689453,226.5500030517578,229.3000030517578,11857100
2021-05-07,235.47000122070312,235.91000366210938,227.99000549316406,229.8000030517578,12823000
2021-05-10,232.92999267578125,241.10000610351562,232.5,236.83999633789062,14813900
2021-05-11,228.8800048828125,230.1300048828125,223.85000610351562,226.55999755859375,16273200
2021-05-12,220.77999877929688,229.74000549316406,220.6300048828125,227.25,14931200
2021-05-13,222.63999938964844,229.27000427246094,219.07000732421875,223.0,16503400
2021-05-14,228.47000122070312,228.80999755859375,224.35000610351562,225.99000549316406,10162400
2021-05-17,227.97999572753906,228.25999450683594,223.5800018310547,226.24000549316406,9559300
2021-05-18,227.5500030517578,232.27000427246094,226.42999267578125,227.25,10081100
2021-05-19,224.4199981689453,225.1199951171875,220.27999877929688,223.17999267578125,13162700
2021-05-20,227.64999389648438,228.44000244140625,223.77000427246094,225.1300048828125,9218900
2021-05-21,234.82000732421875,236.3000030517578,231.38999938964844,232.89999389648438,16579000
2021-05-24,237.44000244140625,238.5,232.60000610351562,235.13999938964844,10106000
2021-05-25,240.74000549316406,243.77999877929688,239.22999572753906,240.0,12908000
2021-05-26,241.3699951171875,242.49000549316406,239.8699951171875,241.6999969482422,7240200
2021-05-27,250.6999969482422,252.60000610351562,247.19000244140625,248.11000061035156,18404400
2021-05-28,247.02000427246094,248.97999572753906,245.3699951171875,247.47999572753906,11197400
2021-06-01,254.72999572753906,255.63999938964844,251.52000427246094,253.0,13562800
2021-06-02,255.6199951171875,258.3999938964844,254.6199951171875,255.60000610351562,10820400
2021-06-03,250.32000732421875,254.8000030517578,249.69000244140625,252.97999572753906,10402000
2021-06-04,249.9199981689453,251.8000030517578,248.49000549316406,251.50999450683594,8799000
2021-06-07,252.66000366210938,253.1999969482422,248.80999755859375,251.5,10606000
2021-06-08,252.75999450683594,256.30999755859375,250.0,256.260009765625,15113900
2021-06-09,248.05999755859375,253.1699981689453,247.91000366210938,251.1999969482422,10693200
2021-06-10,248.33999633789062,255.13999938964844,248.10000610351562,251.72000122070312,14519200
2021-06-11,247.27999877929688,251.1199951171875,245.77999877929688,250.35000610351562,9934200
2021-06-14,245.13999938964844,249.1999969482422,244.39999389648438,246.44000244140625,9344400
2021-06-15,246.5399932861328,248.50999450683594,244.94000244140625,245.36000061035156,10630900
2021-06-16,242.27000427246094,246.05999755859375,241.5500030517578,245.25,10529200
2021-06-17,239.22000122070312,243.5,237.3300018310547,241.9600067138672,10774400
2021-06-18,237.35000610351562,239.30999755859375,235.8000030517578,237.7899932861328,11965000
2021-06-21,245.27999877929688,245.6199951171875,237.25,238.66000366210938,15301800
2021-06-22,243.77999877929688,244.6300048828125,241.0800018310547,244.5,10042500
2021-06-23,243.57000732421875,246.8699951171875,243.1699981689453,244.8000030517578,9874700
2021-06-24,250.57000732421875,250.74000549316406,243.6999969482422,245.1999969482422,13755600
2021-06-25,248.3800048828125,252.3000030517578,248.25,250.75,9625800
2021-06-28,239.9600067138672,245.0800018310547,238.8800048828125,244.72999572753906,18152000
2021-06-29,235.75999450683594,244.3699951171875,235.66000366210938,243.74000549316406,16743900
2021-06-30,239.55999755859375,241.1699981689453,236.0,236.24000549316406,12089100
2021-07-01,239.72999572753906,241.8000030517578,238.61000061035156,240.36000061035156,9516200
2021-07-02,236.67999267578125,240.11000061035156,233.47000122070312,239.5500030517578,15706600
2021-07-06,236.13999938964844,237.1699981689453,233.47000122070312,236.85000610351562,11045800
2021-07-07,231.77999877929688,238.00999450683594,230.52000427246094,235.1699981689453,11497000
2021-07-08,236.77000427246094,237.47000122070312,226.16000366210938,227.47999572753906,17964300
2021-07-09,239.58999633789062,240.3800048828125,236.22000122070312,237.77000427246094,12385400
2021-07-12,238.2899932861328,240.77000427246094,236.4600067138672,237.99000549316406,9071500
2021-07-13,228.1999969482422,234.49000549316406,228.16000366210938,232.27000427246094,21029500
2021-07-14,224.4499969482422,230.52000427246094,224.3000030517578,229.02000427246094,12137000
2021-07-15,222.75999450683594,226.6699981689453,220.8000030517578,222.8800048828125,12228600
2021-07-16,217.74000549316406,224.0,217.02999877929688,223.11000061035156,12413400
2021-07-19,206.99000549316406,211.5500030517578,204.8000030517578,211.17999267578125,24123600
2021-07-20,217.14999389648438,217.3699951171875,206.6199951171875,208.10000610351562,17027300
2021-07-21,222.5399932861328,224.08999633789062,218.89999389648438,219.5,11437600
2021-07-22,220.8699951171875,222.25,218.30999755859375,221.52000427246094,9768900
2021-07-23,221.52000427246094,224.6300048828125,220.94000244140625,222.97000122070312,9379500
2021-07-26,225.85000610351562,226.1199951171875,219.88999938964844,220.0,8933200
2021-07-27,222.27000427246094,225.6999969482422,220.4199981689453,223.1699981689453,8784200
2021-07-28,231.57000732421875,237.49000549316406,231.3300018310547,234.0500030517578,19330500
2021-07-29,231.6300048828125,234.82000732421875,231.1199951171875,233.69000244140625,8667900
2021-07-30,226.47999572753906,231.17999267578125,225.39999389648438,229.38999938964844,9940100
2021-08-02,225.33999633789062,230.47000122070312,224.8699951171875,227.19000244140625,8889100
2021-08-03,229.08999633789062,229.10000610351562,221.3000030517578,225.89999389648438,7326400
2021-08-04,226.6300048828125,232.35000610351562,225.3300018310547,226.4199981689453,9756300
2021-08-05,229.94000244140625,231.5399932861328,226.49000549316406,226.67999267578125,8362600
2021-08-06,231.3300018310547,233.57000732421875,230.4199981689453,231.5500030517578,6061900
2021-08-09,232.27000427246094,233.57000732421875,226.88999938964844,229.0,8358600
2021-08-10,235.77999877929688,236.85000610351562,231.6199951171875,231.97000122070312,9603500
2021-08-11,239.49000549316406,239.58999633789062,234.5800018310547,236.61000061035156,9664000
2021-08-12,238.17999267578125,241.14999389648438,236.50999450683594,240.0,6810000
2021-08-13,234.4600067138672,239.69000244140625,234.27999877929688,238.00999450683594,6390300
2021-08-16,229.05999755859375,232.02999877929688,227.13999938964844,231.89999389648438,7622000
2021-08-17,222.22000122070312,226.24000549316406,219.8000030517578,226.1999969482422,13124000
2021-08-18,219.0,223.64999389648438,218.89999389648438,221.72999572753906,9000900
2021-08-19,212.16000366210938,218.3000030517578,211.72999572753906,216.3000030517578,11404400
2021-08-20,212.6699981689453,214.74000549316406,210.94000244140625,212.30999755859375,9335700
2021-08-23,219.39999389648438,220.17999267578125,215.3800048828125,215.8300018310547,10392100
2021-08-24,221.42999267578125,223.10000610351562,219.8000030517578,220.11000061035156,8942600
2021-08-25,221.02999877929688,222.3000030517578,219.10000610351562,221.5,6528900
2021-08-26,216.5,222.89999389648438,215.91000366210938,221.41000366210938,8341400
2021-08-27,221.75,222.42999267578125,216.86000061035156,217.47000122070312,7684900
2021-08-30,217.66000366210938,222.3699951171875,217.52999877929688,222.35000610351562,7587800
2021-08-31,219.5,221.3300018310547,217.08999633789062,217.3300018310547,6764500
2021-09-01,218.1199951171875,221.75999450683594,217.6199951171875,220.0,7157400
2021-09-02,220.8300018310547,223.83999633789062,218.0800018310547,218.9499969482422,8899500
2021-09-03,218.1699981689453,221.17999267578125,217.4600067138672,219.4499969482422,6393500
2021-09-07,214.24000549316406,216.7100067138672,212.1699981689453,215.91000366210938,13196100
2021-09-08,211.3800048828125,216.0800018310547,210.50999450683594,213.60000610351562,8877600
2021-09-09,213.94000244140625,216.61000061035156,210.72000122070312,211.14999389648438,9242800
2021-09-10,210.3000030517578,215.88999938964844,210.1199951171875,215.16000366210938,6959700
2021-09-13,214.47999572753906,215.63999938964844,209.8800048828125,211.35000610351562,10175900
2021-09-14,211.57000732421875,216.11000061035156,210.7100067138672,215.83999633789062,9947000
2021-09-15,214.22000122070312,214.35000610351562,210.32000732421875,211.7899932861328,7916300
2021-09-16,213.36000061035156,216.30999755859375,213.30999755859375,213.9600067138672,6370900
2021-09-17,213.36000061035156,215.3699951171875,211.91000366210938,213.1199951171875,7932700
2021-09-20,209.5,212.42999267578125,206.52999877929688,210.80999755859375,10567400
2021-09-21,208.50999450683594,211.75999450683594,207.72000122070312,210.25,7139000
2021-09-22,216.97999572753906,217.99000549316406,209.64999389648438,210.0,10953000
2021-09-23,221.10000610351562,222.6199951171875,217.14999389648438,217.80999755859375,9344600
2021-09-24,221.38999938964844,222.41000366210938,218.66000366210938,219.1300048828125,6498200
2021-09-27,224.16000366210938,228.60000610351562,223.8800048828125,224.0,9749200
2021-09-28,218.41000366210938,224.5800018310547,216.4199981689453,222.89999389648438,9639800
2021-09-29,225.36000061035156,229.94000244140625,224.86000061035156,227.8000030517578,16808000
2021-09-30,219.94000244140625,226.14999389648438,219.4600067138672,226.0800018310547,10366900
2021-10-01,226.0,226.72000122070312,220.60000610351562,222.85000610351562,9113600
2021-10-04,223.7899932861328,227.97000122070312,222.0,225.67999267578125,6946100
2021-10-05,224.4199981689453,226.4499969482422,222.4199981689453,224.27000427246094,5687300
2021-10-06,224.99000549316406,225.07000732421875,219.1999969482422,221.0800018310547,7157600
2021-10-07,226.47999572753906,229.0,225.89999389648438,227.33999633789062,7748500
2021-10-08,226.38999938964844,228.7100067138672,225.39999389648438,226.75,4515000
2021-10-11,226.4499969482422,232.10000610351562,225.32000732421875,226.5,7287000
2021-10-12,223.57000732421875,228.66000366210938,223.1199951171875,226.0,8486800
2021-10-13,221.77999877929688,224.3000030517578,219.36000061035156,224.0,8240200
2021-10-14,217.44000244140625,222.17999267578125,217.0399932861328,221.07000732421875,10427300
2021-10-15,217.0399932861328,219.61000061035156,216.27999877929688,218.1699981689453,8773400
2021-10-18,216.97999572753906,217.27999877929688,214.0500030517578,216.0,6553500
2021-10-19,215.97000122070312,217.66000366210938,215.27999877929688,217.47000122070312,5963400
2021-10-20,216.1699981689453,218.66000366210938,214.35000610351562,215.49000549316406,8485200
2021-10-21,214.33999633789062,218.11000061035156,213.80999755859375,216.5399932861328,8691500
2021-10-22,212.97000122070312,216.72000122070312,212.5800018310547,214.60000610351562,7077600
2021-10-25,212.8699951171875,213.97999572753906,211.6999969482422,213.25,7239100
2021-10-26,209.80999755859375,214.85000610351562,208.17999267578125,213.19000244140625,11014500
2021-10-27,206.61000061035156,212.89999389648438,205.63999938964844,212.85000610351562,14761700
2021-10-28,207.85000610351562,208.74000549316406,204.60000610351562,206.0,8825500
2021-10-29,207.02999877929688,208.24000549316406,205.2899932861328,206.83999633789062,8559500
2021-11-01,214.5800018310547,214.69000244140625,206.80999755859375,207.0,9284900
2021-11-02,212.77000427246094,215.72000122070312,210.6999969482422,213.8300018310547,6160200
2021-11-03,213.3800048828125,213.75999450683594,210.8699951171875,211.47000122070312,4636100
2021-11-04,213.02999877929688,214.82000732421875,211.8699951171875,213.8000030517578,5849600
2021-11-05,224.4600067138672,224.5800018310547,217.6999969482422,217.6999969482422,16936300
2021-11-08,222.67999267578125,226.99000549316406,222.11000061035156,225.24000549316406,9456100
2021-11-09,220.7899932861328,222.85000610351562,217.5399932861328,222.49000549316406,6863700
2021-11-10,218.5,225.67999267578125,217.27000427246094,219.36000061035156,8197600
2021-11-11,219.3800048828125,222.64999389648438,218.89999389648438,220.5,6567300
2021-11-12,220.9600067138672,223.75,218.89999389648438,219.72000122070312,6419900
2021-11-15,233.08999633789062,233.94000244140625,226.9199981689453,227.3699951171875,21921900
2021-11-16,225.8000030517578,232.9499969482422,225.50999450683594,232.94000244140625,10120200
2021-11-17,226.6199951171875,231.32000732421875,224.1999969482422,229.5399932861328,10750900
2021-11-18,227.25,231.5,224.9499969482422,230.3000030517578,10983700
2021-11-19,214.1300048828125,225.3300018310547,213.22999572753906,225.07000732421875,20844100
2021-11-22,209.89999389648438,215.02000427246094,208.9499969482422,215.0,10764300
2021-11-23,209.1300048828125,212.99000549316406,207.77000427246094,211.5,8882800
2021-11-24,210.60000610351562,211.22000122070312,206.8699951171875,207.52000427246094,5437600
2021-11-26,199.2100067138672,199.4199981689453,194.0,197.57000732421875,17636600
2021-11-29,198.5,204.27999877929688,195.3300018310547,201.8699951171875,12276200
2021-11-30,197.85000610351562,198.82000732421875,193.85000610351562,196.02000427246094,12638900
2021-12-01,188.19000244140625,201.6199951171875,188.0,200.80999755859375,13268700
2021-12-02,202.3800048828125,202.5399932861328,192.41000366210938,196.8000030517578,20435400
2021-12-03,198.49000549316406,199.89999389648438,195.4199981689453,198.6999969482422,10742700
2021-12-06,205.8800048828125,206.4199981689453,199.1999969482422,199.77000427246094,11587900
2021-12-07,208.8300018310547,211.64999389648438,206.3800048828125,207.05999755859375,10387900
2021-12-08,211.02999877929688,212.67999267578125,207.7100067138672,209.17999267578125,6986800
2021-12-09,207.55999755859375,208.5500030517578,205.1999969482422,207.52999877929688,7011000
2021-12-10,205.05999755859375,209.0,203.47999572753906,208.80999755859375,6040000
2021-12-13,197.39999389648438,202.80999755859375,195.5500030517578,202.5,10619600
2021-12-14,195.5,200.5,195.17999267578125,195.60000610351562,8445100
2021-12-15,195.42999267578125,196.5800018310547,190.32000732421875,195.27999877929688,10535900
2021-12-16,190.7899932861328,198.32000732421875,190.44000244140625,197.0,8216800
2021-12-17,192.6300048828125,194.77000427246094,187.8800048828125,190.27000427246094,12618300
2021-12-20,188.47999572753906,190.36000061035156,185.25999450683594,188.11000061035156,10256400
2021-12-21,199.52000427246094,199.69000244140625,190.0399932861328,190.27999877929688,12082300
2021-12-22,201.69000244140625,202.92999267578125,197.94000244140625,199.4600067138672,8145300
2021-12-23,204.22000122070312,205.1300048828125,201.32000732421875,202.1300048828125,7415200
2021-12-27,203.1699981689453,203.42999267578125,199.10000610351562,201.99000549316406,7818900
2021-12-28,206.1300048828125,208.94000244140625,201.64999389648438,202.22999572753906,8879700
2021-12-29,203.66000366210938,205.41000366210938,202.60000610351562,205.36000061035156,6119000
2021-12-30,202.7100067138672,206.0,202.60000610351562,203.0,7012600
2021-12-31,201.32000732421875,203.69000244140625,200.02999877929688,202.1999969482422,8053000
2022-01-03,207.86000061035156,210.5500030517578,203.33999633789062,204.0,9060200
2022-01-04,213.6300048828125,214.55999755859375,209.77999877929688,211.3000030517578,11414600
2022-01-05,213.07000732421875,218.92999267578125,211.80999755859375,216.63999938964844,11564700
2022-01-06,211.33999633789062,216.0,207.86000061035156,214.63999938964844,7142200
2022-01-07,215.5,218.32000732421875,212.3800048828125,212.97999572753906,9526400
2022-01-10,209.30999755859375,215.27999877929688,207.1300048828125,214.25999450683594,8229000
2022-01-11,216.02000427246094,217.02999877929688,208.41000366210938,209.0,8098400
2022-01-12,217.4499969482422,221.24000549316406,216.3000030517578,217.08999633789062,9134500
2022-01-13,223.89999389648438,226.88999938964844,220.0500030517578,222.25,17628000
2022-01-14,225.9600067138672,226.1999969482422,220.25,222.16000366210938,8053500
2022-01-18,225.00999450683594,229.6699981689453,224.25999450683594,224.5,8930700
2022-01-19,217.0800018310547,225.4199981689453,216.94000244140625,225.10000610351562,9382800
2022-01-20,214.19000244140625,221.9499969482422,213.4199981689453,217.3800048828125,7636800
2022-01-21,205.44000244140625,213.7899932861328,204.57000732421875,213.7899932861328,11548500
2022-01-24,204.1999969482422,204.8000030517578,192.50999450683594,199.85000610351562,13796500
2022-01-25,204.10000610351562,205.6300048828125,197.5500030517578,200.10000610351562,8824500
2022-01-26,194.27000427246094,206.2100067138672,191.9199981689453,206.2100067138672,19974400
2022-01-27,189.75,199.7100067138672,188.63999938964844,196.3800048828125,12670100
2022-01-28,190.57000732421875,190.72000122070312,183.77000427246094,188.77999877929688,10966700
2022-01-31,200.24000549316406,200.33999633789062,190.0,190.72999572753906,15504600
2022-02-01,208.33999633789062,208.88999938964844,200.5,202.47999572753906,12265100
2022-02-02,207.52000427246094,208.38999938964844,203.2100067138672,205.42999267578125,7843700
2022-02-03,206.38999938964844,209.10000610351562,204.25999450683594,206.05999755859375,7054700
2022-02-04,206.4499969482422,208.25,203.10000610351562,205.0,5952600
2022-02-07,211.9199981689453,214.3699951171875,205.4199981689453,205.7899932861328,11816900
2022-02-08,213.27000427246094,213.8699951171875,209.69000244140625,212.67999267578125,7356200
2022-02-09,215.86000061035156,217.0399932861328,213.3000030517578,214.91000366210938,7587700
2022-02-10,218.75,223.22999572753906,213.6999969482422,213.7100067138672,11695900
2022-02-11,212.3000030517578,221.4199981689453,210.27000427246094,217.8699951171875,11443700
2022-02-14,210.0399932861328,215.6300048828125,208.75999450683594,213.0,6481400
2022-02-15,217.72999572753906,219.5399932861328,213.69000244140625,214.83999633789062,10448500
2022-02-16,218.92999267578125,219.67999267578125,215.27999877929688,216.10000610351562,5698900
2022-02-17,213.5800018310547,218.5800018310547,212.6699981689453,218.47000122070312,6176600
2022-02-18,209.02999877929688,214.72999572753906,208.60000610351562,212.55999755859375,6973600
2022-02-22,198.74000549316406,206.89999389648438,197.82000732421875,205.0,10382100
2022-02-23,196.4199981689453,203.25,195.91000366210938,201.1300048828125,7326300
2022-02-24,198.42999267578125,198.86000061035156,186.8800048828125,189.2899932861328,12207600
2022-02-25,201.47999572753906,204.07000732421875,199.10000610351562,201.08999633789062,8730300
2022-02-28,205.33999633789062,207.30999755859375,196.75,198.5800018310547,9859300
2022-03-01,194.91000366210938,203.5,192.92999267578125,203.11000061035156,11799500
2022-03-02,197.80999755859375,199.85000610351562,194.63999938964844,196.27000427246094,7463400
2022-03-03,188.85000610351562,198.5,188.7100067138672,197.94000244140625,12424500
2022-03-04,180.83999633789062,188.32000732421875,178.97000122070312,187.3699951171875,13084000
2022-03-07,169.1699981689453,182.72000122070312,169.05999755859375,181.02999877929688,12847500
2022-03-08,173.8000030517578,180.82000732421875,167.5800018310547,169.72999572753906,13715500
2022-03-09,178.55999755859375,182.8699951171875,177.41000366210938,179.8000030517578,10062100
2022-03-10,178.38999938964844,182.02000427246094,175.38999938964844,175.75999450683594,8364100
2022-03-11,176.22999572753906,184.86000061035156,175.9499969482422,183.58999633789062,9373600
2022-03-14,175.52000427246094,178.22999572753906,172.57000732421875,175.8800048828125,8138900
2022-03-15,179.88999938964844,180.5,175.60000610351562,176.3000030517578,8051500
2022-03-16,188.99000549316406,189.60000610351562,182.3000030517578,183.38999938964844,12077500
2022-03-17,190.19000244140625,190.24000549316406,185.27000427246094,186.36000061035156,8126600
2022-03-18,192.8300018310547,193.3800048828125,190.10000610351562,192.07000732421875,12849600
2022-03-21,185.89999389648438,187.27000427246094,180.61000061035156,184.39999389648438,27369600
2022-03-22,191.0399932861328,192.86000061035156,184.52000427246094,185.24000549316406,14378500
2022-03-23,186.0399932861328,190.16000366210938,185.02999877929688,189.6699981689453,8297800
2022-03-24,189.0500030517578,189.19000244140625,184.72000122070312,186.35000610351562,7094400
2022-03-25,188.9499969482422,191.6999969482422,186.92999267578125,187.75999450683594,6365600
2022-03-28,188.16000366210938,189.25999450683594,184.47000122070312,188.42999267578125,6904100
2022-03-29,193.8000030517578,196.36000061035156,191.1999969482422,191.6199951171875,8438700
2022-03-30,194.91000366210938,197.4499969482422,191.36000061035156,192.32000732421875,9959300
2022-03-31,191.5,197.5800018310547,191.4499969482422,195.0,6447900
2022-04-01,190.75999450683594,192.6199951171875,188.77999877929688,192.5800018310547,4862100
2022-04-04,191.17999267578125,191.83999633789062,186.91000366210938,190.02000427246094,7792100
2022-04-05,182.64999389648438,192.35000610351562,182.52000427246094,189.6999969482422,9371600
2022-04-06,178.72000122070312,180.57000732421875,176.5800018310547,180.39999389648438,8173900
2022-04-07,177.97000122070312,178.66000366210938,173.8699951171875,178.1300048828125,7517800
2022-04-08,175.1999969482422,178.1300048828125,174.24000549316406,176.5399932861328,6524100
2022-04-11,175.02999877929688,179.6699981689453,173.39999389648438,173.83999633789062,6001100
2022-04-12,176.27999877929688,178.5,174.52999877929688,175.5,6125100
2022-04-13,182.8699951171875,183.4600067138672,176.9600067138672,176.9600067138672,7399900
2022-04-14,181.94000244140625,185.5399932861328,181.63999938964844,182.75,5144600
2022-04-18,179.85000610351562,182.4600067138672,178.5500030517578,181.4499969482422,5042600
2022-04-19,185.97999572753906,187.61000061035156,180.27999877929688,180.36000061035156,7485600
2022-04-20,183.5500030517578,187.33999633789062,182.86000061035156,187.24000549316406,6824300
2022-04-21,181.02000427246094,189.85000610351562,180.5500030517578,188.72999572753906,7446100
2022-04-22,176.9199981689453,182.6699981689453,176.5,180.77999877929688,6372400
2022-04-25,175.91000366210938,176.0800018310547,172.4499969482422,174.50999450683594,6293100
2022-04-26,167.0399932861328,174.8699951171875,166.85000610351562,174.75999450683594,9277300
2022-04-27,154.4600067138672,161.25,146.0,161.25,40371700
2022-04-28,154.22000122070312,156.7899932861328,149.0,156.61000061035156,13518800
2022-04-29,148.83999633789062,157.02999877929688,148.52000427246094,153.44000244140625,10880300
2022-05-02,148.61000061035156,149.4499969482422,143.3800048828125,148.02000427246094,12399200
2022-05-03,153.5800018310547,154.4499969482422,147.91000366210938,149.08999633789062,10149500
2022-05-04,156.97000122070312,157.13999938964844,150.77000427246094,152.91000366210938,9550600
2022-05-05,150.47000122070312,157.99000549316406,149.0500030517578,155.69000244140625,7950800
2022-05-06,148.89999389648438,150.89999389648438,145.85000610351562,149.9600067138672,7697900
2022-05-09,133.30999755859375,146.9499969482422,132.64999389648438,146.0,12593800
2022-05-10,132.9499969482422,137.83999633789062,130.3300018310547,136.75999450683594,11781400
2022-05-11,129.38999938964844,138.9600067138672,129.11000061035156,132.9499969482422,11388400
2022-05-12,123.13999938964844,128.52999877929688,120.27999877929688,126.88999938964844,15891300
2022-05-13,127.19999694824219,130.8000030517578,122.37999725341797,124.9800033569336,20891500
2022-05-16,124.05000305175781,131.1199951171875,122.3499984741211,127.05000305175781,10631600
2022-05-17,132.0500030517578,132.8300018310547,125.79000091552734,126.91000366210938,12154200
2022-05-18,125.5199966430664,132.10000610351562,124.36000061035156,130.33999633789062,9567600
2022-05-19,127.13999938964844,128.39999389648438,123.69999694824219,124.4000015258789,8075800
2022-05-20,120.69999694824219,128.85000610351562,117.08000183105469,128.77000427246094,18822200
2022-05-23,124.06999969482422,124.4800033569336,120.33999633789062,121.69999694824219,9341500
2022-05-24,119.4000015258789,122.69999694824219,117.29000091552734,122.44000244140625,9092400
2022-05-25,122.05999755859375,122.5999984741211,118.76000213623047,119.16999816894531,7707900
2022-05-26,127.7300033569336,128.83999633789062,122.73999786376953,123.0999984741211,8333900
2022-05-27,132.22999572753906,132.22999572753906,128.32000732421875,128.77000427246094,7261500
2022-05-31,131.39999389648438,132.99000549316406,128.86000061035156,131.02999877929688,7953700
2022-06-01,130.64999389648438,134.3300018310547,127.01000213623047,133.0,9991600
2022-06-02,140.5,140.5500030517578,131.8699951171875,132.13999938964844,12777000
2022-06-03,139.25,140.6999969482422,137.58999633789062,138.52000427246094,10091800
2022-06-06,139.24000549316406,141.13999938964844,136.8300018310547,139.99000549316406,6354800
2022-06-07,140.82000732421875,141.24000549316406,135.91000366210938,137.49000549316406,5436100
2022-06-08,139.6300048828125,142.2100067138672,138.44000244140625,139.1300048828125,5833700
2022-06-09,133.72999572753906,139.66000366210938,133.6999969482422,139.35000610351562,6010100
2022-06-10,127.0,132.19000244140625,126.8499984741211,130.27000427246094,7770700
2022-06-13,115.86000061035156,123.25,114.13999938964844,123.0,16778500
2022-06-14,122.16000366210938,122.19000244140625,113.0199966430664,116.6500015258789,17549800
2022-06-15,133.72000122070312,134.99000549316406,123.83000183105469,124.3499984741211,25997800
2022-06-16,133.36000061035156,135.33999633789062,131.25999450683594,131.6999969482422,19543600
2022-06-17,136.8000030517578,138.97999572753906,131.5,132.25,16042500
2022-06-21,136.75,140.94000244140625,135.83999633789062,139.1699981689453,10519900
2022-06-22,137.16000366210938,138.7899932861328,133.27999877929688,134.02999877929688,7713300
2022-06-23,133.97000122070312,137.4199981689453,130.08999633789062,136.4199981689453,10746900
2022-06-24,141.52999877929688,141.8699951171875,134.9499969482422,135.00999450683594,13626200
2022-06-27,138.72000122070312,140.57000732421875,136.22000122070312,140.27999877929688,8457400
2022-06-28,138.6999969482422,147.17999267578125,138.5399932861328,140.88999938964844,12125400
2022-06-29,138.4499969482422,138.9199981689453,134.83999633789062,138.61000061035156,7489200
2022-06-30,136.72000122070312,137.49000549316406,131.60000610351562,134.3000030517578,8455100
2022-07-01,139.83999633789062,141.7899932861328,135.39999389648438,135.8800048828125,7627100
2022-07-05,137.6999969482422,138.07000732421875,131.2899932861328,136.25,10065900
2022-07-06,136.30999755859375,138.7100067138672,134.4600067138672,137.5399932861328,6608000
2022-07-07,139.97000122070312,142.27999877929688,137.89999389648438,137.92999267578125,7674400
2022-07-08,139.07000732421875,140.74000549316406,137.3699951171875,139.6999969482422,5655500
2022-07-11,136.99000549316406,139.24000549316406,134.88999938964844,137.77000427246094,6176500
2022-07-12,147.14999389648438,149.32000732421875,136.80999755859375,136.86000061035156,18598200
2022-07-13,143.9499969482422,146.41000366210938,142.17999267578125,142.7899932861328,9038700
2022-07-14,147.14999389648438,147.49000549316406,140.61000061035156,141.11000061035156,9456100
2022-07-15,147.74000549316406,149.74000549316406,144.64999389648438,149.1699981689453,7910400
2022-07-18,147.72000122070312,155.94000244140625,147.1999969482422,153.30999755859375,13948500
2022-07-19,156.1300048828125,156.27999877929688,148.97000122070312,149.61000061035156,14183000
2022-07-20,158.3800048828125,159.39999389648438,154.25999450683594,156.0,8668600
2022-07-21,161.41000366210938,161.66000366210938,156.19000244140625,158.88999938964844,8044100
2022-07-22,158.16000366210938,163.33999633789062,157.77000427246094,161.8000030517578,7594900
2022-07-25,156.63999938964844,157.30999755859375,152.83999633789062,156.94000244140625,5764700
2022-07-26,155.9199981689453,158.17999267578125,154.5,155.24000549316406,6053100
2022-07-27,156.08999633789062,162.74000549316406,152.8000030517578,161.1199951171875,16356600
2022-07-28,159.08999633789062,160.10000610351562,153.02999877929688,154.02000427246094,8729100
2022-07-29,159.30999755859375,159.83999633789062,155.5399932861328,157.9499969482422,5743500
2022-08-01,169.07000732421875,171.75999450683594,164.25,165.9499969482422,18321600
2022-08-02,163.27999877929688,167.3300018310547,163.13999938964844,167.0,10874300
2022-08-03,166.63999938964844,167.52000427246094,162.3300018310547,164.50999450683594,6709100
2022-08-04,166.5,168.1199951171875,164.41000366210938,165.77000427246094,5039600
2022-08-05,165.0399932861328,167.07000732421875,163.92999267578125,164.39999389648438,4709100
2022-08-08,165.88999938964844,171.08999633789062,164.7100067138672,166.41000366210938,11293200
2022-08-09,164.85000610351562,166.50999450683594,163.4499969482422,166.50999450683594,6064800
2022-08-10,169.02000427246094,171.13999938964844,167.25,168.35000610351562,7181700
2022-08-11,167.8800048828125,171.75999450683594,167.0500030517578,170.5,4996800
2022-08-12,169.99000549316406,170.11000061035156,167.57000732421875,168.38999938964844,4345200
2022-08-15,170.47000122070312,172.5500030517578,168.32000732421875,169.2899932861328,4734700
2022-08-16,172.0800018310547,173.85000610351562,169.14999389648438,170.0,5259600
2022-08-17,167.1999969482422,169.85000610351562,166.08999633789062,169.61000061035156,6533500
2022-08-18,168.69000244140625,169.17999267578125,165.77000427246094,167.1999969482422,4404600
2022-08-19,162.9199981689453,166.83999633789062,162.5800018310547,166.3300018310547,5736100
2022-08-22,158.97999572753906,160.27000427246094,157.91000366210938,159.39999389648438,5312300
2022-08-23,160.07000732421875,161.69000244140625,159.0800018310547,159.13999938964844,3425200
2022-08-24,163.60000610351562,164.13999938964844,161.3800048828125,162.27000427246094,4211300
2022-08-25,169.3800048828125,169.64999389648438,163.6999969482422,164.55999755859375,4949400
2022-08-26,164.52999877929688,171.3699951171875,164.27000427246094,170.0,4957400
2022-08-29,165.4199981689453,166.89999389648438,162.1999969482422,162.27999877929688,4727600
2022-08-30,162.2100067138672,169.9199981689453,160.72000122070312,167.27000427246094,6248600
2022-08-31,160.25,163.5500030517578,160.13999938964844,163.0,4123500
2022-09-01,153.66000366210938,158.89999389648438,150.82000732421875,158.0,7652000
2022-09-02,151.82000732421875,156.99000549316406,151.47999572753906,155.19000244140625,5262800
2022-09-06,152.38999938964844,154.47999572753906,150.4600067138672,152.38999938964844,5210500
2022-09-07,155.9499969482422,156.35000610351562,150.8699951171875,151.25999450683594,5298600
2022-09-08,157.7899932861328,158.3000030517578,153.83999633789062,155.0,4949100
2022-09-09,157.52000427246094,159.75,156.9499969482422,158.0,5775800
2022-09-12,158.72000122070312,160.97000122070312,157.4499969482422,158.4600067138672,5363100
2022-09-13,147.30999755859375,155.19000244140625,147.1300048828125,153.60000610351562,8724900
2022-09-14,149.25999450683594,149.6999969482422,144.3000030517578,146.89999389648438,8478000
2022-09-15,149.77999877929688,153.4499969482422,147.27999877929688,147.8800048828125,9792800
2022-09-16,144.2899932861328,145.6300048828125,141.35000610351562,145.22999572753906,10310700
2022-09-19,144.8800048828125,146.99000549316406,142.35000610351562,142.6199951171875,5150700
2022-09-20,145.94000244140625,147.6699981689453,143.89999389648438,145.25999450683594,6737600
2022-09-21,143.2899932861328,149.8699951171875,143.2100067138672,146.77000427246094,6244300
2022-09-22,138.7100067138672,143.6999969482422,138.2899932861328,143.1300048828125,6311800
2022-09-23,131.25999450683594,136.19000244140625,129.5,135.64999389648438,8927900
2022-09-26,127.33999633789062,132.4499969482422,126.87999725341797,129.77000427246094,7095100
2022-09-27,127.51000213623047,130.4499969482422,125.5999984741211,129.32000732421875,6682300
2022-09-28,133.44000244140625,133.88999938964844,127.4000015258789,128.0399932861328,10257200
2022-09-29,125.33000183105469,131.61000061035156,123.80000305175781,131.1999969482422,8905400
2022-09-30,121.08000183105469,125.4800033569336,120.98999786376953,123.13999938964844,8383000
2022-10-03,126.05000305175781,127.1500015258789,121.0199966430664,122.0,7962400
2022-10-04,133.50999450683594,133.57000732421875,129.3300018310547,129.39999389648438,7235700
2022-10-05,132.11000061035156,133.5500030517578,128.25999450683594,130.27999877929688,6268300
2022-10-06,132.1999969482422,133.30999755859375,129.74000549316406,131.1300048828125,4454700
2022-10-07,129.7899932861328,130.61000061035156,128.02000427246094,130.36000061035156,5097400
2022-10-10,131.89999389648438,135.74000549316406,130.1999969482422,131.4199981689453,6829900
2022-10-11,131.57000732421875,135.36000061035156,129.50999450683594,132.9600067138672,8508400
2022-10-12,130.4199981689453,131.33999633789062,127.86000061035156,128.42999267578125,6393000
2022-10-13,132.39999389648438,134.6999969482422,124.16999816894531,126.5,7842300
2022-10-14,133.14999389648438,136.41000366210938,131.3699951171875,135.58999633789062,6093900
2022-10-17,136.08999633789062,137.27999877929688,133.25999450683594,136.97999572753906,9073500
2022-10-18,137.33999633789062,139.4199981689453,135.22000122070312,139.0,6146300
2022-10-19,138.38999938964844,141.1999969482422,136.6300048828125,137.1699981689453,6321900
2022-10-20,139.1300048828125,141.8800048828125,138.36000061035156,138.36000061035156,4331700
2022-10-21,141.32000732421875,141.3300018310547,136.6199951171875,138.47999572753906,5451300
2022-10-24,142.0500030517578,142.8800048828125,139.27999877929688,142.85000610351562,5177800
2022-10-25,146.64999389648438,146.8800048828125,141.8800048828125,142.08999633789062,6515600
2022-10-26,133.7899932861328,150.13999938964844,132.2100067138672,147.0500030517578,29406500
2022-10-27,139.75999450683594,143.10000610351562,136.6199951171875,137.10000610351562,13754900
2022-10-28,143.83999633789062,144.72999572753906,139.92999267578125,141.16000366210938,7941100
2022-10-31,142.50999450683594,144.4499969482422,139.52000427246094,141.8800048828125,6212200
2022-11-01,143.3800048828125,145.25,141.83999633789062,143.99000549316406,5758600
2022-11-02,147.41000366210938,153.58999633789062,141.5399932861328,142.1199951171875,20236100
2022-11-03,156.75,158.69000244140625,147.5,148.7899932861328,16212600
2022-11-04,160.00999450683594,160.97999572753906,154.5,156.66000366210938,9396200
2022-11-07,164.91000366210938,166.6999969482422,160.6300048828125,161.39999389648438,10220300
2022-11-08,169.6199951171875,170.5500030517578,164.91000366210938,166.0,11274500
2022-11-09,168.74000549316406,171.6199951171875,166.86000061035156,169.2899932861328,8893800
2022-11-10,177.5800018310547,179.32000732421875,171.75,172.13999938964844,12375000
2022-11-11,177.49000549316406,178.02999877929688,172.99000549316406,176.39999389648438,8894300
2022-11-14,173.5500030517578,178.19000244140625,173.5,176.5,5598300
2022-11-15,175.35000610351562,176.69000244140625,172.75,175.49000549316406,7207900
2022-11-16,172.69000244140625,174.7899932861328,171.85000610351562,174.11000061035156,4438600
2022-11-17,172.77999877929688,173.14999389648438,168.52000427246094,169.3000030517578,4878600
2022-11-18,173.88999938964844,175.19000244140625,171.52999877929688,173.97999572753906,4693200
2022-11-21,172.94000244140625,174.72000122070312,171.1199951171875,172.52999877929688,3501800
2022-11-22,172.5,174.99000549316406,171.0,173.64999389648438,4370600
2022-11-23,174.85000610351562,175.0,171.77000427246094,172.08999633789062,3523500
2022-11-25,178.36000061035156,178.4600067138672,174.02999877929688,174.35000610351562,3476900
2022-11-28,171.8300018310547,177.13999938964844,171.6999969482422,176.1699981689453,5355500
2022-11-29,175.32000732421875,175.9499969482422,172.55999755859375,172.8800048828125,5077800
2022-11-30,178.8800048828125,179.97999572753906,174.1999969482422,178.0,6778700
2022-12-01,175.77999877929688,179.6999969482422,174.69000244140625,178.8800048828125,4517500
2022-12-02,182.8699951171875,183.4499969482422,172.85000610351562,173.1199951171875,10563800
2022-12-05,185.10000610351562,188.4499969482422,180.8000030517578,182.0,10456300
2022-12-06,178.42999267578125,184.7899932861328,177.00999450683594,184.00999450683594,8236900
2022-12-07,176.5,178.42999267578125,174.6199951171875,176.27999877929688,5871200
2022-12-08,179.0800018310547,184.8800048828125,178.61000061035156,179.32000732421875,6707700
2022-12-09,179.5399932861328,183.88999938964844,179.25,180.75,6359000
2022-12-12,186.27000427246094,186.69000244140625,180.5,180.8000030517578,8098400
2022-12-13,187.1300048828125,191.11000061035156,184.85000610351562,191.11000061035156,10975300
2022-12-14,188.25,189.6699981689453,185.41000366210938,187.3300018310547,5814900
2022-12-15,183.72000122070312,187.97999572753906,181.27999877929688,186.25,5343200
2022-12-16,184.6999969482422,186.61000061035156,181.3000030517578,182.7899932861328,7906800
2022-12-19,185.67999267578125,188.0399932861328,184.7100067138672,184.9199981689453,6605400
2022-12-20,188.2899932861328,189.91000366210938,185.74000549316406,186.17999267578125,6156800
2022-12-21,196.0,196.39999389648438,189.72000122070312,190.0399932861328,9175400
2022-12-22,188.25,194.1699981689453,185.6699981689453,193.82000732421875,6924800
2022-12-23,189.05999755859375,189.42999267578125,184.72000122070312,188.25,3983600
2022-12-27,189.39999389648438,192.44000244140625,187.6199951171875,189.5800018310547,5014800
2022-12-28,188.3800048828125,191.32000732421875,187.42999267578125,189.32000732421875,4426300
2022-12-29,188.91000366210938,190.25,186.19000244140625,189.0,4518900
2022-12-30,190.49000549316406,190.64999389648438,187.0399932861328,187.5,4007400
2023-01-03,195.38999938964844,197.17999267578125,192.39999389648438,192.9499969482422,8624600
2023-01-04,203.63999938964844,203.75999450683594,195.17999267578125,195.17999267578125,9746900
2023-01-05,204.99000549316406,204.99000549316406,200.77999877929688,201.72000122070312,6913300
2023-01-06,213.0,213.0399932861328,203.5500030517578,205.3000030517578,11256400
2023-01-09,208.57000732421875,213.8800048828125,207.91000366210938,212.36000061035156,9005600
2023-01-10,206.69000244140625,209.60000610351562,203.4600067138672,203.89999389648438,8183200
2023-01-11,208.02999877929688,210.47000122070312,206.69000244140625,209.8699951171875,7190700
2023-01-12,214.32000732421875,214.9199981689453,207.3699951171875,209.5800018310547,8208100
2023-01-13,214.1300048828125,216.63999938964844,211.5800018310547,212.0,6213200
2023-01-17,211.41000366210938,213.33999633789062,209.07000732421875,212.7100067138672,6150700
2023-01-18,209.41000366210938,213.4199981689453,209.1999969482422,212.89999389648438,5403100
2023-01-19,207.08999633789062,209.6699981689453,204.82000732421875,206.77000427246094,5813500
2023-01-20,206.75999450683594,207.99000549316406,204.77999877929688,207.47000122070312,5475400
2023-01-23,209.97000122070312,211.08999633789062,206.99000549316406,208.36000061035156,5481900
2023-01-24,211.97999572753906,212.14999389648438,205.0,205.0,4753700
2023-01-25,212.67999267578125,214.75,203.11000061035156,205.8000030517578,16106500
2023-01-26,212.72999572753906,213.7899932861328,207.1999969482422,213.47999572753906,7288100
2023-01-27,211.1699981689453,212.8800048828125,209.4199981689453,211.32000732421875,5237900
2023-01-30,209.6699981689453,211.36000061035156,207.7100067138672,209.19000244140625,6066800
2023-01-31,213.0,213.11000061035156,208.24000549316406,210.14999389648438,5163000
2023-02-01,214.75,218.97000122070312,211.89999389648438,212.11000061035156,8462100
2023-02-02,209.33999633789062,215.2899932861328,208.3000030517578,215.14999389648438,6513400
2023-02-03,206.00999450683594,210.75,205.6199951171875,207.7100067138672,5400300
2023-02-06,206.80999755859375,208.2100067138672,203.69000244140625,205.19000244140625,3903000
2023-02-07,214.75999450683594,215.14999389648438,206.9199981689453,208.0399932861328,7311200
2023-02-08,213.5,215.77000427246094,211.77999877929688,213.07000732421875,4229800
2023-02-09,211.99000549316406,215.4499969482422,210.05999755859375,214.4600067138672,5018900
2023-02-10,212.88999938964844,214.5,210.5,212.00999450683594,4862900
2023-02-13,215.64999389648438,216.36000061035156,211.5,213.60000610351562,5193300
2023-02-14,218.4499969482422,221.3300018310547,213.14999389648438,214.02000427246094,10033100
2023-02-15,217.44000244140625,218.25,214.60000610351562,217.16000366210938,4846800
2023-02-16,212.2100067138672,216.52000427246094,212.1699981689453,215.0,4388000
2023-02-17,211.66000366210938,211.75999450683594,207.6199951171875,211.2100067138672,4985700
2023-02-21,205.52000427246094,210.83999633789062,205.0500030517578,208.99000549316406,4663800
2023-02-22,205.75999450683594,207.6699981689453,204.64999389648438,205.30999755859375,2920000
2023-02-23,208.1300048828125,209.69000244140625,205.75999450683594,207.4499969482422,4139400
2023-02-24,198.14999389648438,201.6999969482422,197.36000061035156,200.0,9658700
2023-02-27,200.4600067138672,203.1300048828125,199.05999755859375,199.8699951171875,4318900
2023-02-28,201.5500030517578,202.3800048828125,199.32000732421875,201.0,3589900
2023-03-01,204.5500030517578,205.44000244140625,200.85000610351562,201.47000122070312,4402300
2023-03-02,210.05999755859375,210.3300018310547,203.14999389648438,203.77999877929688,5451500
2023-03-03,215.11000061035156,216.1199951171875,209.39999389648438,210.25,7496800
2023-03-06,211.9199981689453,214.75,209.60000610351562,214.1199951171875,7004400
2023-03-07,207.9199981689453,213.17999267578125,207.77999877929688,211.30999755859375,4619700
2023-03-08,207.1999969482422,208.8800048828125,205.94000244140625,208.25,2406900
2023-03-09,201.24000549316406,209.02000427246094,200.3000030517578,208.32000732421875,4284000
2023-03-10,203.07000732421875,205.0,197.7899932861328,201.42999267578125,8547100
2023-03-13,203.3699951171875,207.0800018310547,197.11000061035156,200.1999969482422,6671200
2023-03-14,207.27999877929688,213.55999755859375,205.0,207.52999877929688,8245700
2023-03-15,198.2100067138672,202.2100067138672,192.41000366210938,201.9199981689453,10894200
2023-03-16,203.19000244140625,203.91000366210938,194.42999267578125,196.2100067138672,6747300
2023-03-17,201.0500030517578,202.8300018310547,199.0,201.35000610351562,9858900
2023-03-20,204.77000427246094,205.8699951171875,200.8699951171875,201.1199951171875,4764000
2023-03-21,204.6999969482422,207.86000061035156,203.88999938964844,207.3000030517578,4673300
2023-03-22,196.16000366210938,203.8300018310547,196.00999450683594,203.67999267578125,7311600
2023-03-23,197.89999389648438,201.5,195.13999938964844,197.89999389648438,6266900
2023-03-24,197.52999877929688,197.57000732421875,193.9199981689453,195.5,4511600
2023-03-27,200.57000732421875,201.5500030517578,198.6300048828125,198.6300048828125,3891700
2023-03-28,204.9600067138672,206.3000030517578,200.49000549316406,200.82000732421875,5460600
2023-03-29,207.97000122070312,208.64999389648438,205.8800048828125,206.5,3572200
2023-03-30,211.0399932861328,212.8699951171875,206.52000427246094,208.97000122070312,6583400
2023-03-31,212.42999267578125,214.8000030517578,211.38999938964844,211.75,5147500
2023-04-03,215.38999938964844,218.57000732421875,212.52999877929688,212.8000030517578,6085900
2023-04-04,213.89999389648438,213.99000549316406,209.1199951171875,212.0,6192300
2023-04-05,210.0,214.22999572753906,208.6699981689453,212.22999572753906,4138400
2023-04-06,211.3699951171875,212.3699951171875,208.22000122070312,210.0,5618100
2023-04-10,210.77999877929688,214.10000610351562,209.72999572753906,211.0,3729300
2023-04-11,212.32000732421875,214.5,211.86000061035156,213.2899932861328,5277500
2023-04-12,212.33999633789062,214.3000030517578,210.1300048828125,213.66000366210938,4600300
2023-04-13,213.58999633789062,213.67999267578125,211.5,213.0,4501600
2023-04-14,201.7100067138672,204.27999877929688,198.14999389648438,202.58999633789062,19066500
2023-04-17,205.02999877929688,206.10000610351562,200.8000030517578,202.0,6306800
2023-04-18,208.3699951171875,208.94000244140625,203.72000122070312,205.5,7445800
2023-04-19,208.7100067138672,210.8699951171875,206.94000244140625,207.1199951171875,4757400
2023-04-20,207.22999572753906,209.8800048828125,206.0800018310547,207.4199981689453,3322900
2023-04-21,205.14999389648438,208.3800048828125,204.17999267578125,208.0,3432300
2023-04-24,205.77000427246094,206.5,203.25,204.8699951171875,3058900
2023-04-25,202.19000244140625,204.94000244140625,201.1199951171875,204.5399932861328,4699500
2023-04-26,203.02999877929688,211.6999969482422,202.67999267578125,208.25,9137200
2023-04-27,206.0399932861328,209.08999633789062,203.52999877929688,204.64999389648438,5105200
2023-04-28,206.77999877929688,206.9499969482422,202.89999389648438,204.50999450683594,3716100
2023-05-01,203.8699951171875,208.52000427246094,203.6199951171875,206.25,3776800
2023-05-02,203.25,204.19000244140625,200.08999633789062,203.0,3970800
2023-05-03,200.92999267578125,206.10000610351562,200.5500030517578,204.36000061035156,4537900
2023-05-04,197.0500030517578,201.25,193.27000427246094,200.64999389648438,6934100
2023-05-05,198.33999633789062,199.0399932861328,196.75999450683594,198.08999633789062,3872200
2023-05-08,197.25999450683594,199.66000366210938,196.39999389648438,199.16000366210938,4677400
2023-05-09,201.8800048828125,204.61000061035156,198.77999877929688,201.2100067138672,9329500
2023-05-10,200.83999633789062,203.1999969482422,198.25,203.13999938964844,3923700
2023-05-11,201.83999633789062,202.5500030517578,198.07000732421875,199.38999938964844,3322000
2023-05-12,200.6999969482422,203.11000061035156,198.82000732421875,201.83999633789062,3169800
2023-05-15,202.77000427246094,203.32000732421875,198.64999389648438,200.00999450683594,2842700
2023-05-16,200.8699951171875,202.36000061035156,199.94000244140625,201.82000732421875,3012100
2023-05-17,206.8699951171875,208.5800018310547,202.7100067138672,202.7100067138672,6641900
2023-05-18,207.24000549316406,208.1699981689453,204.00999450683594,206.4499969482422,4349700
2023-05-19,205.49000549316406,208.3699951171875,204.6300048828125,208.11000061035156,3896200
2023-05-22,205.91000366210938,206.97999572753906,203.89999389648438,205.50999450683594,3094300
2023-05-23,202.60000610351562,207.49000549316406,202.4499969482422,204.5800018310547,4011100
2023-05-24,199.27000427246094,201.32000732421875,197.5,201.32000732421875,4371600
2023-05-25,200.8699951171875,201.75,196.60000610351562,199.99000549316406,3909200
2023-05-26,203.6300048828125,204.8000030517578,201.17999267578125,201.60000610351562,3820300
2023-05-30,204.69000244140625,207.8000030517578,203.30999755859375,204.08999633789062,3978200
2023-05-31,205.6999969482422,206.19000244140625,200.91000366210938,203.5,5461600
2023-06-01,207.9600067138672,210.22999572753906,206.0,206.4600067138672,5125100
2023-06-02,213.32000732421875,215.24000549316406,210.0,210.0,7486300
2023-06-05,208.77999877929688,213.27999877929688,207.5,213.27999877929688,4996800
2023-06-06,207.2899932861328,211.67999267578125,200.61000061035156,208.3699951171875,10957200
2023-06-07,211.92999267578125,212.3800048828125,207.1999969482422,207.99000549316406,6462400
2023-06-08,218.11000061035156,220.0,212.0500030517578,212.33999633789062,9359300
2023-06-09,217.30999755859375,219.16000366210938,215.69000244140625,217.99000549316406,5297800
2023-06-12,221.55999755859375,223.91000366210938,216.6300048828125,217.16000366210938,8065400
2023-06-13,220.3800048828125,223.1199951171875,219.35000610351562,222.35000610351562,5881000
2023-06-14,216.89999389648438,221.58999633789062,216.02999877929688,221.39999389648438,5629100
2023-06-15,219.41000366210938,220.61000061035156,215.30999755859375,217.1699981689453,5001400
2023-06-16,219.99000549316406,223.8699951171875,218.97999572753906,220.72000122070312,7803900
2023-06-20,212.3699951171875,219.2899932861328,211.8800048828125,218.88999938964844,8226400
2023-06-21,212.0800018310547,212.99000549316406,209.38999938964844,211.8300018310547,5356400
2023-06-22,205.61000061035156,208.5,203.64999389648438,205.61000061035156,7057500
2023-06-23,205.41000366210938,205.61000061035156,202.5500030517578,204.02000427246094,6338200
2023-06-26,205.5800018310547,207.08999633789062,204.66000366210938,206.11000061035156,3444900
2023-06-27,209.42999267578125,209.66000366210938,206.0800018310547,206.14999389648438,4465500
2023-06-28,210.72000122070312,212.19000244140625,209.4499969482422,211.2100067138672,4276100
2023-06-29,211.8300018310547,213.22000122070312,210.22999572753906,211.1199951171875,3443600
2023-06-30,211.16000366210938,213.24000549316406,209.3800048828125,213.13999938964844,5488700
2023-07-03,210.9199981689453,212.1699981689453,210.24000549316406,210.5,2143000
2023-07-05,213.30999755859375,214.27999877929688,207.88999938964844,210.0,4921000
2023-07-06,212.6199951171875,213.61000061035156,209.5800018310547,212.47999572753906,4674700
2023-07-07,212.10000610351562,215.66000366210938,211.8300018310547,212.94000244140625,4893600
2023-07-10,213.30999755859375,213.58999633789062,211.22000122070312,211.83999633789062,3497100
2023-07-11,218.75999450683594,218.97999572753906,211.35000610351562,212.9199981689453,7451400
2023-07-12,217.11000061035156,221.55999755859375,216.9199981689453,219.50999450683594,5123200
2023-07-13,216.85000610351562,218.89999389648438,216.3000030517578,218.1300048828125,4291700
2023-07-14,213.1199951171875,217.02000427246094,212.80999755859375,217.0,4294800
2023-07-17,211.8699951171875,214.22999572753906,211.74000549316406,212.5,3621500
2023-07-18,211.57000732421875,213.0399932861328,209.57000732421875,211.0,5895800
2023-07-19,208.60000610351562,211.8699951171875,208.24000549316406,211.1199951171875,4814100
2023-07-20,213.61000061035156,215.10000610351562,208.8000030517578,208.8300018310547,5782200
2023-07-21,211.8000030517578,215.60000610351562,211.63999938964844,213.88999938964844,4056800
2023-07-24,215.8699951171875,215.94000244140625,211.4600067138672,212.05999755859375,4898300
2023-07-25,214.1199951171875,214.82000732421875,210.80999755859375,214.1999969482422,6513300
2023-07-26,232.8000030517578,233.08999633789062,221.77000427246094,222.16000366210938,24923800
2023-07-27,233.75,238.6699981689453,231.8300018310547,235.25,12018300
2023-07-28,238.69000244140625,240.1300048828125,235.6999969482422,236.1199951171875,7054600
2023-07-31,238.85000610351562,239.07000732421875,236.2100067138672,238.99000549316406,4894900
2023-08-01,238.00999450683594,243.10000610351562,237.30999755859375,237.5500030517578,4975200
2023-08-02,231.3800048828125,236.67999267578125,230.69000244140625,234.99000549316406,5326700
2023-08-03,231.36000061035156,233.5800018310547,230.39999389648438,231.0,3282900
2023-08-04,231.36000061035156,234.91000366210938,230.0800018310547,232.2899932861328,3500700
2023-08-07,238.25,238.97999572753906,232.74000549316406,232.74000549316406,6068000
2023-08-08,238.0399932861328,240.72999572753906,236.0,236.52000427246094,5149200
2023-08-09,237.86000061035156,241.24000549316406,236.41000366210938,238.5399932861328,4044400
2023-08-10,238.25999450683594,241.5800018310547,237.0399932861328,238.4499969482422,3710800
2023-08-11,235.72000122070312,238.25999450683594,235.1199951171875,237.61000061035156,2652100
2023-08-14,236.7100067138672,238.64999389648438,235.75,237.0,2486300
2023-08-15,232.25999450683594,235.55999755859375,231.5399932861328,235.0,3201900
2023-08-16,229.9499969482422,234.6699981689453,229.60000610351562,231.5,2273300
2023-08-17,224.5399932861328,231.63999938964844,224.25999450683594,230.57000732421875,4359400
2023-08-18,226.64999389648438,226.7899932861328,221.67999267578125,222.22999572753906,3583200
2023-08-21,227.22000122070312,227.69000244140625,225.10000610351562,226.8000030517578,2734600
2023-08-22,230.07000732421875,230.47999572753906,226.92999267578125,228.0800018310547,3011000
2023-08-23,228.5800018310547,230.5399932861328,227.11000061035156,230.0,3004500
2023-08-24,217.30999755859375,224.1999969482422,217.08999633789062,222.50999450683594,9132600
2023-08-25,223.41000366210938,223.77000427246094,212.8800048828125,218.41000366210938,12352300
2023-08-28,227.05999755859375,227.4499969482422,223.2899932861328,224.2100067138672,4641800
2023-08-29,227.25,229.39999389648438,225.66000366210938,225.8800048828125,3716700
2023-08-30,228.85000610351562,231.1699981689453,226.64999389648438,227.0800018310547,3328300
2023-08-31,224.02999877929688,230.42999267578125,222.92999267578125,229.3300018310547,6953800
2023-09-01,223.39999389648438,226.22999572753906,221.9499969482422,226.0,3658400
2023-09-05,222.57000732421875,224.08999633789062,221.1999969482422,223.10000610351562,3246500
2023-09-06,217.9499969482422,222.7899932861328,216.4199981689453,221.77000427246094,4233500
2023-09-07,216.0500030517578,220.5500030517578,214.86000061035156,217.5,4929600
2023-09-08,211.27000427246094,216.0,210.50999450683594,215.8300018310547,5752000
2023-09-11,211.00999450683594,214.1999969482422,208.77000427246094,213.75999450683594,4522300
2023-09-12,210.64999389648438,212.25999450683594,208.5800018310547,209.35000610351562,3256500
2023-09-13,208.39999389648438,212.17999267578125,207.75,210.0,3538100
2023-09-14,209.0500030517578,210.44000244140625,208.10000610351562,209.13999938964844,3974800
2023-09-15,208.11000061035156,209.8300018310547,206.8800048828125,209.27999877929688,4670600
2023-09-18,205.1199951171875,207.91000366210938,204.97999572753906,207.91000366210938,4299200
2023-09-19,204.47999572753906,205.66000366210938,202.38999938964844,205.39999389648438,4039900
2023-09-20,202.3699951171875,206.25,202.30999755859375,205.8699951171875,3738800
2023-09-21,199.9499969482422,203.60000610351562,199.7100067138672,201.0,4745700
2023-09-22,197.7100067138672,200.74000549316406,197.13999938964844,199.9600067138672,4450900
2023-09-25,198.77999877929688,198.97999572753906,195.19000244140625,196.83999633789062,3527100
2023-09-26,195.63999938964844,199.38999938964844,195.4199981689453,197.7899932861328,3666300
2023-09-27,195.4600067138672,196.39999389648438,192.77000427246094,196.00999450683594,4015500
2023-09-28,190.42999267578125,195.25999450683594,190.02999877929688,193.6999969482422,8009500
2023-09-29,191.67999267578125,192.9499969482422,190.1699981689453,191.9199981689453,5158400
2023-10-02,187.8300018310547,192.44000244140625,186.92999267578125,191.47000122070312,5244700
2023-10-03,188.9199981689453,192.49000549316406,188.1999969482422,188.6300048828125,7285500
2023-10-04,186.72999572753906,190.6300048828125,184.33999633789062,188.85000610351562,7419800
2023-10-05,186.2899932861328,188.10000610351562,184.13999938964844,186.16000366210938,4331700
2023-10-06,187.3800048828125,188.63999938964844,182.5500030517578,185.3699951171875,5364300
2023-10-09,188.49000549316406,189.49000549316406,185.67999267578125,188.0,4575800
2023-10-10,193.52999877929688,194.3000030517578,188.75999450683594,190.00999450683594,8062400
2023-10-11,196.07000732421875,199.6199951171875,194.27000427246094,195.47000122070312,7394000
2023-10-12,191.3000030517578,195.6999969482422,189.9600067138672,195.10000610351562,5668300
2023-10-13,184.91000366210938,187.2899932861328,183.17999267578125,186.27000427246094,8215700
2023-10-16,184.92999267578125,186.22999572753906,182.5,185.91000366210938,4701000
2023-10-17,185.60000610351562,188.3300018310547,183.3000030517578,183.75,5121800
2023-10-18,185.69000244140625,190.25,185.0500030517578,187.22000122070312,6268100
2023-10-19,182.7899932861328,187.0500030517578,182.5399932861328,185.5,4043700
2023-10-20,180.0399932861328,183.38999938964844,179.85000610351562,182.67999267578125,4523500
2023-10-23,181.02999877929688,183.72000122070312,178.42999267578125,179.44000244140625,4146200
2023-10-24,182.36000061035156,184.35000610351562,181.8000030517578,183.2100067138672,4652900
2023-10-25,177.72999572753906,187.0,176.25,186.0,13806400
2023-10-26,179.08999633789062,182.9499969482422,176.52999877929688,177.11000061035156,6961800
2023-10-27,179.69000244140625,182.3300018310547,179.00999450683594,180.0,4606300
2023-10-30,182.35000610351562,184.16000366210938,179.4199981689453,179.4199981689453,5507100
2023-10-31,186.82000732421875,187.2899932861328,181.32000732421875,183.3800048828125,5043000
2023-11-01,189.3800048828125,190.77999877929688,187.5,189.69000244140625,5832200
2023-11-02,192.00999450683594,192.94000244140625,190.33999633789062,190.89999389648438,4313000
2023-11-03,195.0500030517578,197.13999938964844,193.7100067138672,194.0,4485100
2023-11-06,192.9499969482422,196.14999389648438,192.4600067138672,195.8800048828125,4222200
2023-11-07,191.41000366210938,192.1699981689453,189.57000732421875,192.1699981689453,4012900
2023-11-08,191.8300018310547,192.44000244140625,190.13999938964844,191.4499969482422,2984200
2023-11-09,193.3300018310547,197.07000732421875,192.55999755859375,193.02999877929688,4576300
2023-11-10,196.64999389648438,197.25999450683594,194.2100067138672,195.0,4788500
2023-11-13,204.5399932861328,206.85000610351562,202.50999450683594,203.49000549316406,13040300
2023-11-14,207.47000122070312,208.55999755859375,205.97999572753906,207.25,7280100
2023-11-15,208.7100067138672,211.08999633789062,207.60000610351562,208.2100067138672,5205900
2023-11-16,206.60000610351562,207.88999938964844,204.80999755859375,207.5,4655100
2023-11-17,208.0399932861328,209.4199981689453,206.82000732421875,208.36000061035156,3564600
2023-11-20,217.7100067138672,218.8800048828125,210.94000244140625,211.00999450683594,11568100
2023-11-21,218.27000427246094,219.3800048828125,216.07000732421875,216.5,5362100
2023-11-22,219.91000366210938,221.5,217.6999969482422,218.0,5384400
2023-11-24,220.0,221.58999633789062,218.9600067138672,220.61000061035156,2312100
2023-11-27,219.3000030517578,219.52999877929688,217.66000366210938,218.80999755859375,3691200
2023-11-28,222.3699951171875,224.8000030517578,219.41000366210938,222.00999450683594,7817800
2023-11-29,224.42999267578125,224.99000549316406,221.33999633789062,223.35000610351562,5424400
2023-11-30,231.6300048828125,233.0,225.0,225.0,8736200
2023-12-01,233.8699951171875,235.3800048828125,231.3800048828125,231.77000427246094,6956200
2023-12-04,234.8699951171875,234.94000244140625,230.07000732421875,231.3000030517578,5228500
2023-12-05,234.16000366210938,234.74000549316406,231.49000549316406,233.5399932861328,3589800
2023-12-06,236.88999938964844,239.22999572753906,234.42999267578125,234.77999877929688,4740600
2023-12-07,237.3300018310547,238.3000030517578,230.0,236.89999389648438,6363700
2023-12-08,244.6999969482422,244.6999969482422,237.32000732421875,237.32000732421875,7171200
2023-12-11,248.0800018310547,248.0800018310547,243.30999755859375,243.5,7545000
2023-12-12,248.6300048828125,250.57000732421875,247.39999389648438,247.9499969482422,5719200
2023-12-13,250.91000366210938,251.8699951171875,247.52999877929688,249.10000610351562,5513400
2023-12-14,256.239990234375,257.1199951171875,249.25999450683594,250.91000366210938,7883600
2023-12-15,264.2699890136719,265.5199890136719,255.6999969482422,255.6999969482422,14995900
2023-12-18,260.4100036621094,263.1300048828125,260.25,260.6300048828125,6140100
2023-12-19,263.510009765625,265.3399963378906,260.79998779296875,261.0400085449219,6089500
2023-12-20,260.25,266.1300048828125,260.1499938964844,262.25,5151700
2023-12-21,262.0199890136719,267.5400085449219,260.19000244140625,265.95001220703125,6487200
2023-12-22,260.44000244140625,262.8399963378906,259.20001220703125,261.8299865722656,4434000
2023-12-26,262.7900085449219,263.760009765625,259.5400085449219,259.79998779296875,3938600
2023-12-27,262.1000061035156,264.6600036621094,260.8999938964844,262.6300048828125,3484900
2023-12-28,260.3500061035156,262.1000061035156,257.67999267578125,261.5299987792969,5096400
2023-12-29,260.6600036621094,262.2200012207031,259.55999755859375,260.6700134277344,3686600
2024-01-02,251.75999450683594,258.5899963378906,250.8699951171875,257.2799987792969,5815200
2024-01-03,243.91000366210938,250.1300048828125,243.0,248.32000732421875,7219900
2024-01-04,244.94000244140625,248.27999877929688,244.17999267578125,244.5800018310547,5170700
2024-01-05,249.0,250.19000244140625,245.0399932861328,245.0399932861328,3849700
2024-01-08,229.0,233.85000610351562,225.7899932861328,228.0,40730400
2024-01-09,225.75999450683594,228.7899932861328,223.1999969482422,225.66000366210938,20687500
2024-01-10,227.83999633789062,231.61000061035156,226.63999938964844,226.89999389648438,12883700
2024-01-11,222.66000366210938,228.27999877929688,222.6199951171875,228.07000732421875,11830500
2024-01-12,217.6999969482422,222.07000732421875,217.0399932861328,219.97000122070312,11285500
2024-01-16,200.52000427246094,210.97999572753906,199.5,210.07000732421875,35290000
2024-01-17,203.05999755859375,206.3000030517578,201.64999389648438,202.6300048828125,20140100
2024-01-18,211.61000061035156,213.0399932861328,203.32000732421875,205.63999938964844,20046800
2024-01-19,215.02000427246094,215.16000366210938,209.22999572753906,210.88999938964844,14345400
2024-01-22,214.92999267578125,217.0,212.36000061035156,213.07000732421875,10760800
2024-01-23,211.5,216.85000610351562,211.1300048828125,215.35000610351562,9076900
2024-01-24,214.1300048828125,217.58999633789062,209.36000061035156,209.8300018310547,15119100
2024-01-25,201.8800048828125,208.72999572753906,198.32000732421875,208.1999969482422,22112500
2024-01-26,205.47000122070312,206.75,203.0,203.0800018310547,9911200
2024-01-29,205.19000244140625,207.0399932861328,203.85000610351562,206.05999755859375,7535400
2024-01-30,200.44000244140625,203.97999572753906,199.13999938964844,203.64999389648438,13321200
2024-01-31,211.0399932861328,213.77000427246094,203.25,204.9199981689453,22409400
2024-02-01,209.80999755859375,214.6300048828125,206.80999755859375,213.83999633789062,10679200
2024-02-02,209.3800048828125,209.5399932861328,206.35000610351562,209.05999755859375,6275300
2024-02-05,206.6300048828125,207.33999633789062,202.0,204.63999938964844,8682500
2024-02-06,208.5800018310547,210.63999938964844,203.88999938964844,206.02000427246094,7556900
2024-02-07,211.9199981689453,213.77000427246094,207.99000549316406,208.75999450683594,7747700
2024-02-08,209.22000122070312,213.10000610351562,208.72000122070312,212.39999389648438,5787700
2024-02-09,209.1999969482422,211.44000244140625,207.89999389648438,209.77000427246094,4349700
2024-02-12,209.3300018310547,209.8000030517578,207.60000610351562,208.6999969482422,4077400
2024-02-13,204.4600067138672,207.80999755859375,202.3300018310547,206.89999389648438,8263600
2024-02-14,203.3800048828125,206.5800018310547,202.2100067138672,205.9499969482422,6503000
2024-02-15,205.3300018310547,206.5500030517578,203.39999389648438,204.1199951171875,5309100
2024-02-16,203.88999938964844,205.0500030517578,202.80999755859375,204.8800048828125,5986500
2024-02-20,203.3699951171875,205.5800018310547,202.7100067138672,203.5500030517578,5248400
2024-02-21,201.57000732421875,203.6300048828125,201.2100067138672,202.89999389648438,4171600
2024-02-22,201.5,204.10000610351562,200.39999389648438,202.0,6513500
2024-02-23,200.8300018310547,202.07000732421875,197.14999389648438,200.99000549316406,7433400
2024-02-26,200.5399932861328,202.75,200.0,201.00999450683594,4807200
2024-02-27,201.39999389648438,202.0,200.0399932861328,200.92999267578125,3932900
2024-02-28,207.0,208.10000610351562,200.17999267578125,201.13999938964844,9654700
2024-02-29,203.72000122070312,206.6199951171875,202.6999969482422,206.44000244140625,6670300
2024-03-01,200.0,205.05999755859375,199.00999450683594,204.0,11609500
2024-03-04,200.5399932861328,201.5399932861328,196.9199981689453,199.5,7213900
2024-03-05,201.13999938964844,202.85000610351562,198.6999969482422,199.49000549316406,5034700
2024-03-06,201.0,202.35000610351562,199.86000061035156,201.77000427246094,4736600
2024-03-07,203.02999877929688,203.72999572753906,200.57000732421875,200.6999969482422,5965300
2024-03-08,198.49000549316406,203.8000030517578,198.4600067138672,201.83999633789062,9010200
2024-03-11,192.49000549316406,196.07000732421875,189.8000030517578,194.2100067138672,14160600
2024-03-12,184.24000549316406,188.5800018310547,183.16000366210938,188.24000549316406,18714800
2024-03-13,182.35000610351562,185.97000122070312,182.0800018310547,183.16000366210938,10196100
2024-03-14,181.14999389648438,184.94000244140625,180.52000427246094,182.0,10016200
2024-03-15,182.52999877929688,184.17999267578125,180.91000366210938,180.99000549316406,10800700
2024-03-18,179.83999633789062,181.19000244140625,177.52000427246094,180.25999450683594,9497800
2024-03-19,181.13999938964844,181.86000061035156,179.74000549316406,180.11000061035156,7648000
2024-03-20,187.77999877929688,188.3000030517578,178.60000610351562,178.99000549316406,12770000
2024-03-21,187.6999969482422,190.3800048828125,187.5500030517578,189.7899932861328,7436400
2024-03-22,188.85000610351562,192.94000244140625,188.19000244140625,188.75,7827000
2024-03-25,191.41000366210938,196.17999267578125,189.5,196.00999450683594,12953000
2024-03-26,187.5,192.02999877929688,186.80999755859375,192.02000427246094,8972200
2024-03-27,191.9499969482422,191.99000549316406,188.3300018310547,188.83999633789062,7372800
2024-03-28,192.99000549316406,193.3800048828125,191.1999969482422,192.0,4471700
2024-04-01,189.5,192.8699951171875,189.02999877929688,192.24000549316406,5107800
2024-04-02,188.0399932861328,189.22999572753906,187.1300048828125,189.0,4477200
2024-04-03,184.9199981689453,188.77999877929688,184.27000427246094,187.67999267578125,6609300
2024-04-04,183.2899932861328,188.0,182.80999755859375,185.92999267578125,6513800
2024-04-05,183.13999938964844,184.66000366210938,182.44000244140625,184.16000366210938,4130400
2024-04-08,181.55999755859375,184.5500030517578,181.49000549316406,182.13999938964844,6176400
2024-04-09,178.1199951171875,183.0500030517578,176.57000732421875,181.50999450683594,11427800
2024-04-10,174.6300048828125,178.10000610351562,172.44000244140625,176.30999755859375,9727700
2024-04-11,173.36000061035156,174.6999969482422,171.3800048828125,174.47000122070312,7625100
2024-04-12,169.5500030517578,173.24000549316406,169.3699951171875,172.1999969482422,7568300
2024-04-15,167.82000732421875,171.17999267578125,167.52999877929688,170.74000549316406,6490700
2024-04-16,170.5500030517578,170.63999938964844,167.75,168.13999938964844,7986700
2024-04-17,170.2100067138672,170.85000610351562,168.1199951171875,170.0,8162600
2024-04-18,170.22999572753906,172.0399932861328,169.10000610351562,169.47999572753906,5123000
2024-04-19,169.82000732421875,172.0,169.64999389648438,170.0,4693900
2024-04-22,170.47999572753906,172.14999389648438,168.16000366210938,169.82000732421875,4724900
2024-04-23,169.17999267578125,171.17999267578125,168.42999267578125,170.9499969482422,7632100
2024-04-24,164.3300018310547,177.63999938964844,162.74000549316406,176.5,20889300
2024-04-25,166.80999755859375,168.1300048828125,159.6999969482422,163.58999633789062,12504700
2024-04-26,167.22000122070312,168.64999389648438,164.92999267578125,165.97999572753906,7208100
2024-04-29,173.49000549316406,173.80999755859375,167.5500030517578,167.89999389648438,7788600
2024-04-30,167.83999633789062,174.07000732421875,167.75999450683594,171.49000549316406,8248800
2024-05-01,171.4600067138672,173.86000061035156,167.5,167.5,6191900
2024-05-02,178.85000610351562,178.89999389648438,172.25,173.0,10223700
2024-05-03,179.7899932861328,180.49000549316406,177.89999389648438,179.58999633789062,5416300
2024-05-06,178.35000610351562,183.97999572753906,174.7100067138672,180.8800048828125,11913400
2024-05-07,176.7100067138672,178.35000610351562,176.1300048828125,177.22000122070312,5097500
2024-05-08,180.35000610351562,181.66000366210938,175.9499969482422,175.9499969482422,4956800
2024-05-09,181.25,181.75,179.30999755859375,179.5500030517578,5107400
2024-05-10,178.50999450683594,181.8800048828125,177.9199981689453,181.25,3715500
2024-05-13,178.44000244140625,180.75,178.07000732421875,179.0399932861328,3105200
2024-05-14,180.75999450683594,183.66000366210938,179.6300048828125,180.22999572753906,4686500
2024-05-15,176.99000549316406,180.6699981689453,176.1699981689453,180.13999938964844,5858900
2024-05-16,182.9600067138672,183.75999450683594,177.25,177.60000610351562,6993200
2024-05-17,184.9499969482422,185.3800048828125,181.22000122070312,183.25,5562400
2024-05-20,186.61000061035156,188.6300048828125,184.00999450683594,184.64999389648438,6228600
2024-05-21,184.77999877929688,186.38999938964844,183.11000061035156,185.3000030517578,4349100
2024-05-22,186.27999877929688,186.82000732421875,183.41000366210938,184.60000610351562,3785400
2024-05-23,172.2100067138672,186.0,171.61000061035156,185.7899932861328,17116000
2024-05-24,174.52000427246094,174.86000061035156,169.57000732421875,173.1999969482422,9489400
2024-05-28,175.0800018310547,178.49000549316406,173.3800048828125,174.72999572753906,5274400
2024-05-29,171.64999389648438,175.8300018310547,171.61000061035156,173.61000061035156,3666400
2024-05-30,172.75,174.67999267578125,171.5500030517578,172.63999938964844,3924700
2024-05-31,177.61000061035156,177.89999389648438,172.2100067138672,173.1199951171875,5774500
2024-06-03,184.57000732421875,186.00999450683594,178.02000427246094,178.08999633789062,8951600
2024-06-04,188.6199951171875,188.83999633789062,183.25,185.0500030517578,7176800
2024-06-05,189.85000610351562,190.33999633789062,186.52999877929688,187.89999389648438,5944000
2024-06-06,191.4199981689453,192.10000610351562,187.35000610351562,188.8300018310547,5942200
2024-06-07,190.24000549316406,191.97999572753906,189.66000366210938,190.4600067138672,3374500
2024-06-10,190.1199951171875,192.6300048828125,189.60000610351562,190.0,4385000
2024-06-11,185.5,189.32000732421875,182.75,189.32000732421875,5010100
2024-06-12,182.6699981689453,187.16000366210938,181.7100067138672,186.5,5245200
2024-06-13,180.6999969482422,183.8699951171875,178.99000549316406,181.74000549316406,4201000
2024-06-14,177.27000427246094,180.2899932861328,175.22000122070312,178.89999389648438,5106000
2024-06-17,178.38999938964844,180.4499969482422,176.32000732421875,176.75,4790000
2024-06-18,174.99000549316406,178.0,173.82000732421875,177.61000061035156,6179900
2024-06-20,176.3000030517578,176.64999389648438,172.0500030517578,173.02000427246094,5479300
2024-06-21,176.55999755859375,178.41000366210938,175.66000366210938,176.8300018310547,8628200
2024-06-24,179.10000610351562,180.60000610351562,175.58999633789062,176.14999389648438,7388300
2024-06-25,175.10000610351562,178.75999450683594,173.2899932861328,176.2899932861328,7434000
2024-06-26,178.5,178.82000732421875,173.75999450683594,174.9600067138672,6553900
2024-06-27,182.50999450683594,183.67999267578125,178.00999450683594,178.91000366210938,8199000
2024-06-28,182.00999450683594,184.44000244140625,180.64999389648438,182.60000610351562,5899900
2024-07-01,186.6999969482422,189.47000122070312,182.1999969482422,182.1999969482422,9056700
2024-07-02,185.4199981689453,189.22999572753906,184.52000427246094,186.33999633789062,4110500
2024-07-03,184.30999755859375,185.4199981689453,182.85000610351562,185.0500030517578,2764800
2024-07-05,184.8300018310547,185.3800048828125,182.22999572753906,184.0,3290400
2024-07-08,185.83999633789062,191.5,182.27999877929688,186.94000244140625,9878100
2024-07-09,183.24000549316406,186.25,183.14999389648438,185.11000061035156,3942900
2024-07-10,183.72999572753906,184.89999389648438,182.8000030517578,183.60000610351562,3583200
2024-07-11,183.91000366210938,186.10000610351562,183.39999389648438,184.1699981689453,4840600
2024-07-12,182.30999755859375,184.49000549316406,180.4499969482422,183.72999572753906,5129300
2024-07-15,179.11000061035156,183.72000122070312,178.8800048828125,183.5,5189000
2024-07-16,186.0500030517578,187.44000244140625,179.1999969482422,180.0500030517578,8546400
2024-07-17,184.83999633789062,188.4499969482422,183.7899932861328,185.32000732421875,4899600
2024-07-18,180.22999572753906,187.3699951171875,179.8800048828125,184.24000549316406,5354800
2024-07-19,179.6699981689453,181.5,177.38999938964844,181.39999389648438,5121300
2024-07-22,178.89999389648438,182.72000122070312,177.22999572753906,181.36000061035156,4883500
2024-07-23,186.47999572753906,187.0399932861328,179.0,179.10000610351562,7614300
2024-07-24,180.07000732421875,187.0,179.97000122070312,185.6199951171875,5109100
2024-07-25,184.35000610351562,188.35000610351562,179.4499969482422,179.4499969482422,6128000
2024-07-26,186.88999938964844,189.58999633789062,184.6300048828125,185.86000061035156,6272000
2024-07-29,185.42999267578125,187.0800018310547,183.8300018310547,186.6999969482422,3608600
2024-07-30,186.86000061035156,188.1300048828125,185.14999389648438,186.10000610351562,4789000
2024-07-31,190.60000610351562,196.9499969482422,183.86000061035156,189.8800048828125,15417000
2024-08-01,178.30999755859375,191.1699981689453,176.69000244140625,190.0,13887000
2024-08-02,169.9499969482422,175.4600067138672,167.25,175.22000122070312,11742800
2024-08-05,167.02999877929688,167.67999267578125,162.5,162.52000427246094,9255100
2024-08-06,165.0399932861328,169.19000244140625,163.38999938964844,168.88999938964844,5817300
2024-08-07,163.24000549316406,167.97999572753906,162.99000549316406,167.0,5186400
2024-08-08,168.8699951171875,169.35000610351562,164.0,164.22999572753906,6063800
2024-08-09,167.91000366210938,169.85000610351562,166.89999389648438,168.38999938964844,3635600
2024-08-12,164.1300048828125,168.0500030517578,163.52000427246094,167.72999572753906,4715600
2024-08-13,168.75999450683594,168.8800048828125,162.6199951171875,164.5,6475500
2024-08-14,168.5,169.75,167.3300018310547,167.88999938964844,3852700
2024-08-15,176.41000366210938,176.55999755859375,169.97999572753906,170.0,5942200
2024-08-16,179.99000549316406,180.50999450683594,176.3000030517578,176.3000030517578,6731500
2024-08-19,179.63999938964844,180.6999969482422,177.6300048828125,180.0399932861328,3894200
2024-08-20,172.10000610351562,177.5,170.0399932861328,176.49000549316406,9549100
2024-08-21,173.42999267578125,174.1999969482422,171.0399932861328,173.0,4493600
2024-08-22,172.75999450683594,175.2100067138672,172.3000030517578,173.0,2788000
2024-08-23,174.9600067138672,176.9199981689453,173.1699981689453,173.8800048828125,4405900
2024-08-26,173.47999572753906,174.9199981689453,172.3000030517578,173.0,4034300
2024-08-27,173.0500030517578,173.92999267578125,171.25,173.6199951171875,3295800
2024-08-28,170.7100067138672,174.25,170.14999389648438,172.3000030517578,4550300
2024-08-29,172.25999450683594,175.27999877929688,170.6199951171875,171.7100067138672,4119500
2024-08-30,173.74000549316406,174.36000061035156,171.49000549316406,173.13999938964844,4146200
2024-09-03,161.02000427246094,169.60000610351562,158.3000030517578,167.02999877929688,17925400
2024-09-04,163.22000122070312,166.6999969482422,160.27999877929688,160.27999877929688,7316300
2024-09-05,162.14999389648438,164.6199951171875,160.10000610351562,164.14999389648438,4717500
2024-09-06,157.6199951171875,162.85000610351562,156.6999969482422,162.5,7328600
2024-09-09,162.91000366210938,164.5500030517578,161.11000061035156,162.3000030517578,9091500
2024-09-10,160.07000732421875,163.89999389648438,157.92999267578125,162.61000061035156,6367100
2024-09-11,161.3300018310547,161.8699951171875,156.10000610351562,159.7899932861328,6664800
2024-09-12,162.77000427246094,163.5,159.05999755859375,159.4199981689453,4742700
2024-09-13,156.77000427246094,162.88999938964844,155.60000610351562,159.77999877929688,19003400
2024-09-16,155.5500030517578,157.75999450683594,154.02000427246094,156.25,9955200
2024-09-17,156.38999938964844,158.8800048828125,155.13999938964844,156.1699981689453,8123200
2024-09-18,155.11000061035156,158.4499969482422,154.8000030517578,157.0,7714400
2024-09-19,154.58999633789062,157.17999267578125,154.27000427246094,157.0,9570000
2024-09-20,153.2899932861328,154.63999938964844,152.60000610351562,154.00999450683594,13919400
2024-09-23,156.3000030517578,158.42999267578125,151.64999389648438,153.0,12476800
2024-09-24,155.80999755859375,155.89999389648438,153.69000244140625,155.8000030517578,7414900
2024-09-25,152.22000122070312,157.22000122070312,152.0399932861328,156.4199981689453,9587700
2024-09-26,154.5800018310547,157.3300018310547,152.66000366210938,153.94000244140625,11414400
2024-09-27,156.32000732421875,157.3300018310547,154.38999938964844,155.3699951171875,7637000
2024-09-30,152.0399932861328,155.3000030517578,151.24000549316406,154.7899932861328,10902200
2024-10-01,154.22000122070312,156.39999389648438,149.49000549316406,151.4600067138672,12588800
2024-10-02,152.88999938964844,154.85000610351562,152.83999633789062,153.75999450683594,4357000
2024-10-03,150.52000427246094,152.74000549316406,150.50999450683594,152.1199951171875,5704800
2024-10-04,155.0,155.0,150.85000610351562,152.25999450683594,6657500
2024-10-07,155.91000366210938,158.75999450683594,154.67999267578125,155.0,6267900
2024-10-08,154.64999389648438,156.6999969482422,154.13999938964844,155.99000549316406,5336300
2024-10-09,149.3699951171875,152.19000244140625,148.8000030517578,152.0500030517578,12488500
2024-10-10,146.6199951171875,149.11000061035156,146.25999450683594,149.07000732421875,11275800
2024-10-11,151.02000427246094,151.1199951171875,146.3000030517578,146.3000030517578,10688600
2024-10-14,148.99000549316406,150.08999633789062,146.02000427246094,148.0,9737000
2024-10-15,152.35000610351562,153.9499969482422,148.5500030517578,150.5,11241700
2024-10-16,154.89999389648438,154.99000549316406,151.33999633789062,151.91000366210938,8356200
2024-10-17,155.30999755859375,157.13999938964844,154.25,155.0,6291800
2024-10-18,155.0,156.3699951171875,153.89999389648438,155.83999633789062,6030200
2024-10-21,159.82000732421875,163.44000244140625,158.36000061035156,160.25,13277600
2024-10-22,159.8800048828125,160.66000366210938,158.3699951171875,160.5,7380800
2024-10-23,157.05999755859375,161.47000122070312,153.52999877929688,160.0,15931500
2024-10-24,155.1999969482422,155.88999938964844,151.97999572753906,152.61000061035156,9774400
2024-10-25,155.00999450683594,157.47999572753906,154.52000427246094,156.1999969482422,8153000
2024-10-28,150.69000244140625,155.1999969482422,150.61000061035156,153.5,20992500
2024-10-29,152.97999572753906,155.99000549316406,147.5800018310547,147.86000061035156,66387700
2024-10-30,154.2899932861328,156.91000366210938,152.50999450683594,152.50999450683594,50738400
2024-10-31,149.30999755859375,154.47999572753906,147.8800048828125,154.30999755859375,29388200
2024-11-01,154.58999633789062,156.0,151.22999572753906,152.77999877929688,18894500
2024-11-04,155.07000732421875,156.72000122070312,152.4600067138672,154.6199951171875,10290400
2024-11-05,151.0,157.66000366210938,150.64999389648438,157.47000122070312,23126600
2024-11-06,147.16000366210938,153.1999969482422,144.1300048828125,152.3000030517578,28069300
2024-11-07,150.97999572753906,152.8000030517578,148.02999877929688,148.8000030517578,14709200
2024-11-08,151.67999267578125,152.60000610351562,149.42999267578125,151.1199951171875,12996800
2024-11-11,148.9600067138672,152.5,148.07000732421875,152.0,12799100
2024-11-12,145.1699981689453,148.5,143.85000610351562,148.39999389648438,16746700
2024-11-13,139.97000122070312,145.5800018310547,139.10000610351562,145.5800018310547,21249600
2024-11-14,138.13999938964844,141.5500030517578,137.22000122070312,140.8000030517578,15646700
2024-11-15,140.19000244140625,140.32000732421875,137.02999877929688,138.13999938964844,12120100
2024-11-18,143.8699951171875,144.69000244140625,138.1999969482422,140.25999450683594,12251600
2024-11-19,145.60000610351562,145.99000549316406,142.69000244140625,143.0,8247300
2024-11-20,146.0800018310547,147.3000030517578,145.02000427246094,146.0399932861328,9232100
2024-11-21,143.41000366210938,146.4199981689453,141.33999633789062,146.38999938964844,7845100
2024-11-22,149.2899932861328,150.33999633789062,143.49000549316406,143.61000061035156,13353100
2024-11-25,153.10000610351562,153.27999877929688,150.25999450683594,150.6999969482422,11479400
2024-11-26,150.75999450683594,153.13999938964844,149.8000030517578,152.5,8235000
2024-11-27,152.39999389648438,152.91000366210938,150.25,151.11000061035156,5210100
2024-11-29,155.44000244140625,157.5,152.85000610351562,153.0,7100100
2024-12-02,156.5399932861328,160.35000610351562,155.6999969482422,155.91000366210938,10097900
2024-12-03,155.0,156.64999389648438,154.4199981689453,156.0,6130300
2024-12-04,158.27999877929688,160.1999969482422,154.2100067138672,155.8800048828125,9269300
2024-12-05,156.6699981689453,160.02000427246094,156.0500030517578,158.5,7119800
2024-12-06,153.92999267578125,158.9499969482422,153.3699951171875,157.02999877929688,8182700
2024-12-09,157.0399932861328,161.9499969482422,154.27000427246094,154.27000427246094,13540000
2024-12-10,164.10000610351562,166.67999267578125,159.4199981689453,160.0,17149200
2024-12-11,165.9600067138672,169.3000030517578,164.3800048828125,165.52000427246094,13116600
2024-12-12,167.75,168.82000732421875,165.64999389648438,168.22999572753906,10617700
2024-12-13,169.64999389648438,170.42999267578125,166.3300018310547,168.0,9754900
2024-12-16,173.1699981689453,175.1999969482422,166.10000610351562,168.08999633789062,13050700
2024-12-17,173.02999877929688,175.7899932861328,171.7100067138672,173.0399932861328,13557100
2024-12-18,172.6199951171875,177.94000244140625,171.0,173.27999877929688,15437200
2024-12-19,177.0399932861328,179.5800018310547,173.72000122070312,175.0,14777100
2024-12-20,177.35000610351562,182.0,175.30999755859375,176.86000061035156,23233700
2024-12-23,177.69000244140625,179.64999389648438,174.2899932861328,178.1199951171875,8486400
2024-12-24,179.33999633789062,180.9499969482422,177.5,177.69000244140625,4317000
2024-12-26,180.3800048828125,182.57000732421875,178.3300018310547,178.97999572753906,5905700
2024-12-27,180.72000122070312,181.42999267578125,179.39999389648438,180.00999450683594,6806900
2024-12-30,176.5500030517578,178.1699981689453,170.14999389648438,173.72000122070312,18082300
2024-12-31,177.0,179.35000610351562,175.82000732421875,177.5399932861328,9748600
2025-01-02,171.8699951171875,179.19000244140625,169.82000732421875,178.30999755859375,12450000
2025-01-03,169.89999389648438,173.97999572753906,169.8000030517578,171.39999389648438,10513800
2025-01-06,170.77999877929688,173.94000244140625,170.19000244140625,173.5,11133400
2025-01-07,172.50999450683594,175.02000427246094,170.8000030517578,171.1699981689453,7045000
2025-01-08,171.75999450683594,173.77999877929688,169.61000061035156,171.14999389648438,5108700
2025-01-10,172.0,173.5399932861328,167.41000366210938,171.49000549316406,7556800
2025-01-13,170.57000732421875,172.5,167.91000366210938,171.17999267578125,6049600
2025-01-14,167.02000427246094,171.8800048828125,164.6199951171875,171.3699951171875,7966900
2025-01-15,166.1999969482422,169.99000549316406,165.97000122070312,169.00999450683594,6451000
2025-01-16,168.92999267578125,170.63999938964844,166.57000732421875,166.7899932861328,5812300
2025-01-17,171.08999633789062,171.77000427246094,169.4499969482422,169.8000030517578,9557100
2025-01-21,175.55999755859375,177.08999633789062,171.92999267578125,172.3800048828125,8755300
2025-01-22,174.8000030517578,176.22999572753906,173.8800048828125,175.2899932861328,5134400
2025-01-23,178.5,178.6699981689453,173.75,174.00999450683594,7097300
2025-01-24,176.05999755859375,180.42999267578125,174.3699951171875,176.0,9304200
2025-01-27,175.16000366210938,178.17999267578125,174.39999389648438,175.5500030517578,7148600
2025-01-28,177.77999877929688,188.47999572753906,174.02000427246094,181.30999755859375,22768900
2025-01-29,173.66000366210938,182.5500030517578,170.64999389648438,179.1300048828125,12263500
2025-01-30,179.52999877929688,179.94000244140625,173.72000122070312,174.58999633789062,6996300
2025-01-31,176.52000427246094,181.77999877929688,175.74000549316406,180.50999450683594,6104000
2025-02-03,175.8699951171875,178.1999969482422,173.1300048828125,174.11000061035156,6501700
2025-02-04,176.22999572753906,177.4499969482422,174.25,176.89999389648438,4503600
2025-02-05,181.83999633789062,181.86000061035156,175.50999450683594,176.0,7430400
2025-02-06,184.8000030517578,185.85000610351562,182.0,182.0,6919400
2025-02-07,181.49000549316406,186.11000061035156,180.92999267578125,185.25999450683594,5392300
2025-02-10,180.5500030517578,183.5500030517578,179.89999389648438,183.1199951171875,3989100
2025-02-11,180.44000244140625,182.13999938964844,177.60000610351562,179.77999877929688,4366700
2025-02-12,186.25,186.27000427246094,178.25,178.33999633789062,7686800
2025-02-13,185.44000244140625,188.24000549316406,185.08999633789062,187.0,6846300
2025-02-14,184.4199981689453,186.82000732421875,183.5800018310547,186.75,5044700
2025-02-18,184.97000122070312,188.66000366210938,184.22000122070312,185.67999267578125,6929600
2025-02-19,186.14999389648438,187.22999572753906,181.8300018310547,185.30999755859375,7264800
2025-02-20,180.8800048828125,185.8000030517578,180.11000061035156,185.5800018310547,7863000
2025-02-21,177.14999389648438,182.1999969482422,174.7100067138672,181.27999877929688,8980300
2025-02-24,179.91000366210938,183.0399932861328,176.5500030517578,177.47999572753906,8392900
2025-02-25,178.27000427246094,181.8800048828125,176.33999633789062,180.4499969482422,5613900
2025-02-26,173.0399932861328,179.49000549316406,171.8300018310547,179.49000549316406,7111700
2025-02-27,173.8300018310547,177.14999389648438,173.58999633789062,174.52000427246094,4695200
2025-02-28,174.6300048828125,176.3000030517578,173.47999572753906,174.36000061035156,5803300
2025-03-03,170.05999755859375,178.39999389648438,169.4600067138672,177.02000427246094,6045600
2025-03-04,158.89999389648438,168.3800048828125,156.69000244140625,167.3699951171875,15870200
2025-03-05,163.16000366210938,164.3300018310547,158.80999755859375,159.9600067138672,7355800
2025-03-06,158.42999267578125,162.69000244140625,157.94000244140625,161.4199981689453,6892600
2025-03-07,154.17999267578125,158.36000061035156,149.0500030517578,157.19000244140625,12526700
2025-03-10,148.14999389648438,150.38999938964844,146.3000030517578,150.02999877929688,10204000
2025-03-11,154.05999755859375,155.00999450683594,145.4499969482422,148.0,10030500
2025-03-12,158.8000030517578,159.5399932861328,153.61000061035156,157.0,8706900
2025-03-13,159.32000732421875,161.74000549316406,157.25,159.22000122070312,5701600
2025-03-14,161.80999755859375,162.32000732421875,159.1999969482422,160.9199981689453,5215100
2025-03-17,161.85000610351562,162.77000427246094,159.6199951171875,160.5,5602700
2025-03-18,161.57000732421875,162.22999572753906,158.7899932861328,161.44000244140625,4195200
2025-03-19,172.6199951171875,174.1999969482422,165.0,165.32000732421875,14114800
2025-03-20,172.8300018310547,173.10000610351562,170.30999755859375,171.13999938964844,4934400
2025-03-21,178.11000061035156,183.4600067138672,170.77000427246094,172.05999755859375,26802400
2025-03-24,180.89999389648438,184.39999389648438,180.44000244140625,182.02999877929688,9986100
2025-03-25,182.58999633789062,183.85000610351562,180.36000061035156,182.16000366210938,7174400
2025-03-26,178.5500030517578,183.22999572753906,177.27999877929688,182.52999877929688,6615900
2025-03-27,179.11000061035156,182.22000122070312,178.02999877929688,178.52999877929688,4788600
2025-03-28,173.30999755859375,178.5,172.4499969482422,177.75,8211100
2025-03-31,170.5500030517578,172.2100067138672,166.7899932861328,170.64999389648438,7477500
2025-04-01,168.1699981689453,170.97999572753906,164.22000122070312,170.0,8252800
2025-04-02,168.55999755859375,170.3800048828125,165.5500030517578,166.39999389648438,5826600
2025-04-03,150.91000366210938,160.2100067138672,150.41000366210938,160.0,15877400
2025-04-04,136.58999633789062,146.0,132.7899932861328,143.3000030517578,22282000
2025-04-07,138.86000061035156,143.97000122070312,128.8800048828125,132.0500030517578,18825000
2025-04-08,139.38999938964844,147.77000427246094,137.39999389648438,146.85000610351562,14527900
2025-04-09,160.82000732421875,162.42999267578125,137.94000244140625,138.85000610351562,16775200
2025-04-10,155.52000427246094,157.35000610351562,149.41000366210938,154.97999572753906,10375000
2025-04-11,156.83999633789062,157.58999633789062,152.0,154.6199951171875,8810700
2025-04-14,159.27999877929688,162.5500030517578,157.60000610351562,159.82000732421875,7288700
2025-04-15,155.52000427246094,159.1199951171875,155.27999877929688,155.27999877929688,11541100
2025-04-16,156.47000122070312,157.66000366210938,153.5399932861328,154.3699951171875,6809600
2025-04-17,161.89999389648438,163.89999389648438,157.0,157.1300048828125,9227300
2025-04-21,159.33999633789062,160.0,156.47000122070312,160.0,5703800
2025-04-22,162.52000427246094,163.08999633789062,158.5,162.5,9147300
2025-04-23,172.3699951171875,176.5800018310547,169.91000366210938,174.0,16264700
2025-04-24,176.25999450683594,177.39999389648438,169.0,171.1999969482422,10984200
2025-04-25,177.9499969482422,180.3300018310547,175.86000061035156,176.5,7644200
2025-04-28,182.3000030517578,184.52999877929688,180.75,182.75,9302600
2025-04-29,182.0,184.25,181.1999969482422,182.52000427246094,6795000
2025-04-30,183.24000549316406,183.7899932861328,177.6300048828125,178.47000122070312,6266800
2025-05-01,182.88999938964844,184.75,182.02999877929688,182.85000610351562,7322900
2025-05-02,185.4600067138672,187.5800018310547,184.0800018310547,185.0,8695900
2025-05-05,186.4600067138672,187.5800018310547,184.38999938964844,184.38999938964844,5413700
2025-05-06,185.9600067138672,186.1999969482422,183.6300048828125,184.7100067138672,4948000
2025-05-07,185.55999755859375,186.72000122070312,183.5,185.0,6094800
2025-05-08,191.6999969482422,194.75,186.22000122070312,186.75999450683594,15344100
2025-05-09,194.85000610351562,195.3000030517578,192.17999267578125,193.5500030517578,7669900
2025-05-12,198.52999877929688,198.77999877929688,193.05999755859375,198.16000366210938,9340700
2025-05-13,203.4199981689453,205.72999572753906,199.6699981689453,200.3000030517578,13509500
2025-05-14,204.72000122070312,209.66000366210938,204.0500030517578,205.8000030517578,16872300
2025-05-15,206.24000549316406,208.60000610351562,205.4199981689453,207.35000610351562,9583900
2025-05-16,205.82000732421875,206.24000549316406,203.02000427246094,205.69000244140625,8496800
2025-05-19,205.25,205.60000610351562,202.3000030517578,203.0,5740200
2025-05-20,207.6699981689453,208.6199951171875,205.0,205.0,5876000
2025-05-21,203.2100067138672,207.1199951171875,202.42999267578125,206.60000610351562,6616300
2025-05-22,203.41000366210938,204.72999572753906,201.85000610351562,202.52999877929688,3634500
2025-05-23,202.36000061035156,203.1999969482422,198.75,199.9499969482422,5255200
2025-05-27,201.02999877929688,205.0,200.8800048828125,204.27999877929688,5857900
2025-05-28,201.5,202.4499969482422,200.22000122070312,201.9499969482422,5481500
2025-05-29,208.17999267578125,212.27999877929688,201.5,201.77999877929688,16334000
2025-05-30,207.32000732421875,207.6999969482422,204.35000610351562,206.77000427246094,7485100
2025-06-02,211.47000122070312,212.33999633789062,207.89999389648438,210.97999572753906,7561800
2025-06-03,213.42999267578125,215.8000030517578,211.77000427246094,212.0,8106100
2025-06-04,211.97999572753906,214.99000549316406,211.02999877929688,214.77000427246094,5705300
2025-06-05,209.02000427246094,212.99000549316406,208.22000122070312,212.5,4733800
2025-06-06,210.8000030517578,211.11000061035156,208.0399932861328,210.24000549316406,6079700
2025-06-09,217.50999450683594,218.8000030517578,211.08999633789062,211.22999572753906,9419200
2025-06-10,215.72999572753906,217.89999389648438,213.25,217.5800018310547,8190100
2025-06-11,214.0,216.2100067138672,212.2100067138672,215.5,5398800
2025-06-12,203.75,206.33999633789062,201.27999877929688,202.1699981689453,30586600
2025-06-13,200.32000732421875,202.22999572753906,195.27999877929688,200.67999267578125,16093500
2025-06-16,201.6999969482422,204.0,199.0800018310547,200.57000732421875,6902700
2025-06-17,200.25999450683594,205.30999755859375,198.8699951171875,201.30999755859375,10844600
2025-06-18,197.67999267578125,201.05999755859375,196.8000030517578,199.0,7928300
2025-06-20,198.75,200.67999267578125,197.4499969482422,198.66000366210938,8934700
2025-06-23,201.30999755859375,202.1999969482422,197.47000122070312,197.8300018310547,5875200
2025-06-24,200.94000244140625,203.50999450683594,200.17999267578125,203.0,5900900
2025-06-25,198.89999389648438,201.1300048828125,198.3000030517578,201.0,4690900
2025-06-26,202.5800018310547,204.38999938964844,199.75999450683594,200.41000366210938,6931700
2025-06-27,214.5500030517578,214.80999755859375,204.3800048828125,205.11000061035156,14805400
2025-06-30,209.52999877929688,214.7100067138672,208.02000427246094,213.8800048828125,9087100
2025-07-01,209.7899932861328,211.86000061035156,206.77000427246094,209.5,5978900
2025-07-02,212.02999877929688,214.39999389648438,208.25,210.39999389648438,5870900
2025-07-03,215.9199981689453,217.67999267578125,211.6699981689453,211.7899932861328,4476100
2025-07-07,218.6300048828125,218.6300048828125,214.5,215.60000610351562,5807400
2025-07-08,218.52000427246094,220.0,214.72000122070312,219.0,6769600
2025-07-09,226.60000610351562,230.1999969482422,220.00999450683594,220.1199951171875,16462300
2025-07-10,226.08999633789062,228.5,223.92999267578125,226.64999389648438,6116600
2025-07-11,226.83999633789062,228.74000549316406,225.42999267578125,225.42999267578125,6632000
2025-07-14,230.50999450683594,233.0399932861328,227.27000427246094,231.39999389648438,8750200
2025-07-15,230.0,233.61000061035156,228.4199981689453,230.1199951171875,9156800
2025-07-16,229.89999389648438,233.57000732421875,227.3000030517578,232.1300048828125,7474300
2025-07-17,231.0,232.58999633789062,227.75,230.11000061035156,7892600
2025-07-18,229.33999633789062,232.25,227.52000427246094,231.42999267578125,5974500
2025-07-21,229.32000732421875,232.5,228.02000427246094,229.39999389648438,4183300
2025-07-22,228.47999572753906,230.30999755859375,225.5500030517578,228.3000030517578,4737700
2025-07-23,233.8800048828125,235.27000427246094,229.30999755859375,230.32000732421875,7302900
2025-07-24,231.27000427246094,235.22999572753906,231.0500030517578,233.91000366210938,6160200
2025-07-25,233.05999755859375,233.30999755859375,228.83999633789062,232.02000427246094,4628500
2025-07-28,236.41000366210938,236.6300048828125,232.91000366210938,233.24000549316406,7923800
2025-07-29,226.0800018310547,242.69000244140625,225.25999450683594,239.5,20163600
2025-07-30,225.83999633789062,231.72000122070312,224.35000610351562,227.83999633789062,9354600
2025-07-31,221.83999633789062,225.0,221.14999389648438,224.02000427246094,7825000
2025-08-01,221.89999389648438,222.4600067138672,215.89999389648438,219.4499969482422,8572200
2025-08-04,222.33999633789062,222.85000610351562,218.02999877929688,220.14999389648438,5997300
2025-08-05,224.86000061035156,226.02999877929688,221.07000732421875,222.3699951171875,5687400
2025-08-06,225.0399932861328,226.57000732421875,224.0399932861328,225.6999969482422,3898800
2025-08-07,227.3300018310547,230.38999938964844,224.5800018310547,226.14999389648438,4563100
2025-08-08,229.1199951171875,230.89999389648438,227.3800048828125,227.5,4724200
2025-08-11,225.9600067138672,229.32000732421875,225.1699981689453,229.0,4872700
2025-08-12,232.61000061035156,232.61000061035156,226.4600067138672,226.9499969482422,7396400
2025-08-13,233.3699951171875,235.60000610351562,229.3300018310547,233.25,6670400
2025-08-14,233.19000244140625,233.97000122070312,230.86000061035156,231.64999389648438,5320800
2025-08-15,235.25999450683594,236.4499969482422,231.42999267578125,233.36000061035156,6291400
2025-08-18,232.41000366210938,235.16000366210938,229.11000061035156,234.47000122070312,8456000
2025-08-19,225.0,232.42999267578125,223.75,232.0,9061100
2025-08-20,225.6199951171875,226.3699951171875,223.60000610351562,224.49000549316406,5016000
2025-08-21,224.4600067138672,227.5800018310547,223.7100067138672,227.1300048828125,6101100
2025-08-22,230.1199951171875,233.6999969482422,225.24000549316406,225.41000366210938,8678400
2025-08-25,226.8699951171875,230.25,226.60000610351562,229.60000610351562,4757600
2025-08-26,234.8300018310547,234.8300018310547,227.97999572753906,228.0,7380200
2025-08-27,235.6199951171875,236.33999633789062,232.39999389648438,235.36000061035156,4757400
2025-08-28,236.16000366210938,237.35000610351562,234.5,235.85000610351562,4039600
2025-08-29,234.67999267578125,238.0500030517578,233.1699981689453,236.1300048828125,5008600
2025-09-02,237.3800048828125,238.3300018310547,230.8000030517578,231.27999877929688,6339100
2025-09-03,232.3800048828125,237.05999755859375,230.75999450683594,237.05999755859375,5999000
2025-09-04,230.75,233.10000610351562,229.2100067138672,233.00999450683594,4093200
2025-09-05,229.61000061035156,232.22999572753906,225.5,231.8000030517578,8203600
2025-09-08,230.9499969482422,232.1999969482422,228.08999633789062,231.6999969482422,5955000
2025-09-09,229.52000427246094,232.27999877929688,228.4499969482422,231.00999450683594,5510400
2025-09-10,227.52000427246094,230.10000610351562,226.58999633789062,229.60000610351562,4949500
2025-09-11,219.99000549316406,229.69000244140625,219.64999389648438,228.0,12010800
2025-09-12,215.94000244140625,220.0,215.6999969482422,219.88999938964844,11094900
2025-09-15,215.75,217.25999450683594,214.07000732421875,216.25,6896200
2025-09-16,215.02000427246094,217.1300048828125,213.75,216.86000061035156,6330600
2025-09-17,214.6300048828125,218.0500030517578,213.1300048828125,215.58999633789062,6019500
2025-09-18,215.66000366210938,217.39999389648438,213.6999969482422,215.22999572753906,6414000
2025-09-19,215.64999389648438,217.72999572753906,213.6199951171875,217.72999572753906,10513700
2025-09-22,212.08999633789062,215.89999389648438,211.42999267578125,215.1699981689453,7467700
2025-09-23,216.33999633789062,219.82000732421875,214.00999450683594,217.1199951171875,12760900
2025-09-24,215.10000610351562,218.17999267578125,214.77000427246094,217.55999755859375,7354800
2025-09-25,213.52999877929688,216.86000061035156,211.97999572753906,214.8699951171875,6649300
2025-09-26,221.25999450683594,224.10000610351562,219.11000061035156,223.36000061035156,17281700
2025-09-29,217.0800018310547,222.80999755859375,215.1199951171875,222.3699951171875,11290600
2025-09-30,215.8300018310547,217.67999267578125,212.8300018310547,217.10000610351562,9289300
2025-10-01,215.1999969482422,215.6300048828125,213.6999969482422,214.00999450683594,7178000
2025-10-02,217.42999267578125,218.86000061035156,215.30999755859375,215.4499969482422,8281100
2025-10-03,216.3000030517578,218.8300018310547,215.25,216.75,6634100
2025-10-06,219.72999572753906,221.8000030517578,215.89999389648438,217.8699951171875,7665300
2025-10-07,221.82000732421875,223.9499969482422,219.1999969482422,220.11000061035156,7610600
2025-10-08,225.32000732421875,226.19000244140625,221.47000122070312,222.72999572753906,6189700
2025-10-09,216.0,225.6999969482422,215.89999389648438,225.6999969482422,12974800
2025-10-10,210.72999572753906,217.89999389648438,210.72999572753906,217.0,10647900
2025-10-13,215.55999755859375,215.8000030517578,212.05999755859375,212.08999633789062,5657300
2025-10-14,214.3000030517578,217.9499969482422,212.24000549316406,213.5399932861328,5975700
2025-10-15,214.0,215.92999267578125,212.47999572753906,215.0399932861328,5055600
2025-10-16,211.88999938964844,214.9600067138672,210.66000366210938,214.66000366210938,5555200
2025-10-17,212.94000244140625,214.67999267578125,210.75,210.91000366210938,6482700
2025-10-20,216.82000732421875,217.3800048828125,214.55999755859375,215.1300048828125,5865100
2025-10-21,217.25999450683594,217.6999969482422,215.5500030517578,217.2100067138672,4209500
2025-10-22,216.58999633789062,217.39999389648438,213.8000030517578,216.67999267578125,6310300
2025-10-23,217.77000427246094,219.3000030517578,216.25,216.39999389648438,5356200
2025-10-24,221.35000610351562,221.74000549316406,218.50999450683594,219.0399932861328,5238100
2025-10-27,223.0,223.5800018310547,221.82000732421875,222.77999877929688,6084300
2025-10-28,223.3300018310547,225.55999755859375,222.60000610351562,224.36000061035156,7027200
2025-10-29,213.5800018310547,221.89999389648438,212.5,221.36000061035156,20940100
2025-10-30,200.0800018310547,210.27999877929688,200.02000427246094,210.00999450683594,19417000
2025-10-31,201.02000427246094,202.60000610351562,198.3000030517578,201.25,10696600
2025-11-03,204.5500030517578,205.66000366210938,201.5800018310547,202.0399932861328,8103900
2025-11-04,198.0500030517578,202.22000122070312,197.57000732421875,201.8000030517578,8619600
2025-11-05,197.6199951171875,198.50999450683594,195.30999755859375,197.75,9885700
2025-11-06,196.5,201.27000427246094,195.4499969482422,198.10000610351562,7740500
2025-11-07,194.61000061035156,195.85000610351562,191.49000549316406,195.5,7869500
2025-11-10,194.80999755859375,196.44000244140625,193.19000244140625,195.88999938964844,7447400
2025-11-11,195.2100067138672,196.39999389648438,194.35000610351562,194.74000549316406,5783400
2025-11-12,195.5,196.66000366210938,193.8000030517578,195.75,8288300
2025-11-13,194.5800018310547,196.1999969482422,193.11000061035156,195.6300048828125,6739300
2025-11-14,194.52000427246094,197.02999877929688,192.14999389648438,192.8800048828125,6189800
2025-11-17,191.80999755859375,194.83999633789062,190.22999572753906,194.83999633789062,5877800
2025-11-18,189.6300048828125,191.16000366210938,187.85000610351562,190.0,8195800
2025-11-19,185.6999969482422,189.2100067138672,183.00999450683594,189.2100067138672,12550400
2025-11-20,179.3800048828125,188.10000610351562,178.4199981689453,187.74000549316406,13706400
2025-11-21,179.6999969482422,181.42999267578125,176.77000427246094,180.55999755859375,10134000
2025-11-24,179.1199951171875,180.30999755859375,177.3000030517578,180.30999755859375,9386000
2025-11-25,182.44000244140625,183.47999572753906,177.52000427246094,179.49000549316406,9676200
2025-11-26,186.9199981689453,188.17999267578125,183.02999877929688,184.0,7644500
2025-11-28,189.0,189.75,186.91000366210938,187.8699951171875,3757000
2025-12-01,186.4600067138672,189.9499969482422,186.41000366210938,188.9600067138672,6763700
2025-12-02,205.3800048828125,205.77999877929688,195.50999450683594,198.3000030517578,22624000
2025-12-03,202.5399932861328,205.85000610351562,197.39999389648438,204.60000610351562,14139900
2025-12-04,201.8699951171875,202.88999938964844,198.52999877929688,202.85000610351562,9513300
2025-12-05,201.88999938964844,202.9499969482422,200.55999755859375,201.39999389648438,6857200
2025-12-08,206.27000427246094,206.86000061035156,202.55999755859375,203.61000061035156,8823900
2025-12-09,200.3699951171875,207.10000610351562,200.02000427246094,205.35000610351562,9101900
2025-12-10,198.72000122070312,201.35000610351562,198.35000610351562,200.3699951171875,15159600
2025-12-11,200.7100067138672,201.86000061035156,198.0500030517578,198.72999572753906,7917800
2025-12-12,204.3800048828125,206.1199951171875,201.5800018310547,202.1999969482422,7069700
2025-12-15,205.5,206.6300048828125,203.1699981689453,204.3800048828125,6721600
2025-12-16,206.7100067138672,208.64999389648438,204.38999938964844,205.0,6120200
2025-12-17,206.3300018310547,210.66000366210938,205.82000732421875,206.77999877929688,7301100
2025-12-18,208.27000427246094,210.5500030517578,207.66000366210938,207.99000549316406,5652100
2025-12-19,214.0800018310547,215.97999572753906,209.27000427246094,209.75999450683594,14793700
2025-12-22,216.83999633789062,217.14999389648438,214.22000122070312,215.33999633789062,5458900
2025-12-23,216.85000610351562,217.55999755859375,215.32000732421875,216.89999389648438,4496300
2025-12-24,218.16000366210938,219.27000427246094,216.19000244140625,217.0,2943500
2025-12-26,216.44000244140625,218.6699981689453,216.13999938964844,218.0500030517578,2801500
2025-12-29,217.25,218.13999938964844,215.11000061035156,215.89999389648438,5292000
2025-12-30,218.5,221.8800048828125,218.39999389648438,219.13999938964844,5653500
2025-12-31,217.1199951171875,219.32000732421875,216.13999938964844,218.92999267578125,5563000
2026-01-02,227.77000427246094,227.77000427246094,215.24000549316406,218.14999389648438,11261000
2026-01-05,228.1300048828125,230.9600067138672,227.5,228.7899932861328,8278800
2026-01-06,229.83999633789062,231.63999938964844,228.60000610351562,229.22999572753906,6714300
2026-01-07,228.1199951171875,233.57000732421875,227.30999755859375,232.14999389648438,9693100
2026-01-08,227.3800048828125,233.11000061035156,225.10000610351562,231.7899932861328,7126800
2026-01-09,234.52999877929688,235.13999938964844,228.3000030517578,228.33999633789062,8621600
2026-01-12,239.80999755859375,239.9499969482422,234.0,234.2899932861328,7894000
2026-01-13,244.5500030517578,247.39999389648438,240.10000610351562,241.1199951171875,11460500
2026-01-14,242.61000061035156,244.88999938964844,239.60000610351562,244.44000244140625,7748600
2026-01-15,247.74000549316406,248.75,243.97000122070312,244.3800048828125,6517200
2026-01-16,247.67999267578125,248.19000244140625,244.9600067138672,247.75,5944200
2026-01-20,249.0,249.52000427246094,243.6999969482422,244.39999389648438,11293200
2026-01-21,250.07000732421875,251.30999755859375,244.67999267578125,248.88999938964844,8160700
2026-01-22,251.41000366210938,254.13999938964844,249.77999877929688,252.0,9742600
2026-01-23,252.14999389648438,253.77000427246094,249.02000427246094,252.74000549316406,7078700
2026-01-26,248.42999267578125,251.58999633789062,247.41000366210938,251.49000549316406,8469200
2026-01-27,244.55999755859375,254.35000610351562,238.75,242.5,20509200
2026-01-28,241.58999633789062,245.86000061035156,237.10000610351562,244.08999633789062,9999200
2026-01-29,234.0399932861328,243.77000427246094,233.35000610351562,242.0800018310547,9142500
2026-01-30,233.72000122070312,234.64999389648438,229.94000244140625,233.5,6916100
2026-02-02,233.02000427246094,236.2899932861328,230.3300018310547,232.63999938964844,6105300
2026-02-03,233.14999389648438,238.85000610351562,228.9600067138672,236.4199981689453,7655200
2026-02-04,235.9499969482422,236.57000732421875,229.91000366210938,233.24000549316406,7053400
2026-02-05,236.9499969482422,240.3300018310547,232.60000610351562,234.11000061035156,7377300
2026-02-06,243.02999877929688,246.3000030517578,239.39999389648438,239.39999389648438,6701200
2026-02-09,244.7100067138672,245.83999633789062,240.5,242.0,4707200
2026-02-10,242.58999633789062,247.86000061035156,240.86000061035156,245.0,5184400
2026-02-11,236.25999450683594,244.6999969482422,235.5,244.47999572753906,5791000
2026-02-12,239.35000610351562,245.6699981689453,235.97000122070312,239.25999450683594,6980800
2026-02-13,242.9600067138672,246.50999450683594,240.72000122070312,241.24000549316406,6835400
2026-02-17,244.0399932861328,245.4199981689453,238.92999267578125,243.61000061035156,4864700
2026-02-18,238.92999267578125,245.0800018310547,238.60000610351562,244.5500030517578,4923000
2026-02-19,233.7100067138672,240.0,233.4199981689453,238.91000366210938,5827500
2026-02-20,232.02999877929688,236.0800018310547,231.13999938964844,232.6300048828125,5460900
2026-02-23,230.44000244140625,233.5,227.4600067138672,231.5,5380000
2026-02-24,233.38999938964844,236.1300048828125,228.38999938964844,229.27000427246094,4408900
2026-02-25,230.36000061035156,234.16000366210938,229.19000244140625,234.10000610351562,4442600
2026-02-26,229.41000366210938,230.66000366210938,225.6699981689453,230.3800048828125,4613300
2026-02-27,227.52999877929688,228.8000030517578,224.91000366210938,227.47000122070312,6278100
2026-03-02,229.74000549316406,230.22999572753906,223.6199951171875,226.0,4709000
2026-03-03,224.1199951171875,226.5,221.11000061035156,225.75,6211600
2026-03-04,227.30999755859375,227.52999877929688,221.7899932861328,226.3800048828125,5068700
2026-03-05,222.05999755859375,227.67999267578125,218.1300048828125,226.1199951171875,7199300
2026-03-06,231.11000061035156,231.9600067138672,218.63999938964844,219.47999572753906,10684700
2026-03-09,225.0,227.58999633789062,220.4499969482422,226.75,8400100
2026-03-10,217.75999450683594,226.11000061035156,217.02999877929688,224.10000610351562,9285300
2026-03-11,214.10000610351562,217.94000244140625,213.52999877929688,217.94000244140625,7937400
2026-03-12,204.75999450683594,212.61000061035156,204.3000030517578,212.2100067138672,10758600
2026-03-13,209.88999938964844,210.83999633789062,204.9199981689453,205.0,8926600
2026-03-16,213.47000122070312,216.14999389648438,210.75,210.75,7347100
2026-03-17,210.82000732421875,217.14999389648438,206.6699981689453,214.67999267578125,7308100
2026-03-18,205.99000549316406,210.5,205.75,209.0,5881900
2026-03-19,201.17999267578125,203.0500030517578,197.4600067138672,203.0500030517578,9967600
2026-03-20,195.1199951171875,201.99000549316406,192.5399932861328,201.0500030517578,12925400
2026-03-23,198.41000366210938,201.69000244140625,197.19000244140625,198.91000366210938,6247900
2026-03-24,196.4199981689453,197.6199951171875,194.36000061035156,196.11000061035156,5691800
2026-03-25,199.61000061035156,200.75,198.0,198.19000244140625,5055900
2026-03-26,194.36000061035156,198.24000549316406,194.27000427246094,197.3000030517578,5772600
2026-03-27,190.52000427246094,193.63999938964844,189.27999877929688,192.92999267578125,6000100
2026-03-30,189.2100067138672,192.5,187.72000122070312,191.47999572753906,6606100
2026-03-31,199.02999877929688,199.3300018310547,190.35000610351562,191.1300048828125,9668300
2026-04-01,207.32000732421875,210.27999877929688,203.5,203.5,9664500
2026-04-02,208.22000122070312,208.77999877929688,202.3000030517578,203.0,6698600
2026-04-06,212.3000030517578,212.39999389648438,207.3699951171875,207.3699951171875,4172300
2026-04-07,210.0,211.99000549316406,206.9199981689453,211.00999450683594,4084800
2026-04-08,217.8000030517578,220.85000610351562,216.0,218.94000244140625,6267200
2026-04-09,220.05999755859375,221.2899932861328,216.0,216.0,4768700
2026-04-10,217.6300048828125,220.3699951171875,216.66000366210938,220.1699981689453,4829000
2026-04-13,222.13999938964844,222.2100067138672,215.4600067138672,216.25,4136900
2026-04-14,223.77000427246094,225.10000610351562,221.32000732421875,221.69000244140625,4820900
2026-04-15,223.92999267578125,224.72000122070312,221.64999389648438,224.17999267578125,4397700
2026-04-16,218.8800048828125,225.10000610351562,215.39999389648438,225.0,7089600
2026-04-17,223.3800048828125,230.24000549316406,222.5,223.07000732421875,8874900
2026-04-20,225.0800018310547,225.3699951171875,220.35000610351562,222.22999572753906,5014500
2026-04-21,219.16000366210938,225.66000366210938,218.89999389648438,223.2899932861328,7566300
2026-04-22,231.27999877929688,232.60000610351562,221.22000122070312,227.0500030517578,15779500
2026-04-23,234.14999389648438,235.91000366210938,228.77000427246094,231.50999450683594,8087600
2026-04-24,232.44000244140625,236.4499969482422,232.07000732421875,234.99000549316406,5732700
2026-04-27,231.3300018310547,235.4499969482422,229.38999938964844,233.0,4402600
2026-04-28,230.72000122070312,231.3300018310547,227.07000732421875,231.0500030517578,3807800
2026-04-29,224.11000061035156,230.25999450683594,221.14999389648438,230.22000122070312,6377700
2026-04-30,229.02999877929688,229.5500030517578,224.61000061035156,225.89999389648438,4841300
2026-05-01,227.3800048828125,231.50999450683594,227.25999450683594,230.39999389648438,3494200
2026-05-04,221.3000030517578,227.8699951171875,221.0399932861328,226.49000549316406,4860900
2026-05-05,224.3800048828125,225.55999755859375,221.74000549316406,223.10000610351562,3852100
2026-05-06,229.92999267578125,232.0800018310547,228.10000610351562,230.92999267578125,7166900
2026-05-07,231.02999877929688,236.6300048828125,229.60000610351562,231.4499969482422,8489800
2026-05-08,237.36000061035156,238.5399932861328,231.75,233.8000030517578,7525300
2026-05-11,238.2100067138672,241.2100067138672,236.52000427246094,239.44000244140625,6267000
2026-05-12,236.8699951171875,239.02000427246094,231.11000061035156,239.0,7041000
2026-05-13,240.60000610351562,242.27000427246094,234.39999389648438,237.22999572753906,7438700
2026-05-14,229.2100067138672,244.07000732421875,227.5,243.52000427246094,17761100
2026-05-15,220.49000549316406,226.85000610351562,220.4499969482422,226.85000610351562,9479900
2026-05-18,220.61000061035156,221.1699981689453,216.7899932861328,220.47999572753906,6568200
2026-05-19,215.00999450683594,220.0500030517578,214.0,218.83999633789062,5355300
2026-05-20,222.1999969482422,223.02000427246094,216.5,216.8000030517578,7708500
2026-05-21,219.61000061035156,221.1699981689453,215.72000122070312,219.38999938964844,6412800
2026-05-22,219.02000427246094,221.11000061035156,217.1699981689453,220.85000610351562,4647100
2026-05-26,218.89999389648438,222.41000366210938,217.91000366210938,221.3000030517578,5908000
2026-05-27,224.3000030517578,226.89999389648438,220.6999969482422,221.5,11049100
2026-05-28,228.77999877929688,229.91000366210938,222.85000610351562,224.0,6526400
2026-05-29,231.14999389648438,232.3000030517578,226.25,228.44000244140625,6938100
2026-06-01,224.3000030517578,228.8000030517578,222.2100067138672,228.36000061035156,6400900
2026-06-02,217.6999969482422,224.69000244140625,215.00999450683594,222.52000427246094,7655600
2026-06-03,210.5800018310547,216.35000610351562,209.6300048828125,216.10000610351562,9105900
2026-06-04,217.4199981689453,221.60000610351562,212.8000030517578,213.0,8055000
2026-06-05,215.4499969482422,218.3699951171875,213.6300048828125,216.5800018310547,4804000
2026-06-08,215.9199981689453,217.7899932861328,215.0,216.3000030517578,3711700
2026-06-09,214.50999450683594,220.00999450683594,212.22999572753906,216.5,5198800
2026-06-10,209.0,213.6999969482422,207.9499969482422,213.07000732421875,7038100
2026-06-11,221.6300048828125,221.77000427246094,209.8000030517578,209.83999633789062,6651500
2026-06-12,219.0500030517578,223.50999450683594,216.6999969482422,222.3699951171875,5665800
2026-06-15,228.9499969482422,231.33999633789062,225.22000122070312,225.3000030517578,8596000
2026-06-16,227.49000549316406,230.3000030517578,225.3000030517578,229.47000122070312,3705900
2026-06-17,225.6300048828125,230.5399932861328,225.3000030517578,227.02000427246094,5006800
2026-06-18,222.72000122070312,228.99000549316406,220.1199951171875,227.75,8822500
2026-06-22,220.8300018310547,223.5500030517578,220.11000061035156,223.0,4300300
2026-06-23,216.7100067138672,221.47999572753906,216.63999938964844,218.88999938964844,4572500
2026-06-24,220.25,222.25,217.67999267578125,218.19000244140625,4354300
2026-06-25,218.1199951171875,224.1300048828125,217.16000366210938,220.60000610351562,4687600
2026-06-26,217.25,222.5800018310547,215.36000061035156,217.5500030517578,11704500
2026-06-29,214.69000244140625,219.50999450683594,213.9499969482422,218.6300048828125,5848500
2026-06-30,216.47000122070312,219.22999572753906,214.72999572753906,216.5,7013700
2026-07-01,218.5800018310547,220.75,216.16000366210938,217.25999450683594,4205600
2026-07-02,226.49000549316406,227.52000427246094,220.67999267578125,221.0,6050800
2026-07-06,234.5399932861328,234.85000610351562,227.0,227.14999389648438,7029200
2026-07-07,231.67999267578125,237.47999572753906,230.4600067138672,235.89999389648438,4364700
2026-07-08,224.9499969482422,228.89999389648438,222.75,227.0,4732800
2026-07-09,223.11000061035156,225.5,222.69000244140625,225.3000030517578,3474500
2026-07-10,222.27999877929688,223.83999633789062,219.57000732421875,223.69000244140625,3828300
2026-07-13,215.50999450683594,222.0,215.11000061035156,222.0,4675700
2026-07-14,217.11000061035156,220.2899932861328,216.3800048828125,216.9600067138672,3849700
2026-07-15,218.1199951171875,221.92999267578125,217.25,217.7899932861328,3305100
2026-07-16,214.33999633789062,217.9600067138672,214.1999969482422,216.52000427246094,4763900
2026-07-17,214.02999877929688,216.9600067138672,211.0,211.5,4220500
2026-07-20,209.47999572753906,216.72999572753906,208.6999969482422,216.17999267578125,5896700
2026-07-21,204.8000030517578,211.6999969482422,203.89999389648438,209.47999572753906,10037900
2026-07-22,208.64999389648438,209.25,204.8800048828125,205.0,6061400
2026-07-23,209.22999572753906,211.3000030517578,205.05999755859375,206.0,4853800
2026-07-24,209.52000427246094,212.49000549316406,208.39999389648438,210.08999633789062,3742700
2026-07-27,211.5,215.22000122070312,211.14999389648438,212.5399932861328,6657300
2026-07-28,221.55999755859375,223.77000427246094,209.35000610351562,214.0,10465400
2026-07-29,214.00999450683594,219.7899932861328,210.5399932861328,218.5,9030600
2026-07-30,220.89999389648438,221.63999938964844,213.0,214.94000244140625,5661300
2026-07-31,216.13999938964844,221.5,211.3000030517578,221.16000366210938,7320700
2026-08-03,233.49000549316406,234.08999633789062,219.2100067138672,221.0,10994600
2026-08-04,237.16000366210938,238.1699981689453,232.8800048828125,236.75999450683594,7932100
2026-08-05,240.19000244140625,241.08999633789062,236.6199951171875,237.9499969482422,6574700
2026-08-06,232.19000244140625,240.3699951171875,231.3300018310547,240.0,7130500
2026-08-07,234.4199981689453,235.60000610351562,230.86000061035156,234.05999755859375,4107500
2026-08-10,232.7899932861328,236.49000549316406,231.67999267578125,234.25,3678100
2026-08-11,233.24000549316406,237.11000061035156,232.8300018310547,235.61000061035156,2771900
2026-08-12,231.1999969482422,234.58999633789062,229.25,234.3000030517578,3372800
2026-08-13,230.3300018310547,233.5800018310547,228.17999267578125,232.27000427246094,2971400
2026-08-14,231.6699981689453,233.42999267578125,229.8800048828125,231.6300048828125,2649100
2026-08-17,225.9499969482422,231.35000610351562,225.9499969482422,230.33999633789062,5020300
2026-08-18,223.05999755859375,226.11000061035156,222.5800018310547,225.10000610351562,4772500
2026-08-19,222.1999969482422,224.1999969482422,220.1999969482422,223.50999450683594,5797500
2026-08-20,215.10000610351562,221.11000061035156,214.1199951171875,220.39999389648438,7860600
2026-08-21,214.1999969482422,216.4600067138672,212.75,215.6699981689453,6233400
2026-08-24,210.4600067138672,213.30999755859375,208.6999969482422,212.86000061035156,7144100
2026-08-25,211.0800018310547,212.94000244140625,210.11000061035156,212.5,4854600
2026-08-26,212.08999633789062,212.60000610351562,209.66000366210938,211.77999877929688,4365800
2026-08-27,209.88999938964844,211.94000244140625,209.11000061035156,211.50999450683594,4455700
2026-08-28,209.82000732421875,210.61000061035156,207.5500030517578,209.99000549316406,4564100
2026-08-31,207.77999877929688,208.77000427246094,206.27000427246094,208.5,5212300
2026-09-01,205.66000366210938,208.11000061035156,205.5,206.6999969482422,5010400
2026-09-02,208.8699951171875,210.64999389648438,206.4199981689453,207.0,6426300
2026-09-03,210.50999450683594,211.05999755859375,205.8300018310547,209.94000244140625,6252300
2026-09-04,212.25,212.25999450683594,208.8000030517578,209.44000244140625,4585700
2026-09-08,210.72999572753906,215.2899932861328,210.58999633789062,212.10000610351562,4367800
