Date,Close,High,Low,Open,Volume
2000-01-03,22.41170310974121,22.45859005197402,21.567748302634687,21.94283948917543,8402230
2000-01-04,23.724517822265625,23.912064099921448,22.50547064360345,22.50547064360345,16051191
2000-01-05,24.70913314819336,24.849793951990062,23.72451912513922,23.72451912513922,19823822
2000-01-06,23.724517822265625,24.849792587320024,23.724517822265625,24.70913179124796,7903193
2000-01-07,23.349428176879883,24.099610433513732,23.114994952546493,23.724519305196807,6773543
2000-01-10,26.912790298461914,26.959674322478815,25.50619705595271,25.50619705595271,33965839
2000-01-11,27.194103240966797,27.569195700571203,26.443921222637773,26.912787522363228,20134820
2000-01-12,25.271766662597656,26.9596757415764,24.990447999287824,26.9596757415764,13100963
2000-01-13,26.1157169342041,26.256377701124226,25.365534879936547,25.365534879936547,8732387
2000-01-14,25.177995681762695,26.256383530727568,25.084224717209604,26.11572273257707,8151546
2000-01-18,25.881288528442383,26.115720269031584,24.802903682084175,25.17799330667478,8101774
2000-01-19,26.06884002685547,26.209497931280623,25.553089542495364,25.881292286447632,6551343
2000-01-20,25.224878311157227,26.584584623578888,25.0842204378833,26.068834253441025,7212063
2000-01-21,24.568479537963867,25.224888034396276,24.521592595172724,25.224888034396276,8284136
2000-01-24,24.990449905395508,25.50620034398822,24.2871546439183,24.568473328685275,8343031
2000-01-25,28.13184356689453,28.50693326731665,27.381661265169402,27.381661265169402,29911201
2000-01-26,27.475427627563477,28.084951914530333,27.287882808835366,28.084951914530333,10400710
2000-01-27,27.850521087646484,28.225610737516742,27.475428536895727,27.475428536895727,9818449
2000-01-28,27.56920623779297,28.131843691805255,27.334774448767998,27.85052496479911,7500963
2000-01-31,27.240989685058594,27.334763523541177,26.865900132887738,27.334763523541177,7909072
2000-02-01,27.006568908691406,27.33477457519674,26.95968197049337,27.24100069880067,7237202
2000-02-02,27.944292068481445,28.50692944454601,26.865907148718275,27.006565042294167,9411353
2000-02-03,28.413162231445312,28.882025806403405,28.178727543085387,28.178727543085387,10908160
2000-02-04,28.6007022857666,28.694473244507094,27.756746251819795,28.41315746740522,6272985
2000-02-07,28.506935119628906,28.835140804484944,28.178729434772865,28.60070900126808,6153573
2000-02-08,28.178730010986328,28.460048760775333,27.756753336743387,28.460048760775333,5780233
2000-02-09,28.27250099182129,29.257115064552462,27.85052436090245,28.178727117892286,6158338
2000-02-10,27.709857940673828,28.413156051010308,27.662973914080943,28.272495268590912,5675925
2000-02-11,28.413162231445312,28.975796780866492,27.616092993664203,27.709863968127294,7247035
2000-02-14,27.75674819946289,28.038066897184805,27.475429501740976,28.038066897184805,5201622
2000-02-15,27.66297149658203,27.897403212580183,26.5376969390869,27.756742442453294,7082717
2000-02-16,27.709857940673828,27.944289677159237,27.428539276715284,27.662973914080943,4475215
2000-02-17,27.38165855407715,27.662977251980468,26.77213422513986,27.662977251980468,4756310
2000-02-18,26.6314697265625,27.2878808974531,26.490811847588912,27.2878808974531,6493867
2000-02-22,25.03734016418457,26.58459168561625,24.47470271986744,26.58459168561625,12744146
2000-02-23,25.5999698638916,25.975059446042117,24.474695315680112,25.037332589785855,8371718
2000-02-24,24.896678924560547,25.553090231937,24.334042940358504,25.553090231937,8338672
2000-02-25,23.255651473999023,24.80290418417764,23.255651473999023,24.80290418417764,8440649
2000-02-28,24.568479537963867,24.7091374654561,24.00584202623255,24.00584202623255,7943639
2000-02-29,25.50619888305664,25.50619888305664,24.19337939629927,24.56847192146436,5506437
2000-03-01,26.021953582763672,26.068840518750342,24.89667872260665,25.506203088671832,7250380
2000-03-02,25.881288528442383,25.975062385030185,25.36553811897008,25.975062385030185,6588241
2000-03-03,27.38165855407715,27.38165855407715,26.16260989620257,26.16260989620257,14559757
2000-03-06,27.006568908691406,27.569206365306,26.678363242186073,27.381661513394775,7341004
2000-03-07,27.006568908691406,27.287887636998704,26.584592266670917,27.006568908691406,7588140
2000-03-08,26.209495544433594,26.959677735105156,26.162608613601535,26.959677735105156,6294577
2000-03-09,27.194103240966797,27.194103240966797,25.975057823792106,26.209489523214938,5623011
2000-03-10,26.350154876708984,26.819018357286105,26.02194927995288,26.819018357286105,7061936
2000-03-13,26.209495544433594,26.631472120161202,24.756018093922524,26.350156336929768,5247440
2000-03-14,25.5999698638916,26.06883329201973,25.365535248947563,26.06883329201973,5589559
2000-03-15,26.1157169342041,26.209490778817518,25.22487701389635,25.59996949147009,6642980
2000-03-16,26.490814208984375,26.631472100496232,25.318655443450737,26.11572166348534,8335124
2000-03-17,27.616085052490234,27.709855999988918,25.92817318695342,26.49081047546569,8753675
2000-03-20,29.58531951904297,29.63220645410035,28.27249984183994,28.27249984183994,16985606
2000-03-21,29.39777374267578,30.054182109914716,28.97579424149017,29.585318576046816,13362088
2000-03-22,30.382387161254883,31.085682448567862,29.819749771052265,29.819749771052265,13725900
2000-03-23,31.17945098876953,31.46076963582454,29.86663160280617,30.382381972260344,8163811
2000-03-24,31.085676193237305,31.320107908500574,30.804357554745387,31.179450039694608,6630411
2000-03-27,31.320112228393555,31.64831783538258,30.007292701317837,31.08568048079579,5797669
2000-03-28,30.710586547851562,31.882745121827586,30.47615483305636,31.320107845967105,7592600
2000-03-29,30.616819381713867,30.898138081023642,30.194842783189507,30.710593248443995,5162494
2000-03-30,30.194841384887695,30.757475856571432,29.81974883621806,30.616817963870616,5418652
2000-03-31,30.94502830505371,31.132573157576697,30.194845994080833,30.194845994080833,5358236
2000-04-03,31.36699676513672,31.4138836912554,30.804359453472888,30.945020231828927,4870654
2000-04-04,30.851245880126953,31.460770108041604,28.7882443713452,31.36699625732239,7049975
2000-04-05,30.007293701171875,30.56993107450595,29.444656327837798,30.56993107450595,5140193
2000-04-06,30.335508346557617,30.945032832536334,30.007302630962823,30.007302630962823,3615509
2000-04-07,30.75748062133789,31.038799351200225,30.38239091544206,30.38239091544206,3298023
2000-04-10,30.99191665649414,31.038803601371622,30.194850197102244,30.757484832988055,3665585
2000-04-11,31.88275909423828,31.88275909423828,31.320121571805583,31.320121571805583,6923365
2000-04-12,30.054189682006836,32.726716559624464,30.007302736630848,31.882760245500783,8414293
2000-04-13,29.44465446472168,30.569929140187863,29.444654464721683,30.054178730745914,5078459
2000-04-14,29.163341522216797,29.632205048793303,28.27249850101697,29.444657317458237,8248251
2000-04-17,29.069564819335938,29.069564819335938,27.80363226078319,29.069564819335938,6537253
2000-04-18,29.632205963134766,29.8197507993762,28.50693114392482,29.06956855352979,4275520
2000-04-19,30.710586547851562,31.132563054306935,30.00728850258597,30.00728850258597,8579219
2000-04-20,31.695201873779297,31.882746674573223,30.616814192674,30.710588043511024,5438824
2000-04-24,30.194841384887695,31.085681474047302,30.10106752250017,31.085681474047302,3844197
2000-04-25,30.382387161254883,30.429274093918526,29.772862838388622,30.194842331480867,3749417
2000-04-26,31.788970947265625,31.882744792567273,30.56992546274392,30.56992546274392,6002636
2000-04-27,31.226341247558594,31.695204742418927,30.663703893374038,31.695204742418927,4674810
2000-04-28,32.72671127319336,32.72671127319336,31.695210245068154,31.695210245068154,11731272
2000-05-01,31.507661819458008,32.914255419012825,31.507661819458008,32.726710572699126,8919209
2000-05-02,32.257843017578125,32.30472995279532,30.241728010284536,31.507660756745178,9296604
2000-05-03,30.94502830505371,31.507662862622674,29.72597951145198,31.507662862622674,6513735
2000-05-04,29.77286720275879,31.46077962079576,29.53843540595604,30.945029087653516,7127420
2000-05-05,29.67909049987793,30.33550178917638,29.444658725380116,29.772864370029342,3471363
2000-05-08,30.42926788330078,30.85124438938699,29.679082915556435,29.679082915556435,3582261
2000-05-09,30.569934844970703,31.226346161781727,29.819752554958708,30.429276934728822,3407096
2000-05-10,30.80436134338379,31.320111760571287,30.382384784186865,30.569929599287683,6369894
2000-05-11,30.851245880126953,31.038790680685263,30.429269353650728,30.80435895476735,3334516
2000-05-12,30.616819381713867,31.038795980238223,30.054181983094313,30.851251147658576,3104612
2000-05-15,30.616819381713867,30.851251147658576,30.14795584982444,30.616819381713867,3892043
2000-05-16,31.648324966430664,31.976530647371487,30.945029565169794,30.945029565169794,5938773
2000-05-17,31.695201873779297,32.164065326204174,31.55454109752376,31.648314948360785,4089812
2000-05-18,30.89813995361328,32.11718579058249,30.7574791449933,31.695209166484126,4393614
2000-05-19,30.80436134338379,30.945022130369658,29.819747438004075,30.898135201374366,4461328
2000-05-22,30.6637020111084,31.132565477187942,30.00729083789287,30.804359890580177,4200507
2000-05-23,30.054189682006836,30.52305333400398,29.819757856008263,30.52305333400398,4224430
2000-05-24,29.491544723510742,30.616819526054886,28.64759152248326,30.054182124782812,4405879
2000-05-25,29.866641998291016,30.3355056062836,29.30400450834748,29.491549371368297,3919007
2000-05-26,29.91352081298828,30.147952553299074,29.4446544314864,29.866633884750062,3368170
2000-05-30,31.413894653320312,31.507665637399448,30.476167407241885,30.476167407241885,7346782
2000-05-31,31.648324966430664,31.835869826590688,31.226348305850347,31.41389316601037,5180943
2000-06-01,31.320112228393555,31.92963651267598,30.851248733198027,31.64831783538258,3898530
2000-06-02,30.335508346557617,31.507667472422828,30.194850411806332,31.320122592460663,5836898
2000-06-05,30.476167678833008,30.757483534458565,30.007301150734268,30.335506850139026,4218956
2000-06-06,30.6637020111084,31.179452403971936,30.335496424500633,30.476157204852623,3841967
2000-06-07,30.14794921875,30.710586493616873,30.101062295697766,30.663699570564635,3373644
2000-06-08,30.335508346557617,30.85125894211458,30.101076521384577,30.147963466595456,3073391
2000-06-09,31.17945098876953,31.50765365960031,30.382381972260344,30.382381972260344,4017537
2000-06-12,30.546485900878906,31.273223107151978,30.288609256064458,31.179452155212328,3474506
2000-06-13,30.14794921875,31.132562999327035,30.147949218750004,30.546483713374037,5000405
2000-06-14,30.569934844970703,30.8043666292944,30.335503060647007,30.335503060647007,2941105
2000-06-15,31.507661819458008,31.507661819458008,30.663708560605944,30.663708560605944,4222200
2000-06-16,30.89813995361328,31.695209166484126,30.80436608119996,31.507661421657488,4973543
2000-06-19,31.460779190063477,31.507663228077334,30.851254786192786,30.8981417250876,2712012
2000-06-20,31.320112228393555,31.554543975991322,31.179454340187053,31.46077301748045,3295895
2000-06-21,31.320112228393555,31.554543975991322,31.132567410491422,31.320112228393555,2932286
2000-06-22,31.13257598876953,31.3670078009627,30.804370291346622,31.320120858347828,2864369
2000-06-23,29.725976943969727,30.991909665700792,29.5384321076453,30.991909665700792,5519108
2000-06-26,30.382387161254883,30.382387161254883,29.67908897306133,29.725975905724976,3821997
2000-06-27,30.007293701171875,30.382386250354752,29.679088083246917,30.382386250354752,3376787
2000-06-28,29.374324798583984,30.147951844115465,28.975790269254478,30.007291062709637,3165332
2000-06-29,29.632205963134766,30.101069504178685,28.553818078205346,29.374329275032206,4801723
2000-06-30,29.116453170776367,29.58531667450899,28.319384054078732,29.58531667450899,6610542
2000-07-03,28.928905487060547,29.022679348283987,28.506928913315956,29.022679348283987,2323568
2000-07-05,28.55381202697754,29.16333624169045,28.41315415482536,28.928901619970055,4211353
2000-07-06,28.13184356689453,29.39777638236074,28.084956629121542,28.553820205089636,3873087
2000-07-07,28.506935119628906,28.60070900126808,27.381663044364174,28.131845394834354,9323974
2000-07-10,28.366275787353516,28.83513937046995,28.08495705730747,28.506933701936074,4125190
2000-07-11,27.006568908691406,28.31938867383182,27.006568908691406,28.31938867383182,3834972
2000-07-12,27.053449630737305,28.60070083047044,27.053449630737305,27.053449630737305,4153269
2000-07-13,27.850521087646484,28.27249766897065,27.194109849052783,27.194109849052783,5091232
2000-07-14,28.08495330810547,28.131840240334128,27.194110298402627,27.85052154784273,4110492
2000-07-17,27.42854118347168,28.084952411966924,27.10033847010451,28.084952411966924,4453928
2000-07-18,26.819019317626953,27.14722492613551,26.537700639031105,27.14722492613551,4697415
2000-07-19,27.75674819946289,28.178724795605465,27.334771603320316,27.334771603320316,5997669
2000-07-20,28.97579574584961,29.49154624005705,28.13184250142345,28.13184250142345,5472884
2000-07-21,28.08495330810547,29.022680349156428,27.897408480071388,28.975793416927768,3783376
2000-07-24,27.475427627563477,27.944291124823952,27.42854069766135,27.944291124823952,2980639
2000-07-25,28.13184356689453,28.225614541559615,27.24100045185044,27.47543223983449,3741409
2000-07-26,28.55381202697754,28.694469899129718,27.80362994011245,28.131835509640943,4708971
2000-07-27,28.506935119628906,28.88202774530453,28.178729434772865,28.553822060448493,2734009
2000-07-28,28.413162231445312,28.64759401892436,27.897411718815235,28.506933205908403,2513229
2000-07-31,28.928905487060547,29.069566278895707,28.506928913315956,28.506928913315956,4192296
2000-08-01,29.632205963134766,30.241727406139596,29.257113389771227,29.257113389771227,8352357
2000-08-02,30.101072311401367,30.147959250054566,29.679092764403535,29.679092764403535,4612063
2000-08-03,31.88275909423828,32.25784884193924,29.58532496170581,30.10107554045557,4451698
2000-08-04,31.835861206054688,32.11717987055959,30.710589448915346,31.88274813361888,14958844
2000-08-07,30.80436134338379,31.5076565756721,30.429271713182157,31.5076565756721,6137658
2000-08-08,31.038782119750977,31.601419267122754,31.038782119750977,31.038782119750977,5025139
2000-08-09,30.523056030273438,31.320125469430657,30.241737234048443,31.038806673205663,3653827
2000-08-10,30.382387161254883,30.569931991028895,29.67908897306133,30.52304505836525,3669437
2000-08-11,30.476167678833008,31.03880229096533,30.28861990724103,30.382393793037018,4936645
2000-08-14,30.710586547851562,30.75747057010662,30.288607140516213,30.47615483305636,2838216
2000-08-15,30.382387161254883,30.851250686130204,30.00729460082628,30.710592789019834,2917182
2000-08-16,29.91352081298828,30.288610437133432,29.4446544314864,30.288610437133432,2645920
2000-08-17,30.14794921875,30.147949218750004,29.491538097778662,29.9135175043688,2357223
2000-08-18,29.350875854492188,30.007283976740066,29.069557258991797,30.007283976740066,4544957
2000-08-21,28.835132598876953,29.444653953436998,28.600700862372285,29.35088299936328,3069032
2000-08-22,28.460046768188477,28.835139375272657,28.272501915086853,28.835139375272657,3705220
2000-08-23,28.08495330810547,28.788248588893687,28.08495330810547,28.460042964173635,3304714
2000-08-24,28.413162231445312,28.788251931059435,28.225614480757372,28.225614480757372,5504410
2000-08-25,28.6007022857666,28.788247104127983,28.506928426145713,28.506928426145713,2227572
2000-08-28,28.55381202697754,28.835130672161952,28.3193803061372,28.60069895132162,3043284
2000-08-29,28.835132598876953,28.88201952635394,28.22560834343666,28.5538139348953,3609427
2000-08-30,28.788240432739258,29.163332883418466,28.600695657839516,28.835127351684125,3230613
2000-08-31,29.221946716308594,29.86663548719309,28.741360752622366,28.788247683376223,4498327
2000-09-01,29.257116317749023,29.538435050705175,28.60070787477198,29.221951838739624,1997263
2000-09-05,28.97579574584961,29.585320112051413,28.928908809852427,29.25711446095192,3262240
2000-09-06,30.007293701171875,30.007293701171875,29.116453610793325,29.116453610793325,4412468
2000-09-07,31.13257598876953,31.13257598876953,29.725982214729335,30.007300969537376,4183781
2000-09-08,30.194841384887695,30.52304410148309,29.772861905024296,30.52304410148309,3328434
2000-09-11,29.960399627685547,30.147947308007932,29.397765289357768,30.147947308007932,2501064
2000-09-12,28.97579574584961,29.819751891156546,28.928908809852427,29.819751891156546,3294982
2000-09-13,30.007293701171875,30.007293701171875,29.116453610793325,29.116453610793325,3564521
2000-09-14,29.53843116760254,29.585318100411666,28.882022810916506,29.585318100411666,3105220
2000-09-15,29.39777374267578,29.86663727654368,29.116455042178917,29.5384316424839,5008008
2000-09-18,28.835132598876953,29.303996071886296,28.506927007418316,29.303996071886296,2673594
2000-09-19,28.741363525390625,28.882024331222173,28.13184206942944,28.83513739594499,3023619
2000-09-20,27.89740753173828,28.83513454091253,27.75674673983388,28.741360679642927,4411049
2000-09-21,27.850521087646484,28.319384600424556,27.756747224738668,27.89740801910039,3111505
2000-09-22,28.08495330810547,28.366272000596865,27.61608978757999,27.85052154784273,3798885
2000-09-25,28.178730010986328,28.6007095861104,27.991185144754038,28.08495902831075,2627471
2000-09-26,28.27250099182129,28.64759358665646,28.131843081808622,28.178727117892286,3172428
2000-09-27,28.178730010986328,28.78825445234269,28.131845970089106,28.27250389454304,2633958
2000-09-28,29.116453170776367,29.58531667450899,28.319384054078732,28.319384054078732,4137557
2000-09-29,28.69447898864746,29.397777274831533,28.46004719354643,29.1164585405341,4846021
2000-10-02,29.632205963134766,29.913524667937253,28.88202371728836,28.88202371728836,3629904
2000-10-03,29.491544723510742,30.101069058368925,29.44465778992463,29.632205524269075,4723568
2000-10-04,29.91352081298828,30.147952553299074,29.72597310003541,29.72597310003541,4143639
2000-10-05,30.94502830505371,31.132573157576697,30.00729824067692,30.00729824067692,5604257
2000-10-06,30.523056030273438,30.991919723687893,29.913534389187294,30.945035675051738,4213178
2000-10-09,30.710586547851562,30.804357493241657,30.42926790992132,30.523038855311416,3032742
2000-10-10,31.038782119750977,31.46076143071947,30.85123737092016,30.85123737092016,4949518
2000-10-11,30.241722106933594,31.179451925585287,30.054177303555317,31.03879114739146,5266396
2000-10-12,29.257116317749023,30.19484639456318,29.069571462738576,30.19484639456318,5238925
2000-10-13,29.819759368896484,30.054191206788822,28.553826283925268,29.257121797602277,5812570
2000-10-16,28.69447898864746,29.350890335635132,28.13184442093357,29.350890335635132,5116168
2000-10-17,26.58458709716797,28.413157025150582,25.69374414727681,28.413157025150582,8387937
2000-10-18,26.6314697265625,26.9596753120078,25.13110548006998,26.584585700824768,9473492
2000-10-19,26.209495544433594,27.006564665937216,25.83440589953804,26.631472120161202,5555601
2000-10-20,27.28788948059082,27.89741391658342,25.740637820807557,26.20950143270289,6058794
2000-10-23,27.14723014831543,27.52231985801047,26.819024476671554,27.28788806423083,3605778
2000-10-24,27.14723014831543,27.616093735874706,26.6783636598752,27.14723014831543,4140091
2000-10-25,26.1157169342041,26.772128044738167,25.740627357510288,26.772128044738167,3745261
2000-10-26,26.350154876708984,26.63147064435102,25.92817542348534,26.115720235540127,5493462
2000-10-27,25.740633010864258,26.11572266993812,25.412427383514206,26.11572266993812,4566650
2000-10-30,26.162612915039062,27.241000897954095,25.365543662487994,25.74063626993359,4315560
2000-10-31,26.86590576171875,26.912792690783593,25.553086252304876,26.162607627506794,5288799
2000-11-01,27.475427627563477,27.75674630609584,26.115721164803784,26.86590624147702,5135935
2000-11-02,27.991180419921875,28.2256121883611,27.475429949179443,27.475429949179443,4406386
2000-11-03,28.55381202697754,28.694469899129718,27.75674301576837,27.99117473660871,4422504
2000-11-06,27.991180419921875,28.600704758392254,27.756748651482646,28.553817824528277,2929448
2000-11-07,27.850521087646484,27.89740801910039,27.38165757486841,27.89740801910039,2616929
2000-11-08,27.66297149658203,28.506924513823385,27.6160845732064,27.850516289204556,3870046
2000-11-09,23.349428176879883,25.131109948555007,23.114994952546493,25.131109948555007,25795236
2000-11-10,23.771404266357422,24.146495363529674,23.396311718744936,23.396311718744936,13461632
2000-11-13,22.833675384521484,23.490085155290593,22.505469773916825,23.490085155290593,11857577
2000-11-14,23.20876693725586,23.818289789955536,22.974335182405234,22.974335182405234,7006994
2000-11-15,23.865175247192383,24.380924205747046,23.34942483819757,23.34942483819757,6091130
2000-11-16,23.161880493164062,24.099608982725623,22.786789387427493,23.8651772229453,4125900
2000-11-17,22.646135330200195,23.39631771686929,22.271044136865648,23.161885902340273,6240345
2000-11-20,22.41170310974121,22.880566730306995,22.177271299458322,22.646134920024103,4915661
2000-11-21,22.03660774230957,22.13038015854366,21.427084861127543,22.13038015854366,5934921
2000-11-22,21.802167892456055,21.989712655384317,21.38019000020782,21.989712655384317,4973847
2000-11-24,22.31792640686035,22.458585756213623,21.42708482791652,21.802175942711802,3157121
2000-11-27,22.458585739135742,22.92744926966324,22.224153973871996,22.317926389889433,4937557
2000-11-28,22.41170310974121,22.833681238514764,22.177271299458322,22.45859005197402,4968069
2000-11-29,21.6146297454834,22.41169891148734,21.286425562656056,22.41169891148734,5100456
2000-11-30,21.708406448364258,21.895951305783466,20.911337178231367,21.61463256921415,5963507
2000-12-01,22.50547218322754,23.068109604245382,21.84906379262721,21.84906379262721,5580030
2000-12-04,22.08349609375,22.411700296865266,21.89594979879814,22.411700296865266,4151951
2000-12-05,23.021215438842773,23.349420981505247,21.80217001008479,22.08348863224122,5057577
2000-12-06,23.74635887145996,24.171244473191344,23.510311801753947,23.510311801753947,5313431
2000-12-07,23.13263511657715,23.74635776120519,22.70774953471118,23.74635776120519,4134110
2000-12-08,23.368680953979492,23.65193799375355,22.991005387758793,23.132633907645822,2896300
2000-12-11,22.943798065185547,23.463102211745007,22.849379527747722,23.368683674307185,3238317
2000-12-12,22.896583557128906,23.085422055250085,22.471699492115768,22.9437935467677,5851698
2000-12-13,22.471704483032227,23.179845722286753,22.377285943218492,22.89658864241121,5113837
2000-12-14,21.905189514160156,22.566122189311834,21.621933905181674,22.47170365298567,7113026
2000-12-15,22.188446044921875,22.471703107458232,21.33867631774705,21.90518898238552,9256665
2000-12-18,22.141233444213867,22.61332897974125,21.7635578920524,22.188443435896826,5140598
2000-12-19,21.999605178833008,22.377280710201344,21.95239518974922,22.141232225216395,5936239
2000-12-20,20.44169807434082,20.961002239803022,20.25285953215714,20.961002239803022,9131779
2000-12-21,20.91379165649414,20.91379165649414,20.016811892088608,20.441697504838903,6423720
2000-12-22,19.969602584838867,20.724955298273645,19.639136959314065,20.724955298273645,7755398
2000-12-26,20.34727668762207,20.48890520934257,20.205646705467434,20.205646705467434,4882818
2000-12-27,21.385887145996094,21.57472569473203,20.347280239468827,20.347280239468827,8588343
2000-12-28,21.71635627746582,21.81077483046999,20.866586379559216,21.38588915129942,4713735
2000-12-29,21.857986450195312,21.99961502037029,21.48031074987359,21.716357880020336,4627876
2001-01-02,21.102630615234375,21.48030623619473,20.86658353468844,21.48030623619473,6545261
2001-01-03,23.463098526000977,23.69914702316686,21.149835229334652,21.149835229334652,10278966
2001-01-04,24.124034881591797,25.257063171968202,23.321473662719942,23.46310219901699,10500253
2001-01-05,23.79357147216797,24.64334130814616,23.651942922765866,24.12403711381659,6497415
2001-01-08,22.754955291748047,23.84077185144586,22.3300697890312,23.793563324766605,5067005
2001-01-09,22.754955291748047,23.415886348729014,22.56611680372925,22.754955291748047,4768779
2001-01-10,22.943798065185547,23.085426601559426,22.566122454999963,22.7549609903099,3361987
2001-01-11,22.282855987548828,23.699140754166,22.141227510887113,22.943788391825617,5959655
2001-01-12,23.840776443481445,24.076824964079357,22.471702618271436,22.471702618271436,8352762
2001-01-16,24.97380256652832,25.11542962235622,24.02961294492643,24.02961294492643,6504714
2001-01-17,25.20985221862793,25.681946348122036,24.596128097764502,24.973805153880875,6341814
2001-01-18,25.021015167236328,25.257062232136516,24.218452517794056,25.209852234982783,4830309
2001-01-19,24.690547943115234,25.257062063439207,24.454500879791652,25.02101500011563,5077750
2001-01-22,23.51030921936035,23.651937737714206,23.038213671369462,23.651937737714206,6229295
2001-01-23,22.660537719726562,23.604727339044615,22.56611919592498,23.510308815243036,8182869
2001-01-24,23.038217544555664,23.463103171049024,22.566123377630387,22.66054191892857,8365940
2001-01-25,22.707752227783203,23.227056402618143,22.66054222627662,23.03821785702618,5866295
2001-01-26,22.5189151763916,22.613335185669833,22.141239520582083,22.613335185669833,9084947
2001-01-29,23.279932022094727,23.415894084280616,22.335742190951017,22.335742190951017,5214901
2001-01-30,23.340356826782227,23.642498771947626,22.62277390576294,23.279929898183422,4832337
2001-01-31,23.00044822692871,23.355463714787778,22.90980637865926,23.34035552304771,5115560
2001-02-01,23.79357147216797,23.944641730138954,22.8569349964872,23.00045188760308,5894881
2001-02-02,23.22705841064453,23.604734074044917,23.075988145284377,23.604734074044917,5300558
2001-02-05,22.98534393310547,23.264822873204132,22.51702498992102,23.227056040934453,6053827
2001-02-06,23.876657485961914,24.24677972555901,23.415891932657317,23.415891932657317,9262240
2001-02-07,23.4158878326416,24.81328805914823,23.4158878326416,23.876653305268256,8180233
2001-02-08,24.26943588256836,24.54891476307238,23.476316509247994,23.476316509247994,7135530
2001-02-09,24.133472442626953,24.269435930945356,23.60472667950409,24.269435930945356,4971313
2001-02-12,24.556472778320312,24.91148975579106,24.073048574196317,24.133476964820392,5408008
2001-02-13,23.79357147216797,24.851061817530443,23.642501214196983,24.556474668443578,6161683
2001-02-14,23.529193878173828,24.10326134718401,23.227053412470404,23.793567515881417,5477750
2001-02-15,24.480939865112305,24.548920163657133,23.604731825322233,23.604731825322233,4727826
2001-02-16,24.178794860839844,24.903932514633627,23.60472742988359,24.480935306514905,4744045
2001-02-20,23.529193878173828,24.246778214436556,23.514087146975495,24.178796463609867,4908059
2001-02-21,23.80112075805664,24.171242972667436,23.491425467925833,23.529193756159998,3858591
2001-02-22,23.4158878326416,23.944635048428452,23.113747401011416,23.80111819736071,6011252
2001-02-23,22.887149810791016,23.431003939839318,22.358403876776453,23.415895744805578,5774658
2001-02-26,23.718032836914062,23.718032836914062,22.585004609194318,22.88714508047046,4354790
2001-02-27,23.22705841064453,23.506538839691167,22.743632685231336,23.506538839691167,3988951
2001-02-28,23.378124237060547,23.59717622628351,22.85693177448649,23.227054000385,3658794
2001-03-01,22.917360305786133,23.415891213699197,22.600113098853413,23.37812438450922,6341814
2001-03-02,22.652986526489258,22.811610129022696,21.66347662188655,22.811610129022696,6720324
2001-03-05,22.305524826049805,22.660538843656102,22.131793039534518,22.652985478212067,4323467
2001-03-06,22.45659828186035,22.585006973290003,21.980725967484332,22.305528030408933,7374861
2001-03-07,22.645431518554688,22.96267870061628,22.58500313615388,22.58500313615388,6147694
2001-03-08,22.547239303588867,22.940021650693822,22.471704180667363,22.64543452525653,4975672
2001-03-09,22.44904327392578,22.788950584621308,22.20732972092938,22.54723849205916,3593614
2001-03-12,20.77971649169922,22.199777090660188,20.394487511941698,22.199777090660188,7217942
2001-03-13,21.16494369506836,21.285800465428203,20.334057415038455,20.779714747643368,8567055
2001-03-14,20.46246337890625,21.18760093234886,19.8657359352352,21.16493937975548,6014698
2001-03-15,21.149837493896484,21.240479343720757,20.394486311303847,20.462468063780605,5260112
2001-03-16,20.787267684936523,21.142283162673923,20.439807033070867,21.142283162673923,8240953
2001-03-19,21.15739631652832,21.300913224279775,20.628650352340973,20.78727399555372,3868525
2001-03-20,20.32650375366211,21.323566983102292,20.122558504310426,21.15739002160129,4354384
2001-03-21,20.681520462036133,21.074302792670107,19.994151018318114,20.326504961062035,7496300
2001-03-22,20.371824264526367,20.772159914861096,19.684454900186555,20.681518073710567,9117385
2001-03-23,21.01387596130371,21.14228611252729,20.0545794312413,20.37182812605452,7512519
2001-03-26,21.08940887451172,21.52751284766846,20.583324610062498,21.01387375708587,5301064
2001-03-27,22.056259155273438,22.4792564063452,21.059195875386266,21.08940933884815,8221085
2001-03-28,21.421764373779297,21.535066320263372,20.764608410782195,21.535066320263372,9149316
2001-03-29,21.225370407104492,21.504850753759513,20.658857809230717,21.4217622783496,3528941
2001-03-30,21.603046417236328,21.791884927487764,20.87035539257267,21.22537085716755,3837202
2001-04-02,21.127178192138672,21.882529403175695,21.066749803168854,21.603049016961712,3988748
2001-04-03,20.470016479492188,20.945887171319963,19.99414578766441,20.945887171319963,7319615
2001-04-04,20.470016479492188,20.77215687946548,20.281179459725813,20.470016479492188,6380335
2001-04-05,21.210268020629883,21.368891638935462,20.522898521160915,20.522898521160915,5383984
2001-04-06,21.51995849609375,21.51995849609375,20.825035739698723,21.210264674878946,4025038
2001-04-09,21.603046417236328,21.82965175327759,21.18760403137772,21.519957940064607,3349721
2001-04-10,22.094024658203125,22.38861173153565,21.648367365747976,21.648367365747976,4737253
2001-04-11,21.625713348388672,22.094030867191208,21.391553128552943,22.094030867191208,4505220
2001-04-12,21.973169326782227,22.048704441252617,21.300906661952343,21.625708676478922,3113026
2001-04-16,22.026046752929688,22.396169000339786,21.837208215892808,21.973171728889874,3461733
2001-04-17,22.660537719726562,22.660537719726562,21.77677794183187,22.026043370424315,5099848
2001-04-18,24.095712661743164,24.156139598273345,22.4339383171704,22.660543710461987,7604257
2001-04-19,24.080604553222656,24.17124787921076,23.5745201953672,24.095712747843656,5263457
2001-04-20,23.687816619873047,23.921975326280624,23.045768883692233,23.921975326280624,5262646
2001-04-23,22.683198928833008,23.68781545335853,22.585002263562817,23.68781545335853,5707146
2001-04-24,21.58794403076172,22.652989178416462,21.58794403076172,22.652989178416462,6281196
2001-04-25,23.272375106811523,23.370570320204973,21.791886238126597,21.791886238126597,9158236
2001-04-26,23.80867576599121,24.14858308137539,23.41589196717116,23.41589196717116,6729143
2001-04-27,23.363018035888672,24.095709138529568,23.038215997358336,23.80867539024268,4785200
2001-04-30,22.849376678466797,23.755798029882893,22.849376678466797,23.363015736356072,3923974
2001-05-01,23.07598114013672,23.793565412978513,22.872035905681567,22.872035905681567,4180436
2001-05-02,23.604732513427734,24.057943279544357,23.189288580936964,23.189288580936964,3778104
2001-05-03,23.38567543029785,23.71803079636843,23.091088350104553,23.604727399170663,4089610
2001-05-04,23.347911834716797,23.415892129918696,22.887146277530594,23.385678665384518,2957831
2001-05-07,23.408336639404297,23.544300138337547,22.924912488124026,23.347909715819878,3060720
2001-05-08,23.08353614807129,23.400783339514888,22.9324659178187,23.400783339514888,2678966
2001-05-09,22.547239303588867,22.909808185698946,22.547239303588867,22.909808185698946,3529954
2001-05-10,23.476316452026367,23.604726574917464,22.83426875843895,22.83426875843895,5179321
2001-05-11,23.619834899902344,23.944636911480362,23.317694444763617,23.476318037668037,4334820
2001-05-14,23.378124237060547,23.929530162796024,23.227054000385,23.619836323654575,2824227
2001-05-15,23.49142837524414,23.71803521182584,23.083539282352667,23.378126417387648,4712114
2001-05-16,24.21656608581543,24.548920052263927,22.88714729915273,23.491428300284074,7950431
2001-05-17,24.556472778320312,25.11543356605014,24.171245256623312,24.216565454265634,9518702
2001-05-18,24.624454498291016,24.684881424806346,24.261885637027916,24.55647128509282,8055550
2001-05-21,25.893444061279297,26.142710982008126,25.304269827461,25.304269827461,10705018
2001-05-22,26.059619903564453,26.28622671636615,25.42512550110915,25.893442937248466,6933908
2001-05-23,25.009679794311523,25.953870884051035,25.002126429162228,25.953870884051035,6140598
2001-05-24,25.15320587158203,25.629079733866707,25.00213559236114,25.009688960278723,6037304
2001-05-25,24.6546688079834,24.93414919444871,24.29209993427272,24.93414919444871,6429498
2001-05-29,24.63956642150879,24.813296792714027,24.171248879734513,24.65467315632063,4457577
2001-05-30,24.005062103271484,24.511147767267687,23.906866900562022,24.511147767267687,5693969
2001-05-31,23.884204864501953,24.209005365821078,23.672706286262137,24.005060151757625,5025748
2001-06-01,23.959747314453125,24.020175706829534,23.55941012773087,23.884212189091198,3542119
2001-06-04,23.884204864501953,23.982400059228542,23.574511091535545,23.959739966699463,2927015
2001-06-05,23.68026351928711,23.891762132081276,23.514086559389607,23.884208766670856,3700862
2001-06-06,23.869108200073242,24.080605407052644,23.687823002103652,23.687823002103652,4085150
2001-06-07,24.284547805786133,24.48093971501459,23.823783689201196,23.869105348387563,4908971
2001-06-08,24.057941436767578,24.360081924368803,23.710479291852455,24.284546802468498,2948606
2001-06-11,23.80112075805664,23.98240445236495,23.468765371245837,23.98240445236495,3151647
2001-06-12,23.786014556884766,23.967299726796956,23.174180211854008,23.801122749703172,3523467
2001-06-13,23.264820098876953,23.740692351767628,23.0382147509785,23.740692351767628,3502484
2001-06-14,22.554790496826172,23.2799281911839,22.396166900016826,23.26481999970773,4397871
2001-06-15,22.433935165405273,22.50947028589047,22.101581219444128,22.50947028589047,6663153
2001-06-18,21.927845001220703,22.320627230345092,21.829648348614203,22.320627230345092,6174861
2001-06-19,21.791887283325195,22.358399954454825,21.784333917350665,21.927850791735267,5340699
2001-06-20,22.094024658203125,22.31307662197434,21.376440387153632,21.791884219957876,6074404
2001-06-21,22.736072540283203,22.87958939563579,21.859866138656,22.09402483411705,4577293
2001-06-22,22.0487060546875,22.660540380625797,21.71635211087113,22.660540380625797,6095793
2001-06-25,21.897632598876953,22.04870281668676,21.36888683654263,22.04870281668676,5969589
2001-06-26,21.338674545288086,21.89008043234904,21.11206920616842,21.89008043234904,6466802
2001-06-27,21.263137817382812,21.429314761363152,20.658856958956843,21.33867292468606,8033249
2001-06-28,21.406661987304688,21.82210448931599,21.22537679152607,21.263145088309557,5153066
2001-06-29,21.82210350036621,21.89763863007552,20.968556972781347,21.40666101718223,5453725
2001-07-02,21.708803176879883,21.92030038770442,21.20271733144467,21.82210514979056,4309681
2001-07-03,21.41421127319336,21.70124501647724,21.338676154457296,21.70124501647724,2848860
2001-07-05,21.29335594177246,21.655924828358245,21.22537418426048,21.414212724112495,3558439
2001-07-06,20.9307861328125,21.240479980922693,20.598432186675005,21.240479980922693,4528738
2001-07-09,20.91567611694336,21.263138200980283,20.70417752059193,20.93078284658974,3619970
2001-07-10,20.470016479492188,20.99876217944545,20.402034743454813,20.915673715496183,4019361
2001-07-11,21.149837493896484,21.300907730415013,20.47002142956311,20.47002142956311,8325596
2001-07-12,20.86280059814453,21.21781603841799,20.250966378792103,21.1498342962195,7298023
2001-07-13,21.29335594177246,21.376444431968363,20.794823540162717,20.862805297674697,8039027
2001-07-16,20.847698211669922,21.618156169835757,20.75705635666823,21.293355580898734,5782159
2001-07-17,21.37644386291504,21.37644386291504,20.711734498608436,20.84769801001297,5351140
2001-07-18,20.40203857421875,20.96099929538224,20.318950094668477,20.96099929538224,5845717
2001-07-19,20.50779151916504,20.961002268505254,20.22075775249603,20.40204146805838,6124278
2001-07-20,20.394485473632812,20.696625934259927,20.26607533973604,20.50778887658506,4467410
2001-07-23,20.30384635925293,20.605986860530653,20.213204500956483,20.394488217549373,4679878
2001-07-24,19.752439498901367,20.303846952138723,19.66179763795812,20.303846952138723,5225849
2001-07-25,19.994152069091797,20.130114123446962,19.69201157419707,19.752438504828554,6284947
2001-07-26,20.318954467773438,20.470024728639387,19.865743685175595,19.994153845041986,9371820
2001-07-27,20.41714859008789,20.658862162690397,20.26607833742851,20.318953363989607,4067816
2001-07-30,20.092344284057617,20.6966251833886,19.94127405922487,20.59842997537755,6548099
2001-07-31,19.90350341796875,20.273625571062357,19.775094764357124,20.107448635493945,7955195
2001-08-01,20.145225524902344,20.28874242887752,19.8355316143563,20.054582193650454,6647846
2001-08-02,20.016809463500977,20.52289516220001,19.941274349983246,20.43225331806556,7907653
2001-08-03,20.092344284057617,20.772160295804976,20.092344284057617,20.470019846139483,9633452
2001-08-06,20.266077041625977,20.409593918519427,20.107453432519378,20.167881821806244,5336949
2001-08-07,20.62109375,20.8854674208415,20.21320465435337,20.266078220174172,6086974
2001-08-08,20.409591674804688,20.689072031760535,20.250968083136268,20.598430188012024,5405474
2001-08-09,20.575769424438477,21.134730159884338,20.24341549774518,20.409592461091826,5464369
2001-08-10,20.69662094116211,20.787262765395905,20.296285365543124,20.43224883211072,4685555
2001-08-13,20.575769424438477,20.840143061027018,20.50778913433372,20.696626194381953,3521237
2001-08-14,20.45491600036621,20.757056492640604,20.4020409760879,20.57577132101538,3733806
2001-08-15,20.107452392578125,20.60598475286823,20.06213219828261,20.394486131519876,4947795
2001-08-16,19.979045867919922,20.05458099917449,19.752440474156213,20.01681416376444,7465585
2001-08-17,19.3747615814209,20.16788105732425,18.959319159135692,19.979042530515176,6877141
2001-08-20,19.563600540161133,19.624028928491562,19.261460058943243,19.412530299552188,4232438
2001-08-21,19.48806381225586,19.895952844078906,19.374760410928598,19.624027309674922,4127015
2001-08-22,19.722225189208984,19.93372382932748,19.3521029341102,19.488066449931686,3579219
2001-08-23,19.752439498901367,19.8732962871153,19.548495676887658,19.5636024103058,2965737
2001-08-24,20.130115509033203,20.281187227313385,19.67690473549593,19.767548058550926,3809934
2001-08-27,19.941274642944336,20.34161031233948,19.93372127752501,20.24341510145406,3276229
2001-08-28,19.457849502563477,20.11500545380878,19.37476102051189,19.941275124104024,3233857
2001-08-29,19.1934814453125,19.548497006966056,19.14815978153999,19.548497006966056,3424633
2001-08-30,18.604307174682617,19.374765238102807,18.44568354165108,19.155713206670086,5244703
2001-08-31,19.20858383178711,19.27656558184057,18.551427888226463,18.551427888226463,4093969
2001-09-04,19.42008399963379,19.67690282891349,18.883784782289204,18.95931990389315,5390167
2001-09-05,19.155712127685547,19.518281037235703,18.959321669486926,19.231247256323726,4705626
2001-09-06,18.498559951782227,19.18592956630372,18.302168007446966,18.898895747827037,6541206
2001-09-07,18.211519241333008,18.430571206196884,17.486381601753692,18.203965876382604,8813583
2001-09-10,17.811180114746094,18.120875344731786,17.56191471837282,17.750753202001462,7357628
2001-09-17,14.540514945983887,15.862378878939278,14.238374451544445,14.351676406742074,46866396
2001-09-18,13.898462295532227,15.107023980285645,13.407483380884168,15.099470615799332,23455449
2001-09-19,13.974000930786133,14.125071179541997,12.697457182755645,13.78516385005847,25406386
2001-09-20,12.825867652893066,13.845591127264546,11.707946761854764,13.5207905224518,61903294
2001-09-21,13.498128890991211,13.74739434125253,12.100728483427371,12.46329734044742,44317993
2001-09-24,13.52078914642334,13.973999857894453,13.226202037923693,13.596324265001858,24310086
2001-09-25,13.188433647155762,13.566109195326266,13.029808602533501,13.51323418045218,16898327
2001-09-26,13.173330307006836,13.528345891126113,13.067581698758447,13.520792523425127,14167359
2001-09-27,13.256414413452148,13.43769955942613,12.939167233540314,13.02980907631025,7822605
2001-09-28,14.064641952514648,14.200605460405576,13.415040797711269,13.596324501276339,12816320
2001-10-01,13.611428260803223,14.291244191370367,13.611428260803223,14.064638881181319,7872174
2001-10-02,14.351677894592285,14.351677894592285,13.671861711626443,13.709630007564005,9593208
2001-10-03,15.039040565490723,15.144790577396074,13.981549209040042,14.35167132984116,13098226
2001-10-04,14.578277587890625,15.280755057879913,14.578277587890625,15.09191657290878,13177699
2001-10-05,14.502747535705566,14.918191471035282,14.208160389673253,14.910638104258496,9441967
2001-10-08,14.132619857788086,14.585830453714236,13.90601455982501,14.502741990504493,6043994
2001-10-09,14.42720890045166,14.42720890045166,13.97399824140715,14.011766526544555,6613178
2001-10-10,14.578277587890625,14.714241063400417,14.079745331166025,14.200602078382262,6645920
2001-10-11,14.99372673034668,15.477150970894662,14.774674710601193,14.804888177972533,13604663
2001-10-12,14.812439918518066,15.023938548199718,14.427210949656677,14.653816311365391,8587228
2001-10-15,14.464981079101562,14.638711440367757,14.276142523453327,14.404552682876748,5495489
2001-10-16,14.472535133361816,14.797335770397282,14.238376364750838,14.653818870210793,6478662
2001-10-17,13.974000930786133,15.031492672077183,13.90601917280256,14.910637349333093,9042169
2001-10-18,13.52078914642334,13.989106589523312,13.45280739365925,13.973999857894453,6889002
2001-10-19,13.966448783874512,13.966448783874512,13.520791365088629,13.596326496061922,6913127
2001-10-22,14.011768341064453,14.094856826605808,13.679412938464784,13.792716348115698,8643386
2001-10-23,13.989105224609375,14.313907225110103,13.898463383245902,14.238372113901528,6825646
2001-10-24,13.928678512573242,14.238373820028617,13.860698218730395,14.011768459249684,5263457
2001-10-25,14.366779327392578,14.427207702333671,13.59632156308695,13.618981656027135,9178206
2001-10-26,14.132619857788086,14.646258825257826,14.004209750812187,14.162834773776808,5991080
2001-10-29,13.785162925720215,14.20060535172496,13.709627806407148,14.125070232411893,5995337
2001-10-30,13.717182159423828,14.200606373642387,13.603878742083463,13.860699042489976,7849671
2001-10-31,14.041982650756836,14.313909681954996,13.822930644610391,13.936234061087736,5916776
2001-11-01,14.223265647888184,14.419657545016694,13.943786724833405,14.079748773147015,5531678
2001-11-02,14.253479957580566,14.427210288802392,14.125069820363985,14.38944346046469,6930563
2001-11-05,14.472535133361816,14.729354003970286,14.351678335172819,14.540516899788813,7297922
2001-11-06,14.162837982177734,14.162837982177734,13.860697516447766,14.087302865745242,11325494
2001-11-07,13.943784713745117,14.034426553025828,13.807821224607029,13.973998173360672,9948201
2001-11-08,14.230814933776855,14.767113933541392,14.01176302395279,14.125064930174235,8400203
2001-11-09,14.313909530639648,14.427211485484921,13.63409342026506,13.747395375110333,11350329
2001-11-12,14.132619857788086,14.351671791862444,13.747390997294243,14.351671791862444,16017841
2001-11-13,14.42720890045166,14.714242609933327,14.283692045710826,14.313906965907561,11777395
2001-11-14,14.59338665008545,14.99372377649344,14.389442864638202,14.767118434547726,15731069
2001-11-15,15.333633422851562,15.401615181957977,14.351676789719658,14.540515334000666,14154384
2001-11-16,15.6810941696167,16.126751516628282,15.409167157733622,15.484702276541784,13948708
2001-11-19,16.240055084228516,16.330698404185465,15.877487646138215,16.051217998592684,17443183
2001-11-20,16.066322326660156,16.54974793913614,16.051215595740253,16.202285825807593,11897415
2001-11-21,15.74907112121582,16.104086509511987,15.41671582352352,16.07387159493971,6352560
2001-11-23,15.86237621307373,16.081428180771404,15.749074276917872,16.05121472057893,2975063
2001-11-26,16.15696144104004,16.240049907486323,15.869927760352558,15.975677779781583,5084643
2001-11-27,15.91525650024414,16.088986874761435,15.711311195092602,15.862381466960136,7919919
2001-11-28,15.26565170288086,15.86237934289579,15.227884870188454,15.86237934289579,6045819
2001-11-29,15.303418159484863,15.477148489889741,14.918189210080808,15.454488392993676,7255651
2001-11-30,15.462043762207031,15.673542408612334,15.22033164935856,15.499810595260989,6914648
2001-12-03,15.084367752075195,15.462043375336993,14.95595760203588,15.462043375336993,7022605
2001-12-04,15.107026100158691,15.220329504220457,14.729350520676434,15.182561216055143,8421591
2001-12-05,16.52688980102539,16.717730704066497,15.557413821930933,15.649017514427925,13074202
2001-12-06,17.206287384033203,17.267357008577516,16.412385216820464,16.717731863610364,12057881
2001-12-07,17.061246871948242,17.48109923184539,16.939107627922844,17.1757525977135,8546680
2001-12-10,16.511621475219727,17.06124506320253,16.259709495615212,16.794066048696276,7548099
2001-12-11,17.09941864013672,17.290259578647824,16.526892872739733,16.595596023864644,10316371
2001-12-12,16.977272033691406,17.244449527231858,16.801698210052503,17.09941124418094,7320628
2001-12-13,16.48872184753418,16.92384126117166,16.259711862872084,16.794068493750306,8161581
2001-12-14,16.007802963256836,16.40475334883724,15.549782946987488,16.259713529425433,9191485
2001-12-17,15.870392799377441,16.252076053343806,15.74825504366708,16.221541983399078,6157425
2001-12-18,16.007802963256836,16.206278894012943,15.801693513156085,16.030703521290757,12772022
2001-12-19,15.801692008972168,15.954365333195442,15.580315541255255,15.954365333195442,9295895
2001-12-20,15.68718147277832,15.992527998967141,15.656645934600789,15.8093191976952,6937760
2001-12-21,15.786428451538086,15.870398650777268,15.649022134262335,15.839864569574656,12465890
2001-12-24,15.763521194458008,15.992531133992577,15.603214384376946,15.992531133992577,2785200
2001-12-26,15.725350379943848,15.87039013973772,15.649013741943453,15.649013741943453,4271668
2001-12-27,16.030698776245117,16.030698776245117,15.694818120773466,15.839857897253871,6157527
2001-12-28,15.99252986907959,16.1452031500271,15.885657686857583,16.03069745135084,7469742
2001-12-31,15.816960334777832,16.22154419639745,15.687187567945788,15.99253421277531,7562696
2002-01-02,16.37421417236328,16.420016750099556,15.900927264790967,15.954361883563374,8711404
2002-01-03,16.885671615600586,16.94673975667454,16.717729799852762,16.870403104400612,12440750
2002-01-04,17.328428268432617,17.366595864917457,16.962011962519128,17.160486416103907,9727927
2002-01-07,17.748279571533203,18.015458656105412,17.4123988118866,17.51926956015638,13697719
2002-01-08,17.397125244140625,17.74827441663495,17.29025452691091,17.74827441663495,6347086
2002-01-09,16.64139747619629,17.473467350006104,16.526893205967276,17.458200310766486,9389458
2002-01-10,17.015439987182617,17.084143110096306,16.48871702879848,16.962005372862926,6213887
2002-01-11,16.694828033447266,17.0536107158352,16.587957318404513,16.679560999288498,5681906
2002-01-14,16.313146591186523,16.641393765370747,16.183373834723746,16.458186383484563,6433654
2002-01-15,16.397119522094727,16.50399174277979,16.168109518253317,16.374218964490122,7068525
2002-01-16,15.64902114868164,16.412387889989827,15.64902114868164,16.397120850350046,6977091
2002-01-17,16.213905334472656,16.290241970522803,15.847489186245708,15.916192306283959,6574962
2002-01-18,16.183374404907227,16.267344580891184,16.030701089312473,16.183374404907227,5676432
2002-01-22,16.11467170715332,16.397117791527634,16.023068010471054,16.336048168428913,5556918
2002-01-23,16.343685150146484,16.412388306199688,15.885665093746415,16.076507521879083,7454435
2002-01-24,16.183374404907227,16.72536600360704,15.878027773717717,16.565057693894115,7931678
2002-01-25,16.626123428344727,16.717727101099502,16.221539679384577,16.374212959286282,5595438
2002-01-28,16.900941848754883,17.252091106029702,16.64139629635513,17.252091106029702,5216320
2002-01-29,16.603227615356445,16.977277405409765,16.04597042753204,16.931474818001163,7704105
2002-01-30,16.336042404174805,16.60322135748192,15.282596574213285,16.221538192708262,10943740
2002-01-31,16.07649803161621,16.984904088153485,15.878022200634131,16.3360419866564,10336847
2002-02-01,17.13758087158203,17.252086579581707,16.679560991446078,17.13758087158203,15985707
2002-02-04,16.549793243408203,17.145219562448784,16.52689268527028,17.145219562448784,7700355
2002-02-05,16.64139747619629,16.778803781216602,16.374219861707342,16.412387459806393,6495489
2002-02-06,16.351318359375,16.908575590990385,16.183376509633845,16.526892252363726,6953573
2002-02-07,17.21391487121582,17.24444893482365,16.435281489904682,16.511618124855403,10490725
2002-02-08,17.878047943115234,18.007820693656683,17.045978292812748,17.213918631200816,10158236
2002-02-11,18.282634735107422,18.35133788036552,17.641407347274107,17.755911605416465,7725900
2002-02-12,17.8627872467041,18.09179728284395,17.671944811954898,17.939123925417384,9804359
2002-02-13,18.2215633392334,18.320802026042674,17.610870085958467,17.74827636313164,7262038
2002-02-14,18.504013061523438,18.618518807064248,18.28263656595215,18.320805639776374,6929346
2002-02-15,18.244470596313477,18.549817310430925,18.137598360813175,18.465847111641825,6691232
2002-02-19,17.4505672454834,18.236836022045367,17.442933725664844,18.09179619362904,7596351
2002-02-20,18.572710037231445,18.656680200601887,17.595600669014452,17.710106376475924,10832438
2002-02-21,18.11469078063965,18.587977708937874,17.992551551948498,18.397136824530797,6379625
2002-02-22,18.06888771057129,18.511640557647674,17.763541123060868,17.931482926936706,4360973
2002-02-25,18.488744735717773,18.62615103043177,18.191031589148032,18.25973473650503,6487988
2002-02-26,18.236833572387695,18.77882373822565,18.000188586072188,18.679585042050853,6648657
2002-02-27,18.51164436340332,18.70248675779776,18.320803444940562,18.35897103826044,7924785
2002-02-28,17.557435989379883,18.137593711942856,17.450563781272137,18.129960193639675,15552357
2002-03-01,18.313167572021484,18.32080108970413,17.404761256608648,17.519265497779838,9413482
2002-03-04,17.984922409057617,18.320804631688052,17.748278887350516,18.320804631688052,9676736
2002-03-05,18.35133934020996,18.51927971934195,17.893319319341728,17.939121911801283,11560872
2002-03-06,18.435306549072266,18.442940067259332,18.16049546654312,18.320802300334687,9077141
2002-03-07,18.137596130371094,18.435309287618,17.977289272766114,18.435309287618,7984693
2002-03-08,18.129961013793945,18.397140070218214,17.832247882775672,18.32080340780152,10421896
2002-03-11,18.259733200073242,18.381870970483927,17.939119523339205,18.015456183320243,3669843
2002-03-12,18.099424362182617,18.297898770647993,17.89331496022414,18.18339453129204,5884440
2002-03-13,17.916213989257812,18.24446259615005,17.82461031037702,18.09942282295074,4123264
2002-03-14,17.939115524291992,17.97728310780825,17.69483708606272,17.855145364624917,5966143
2002-03-15,18.565080642700195,18.626150268511836,18.16813028882208,18.297901583248656,11480588
2002-03-18,18.710119247436523,19.084169021057633,18.46584223582908,18.68721869270409,7752154
2002-03-19,18.5498104095459,19.023097345169734,18.290264913542774,19.023097345169734,7498936
2002-03-20,18.320802688598633,18.610882289581017,18.18339640645628,18.435306939762846,5090928
2002-03-21,18.038360595703125,18.397143417112538,17.694844814368167,18.32080674080832,4549012
2002-03-22,17.90094757080078,18.122323996666076,17.75590779261554,18.053620866160887,4039838
2002-03-25,17.710107803344727,18.091791065748826,17.595602086657752,18.091791065748826,4639838
2002-03-26,17.4505672454834,18.053627118604364,17.290260377429963,17.595607073899725,7751140
2002-03-27,17.473461151123047,17.595600373573642,17.290253793378497,17.381857472250772,5331374
2002-03-28,17.618501663208008,17.771174959708517,17.450561332243726,17.671937759762606,6052306
2002-04-01,17.481098175048828,17.54979983523679,16.870403467772185,17.290255802287717,6293563
2002-04-02,17.37421989440918,17.481092058056728,17.175745549231163,17.404755430850336,4508566
2002-04-03,17.12995147705078,17.397129066797476,16.946742595345984,17.374228510058778,5709782
2002-04-04,17.221553802490234,17.38949415700497,16.984910307322806,17.129950106930522,5067917
2002-04-05,17.740644454956055,18.0307240717716,17.18338725355314,17.336060580726407,8132387
2002-04-08,17.649038314819336,17.694839421082786,17.35132522038093,17.36659225580208,5160872
2002-04-09,17.610868453979492,17.91621505232084,17.57270086715254,17.710107131592434,4568677
2002-04-10,18.35896873474121,18.50400852302182,17.74827551079402,17.900948816780815,10192904
2002-04-11,17.916213989257812,18.389502369349362,17.763540699146045,18.24446259615005,7707146
2002-04-12,18.320802688598633,18.358970280342827,17.86278273207854,17.923850878869253,4891637
2002-04-15,18.045984268188477,18.320796743293435,17.893310998892645,18.320796743293435,4155195
2002-04-16,18.244470596313477,18.427678034411148,18.145231881072913,18.3971439533722,5324480
2002-04-17,18.404767990112305,18.511638694612795,18.168124556200965,18.32079783459094,6612671
2002-04-18,18.62614631652832,18.679580936335835,17.748274137085403,18.42003692661947,11072377
2002-04-19,19.045997619628906,19.21393942821196,18.893324321594434,18.893324321594434,16929143
2002-04-22,18.73301887512207,19.191038802694198,18.687217767923773,19.084168076633315,5922960
2002-04-23,18.702484130859375,19.16050404195484,18.549810827160886,18.847523916966086,5510086
2002-04-24,18.71775245666504,19.084168705992756,18.702485420428797,18.85515873465438,6497010
2002-04-25,19.084163665771484,19.198667883233757,18.0765188772613,18.511638150666553,9200710
2002-04-26,18.397136688232422,18.984927847633855,18.145224715414685,18.702483281766664,11017233
2002-04-29,17.57270622253418,18.31317239195263,17.389497322136563,18.24446923879501,6548606
2002-04-30,17.694839477539062,17.93911794878283,17.36659231121107,17.572701717848684,7835580
2002-05-01,18.45057487487793,18.549813570108334,17.565070468046684,17.88568415803613,8371515
2002-05-02,18.343700408935547,18.855156390792242,18.152858051911167,18.66431403376786,5764116
2002-05-03,18.015453338623047,18.290264385602274,17.633770098986844,18.16812663447753,4675621
2002-05-06,17.473461151123047,18.00018414955281,17.473461151123047,17.839877342543492,4016523
2002-05-07,17.473461151123047,17.809343274896513,17.389490989162518,17.481096143966134,5323061
2002-05-08,18.191030502319336,18.24446660838928,17.519267582910285,17.557436651797865,6028789
2002-05-09,17.977285385131836,18.16812775468254,17.755908944900135,18.015454449414573,4736036
2002-05-10,17.671937942504883,17.977284538663437,17.595601293465243,17.977284538663437,5033147
2002-05-13,17.90094757080078,18.015453280286557,17.75590779261554,17.90094757080078,3536543
2002-05-14,18.62614631652832,18.694849446497937,18.168126434018465,18.320799728188415,6098327
2002-05-15,18.702484130859375,19.068900354922043,18.38950400587062,18.397137523462394,6484339
2002-05-16,18.72538185119629,18.870421615364,18.542174504843,18.816985524372935,4484440
2002-05-17,18.96966552734375,18.98493256562823,18.549814594861633,18.549814594861633,4386214
2002-05-20,18.649045944213867,18.816986264296695,18.442936564513317,18.778818680610282,3584693
2002-05-21,18.19866180419922,18.725384854354296,17.969651846563597,18.687217266047437,5971515
2002-05-22,17.90094757080078,18.168126575646664,17.610868014430306,18.12995751384094,6117182
2002-05-23,18.191030502319336,18.191030502319336,17.786446637328336,18.091793284702298,6812772
2002-05-24,17.984922409057617,18.305536117439384,17.832249074025178,18.282635559964053,3359047
2002-05-28,17.969654083251953,18.2444666569933,17.908584458428134,18.168129994946444,4680385
2002-05-29,17.595598220825195,18.05361803508109,17.442924949406564,17.977281399371773,6389863
2002-05-30,17.733003616333008,17.78643970156573,17.252083277031794,17.366587487180663,5042980
2002-05-31,17.488733291625977,17.878050114605763,17.40476311223282,17.557436434026133,5917486
2002-06-03,17.175756454467773,17.83225097970585,17.023081627187644,17.557439832838263,7060517
2002-06-04,16.977272033691406,17.137578825001917,16.786429701792912,16.9849055498556,9560365
2002-06-05,16.885671615600586,17.305522465141436,16.816968480960902,16.977275303143,6857679
2002-06-06,16.56505584716797,17.099413868109238,16.44291809386743,17.099413868109238,5631728
2002-06-07,16.52688980102539,16.656662559689543,16.107037452844455,16.22154317541437,7702585
2002-06-10,16.778804779052734,17.015448329135644,16.450557512152564,16.603230865491987,5431424
2002-06-11,16.473451614379883,17.07651127124973,16.389481450554744,16.794065235517934,6667309
2002-06-12,16.145204544067383,16.52688777939218,15.267332364854658,16.44291761521386,11379524
2002-06-13,16.061229705810547,16.16810039022783,15.870387405720663,16.030694170312067,6980030
2002-06-14,16.053604125976562,16.18337541921351,15.03832548048591,15.649018781140631,6869235
2002-06-17,16.435283660888672,16.626124535508627,15.916194179469503,16.03069840905521,5371110
2002-06-18,16.755895614624023,16.939102954180978,16.427648516279817,16.60322233968283,5546984
2002-06-19,15.92382526397705,16.37421154847467,15.839855114859153,16.22153828172738,8544653
2002-06-20,14.931452751159668,15.84749257992802,14.878016651702069,15.83985906228143,11775570
2002-06-21,14.694806098937988,14.9161824906164,14.618469463046507,14.732973678918146,13331475
2002-06-24,14.503971099853516,14.885654472169033,14.351297750927307,14.69481352397723,14242271
2002-06-25,14.679539680480957,15.000154777606037,14.641372095068077,15.000154777606037,8696097
2002-06-26,14.519232749938965,14.649005491133444,14.19861913139389,14.236788192422829,9995641
2002-06-27,14.542139053344727,14.809316655390917,14.084119041895427,14.809316655390917,12781450
2002-06-28,14.427628517150879,14.488698126899207,14.114648427613417,14.351291873948295,14430005
2002-07-01,14.015413284301758,14.572670418412729,13.923808118314277,14.427630627519328,7887886
2002-07-02,14.122284889221191,14.2749582074629,13.435254957133507,13.87037435690186,11426153
2002-07-03,14.465801239013672,14.51160235097187,14.023048301161003,14.12228551966878,6261531
2002-07-05,15.107025146484375,15.26733195340746,14.542134563799754,14.580302148337944,3883629
2002-07-08,14.503971099853516,15.107030975705225,14.389466826124815,14.961991146632137,6650076
2002-07-09,14.320761680603027,14.786415182498333,14.267325573128117,14.503969083471713,6657172
2002-07-10,13.961979866027832,14.58030673762123,13.8398406051985,14.389465802998684,6413279
2002-07-11,14.274955749511719,14.274955749511719,13.595559452725663,13.740599227674592,8003852
2002-07-12,14.084114074707031,14.450528773893815,13.740598449305322,13.969608374262702,6087886
2002-07-15,13.725335121154785,13.939078070665337,13.19097848534424,13.778771227515342,9406792
2002-07-16,13.47342300415039,13.839839275502241,13.12990876446105,13.168076357345791,9288089
2002-07-17,13.84747314453125,13.939078321636307,13.511592414918383,13.778771475600012,7670755
2002-07-18,13.481056213378906,13.855105953772746,13.397084568289406,13.740600238419043,5592296
2002-07-19,12.702420234680176,13.129906041938922,12.49631232397628,12.992499784182085,10934921
2002-07-22,12.137532234191895,12.78639312452664,11.954324097431503,12.63371980022062,13551850
2002-07-23,11.93142032623291,12.442876299242021,11.70241038732409,12.17569803718173,14082919
2002-07-24,12.5344820022583,12.679521801231514,11.374164348438395,11.565005994991097,13194627
2002-07-25,12.618452072143555,12.977234807399629,11.832184199827674,12.54211541416981,10289103
2002-07-26,12.213871002197266,12.847464964528733,12.160434886697479,12.442881028141016,7683832
2002-07-29,13.244410514831543,13.320747162099178,12.458143490754331,12.59554975102235,10302686
2002-07-30,13.313115119934082,13.542125087109143,12.710055392113263,13.244411982188408,8972022
2002-07-31,13.534492492675781,13.534492492675781,12.977235310637333,13.435255276241122,7819361
2002-08-01,12.84745979309082,13.397083338931614,12.824559242494093,13.313113177478947,8656868
2002-08-02,11.68714427947998,11.68714427947998,11.374163414461,11.572639300950815,30988140
2002-08-05,10.893243789672852,11.565005939537832,10.572629382222152,11.496303537480925,15891536
2002-08-06,10.977214813232422,11.427601279285094,10.923778705550934,11.221491843312249,12413077
2002-08-07,10.610795974731445,11.221489140822635,10.496291006089349,11.106984172180537,14050279
2002-08-08,11.068819046020508,11.33599738334761,10.29018532956788,10.648967373077918,19417537
2002-08-09,11.18332290649414,11.18332290649414,10.687134616378929,10.954312926440966,10839027
2002-08-12,10.86270809173584,11.152786926637907,10.648965170889484,11.145153409028909,9579017
2002-08-13,10.511560440063477,10.763471723778956,10.496293402611686,10.687135060588307,14143234
2002-08-14,11.068819046020508,11.12988867545306,10.320719406318263,10.534462371366303,16333300
2002-08-15,11.5650053024292,11.626074920855276,11.053550015482408,11.068817051106047,15124987
2002-08-16,12.10699462890625,12.381806401670572,11.511568506278834,11.755845473632526,14678155
2002-08-19,12.710055351257324,12.855095144261794,12.213867828605439,12.366541139564719,13068626
2002-08-20,12.557384490966797,12.778760982654207,12.381810591878512,12.710057831721436,7776381
2002-08-21,12.900896072387695,12.923796623313361,12.56501394582113,12.671886135336955,8487278
2002-08-22,13.259681701660156,13.320749851056512,12.824562281621017,12.916165981647234,7196553
2002-08-23,12.84745979309082,13.122272303976883,12.40470695929942,13.015400115996155,7131171
2002-08-26,12.725322723388672,12.885629537945306,12.374173549259456,12.847460475658224,7192195
2002-08-27,12.213871002197266,12.862732004405263,12.160434886697479,12.755861249337618,9179219
2002-08-28,11.755846977233887,12.175699313890242,11.641341995772816,12.175699313890242,7677648
2002-08-29,12.038294792175293,12.19096812299962,11.343631284517778,11.526838691134277,8817537
2002-08-30,11.969590187072754,12.175699601348207,11.84745168489051,12.061194617183771,4173137
2002-09-03,11.244391441345215,11.893252988692291,11.198589597360924,11.893252988692291,9282311
2002-09-04,11.481035232543945,11.626075024119823,11.244391750481077,11.43523338730045,6633046
2002-09-05,11.267290115356445,11.481032250294202,11.099349075799378,11.481032250294202,5573948
2002-09-06,11.725313186645508,11.847451688868764,11.38179823403685,11.427600080124849,6241865
2002-09-09,12.137532234191895,12.366542220650924,11.488669867925474,11.702412817140237,7240649
2002-09-10,12.40471076965332,12.458146880057651,12.045928725073207,12.137533169495248,6856969
2002-09-11,12.351273536682129,12.702422009156667,12.290204654232435,12.519214623841801,3750735
2002-09-12,11.832183837890625,12.2902045096884,11.732946628339825,12.2902045096884,5731069
2002-09-13,11.832183837890625,12.030659732923779,11.626075162852535,11.832183837890625,6623315
2002-09-16,12.07646369934082,12.145166849073048,11.70241387343505,11.832185915622444,6129143
2002-09-17,12.198598861694336,12.404707516145413,12.023025014041934,12.305470316506845,7342727
2002-09-18,12.015392303466797,12.21386820418974,11.725313446503518,11.954323419984641,8553371
2002-09-19,11.305460929870605,11.824549719056629,11.305460929870605,11.641341607240376,6633147
2002-09-20,11.633710861206055,11.671879196178873,11.335997700824887,11.412334370770523,10048150
2002-09-23,11.503938674926758,11.565007567346948,11.221492556848455,11.374165894847785,7283021
2002-09-24,11.259657859802246,11.60317277781291,11.137519369880483,11.18332121135543,12966447
2002-09-25,11.778748512268066,11.83218387620184,11.229124147110584,11.526837252658497,8045210
2002-09-26,12.137532234191895,12.1986011211348,11.63370967360936,11.809284291747618,8749417
2002-09-27,11.633710861206055,12.13753347321999,11.5650077106618,12.023028468301534,11017841
2002-09-30,11.557371139526367,11.748212763998561,11.145153083073284,11.488668007123234,11420679
2002-10-01,11.984858512878418,12.06119517250272,11.465768932246851,11.641342806603253,11155702
2002-10-02,12.40471076965332,12.7482265137786,11.85508705498466,11.984859833424409,15243588
2002-10-03,12.213871002197266,12.710058653776096,12.068831171506364,12.633721978461512,13382463
2002-10-04,11.488668441772461,12.366540685522692,11.267292739382013,12.252035706507325,14939483
2002-10-07,10.794004440307617,11.755846062114044,10.763469633368459,11.488667792836386,12637101
2002-10-08,11.18332290649414,11.412332886547315,10.610797956361203,10.801639606405516,11847238
2002-10-09,10.839805603027344,11.213855304189059,10.687132315856493,10.931410018109249,7981551
2002-10-10,11.618441581726074,11.77874841010272,10.679500427288081,10.916143910888442,9242777
2002-10-11,12.213871002197266,12.328376015169141,11.839821145562611,12.09936598922539,8960061
2002-10-14,12.274937629699707,12.389442621496498,11.710046189242378,11.717679707768998,8011252
2002-10-15,12.786392211914062,12.786392211914062,12.297838199377395,12.519214651413826,11610340
2002-10-16,12.519210815429688,12.725320168158,12.259666114567494,12.519210815429688,8257070
2002-10-17,12.786392211914062,12.900897934936713,12.595551308118404,12.786392211914062,7907957
2002-10-18,12.786392211914062,12.801660724000234,12.14516488596824,12.404708928391175,8332894
2002-10-21,13.267314910888672,13.282581947881674,12.61081903680476,12.786392914087577,8857780
2002-10-22,13.06120491027832,13.351284504136943,12.702422177035729,13.129908049662289,8430005
2002-10-23,13.587926864624023,13.702432579382686,12.923797556445587,12.977233655061726,12747491
2002-10-24,13.282584190368652,13.824574426645489,13.076474728370904,13.70243663414941,12050887
2002-10-25,13.725335121154785,13.763502714318271,13.091739791255824,13.244413115773122,7019868
2002-10-28,13.267314910888672,13.85510764257243,13.12990862608836,13.740601913261617,8036695
2002-10-29,12.786392211914062,13.290214736536901,12.610818344273005,13.07647180257777,8377395
2002-10-30,12.84745979309082,13.038302142524216,12.710053537647788,12.786390182234879,6102078
2002-10-31,12.748223304748535,12.847460505434688,12.610817041686838,12.778757373903838,7432641
2002-11-01,13.00013542175293,13.053571525359589,12.618452130130228,12.786392483257897,6311607
2002-11-04,13.778770446777344,14.19098780924416,13.618462136779124,13.855107104710576,12663153
2002-11-05,14.221524238586426,14.313129424030784,13.839840885674395,13.89327699786163,8014901
2002-11-06,14.397095680236816,14.496332882098965,13.809303034580342,14.274956450305377,10419868
2002-11-07,13.939079284667969,14.389465778812884,13.702435758649221,14.27496003748637,9328434
2002-11-08,13.496323585510254,13.732967063761158,13.023036629008446,13.023036629008446,10702484
2002-11-11,13.259681701660156,13.511592245715176,13.053572269652404,13.435255583038048,4547998
2002-11-12,13.397086143493652,13.557394459023882,13.152809124863984,13.259681335217469,5589660
2002-11-13,13.664264678955078,13.740601336648329,13.023037344704406,13.38945212088674,6782159
2002-11-14,13.832204818725586,13.961977577594917,13.694798541797066,13.87800740301228,5738875
2002-11-15,14.145186424255371,14.267325677684045,13.702434951422795,13.93144494465277,5953269
2002-11-18,13.977241516113281,14.419994321013863,13.946707450643409,14.236786976332152,5334212
2002-11-19,13.878008842468262,14.091751798090094,13.740602551287676,13.893275880170167,4764927
2002-11-20,14.160453796386719,14.22152194224654,13.687165334451908,13.740601438010852,5151546
2002-11-21,14.92381763458252,15.00015427880121,14.084114548176911,14.160451192395604,9089610
2002-11-22,14.908549308776855,15.114658693487506,14.465797947595549,14.923817818553877,8549924
2002-11-25,14.992521286010742,15.3436689761317,14.83221299920999,14.923818156219387,7328839
2002-11-26,14.511598587036133,14.824578674631553,14.404727877588172,14.542134129686477,6910897
2002-11-27,15.183363914489746,15.420007399508979,14.748244534326215,14.84748321986414,7174151
2002-11-29,15.12993049621582,15.381842537796329,15.076495860913614,15.076495860913614,3941814
2002-12-02,14.801678657531738,15.450540882055666,14.61847129875842,15.190995401873554,8459402
2002-12-03,14.15281867980957,14.572671034553975,14.084117016311499,14.503967895124317,7300456
2002-12-04,13.496323585510254,13.664263928019734,12.862728328324117,13.313114731555952,17365433
2002-12-05,13.465788841247559,13.587928084497811,13.206244794255266,13.534491981084376,6465585
2002-12-06,13.10700511932373,13.313113024183693,12.86272667871274,13.168073253545161,9730056
2002-12-09,12.8627290725708,13.152808667834027,12.801660926984095,13.076472009919051,6268221
2002-12-10,13.007771492004395,13.114643720185118,12.595554046551024,12.710058318536781,9682717
2002-12-11,13.030954360961914,13.255093072554088,12.845460976225919,12.868647275730984,5457375
2002-12-12,13.03868293762207,13.177802211030347,12.783627698620549,12.92274846637637,5727217
2002-12-13,12.768171310424805,12.945935921608259,12.675424621735509,12.768171310424805,6079169
2002-12-16,13.04641342163086,13.177803946842841,12.791358149032835,12.868647308594836,5966548
2002-12-17,13.162347793579102,13.324654896238815,12.953666592581797,13.023226992914232,5401723
2002-12-18,12.775897979736328,13.170072462731488,12.67542254134274,13.170072462731488,7355601
2002-12-19,12.520846366882324,12.86864682465812,12.358538540166752,12.690882212654833,7231424
2002-12-20,12.72179889678955,12.907293792980816,12.528576727731677,12.79135929606779,7646224
2002-12-23,12.853190422058105,13.115974474395403,12.729528657147451,12.752714957877984,5789762
2002-12-24,12.683155059814453,12.860919694430706,12.598137126113294,12.598137126113294,2394627
2002-12-26,12.79908561706543,13.100513458211646,12.714067699607213,12.714067699607213,4174557
2002-12-27,12.37399673461914,12.884105762772743,12.319893877028449,12.675424592935222,5561885
2002-12-30,12.397183418273926,12.412641698283126,11.979821812807264,12.103485064185431,7651090
2002-12-31,12.605865478515625,12.714069710297993,12.227148425755592,12.327624637752264,6074404
2003-01-02,13.340107917785645,13.432854578346227,12.814541515479377,12.984577308898315,10537050
2003-01-03,13.417398452758789,13.486957334687693,13.200988559271167,13.340109311823737,4636695
2003-01-06,14.105274200439453,14.136189263992614,13.486959480247652,13.502418506371852,7952661
2003-01-07,13.950697898864746,14.198022925876534,13.912052569521867,14.066630898197714,6151140
2003-01-08,13.664726257324219,13.9584253530551,13.579708333983337,13.9584253530551,6415408
2003-01-09,13.973883628845215,14.143919484570883,13.7265586119399,13.75747367867265,7355195
2003-01-10,14.027985572814941,14.267581807372084,13.873407260562095,13.973882715222143,6770096
2003-01-13,14.1439208984375,14.329414306071993,14.027987892252924,14.221210067343192,5743234
2003-01-14,14.275311470031738,14.306226536684687,13.997069892764127,14.027986453764845,5470147
2003-01-15,13.904321670532227,14.259852369711238,13.742014599744394,14.14391789380701,7518297
2003-01-16,13.950697898864746,14.252124294869596,13.834763405183944,14.066630898197714,6179017
2003-01-17,13.757472038269043,14.128460266565273,13.687911652066775,13.950695665352585,6718905
2003-01-21,13.255091667175293,13.98161058478178,13.231905370128567,13.912050199294029,6457172
2003-01-22,13.386487007141113,13.633812053626068,13.170077031086295,13.255094969117124,6217233
2003-01-23,13.664726257324219,13.75747294693721,13.26282293943613,13.386484694137554,4474709
2003-01-24,13.216449737548828,13.602895548918806,12.884106788074986,13.602895548918806,8227876
2003-01-27,12.945938110351562,13.131433013439075,12.737258399106517,13.06187261157475,8106031
2003-01-28,13.023225784301758,13.12370273898385,12.814546097018743,12.98458195123,6468626
2003-01-29,13.185535430908203,13.394215135040994,12.636781002198157,13.030955603096393,6990167
2003-01-30,12.636780738830566,13.18553515610383,12.559491573709412,13.18553515610383,7051495
2003-01-31,13.525609016418457,13.66472983443036,12.953668207780208,12.984584775309566,12429498
2003-02-03,13.486961364746094,13.757474186024796,13.378757132843312,13.649269954122012,6312620
2003-02-04,13.061870574951172,13.286009280599798,12.938207325507896,13.239635188471645,5598479
2003-02-05,13.061870574951172,13.36329843791492,12.837731869302546,13.177803563750007,5880284
2003-02-06,13.139159202575684,13.21644835677498,12.830002585778498,13.061870048376386,5118905
2003-02-07,12.636780738830566,13.123703525137335,12.582679369289252,12.907293563928533,6867511
2003-02-10,12.72179889678955,12.783630528853307,12.428100512421558,12.62132342865337,6213279
2003-02-11,12.737257957458496,12.984582991984903,12.582679624086007,12.75271549192617,6270046
2003-02-12,12.598137855529785,12.737258662131284,12.319896242326784,12.574951552545523,6505018
2003-02-13,12.466745376586914,12.605866178278267,12.27352245600112,12.48220365853815,7127116
2003-02-14,12.930479049682617,12.930479049682617,12.319894534298037,12.327624048061821,5402838
2003-02-18,13.371027946472168,13.371027946472168,12.961395838266583,13.023225972072874,5771921
2003-02-19,13.023225784301758,13.332382426266864,12.853189930090501,13.332382426266864,4336036
2003-02-20,13.023225784301758,13.154617805441257,12.868647463319205,12.961395651386944,4930664
2003-02-21,13.154617309570312,13.371027249657741,12.77590028800424,13.131431010601279,6575063
2003-02-24,12.83773136138916,13.092785122133781,12.791357271095757,13.046412526188018,5079067
2003-02-25,12.953665733337402,13.015497362236797,12.350810713850848,12.598136482274528,7551951
2003-02-26,12.884108543395996,12.992312787582135,12.706342399903628,12.830005674128927,5610238
2003-02-27,12.752711296081543,13.085054155181952,12.644505601713465,12.907289578595323,8509985
2003-02-28,13.185535430908203,13.216450499861837,12.853190967917236,12.94593766912602,11207907
2003-03-03,12.984580993652344,13.286008846773612,12.907291838860933,13.216448458026576,5823112
2003-03-04,12.404912948608398,12.984581638323956,12.366268369294028,12.984581638323956,10950127
2003-03-05,12.319890975952148,12.428095918479697,12.13439764267482,12.21168678059826,10247035
2003-03-06,12.103483200073242,12.281247788996772,11.987549480142084,12.203958642376,7593208
2003-03-07,12.149859428405762,12.173046476776438,11.825244487085921,11.910263166329116,9773137
2003-03-10,11.732497215270996,12.041653860195364,11.670665587416567,11.979822232340936,6010441
2003-03-11,11.608834266662598,11.917990899867302,11.523816341966075,11.840701741566127,7511303
2003-03-12,11.732497215270996,11.778870562574873,11.469713917650505,11.601105940047693,6848251
2003-03-13,12.520846366882324,12.636779354691694,11.840701489444607,11.902532366464682,9527927
2003-03-14,12.690882682800293,12.768171842319017,12.404913091450567,12.582678457213177,8423315
2003-03-17,13.146890640258789,13.216451042608915,12.389456476311144,12.513118998725828,9675520
2003-03-18,12.814542770385742,13.278277612948644,12.683150783355375,13.146885625918276,8201723
2003-03-19,13.115973472595215,13.139159771554773,12.675424826277384,12.868646972969112,9075418
2003-03-20,13.24736499786377,13.30919662745402,12.55949129416134,12.806817812522343,11861024
2003-03-21,14.483986854553223,14.483986854553223,13.363295100541379,13.47149929602036,16745160
2003-03-24,13.448319435119629,13.919783253059444,13.386487796266465,13.842494078079998,13094374
2003-03-25,13.67245101928711,13.904318422585435,13.100510527876223,13.51787275042156,8780740
2003-03-26,13.626079559326172,13.842489476193519,13.479230026250027,13.796115388883537,9531171
2003-03-27,13.58743667602539,13.734286219305861,13.216448434808814,13.409670574274077,9653725
2003-03-28,13.67245101928711,13.811571760135555,13.425126087971682,13.587433120845784,7973644
2003-03-31,13.154617309570312,13.371027249657741,13.054141853023463,13.371027249657741,7778307
2003-04-01,13.224180221557617,13.332384465052876,13.100516948121903,13.154619817043526,8339787
2003-04-02,13.896595001220703,13.950697864428049,13.417402482378012,13.417402482378012,9324683
2003-04-03,13.641538619995117,13.96615427887039,13.618352320913923,13.912051419999893,7759655
2003-04-04,13.479231834411621,13.726558340778903,13.216449289331063,13.602895087595261,8710492
2003-04-07,13.711102485656738,14.143922477591682,13.579711929890989,13.912054944986838,6927724
2003-04-08,13.239635467529297,13.726558214921047,13.07732838318129,13.711099187654026,24300355
2003-04-09,13.216449737548828,13.432859690785575,13.193263437170968,13.293738899822824,21106741
2003-04-10,13.401942253112793,13.417401280035191,13.139159716299783,13.293738030742189,7288089
2003-04-11,13.78839111328125,13.888868086113108,13.525608517881992,13.525608517881992,12927826
2003-04-14,14.066630363464355,14.105275691338159,13.579709094949768,13.602895395065383,9727522
2003-04-15,14.151644706726074,14.16710223622084,13.8347593746938,13.950693834599333,8181652
2003-04-16,13.904321670532227,14.213478280480025,13.85021881548708,14.151646659620946,8687785
2003-04-17,14.221210479736328,14.228939247416228,13.873409956748997,13.904325027468595,5776280
2003-04-21,14.25985336303711,14.337142520907939,14.020255628724604,14.221208036927841,6378713
2003-04-22,14.584468841552734,14.68494430753518,14.043444687700754,14.10527631843912,9817131
2003-04-23,14.870437622070312,14.901352686985637,14.499449371347977,14.545821968720965,9211151
2003-04-24,14.414430618286133,14.677213137974537,14.259852313917047,14.646298074839759,6331678
2003-04-25,14.03571891784668,14.476266205443071,13.912055629962824,14.45307989934541,7079878
2003-04-28,14.25985336303711,14.329412260207917,14.08981602024312,14.120732580000077,7195540
2003-04-29,14.167107582092285,14.530367134030026,14.058903340451323,14.329414691727711,7337456
2003-04-30,14.422158241271973,14.453073301957069,14.04344127614212,14.221205863776394,8598175
2003-05-01,14.468533515930176,14.56901047048822,14.337142989300652,14.453075982720557,7917689
2003-05-02,14.599922180175781,14.677211322801755,13.680181233491966,14.468530189407405,11942828
2003-05-05,14.290771484375,14.599928181968167,14.236668613991787,14.599928181968167,7730360
2003-05-06,14.267582893371582,14.445347517688885,14.159377169949735,14.290769193670068,9109275
2003-05-07,14.190293312072754,14.36032916459974,14.089816358385924,14.267582471798452,6549417
2003-05-08,14.043444633483887,14.22120926361604,13.950697934908321,14.113005031002519,7184187
2003-05-09,14.422158241271973,14.453073301957069,14.004795955938267,14.105272891859796,7044298
2003-05-12,14.715862274169922,14.746777345314898,14.174836574348952,14.422163120900706,7224633
2003-05-13,14.298497200012207,14.530364673709236,14.259853368236557,14.483990581230746,8581652
2003-05-14,14.1439208984375,14.499451673142852,14.027987892252924,14.499451673142852,9387126
2003-05-15,14.267582893371582,14.290769193670068,14.09754554147265,14.205751264894497,6893969
2003-05-16,14.252121925354004,14.298496013985874,14.089814856663843,14.089814856663843,7268018
2003-05-19,13.772933006286621,14.105277488698206,13.734289167836417,14.105277488698206,7527623
2003-05-20,13.796117782592773,13.989341436504365,13.610624389863712,13.834763111114214,8135124
2003-05-21,13.819306373596191,14.182565907495329,13.48696190881703,14.143920576747472,8923467
2003-05-22,14.004800796508789,14.205753243460869,13.850222450960418,13.87341024883627,10425748
2003-05-23,14.097546577453613,14.182566006824763,14.066631508117121,14.105276839135636,6126508
2003-05-27,14.584468841552734,14.638571705242287,14.027987153603123,14.035715920651938,11726609
2003-05-28,15.025018692016602,15.08684883319137,14.607656272999161,14.684945443815582,14963507
2003-05-29,14.901350975036621,15.341899565553483,14.824061827280023,15.341899565553483,12741105
2003-05-30,15.187326431274414,15.318716981068903,14.916813575021955,14.955458909207172,8098733
2003-06-02,15.511940002441406,15.596957940809228,15.318716328443298,15.38054796389661,15864977
2003-06-03,15.272340774536133,15.527394540405597,15.195051618725902,15.45783415074162,8664572
2003-06-04,16.022043228149414,16.13797619438679,15.457831443505635,15.457831443505635,14953877
2003-06-05,16.184356689453125,16.300289701621164,15.774723027067663,15.844283432107686,10848758
2003-06-06,16.447134017944336,16.655815166305104,16.269369425459715,16.269369425459715,14813786
2003-06-09,15.705158233642578,16.447134683845402,15.535122399655808,16.423948386760184,11444501
2003-06-10,15.937031745910645,16.006590657086488,15.805639702771366,15.8983864120205,6301774
2003-06-11,16.076148986816406,16.11479431571657,15.341902681191531,16.11479431571657,6575874
2003-06-12,16.076148986816406,16.15343815026891,15.689703169553889,16.037505152264064,8596351
2003-06-13,15.728344917297363,16.1998085575762,15.56603786043727,16.19207979242548,7049164
2003-06-16,15.975669860839844,16.06068777171581,15.674242043030743,15.720616128211942,7311809
2003-06-17,16.338926315307617,16.40848668322391,15.975666948266356,16.21526310693483,9026964
2003-06-18,15.929295539855957,16.261639907648625,15.813362570140338,16.230723353202993,9641054
2003-06-19,15.52739429473877,15.991129222263172,15.473291438223297,15.983400456239197,8315864
2003-06-20,15.71289348602295,15.867471837732573,15.589230206916028,15.759266094927002,10062139
2003-06-23,15.349627494812012,15.712886917785816,15.179591677878719,15.596952455292023,8795844
2003-06-24,15.171858787536621,15.403727672313948,15.06365460307475,15.349624832909427,7900456
2003-06-25,14.769965171813965,15.264616821580022,14.684947223049889,15.233700252898815,13572529
2003-06-26,14.994100570678711,15.048203432938662,14.569010922487113,14.793149644023703,8247745
2003-06-27,14.94773006439209,15.210512656978098,14.862710628491307,15.11003717956992,6626457
2003-06-30,15.264606475830078,15.589220513709218,15.10229945689051,15.457828548149708,14831424
2003-07-01,15.372817039489746,15.411462366606706,14.994100006612733,15.272341579942049,8451698
2003-07-02,15.620142936706543,15.674245799994623,15.349631608961806,15.457835841190134,9345971
2003-07-03,15.511940002441406,15.898385856089664,15.403735761159076,15.426922064073585,5196858
2003-07-07,15.906111717224121,15.998858406282627,15.612412623249119,15.651057948726312,6851901
2003-07-08,15.921571731567383,16.284831272548924,15.666517923311195,15.666517923311195,12726913
2003-07-09,16.168903350830078,16.331210506605444,15.797914925765648,15.821101235348303,9985808
2003-07-10,15.890652656555176,16.052959720385278,15.774718185620793,15.929296483968276,7509782
2003-07-11,16.1070613861084,16.137976445760607,15.890651485500648,15.890651485500648,5254840
2003-07-14,16.470319747924805,16.655814593762734,16.19207972068912,16.19207972068912,10427167
2003-07-15,16.501239776611328,16.709920961730667,16.369847753275323,16.69446193389577,10918196
2003-07-16,16.269367218017578,16.578523768747253,16.21526437333569,16.570795004413746,6858084
2003-07-17,16.091604232788086,16.346657963928756,16.006584828060397,16.26936881864242,5902585
2003-07-18,16.23845672607422,16.269373289292776,16.029777022501378,16.20754165720354,5585099
2003-07-21,15.774718284606934,16.107062674182753,15.658785307292616,16.07614611771073,6987329
2003-07-22,16.091604232788086,16.261640053548533,15.728344801638066,15.844277772393838,7360061
2003-07-23,15.929295539855957,16.16889323300664,15.689699341052725,16.099332853438288,5912114
2003-07-24,16.114789962768555,16.416217768246028,15.967940442441199,16.114789962768555,7500152
2003-07-25,16.45486831665039,16.485784882922935,16.083879981816043,16.207543258210166,7739483
2003-07-28,16.934059143066406,17.13501006071879,16.7176491980696,16.771750563557998,13584085
2003-07-29,17.042261123657227,17.181381890998477,16.864496528914263,16.99588703642763,8500558
2003-07-30,16.764022827148438,17.08863851176398,16.717650225308955,17.042264415576664,7952661
2003-07-31,16.941787719726562,17.08863727024505,16.771750375625135,17.003617851020476,8677851
2003-08-01,17.4055233001709,18.394824863182386,17.297317577796708,17.297317577796708,15771313
2003-08-04,17.088640213012695,17.428711971082528,16.872230233173717,17.305048698503693,8144247
2003-08-05,16.655820846557617,17.08091055928514,16.62490577448581,17.08091055928514,6802027
2003-08-06,16.54761505126953,16.81039914040907,16.47805613933639,16.655820791861586,7036695
2003-08-07,16.733104705810547,16.849037683601722,16.50123725588064,16.624900493582278,7010542
2003-08-08,16.87995147705078,16.887680241348534,16.671270357969483,16.78720481113042,5926812
2003-08-11,17.042261123657227,17.073176185578596,16.849037503606038,16.879954059874947,6715155
2003-08-12,17.351417541503906,17.382332603106786,17.003615626733897,17.057718478886457,6959858
2003-08-13,17.39006805419922,17.420983125030972,17.158199045569177,17.382337792143307,5716067
2003-08-14,17.436437606811523,17.536913063766477,17.14273850795336,17.390065008685106,6424227
2003-08-15,17.351417541503906,17.490538307411914,17.274128393149184,17.490538307411914,3035175
2003-08-18,17.312780380249023,17.41325586349087,17.289592580771597,17.374610527260558,7268221
2003-08-19,17.18138313293457,17.351418974488034,16.964973200799417,17.312775144292996,8053117
2003-08-20,16.9881591796875,17.073177098866637,16.818123341329226,16.849038404904324,7175367
2003-08-21,16.69446563720703,17.011352615726327,16.570803847530634,16.980436047546142,13794323
2003-08-22,16.54761505126953,16.84904298037193,16.47032587699579,16.81039914040907,9761987
2003-08-25,16.4239501953125,16.485781822029367,16.30801570842491,16.385304868234055,6173036
2003-08-26,16.114789962768555,16.416217768246028,16.114789962768555,16.331199860848205,11138875
2003-08-27,16.014318466186523,16.184354322820962,15.952486838042788,16.122522694677226,10698733
2003-08-28,15.689705848693848,16.099339530983745,15.573772830892532,16.07615173194502,16045616
2003-08-29,15.844282150268555,15.998860483552193,15.627872184801888,15.705161351443707,9273087
2003-09-02,16.192081451416016,16.261641839246924,15.890653602264628,16.022045611983856,12159655
2003-09-03,16.478055953979492,16.593988966911997,16.099338854863433,16.38530775041588,11591485
2003-09-04,16.586254119873047,16.60944041509179,16.36211544971615,16.369844214789065,8392803
2003-09-05,16.377573013305664,16.648085768799906,16.331200422773485,16.563067858476778,7580030
2003-09-08,16.508968353271484,16.539883419889748,16.215269243006894,16.323474964866357,6990877
2003-09-09,16.369850158691406,16.39303646232911,16.176627973014536,16.192085508773005,6559047
2003-09-10,15.921571731567383,16.18435580160217,15.813367493189947,16.130252935239493,9731982
2003-09-11,15.983403205871582,16.068421141108633,15.828824870104599,15.890656503280972,6545565
2003-09-12,15.643329620361328,15.79790793790142,15.511937602147931,15.790179171459187,9369894
2003-09-15,15.535126686096191,15.805639537453773,15.45783751347231,15.45783751347231,11565940
2003-09-16,15.797904014587402,15.844276601724442,15.496476220807223,15.612409182997178,11421186
2003-09-17,15.666516304016113,15.882926252750716,15.612413443245522,15.73607669805037,7859503
2003-09-18,15.805631637573242,15.805631637573242,15.527390157457138,15.689697189409117,7964420
2003-09-19,15.828821182250977,15.844278713356745,15.620140029280435,15.728345735715925,8937050
2003-09-22,15.46556568145752,15.63560305011344,15.357361441720057,15.573771415542918,10300456
2003-09-23,15.612414360046387,15.689703525251092,15.473293563808344,15.550582729013051,8871769
2003-09-24,15.31098747253418,15.581500315702378,15.287801169753344,15.558314012921542,9742828
2003-09-25,15.697431564331055,15.96021561044853,15.573769802347343,15.7051603310583,14077243
2003-09-26,15.51966667175293,15.766991685778804,15.434648744879905,15.712890319626359,7967866
2003-09-29,15.674245834350586,15.689703368367395,15.334174108589446,15.473293409088562,7068829
2003-09-30,15.5892333984375,15.828829743204214,15.349637053670788,15.573775858971588,12520730
2003-10-01,16.099336624145508,16.114794157814984,15.73607711117381,15.782449712182238,11393715
2003-10-02,16.184356689453125,16.230729296581142,15.967946706478392,16.099338748703765,7591586
2003-10-03,16.447134017944336,16.733104314474183,16.42394772179787,16.462591548708648,10505119
2003-10-06,16.377573013305664,16.539880068863223,16.238452253014195,16.42394709818531,4998074
2003-10-07,16.663551330566406,16.68673763700796,16.23846007971551,16.2848341869468,8213381
2003-10-08,16.586254119873047,16.75628994017208,16.47031965508441,16.71764611480751,5638723
2003-10-09,16.91086769104004,17.073174741090213,16.655813968725116,16.96497053917257,10137456
2003-10-10,16.740835189819336,16.84903941315476,16.640359732840174,16.694461097334035,5989965
2003-10-13,16.61717414855957,16.91087328653372,16.524427445606655,16.810397816197057,7424531
2003-10-14,16.96497344970703,17.049991371731135,16.547611111391255,16.586256436500943,7372631
2003-10-15,16.810396194458008,17.003618349106983,16.733107033728864,16.964974515916293,6542423
2003-10-16,16.92633628845215,16.95725286232101,16.733114052752423,16.733114052752423,4460010
2003-10-17,16.679006576538086,16.995892031759393,16.640362737778403,16.988163264007454,5574455
2003-10-20,16.655820846557617,16.779484123540914,16.52442880155637,16.77175386117493,4933604
2003-10-21,16.841312408447266,16.92633034160701,16.62490393913948,16.771752009616954,6410137
2003-10-22,16.70992088317871,16.910871806262055,16.632631721758706,16.77175101683649,5749012
2003-10-23,16.887685775756836,16.887685775756836,16.632631987303153,16.709921149957097,4655651
2003-10-24,16.849040985107422,16.887686314841925,16.62490375116914,16.887686314841925,4698733
2003-10-27,17.11182975769043,17.25867936131465,16.86450466003058,16.87996219844402,7804257
2003-10-28,17.420982360839844,17.467356459401195,17.158198292905368,17.23548746094235,9312418
2003-10-29,17.598739624023438,17.652842467281147,17.258668024911632,17.420975060337476,6549924
2003-10-30,17.683767318725586,17.737870191950524,17.312780457606316,17.660581013492656,6243893
2003-10-31,17.498268127441406,17.683761496933503,17.312774757949313,17.660575199333895,5981855
2003-11-03,17.71468162536621,17.768782997336782,17.5446457533343,17.660578759047723,6611556
2003-11-04,17.58328628540039,17.776509917733893,17.459623041159137,17.621931609606147,6046731
2003-11-05,17.791973114013672,17.830616956174627,17.467358862469204,17.58329188330018,5678054
2003-11-06,18.08566665649414,18.11658172059004,17.390064265207556,17.69922088355715,7442169
2003-11-07,18.08566665649414,18.363906716400187,18.000648735882766,18.124310486614014,7917892
2003-11-10,17.89244270324707,18.09339509932384,17.85379887381747,18.008377180231104,4089103
2003-11-11,17.869260787963867,17.946549960125587,17.784242848020774,17.81515791914627,3679372
2003-11-12,18.0393009185791,18.070215996989333,17.799704577854776,17.86926499862614,6573036
2003-11-13,18.02383804321289,18.108855978018852,17.95427764303567,18.085669676075742,6271566
2003-11-14,17.830610275268555,18.070206489937114,17.71467729787621,17.985188574690046,4850177
2003-11-17,17.79969596862793,17.89244265334793,17.505996888391582,17.629660130916662,7606183
2003-11-18,17.4055233001709,17.892444567811424,17.38233550574913,17.892444567811424,8180537
2003-11-19,17.614198684692383,17.68375906226186,17.459620399948523,17.583283625482572,5800101
2003-11-20,17.5291805267334,17.83833709179811,17.44416262077534,17.44416262077534,8093158
2003-11-21,17.45189094543457,17.606469224069386,17.29731266679976,17.57555416608136,10379118
2003-11-24,17.645118713378906,17.660576246028103,17.428708773247024,17.48281163186692,7255651
2003-11-25,17.768781661987305,17.9620053161192,17.560101968516136,17.621933597612255,5698632
2003-11-26,17.838340759277344,17.93108894334326,17.699221471873862,17.93108894334326,4756817
2003-11-28,17.8460693359375,17.884714661278963,17.78423920634745,17.830611803539988,1977192
2003-12-01,17.907901763916016,18.039293783889555,17.745594677759403,17.84607013720213,12497314
2003-12-02,17.45189094543457,17.815150348530587,17.34368674812914,17.660572069895775,14352357
2003-12-03,16.887685775756836,17.467355242835335,16.841311680425346,17.436438681165075,17242271
2003-12-04,17.158193588256836,17.158193588256836,16.926326147722218,17.011345554164325,10830816
2003-12-05,16.74856185913086,17.026803390509343,16.663543945509108,17.00361559999612,9604967
2003-12-08,16.825849533081055,16.841307062503798,16.694457544292963,16.694457544292963,6726812
2003-12-09,17.235485076904297,17.27413040275126,16.94178747446679,16.988160072265906,13539179
2003-12-10,17.48516082763672,17.719232533832585,17.1886696980779,17.282298078845518,13185302
2003-12-11,17.672422409057617,17.71923736648631,17.375931198635303,17.461757363459547,7582565
2003-12-12,17.8050594329834,17.87528109868596,17.609998915242123,17.66461610157827,6287988
2003-12-15,17.8128662109375,18.007925269821232,17.680225085421956,17.929901344556924,7824633
2003-12-16,17.9064884185791,17.98451231682396,17.82846452033424,17.859673476210766,5938571
2003-12-17,17.89868927001953,17.89868927001953,17.703628736451215,17.85187431956807,4612975
2003-12-18,18.05473518371582,18.085944141679796,17.84407019179801,17.898687376788626,4434769
2003-12-19,18.124961853027344,18.148368577964263,17.695829511192745,17.695829511192745,9114344
2003-12-22,18.296611785888672,18.296611785888672,17.90649221201865,18.00012060803668,7836189
2003-12-23,18.304410934448242,18.327819160913933,18.14836313126052,18.218584793550356,5654131
2003-12-24,18.234193801879883,18.296613240371872,18.148367639661142,18.202984836910883,4251191
2003-12-26,18.109357833862305,18.30441689711062,18.062542874234573,18.234195211946076,2650684
2003-12-29,18.320016860961914,18.335622849356984,18.070340657839356,18.070340657839356,4672478
2003-12-30,18.179576873779297,18.382438149355572,18.148366402384102,18.281007511567434,4090826
2003-12-31,18.202983856201172,18.29661225461781,18.09374946758684,18.187379374557384,4741206
2004-01-02,18.4682674407959,18.663328017328162,18.304417340956952,18.327825575615478,6756006
2004-01-05,18.834976196289062,18.88179114670491,18.42144991707202,18.468263358934056,10508667
2004-01-06,18.881793975830078,18.936409666185714,18.725746129134475,18.725746129134475,9587937
2004-01-07,19.193885803222656,19.22509476285411,18.92860361214038,19.100257415774568,9880791
2004-01-08,19.47477912902832,19.49038512393952,19.154881124495773,19.19389384894222,9703092
2004-01-09,19.4045467376709,19.498176621319505,19.27970940706198,19.310918362575826,7512215
2004-01-12,19.412353515625,19.46696919630045,19.19388626726188,19.334329606106298,6523974
2004-01-13,19.256305694580078,19.49817966320746,19.193886265260872,19.357736324377687,11992803
2004-01-14,19.427963256835938,19.529393914111154,19.26411315333206,19.412358772417317,13034871
2004-01-15,19.365543365478516,19.568406183920196,19.27971719459469,19.451369536362343,9030309
2004-01-16,19.38894271850586,19.459164378626447,19.326523297448276,19.451362139563447,8133401
2004-01-20,19.092456817626953,19.38114577606738,18.967619449948863,19.349936811286355,9000304
2004-01-21,19.17828369140625,19.193888173148707,18.92860594931125,18.967618662221316,7283933
2004-01-22,19.271913528442383,19.342135210077146,19.100261199359192,19.178285122447374,4894273
2004-01-23,18.76475715637207,19.38114629575719,18.530685388575975,19.271913407540623,10101673
2004-01-26,19.037841796875,19.069050762750454,18.66332666359935,18.66332666359935,6054638
2004-01-27,18.8505802154541,19.10025793348818,18.78035854582624,19.06124522433769,4783071
2004-01-28,18.4682674407959,18.827178117167104,18.343430059685065,18.780363156404203,7406488
2004-01-29,19.076852798461914,19.23290064326418,17.929900686599062,18.569698057131564,15629194
2004-01-30,18.72574234008789,18.86618567540684,18.491670617407557,18.507275097208833,17266092
2004-02-02,18.569698333740234,18.749152905369733,18.413650486613527,18.569698333740234,9368779
2004-02-03,18.148365020751953,18.632112959287895,18.023527670336684,18.28100611983734,10141510
2004-02-04,18.09375,18.507277827051993,17.98451711672537,17.992319357776847,9086163
2004-02-05,18.10154914855957,18.35122532440608,18.054734205596162,18.179573047796204,7445413
2004-02-06,18.218585968017578,18.359029301650974,17.867479142487795,18.023526955735193,10139280
2004-02-09,18.54628562927246,18.71013567839672,18.16396834513129,18.218585531023937,10452712
2004-02-10,18.78816032409668,18.959814128163973,18.530681880826343,18.608705788655573,7386721
2004-02-11,21.534605026245117,21.846700685673863,21.277126559782563,21.78428125207734,116588748
2004-02-12,21.846696853637695,22.166594697584852,21.542403488214084,21.807685657328825,58656462
2004-02-13,21.004037857055664,21.651637275430893,20.94942218368516,21.53460067252982,43279372
2004-02-17,20.988435745239258,21.464381432448665,20.668537873788793,21.37855528463662,28662443
2004-02-18,20.840192794799805,20.957229425639817,20.723157672513718,20.910414471593025,11731272
2004-02-19,21.066463470458984,21.105476185744873,20.832391704405683,21.066463470458984,9971617
2004-02-20,20.715356826782227,21.058663017955187,20.59051944608181,21.058663017955187,13148606
2004-02-23,20.871400833129883,20.871400833129883,20.301826711674583,20.715353004630852,13657273
2004-02-24,20.25501251220703,20.62172383950397,20.130173650646068,20.590514878390632,15822301
2004-02-25,20.520294189453125,20.590515863872817,20.21600076981908,20.286222444238774,12067005
2004-02-26,20.855792999267578,21.050853507810874,20.621721294147793,20.715349674484983,11430512
2004-02-27,20.699750900268555,20.97283538577476,20.691948658803124,20.97283538577476,9962088
2004-03-01,20.965030670166016,21.09767026797919,20.785574611977133,20.910413477799498,10602534
2004-03-02,20.879207611083984,21.105477146086628,20.832392652321545,20.832392652321545,8528434
2004-03-03,20.793376922607422,20.988437462543104,20.738761238610675,20.832389634016103,10618956
2004-03-04,20.91041374206543,21.058659331395322,20.801180864505767,20.801180864505767,7669336
2004-03-05,20.660737991333008,20.949426935993795,20.606120797019205,20.879205260034308,8566346
2004-03-08,20.47348403930664,20.79338201528037,20.442275069379146,20.715358081907404,6776685
2004-03-09,20.46567726135254,20.606120612010564,20.27061822542498,20.473479502105327,8949924
2004-03-10,19.857086181640625,20.489081124891218,19.833679464371425,20.403253477796998,13667917
2004-03-11,19.46696662902832,19.911703307199897,19.310918830570248,19.8570861251735,13086265
2004-03-12,20.36424446105957,20.36424446105957,19.427957567478035,19.646424811024474,15635378
2004-03-15,19.763456344604492,19.888295177928825,19.584001841685048,19.81807352275307,11247339
2004-03-16,19.818084716796875,19.896108654557246,19.677641327117346,19.779071993639533,9534921
2004-03-17,20.13017463684082,20.247209755303295,19.786868505006215,19.864892420165823,6608211
2004-03-18,20.07555389404297,20.333033824531583,19.95851879627383,20.169182273969007,7416523
2004-03-19,19.81027603149414,20.239406795343953,19.779065561407176,20.083358970570597,8135834
2004-03-22,19.427963256835938,19.716652252797136,19.404555021653827,19.584011118130505,8648657
2004-03-23,19.58400535583496,19.779064370782933,19.435759780368713,19.58400535583496,7539888
2004-03-24,19.32652473449707,19.58400467693567,19.15487244524046,19.58400467693567,8691333
2004-03-25,19.54499626159668,19.630822425069553,19.35773945193841,19.490380572102858,7136036
2004-03-26,19.58400535583496,19.693238223179378,19.435759780368713,19.505981448145025,5351951
2004-03-29,19.662031173706055,19.71664836696123,19.552796787195703,19.623018461794107,4739280
2004-03-30,19.64642333984375,19.685434536544843,19.544991211313665,19.62301511326947,4771515
2004-03-31,19.498178482055664,19.70884196898508,19.427956816894632,19.68543525011596,8251495
2004-04-01,19.77906608581543,19.80247431613974,18.952013497721058,19.584007053953993,8350431
2004-04-02,20.247209548950195,20.27842001982828,19.935113891492538,20.19259386488281,9080791
2004-04-05,20.676342010498047,20.738761444238516,20.059952930849423,20.145779086534866,8187836
2004-04-06,20.746562957763672,20.793376400012907,20.46567627005298,20.52029346123091,6810846
2004-04-07,20.294025421142578,20.652936046913812,20.294025421142578,20.55150389765333,6403345
2004-04-08,20.481277465820312,20.66853573044445,20.2237990490849,20.66853573044445,4120426
2004-04-12,20.052154541015625,20.20820240105728,19.903908923120632,20.169189681769783,6510694
2004-04-13,19.5059814453125,20.083357758712683,19.474770977108818,20.013136090946567,10035783
2004-04-14,19.5059814453125,19.615214312641054,19.349933629955288,19.427957537633894,9546376
2004-04-15,19.271913528442383,19.646428660976447,19.217296329714447,19.623020428062173,7704410
2004-04-16,19.427963256835938,19.427963256835938,19.061250330227455,19.271915395541374,11856868
2004-04-19,19.47477912902832,19.57621130745647,19.186091605763806,19.209498335299056,5867816
2004-04-20,19.34993553161621,19.732252867669892,19.303120578986704,19.552796806385018,8467511
2004-04-21,19.5059814453125,19.53719040496245,19.232897014160514,19.271909722276686,8370907
2004-04-22,19.412353515625,19.701040924856557,19.412353515625,19.584005814855388,7473188
2004-04-23,19.232900619506836,19.459170145046023,19.162678938577155,19.41235669679558,8110289
2004-04-26,19.022233963012695,19.396747521760638,18.80376671470722,19.28751465188478,9158135
2004-04-27,18.866188049316406,19.14707324674401,18.866188049316406,19.115864283214474,9646629
2004-04-28,18.686737060546875,18.686737060546875,18.413654029804984,18.53068918339313,28449062
2004-04-29,18.491668701171875,19.03783599749499,18.476062714434068,18.88178819854553,17104815
2004-04-30,17.968915939331055,18.530687958231972,17.867485278453533,18.49167674579994,16997364
2004-05-03,18.046934127807617,18.14056251639369,17.906490790651635,18.085945327821083,9411252
2004-05-04,17.96111297607422,18.148369805341925,17.836274084192965,17.906495772306897,10831221
2004-05-05,17.945510864257812,18.226396145294498,17.828474199076748,17.945510864257812,10128839
2004-05-06,17.750446319580078,17.922098649104562,17.53197903266072,17.797261276974954,9461632
2004-05-07,17.51637077331543,17.883083586278318,17.42274238726529,17.594394679782827,7841764
2004-05-10,17.2432861328125,17.633407168870832,16.68931655461128,17.251089881060917,12047035
2004-05-11,17.92990493774414,18.10155881456864,17.62561141737693,17.633415169165914,14412570
2004-05-12,17.945510864257812,18.101558745462984,17.67242631787158,17.93770711249862,10148201
2004-05-13,18.179576873779297,18.398042630776228,18.023529042464983,18.241994799461914,18058692
2004-05-14,18.132761001586914,18.296611065303946,17.992317658814084,18.218587153602797,7104004
2004-05-17,17.867481231689453,17.937701398163114,17.703629650922576,17.90649243528593,6658692
2004-05-18,17.820667266845703,18.179577902601725,17.820667266845703,18.015726312750473,5236087
2004-05-19,17.945510864257812,18.265408869872978,17.828474199076748,18.007928809896384,8089508
2004-05-20,17.984512329101562,18.085942944323058,17.83626677147977,17.87527947490561,4251495
2004-05-21,17.69582748413086,18.226390415136716,17.69582748413086,18.101553054552564,7053624
2004-05-24,18.10154914855957,18.1405603439011,17.805058029749652,17.86747745084967,5979118
2004-05-25,18.53068733215332,18.53068733215332,17.968915332232456,18.101556467128418,5405170
2004-05-26,18.46046257019043,18.608708164851215,18.359031929626603,18.46046257019043,5470857
2004-05-27,18.49947738647461,18.67112972342119,18.421453459812156,18.608710280380404,5804866
2004-05-28,18.31221580505371,18.6243114562745,18.31221580505371,18.569695773298548,3879980
2004-06-01,18.600906372070312,18.678930291742418,18.281008452270076,18.569697407623057,7336138
2004-06-02,19.05344581604004,19.076852539876896,18.24199612893498,18.68673293315927,8753472
2004-06-03,18.702335357666016,19.13146763210963,18.69453311724564,18.92080261509801,6509478
2004-06-04,18.77255630493164,19.02223402295541,18.733545104336535,18.842777974556604,4915560
2004-06-07,19.037841796875,19.131470203055404,18.71014011241253,18.920805157733966,6578611
2004-06-08,19.193885803222656,19.20168804313052,18.983220800049153,19.076849187497245,5967157
2004-06-09,19.17828369140625,19.404551693779723,19.092456024714895,19.193888173148707,7252712
2004-06-10,19.287513732910156,19.388944357858804,19.123663681626304,19.131465921348994,5602737
2004-06-14,19.287513732910156,19.342130919522674,19.139268161071683,19.15487264051706,7386822
2004-06-15,19.271913528442383,19.42796137461874,19.178285122447374,19.28751801134921,6138976
2004-06-16,19.4045467376709,19.45916391837366,19.162672806777987,19.232894465237674,6154891
2004-06-17,19.396751403808594,19.505985804100288,19.27191402875903,19.32652972035081,4896300
2004-06-18,19.521583557128906,19.521583557128906,19.295314101452533,19.404546955530915,7328332
2004-06-21,19.46696662902832,19.51378157198717,19.326523308705344,19.427955433690588,6366346
2004-06-22,19.44356346130371,19.466970182779313,19.310922355834265,19.326526836818,6760365
2004-06-23,19.232900619506836,19.466972386421098,18.959817645717205,19.35773949861605,8469437
2004-06-24,19.77126121520996,19.841482879734126,19.16267446170298,19.2719088325422,17934516
2004-06-25,19.64642333984375,19.833680101116236,19.576201677228163,19.662027818524187,7792904
2004-06-28,19.693239212036133,19.950719176329375,19.607413060122987,19.65422801050916,5432843
2004-06-29,19.88829803466797,19.95071746029601,19.630818092521505,19.701039757783843,5302990
2004-06-30,19.88829803466797,19.974124179198895,19.77126142304618,19.896100274302263,6251799
2004-07-01,19.724451065063477,19.896103380927535,19.591809953462196,19.77126451017881,6081500
2004-07-02,19.716650009155273,19.83368513753118,19.61521785486828,19.779067939726954,4260416
2004-07-06,19.271913528442383,19.716650342611214,19.256309045535552,19.716650342611214,5905525
2004-07-07,19.295318603515625,19.40455148308067,19.271911881156093,19.310923085088646,4479676
2004-07-08,18.99882698059082,19.310922639058273,18.99102473998452,19.23289872444141,4897415
2004-07-09,19.193885803222656,19.23289700276197,18.97541856014129,19.193885803222656,5809529
2004-07-12,18.99882698059082,19.29531815784567,18.95981577755932,19.170479291037143,5897314
2004-07-13,18.90519905090332,19.084653606380723,18.84277961595999,18.84277961595999,3802331
2004-07-14,18.87398910522461,19.037839170575452,18.741348001443896,18.78035920340656,4425139
2004-07-15,18.624317169189453,18.89740170205186,18.616514926371018,18.84278449376852,4518398
2004-07-16,18.296611785888672,18.795965745574623,18.26540282340062,18.795965745574623,6910390
2004-07-19,18.327823638916016,18.390241568598665,18.023530197497166,18.25760195946905,7623822
2004-07-20,18.647720336914062,18.67892929970381,18.257600759272798,18.28100748136511,7143031
2004-07-21,18.444856643676758,18.67892837872037,18.10155203570098,18.647719417469414,6014597
2004-07-22,18.187376022338867,18.296608882265964,17.90648937030686,18.0625371750905,6907248
2004-07-23,17.91429328918457,18.281006117372133,17.851873859708466,18.163969498535216,5998885
2004-07-26,17.828466415405273,18.05473589522196,17.70362756152237,17.906490321943657,5296503
2004-07-27,17.9064884185791,18.015721272700482,17.82066228136511,17.9064884185791,5879372
2004-07-28,17.820667266845703,18.039134544760067,17.610002230083214,17.867482222310915,5680791
2004-07-29,17.945510864257812,18.117163231872627,17.86748692365523,17.86748692365523,4120426
2004-07-30,18.01572608947754,18.06254104436256,17.797260322824645,17.867482000875203,4828180
2004-08-02,18.023527145385742,18.085945064498514,17.86747933049635,18.023527145385742,5220274
2004-08-03,17.766050338745117,18.00792434377079,17.703630900032753,17.96111089615201,4811961
2004-08-04,17.547578811645508,17.805058745463878,17.43834595174479,17.633406461954053,6764420
2004-08-05,17.383729934692383,17.750442753033226,17.36032321497501,17.672418845421586,6140902
2004-08-06,17.15746307373047,17.3603258679433,17.048230189802922,17.188673546676885,6308059
2004-08-09,17.118450164794922,17.297904709302053,17.040426253023934,17.15746136640351,5256665
2004-08-10,17.508573532104492,17.62560867094148,17.126256130409807,17.149662856466378,9327116
2004-08-11,16.993614196777344,17.336920372171573,16.790752896755095,17.336920372171573,12018348
2004-08-12,16.548873901367188,16.84536505613516,16.385023843954098,16.775143387450445,13046731
2004-08-13,16.2991943359375,16.69711603743579,16.29139209753101,16.502057060166614,10860314
2004-08-16,16.81415557861328,16.96240115143494,16.353814380599438,16.385023339697174,11471972
2004-08-17,17.149658203125,17.219879870795094,16.814155853131886,16.814155853131886,6826863
2004-08-18,17.368125915527344,17.4227431048702,16.970204127009445,17.126251946371514,4774658
2004-08-19,17.477357864379883,17.492962342435884,17.25889064593518,17.321308558159185,4994627
2004-08-20,17.508573532104492,17.56319073479063,17.34472343260022,17.36032791663793,6499442
2004-08-23,17.297903060913086,17.656813624279085,17.282298581756667,17.4383463904282,4154992
2004-08-24,17.407140731811523,17.633410248132247,17.321313063074392,17.477362409880296,5287278
2004-08-25,17.555381774902344,17.703625825086622,17.329112317278984,17.329112317278984,4876026
2004-08-26,17.69582748413086,17.773851400203664,17.53977965198525,17.61000132730616,2889306
2004-08-27,17.68021583557129,17.75043748242635,17.46955089500611,17.633402410036773,3743639
2004-08-30,17.477357864379883,17.66461461815902,17.46175187777032,17.55538176321345,3714850
2004-08-31,17.51637077331543,17.625603638948302,17.42274238726529,17.57879020020009,5101166
2004-09-01,17.53978157043457,17.57879428701502,17.391535962826186,17.524177087224018,4670654
2004-09-02,17.58659553527832,17.617804499936657,17.344721533514296,17.438349936043277,5099645
2004-09-03,17.45395278930664,17.703629008931703,17.39933559769828,17.555384932087005,4262443
2004-09-07,17.70363426208496,17.781658198154247,17.446155725622603,17.446155725622603,5705423
2004-09-08,17.859676361083984,18.007921942550677,17.76604796977707,17.836269640395706,6231627
2004-09-09,17.836271286010742,17.976714640205635,17.797260081264348,17.851875767909302,6004663
2004-09-10,18.07033920288086,18.249795232268262,17.867477964169698,17.96110634423282,6513634
2004-09-13,18.195178985595703,18.320016329256937,18.101550600711352,18.109352840405574,4227674
2004-09-14,18.14056396484375,18.24199460153134,17.945504932094245,18.195181157777316,6719513
2004-09-15,17.95330810546875,18.17957762103045,17.890888668666566,18.14056490732135,6505626
2004-09-16,18.257598876953125,18.398040703581618,17.890886059211482,17.890886059211482,5066396
2004-09-17,18.27320098876953,18.45265550016199,18.24979427212361,18.45265550016199,5720831
2004-09-20,18.046934127807617,18.281005853549672,17.94550349921885,18.148364756396383,6167359
2004-09-21,18.265403747558594,18.27320598857537,17.94550583165498,18.179577587820106,5220882
2004-09-22,18.179576873779297,18.33562470509361,18.109355198832468,18.163970883804755,4663558
2004-09-23,18.148365020751953,18.327821069089175,18.070341111034743,18.10155158005389,5380841
2004-09-24,18.304410934448242,18.405843062507792,18.101549695436375,18.101549695436375,3956006
2004-09-27,18.07814598083496,18.21858934046587,18.03133253332732,18.148367660650415,4818449
2004-09-28,17.633407592773438,18.156166716209068,17.438347070055066,18.062538329067888,13157932
2004-09-29,17.78945541381836,17.78945541381836,17.165262646031046,17.64120983889501,11477750
2004-09-30,17.594398498535156,17.758248586823946,17.46955961767035,17.594398498535156,9099037
2004-10-01,18.00792121887207,18.07814288666873,17.563186000898217,17.60219720047762,6009427
2004-10-04,18.366832733154297,18.52288055652655,18.093748287975945,18.52288055652655,7265079
2004-10-05,18.63211441040039,18.717942075472177,18.351229218674707,18.39804266301871,8125697
2004-10-06,18.991025924682617,18.998828165775638,18.554091372149788,18.702336970025073,9217233
2004-10-07,19.310928344726562,19.474778462978264,18.94421689366528,19.014437079869456,13850988
2004-10-08,19.38894271850586,19.54499051687304,19.162673260018092,19.31091881932227,10226356
2004-10-11,19.427963256835938,19.51378942969253,19.334334841770033,19.388950537235207,5527116
2004-10-12,19.381147384643555,19.39675186832919,19.178286079622044,19.232901772521775,9507045
2004-10-13,19.51378631591797,19.584007993150813,19.37334296145228,19.37334296145228,9925900
2004-10-14,19.38894271850586,19.529386038747035,19.248499398264684,19.51378156062103,8902889
2004-10-15,19.435758590698242,19.513782493612304,19.193884642520015,19.365536927220223,8775063
2004-10-18,19.56840705871582,19.623022755367185,19.490383126373946,19.505987611131477,6602838
2004-10-19,19.42015838623047,19.59181070871159,19.357738948449885,19.54499575323766,6308262
2004-10-20,19.30312156677246,19.427960441136857,19.217295406354673,19.33433203964054,5586518
2004-10-21,19.740053176879883,19.740053176879883,19.115861915181267,19.28751421043764,7961176
2004-10-22,19.209491729736328,19.607413537774143,19.154874537714242,19.584006816287758,5831526
2004-10-25,19.186084747314453,19.193886987703806,18.936407020639948,19.045641403198502,5799493
2004-10-26,19.4045467376709,19.4513616794952,19.00662501210169,19.115859373507217,5979219
2004-10-27,19.482576370239258,19.490380119968503,19.115865000785888,19.318726288450737,5271668
2004-10-28,19.599609375,19.66202880139561,19.334328698510774,19.482572761939018,4965129
2004-10-29,19.677637100219727,19.708846065198237,19.427960854729655,19.505984775729928,6362899
2004-11-01,19.68543815612793,19.8336837479574,19.342133527820028,19.60741423982578,5372428
2004-11-02,19.86489486694336,20.176990566022912,19.4825774847155,19.4825774847155,8445717
2004-11-03,20.00533676147461,20.231606277516352,19.864893405510223,20.208199554373607,6032134
2004-11-04,20.535900115966797,20.59051731292665,20.036547627789226,20.07555883379342,6877547
2004-11-05,20.62173080444336,20.808989160030855,20.40326347720177,20.535904623840292,7302788
2004-11-08,20.317428588867188,20.52029134333793,20.255010672310345,20.403254732686516,5572225
2004-11-09,20.49688720703125,20.668539516296374,20.28622218644922,20.28622218644922,5872884
2004-11-10,20.80118179321289,20.957229630153098,20.567110037802582,20.598319001769045,7939483
2004-11-11,20.746562957763672,20.910413022743636,20.55930466310527,20.910413022743636,6623112
2004-11-12,20.91041374206543,21.035252609465513,20.652935275175874,20.71535320032204,5176381
2004-11-15,20.855792999267578,21.043051268495578,20.777769097560984,20.957225127473684,4972225
2004-11-16,20.699750900268555,20.879206979635562,20.613924735594786,20.715355383199416,5974557
2004-11-17,20.72315788269043,20.972834120179726,20.652936205185014,20.71535413314188,6225038
2004-11-18,20.574909210205078,20.82458541036134,20.535896502511502,20.65293311703852,6066194
2004-11-19,20.80118179321289,21.128881949076536,20.676342920239147,20.98843859411956,9298125
2004-11-22,21.214710235595703,21.238116960917388,20.676344993318306,20.8167883623566,6695084
2004-11-23,21.31614112854004,21.355153846405287,21.152291032325042,21.222512717639198,6170198
2004-11-24,21.331743240356445,21.417570908405864,21.2303125988716,21.378558194878497,3396249
2004-11-26,21.160091400146484,21.331743723021347,20.988439077271625,21.245917561583916,1487481
2004-11-29,21.1132755279541,21.40976518406638,20.832388843838064,21.33174127276235,5664369
2004-11-30,20.972835540771484,21.261524511342067,20.972835540771484,21.05085946455645,4970502
2004-12-01,21.59702491760254,21.675048834113486,21.035253020434503,21.043055261230208,7988140
2004-12-02,21.550207138061523,21.838896043857943,21.54240489828905,21.597022085250085,5921338
2004-12-03,21.35515022277832,21.651641397449605,21.284928549379657,21.47218533940686,5587126
2004-12-06,21.31614112854004,21.456584499168358,21.222512717639198,21.355153846405287,3898936
2004-12-07,21.144485473632812,21.44097665210481,21.058659318057323,21.253718351123293,5969488
2004-12-08,21.412134170532227,21.412134170532227,21.002784938383463,21.309797243003267,6281703
2004-12-09,21.742767333984375,21.758511246139843,21.372779310197785,21.412139090586457,7443994
2004-12-10,21.750638961791992,22.026163508487436,21.26256856013902,21.26256856013902,4061835
2004-12-13,21.829357147216797,21.876590398736962,21.71914825638047,21.75850803095307,5121034
2004-12-14,21.774255752563477,21.837232920535268,21.711278584591685,21.82935944275974,5528231
2004-12-15,21.727022171020508,21.81361520492376,21.632557181492707,21.648301092741807,6935124
2004-12-16,21.68766212463379,21.931697312075862,21.5931956142413,21.72702190226969,6128941
2004-12-17,21.545963287353516,21.845103677275844,21.530219376732997,21.69553348231468,8173948
2004-12-20,21.585325241088867,21.750639363344806,21.43575503104144,21.593197197193124,4614192
2004-12-21,21.63255500793457,21.76638128417195,21.482984822029973,21.54596198273186,4382159
2004-12-22,21.750638961791992,21.766384395743096,21.55383701875232,21.70340722603843,4294475
2004-12-23,21.719154357910156,21.790003494077425,21.664049135994844,21.695538486532225,2940699
2004-12-27,21.845104217529297,21.923825294611866,21.71914988538392,21.77425509595167,2946984
2004-12-28,22.034034729003906,22.034034729003906,21.7978714920189,21.860848659621542,3352053
2004-12-29,22.002548217773438,22.026164086269702,21.90020974355638,21.9474430025822,3597669
2004-12-30,21.94744110107422,22.0655219553584,21.94744110107422,22.02616217794139,3949012
2004-12-31,21.88446807861328,22.041910262156538,21.85298025071801,22.026166348208903,2451799
2005-01-03,21.923826217651367,22.246582495075312,21.892336872272676,21.892336872272676,5698936
2005-01-04,21.68766212463379,22.215092277153836,21.664044736019086,22.215092277153836,5893969
2005-01-05,21.569578170776367,21.8451026822176,21.56170621582468,21.8451026822176,5454638
2005-01-06,21.60106658935547,21.931696316656474,21.53809094799632,21.593194634185576,5606893
2005-01-07,21.388525009155273,21.679791974463757,21.294060006297567,21.64830414752232,6624430
2005-01-10,21.475112915039062,21.55383398558354,21.333414683652396,21.372775979941153,4510289
2005-01-11,21.42000961303711,21.601067634773443,21.341288535495245,21.38064983528276,7641967
2005-01-12,21.821487426757812,21.947441762353574,21.38065029623905,21.42788203056256,7918297
2005-01-13,21.845104217529297,21.94744116112669,21.750637707403687,21.94744116112669,6743436
2005-01-14,22.278072357177734,22.435514532379695,22.081270399191965,22.10488626886225,12502889
2005-01-18,22.62444496154785,22.71103800151728,22.238711498756782,22.285943235812855,9677344
2005-01-19,22.435508728027344,22.781882337080408,22.4040209099466,22.648056066171296,8632032
2005-01-20,22.451255798339844,22.600825999349716,22.23870995230113,22.356790808763392,5963811
2005-01-21,22.159988403320312,22.506360531755004,22.159988403320312,22.451255321491974,6256868
2005-01-24,22.002548217773438,22.25445538116679,21.96318691491304,22.159990385148443,6121439
2005-01-25,22.671676635742188,22.711037938546404,22.00254818637008,22.183606221982934,10043690
2005-01-26,22.498489379882812,22.758268485487484,22.285942008733603,22.758268485487484,7490623
2005-01-27,22.278072357177734,22.48274779375363,22.089142355748727,22.372537357892238,7241764
2005-01-28,22.222959518432617,22.341041870357348,22.010413720220647,22.19934365686081,7795540
2005-01-31,22.537851333618164,22.711037409039,22.396153082079934,22.51423394367296,6912722
2005-02-01,22.671676635742188,22.805502934429924,22.380408169904157,22.632316854971258,10887582
2005-02-02,22.69529151916504,22.750395206157222,22.57720914582984,22.742523250872622,7762088
2005-02-03,22.671676635742188,22.71890989470059,22.45125729732512,22.71890989470059,5205981
2005-02-04,23.073152542114258,23.112513842414746,22.569338248093704,22.64805932666149,9378814
2005-02-07,23.52185821533203,23.537602123338324,23.033787934939653,23.159740721022885,9398479
2005-02-08,23.490373611450195,23.608454459676942,23.31718755563332,23.521861431768507,6019159
2005-02-09,23.10464096069336,23.482502427080128,23.10464096069336,23.419525262343477,6622504
2005-02-10,23.10464096069336,23.277827022194298,23.00230249723388,23.246339200842538,5475418
2005-02-11,23.096769332885742,23.254211485943454,22.813372848568598,23.018048256356884,6097516
2005-02-14,23.13612937927246,23.175490679011347,22.82911702503518,23.018048524122136,5146680
2005-02-15,23.28569793701172,23.28569793701172,23.018046901382345,23.07315058628562,5094374
2005-02-16,23.08890151977539,23.222726308460512,23.04166825657078,23.222726308460512,4131069
2005-02-17,23.10464096069336,23.19910594678177,22.9471988098683,23.018047929942888,4824531
2005-02-18,22.8763484954834,23.12038366431853,22.8763484954834,23.112511709391566,5194425
2005-02-22,22.380407333374023,22.829117949590536,22.372535377514076,22.703165133798112,7571110
2005-02-23,22.553590774536133,22.703160952394224,22.120624149782085,22.380403211414745,6045109
2005-02-24,22.159988403320312,22.648058774126707,22.112755148518694,22.467000754447948,8553776
2005-02-25,21.9553165435791,22.43551503653238,21.65617609956666,22.12063067905263,10205170
2005-02-28,21.994672775268555,21.994672775268555,21.72702021993624,21.837230632849444,6596148
2005-03-01,22.419769287109375,22.443385155376433,21.963186701746622,22.01829191640303,7574962
2005-03-02,22.5850830078125,22.711037347065723,22.278070637661852,22.356791719186806,4694475
2005-03-03,22.490617752075195,22.648059913288815,22.36466341429101,22.585082744396722,6930056
2005-03-04,22.734649658203125,22.805498772694957,22.52210231472763,22.632312724840705,6135732
2005-03-07,22.797630310058594,22.829118133752402,22.632316191599603,22.726781184714277,4111911
2005-03-08,22.459131240844727,22.64019081451248,22.3804101503037,22.632318857661716,6433452
2005-03-09,22.026161193847656,22.45125438112465,21.797869928929227,22.341045487247825,9296300
2005-03-10,22.04190444946289,22.207218546384816,21.89233426233676,21.947439468655084,4978104
2005-03-11,21.719154357910156,22.207224831921582,21.624689350364957,22.136375695754314,6969184
2005-03-14,22.05765151977539,22.120628690015256,21.750639146635162,22.04190760772374,7984795
2005-03-15,22.51423454284668,22.80550300964535,22.278071291342343,22.278071291342343,10863457
2005-03-16,22.553590774536133,22.76613658767515,22.356787348184398,22.396148642267924,9857881
2005-03-17,22.333179473876953,22.742528859798295,22.29381816571328,22.71104103089415,6478763
2005-03-18,22.112756729125977,22.38828127810231,21.900209350375658,22.38828127810231,11746376
2005-03-21,22.183597564697266,22.348911623486917,21.96317831230017,22.215085377025698,4423213
2005-03-22,21.86872673034668,22.364669210082837,21.86872673034668,22.1048900333687,5136746
2005-03-23,21.86872673034668,22.06552872184822,21.8293654188262,21.971063705046134,5259807
2005-03-24,21.845104217529297,22.15998852585958,21.845104217529297,21.884463995054002,4841358
2005-03-28,22.175731658935547,22.3725335837215,21.971056256887696,21.986800167345276,5191181
2005-03-29,21.963186264038086,22.23871080979587,21.884465182683467,22.12062842674732,6244197
2005-03-30,22.317432403564453,22.396153486726526,22.018291983141918,22.041907851480556,4923771
2005-03-31,22.6165714263916,22.71103641594195,22.238709946157012,22.356790802586655,6443588
2005-04-01,22.498489379882812,22.74252457400233,22.443384167651562,22.663803494543348,5260720
2005-04-04,22.380407333374023,22.569338840112508,22.293814296881347,22.553594928392606,4672985
2005-04-05,22.466997146606445,22.56146211900696,22.285937633969805,22.33317088118652,4473898
2005-04-06,22.364665985107422,22.56934142702584,22.309562287771747,22.553597513501362,3758540
2005-04-07,22.592952728271484,22.600824683441754,22.317429731212762,22.364661462234377,4779726
2005-04-08,22.35679054260254,22.829117006894858,22.278069465220486,22.545722041539367,4549417
2005-04-11,22.14424705505371,22.404027721331573,22.08127139974604,22.348922500903928,4415915
2005-04-12,22.152118682861328,22.207222376650805,21.821488909957946,22.120629335805464,6181652
2005-04-13,21.80573844909668,22.27806481479339,21.80573844909668,22.065517493620014,4380639
2005-04-14,21.750638961791992,21.947442426864917,21.664045924210544,21.758510917750918,5631221
2005-04-15,21.545963287353516,21.845103677275844,21.51447394407936,21.69553348231468,7607197
2005-04-18,21.20745849609375,21.490854933933303,21.20745849609375,21.254691743077977,6055347
2005-04-19,21.372779846191406,21.48298875607681,21.13661659183699,21.13661659183699,6150938
2005-04-20,20.95555305480957,21.435751428669434,20.93980914524689,21.215333650725874,5368474
2005-04-21,21.782127380371094,21.84510454739475,21.026404420153586,21.10512549842486,7220578
2005-04-22,21.490856170654297,21.813612397860073,21.207459716506307,21.72701937509996,4962696
2005-04-25,21.412134170532227,21.585320208514442,21.294053334465413,21.52234305233011,4361683
2005-04-26,21.09724998474121,21.349157088318414,21.09724998474121,21.341285134022215,5807603
2005-04-27,21.128742218017578,21.17597547569987,20.86896310584807,21.018533312803218,5511100
2005-04-28,20.388763427734375,21.010660085755898,20.325786261979065,20.93981096453532,9948099
2005-04-29,20.78236961364746,20.78236961364746,20.239194011337776,20.506845073591396,8371313
2005-05-02,20.727262496948242,21.03427483187502,20.55407644186982,20.916193984151757,6490218
2005-05-03,20.664281845092773,20.821723963492857,20.483223865542524,20.72725899685937,7073492
2005-05-04,21.089380264282227,21.11299612967228,20.609181869152668,20.664285555062786,5219260
2005-05-05,21.026405334472656,21.2232087997253,20.96342816471048,21.01853337850654,4437608
2005-05-06,21.168102264404297,21.372777672845167,21.105125098573787,21.215335519285468,5810137
2005-05-09,21.301925659179688,21.39639063408249,21.215332638682707,21.215332638682707,5957932
2005-05-10,21.2153377532959,21.30980275097241,21.002790366998767,21.175976449744585,5368880
2005-05-11,20.99492073059082,21.868724719210388,20.664290919139148,21.238955969067746,10819260
2005-05-12,21.057893753051758,21.325546351591708,20.955556800568814,21.21533744292033,7838419
2005-05-13,21.254695892333984,21.333416971320037,21.065765911580733,21.183846769043214,7178104
2005-05-16,21.309803009033203,21.388524095055825,21.199592575381537,21.294059096235348,6104815
2005-05-17,21.475112915039062,21.56957789528583,21.183844497414587,21.2153338388522,6307755
2005-05-18,21.64830207824707,21.72702316010942,21.380651008728368,21.601068820316357,7473999
2005-05-19,21.994672775268555,22.057648414609762,21.76638151655754,21.797869336228143,6661227
2005-05-20,21.9080810546875,22.041907349626026,21.88446518688655,22.041907349626026,6157121
2005-05-23,21.68766212463379,21.90807992346116,21.671916691546265,21.86084819029808,8412671
2005-05-24,21.774255752563477,21.837232920535268,21.585324248648103,21.608941637908277,6050380
2005-05-25,21.766387939453125,21.84510903389195,21.49086334790048,21.57745639957984,6817841
2005-05-26,21.88446807861328,21.986805041306365,21.83723633677037,21.88446807861328,5110289
2005-05-27,21.94744110107422,22.041906088908195,21.82935872475688,21.85297611324024,3821997
2005-05-31,21.60106658935547,21.821485900211776,21.58532267901568,21.7899980795322,6227268
2005-06-01,21.71127700805664,21.892335021049202,21.53809095023479,21.656171799828563,5881804
2005-06-02,21.60106658935547,21.727020916139956,21.561706813506,21.71127700580017,5425038
2005-06-03,21.506603240966797,21.60106823222314,21.451499550586632,21.53022063030579,5510593
2005-06-06,21.317672729492188,21.616813129408968,21.301928818345658,21.467242929450578,6628180
2005-06-07,21.482988357543945,21.648302480321952,21.37277944970304,21.37277944970304,7212164
2005-06-08,21.57745361328125,21.74276773805241,21.538093832161117,21.569581657057224,5916168
2005-06-09,21.68766212463379,21.774255157465934,21.514474536936337,21.53021997002386,4983274
2005-06-10,21.664045333862305,21.813615537072607,21.018532786554598,21.687662723128756,6142220
2005-06-13,21.85297393798828,21.947438916419184,21.490856411631313,21.569577480662566,5971211
2005-06-14,21.758508682250977,22.034033200638643,21.72702086165037,21.92382430650343,6907957
2005-06-15,21.286182403564453,21.884463175808595,21.238950672302927,21.884463175808595,10490522
2005-06-16,21.08150863647461,21.41213684520118,21.073636681222368,21.309799904888933,6875013
2005-06-17,21.018531799316406,21.396393267466262,20.939810723536567,21.396393267466262,9602433
2005-06-20,20.93194007873535,21.018533115311552,20.79024182905312,20.884706821496863,5527319
2005-06-21,21.042144775390625,21.168099088152328,20.91619198466185,21.002785003923172,3888697
2005-06-22,21.010658264160156,21.254693428525453,20.9398091490821,21.175972358664616,4638824
2005-06-23,20.68003273010254,21.097253997318926,20.66428729648252,20.994917049971484,4407501
2005-06-24,20.49897003173828,20.695773462440375,20.2155751006108,20.475354167985902,6235986
2005-06-27,20.176212310791016,20.585561529001577,20.05025952474393,20.498968512958932,6917587
2005-06-28,20.357280731201172,20.506850977947494,20.231327880595714,20.278559628810143,6326711
2005-06-29,20.018774032592773,20.341530296766663,19.971542299513565,20.27855313062789,8079473
2005-06-30,19.821969985961914,20.27067901250903,19.77473673588869,20.21557532979544,7739584
2005-07-01,19.751123428344727,20.06600774416843,19.648784960278785,19.853460374377473,5244805
2005-07-05,19.71176528930664,19.877079429424548,19.577938977007975,19.743254639159325,5697314
2005-07-06,19.51495933532715,19.727505173760214,19.483469991906343,19.625168232217142,7361987
2005-07-07,19.2473087310791,19.412622854313774,19.168587647537198,19.263052643380828,10409225
2005-07-08,19.680273056030273,19.884946935105695,19.192202701886607,19.21581856746459,10447238
2005-07-11,19.821969985961914,20.050261237588657,19.703887621795356,19.95579473744221,8896706
2005-07-12,20.003034591674805,20.247069833218447,19.719638041735863,19.87708023125005,10275824
2005-07-13,20.23919677734375,20.373023087776645,19.995161549046568,20.144731773169585,7599797
2005-07-14,20.727262496948242,20.8610887767966,20.34940104457428,20.404506251929437,12597770
2005-07-15,20.766626358032227,20.837475484226353,20.664287885733344,20.782370270067975,7714242
2005-07-18,20.5068416595459,20.821725926025184,20.475353841711154,20.72726095048799,7284744
2005-07-19,20.2785587310791,20.569827253641563,20.160477843736818,20.483234197048265,8686569
2005-07-20,20.333654403686523,20.36514374167465,20.121107079889928,20.286422679753635,6153573
2005-07-21,20.12110710144043,20.349398333459163,20.073875377456954,20.349398333459163,5524278
2005-07-22,20.333654403686523,20.357270265652968,20.081747309945854,20.097491217923483,4499341
2005-07-25,20.184091567993164,20.412382882720095,20.144731783747186,20.33366179219472,3796959
2005-07-26,20.373023986816406,20.585569875079344,20.1998363624822,20.247069627670342,6003041
2005-07-27,20.333654403686523,20.61705083541532,20.160468371866866,20.61705083541532,5697922
2005-07-28,20.428123474121094,20.554077807290668,20.231321540830955,20.231321540830955,4331576
2005-07-29,20.184091567993164,20.451744188999495,20.17621961114397,20.380895055323315,3809529
2005-08-01,20.16047477722168,20.30217303810623,20.089625646779403,20.18409064669132,5378510
2005-08-02,20.12110710144043,20.19195620944851,20.034514085437856,20.136852531467788,4827369
2005-08-03,20.286428451538086,20.585567354321018,20.089624979725663,20.207707367219776,7814597
2005-08-04,20.168346405029297,20.333660532689372,20.12111314482642,20.270683359763314,4038925
2005-08-05,20.058134078979492,20.14472710624762,19.916435844528717,20.07387798902223,3974252
2005-08-08,20.003034591674805,20.278557662307882,19.90856958237299,20.03452242076424,4148910
2005-08-09,20.577693939208984,20.672160451320263,20.18408854552263,20.18408854552263,10838824
2005-08-10,20.050268173217773,20.428128216377893,19.89282598122321,20.152605141404177,12615408
2005-08-11,20.373023986816406,20.388767901201295,19.995162431411703,19.995162431411703,8425342
2005-08-12,20.2785587310791,20.373025267393228,20.089628702518016,20.333663956923413,6488596
2005-08-15,20.6013126373291,20.672161764897954,20.247066999484844,20.349403951736168,9071870
2005-08-16,20.67215919494629,20.7508802688992,20.530460957424435,20.624925941761305,8494171
2005-08-17,20.69577407836914,20.837472309166465,20.5225880282982,20.601309098515266,5834161
2005-08-18,20.53046226501465,20.6721605115613,20.47535705312802,20.601311388287975,6346275
2005-08-19,20.443870544433594,20.624928581084927,20.404509241403616,20.546207497058266,5775773
2005-08-22,20.25493621826172,20.443867706922898,20.07387820674037,20.396634454249334,9462848
2005-08-23,20.310043334960938,20.349403114194057,20.11323987269567,20.176217041501886,7162494
2005-08-24,19.995162963867188,20.310047348083984,19.995162963867188,20.23919820943185,7804055
2005-08-25,19.837717056274414,20.066008344277368,19.798355754602685,20.066008344277368,7690928
2005-08-26,19.94005012512207,20.05813248512571,19.80622385632673,19.877072967922324,6527217
2005-08-29,19.95579719543457,20.04239022954047,19.75899526029385,19.782611127222772,6098429
2005-08-30,19.908565521240234,19.96366921090619,19.78261118650881,19.790483142175372,10779422
2005-08-31,19.82984733581543,19.877079076706167,19.617299935706868,19.877079076706167,9612266
2005-09-01,19.436241149902344,19.81410267290632,19.40475180179922,19.75112549873343,10264774
2005-09-02,19.49134063720703,19.62516691317622,19.32602654196652,19.43623695348221,6454131
2005-09-06,19.814102172851562,19.884949779720536,19.522833700923634,19.522833700923634,7265180
2005-09-07,19.85346221923828,19.947927218356806,19.703892003120057,19.71176395954382,7044197
2005-09-08,19.640913009643555,19.798355167595943,19.601553231172055,19.71176213292545,9233857
2005-09-09,19.71176528930664,19.916440736232044,19.554323106143546,19.640916154679903,8595033
2005-09-12,19.774736404418945,19.806224222584618,19.609422314983206,19.73537663171185,5971110
2005-09-13,19.530704498291016,19.78261165164359,19.51496058658771,19.774739695791936,5969691
2005-09-14,18.97965431213379,19.6645280749016,18.774978922169943,19.530701799847044,13312620
2005-09-15,18.893064498901367,18.979657538056713,18.81434341584803,18.90880841110538,14430917
2005-09-16,18.97965431213379,19.081991246099204,18.908805197224495,18.971782357369758,11912722
2005-09-19,18.814342498779297,18.94029531230535,18.735621419563063,18.89306357799553,8084237
2005-09-20,18.69626235961914,19.034764106240416,18.68839040295741,18.814344753611845,10527724
2005-09-21,18.365629196166992,18.633280217421117,18.357757241603604,18.570304580914012,11679878
2005-09-22,18.286914825439453,18.381379836827573,18.027135663613734,18.286914825439453,11440142
2005-09-23,18.279037475585938,18.326269206329634,18.082234031387944,18.20031640231336,10055449
2005-09-26,18.310523986816406,18.45222221298176,18.208187055489418,18.420734394737448,7323872
2005-09-27,18.389245986938477,18.491584445487803,18.18457211390594,18.342014257176995,8805271
2005-09-28,18.39712142944336,18.554563602560748,18.27904056062199,18.373505560085754,8470552
2005-09-29,18.861574172973633,18.893063517779684,18.326270531602724,18.397119654874846,11694475
2005-09-30,18.99540138244629,19.1685874601387,18.908808343600082,18.92455225574789,8197162
2005-10-03,18.900938034057617,19.066252170077256,18.86157672822592,18.995403037206927,5863254
2005-10-04,19.33390235900879,19.680276050351615,18.940296929323758,19.381135619384324,15716168
2005-10-05,19.074121475219727,19.341772533940425,19.0662495195544,19.20794776559667,9093360
2005-10-06,18.963909149169922,19.36538642576458,18.83008288296073,19.08986193910247,9974252
2005-10-07,18.971786499023438,19.042635629399516,18.908809325129884,18.971786499023438,5812570
2005-10-10,18.798595428466797,18.98752691535492,18.767107608335312,18.92454975305888,6800811
2005-10-11,18.71200180053711,18.963910441636624,18.656898117075485,18.75136309647129,8460314
2005-10-12,18.37350082397461,18.861571130422654,18.263291940014163,18.696257043465508,12674911
2005-10-13,18.444353103637695,18.467968970963902,18.168828563365782,18.223933775826808,8466700
2005-10-14,18.41286849975586,18.530949379064808,18.263298269806644,18.428612414059256,6541510
2005-10-17,18.49159049987793,18.53882224510371,18.208193940389044,18.294786995336526,7324886
2005-10-18,18.41286849975586,18.530949379064808,18.255424790621465,18.49158959330632,9321541
2005-10-19,18.452226638793945,18.48371446459069,18.027133380371193,18.27904055284517,8650177
2005-10-20,18.074363708496094,18.45222519873444,18.019258495619003,18.365632162517997,7724480
2005-10-21,18.090112686157227,18.412870575937475,18.02713702184269,18.184579226696332,8882311
2005-10-24,18.342016220092773,18.381375999106194,18.082235590471335,18.09010754627402,8425241
2005-10-25,18.51520347595215,18.586052604740654,18.22393500449199,18.239678917104257,8796959
2005-10-26,18.56243324279785,18.774980606594724,18.491585643565383,18.53881737638703,6936138
2005-10-27,18.43647575378418,18.735616073860893,18.381370557445635,18.70412673793911,6264166
2005-10-28,18.75136947631836,18.893067754639105,18.499462271544555,18.523078143920166,8803447
2005-10-31,19.1843318939209,19.28667036973083,18.87731951055773,18.893064945166934,10385910
2005-11-01,19.41261863708496,19.530700997762057,19.113479802237755,19.113479802237755,12009630
2005-11-02,19.538578033447266,19.577937815886983,19.33390259866068,19.365391946645804,7455449
2005-11-03,19.601558685302734,19.680279786183064,19.38901125631576,19.664535870413722,9572833
2005-11-04,19.530704498291016,19.71963448279714,19.357518425488195,19.680274703538874,6894273
2005-11-07,19.806228637695312,19.837717984913418,19.577937339005636,19.680275814922833,7903903
2005-11-08,19.806228637695312,19.884949722690603,19.735381031029533,19.814102116024824,7530765
2005-11-09,20.01090431213379,20.10536931087633,19.806228879830506,19.806228879830506,8767968
2005-11-10,20.23919677734375,20.31004591098273,19.987289592201506,19.995161549046568,7589356
2005-11-11,20.357280731201172,20.467491187768804,20.1762226523119,20.239199838631453,8285251
2005-11-14,20.475357055664062,20.617055302228263,20.27068164151208,20.310042942016892,10538773
2005-11-15,20.51471710205078,20.55407687811623,20.231320626247143,20.41237864021441,10909072
2005-11-16,20.349403381347656,20.593440103929687,20.160473394481905,20.483229676563628,8954688
2005-11-17,20.459611892700195,20.546204922073787,20.231320625430502,20.26280844628159,9867207
2005-11-18,19.837717056274414,20.215578550970104,19.696018805509375,20.073880300205065,20652813
2005-11-21,19.71963119506836,19.81409769360485,19.491339947332293,19.71963119506836,9386619
2005-11-22,19.63304328918457,19.680276550761107,19.467729156716757,19.617299376003515,9305626
2005-11-23,19.64879035949707,19.7983606028165,19.609430570220177,19.782616687105744,7699037
2005-11-25,19.71963119506836,19.829841602683274,19.64878208218248,19.696015331450724,2120324
2005-11-28,19.69601058959961,19.83770878125727,19.55431239794195,19.829836828613246,5972022
2005-11-29,19.74325180053711,19.869204615738425,19.68027463191984,19.727506366857877,7616827
2005-11-30,19.62516975402832,19.758996049369603,19.522832804549648,19.758996049369603,9724785
2005-12-01,19.64879035949707,19.766872771394986,19.601558612364794,19.719639502229096,7982666
2005-12-02,19.5858097076416,19.68027469987709,19.538576450507247,19.59368166349179,5777800
2005-12-05,19.688148498535156,19.72750828147017,19.530706322728374,19.538578279315374,9765433
2005-12-06,20.089622497558594,20.136855751127012,19.71963299036649,19.798354064958442,10446224
2005-12-07,20.207706451416016,20.231322319031257,19.940053863643673,20.073880157529846,8543943
2005-12-08,19.92925262451172,20.29521948483981,19.865606013383488,20.15201499435437,7986011
2005-12-09,20.040637969970703,20.08837178273552,19.913344726172696,19.95312444168929,5618855
2005-12-12,20.008811950683594,20.247485606013445,20.008811950683594,20.120193912764982,4490623
2005-12-13,19.992900848388672,20.112238446157143,19.921298597370082,19.969033944119957,6894678
2005-12-14,19.88947105407715,19.992895818098624,19.762177853579903,19.929249217850003,8764116
2005-12-15,19.6826229095459,19.961076250138213,19.65875600773934,19.889474006506255,8148403
2005-12-16,19.650806427001953,19.817877867536804,19.523513168397894,19.809922231150647,16276939
2005-12-19,19.523508071899414,19.77013735012747,19.348481040668194,19.348481040668194,6916675
2005-12-20,19.308700561523438,19.634889246272575,19.268922391561528,19.507596025969875,9194222
2005-12-21,19.173452377319336,19.396214733656848,19.054114796412293,19.308699687278498,7954688
2005-12-22,19.245054244995117,19.26096551195089,19.06207006036714,19.189363272437717,6688191
2005-12-23,19.308700561523438,19.39621561186423,19.05411565913033,19.05411565913033,3355195
2005-12-27,19.205276489257812,19.412127595320527,19.173453952115405,19.364392251394563,4646325
2005-12-28,19.197328567504883,19.332577481121117,19.18141729254132,19.18141729254132,4596148
2005-12-29,19.229145050048828,19.316660111160694,19.173455605248076,19.23710222323285,4937354
2005-12-30,19.070026397705078,19.245054955315336,19.05411513016203,19.21323088201699,7336036
2006-01-03,19.412126541137695,19.47577315017851,19.093895034145877,19.157540104974426,9789559
2006-01-04,19.0859432220459,19.64284847079583,18.910914627583004,19.491688320885306,13337658
2006-01-05,19.420085906982422,19.642848312327782,19.173456595489814,19.19732350163706,8816219
2006-01-06,19.6826229095459,19.72240261743578,19.443949276843465,19.61102066591394,6500253
2006-01-09,19.88947105407715,19.91333795234086,19.666708722312997,19.770133486334473,6680487
2006-01-10,20.144060134887695,20.15201576930812,19.889475218796928,19.905386487637777,11957628
2006-01-11,20.33499526977539,20.517979447578476,20.08836602652303,20.19179233430238,12363406
2006-01-12,20.398645401000977,20.51798299577985,20.30317624810532,20.406601035557912,10032438
2006-01-13,20.44637680053711,20.47819933262332,20.28726106368185,20.37477456513103,8184085
2006-01-17,20.191789627075195,20.54979922507556,20.191789627075195,20.54979922507556,9454435
2006-01-18,20.048593521118164,20.167929590740926,19.88152210071875,20.072460427400202,8039027
2006-01-19,20.875991821289062,20.923727164825376,19.8178724731805,19.8178724731805,26900051
2006-01-20,20.462291717529297,21.08284350962811,20.366822566024645,20.76461197913768,19239838
2006-01-23,20.303176879882812,20.525939269046017,20.0883701255241,20.486159556811092,11466295
2006-01-24,20.67709732055664,20.788477734794377,20.366821441636585,20.366821441636585,22468525
2006-01-25,20.23952865600586,20.844169158832337,20.167926410238916,20.836213524659602,33507755
2006-01-26,19.953123092651367,20.35091252985973,19.80991858761386,20.287265912263894,32957324
2006-01-27,19.953123092651367,20.11223886753471,19.881520840132612,20.016768172034723,11889407
2006-01-30,20.25543975830078,20.350910444015607,20.032678926865707,20.06450146329577,20834364
2006-01-31,20.136104583740234,20.295220349231535,20.072457969901237,20.28726471477821,16210846
2006-02-01,20.104284286499023,20.159973733878758,20.008813585994364,20.008813585994364,12136746
2006-02-02,19.969030380249023,20.024721351815973,19.889472508672878,20.00880854693101,10782463
2006-02-03,19.89743423461914,19.976992130555974,19.809920702909885,19.87356732730188,12187836
2006-02-06,19.85765266418457,20.167928583200737,19.85765266418457,20.04859251953971,12514344
2006-02-07,21.24195671081543,21.38516118989278,20.287262234582673,20.34295320715991,48682615
2006-02-08,21.401071548461914,21.512451950676525,21.162397939534493,21.21013327660483,24842879
2006-02-09,21.25787353515625,21.369255509428964,21.1385374635356,21.369255509428964,14052205
2006-02-10,21.226051330566406,21.289697954275756,21.058979904712253,21.170360342544146,10365535
2006-02-13,21.011241912841797,21.28969527975979,20.8839486814143,21.22604866404604,9759250
2006-02-14,21.281740188598633,21.281740188598633,21.074890590060857,21.130581576534524,12130461
2006-02-15,21.38516616821289,21.409033074211102,21.178315034924054,21.281739832462193,12259605
2006-02-16,21.52041244506836,21.56019061692581,21.321516971144014,21.40107485307128,11117283
2006-02-17,21.40903091430664,21.631793295787002,21.345384299853336,21.52041287415302,8212671
2006-02-21,21.607919692993164,21.703388815968186,21.09079284137626,21.09079284137626,10791384
2006-02-22,21.846601486206055,21.918203739920443,21.599972184839835,21.663617265285957,11107349
2006-02-23,22.045494079589844,22.101185059758514,21.774997889736476,21.84660013903551,13015712
2006-02-24,22.260299682617188,22.2682553167732,21.965935065995343,22.045492945767812,11974557
2006-02-27,22.578535079956055,22.666048608916487,22.26030350620446,22.27621477724952,14870958
2006-02-28,22.268259048461914,22.642181607517735,22.133010168720165,22.642181607517735,11006994
2006-03-01,22.347816467285156,22.419418723381042,22.220523225734127,22.27621421118927,9220476
2006-03-02,22.300079345703125,22.331903422669154,22.069362863314662,22.276212441637924,9710492
2006-03-03,22.451236724853516,22.62626528114723,22.20460746515467,22.228475904501956,7980132
2006-03-06,22.180740356445312,22.451236514747816,22.180740356445312,22.395547079287205,7479676
2006-03-07,22.28416633605957,22.323946044607432,22.077316773890082,22.125050578292747,7846427
2006-03-08,22.315990447998047,22.395548327015,22.204608494446926,22.268255105302952,7360061
2006-03-09,22.347816467285156,22.49102097947693,22.14096533431787,22.379639008566638,7101368
2006-03-10,22.403507232666016,22.51488766426964,22.22848018091209,22.308038071546832,8194323
2006-03-13,22.721738815307617,22.76947262680317,22.4035072524871,22.491020778441488,10551749
2006-03-14,22.80129623413086,22.80129623413086,22.6103563774626,22.642180456013566,5684237
2006-03-15,22.87289810180664,22.952455989521642,22.713782326376638,22.7535605011279,6735834
2006-03-16,22.817203521728516,22.9524523709853,22.681954672471736,22.920628297988987,6096706
2006-03-17,22.78538703918457,22.912678750344238,22.705829142880035,22.90472311453505,8086265
2006-03-20,22.78538703918457,22.920634386153427,22.68991633304901,22.817209582421324,6354486
2006-03-21,22.355770111083984,22.777427974776334,22.30803630341404,22.72969262889397,7787633
2006-03-22,22.10914421081543,22.435331432718026,22.077321667493287,22.363729172030546,13208718
2006-03-23,21.894332885742188,22.196653137422594,21.806819371552436,22.196653137422594,12652509
2006-03-24,21.838647842407227,22.021630541799265,21.759089946382954,21.87047038553188,7011556
2006-03-27,21.75112533569336,21.910241073340337,21.71930280344881,21.798860672272298,8442271
2006-03-28,21.55223274230957,21.83068453100517,21.528365841675946,21.806817630371544,13007299
2006-03-29,22.164831161499023,22.371680731831116,21.6079259873388,21.655659793625112,13031323
2006-03-30,22.17278480529785,22.347811822392522,21.99775778820318,22.021624689203662,7445413
2006-03-31,22.18869972229004,22.31599295832129,22.02958394635722,22.15687718238847,8013989
2006-04-03,22.22847557067871,22.331900345589595,22.12504925755561,22.172784597321055,7124075
2006-04-04,22.204612731933594,22.4751104951399,22.101187930937854,22.16483455394008,7559655
2006-04-05,22.10914421081543,22.22848182469878,21.981850961101546,22.172790835672373,7691840
2006-04-06,22.02162742614746,22.140963484193712,21.782953771842536,22.02162742614746,6580841
2006-04-07,21.90229034423828,22.276212872894188,21.774998648547147,22.07731892540884,6067917
2006-04-10,22.10914421081543,22.276215639681997,21.918205874457257,21.918205874457257,6749823
2006-04-11,22.09322738647461,22.31598974838083,21.973889802584317,22.125049921798816,5957121
2006-04-12,22.212560653686523,22.276207254585934,22.061400553379944,22.093224622935686,4979828
2006-04-13,22.180740356445312,22.2762094983043,22.093226848223555,22.133005016409705,3667005
2006-04-17,21.997760772705078,22.196654717784764,21.918202887030713,22.196654717784764,5925900
2006-04-18,22.347816467285156,22.427374358701414,22.037540536940504,22.069364616434537,7355499
2006-04-19,21.862510681152344,22.355769237065225,21.85455504685172,22.347813602764603,7730765
2006-04-20,21.75112533569336,21.910241073340337,21.711347170387672,21.846596008851236,8012063
2006-04-21,21.49654197692871,21.91024261630203,21.409028468881214,21.91024261630203,7737760
2006-04-24,21.695438385009766,21.751127822805483,21.281736189253547,21.329471531290736,6906842
2006-04-25,21.480636596679688,21.910248621035464,21.37721179304476,21.822735089003967,8157628
2006-04-26,21.63974380493164,21.830682064855317,21.4647168102996,21.480628075591234,6620476
2006-04-27,22.08527183532715,22.15687407828694,21.480631356205492,21.480631356205492,9712823
2006-04-28,22.244388580322266,22.395548706839353,21.99775930500816,22.0454931103005,11729042
2006-05-01,22.013671875,22.41941693503631,21.981847798044498,22.284168068953395,8388444
2006-05-02,22.18869972229004,22.300080150158017,22.101186199348238,22.19665535726543,6899240
2006-05-03,22.36372184753418,22.40350155187099,22.18869484016138,22.23643017772312,8559351
2006-05-04,22.594444274902344,22.618311179276915,22.40350596348086,22.40350596348086,7910492
2006-05-05,23.14339256286621,23.191127907187408,22.6740009068552,22.6740009068552,52736138
2006-05-08,22.888809204101562,23.3263768142237,22.761515969404684,23.310465544439705,27962190
2006-05-09,23.533220291137695,23.549131555752812,22.896757400837238,22.95244836520212,18452103
2006-05-10,23.95488166809082,24.01852827850917,23.533225373664248,23.708252398655482,21400405
2006-05-11,23.708251953125,23.81963390381707,23.485491128165396,23.74803166071853,14666194
2006-05-12,23.787811279296875,23.85145789239663,23.557093268192986,23.70825339747527,12967461
2006-05-15,23.85940933227539,23.867364965237712,23.644604165868444,23.668471064755416,11148099
2006-05-16,24.145822525024414,24.22538040687378,23.76394438450501,23.84350226635437,14396553
2006-05-17,23.676429748535156,24.10604167491863,23.588916236460975,24.09013040694374,15452610
2006-05-18,23.549135208129883,23.811677267846427,23.214992446540325,23.67642842121743,13824126
2006-05-19,23.986703872680664,24.1855977842457,23.573003244527154,23.62869267836654,14111404
2006-05-22,23.867372512817383,24.121959000968033,23.748036442432777,23.946930405811315,12137658
2006-05-23,24.05034637451172,24.225373355995636,23.82758406252677,23.94692008146147,10522352
2006-05-24,23.978748321533203,24.14581970004886,23.851455110182133,24.113995628105002,12651799
2006-05-25,23.986703872680664,24.12990835040631,23.87532192857752,24.10603991197725,8432945
2006-05-26,24.273115158081055,24.289026426419614,24.066264055042804,24.12991066660937,7595438
2006-05-30,24.026485443115234,24.241292190131574,23.99466290498499,24.233336555599013,8308971
2006-05-31,24.26515769958496,24.273114871872746,23.970794624155523,24.145821650240553,14483122
2006-06-01,24.360631942749023,24.440189833335378,24.20151616157632,24.265161243475372,10212367
2006-06-02,24.360631942749023,24.416321389410697,24.225383067288462,24.352676307511643,8780132
2006-06-05,24.45610237121582,24.654996338882857,24.22538432273748,24.36063320520714,10158236
2006-06-06,24.28902816772461,24.647037883857575,24.16969057020533,24.575435632988494,16524480
2006-06-07,24.384492874145508,24.68681309194628,24.201510232092264,24.28902373647478,13680385
2006-06-08,23.763940811157227,24.24924366364284,23.628691970886766,24.22537676414057,20901774
2006-06-09,23.334333419799805,23.867370173874058,23.270686803999354,23.803725096286037,15250988
2006-06-12,22.992233276367188,23.079746795652877,22.5148859685112,22.594443853153866,19011556
2006-06-13,22.49897575378418,22.856987020562876,22.451240405476188,22.689914070591154,13736036
2006-06-14,22.825166702270508,22.91268024007416,22.236438846624267,22.276217028256497,15075621
2006-06-15,23.222946166992188,23.27068150252067,22.67399673036903,22.785378667198124,11960365
2006-06-16,23.42979621887207,23.50139844994834,23.11156476440511,23.38206088541722,12722048
2006-06-19,23.127479553222656,23.429799788670625,23.071788578742176,23.413888521165415,12419159
2006-06-20,23.254772186279297,23.34228569357468,23.000185759733952,23.087699267029333,13811556
2006-06-21,23.175216674804688,23.668475234643154,23.103614427316863,23.207039212260447,11726812
2006-06-22,23.294551849365234,23.477534509255015,23.127480457602857,23.175215800197382,9550735
2006-06-23,23.167255401611328,23.29454860532813,22.960405868336643,23.23090200346973,8750025
2006-06-26,23.604829788208008,23.66847640447768,23.11952683874697,23.127482473504124,9528434
2006-06-27,23.397972106933594,23.58891190218547,23.32636987599064,23.533220936293837,9016118
2006-06-28,23.374107360839844,23.580958440182766,23.26272695701652,23.397974260613665,8398277
2006-06-29,23.771896362304688,23.92305646838845,23.461620516997193,23.533222753469087,11240851
2006-06-30,23.867372512817383,24.002621392370845,23.72416953599837,23.77190334886718,12560568
2006-07-03,23.883277893066406,24.113994326592884,23.835542556833143,24.018525192338462,5875215
2006-07-05,23.923059463500977,24.225379713518304,23.628694847619652,23.72416553367631,11341814
2006-07-06,23.899194717407227,24.225381899262924,23.81963683065675,23.915105987114828,10917993
2006-07-07,23.732120513916016,23.93101443826052,23.604827294822694,23.7878099513336,9477344
2006-07-10,23.803722381591797,24.13786515367133,23.748031406841122,23.98670503521397,11878256
2006-07-11,24.066265106201172,24.082176375234695,23.732122303647543,23.787811745264882,10149214
2006-07-12,23.79576301574707,24.10603885784723,23.716205146957595,24.066260692558554,8530157
2006-07-13,22.833118438720703,23.33433420916883,22.634224488104966,23.310465766053454,17884440
2006-07-14,22.666044235229492,22.83311562538938,22.395548065021174,22.713779577366157,10685150
2006-07-17,22.75356101989746,22.75356101989746,22.395551286123755,22.403506921255392,10588444
2006-07-18,23.151348114013672,23.183172189517553,22.53079633113018,22.650133922398094,10974962
2006-07-19,23.278640747070312,23.501403117077835,23.03201147470166,23.103613719997377,11712114
2006-07-20,23.167255401611328,23.668471045310653,23.167255401611328,23.26272607350498,9347795
2006-07-21,22.650131225585938,23.063831852180687,22.618307153871157,23.0001852469633,11008414
2006-07-24,23.366153717041016,23.397976252782236,22.66604408682356,22.721735062582987,9340294
2006-07-25,23.45366668701172,23.565048635958828,23.039966040866485,23.230904327329746,8081196
2006-07-26,23.342283248901367,23.588912477851625,23.246812579839546,23.429796747031325,8281703
2006-07-27,23.238862991333008,23.58096297832213,23.20704045217702,23.58096297832213,10630005
2006-07-28,23.628692626953125,23.70029486566015,23.278638605018493,23.374107743890466,14853827
2006-07-31,23.62073516845703,23.65255923776352,23.39001720338625,23.509354771414472,9415915
2006-08-01,23.350238800048828,23.66847026057771,23.32637036376073,23.58891239544549,9992701
2006-08-02,23.708251953125,23.803722636064567,23.318418202127287,23.334331008092065,8592195
2006-08-03,23.899194717407227,23.946928526530034,23.382067684422914,23.47753684088099,8253523
2006-08-04,23.787811279296875,23.9628398498743,23.54913763383206,23.931015774218235,10043082
2006-08-07,23.382062911987305,23.787807897778208,23.214991537732942,23.787807897778208,10644703
2006-08-08,23.05588150024414,23.620742366793987,22.888810084659855,23.46958222160582,12581450
2006-08-09,22.93654441833496,23.907150328065956,22.9047203407395,23.867370615624747,18942828
2006-08-10,23.533220291137695,23.652557852175015,22.82515517185724,22.87289050391456,17259605
2006-08-11,23.413890838623047,23.61278477854876,23.246817898645077,23.565050971308544,6915459
2006-08-14,23.485490798950195,23.708251620787177,23.421844190620092,23.493446432714926,8793817
2006-08-15,23.580955505371094,23.67642463079675,23.453662312662242,23.5889111376389,7611049
2006-08-16,23.636648178100586,23.676427883115934,23.517312139478875,23.636648178100586,9914242
2006-08-17,23.787811279296875,23.86736916111848,23.517315096388366,23.54913763383206,6190775
2006-08-18,23.79576301574707,23.843498352305602,23.58095784676397,23.843498352305602,6821490
2006-08-21,23.843502044677734,23.843502044677734,23.61278403563837,23.787811066437236,6809934
2006-08-22,23.580955505371094,23.907142581199064,23.477529209465665,23.843495984844637,14945869
2006-08-23,23.222946166992188,23.708249002314734,23.07974169861883,23.565046072153457,9195236
2006-08-24,23.032012939453125,23.318420400638125,22.928586612886047,23.20703997765714,10489711
2006-08-25,23.032012939453125,23.12748209318146,22.833117459157712,22.912675343633392,5944045
2006-08-28,23.366153717041016,23.429800326735744,23.00814249889084,23.016099671038432,5185200
2006-08-29,23.159299850463867,23.493444126847788,23.07178634942897,23.390017821633005,9098733
2006-08-30,23.525266647338867,23.55708917925895,23.254770511381867,23.254770511381867,7928028
2006-08-31,23.58891487121582,23.63664867237782,23.31841717844901,23.469577291886417,5312418
2006-09-01,23.779850006103516,23.867363501534275,23.588911750293132,23.724160578782488,6010948
2006-09-05,23.748029708862305,23.89918981651175,23.66847183842639,23.724162809195175,5984187
2006-09-06,23.557092666625977,23.68438588957486,23.52527012999492,23.644607718786038,4957729
2006-09-07,23.461618423461914,23.620734148487376,23.310458330866524,23.405927458239404,6719716
2006-09-08,23.533220291137695,23.907142700652805,23.469573694465257,23.907142700652805,7524278
2006-09-11,23.684383392333984,23.732118730459764,23.390018806684694,23.390018806684694,6632337
2006-09-12,24.034439086914062,24.09013006224159,23.596871532804236,23.668473775878986,12782362
2006-09-13,24.225379943847656,24.27311528732984,23.86736871326211,24.066264183190157,10920527
2006-09-14,24.177642822265625,24.193555627730966,23.907146664325946,24.08217368053469,5863153
2006-09-15,24.113994598388672,24.32880130654135,23.96283603140581,24.265154703583654,17190370
2006-09-18,23.915103912353516,24.129910649407915,23.85941293499593,23.96283925554749,6675013
2006-09-19,24.241291046142578,24.352673000766917,23.915103892851334,23.96283923600638,7702382
2006-09-20,24.686819076538086,24.702730346971734,24.34471907115202,24.352676244581374,11413583
2006-09-21,24.432228088378906,24.766370837640665,24.27311234699596,24.58338665830177,9315661
2006-09-22,23.93101692199707,24.424275505306202,23.867370305844698,24.32085071544137,11380132
2006-09-25,23.994661331176758,24.185599623859382,23.66051854987601,24.098086111528822,8469944
2006-09-26,24.718639373779297,24.74250627726345,24.074220674008018,24.082176308502735,13983071
2006-09-27,24.694772720336914,25.028915525347923,24.583390759858307,24.591347932645984,13151343
2006-09-28,24.607261657714844,24.84593533343093,24.519748130440203,24.662951105299804,9662240
2006-09-29,24.591346740722656,24.901622626969026,24.527700128992983,24.623169277481328,8328434
2006-10-02,24.28902816772461,24.678861961028524,24.185601839684583,24.495877747379787,6693462
2006-10-03,24.66295051574707,24.70273022985512,24.249249795370964,24.249249795370964,8015104
2006-10-04,24.814105987548828,24.877752595208182,24.503830121145192,24.543609827761877,10070248
2006-10-05,24.718639373779297,24.79024162244415,24.615214587135572,24.710683739284576,5071972
2006-10-06,24.933446884155273,24.973225057848335,24.55156872563967,24.718640131575413,7449671
2006-10-09,24.973222732543945,25.132338488925505,24.845931050366076,24.90162202656331,5295692
2006-10-10,24.861839294433594,24.973219695068646,24.710679190435382,24.901618997796756,6374455
2006-10-11,24.90958023071289,24.98118248229369,24.782286997188706,24.82206517128223,4519311
2006-10-12,24.901622772216797,25.00504755549807,24.75841827954282,24.941400943397156,5928637
2006-10-13,24.75046157836914,24.853886357192003,24.487919507047014,24.806151015620994,5464470
2006-10-16,24.678861618041992,24.774330771803125,24.59134809890992,24.70272852192917,4522352
2006-10-17,24.74250602722168,24.837976716618275,24.639081241623146,24.678860951907122,6750836
2006-10-18,25.124385833740234,25.132341468681325,24.822065553128933,24.84593399616468,12997364
2006-10-19,25.132335662841797,25.25962886891808,24.981177095667878,25.012999628080888,6277952
2006-10-20,25.020957946777344,25.291454115957663,24.95731133690777,25.25963158012902,8245616
2006-10-23,24.885713577270508,24.925493292436556,24.710686522250047,24.822066955932367,8408515
2006-10-24,24.965272903442383,25.013008256741138,24.686821034135495,24.774334566672668,6997263
2006-10-25,24.822065353393555,25.10051872694096,24.66294957942717,25.028916474834844,7588951
2006-10-26,25.442617416381836,25.442617416381836,24.90162501042933,24.941403185185038,10390775
2006-10-27,25.24372100830078,25.45057057331533,25.12438341922811,25.331234522454988,6836999
2006-10-30,25.34714126586914,25.38692096786272,24.981176006230896,25.21189243258785,4642575
2006-10-31,25.028915405273438,25.36305820868142,24.925490618078683,25.3232800359959,7538368
2006-11-01,25.24372100830078,25.347145790808057,25.02891427089737,25.100516516698505,8549113
2006-11-02,25.2198543548584,25.30736786987694,24.973223540100637,25.2198543548584,5225849
2006-11-03,25.37101173400879,25.434658343226786,25.211895980069933,25.323277930754497,8646528
2006-11-06,25.824491500854492,25.840402768240345,25.410790857761107,25.458526198130905,11381855
2006-11-07,26.1347713470459,26.27002021684332,25.792672893312687,25.84836233764253,11923771
2006-11-08,26.333662033081055,26.44504398436438,25.83244786694293,26.015430523492604,7121338
2006-11-09,26.715539932250977,26.93034511033792,26.25410396607308,26.564379821323314,19937253
2006-11-10,25.776763916015625,26.134773671397728,25.251681198147587,26.055217315279577,25368880
2006-11-13,25.665376663208008,25.736978907202698,25.219853469500535,25.697200737323588,11938773
2006-11-14,25.88018035888672,25.935872869918253,25.386923389876852,25.832446557794892,12770502
2006-11-15,26.00748062133789,26.071128783137677,25.7290287581864,25.800631017445383,10721237
2006-11-16,26.301837921142578,26.333660454909392,26.007473330950795,26.206370319842136,8678966
2006-11-17,26.20637321472168,26.421178417800444,26.16659196669436,26.301840826567922,10251191
2006-11-20,26.349576950073242,26.349576950073242,26.15068299814176,26.254109329830126,11202331
2006-11-21,26.437091827392578,26.54847379332461,26.254109146777434,26.29388732160139,5803447
2006-11-22,26.246150970458984,26.476867438523133,26.071123941756092,26.437089267550807,8421591
2006-11-24,26.182504653930664,26.301842251629022,25.96769943921353,26.047258863154063,2679473
2006-11-27,25.927921295166016,26.166593414411334,25.824494966852274,26.13477087536861,10124480
2006-11-28,26.166595458984375,26.23819925385028,25.800630078547922,25.824496984694846,10554080
2006-11-29,26.15863609313965,26.25410678053748,26.07907975066203,26.206372975050908,9573441
2006-11-30,26.29388427734375,26.44504440059869,26.1029459838703,26.24615047308154,9076837
2006-12-01,26.325708389282227,26.35753400378661,26.063169373700806,26.293885851202635,8489407
2006-12-04,26.60416030883789,26.65189411337092,26.325706962879288,26.429133282458814,7916472
2006-12-05,27.208805084228516,27.208805084228516,26.55643068065085,26.604164492690643,13714648
2006-12-06,27.129240036010742,27.200843815666598,26.946257384661624,27.07355060016411,8218753
2006-12-07,27.16106605529785,27.32813744177245,27.04968410550661,27.089462274566152,6590573
2006-12-08,27.359968185424805,27.439524547412002,27.057647857022562,27.057647857022562,6307552
2006-12-11,27.463390350341797,27.55885797018874,27.24858205283622,27.280404592785203,7158642
2006-12-12,27.47929573059082,27.590674596540065,27.272443112407874,27.399736321345614,9484744
2006-12-13,27.65591049194336,27.744218116928355,27.583661338644216,27.647882808243455,8572833
2006-12-14,27.872657775878906,27.888713139601062,27.599710384031614,27.696042566364543,8705322
2006-12-15,27.535486221313477,27.96899036090924,27.41507099166358,27.95293499695592,14119108
2006-12-18,27.688018798828125,27.848575563033314,27.374932953413712,27.374932953413712,7993411
2006-12-19,27.977020263671875,28.009130994127432,27.559574559178415,27.655906750545082,8790775
2006-12-20,27.784353256225586,27.936882332807826,27.712104111453527,27.904771601798025,5742017
2006-12-21,27.728160858154297,27.9368837244006,27.63985323919288,27.880689942334318,6377496
2006-12-22,27.4231014251709,27.784353358938002,27.407046059606643,27.784353358938002,6807907
2006-12-26,27.72013282775879,27.800409658276443,27.246490214847267,27.390991614064834,6653928
2006-12-27,27.728160858154297,27.856603788591514,27.551548724517293,27.688019338106837,7627065
2006-12-28,27.712106704711914,27.944912630604303,27.671965182907602,27.728162071719254,7204663
2006-12-29,27.51140785217285,27.784355294349616,27.51140785217285,27.63182620657859,9827876
2007-01-03,27.455217361450195,27.728164836361177,27.286632886778417,27.463245045754267,13562595
2007-01-04,27.67197036743164,27.736194951779858,27.431136712913826,27.455219767936953,9806285
2007-01-05,27.447185516357422,27.64788069782159,27.286628750328926,27.5114069810545,10551445
2007-01-08,27.696048736572266,27.800411728301896,27.350852131071353,27.447187439151477,9479676
2007-01-09,27.65591049194336,27.848578005027118,27.254520098376037,27.696048910442887,11588444
2007-01-10,27.688018798828125,27.73618800108972,27.27860075746206,27.415074472679336,7305525
2007-01-11,28.089406967163086,28.121517693094706,27.65590285423065,27.768293499276506,12361379
2007-01-12,28.266023635864258,28.330245098114784,27.977020847165523,28.089411510389628,12022301
2007-01-16,28.121522903442383,28.217858203371406,28.009132237572818,28.10546753750184,11147897
2007-01-17,28.298133850097656,28.33827226327107,28.01715874931251,28.097438679944965,9946173
2007-01-18,28.779802322387695,28.84402688373695,28.298132081552748,28.338270492217635,16723872
2007-01-19,28.49882698059082,28.876137350273698,28.482771616470536,28.84402662203313,12621186
2007-01-22,28.21786117553711,28.482777845745318,28.137581233092806,28.458694794297852,8841662
2007-01-23,28.563053131103516,28.61121922614517,28.09743823284415,28.113493597858035,11278865
2007-01-24,28.378416061401367,28.699529601166667,28.31419149087678,28.56305588112353,10761683
2007-01-25,28.04927635192871,28.434611378725858,28.001107145364536,28.378417592734703,9584693
2007-01-26,27.736194610595703,28.15364043443464,27.671970027037517,28.09744664007192,10533604
2007-01-29,27.840551376342773,28.15363726107551,27.647883855957893,27.696049959982574,11190370
2007-01-30,28.12955093383789,28.169689349184996,27.792382036350606,27.80843740248945,6639736
2007-01-31,28.233917236328125,28.306166392444283,28.105471187835462,28.209834184289406,9058895
2007-02-01,28.105464935302734,28.217855590766394,28.0091296442931,28.169686393118845,8158236
2007-02-02,28.241941452026367,28.40249821685312,28.09744005325371,28.113495419307807,7773239
2007-02-05,28.306167602539062,28.490807447015463,28.217863074622056,28.41855828781064,8992296
2007-02-06,28.24997329711914,28.46672387506908,28.161665666525472,28.426585454020245,7906944
2007-02-07,28.482778549194336,28.571086177635426,28.258000292513813,28.37841865701124,12159250
2007-02-08,28.330245971679688,28.97247303113079,28.057301644413016,28.93233461598654,20736442
2007-02-09,27.583663940429688,28.33827869654275,27.230436511458134,28.258001851971716,19246224
2007-02-12,27.230432510375977,27.824493490059087,27.11001726121254,27.720133607450776,18015509
2007-02-13,27.768299102783203,27.792382152091758,27.238462705137515,27.350850268577446,13023822
2007-02-14,27.896743774414062,27.95293755338988,27.712103967779285,27.760270064044274,11996452
2007-02-15,27.83251953125,27.88068873235932,27.431129182481705,27.856602579661814,11198682
2007-02-16,28.009130477905273,28.025188947122707,27.623795510969284,27.840546041835083,9634871
2007-02-20,28.137575149536133,28.201799710462954,27.832517021918605,27.952935357406663,8818246
2007-02-21,28.20982551574707,28.29010233120803,27.896739726878923,27.96096117924769,8346782
2007-02-22,28.22588539123535,28.290106853871027,28.065328630360455,28.15363314148451,7762392
2007-02-23,28.20982551574707,28.26601928656974,28.081379506724332,28.17771168527748,7243690
2007-02-26,28.18575096130371,28.33024927265964,28.04124954566164,28.209834013196367,8214090
2007-02-27,26.572147369384766,28.09743808027731,26.21089544996279,27.89674291440794,15154283
2007-02-28,27.49535369873047,27.599716691058607,26.756794381596062,26.89326500442035,15819361
2007-03-01,27.607746124267578,27.696050650514476,26.917352865555962,27.07790965392747,13915966
2007-03-02,27.254512786865234,27.487318655994176,27.182260548663006,27.382955691606604,10056462
2007-03-05,27.069873809814453,27.382959643880685,26.82904022437886,26.93340320382949,10660821
2007-03-06,27.5916805267334,27.736181893125064,27.093954977733258,27.17423179001469,11526406
2007-03-07,27.639848709106445,27.792377768287427,27.49534733176208,27.607737981759993,9520831
2007-03-08,27.84857749938965,27.960968173433717,27.615771572033346,27.792383714510606,8292043
2007-03-09,27.5916805267334,28.017153840395164,27.519428291395023,27.993070796710736,11559149
2007-03-12,27.455217361450195,27.591691098905684,27.230435992363642,27.439161992842052,11825950
2007-03-13,26.989599227905273,27.390992709402216,26.901291606518733,27.28662972127011,13893664
2007-03-14,27.077905654907227,27.663935828128885,26.716650606208873,27.663935828128885,10327522
2007-03-15,27.12607192993164,27.36690552634878,27.085933514576414,27.2625456464252,10048049
2007-03-16,26.98157501220703,27.374937756600293,26.893267379471187,27.214380964223924,13816929
2007-03-19,27.366907119750977,27.390993274652292,27.142128876388508,27.190294977619185,7909275
2007-03-20,27.59971046447754,27.63984887389992,27.270569298643345,27.33479075371915,7285555
2007-03-21,28.233917236328125,28.298138708431377,27.503382469722848,27.543520889787377,11937557
2007-03-22,28.36235809326172,28.434607236153106,27.655906508006876,27.655906508006876,11948910
2007-03-23,28.089406967163086,28.346298983186422,27.993071685083038,28.145600737543422,7270958
2007-03-26,28.2740535736084,28.29813662387306,27.936884661331273,28.00913381212526,9948606
2007-03-27,27.824493408203125,28.185748467488292,27.808438041695236,28.097440847409022,12370198
2007-03-28,27.479299545288086,27.776330063717246,27.3347981280986,27.768302379667062,12579625
2007-03-29,27.607746124267578,27.86463512309025,27.487327756917388,27.848579754681722,7857273
2007-03-30,27.639848709106445,27.896740736448724,27.326762908907874,27.631821027269833,10662848
2007-04-02,27.67197036743164,27.704081107462475,27.487330507967787,27.615776572377676,7045920
2007-04-03,28.03321647644043,28.233911641277942,27.712102970986187,27.75224138309658,12224430
2007-04-04,27.808433532714844,27.993073321903164,27.647876789383428,27.968990276046256,10018550
2007-04-05,28.025190353393555,28.105467182081096,27.736187561546963,27.792381341628243,7685048
2007-04-09,28.025190353393555,28.105467182081096,27.93688273755154,28.025190353393555,8176280
2007-04-10,28.089406967163086,28.121517693094706,27.90476718877108,28.073351604197274,7593614
2007-04-11,27.768299102783203,28.16166178339459,27.567603920926082,28.049274219954658,12000101
2007-04-12,27.83251953125,27.88068873235932,27.63985203966979,27.776325751622434,9242169
2007-04-13,27.872657775878906,27.993073003795068,27.704070248225623,27.83251626228819,9090218
2007-04-16,28.113494873046875,28.20983017178539,27.912799696984496,27.936882745597696,8110390
2007-04-17,28.21786117553711,28.290110329879507,27.864633774782693,28.041249027302943,8993310
2007-04-18,28.03321647644043,28.177714760037844,27.896742770979543,28.137576347927453,7423112
2007-04-19,28.03321647644043,28.113493300661215,27.75224138309658,28.057299523706664,8197567
2007-04-20,28.322216033935547,28.354329867780162,27.864628824862024,28.24996689242761,12246427
2007-04-23,28.161666870117188,28.338279034566458,28.121528447352894,28.258002189037867,6981551
2007-04-24,28.025190353393555,28.290106992348164,28.009131883370326,28.177716327899887,6938976
2007-04-25,28.35433578491211,28.44264030962744,27.985053005062188,28.153637474714,9223923
2007-04-26,28.233917236328125,28.474750861001475,28.073360451783838,28.233917236328125,7538976
2007-04-27,28.081384658813477,28.201803008383262,27.928855577167955,28.097440024851345,6210340
2007-04-30,28.081384658813477,28.209830691402196,27.856603325711774,28.113495390889213,10169589
2007-05-01,28.47474479675293,28.4988278436627,28.169686660658208,28.169686660658208,11095590
2007-05-02,28.65938949584961,28.900226214710447,28.418555881274806,28.45869429965627,12028383
2007-05-03,28.651355743408203,28.908247775208235,28.5951619695768,28.68346957559724,8324886
2007-05-04,28.779802322387695,29.028666677080864,28.667414772526012,28.699525501057924,7428890
2007-05-07,28.94838523864746,29.141055808340987,28.835997694659053,28.8841637849398,8703497
2007-05-08,29.341760635375977,29.357816004099593,28.916284051341222,29.03670242105465,15504815
2007-05-09,28.996559143066406,29.165143590717122,28.6593871434792,28.940362257658983,14108870
2007-05-10,28.651355743408203,28.892192411256406,28.538968195745394,28.771774077332307,9787633
2007-05-11,28.956417083740234,29.036697016702803,28.68347276195323,28.691500444820914,7581348
2007-05-14,28.884172439575195,29.100923015069327,28.80389249410087,28.956421596644507,6719108
2007-05-15,28.852060317993164,29.173173875902293,28.811918795039983,29.004589413214305,7869742
2007-05-16,28.908254623413086,29.044728353618886,28.723614789941514,29.00458993423074,8476330
2007-05-17,28.892196655273438,29.084864155281988,28.731639887885347,28.868113605808098,6849569
2007-05-18,28.916278839111328,29.052752552948654,28.763749759444405,28.98853108963026,10987734
2007-05-21,29.253454208374023,29.510346327108646,28.884174503943626,28.900229873328737,12149012
2007-05-22,29.116975784301758,29.46217548345648,28.98050516646343,29.46217548345648,7247238
2007-05-23,29.28555679321289,29.534421157964047,29.100916992406663,29.116972357321504,7884034
2007-05-24,28.771774291992188,29.35780749774775,28.739663563848957,29.34977981571194,8845109
2007-05-25,28.924304962158203,29.020640256226237,28.611219136794062,28.82797277237574,6399899
2007-05-29,28.571086883544922,29.012618828087035,28.47475156870958,28.94036656588897,11589154
2007-05-30,28.827972412109375,28.88416618878022,28.314188322548112,28.386440568267584,12281703
2007-05-31,28.450664520263672,28.860085670454136,28.314190803533517,28.819947255029327,15805373
2007-06-01,28.290111541748047,28.595169748389285,28.201807015991292,28.426585276749254,12744045
2007-06-04,28.65938949584961,28.72361406954598,28.23391605243405,28.5630572917341,12621287
2007-06-05,28.314193725585938,28.81191944107676,28.266027622105376,28.707559550202216,9957729
2007-06-06,28.025190353393555,28.386442291058938,27.896744323207766,28.306162358085675,9045920
2007-06-07,27.503374099731445,28.025185818914135,27.25451286678013,27.91279517265068,13395945
2007-06-08,27.455217361450195,27.519438835882767,27.126076096410713,27.30268825538656,11568474
2007-06-11,27.439159393310547,27.647882269728694,27.39099329204928,27.519436228745995,7646629
2007-06-12,26.941436767578125,27.43916251679347,26.90932292546235,27.37493793684825,9726812
2007-06-13,27.179912567138672,27.301976174591776,26.854403405359538,27.26128830544074,16055000
2007-06-14,27.49728775024414,27.643766591689683,27.179917961874153,27.188054295605106,14256200
2007-06-15,27.993684768676758,28.278502981451922,27.66817557897454,27.749551324257247,22308600
2007-06-18,28.107614517211914,28.392432754949297,28.05878720319152,28.07506297453165,13016200
2007-06-19,28.28664207458496,28.368020932094627,28.02623593912604,28.083199587239804,11318200
2007-06-20,27.82279396057129,28.286642591857685,27.79838185501497,28.286642591857685,11218300
2007-06-21,27.82279396057129,27.96113646872456,27.570527258393177,27.77396974945865,10323800
2007-06-22,27.782102584838867,28.026232922518858,27.594935889141354,27.67631163360613,15008200
2007-06-25,27.71700668334961,28.09134012975579,27.60307627835605,27.75769456156139,10094000
2007-06-26,27.71700668334961,27.9041734065527,27.55425206621636,27.830933984057044,9643600
2007-06-27,27.887897491455078,27.944861141516796,27.448460958733737,27.505424608795455,8017900
2007-06-28,27.546112060546875,27.87162128810781,27.44032420023272,27.87162128810781,11961500
2007-06-29,27.782102584838867,28.042508692268946,27.43218129592614,27.578660119391266,12019300
2007-07-02,28.091337203979492,28.254091804161476,27.830931085402632,27.97740991513784,7763800
2007-07-03,28.107614517211914,28.213402374493818,27.912308365416305,28.107614517211914,5158900
2007-07-05,28.18085289001465,28.188989223239705,27.8634831213779,28.07506193237378,7330400
2007-07-06,28.06692886352539,28.16458039501289,28.018101545638533,28.14830462238394,6726000
2007-07-09,28.042510986328125,28.164577717296805,27.97741100628784,28.107614070654332,6021500
2007-07-10,27.57866096496582,28.148300506541656,27.5461094244676,27.80651553988185,11101000
2007-07-11,27.651906967163086,27.67631907621019,27.39963712462583,27.47287655605365,9836700
2007-07-12,27.87162208557129,27.887897857843623,27.635628044051643,27.757694783951088,10820300
2007-07-13,27.969270706176758,28.132025307687847,27.66817671116703,27.74955245977966,8205500
2007-07-16,28.0506534576416,28.14016865612809,27.83907151498513,27.83907151498513,5896500
2007-07-17,28.221542358398438,28.376157532692567,27.952996782518817,28.02623620282362,11371400
2007-07-18,28.156435012817383,28.30291383127051,27.822789505070947,28.12388657871657,10280800
2007-07-19,28.0506534576416,28.343611160220565,27.99368980483861,28.20526864320883,8068900
2007-07-20,27.94485855102539,28.123888922786715,27.89603123937617,28.042510070038013,10748100
2007-07-23,28.506359100341797,28.6691137040349,28.01809839354835,28.034374164346247,11264900
2007-07-24,28.27850914001465,28.791185138947473,28.213406046181618,28.441263770310858,10447200
2007-07-25,28.424985885620117,28.636564716289957,28.27850703966171,28.408710113370724,10207300
2007-07-26,27.733280181884766,28.400571263568263,27.456598286726788,28.28664086791485,15441300
2007-07-27,27.456594467163086,27.977406643412138,27.456594467163086,27.782100525176027,12203200
2007-07-30,27.676313400268555,27.790243795791692,27.318255755767716,27.65190129622796,11459800
2007-07-31,26.854408264160156,27.725141859533984,26.846271930572005,27.6763145451471,15670600
2007-08-01,27.529836654663086,27.619348734266918,26.650963690240737,26.756754644318036,15048300
2007-08-02,27.96113395690918,28.099473348349036,27.41590651560404,27.651900529068737,11475200
2007-08-03,27.5867977142334,28.172709864682524,27.537970408243694,27.782100729621288,12642500
2007-08-06,27.912303924560547,27.985543331795746,27.529834223919387,27.668173601871718,14263800
2007-08-07,28.11574935913086,28.359879707709197,27.546109809590874,27.62748866197419,14309900
2007-08-08,27.904170989990234,28.42498323628424,27.546110242448712,28.1564376756281,13078200
2007-08-09,26.854408264160156,27.830932821895907,26.854408264160156,27.52983881055843,14932200
2007-08-10,26.984617233276367,27.196196099987834,26.09760767244573,26.50449273513342,15404100
2007-08-13,27.049713134765625,27.45659808917116,26.96019794811067,27.131088883932392,8596100
2007-08-14,26.33359146118164,27.26128854482741,26.146424778014993,27.049709760812856,11502700
2007-08-15,25.804645538330078,26.561451874453596,25.739544001466932,26.28476995474945,12764000
2007-08-16,26.512624740600586,26.553312614603065,25.430309287276895,25.511686587424762,19361900
2007-08-17,26.59400177001953,27.301980745490784,26.28476832498602,27.16364134635939,15964200
2007-08-20,26.781166076660156,26.943920670175032,26.463796326663264,26.675375125232634,10782500
2007-08-21,27.090402603149414,27.220605672047945,26.561450889588247,26.61841453821348,9959400
2007-08-22,27.318256378173828,27.407771567409977,26.943922954355337,27.326395815896717,10689800
2007-08-23,26.984617233276367,27.651908487741252,26.830002026998248,27.464741731419313,10962700
2007-08-24,27.562389373779297,27.578665146496174,26.952061866184536,27.074128609417983,7380600
2007-08-27,27.537967681884766,27.7332737822221,27.25314951918985,27.456591950910546,7100200
2007-08-28,27.017162322998047,27.497286706334037,26.911371362795627,27.464735164073918,9712800
2007-08-29,27.57866096496582,27.627488275713155,26.911369906181086,27.098536607617216,8361500
2007-08-30,27.236879348754883,27.45659759267502,27.122952060267213,27.31825509645014,7330700
2007-08-31,27.342668533325195,27.521698912128503,27.22060490582962,27.456598931654717,7075900
2007-09-04,27.773971557617188,27.912310970490662,27.261295577555543,27.26943191184199,9743200
2007-09-05,27.700727462768555,27.74955166883016,27.456597119603316,27.537972865896485,10641700
2007-09-06,28.001819610595703,28.058783250117834,27.562383159180246,27.847204461076426,8150700
2007-09-07,27.334529876708984,27.79837845119871,27.236878362154748,27.611211754850725,9909900
2007-09-10,27.310117721557617,27.562384392360812,27.041572176693435,27.33452982407775,5500100
2007-09-11,27.253162384033203,27.424053362319164,27.09040774097136,27.36708970289051,7714800
2007-09-12,27.440319061279297,27.521694800786662,27.18804930194971,27.28570081021564,8113000
2007-09-13,27.27756690979004,27.58680033520022,27.21246382895179,27.505421484152407,6968700
2007-09-14,27.310117721557617,27.546108622585496,26.85440548070583,27.114811588539514,8797900
2007-09-17,27.16364097595215,27.220604622380776,26.90323484819674,27.1473652049317,7205200
2007-09-18,28.140161514282227,28.237813022262948,27.17991289032962,27.293840167021376,13653100
2007-09-19,28.123889923095703,28.44125969938928,28.107614151967066,28.327332405774758,10549400
2007-09-20,27.700727462768555,28.27850333259296,27.505421325664923,28.213400252129833,10201900
2007-09-21,28.156435012817383,28.392429009690257,27.70072589255038,27.71700166174357,14708900
2007-09-24,27.9285831451416,28.156437727241443,27.830931624853935,28.156437727241443,8089600
2007-09-25,27.725135803222656,27.92857824563215,27.4077660897495,27.83092674247548,9942600
2007-09-26,28.091337203979492,28.140164515319825,27.82279164803634,27.887894729823458,8417300
2007-09-27,27.839067459106445,28.066925141408042,27.76582804413197,28.058785704029876,6974400
2007-09-28,27.985546112060547,28.009958215469045,27.611212706463277,27.87975515681409,8016200
2007-10-01,28.197128295898438,28.40870710415663,27.977410050234656,27.977410050234656,8662100
2007-10-02,28.29478645324707,28.490089536801623,28.1564439234666,28.197134911469796,9403000
2007-10-03,28.254091262817383,28.45753373307549,28.107612435888687,28.15643664200776,5716800
2007-10-04,28.400569915771484,28.53890930464241,28.343606272791018,28.392430478611004,5580700
2007-10-05,28.864421844482422,28.970209705552193,28.506361070750643,28.55518838651936,7324700
2007-10-08,28.7016658782959,29.043447759727968,28.58773858448521,28.86442048557657,4791700
2007-10-09,28.84814453125,28.84814453125,28.5633231942458,28.612150507405754,7273700
2007-10-10,28.709802627563477,28.92952088493189,28.530775350819052,28.848145132255876,4715700
2007-10-11,28.490083694458008,28.99462328279759,28.40057161035186,28.888832323399175,6109800
2007-10-12,28.864421844482422,28.953937037915367,28.60401570228808,28.644703579952306,5474100
2007-10-15,28.59587287902832,28.880694197533156,28.368018307653024,28.78303957755599,6688100
2007-10-16,28.490083694458008,28.758629259634162,28.433120048078685,28.587738320496193,8072600
2007-10-17,28.791183471679688,28.96207442666572,28.59587730577694,28.69352883658522,9032300
2007-10-18,28.302915573120117,28.807455136303176,28.24595192958102,28.734215722569232,8503300
2007-10-19,27.513559341430664,28.294777640913583,27.481007802880814,28.11574728317499,11195000
2007-10-22,28.221542358398438,28.311057550358314,27.318257209401207,27.407772401361083,9859200
2007-10-23,28.39243507385254,28.449398726052422,28.14016835819197,28.335471421652652,6380800
2007-10-24,28.53077507019043,28.571462946128232,27.961135494203372,28.115750664481393,7848700
2007-10-25,28.034372329711914,28.481945132363347,27.782102555282428,28.465669362630575,10633300
2007-10-26,27.97740936279297,28.254091246354207,27.619348628604463,28.172712395726936,11462400
2007-10-29,28.221542358398438,28.327333322013384,27.83093315153483,28.066927184104312,7164000
2007-10-30,27.904170989990234,28.132025571672397,27.871619448525394,28.05878615551944,4885800
2007-10-31,28.18085289001465,28.262228639408637,27.67631331005719,27.67631331005719,7818200
2007-11-01,27.505430221557617,28.24596092775886,27.114820925304002,28.083206278248166,11121700
2007-11-02,27.60307502746582,27.879756932768093,27.27756891223643,27.879756932768093,8945500
2007-11-05,27.57052230834961,27.879752604163603,27.179913168148644,27.179913168148644,7983900
2007-11-06,27.733280181884766,27.81465593163705,27.358943661881007,27.554249807286702,6594500
2007-11-07,27.261295318603516,27.692592430272512,27.106680134339552,27.285707425517238,7564100
2007-11-08,27.367082595825195,27.529837196620658,26.76489150416773,27.212464328140893,12136700
2007-11-09,26.6428279876709,27.01716139798809,26.089464205338604,26.69979163253283,14932200
2007-11-12,26.05690574645996,26.626545148134014,26.04062998020813,26.04062998020813,13316400
2007-11-13,26.8625431060791,26.91137041775462,26.08946418240789,26.21966724259012,11447600
2007-11-14,25.926713943481445,26.968338600200788,25.837198742490937,26.968338600200788,15313300
2007-11-15,26.366147994995117,26.724205660521385,25.837196278292044,25.877884155510884,10539500
2007-11-16,26.471933364868164,26.61027585954252,26.048772652166825,26.52076067550954,9347700
2007-11-19,25.430309295654297,26.28476706713112,25.348931995479624,26.252215526204093,14612100
2007-11-20,25.6744384765625,25.951120353289323,25.24314144389168,25.609336949811652,9425700
2007-11-21,25.63375473022461,25.796509349368982,25.324522816421997,25.51168954193787,8661400
2007-11-23,25.910436630249023,25.959262395095088,25.625616823051338,25.755819897402894,3548500
2007-11-26,25.422176361083984,26.00809024258406,25.38962636596114,25.9674023606447,7337600
2007-11-27,25.81277847290039,25.894155766404833,24.966458656025395,25.53609660627095,14270700
2007-11-28,26.602140426635742,26.82185870116686,25.772096198645592,25.95112504151737,12798400
2007-11-29,26.699796676635742,26.781172440587415,26.349875303928005,26.569593591741217,7761400
2007-11-30,26.97647476196289,27.253156665829184,26.797444381730003,27.253156665829184,11958400
2007-12-03,26.886959075927734,27.261292496523012,26.71606813664979,26.903234846947427,9049100
2007-12-04,26.650964736938477,26.911370861597753,26.39869494554973,26.781167799268115,9322200
2007-12-05,26.938858032226562,27.136273945011695,26.535801981790843,26.73321789457598,7463500
2007-12-06,26.914182662963867,27.054016452715334,26.527578193712934,26.930634250785136,7927400
2007-12-07,26.97176742553711,27.1445044279106,26.86483365071629,26.914188424745944,8023900
2007-12-10,26.609830856323242,27.119820624335183,26.54402764814642,26.996435294502135,12255800
2007-12-11,26.124523162841797,26.74144200422581,26.08339419414304,26.609832442209257,13925600
2007-12-12,26.552257537841797,26.897734652395922,26.29726416833849,26.544033311747153,10617700
2007-12-13,26.94709014892578,27.0540239304106,26.346621147668635,26.387751697499997,11704100
2007-12-14,27.152725219726562,27.333689563788937,26.774348080159605,27.062246185515185,11888200
2007-12-17,27.13627815246582,27.350142548141328,26.889507438767968,27.037568611858692,12023200
2007-12-18,27.16094970703125,27.391265656670328,26.82370000742283,27.070467544581764,11937200
2007-12-19,26.535804748535156,27.259658987127022,26.387746720783454,27.111597821555506,11035600
2007-12-20,26.5933837890625,26.73321757483909,26.428871053345752,26.675638588011147,9591800
2007-12-21,27.09514808654785,27.185630264791463,26.52758233822886,26.856607870420174,20408900
2007-12-24,27.3419189453125,27.481752757630428,27.10337559013717,27.11159981646527,3458100
2007-12-26,26.996435165405273,27.309009031753465,26.922404595423316,27.16917211609009,5029400
2007-12-27,26.675642013549805,27.062246521456853,26.60161142986164,26.848378996215565,6700400
2007-12-28,26.667415618896484,26.97998955447309,26.54403340014622,26.95531373828703,5621800
2007-12-31,26.552257537841797,26.74967348013272,26.51935749564327,26.667415530086522,5447900
2008-01-02,26.19033432006836,26.840158063525205,26.066950521752915,26.58516310224182,9269900
2008-01-03,26.13275146484375,26.338391621345995,26.0422692939316,26.223232066846016,9681100
2008-01-04,25.606311798095703,26.058721087293517,25.499379606196523,25.499379606196523,9550700
2008-01-07,25.6309871673584,25.90243209197837,25.425347025406605,25.811949927468454,10742900
2008-01-08,25.121004104614258,25.910661610131957,25.055197743577786,25.70502143862297,13014300
2008-01-09,24.808425903320312,25.16212718857658,24.0187685334633,25.145675601143793,24858700
2008-01-10,25.227935791015625,25.45002754827231,24.59456369909544,24.59456369909544,12240900
2008-01-11,24.940038681030273,25.400672206179795,24.84955650739182,25.046972444222977,11671000
2008-01-14,24.964717864990234,25.29374183524392,24.775529278208122,25.088101657721612,8717400
2008-01-15,24.55343246459961,24.90713374828351,24.331340741973477,24.857778986204554,12043800
2008-01-16,24.536983489990234,24.89891060589273,24.12570317566327,24.39714812036267,18819600
2008-01-17,23.665067672729492,24.709719959805295,23.59926289072762,24.594560414619696,20109200
2008-01-18,23.451204299926758,24.109252191806004,23.237338342838523,23.854258829816537,16355300
2008-01-22,23.13040542602539,23.426526183663604,21.63334377318436,22.35719800054418,20538100
2008-01-23,23.45942497253418,23.475876558466588,22.283163249830032,22.291389042796236,22041300
2008-01-24,24.04344940185547,24.109254196515128,23.319596660599206,23.50878524913197,14847200
2008-01-25,23.59104347229004,24.561665445808416,23.525238672504564,24.290220450579564,11966600
2008-01-28,24.158605575561523,24.24086038064898,23.44297716136786,23.648617311906175,10421800
2008-01-29,23.689746856689453,24.01877238243207,23.130406914528965,23.632167860357487,23011500
2008-01-30,24.191509246826172,24.660368579011497,23.903612697739224,23.903612697739224,16609200
2008-01-31,24.545207977294922,24.81665290753746,23.722647392449677,23.887160136982647,15074200
2008-02-01,25.219707489013672,25.33486546922064,24.824878783524213,25.293738067406668,13988600
2008-02-04,25.4171199798584,25.5405037451718,25.18680403631597,25.5405037451718,11835300
2008-02-05,24.734405517578125,25.49116159320835,24.717953923368462,25.49116159320835,19217700
2008-02-06,25.910659790039062,26.47000126827819,25.581635852518957,26.239683727559168,31176300
2008-02-07,26.09161949157715,26.256132225423407,25.589858634274506,25.713242400204347,16612800
2008-02-08,26.420644760131836,26.568705914487722,26.001140248003214,26.001140248003214,15161400
2008-02-11,26.264362335205078,26.544033087358056,25.927112587416477,26.544033087358056,9082000
2008-02-12,26.346614837646484,26.683864555877594,26.13275046371783,26.371293789198766,14314100
2008-02-13,26.963537216186523,27.1115983848342,26.379519905309508,26.379519905309508,14445500
2008-02-14,26.585161209106445,27.02111737003715,26.453551624420573,26.914186739731136,11997100
2008-02-15,26.725000381469727,26.89773738740099,26.346620048422803,26.453553825446082,15225700
2008-02-19,26.478225708007812,26.96353660811512,26.420646714589978,26.75789644938863,10609500
2008-02-20,26.799026489257812,26.87305393270529,26.231457653602533,26.297262440405632,10207100
2008-02-21,26.544031143188477,27.054017840530882,26.486452151770127,26.84015346352268,10305200
2008-02-22,26.790800094604492,26.848379089025453,26.157428018154068,26.52758093787443,8812400
2008-02-25,27.05401611328125,27.21852885161032,26.724993774442606,26.996437125539,13567800
2008-02-26,27.05401611328125,27.317235239479963,26.914182325284212,26.93885813779675,10340600
2008-02-27,27.22675323486328,27.333686986072045,26.823700318323308,26.947082519423102,10319600
2008-02-28,26.766124725341797,27.30078727356479,26.68386677635524,27.086922881839577,11221100
2008-02-29,26.659189224243164,27.02111476275188,26.42887325772123,26.42887325772123,14575900
2008-03-03,26.659189224243164,26.90595677949091,26.412421668995417,26.823701973681565,8283100
2008-03-04,26.215009689331055,26.52758205892983,25.811953573531326,26.453551471857228,15907700
2008-03-05,26.025815963745117,26.445323612123694,25.927109573817038,26.239681900469,9692200
2008-03-06,25.705018997192383,26.10807350679918,25.65566580001253,25.95178655200149,10529000
2008-03-07,25.301963806152344,25.705018304904062,25.137451061437034,25.589860324949232,12750400
2008-03-10,25.05519676208496,25.35131909950903,24.907137162282865,25.35131909950903,12622400
2008-03-11,25.655664443969727,25.67211446288697,25.178579379354797,25.499377497432665,14520900
2008-03-12,25.83662986755371,26.173879608235037,25.66389288428715,25.713246083947606,9646200
2008-03-13,25.770822525024414,25.976462666963297,25.351316447199917,25.67211456657345,10556200
2008-03-14,25.31842041015625,25.79550558165268,25.030523834325106,25.770828194383682,11421400
2008-03-17,25.05519676208496,25.375996483931015,24.717947019534186,24.791977603890206,12626300
2008-03-18,26.09161949157715,26.099845285160434,25.310187928081692,25.310187928081692,13788400
2008-03-19,25.69679069519043,26.23968051791976,25.68856490164487,26.066943560192108,11737100
2008-03-20,26.239681243896484,26.30548602517189,25.705017199920096,25.729694581239524,13802300
2008-03-24,26.354839324951172,26.453545706930583,26.15742342317304,26.32193615168493,10536000
2008-03-25,26.38774871826172,26.519358304530005,26.190332769949265,26.313716560962032,8547300
2008-03-26,26.124523162841797,26.354840680825635,25.935334613556716,26.2479069311186,9219700
2008-03-27,25.81195640563965,26.289041591948152,25.754377402467785,26.22323679276457,9569900
2008-03-28,25.499378204345703,26.14097602719806,25.499378204345703,25.98468907632829,11021000
2008-03-31,25.81195640563965,25.894212796846666,25.491158205733463,25.532287185792054,11352000
2008-04-01,26.247913360595703,26.33839554498702,25.927115170713932,25.927115170713932,15649900
2008-04-02,25.960012435913086,26.642737680077555,25.87775606105631,26.321939543936978,13072500
2008-04-03,25.935338973999023,26.075174353265496,25.62276503497515,25.853082591681687,8981100
2008-04-04,25.69679069519043,26.00936457428289,25.54872954918976,25.927108207736996,12519000
2008-04-07,25.92711067199707,26.099847646142628,25.67211575457766,25.836628503305676,9732500
2008-04-08,25.55695915222168,25.828404104047568,25.45825275278132,25.79550249387076,13068800
2008-04-09,25.375991821289062,25.672112535393307,25.17857748891635,25.598083533549485,10508200
2008-04-10,25.787273406982422,25.96001036840566,25.26905938489325,25.326639940944062,12183000
2008-04-11,24.82487678527832,25.902430628948192,24.800199404830423,25.53227933568785,15488300
2008-04-14,24.7097225189209,24.989391694711088,24.53698396770734,24.866007911792785,9476300
2008-04-15,24.619239807128906,24.759075176418463,24.323117479478103,24.734397792810935,10320500
2008-04-16,24.940038681030273,24.989391880783096,24.528758355633574,24.775527492217552,10606400
2008-04-17,25.31842041015625,25.408901025655666,24.87423685277503,24.87423685277503,13438900
2008-04-18,25.770822525024414,25.951785285123112,25.3759938290401,25.3759938290401,11513500
2008-04-21,25.877756118774414,25.910659296354453,25.540506393128304,25.581635365103352,8797300
2008-04-22,25.737924575805664,25.84485677448989,25.63921660332715,25.820179389142762,8461400
2008-04-23,26.025815963745117,26.058719139660997,25.58985986522816,25.885980603922185,15000000
2008-04-24,26.272586822509766,26.486452773447578,26.066946666097625,26.198556240688603,12009500
2008-04-25,26.61806297302246,26.69209355658184,26.280813234100822,26.3548438176602,11949900
2008-04-28,26.675642013549805,26.823703180926127,26.494677667240996,26.774348412527402,7648600
2008-04-29,26.94709014892578,27.04579970313657,26.494682341164413,26.585164530280768,10179700
2008-04-30,26.675642013549805,27.16917714625765,26.593387204038446,26.963536984659406,13077000
2008-05-01,27.391267776489258,27.489974171427853,26.667413558693525,26.692092510792964,12246700
2008-05-02,27.547555923461914,27.802547701709234,27.39126740098034,27.555780148835833,8708000
2008-05-05,27.38304328918457,27.736744600304057,27.243206354690503,27.736744600304057,10193300
2008-05-06,27.744966506958008,27.786093906200374,26.9717607326155,27.506423198405095,15123000
2008-05-07,28.54285430908203,28.748494465288932,28.008188647816176,28.139798222275804,30876600
2008-05-08,28.427698135375977,28.6251109407368,28.238509556146866,28.59220776057001,18859600
2008-05-09,28.213825225830078,28.35366214598236,27.991733508754834,28.04931249416478,13434900
2008-05-12,28.60043716430664,28.62511298228163,27.999968203627038,28.090450386628927,9176400
2008-05-13,28.238508224487305,28.608658001538476,28.148026052205527,28.44414838410232,11067300
2008-05-14,28.62510871887207,28.77316988031025,28.238507364289916,28.378341162415015,9867400
2008-05-15,28.781396865844727,28.789621091230135,28.39479237851734,28.501726135445704,11357100
2008-05-16,28.715593338012695,28.806075515256897,28.35366776685587,28.76494810864226,12728900
2008-05-19,28.559307098388672,28.740268309738624,28.35366693353926,28.616886093520915,12365200
2008-05-20,28.04109001159668,28.460594522475663,27.950607846668778,28.378339720442785,12635300
2008-05-21,27.687395095825195,28.041096474158465,27.555785499549117,27.925938469644432,11358100
2008-05-22,27.646263122558594,27.786096922727218,27.43239560276923,27.786096922727218,7735300
2008-05-23,27.33368682861328,27.6380333549563,27.292559428483603,27.572230142312712,8951300
2008-05-27,27.67093276977539,27.753190696675592,27.35835892319277,27.399489455552406,9309100
2008-05-28,27.851903915405273,28.09044725530639,27.68739115899692,27.68739115899692,14201800
2008-05-29,27.810773849487305,28.25495417011952,27.753194860927213,27.851901250198868,12570800
2008-05-30,27.63803482055664,28.008187716991348,27.539328427447273,27.950608726192577,12779000
2008-06-02,27.391267776489258,27.629811107258945,27.185627623305674,27.555780526600067,10323300
2008-06-03,27.292564392089844,27.564007792567807,27.144503214440018,27.539331975566192,11060000
2008-06-04,28.254955291748047,28.452371215947657,27.267885084208988,27.267885084208988,24630200
2008-06-05,28.3701229095459,28.55108414887411,28.049321567013283,28.230285944161878,11640300
2008-06-06,27.152725219726562,28.213829193478077,27.11982517902234,28.08221961720175,16597800
2008-06-09,27.292564392089844,27.4241739791319,27.01289362739796,27.407722388524135,10011900
2008-06-10,27.827226638793945,27.967060434814574,27.05401766562683,27.05401766562683,16606900
2008-06-11,27.366588592529297,27.917702629048513,27.350137005761948,27.76141726148769,12419500
2008-06-12,27.3419189453125,27.720296112805755,27.243209402455097,27.58045916266779,13138800
2008-06-13,27.90947914123535,27.925930728436935,27.43239252584768,27.539326273748262,9153300
2008-06-16,27.679161071777344,27.884801189285888,27.465293592389724,27.777867449592076,10955100
2008-06-17,27.234981536865234,27.851901977098112,27.226754173816477,27.843674614049355,9163100
2008-06-18,27.103368759155273,27.432391072294877,26.955307620005712,27.11982034548514,12078500
2008-06-19,27.05401611328125,27.243204664122857,26.790796987082533,27.1115951010235,13913000
2008-06-20,26.272586822509766,26.922408900938986,26.272586822509766,26.848378319117824,21345000
2008-06-23,26.642738342285156,26.68386574628084,26.354843376495577,26.428873958815725,10850800
2008-06-24,26.50290298461914,26.73321894372434,26.28903547589037,26.527578798003383,17528500
2008-06-25,26.725000381469727,27.012895391355162,26.568711829400257,26.650969787810578,16132100
2008-06-26,25.935338973999023,26.560485283136778,25.92711317887629,26.45355151545124,19848000
2008-06-27,25.96823501586914,26.25613150777629,25.853077046670144,25.935333411344995,20844300
2008-06-30,25.66389274597168,26.44532598611537,25.61453797766729,26.07517306838206,15850700
2008-07-01,25.54050636291504,25.565183746070876,25.00584227915075,25.425348379340843,17144900
2008-07-02,25.26083755493164,25.705021072134922,25.252613328829337,25.58986307978295,13633000
2008-07-03,25.4171199798584,25.663889079394902,25.28551042100281,25.433571566942774,6952000
2008-07-07,24.742626190185547,25.186809728388322,24.46295542218603,24.67682139588625,21977600
2008-07-08,24.635692596435547,24.676820002208576,24.10925270286299,24.676820002208576,26083200
2008-07-09,24.29844093322754,24.660366468448824,24.290215138939352,24.643914879872447,13575400
2008-07-10,24.34779167175293,24.495852816171546,24.059895176373363,24.339565878295264,11366700
2008-07-11,24.01877212524414,24.323118693714207,23.68974660302466,24.068125326013078,14948400
2008-07-14,23.936511993408203,24.569883984836988,23.91183461243614,24.339566469160236,14277500
2008-07-15,24.207962036132812,24.495858599482865,23.48410773005782,23.70619949912015,16665800
2008-07-16,25.030517578125,25.170352933211554,23.89538315003186,24.265536021999132,18261000
2008-07-17,25.66389274597168,25.688568561213952,24.775527312321657,25.08809966703318,17998800
2008-07-18,25.4171199798584,25.73791965236488,25.21970564157502,25.73791965236488,14004500
2008-07-21,25.079872131347656,25.4993782193546,24.98938996464719,25.466475042769048,9782000
2008-07-22,25.014066696166992,25.129224673400152,24.65213960769307,25.02229249009933,21715300
2008-07-23,25.62276268005371,25.6556658575206,25.005842222738245,25.186806560986422,13220100
2008-07-24,25.515825271606445,25.89420232161599,25.252606181354672,25.614531645996095,11780800
2008-07-25,25.581634521484375,25.927110030132567,25.499378149156744,25.68034091314968,12842800
2008-07-28,25.088098526000977,25.770823767394774,25.055195348627855,25.770823767394774,13658900
2008-07-29,25.433574676513672,25.598087429651738,25.01406856803051,25.170355526620682,13298000
2008-07-30,26.050493240356445,26.132749610903794,25.40889543277886,25.696791945239692,18219700
2008-07-31,24.964717864990234,25.392449810775048,24.783753504668173,25.129229065662056,25577400
2008-08-01,24.742626190185547,25.25261452268762,24.536986011886494,25.088101752484356,15120700
2008-08-04,24.98116683959961,25.162129612060458,24.717946122052176,24.767300889104128,11445500
2008-08-05,25.754365921020508,25.82839648321255,25.005836075664956,25.104544014890834,15540000
2008-08-06,25.844852447509766,26.009365184461014,25.36776739304283,25.60630913582143,12841000
2008-08-07,25.433574676513672,25.721471210050343,25.433574676513672,25.598087429651738,10696400
2008-08-08,26.346614837646484,26.420645416664026,25.45825102725561,25.499378429416545,14759800
2008-08-11,26.97998809814453,27.48997481132143,26.19033064461518,26.2972628364394,21907300
2008-08-12,26.453548431396484,27.07869309874251,26.371293627578723,27.029341471579702,14848700
2008-08-13,26.108078002929688,26.486456763562934,25.92711520283299,26.420650397444003,11051300
2008-08-14,26.5933837890625,26.83192396114136,25.869529634600486,26.05049238876113,11535200
2008-08-15,26.733224868774414,27.078698884001753,26.601615271856335,26.708549049921118,11487700
2008-08-18,26.38774871826172,26.81547752026861,26.165655384182703,26.766125886555535,10246000
2008-08-19,26.116302490234375,26.371297439439296,25.976467107057818,26.190333079499023,8781900
2008-08-20,26.173879623413086,26.486453548900403,25.82840408776969,26.20678280247909,12415000
2008-08-21,26.182109832763672,26.321945229552075,25.76260364239846,26.03404863982181,6966700
2008-08-22,26.4864559173584,26.634517098575405,26.223235168022565,26.420649553341885,7954900
2008-08-25,25.99291229248047,26.395966751982268,25.828399563785602,26.297258800983418,8071300
2008-08-26,26.083396911621094,26.215008056259183,25.861306733148453,25.92711152101255,6506600
2008-08-27,26.124523162841797,26.404192305444674,25.836626657589434,25.877754057378457,7317600
2008-08-28,26.8072509765625,26.87305419509824,26.132751513017332,26.231457909730832,9675200
2008-08-29,26.609830856323242,26.938856310665184,26.576930821144472,26.626282442822266,9062800
2008-09-02,26.683862686157227,27.44884423646355,26.56870471304779,26.930633357471084,11843700
2008-09-03,26.741443634033203,26.766122585666295,26.297261727383265,26.585158250182022,9554000
2008-09-04,25.94356346130371,26.68386615811099,25.902434487763358,26.68386615811099,11444300
2008-09-05,25.795499801635742,25.951785179256714,25.392445313348905,25.869530377944525,9012200
2008-09-08,27.078697204589844,27.18563097602263,26.256138059321785,26.313717058288645,20362900
2008-09-09,26.675642013549805,27.391268897322135,26.6756420135498,27.037567568347566,15312400
2008-09-10,26.9553165435791,27.333693740970304,26.716773169554973,26.815479582391742,13883700
2008-09-11,27.09514808654785,27.144502857722557,26.486454931159955,26.80725309924547,14011700
2008-09-12,27.358366012573242,27.514654545273178,26.815476105628996,26.955313048685785,11213500
2008-09-15,26.61806297302246,27.383044623862737,26.52758080002546,26.80725154482535,15191900
2008-09-16,26.741443634033203,27.054017539555222,25.910658811511116,26.108073166567735,18550900
2008-09-17,26.478225708007812,27.14450095189677,26.247909734336478,26.404195125353482,22284700
2008-09-18,27.506425857543945,27.753196552493144,26.371294467184455,26.527579854541845,22442900
2008-09-19,28.287857055664062,28.666234158840624,27.350138522652802,27.97528316538714,28430600
2008-09-22,27.070465087890625,28.008183526686707,27.012886105706247,27.843670804237405,18394300
2008-09-23,26.75789451599121,27.407718123690533,26.445323756542074,27.045792600098043,13450900
2008-09-24,26.13275146484375,26.807250927145535,26.01759191034377,26.807250927145535,13600300
2008-09-25,26.708545684814453,27.045795430539474,26.29726378512667,26.321941169780924,13356400
2008-09-26,26.938858032226562,26.988212794877718,26.272584425533395,26.272584425533395,9546400
2008-09-29,24.454729080200195,27.103375521594845,24.059900323229197,26.486455000486405,26696900
2008-09-30,25.244386672973633,25.37599625086223,24.24908747516747,24.95649013300111,16589100
2008-10-01,25.236154556274414,25.334860930508736,24.602782640784312,24.923580710410157,11020900
2008-10-02,24.64391326904297,25.343090048739523,24.594560075449603,25.022291937018053,11783300
2008-10-03,24.29844093322754,25.548731855745338,24.232634578922028,24.81665342210474,17468400
2008-10-06,23.245563507080078,23.878935566402752,21.63334386234144,23.72264860797939,35803300
2008-10-07,21.85543441772461,23.319592818827783,21.55931210608559,22.875409351369253,27859500
2008-10-08,21.123353958129883,22.307841521187445,20.50643358117006,20.98351860992927,28972100
2008-10-09,19.576948165893555,21.625126121984657,19.535820749773965,21.074010273866197,24391800
2008-10-10,18.95179557800293,20.086928431883965,17.479411459621662,18.5816427077647,37801900
2008-10-13,21.978818893432617,22.077526856769,19.330174298976193,19.502911273677547,20772800
2008-10-14,21.123353958129883,23.031694073166726,20.59691573850859,22.99879089998557,20214300
2008-10-15,19.223243713378906,20.753205505864955,19.149213126930068,20.65449910320649,18089100
2008-10-16,19.963546752929688,20.23499169652719,18.153912749673072,19.2232425039283,21418200
2008-10-17,20.35837745666504,21.263194546298823,19.280823371990913,19.48646354832086,17985900
2008-10-20,21.8389835357666,21.8389835357666,20.226765495618174,20.531112042280345,14070800
2008-10-21,20.819011688232422,21.534640215413734,20.638048891994774,21.46883541960822,14680800
2008-10-22,18.960020065307617,20.30079464148408,18.359551239859133,20.30079464148408,20567900
2008-10-23,19.2479248046875,19.445339233017936,18.00585765364521,18.869547542615095,17445800
2008-10-24,18.598098754882812,19.083409714945404,17.685055835288765,17.882470223785567,16247600
2008-10-27,17.5781192779541,18.548739388867695,17.56989348435614,18.1127833105438,15081300
2008-10-28,19.66742515563965,19.9306443144831,17.701505690231425,18.088108633669002,21845500
2008-10-29,19.71677589416504,20.893037736193133,19.330172998992694,19.535813137279852,17071300
2008-10-30,20.835458755493164,21.016421512439106,19.881288639033205,20.498209054101785,14182600
2008-10-31,21.312541961669922,21.773175392264164,20.51465885899119,20.580463634790366,17466700
2008-11-03,20.596914291381836,21.26318781239177,19.897737599502506,21.26318781239177,19742300
2008-11-04,21.403026580810547,21.583989342864662,20.802557736398906,20.802557736398906,16761900
2008-11-05,19.93064308166504,21.361898346027882,19.82371089334045,21.312545149024984,15063300
2008-11-06,18.762605667114258,19.96354488344522,18.35955118672317,19.848385339826528,23027700
2008-11-07,19.21501922607422,19.90597036734813,17.61102516906477,17.726183169640393,28705700
2008-11-10,18.162137985229492,19.659198026202755,17.816662470473368,19.659198026202755,16363000
2008-11-11,17.915369033813477,18.433581481026433,16.854265189597342,17.90714324018664,23171800
2008-11-12,16.582822799682617,17.85779119662523,16.47589060407664,17.569896220412993,21258600
2008-11-13,17.80843734741211,17.890693724294294,16.105737092263478,16.697980181777382,24066200
2008-11-14,17.339574813842773,18.417128600750402,17.22441684897146,17.388928003229108,16888600
2008-11-17,16.237348556518555,17.059909283204863,16.10573896576155,16.517019329104706,20652300
2008-11-18,17.002328872680664,17.25732223750182,16.336055178640244,16.38540837885177,21954000
2008-11-19,16.401857376098633,17.298448477595173,16.393631582545215,16.911844025132993,22433000
2008-11-20,15.406556129455566,16.57459197643572,15.299623966290461,16.113958585332266,26921200
2008-11-21,17.372482299804688,17.380706525986568,15.447690177786527,15.826067338552665,28131800
2008-11-24,18.26085090637207,18.84486833788765,16.94475327519845,17.569899689228677,24042800
2008-11-25,18.121009826660156,18.655673880567907,17.520539421344907,18.343099987021375,20331500
2008-11-26,18.507617950439453,18.72970974238318,17.224423545170513,17.5205443655186,13904000
2008-11-28,18.524070739746094,18.540522333303404,17.94827751652276,18.441814340869858,7577100
2008-12-01,16.722654342651367,18.20326256554173,16.673301153597578,18.12923356641585,17969200
2008-12-02,17.652151107788086,17.7261816931088,16.697980862443323,16.985877408811646,20051200
2008-12-03,18.046979904174805,18.096333100608987,16.920071198043832,16.944748580715835,16331800
2008-12-04,17.923595428466797,18.55696586987465,17.652148936408018,17.71795528762937,17198700
2008-12-05,18.72970962524414,18.78728862970421,17.16684443298574,17.69328283823231,17945000
2008-12-08,20.498210906982422,21.46883269878596,18.844863856879595,18.918894438892398,34087700
2008-12-09,19.3548526763916,20.46530829974383,19.18211412390597,19.807260406726957,26341900
2008-12-10,19.494686126708984,19.905966411501076,19.16566064374749,19.618069898364656,16276200
2008-12-11,19.052196502685547,19.75350448618303,18.851823020604392,19.544781909961802,14827300
2008-12-12,18.87687110900879,19.08559369414183,18.30914542265861,18.467775033239263,15025300
2008-12-15,19.010452270507812,19.185778466904818,18.651449191302305,19.14403458940844,12908800
2008-12-16,19.853689193725586,20.179295856645957,18.843471240737447,19.235870647258565,22276500
2008-12-17,19.686710357666016,19.98727133169083,19.319358233016423,19.678361264784588,14715400
2008-12-18,19.060544967651367,19.9538773096017,18.78503123983092,19.7618529279992,18351500
2008-12-19,18.72658920288086,19.369455099554216,18.517866633240953,19.202476406871558,21133800
2008-12-22,18.309141159057617,18.81007556521104,17.766462882569147,18.709888047009724,12596900
2008-12-23,18.242351531982422,18.78502985371553,18.167211285173423,18.51786523947318,9381100
2008-12-24,18.359235763549805,18.54291103884467,18.192258674852667,18.292444609585605,3507200
2008-12-26,18.517864227294922,18.71823767702436,18.33418737072297,18.609702655580897,3069100
2008-12-29,17.92509651184082,18.492822244872183,17.657931835691254,18.492822244872183,7411700
2008-12-30,18.768333435058594,18.785031623128265,17.84995379277584,17.93344314069734,11105200
2008-12-31,18.943660736083984,19.16073239810747,18.80172932600812,18.843473202678215,9012100
2009-01-02,19.970569610595703,20.062408023606874,18.78502570255935,19.002097301768977,9796600
2009-01-05,19.619922637939453,20.037367800448802,19.444596434050446,19.62827173228087,11675100
2009-01-06,20.296184539794922,20.730327916323382,19.870390258095124,19.878739352923787,12070800
2009-01-07,19.35275650024414,19.945527821050703,19.13568484134367,19.945527821050703,12300700
2009-01-08,19.118988037109375,19.386152685106673,18.79338132141603,19.285966738321143,12600700
2009-01-09,18.62640380859375,19.30266615846363,18.55961264233306,19.30266615846363,11489700
2009-01-12,18.25070571899414,18.768336905452628,18.041983106809585,18.618056369891406,11259800
2009-01-13,17.699674606323242,18.309144129689262,17.55774319475872,17.966839241638382,15502200
2009-01-14,17.3657169342041,17.699674315283527,17.048459333090822,17.47425356078296,15482600
2009-01-15,17.833253860473633,18.041976395011286,16.656058893075393,17.365714236562162,18169700
2009-01-16,17.916744232177734,18.48446986430288,17.349020192479387,18.092072015005463,16294800
2009-01-20,16.898178100585938,18.083722293442175,16.8230378523296,17.91674361011103,19725000
2009-01-21,17.724720001220703,17.79151115894013,17.081854112904477,17.399113306391854,17181900
2009-01-22,17.507652282714844,17.69967829777005,17.090207054865807,17.357373338328014,16007900
2009-01-23,17.207088470458984,17.507647876008473,16.681106724000532,17.056807971470853,15436900
2009-01-26,17.415809631347656,17.883347685381516,17.11524865754114,17.599484897325727,10840400
2009-01-27,17.74141502380371,17.95013755349552,17.40745929478212,17.457552256028727,12696600
2009-01-28,18.601354598999023,18.7015405332314,18.033628996926492,18.06702377752838,13079500
2009-01-29,17.74141502380371,18.384280797436848,17.63288000903164,18.309140559353672,11295500
2009-01-30,17.265531539916992,18.075374552067636,17.1236001261971,17.791511724627853,15484400
2009-02-02,16.864784240722656,17.115250686975966,16.564223231277225,16.764596706765236,16499500
2009-02-03,17.215435028076172,17.357366412610258,16.49742901308885,17.349017320293367,27402700
2009-02-04,15.8629150390625,16.772945555539703,15.620796097785627,16.355500422932796,48826100
2009-02-05,15.620794296264648,16.113379623325873,15.16995443310576,15.754378188325505,34993800
2009-02-06,16.238616943359375,16.397244953532535,15.57070374908007,15.662542191494856,20471300
2009-02-09,16.23026466369629,16.547522214199923,15.946401890517302,16.547522214199923,15404300
2009-02-10,15.662538528442383,16.23026405345444,15.562351015382285,16.096681764325307,22253200
2009-02-11,15.445469856262207,15.846216800080091,15.245096384353264,15.821171111358224,19154300
2009-02-12,15.720982551574707,15.762726425000396,15.053071022203515,15.303537447611038,20367000
2009-02-13,15.462165832519531,15.779423386232407,15.361978314679028,15.62914290568494,11804200
2009-02-17,14.894445419311523,15.119866217907582,14.794257866904235,15.08646983629611,21996100
2009-02-18,14.719115257263184,15.036374462352564,14.635627501380906,14.986281490337824,18669100
2009-02-19,14.769210815429688,15.036375474053244,14.376811329702733,14.844351074720935,19575900
2009-02-20,14.635624885559082,14.927835163774114,14.301667552010615,14.401855070560472,22969800
2009-02-23,14.168086051940918,14.894441223082234,14.126342179114255,14.785904605850233,15134700
2009-02-24,14.961234092712402,15.153258477643433,14.168087678533816,14.28497340223576,16498400
2009-02-25,14.493694305419922,14.86104484494248,14.218180604564667,14.84434825127449,16146500
2009-02-26,14.076248168945312,14.694066677019778,14.059549984082786,14.643973714858756,12636900
2009-02-27,14.001111030578613,14.301670462541828,13.708899100468983,13.925970774481083,18621000
2009-03-02,13.399985313415527,13.817430358598896,13.27475211834581,13.75898830706146,17103200
2009-03-03,13.65880298614502,13.934316664334732,13.349892938513383,13.49182432378848,19551300
2009-03-04,14.143041610717773,14.376809867016485,13.433384563182084,13.792387633842893,15800100
2009-03-05,13.349895477294922,13.85917906115016,13.233011346873136,13.77568971409452,17038600
2009-03-06,13.21631145477295,13.708896787214288,12.790517272878233,13.224660547644607,20629300
2009-03-09,13.015938758850098,13.558617087603134,12.907402933856817,12.92410032435628,14569200
2009-03-10,13.867526054382324,13.875875147065814,12.640237297374897,12.715376742886399,24287100
2009-03-11,13.850831031799316,14.17643775867344,13.67550323026381,13.992762454974928,14956900
2009-03-12,14.552136421203613,14.602229387256726,13.834130340593388,14.026154704152553,16768100
2009-03-13,14.301669120788574,14.727463334585142,14.20148318367571,14.727463334585142,17520000
2009-03-16,14.368461608886719,14.769210171784323,14.293322945297007,14.418556174515736,18963300
2009-03-17,14.8777437210083,14.886092814442831,14.326716293743308,14.360112667481427,11424200
2009-03-18,15.11986255645752,15.336934207084292,14.610579007201373,14.794254284303994,16190600
2009-03-19,14.777557373046875,15.278490225752163,14.59388050745668,15.15325701257584,17370100
2009-03-20,14.56883430480957,15.01132508187168,14.259924236972768,14.86104459440657,17766600
2009-03-23,15.796123504638672,15.796123504638672,14.81095276040477,14.886093009875273,15830500
2009-03-24,15.27013874053955,15.612443510369708,15.061416242232076,15.103160104923056,16570800
2009-03-25,15.470515251159668,15.762725533465558,14.911138779789443,15.311885674746039,16019200
2009-03-26,15.913012504577637,15.979803680966413,15.361984901263433,15.595754814837772,15556800
2009-03-27,15.520610809326172,15.821171826998281,15.361981206396239,15.704286102110864,13962400
2009-03-30,14.902791976928711,15.245096868019816,14.643976433221818,15.128212737138028,13150500
2009-03-31,15.16160774230957,15.43712147800689,14.877744912509073,15.078118393704681,14704500
2009-04-01,15.687588691711426,15.712634380265591,14.89444231067582,14.961233467531583,12933600
2009-04-02,16.873130798339844,17.115249729611374,15.988147599663815,16.071636941220437,25194100
2009-04-03,16.697803497314453,17.02341015593556,16.51412823211758,16.62266325418241,18478000
2009-04-06,16.38054847717285,16.697806092257924,16.155127712744918,16.514130798516764,11280900
2009-04-07,15.963101387023926,16.18017143853638,15.887961141336273,16.18017143853638,11623500
2009-04-08,16.16347885131836,16.322106882711505,15.862917794064678,16.021547417884907,12438100
2009-04-09,16.597618103027344,16.756247702463302,16.363849843255235,16.555874225904276,13841800
2009-04-13,16.305404663085938,16.438986955270412,16.088333040179535,16.36384671686333,14907400
2009-04-14,15.879615783691406,16.18852433980598,15.695938876613168,16.155129551881704,14315900
2009-04-15,16.47238540649414,16.530827473307834,15.89631224010755,15.963103401098468,12706700
2009-04-16,17.123600006103516,17.232135042927247,16.464035913905388,16.614316420605057,15449300
2009-04-17,17.01506233215332,17.282228545675146,16.764595897983376,17.17369192308855,14911100
2009-04-20,16.205217361450195,16.706151759961603,16.054936882654115,16.69780266753665,14272900
2009-04-21,16.255313873291016,16.288710250283692,15.988149227057198,16.04659129436748,11611000
2009-04-22,16.19687271118164,16.48073556177615,15.86291688472545,16.113383356460844,15812000
2009-04-23,16.38889503479004,16.472384378927245,15.996497187499996,16.213568845286016,14190400
2009-04-24,16.914875030517578,17.08185210901448,16.330451274711862,16.564221095519475,16599400
2009-04-27,16.480731964111328,16.823036810558786,16.36384784847365,16.380546034258074,17855500
2009-04-28,16.288711547851562,16.522481428141845,16.12173283444036,16.3638518096439,23172500
2009-04-29,17.54104232788086,17.891696256282902,16.255310726264494,16.430638486678813,28270400
2009-04-30,18.28409767150879,18.843474249055003,17.657929932125427,17.766466565377613,36593300
2009-05-01,18.317493438720703,18.350888222313873,17.632883654578748,18.167212931484304,15718000
2009-05-04,19.08559226989746,19.11898705296468,18.234003803921176,18.375935214917224,17603700
2009-05-05,19.327709197998047,19.486338793256895,18.91861316174253,18.943660442812913,16806900
2009-05-06,21.598608016967773,21.94926192963453,20.58839014782662,20.83050904600376,49777100
2009-05-07,21.147768020629883,21.849075893418195,20.855556141563646,21.540165828707803,23981600
2009-05-08,21.256303787231445,21.707145260860276,20.872255058519496,21.456678837128717,18172900
2009-05-11,20.630138397216797,21.01418876045997,20.605092707553823,20.96409578870716,14656600
2009-05-12,20.304529190063477,20.78876543714001,19.953875246151043,20.78876543714001,15536900
2009-05-13,19.70340919494629,20.02901586595533,19.561477796122173,19.945526526807022,14055900
2009-05-14,19.60321807861328,20.012314013833436,19.427891931701673,19.745149451438756,11893400
2009-05-15,19.544780731201172,20.221041391492633,19.427896605143257,19.57817710574731,20991800
2009-05-18,20.212696075439453,20.25444155142401,19.661668531860016,19.720112198238393,9355300
2009-05-19,19.887083053588867,20.37131927531828,19.828640998067026,20.246086071710543,11906400
2009-05-20,19.661664962768555,20.271136062091884,19.544780836083408,20.0373662162948,10524200
2009-05-21,19.394498825073242,19.45294088386689,19.144032403835702,19.269265614454472,12632300
2009-05-22,19.786903381347656,20.037369867723363,19.24422334015515,19.41120205935701,11099100
2009-05-26,20.488210678100586,20.54665274987956,19.519736372809643,19.59487663436176,16299800
2009-05-27,19.928829193115234,20.638484568465103,19.84533985706624,20.40471633843988,14981300
2009-05-28,20.02901840209961,20.371323302767493,19.611573245926394,20.095809563390247,12314700
2009-05-29,20.22104263305664,20.246089915504136,19.61992218615865,20.154251472290195,11215600
2009-06-01,20.897300720214844,21.08932506970632,20.663530908381812,20.73032205570174,11990000
2009-06-02,20.980792999267578,21.256306740623373,20.77207041968207,20.94739821459589,9792900
2009-06-03,20.939044952392578,21.00583610086805,20.663531265877936,20.755369692191678,10892000
2009-06-04,20.9891414642334,21.055932624001112,20.713627731138217,20.880606426770935,11521800
2009-06-05,20.830509185791016,21.331441985168116,20.747019855085988,21.272999931402556,10980400
2009-06-08,21.147768020629883,21.331443285435725,20.56334426249741,20.822161362701962,10700200
2009-06-09,21.147768020629883,21.28135032092988,20.939045477357805,21.02253481315196,8534800
2009-06-10,20.95574378967285,21.306397728186603,20.721973966521475,21.26465226382387,11791200
2009-06-11,21.06427574157715,21.406580537319833,20.95574073490871,20.99748460075971,9577300
2009-06-12,20.922351837158203,21.197865590436482,20.47151187380601,20.897306145677344,7332400
2009-06-15,20.2460880279541,20.68858042204487,20.070761844447993,20.68858042204487,7871500
2009-06-16,19.611572265625,20.396369565881404,19.511386324910372,20.296182032739956,13346200
2009-06-17,19.770198822021484,19.995619542597147,19.503034231306582,19.561476286472146,8615100
2009-06-18,19.8035945892334,20.0123171352126,19.628268414975658,19.836990960954864,9313800
2009-06-19,19.644969940185547,20.13755535982271,19.51973511736867,19.94552937463606,13805600
2009-06-22,18.91861343383789,19.477989979707313,18.893566152407267,19.36110585121803,12356600
2009-06-23,19.102285385131836,19.26091495497551,18.82677170720679,18.968703092345542,9802300
2009-06-24,19.118988037109375,19.603224359711206,19.018802090323845,19.269268549714585,10006700
2009-06-25,19.661664962768555,19.811945464179054,19.01880067357346,19.08559183059737,11652800
2009-06-26,19.561473846435547,19.6700088507152,19.32770406250643,19.553124754963825,12086600
2009-06-29,19.753501892089844,19.903782382022115,19.461290005268946,19.619919588244862,7735600
2009-06-30,19.47798728942871,19.828641218891434,19.23586997208092,19.78689734803283,10805200
2009-07-01,19.578176498413086,19.97892342597448,19.52808193814786,19.619920372874038,8102100
2009-07-02,19.06889533996582,19.57817895285543,18.84347456779236,19.35275818068197,15561200
2009-07-06,19.277612686157227,19.31935655451093,18.86851672507024,18.935307869892064,14452200
2009-07-07,18.810075759887695,19.386148820121004,18.78502848197149,19.294311985948116,15263700
2009-07-08,18.567956924438477,19.068891337767223,18.409327348525277,18.93530903986977,14542800
2009-07-09,18.810075759887695,18.901912594060583,18.451072738555094,18.684840962733276,9779600
2009-07-10,18.709888458251953,18.96870396335645,18.55960797386011,18.609702530275136,11076000
2009-07-13,18.952009201049805,19.018800356961822,18.426027454869235,18.776681421514027,8433300
2009-07-14,19.294315338134766,19.37780309417405,18.91861406625051,18.96870703835945,10361500
2009-07-15,20.104154586791992,20.145898456986,19.511383349418903,19.511383349418903,12112800
2009-07-16,20.69692611694336,20.86390317966076,20.33792312308256,20.488203594226754,15463500
2009-07-17,20.463159561157227,20.730324177785562,20.396368407000143,20.713625991139608,10516600
2009-07-20,21.181163787841797,21.231256750919012,20.68022937978989,20.855555546773434,13801500
2009-07-21,21.03923225402832,21.323095030224017,20.838857218244765,21.197860234752653,13081600
2009-07-22,21.18951416015625,21.373191037047043,20.86390746737974,20.94739681210948,8490700
2009-07-23,22.37505531311035,22.408451683370753,21.131069184588828,21.247954888073657,17220100
2009-07-24,22.19137954711914,22.39175298682539,21.849074721900973,22.233123416564656,8818000
2009-07-27,22.082847595214844,22.274871969191064,21.890821628811857,22.166335345690232,9796800
2009-07-28,22.016054153442383,22.199729414814634,21.78228433607412,22.18303122948263,10791500
2009-07-29,21.61530303955078,22.241470581530134,21.523466216243765,21.857421920147473,11834300
2009-07-30,21.890823364257812,22.29157192347308,21.865777674100347,22.024405686520605,17084100
2009-07-31,20.972442626953125,21.406584322826212,20.905651474324443,21.197861771808245,25054700
2009-08-03,21.306396484375,21.381536723414786,21.172814191065722,21.306396484375,18161500
2009-08-04,21.406585693359375,21.4232838806923,21.072629908834813,21.164468346739113,10073700
2009-08-05,21.09767723083496,21.456680297056593,20.86390738500007,21.406585734960462,12043000
2009-08-06,21.181163787841797,21.38988632516121,20.93069578760255,21.164465602673864,9145200
2009-08-07,22.283220291137695,22.400104411697384,21.373189829111432,21.398235516416104,14579100
2009-08-10,22.07449722290039,22.157986560965984,21.824029208703603,22.057799036801935,8199100
2009-08-11,21.623655319213867,22.049449501626555,21.515120296603563,21.98265835099868,8745200
2009-08-12,21.890823364257812,22.099545941846785,21.498425491664225,21.632007813927018,9024000
2009-08-13,21.924217224121094,21.99935747082112,21.465026650684624,21.940915410593703,10621800
2009-08-14,21.590261459350586,22.099543407411566,21.32309684546416,21.899169946996746,8901400
2009-08-17,20.947397232055664,21.323098494658034,20.78041853924865,21.18951458495632,9396100
2009-08-18,21.03923225402832,21.10602340181398,20.83050971814481,21.064277939181334,9701200
2009-08-19,21.272998809814453,21.37318631986355,20.872251954470958,20.872251954470958,11145500
2009-08-20,21.61530303955078,21.69879236363331,21.26464915234529,21.31474370225065,10030200
2009-08-21,22.366710662841797,22.425152725817355,21.598611565677057,21.748890473717015,13723300
2009-08-24,22.37505531311035,22.642221497913827,22.316613257581228,22.5336848869941,9356400
2009-08-25,22.433502197265625,22.792503674794094,22.37505854087899,22.525339043876716,11427900
2009-08-26,22.542034149169922,22.709012816875152,22.199729313558134,22.308264332867918,10588200
2009-08-27,22.550382614135742,22.633871945664534,22.13293754891833,22.625522853269,9044600
2009-08-28,22.4084529876709,22.60882644361645,22.199730438674283,22.60882644361645,9270100
2009-08-31,21.740543365478516,22.516989977879764,21.498424423144254,22.116243031009414,29465600
2009-09-01,21.43998146057129,22.266522601011435,21.364841212128844,21.615307645319163,26083200
2009-09-02,21.20621109008789,21.41493364332188,21.089326969853403,21.39823545688075,14833200
2009-09-03,21.239604949951172,21.398232925093296,21.080975382382533,21.364838148588934,11087600
2009-09-04,21.623655319213867,21.732191934250814,21.164466357700565,21.247955694092067,11638500
2009-09-08,21.940914154052734,22.007705303691374,21.78228457650098,21.965959839900588,12399400
2009-09-09,22.500293731689453,22.533688514899808,21.832380550787153,21.949266273090487,19096600
2009-09-10,23.6774845123291,23.68583360469065,22.508637060536895,22.508637060536895,21856400
2009-09-11,23.727581024169922,23.727581024169922,23.385276148263788,23.669138961321575,14221600
2009-09-14,23.443714141845703,23.619041892384836,23.201596838867335,23.535552563196035,12298300
2009-09-15,23.619047164916992,23.68583832469267,23.234996801886698,23.376928215463373,10712200
2009-09-16,23.68583869934082,23.760977361903453,23.460417934372266,23.635744134396553,10020300
2009-09-17,23.760976791381836,23.819420449080198,23.49381215446813,23.635743566881892,13941400
2009-09-18,23.74427604675293,23.944649489424386,23.585646474144728,23.852811064373338,14104800
2009-09-21,23.376928329467773,23.52720883780265,23.093065500930084,23.477115865833312,10935700
2009-09-22,23.69418716430664,23.710885353300228,23.385278630060075,23.485464579167683,9578900
2009-09-23,23.443714141845703,23.87785737968626,23.410319365626084,23.78601895833593,11057300
2009-09-24,23.351884841918945,23.64409681200671,23.08472015809943,23.4854671838287,11950300
2009-09-25,23.05966567993164,23.39362140748926,22.98452544217786,23.37692322300475,13628000
2009-09-28,23.568950653076172,23.6941838682532,23.1431564475329,23.184901914209725,8633100
2009-09-29,23.326833724975586,23.744278844501288,23.326833724975586,23.593998346683755,8057800
2009-09-30,22.926082611083984,23.37692405362581,22.750756445046548,23.318481998279996,18600700
2009-10-01,22.84259605407715,23.176551810803815,22.54203507680982,23.176551810803815,16124900
2009-10-02,22.717363357543945,22.76745792001607,22.408454851099858,22.583781042471884,14635300
2009-10-05,23.10141372680664,23.184903071902443,22.5420371848196,22.675619500002163,10263300
2009-10-06,23.52720832824707,23.652441551671526,23.10141409466245,23.234996411972116,11016400
2009-10-07,23.51885986328125,23.752629721037835,23.34353207185709,23.619047400156035,6861400
2009-10-08,23.936304092407227,24.203468723882878,23.58565011548873,23.602348303062662,10366700
2009-10-09,23.911256790161133,24.0114443230904,23.752628785627778,23.936304071500153,7091600
2009-10-12,23.911256790161133,24.337051018363603,23.78602356831966,23.969698854192035,6960000
2009-10-13,23.7192325592041,24.036491755113328,23.67748868247086,23.877862157158717,9426400
2009-10-14,24.136672973632812,24.21181321099208,23.77766997123331,23.952997722547106,9541600
2009-10-15,24.403837203979492,24.420535388136642,23.961346470800397,23.986392154609636,8734100
2009-10-16,24.5457706451416,24.645958166069015,24.05318531813727,24.228513081653592,12048800
2009-10-19,24.93817138671875,25.030008227386016,24.378794879779157,24.545771967082096,12627300
2009-10-20,24.504030227661133,24.821287835868507,24.203469214939624,24.821287835868507,10377800
2009-10-21,24.403837203979492,25.013306593877125,24.378791520170253,24.487326532338763,9611300
2009-10-22,24.579166412353516,24.687701430967124,24.086581097451926,24.270256356808257,7547900
2009-10-23,24.119977951049805,24.60421421504963,23.953000862472425,24.512377373681424,9778300
2009-10-26,23.919607162475586,24.604216964733983,23.727582772559575,24.10328405059255,13255900
2009-10-27,23.51885986328125,24.15337668368323,23.38527754239945,23.9029086377097,11176400
2009-10-28,22.742408752441406,23.510507796610206,22.734059659388556,23.435367551561228,14359600
2009-10-29,23.49380874633789,23.510506931829386,22.6923149518655,22.926083179039974,13171500
2009-10-30,22.85094451904297,23.635740127675668,22.775804276791195,23.493808735914158,12957000
2009-11-02,22.884340286254883,23.260041513745147,22.550384524278357,22.859293006946636,13301400
2009-11-03,23.05966567993164,23.15150250974341,22.625522437893473,22.75910472891652,12044500
2009-11-04,23.401973724365234,23.98639593001387,23.29343710268682,23.477113972472832,12832900
2009-11-05,24.211816787719727,24.295306129611006,23.568950925311647,23.568950925311647,12129800
2009-11-06,23.84446144104004,24.211813540639515,23.660786187453567,24.036487379365138,11862600
2009-11-09,24.211816787719727,24.2702588493156,23.568950925311647,23.93630307417723,12643300
2009-11-10,24.312002182006836,24.462281073305338,24.170070790980528,24.220163754746693,16938200
2009-11-11,24.453937530517578,24.604216446136352,24.30365702247194,24.387144778117857,11551800
2009-11-12,24.253564834594727,24.59586976204882,24.12833159642833,24.545776785267666,18282100
2009-11-13,25.4140625,25.489202758303186,24.804591339048947,24.837987717151233,29084900
2009-11-16,25.631132125854492,25.781411037987912,25.071755576895136,25.146895829175257,12891200
2009-11-17,25.773059844970703,25.82315280850681,25.25542724700893,25.272125432329833,10173600
2009-11-18,25.6060848236084,25.69792326352702,25.297174720881017,25.614433917457983,7843500
2009-11-19,25.22203254699707,25.38066213319958,24.97991521351328,25.263778013064417,8148500
2009-11-20,25.055051803588867,25.255425234190444,24.921469516521153,25.105144763132643,9205600
2009-11-23,25.44745635986328,25.68122622079355,25.305524942946136,25.305524942946136,8046300
2009-11-24,25.238731384277344,25.489199409860348,25.130196354556762,25.430755755858925,7829700
2009-11-25,25.555988311767578,25.672872424612063,25.046704804499573,25.247078251844375,10274900
2009-11-27,25.33891487121582,25.464148067818154,24.879724360438615,25.105145069778708,5688000
2009-11-30,25.230382919311523,25.35561773143587,25.004963760826627,25.238732012948265,10260500
2009-12-01,25.65617561340332,25.689571985962843,25.414058282053553,25.414058282053553,9318200
2009-12-02,25.70627212524414,25.773063283010867,25.464153183073,25.514246153291342,11386300
2009-12-03,25.322221755981445,25.85655101773999,25.29717447467646,25.714619608532022,9511700
2009-12-04,25.748018264770508,25.965089944698246,25.397364257568302,25.614435937496044,14406400
2009-12-07,25.88159942626953,26.081972908155876,25.73131891674805,25.823157359772704,12451500
2009-12-08,25.614429473876953,25.86489587620642,25.42240512592926,25.77305904464644,8703000
2009-12-09,25.631132125854492,25.82315650726955,25.480851621294242,25.82315650726955,9267900
2009-12-10,26.43341827392578,26.627658678676013,25.968933921276104,26.053386061064387,13609600
2009-12-11,26.771230697631836,26.881017367651413,26.49253972365356,26.59388101739612,15481000
2009-12-14,26.881013870239258,27.092145028113368,26.86412311988283,26.957020636052565,9230700
2009-12-15,27.176599502563477,27.3032785378315,26.69522432307568,26.77123109992016,15183800
2009-12-16,27.387727737426758,27.522850531682586,27.193488922032852,27.193488922032852,11940200
2009-12-17,26.965473175048828,27.269500319071835,26.72900743960971,27.168155790009447,14592500
2009-12-18,26.982358932495117,27.168150758201534,26.669886468923213,27.092147207854467,15229700
2009-12-21,27.36239242553711,27.438399196447325,27.01613846317351,27.06680910685008,7702900
2009-12-22,27.286386489868164,27.44684380155405,27.21037971663137,27.286386489868164,9162000
2009-12-23,27.387727737426758,27.421509241386097,27.058366127777024,27.28638644713027,6567900
2009-12-24,27.269498825073242,27.31172409907816,26.973917074665973,27.04147847954841,3557400
2009-12-28,26.94857406616211,27.328607878380595,26.855676554110804,27.227266602316025,7981600
2009-12-29,27.345504760742188,27.4299553061388,27.03303065529474,27.06681216208611,6242100
2009-12-30,27.261043548583984,27.345497292497498,27.109030031120575,27.2863812825485,6692500
2009-12-31,27.2357120513916,27.657971152963565,27.210377536203296,27.252602802044237,19651700
2010-01-04,27.08370018005371,27.657972851178748,26.91479749552859,27.446843287429292,13700400
2010-01-05,27.016136169433594,27.159704323320167,26.771226736798017,27.083697558863122,10307700
2010-01-06,26.872570037841797,27.02458357819566,26.754338000140216,26.940131432355656,10709500
2010-01-07,26.881013870239258,26.906349995773898,26.63610443323352,26.83034322996059,8202100
2010-01-08,26.923248291015625,26.97392055931681,26.627668113214508,26.737454806284756,7657500
2010-01-11,26.484092712402344,26.80500893716338,26.256072399372,26.627660878666926,11250500
2010-01-12,26.028053283691406,26.28140973564367,25.90982123925483,26.196957584992916,14618300
2010-01-13,26.424978256225586,26.492539655477035,26.070280507457763,26.087169649177515,9620600
2010-01-14,26.196956634521484,26.33207942634388,26.146284379495032,26.289852547155174,9235600
2010-01-15,25.84225845336914,26.306742840822988,25.68179953682715,26.188510802734527,13936400
2010-01-19,26.18851089477539,26.340524436160933,25.757806397779923,25.833813168472695,9662100
2010-01-20,26.340526580810547,26.382751852059755,25.94360194358825,26.180067650640026,13302800
2010-01-21,25.850704193115234,26.534763525788907,25.816922689876666,26.29829783549113,15403600
2010-01-22,25.31865692138672,25.935154861508845,25.2933224046197,25.757806800976756,14459400
2010-01-25,25.267986297607422,25.529786506087504,24.955513833970624,25.52134113022805,11155800
2010-01-26,25.048410415649414,25.284876098449214,24.761274090389183,25.166642451653974,11197300
2010-01-27,24.761274337768555,25.175088078709436,24.499474136518344,24.963958520425884,16121200
2010-01-28,24.78661346435547,24.896400139201535,24.246120634400754,24.85417486675095,17126000
2010-01-29,24.955514907836914,25.183535233481916,24.70216006431412,24.803502968197723,14507900
2010-02-01,24.9301815032959,25.141311085923828,24.778167946077247,24.9977429053052,10894200
2010-02-02,25.31865692138672,25.343993048944476,24.676822853706835,24.938624672764785,10100900
2010-02-03,25.968936920166016,26.07027982177314,25.158200150472112,25.26798681732162,15976200
2010-02-04,25.056856155395508,25.74936085198616,25.0484107797309,25.572012795401548,13407100
2010-02-05,24.94706916809082,25.20042399156308,24.482583177337425,25.023074326499952,11956100
2010-02-08,24.896398544311523,25.29332316739957,24.87950779209697,25.132864242942894,10656800
2010-02-09,25.200428009033203,25.369332325468683,24.896400883765722,25.242653282746602,14376800
2010-02-10,25.360883712768555,25.411554356917748,24.516365459925268,24.62615212404697,24191900
2010-02-11,25.470670700073242,25.698691017823926,25.132863716807833,25.183534361599953,12389400
2010-02-12,25.394664764404297,25.50445304432799,25.217316696391748,25.217316696391748,12802700
2010-02-16,25.732471466064453,25.75780759440265,25.47911662584566,25.57201415229492,9061600
2010-02-17,26.061838150024414,26.12095417986817,25.656468096769647,25.791592521715238,9768600
2010-02-18,26.196956634521484,26.23918190291946,25.909820299201204,26.061833842699087,8212300
2010-02-19,26.374305725097656,26.619216801587818,26.05338948468002,26.129396259398295,12595600
2010-02-22,26.281408309936523,26.57698840499342,26.230736055820447,26.475647118342685,7868200
2010-02-23,26.112503051757812,26.408084746670283,26.061832410307023,26.20540057007647,10228300
2010-02-24,26.509428024291992,26.602325549600785,26.188511789901888,26.222291683147322,12062100
2010-02-25,26.484092712402344,26.526317980389866,26.053388213608603,26.078722730084824,10553800
2010-02-26,26.382755279541016,26.52632347554699,26.163180296779466,26.509432720536626,13449800
2010-03-01,26.636110305786133,26.68678095723633,26.46720598656419,26.517876638014386,8681000
2010-03-02,26.923248291015625,26.957029803216415,26.509434431302903,26.526325187403298,14070600
2010-03-03,26.720556259155273,26.990801834800276,26.64454948965628,26.982358070003222,10345500
2010-03-04,27.50596046447754,27.75087154190764,26.957023897798344,27.041476049008406,23075400
2010-03-05,28.05489730834961,28.05489730834961,27.65797269976749,27.691754202962024,19204800
2010-03-08,28.029556274414062,28.291358061016542,27.82687372224144,27.835317486256518,13176600
2010-03-09,28.13090705871582,28.156241578003833,27.68331014794288,27.869105213606435,11072700
2010-03-10,28.147794723510742,28.37581181524667,27.95355269167704,28.021115697807275,9652900
2010-03-11,28.55316162109375,28.553161621093746,27.970441998846535,28.139346283868644,11392500
2010-03-12,28.45182228088379,28.553166803238952,28.266030433063058,28.553166803238952,9610400
2010-03-15,28.47715950012207,28.50249401945541,28.17313238179479,28.30825518754227,8235900
2010-03-16,28.502490997314453,28.57005400381534,28.282917669349505,28.494047232292576,8472600
2010-03-17,28.502490997314453,28.578497768837217,28.316695951018485,28.5362725005649,7858400
2010-03-18,28.52783203125,28.58694806465282,28.308258653122703,28.451825242363206,8044200
2010-03-19,28.409591674804688,28.696727991084334,28.274468891942576,28.409591674804688,16729000
2010-03-22,28.6713924407959,28.874074996980124,28.223795621191876,28.266024106846306,11717600
2010-03-23,28.722068786621094,28.798075569949837,28.485604670301424,28.71362502028766,7038000
2010-03-24,29.04298210144043,29.076763604619277,28.603832224859826,28.637613728038673,12195200
2010-03-25,29.634145736694336,29.980398092847057,29.068316829860485,29.127436071645008,32705900
2010-03-26,29.81993865966797,30.064846488099143,29.431457841117435,29.465239342135963,22909800
2010-03-29,29.693260192871094,29.912833510405203,29.532802892426215,29.794601476226735,12560500
2010-03-30,29.642593383789062,29.72704715341177,29.35545701023566,29.667931125466826,17201800
2010-03-31,29.482141494750977,29.727052639481855,29.397690931124984,29.617264329502067,10789500
2010-04-01,30.022615432739258,30.056396927243004,29.566574921680584,29.6172471634362,14603000
2010-04-05,29.74393081665039,30.01417637185514,29.61725180320642,29.79459984476307,10607900
2010-04-06,29.955060958862305,30.073292988938316,29.64258691185432,29.760822163511534,12637700
2010-04-07,29.82838249206543,29.97195226093051,29.60880917810745,29.887498508191857,9242200
2010-04-08,30.12396812438965,30.191531139032087,29.67637442791998,29.794606481962397,9915900
2010-04-09,30.58845329284668,31.14583523170514,30.09863114151994,30.250644690443302,21346000
2010-04-12,30.309762954711914,30.681353089159355,30.233756174627832,30.520892541436385,10410800
2010-04-13,30.26753044128418,30.453325464063237,30.157742180407364,30.292864954724575,10922200
2010-04-14,30.571565628051758,30.58000939425288,30.20842247134713,30.30976377367017,9267400
2010-04-15,30.74046516418457,30.83335946427351,30.28442454230179,30.470219585642496,9185900
2010-04-16,30.259090423583984,30.833359869344253,30.132411397536284,30.588452025410263,12327500
2010-04-19,30.546222686767578,30.54622268676758,30.04796002616679,30.233751845203592,9840500
2010-04-20,30.85869789123535,30.951595414980293,30.63912134027795,30.63912134027795,16515000
2010-04-21,30.87558937072754,31.036046683608124,30.698238084133504,30.73201958839728,9039700
2010-04-22,31.061382293701172,31.137389070177672,30.50400034006741,30.656013893020408,10494600
2010-04-23,31.069828033447266,31.120497068009527,30.81647319589132,31.07827179868046,7677100
2010-04-26,31.280960083007812,31.36541062836491,30.968485977706592,31.0444927571607,9983200
2010-04-27,30.672903060913086,31.09516219250229,30.537780267667802,31.06138068879559,10931300
2010-04-28,30.64756965637207,30.867142995272683,30.368877073048065,30.84180847736382,10930900
2010-04-29,31.43297576904297,31.576542350181807,30.824921492261964,30.824921492261964,10576700
2010-04-30,31.1120548248291,31.660993017706566,30.909369011919694,31.40763494617438,11456400
2010-05-03,31.720104217529297,32.074800309196384,31.11205009286433,31.204947608752722,10887500
2010-05-04,30.900920867919922,31.500528012880086,30.67290056879819,31.492084248430206,13195700
2010-05-05,29.845273971557617,30.875587229064866,29.625700652236755,30.765798958613765,17960000
2010-05-06,28.722068786621094,30.022627869543207,26.18006987143875,29.693266215645963,25181500
2010-05-07,28.21535301208496,29.00919896253693,27.674861878025638,28.59538684746457,22579800
2010-05-10,29.803056716918945,30.090193117271927,29.186558638251523,29.549701827568008,18282600
2010-05-11,30.199974060058594,30.6137894592101,29.676373597557756,29.997291464966164,19853200
2010-05-12,29.667924880981445,30.5800028498598,29.406123082627776,29.541245864001652,25533300
2010-05-13,29.34701156616211,30.005734823647515,29.338567800473562,29.710154700822454,15445900
2010-05-14,28.764297485351562,29.37234853467637,28.57005864249678,29.271007230052568,16945200
2010-05-17,28.882530212402344,29.000762274128512,28.11401858960018,28.899420967160662,15136700
2010-05-18,28.485597610473633,29.25410901962781,28.308249567187556,29.01764496191304,17393800
2010-05-19,28.198467254638672,28.544719650056248,27.945112393383685,28.266030269150317,18536600
2010-05-20,27.016136169433594,27.83531821761546,27.016136169433594,27.666413938646343,26615500
2010-05-21,27.759315490722656,27.759315490722656,26.517874175342204,26.517874175342204,20122900
2010-05-24,27.429954528808594,27.860660674238353,27.11748365379798,27.49751754047668,14040200
2010-05-25,27.294832229614258,27.33705750189342,26.357416365740743,26.669888857295543,26555900
2010-05-26,27.928220748901367,28.58694401146874,27.142818448956383,27.45528932715094,25296300
2010-05-27,29.026092529296875,29.02609252929688,28.274471771724258,28.375813063797235,16214500
2010-05-28,28.22379493713379,28.755842271989184,28.071784634470454,28.460262209059003,15832700
2010-06-01,28.147794723510742,28.603832128564044,27.742423129892224,27.91977441019337,15438800
2010-06-02,29.338563919067383,29.380789185087295,28.257578423786125,28.350475941978708,18309300
2010-06-03,29.31322479248047,29.6425863620349,28.97541945875488,29.490572834304988,17752500
2010-06-04,28.45182228088379,29.009204267509716,28.240692691683336,28.76429639243941,21813100
2010-06-07,27.902883529663086,28.77273628928905,27.87754579169066,28.46026544133491,14577700
2010-06-08,27.995779037475586,28.13934558213632,27.370834164952893,27.89443453604086,15662500
2010-06-09,27.81842803955078,28.561604949347068,27.725533744709825,28.122455103630227,13707600
2010-06-10,28.8065185546875,28.907859844515333,28.249136628262146,28.31669641428686,13720200
2010-06-11,28.91630744934082,28.93319498002183,28.358925511001466,28.58694261259256,8799700
2010-06-14,28.654504776000977,29.19499594612694,28.646057789328168,29.127436160651943,9336800
2010-06-15,29.549699783325195,29.558143549700468,28.80652270060406,28.80652270060406,11552200
2010-06-16,29.380794525146484,29.499026580123836,29.118992673709585,29.380794525146484,9416200
2010-06-17,29.617263793945312,29.651045307417853,29.220339064599074,29.38924341037933,10951100
2010-06-18,29.684818267822266,29.853719343354722,29.49057623211322,29.71859654997985,14672300
2010-06-21,29.608806610107422,30.25908595268004,29.439902340860602,29.98039342518564,11382500
2010-06-22,29.009204864501953,29.946620775296534,28.9585358238635,29.659484399211546,9731000
2010-06-23,29.00075340270996,29.24566443941346,28.755842366006462,29.017644152301347,9474000
2010-06-24,28.37581443786621,28.865636612837633,28.257582387792212,28.823411340894314,10273200
2010-06-25,28.27446937561035,28.443373662472613,27.970442303574544,28.299803891086228,11155500
2010-06-28,28.05489730834961,28.510934715149972,27.91132753056357,28.342033642340226,7802000
2010-06-29,27.277944564819336,28.18157902454711,27.058371191158347,28.13090998070803,15868300
2010-06-30,26.602325439453125,27.455287472555593,26.48409339739749,27.1597073674165,17186400
2010-07-01,26.59387969970703,27.109034740753295,26.104059175445705,26.576988947989907,19906200
2010-07-02,26.5009822845459,26.754338728967706,25.943600361924968,26.652995829040833,15597300
2010-07-06,26.788118362426758,27.27793888395164,26.500982028002785,26.830345241483656,15215500
2010-07-07,27.98733139038086,28.012665904350428,26.737444896444522,26.796560910094264,14309500
2010-07-08,28.156238555908203,28.3251428500568,27.784651686046463,28.147794790912428,10044000
2010-07-09,28.502490997314453,28.544716265586775,28.181573159598177,28.190020146201523,8530900
2010-07-12,28.519384384155273,28.620725681689162,28.198466516785913,28.358927061261475,10094300
2010-07-13,29.09365463256836,29.279446458653915,28.67983926865034,28.806518295983597,8653000
2010-07-14,28.91630744934082,29.144324550931913,28.646058634720855,28.91630744934082,7955100
2010-07-15,28.755847930908203,29.068318804866298,28.3758140455096,28.840301695208836,10656300
2010-07-16,27.89443588256836,28.713619590013,27.80153836255942,28.62072207000406,13060100
2010-07-19,28.13090705871582,28.29136438350956,27.860661447704363,27.94511199305227,9647000
2010-07-20,28.2069091796875,28.249134445387796,27.700196326540144,28.147793163390833,11632000
2010-07-21,27.708642959594727,28.375809880954105,27.55662942774544,28.266024835848356,10151100
2010-07-22,28.36737060546875,28.51938416137299,27.91132993775603,27.945111443864025,9984500
2010-07-23,28.823413848876953,28.89097364554843,28.249141080050272,28.308257110231075,10790200
2010-07-26,29.05143165588379,29.32167726203866,28.789629815479252,28.789629815479252,10104400
2010-07-27,28.950090408325195,29.27100830998627,28.679844771636535,29.27100830998627,7103000
2010-07-28,28.747400283813477,28.890966831367738,28.544714498440158,28.87407608078819,6089200
2010-07-29,28.468713760375977,29.389238921620613,28.223802657480167,28.899419937410944,9938400
2010-07-30,28.45182228088379,28.61228283048853,27.885996528185867,28.18157666443376,7805000
2010-08-02,29.11899185180664,29.28789616339908,28.823411722706215,28.831855488574032,9948800
2010-08-03,28.890972137451172,29.178108506876107,28.730514809847946,29.085210972417766,8503300
2010-08-04,29.414569854736328,29.524354898967285,28.831850246763565,29.059870542720578,9840700
2010-08-05,29.541248321533203,29.6003643419533,29.186552199012628,29.287893488078293,8407300
2010-08-06,29.558143615722656,29.634150399597797,29.042986882966943,29.203447438693342,8061700
2010-08-09,29.693260192871094,29.752376209960328,29.47368687533698,29.524355906224145,7809300
2010-08-10,29.803056716918945,29.90439802834288,29.330125227636913,29.465248050062893,12353400
2010-08-11,28.899415969848633,29.36390036984614,28.82340919737039,29.36390036984614,15028900
2010-08-12,28.705177307128906,28.966975908034772,28.4687100017404,28.58694204364389,11809600
2010-08-13,28.443382263183594,28.55317056607905,28.215361890207927,28.536279810127265,11058100
2010-08-16,28.426488876342773,28.502495660300184,27.96200440619502,28.240693799650874,6917800
2010-08-17,28.510940551757812,28.705182624099855,28.29981094594284,28.646063370616112,9875200
2010-08-18,28.637615203857422,28.899417034613048,28.2069122916663,28.553164663139672,8325000
2010-08-19,28.029556274414062,28.527822112411627,27.919771234312677,28.477153085159014,12070700
2010-08-20,27.911325454711914,28.038004471479177,27.624189142076514,27.869100189649902,8632700
2010-08-23,27.809982299804688,28.333582638760745,27.7001940407784,28.063337094681426,8046500
2010-08-24,27.1428165435791,27.61574793213059,26.999248373981466,27.43839986951685,14229700
2010-08-25,27.117481231689453,27.227269505053044,26.64454985699979,26.91479704716133,14144000
2010-08-26,26.973913192749023,27.396170704402383,26.92324093828642,27.176597378227296,10120500
2010-08-27,27.683311462402344,27.742427491269186,26.6698903729901,27.134376448412816,11144000
2010-08-30,27.320165634155273,27.860660050657398,27.294831116137637,27.641083489232425,7057900
2010-08-31,27.48062515258789,27.725536222941038,26.948577742892105,27.193488813245256,12520700
2010-09-01,28.2998046875,28.460265214246427,27.793095034234696,27.869101804382634,10020900
2010-09-02,28.637615203857422,28.696731226676174,28.316697350283047,28.39270412556167,7034600
2010-09-03,29.27945327758789,29.304791021904382,28.73051821499164,28.73051821499164,8473800
2010-09-07,28.578493118286133,29.24566320179783,28.426479599977622,29.13587494489036,10733100
2010-09-08,28.578493118286133,28.798066410520125,28.502486359131876,28.612274616039343,8370900
2010-09-09,28.78118324279785,29.12743559326382,28.713620237057455,29.000756568291287,6990600
2010-09-10,28.840301513671875,28.9500865741991,28.75584774990284,28.84874527925794,7362900
2010-09-13,28.941646575927734,29.279452010230738,28.64606319663274,29.068322405698073,8826700
2010-09-14,28.755847930908203,28.90786148506764,28.47715856267036,28.90786148506764,7761800
2010-09-15,28.890972137451172,29.06832021873608,28.612282755658004,28.722067822216175,7262300
2010-09-16,28.85719108581543,28.874081839763864,28.4687134097472,28.78963129160361,7297600
2010-09-17,29.186555862426758,29.330122438158064,29.01765154506259,29.0345422989572,19012800
2010-09-20,29.47368812561035,29.549694896746615,29.161214054504892,29.186551792604615,10219200
2010-09-21,29.135883331298828,29.5412517562749,28.941644495679995,29.482135728981422,11630600
2010-09-22,28.705177307128906,29.397682028204947,28.62917053425073,29.194996226669303,9897700
2010-09-23,27.97043800354004,28.485594549560766,27.869096735634905,28.43492230481779,18090900
2010-09-24,28.35892677307129,28.561609366079352,28.13090643975092,28.190022464510083,10657100
2010-09-27,28.1140193939209,28.426490311934195,28.105572405509044,28.37581804620954,7884000
2010-09-28,28.05489730834961,28.266026870943254,27.818430007569333,28.18157311295692,12863900
2010-09-29,27.87755012512207,28.021119924011597,27.598860736755945,27.89444087920213,9231200
2010-09-30,27.953550338745117,28.282915133534253,27.725533266202053,28.0295571034532,14459500
2010-10-01,28.156238555908203,28.35892435320281,27.970443510186605,28.122457052762194,12916300
2010-10-04,27.98733139038086,28.375808971959493,27.936662362441723,28.06333815387069,10708300
2010-10-05,28.57005500793457,28.705177804103883,28.17313038474527,28.198464902282772,14555400
2010-10-06,28.47715950012207,28.696732851368548,28.240692173877626,28.57850079903723,11339900
2010-10-07,28.637615203857422,28.696731226676174,28.4433763829413,28.52782692365905,9029800
2010-10-08,29.144323348999023,29.304783878085395,28.544716165522203,28.688285943042562,12971700
2010-10-11,29.19499397277832,29.33856374227845,29.07676194000249,29.15276870701285,5347500
2010-10-12,29.11899185180664,29.228780137578994,28.679841930299013,29.017650553483893,9077900
2010-10-13,29.482141494750977,29.727052639481855,29.211895825248803,29.271011864103496,14425700
2010-10-14,29.431455612182617,29.515909358332987,29.203438551529143,29.380786586073405,7358700
2010-10-15,29.45679473876953,29.68481503177889,29.18654918148018,29.591917517414206,9641200
2010-10-18,29.34701156616211,29.558141145774787,29.135881986549435,29.414574577997392,6926200
2010-10-19,28.91630744934082,29.220331325322807,28.71362164377124,29.135880785591407,9554500
2010-10-20,29.23722267150879,29.347010952655108,28.94164255486291,28.94164255486291,10107800
2010-10-21,29.28789710998535,29.591924236361553,29.102102039070584,29.355456903856787,16888400
2010-10-22,29.53280258178711,29.54969333243227,28.96697371070867,29.279444543690964,9598800
2010-10-25,29.946613311767578,30.166189838416074,29.642586257381126,29.693258506972576,11230400
2010-10-26,30.368879318237305,30.377326305885834,29.549698703332485,29.66793075775698,14800400
2010-10-27,30.3350887298584,30.368870227176142,29.955058160566946,30.06484319447826,11752600
2010-10-28,30.833354949951172,30.841801935183433,30.351979882302555,30.360426867534816,14226000
2010-10-29,30.512449264526367,30.833363921952365,30.259094400712517,30.833363921952365,12926000
2010-11-01,30.427988052368164,30.81646885154154,30.199967764238494,30.580001577787943,8454000
2010-11-02,30.49555778503418,30.782694149612144,30.487110797544997,30.715131136025892,16355300
2010-11-03,30.64756965637207,30.765801702055604,30.360433307605653,30.503999871198047,12050100
2010-11-04,31.272510528564453,31.38229880578231,30.791135372062023,30.824916876064673,16674900
2010-11-05,31.41608428955078,31.47520031825343,31.061384895752944,31.061384895752944,9712900
2010-11-08,31.297853469848633,31.365413267502543,31.15428366476321,31.2894064816531,6802600
2010-11-09,31.128944396972656,31.441415259340076,30.97693084845195,31.4076337548729,7600000
2010-11-10,31.23873519897461,31.247178964982645,30.833363555788218,31.17117218458293,7857200
2010-11-11,30.34354019165039,31.57653603142741,29.684817004675534,31.145833152616476,37821800
2010-11-12,31.880571365356445,32.091700977047545,30.90937386294449,31.04449668556351,39192700
2010-11-15,31.45830535888672,31.80455771853738,31.365407834320187,31.60187191752117,11658400
2010-11-16,31.17961311340332,31.492087194158508,31.002265049135705,31.13738784404173,12409800
2010-11-17,31.43297576904297,31.51742632011499,30.993825815988025,31.07827636706004,10600500
2010-11-18,31.736995697021484,31.905896760792444,31.416077877010345,31.416077877010345,9520400
2010-11-19,31.2556209564209,31.525869777062123,31.03604761527813,31.331627732505254,13691800
2010-11-22,31.204952239990234,31.28940278246899,30.841809108484544,31.14583621593877,6558800
2010-11-23,30.50400161743164,30.92626078852071,30.40266031841317,30.850254008861405,11925900
2010-11-24,31.137393951416016,31.23029149518163,30.656018698796192,30.70669096491803,9098200
2010-11-26,30.993820190429688,31.188058999905476,30.76579987802382,30.833359662302538,3490900
2010-11-29,30.757352828979492,31.00226389235256,30.487107249251082,30.782690566916262,8495200
2010-11-30,30.833354949951172,31.103603710507446,30.419542877836857,30.436433626720437,17578900
2010-12-01,31.34851837158203,31.59342945158682,31.280958582852712,31.37385611123947,15010900
2010-12-02,31.53431510925293,31.745444695356234,31.28940401619346,31.29785100372341,13967700
2010-12-03,31.745439529418945,31.812999310755448,31.289398924467683,31.289398924467683,6901500
2010-12-06,31.720104217529297,31.863670762752296,31.48363693483669,31.61031595133563,5086200
2010-12-07,31.5258731842041,32.074808207177725,31.50898242973971,31.956576147509004,8123100
2010-12-08,31.221843719482422,31.660993638072764,31.196505978883714,31.644102884867547,8561900
2010-12-09,31.36698341369629,31.5889584454476,31.17061675195335,31.477969301162304,6547200
2010-12-10,31.29867172241211,31.546261561257403,31.247445227776375,31.46942344771294,6748900
2010-12-13,31.69994354248047,31.998756673383408,31.2218392762169,31.546267287496423,12361700
2010-12-14,31.793859481811523,32.015834501353844,31.70848196904979,31.751169097021105,6954600
2010-12-15,31.546266555786133,31.904842304552556,31.503579431907102,31.725554430169346,7258400
2010-12-16,31.597490310668945,31.742630442378044,31.503579939349933,31.606029689673573,7649800
2010-12-17,31.631643295288086,31.734093052031877,31.39259277727956,31.56334454306524,11285400
2010-12-20,31.640182495117188,31.879233011767948,31.452355228137858,31.61456761346244,5114100
2010-12-21,31.870695114135742,31.94752998436376,31.674328478601314,31.73409110443567,4783900
2010-12-22,32.400020599365234,32.43417159965573,31.879229243800445,31.95606736604474,7229000
2010-12-23,32.186588287353516,32.39148781718557,32.03291201156983,32.31464967929372,4506000
2010-12-27,31.998748779296875,32.22926310490509,31.84507256222473,32.05851139073403,3518900
2010-12-28,31.89629554748535,32.03289625244346,31.648705751993255,31.98166976677753,3464300
2010-12-29,32.101200103759766,32.30610282233311,31.85361352554052,31.973138754367376,5097000
2010-12-30,31.998748779296875,32.143888876228594,31.921910670760802,32.08412626479143,3411800
2010-12-31,32.02436065673828,32.10119876589867,31.768234711809672,31.904835432892803,3650800
2011-01-03,32.28903579711914,32.442712062169676,32.11828402963864,32.22073704421839,7591000
2011-01-04,33.28793716430664,33.29647328855948,32.3146529016818,32.38295492298303,21974200
2011-01-05,34.11606979370117,34.15022079613383,33.44160215134101,33.49282865498999,22003400
2011-01-06,33.85140609741211,34.056305588870416,33.67211497136272,33.88555384144269,14738300
2011-01-07,33.6806526184082,33.877015977968185,33.43306276020793,33.76602685932349,6598700
2011-01-10,33.723350524902344,33.766037659012994,33.23671003103793,33.305008794251044,8772600
2011-01-11,33.63797378540039,33.98801347030264,33.50137301219023,33.808722309298595,6494800
2011-01-12,33.44160461425781,33.851410159993485,33.33061873340603,33.70627001737479,9586900
2011-01-13,33.518436431884766,33.60381392816863,33.30499757640282,33.45013769167615,7084100
2011-01-14,33.5440559387207,33.58674306434481,33.2964660505544,33.381840301802605,5214000
2011-01-18,33.62943649291992,33.73188626498307,33.296472291100045,33.35623492953851,7892000
2011-01-19,33.37330627441406,33.714809814482635,33.26231713536891,33.37330627441406,8371900
2011-01-20,33.44160461425781,33.62943188465174,32.87812605989513,33.30500385128562,8977900
2011-01-21,33.928245544433594,34.09899404170341,33.535515532984064,33.54405491193885,10931800
2011-01-24,34.098995208740234,34.10753458798728,33.757494945693935,33.84286919725078,7794300
2011-01-25,34.03068542480469,34.08190865640268,33.697721392146214,33.97092281672844,7920300
2011-01-26,33.672115325927734,34.09045694868983,33.61235270222154,34.013618824379186,9777100
2011-01-27,33.68918991088867,33.88555327727471,33.50990204464298,33.75749191145007,8231000
2011-01-28,33.16839599609375,33.97092815667095,32.997647521503055,33.60381307402785,8399900
2011-01-31,33.18547439575195,33.509902388106546,32.99765040592028,33.330614520023225,8206400
2011-02-01,34.04777526855469,34.107537901814695,33.33062041261537,33.33062041261537,9283000
2011-02-02,34.56856155395508,34.756385548916,33.979468175852894,33.979468175852894,15357000
2011-02-03,34.57710266113281,34.79054156644845,34.3892753822729,34.49172840173425,9513800
2011-02-04,34.75639343261719,34.807619946581795,34.50026737643316,34.551493890397765,11142200
2011-02-07,34.9527587890625,35.17473710506508,34.756395359872336,34.8332335066702,7283900
2011-02-08,35.157649993896484,35.20887649379171,34.82468588662401,34.91859950802263,11850200
2011-02-09,37.01884078979492,37.60793094080426,36.47243776448442,36.50658551095213,35806100
2011-02-10,36.97614288330078,37.27495593288937,36.4809632504763,36.52365036372924,14829000
2011-02-11,37.06153106689453,37.14690532555171,36.71149139548938,36.74564240167993,14199200
2011-02-14,36.916385650634766,37.06152250819905,36.694407418477276,36.87369527434555,7500600
2011-02-15,36.7883186340332,37.19812081647575,36.6944050232367,36.71148052127408,12069100
2011-02-16,37.309120178222656,37.31765630117804,36.75417773836781,36.89077850338789,7902800
2011-02-17,37.309120178222656,37.479871948702545,37.11275678205749,37.13836840774277,6396000
2011-02-18,37.18959426879883,37.266432401336765,36.93346498912632,37.266432401336765,15918200
2011-02-22,36.41267395019531,36.83955170690654,36.199235071839695,36.56635020315686,14162700
2011-02-23,35.968719482421875,36.95907571440393,35.83211873514224,36.63464771830777,18834700
2011-02-24,36.21631622314453,36.25900661476998,35.51623679050616,35.85774038259203,14504800
2011-02-25,36.66880798339844,36.822484270015394,36.19924299954421,36.28461726685605,9457300
2011-02-28,37.343265533447266,37.454251399170175,36.71148505530918,36.72856055545547,12528200
2011-03-01,36.70295715332031,37.38596102803822,36.685881649349945,37.249360253094636,12093400
2011-03-02,36.95907974243164,37.2408173895432,36.69441434087429,36.83101510304152,7624800
2011-03-03,37.624996185302734,37.77013628129409,37.23226952502642,37.23226952502642,9641500
2011-03-04,37.18104934692383,37.85551693679559,36.79685874150203,37.59085157376755,11127700
2011-03-07,36.728572845458984,37.23228886946116,36.18216968521658,37.16398684602099,11765100
2011-03-08,36.88223648071289,37.206664467046934,36.48097037279496,36.76271123754209,6864300
2011-03-09,36.81393814086914,37.035916406100604,36.549276006625625,36.91639115104625,5386700
2011-03-10,36.25899887084961,36.56635138672096,35.994333480667294,36.41267512878528,10210600
2011-03-11,36.651729583740234,36.81394198154867,36.079711616107545,36.22485176725765,6954800
2011-03-14,36.06262969970703,36.4382809050306,35.49915126331247,36.40412990723253,11005600
2011-03-15,35.53330612182617,35.738208892839445,34.68808992634167,35.11496771386852,14572000
2011-03-16,34.66246795654297,35.4991511150083,34.50879172391206,35.19179864974649,16754900
2011-03-17,34.799076080322266,35.17473062066935,34.56002555960618,35.16619124103288,9378400
2011-03-18,35.200340270996094,35.57599153344787,35.14911376650858,35.21741577249193,13291500
2011-03-21,35.70406723022461,35.8492074095058,34.995451611065576,35.39671462169495,7130300
2011-03-22,35.37963104248047,35.815048224156754,35.3284077906262,35.72967070970103,6881000
2011-03-23,36.06262969970703,36.15654005842412,34.89298245126112,35.34547503003955,11705500
2011-03-24,36.59196090698242,36.702950032847944,36.19923416231211,36.2589967862046,7011100
2011-03-25,36.685874938964844,36.9163893151713,36.52365930932764,36.66026005928494,7935500
2011-03-28,36.30168914794922,36.96761748560155,36.30168914794922,36.873703846841515,6022900
2011-03-29,36.660255432128906,36.737093547832764,36.16507899734054,36.35290622613183,5452700
2011-03-30,37.01030349731445,37.12129263584446,36.754177471861375,36.83955498489181,7004800
2011-03-31,36.7883186340332,36.89076836543928,36.455354564349776,36.76270701538625,7206400
2011-04-01,36.58342742919922,37.03592012756844,36.404139528602364,36.90785548038824,8404800
2011-04-04,36.395599365234375,36.7541751266246,36.293146356135246,36.60049886979482,6841000
2011-04-05,36.22484588623047,36.56634938670187,36.02848251334597,36.42120925911497,7635700
2011-04-06,36.08824157714844,36.48096828417329,35.90895372265689,36.472432163072064,7826300
2011-04-07,35.891883850097656,36.08824723439228,35.4308550747178,36.0114091051623,9439900
2011-04-08,35.65283203125,36.06263758074795,35.34548275435521,36.04556207811728,7271800
2011-04-11,35.76382064819336,35.806507775737735,35.47354362134488,35.65283151112271,6882700
2011-04-12,35.541847229003906,35.64429699108087,35.21741918280445,35.507696222705185,8387000
2011-04-13,35.60160446166992,35.87480595698289,35.4223165910243,35.712593586896666,5964800
2011-04-14,35.02104949951172,35.48207823138453,34.867373255554114,35.430851731125784,11204000
2011-04-15,35.44792938232422,35.61014175775928,34.96982512135202,35.20033950127689,8376900
2011-04-18,35.17473220825195,35.24303096433098,34.54295161622001,34.978368806398315,9975800
2011-04-19,35.30278778076172,35.39670140461411,34.90152491996337,35.07227666725692,6903700
2011-04-20,35.891883850097656,36.25045961529159,35.652830083149425,35.75528309333536,7400000
2011-04-21,36.08824157714844,36.19923069237492,35.94310146388021,36.13092869629141,4860800
2011-04-25,35.79796600341797,36.156541726384184,35.7467395043577,36.148005604950086,5157000
2011-04-26,36.13947296142578,36.23338333351265,35.6186815697259,35.84065657337856,7290800
2011-04-27,36.3529052734375,36.43827950784068,36.01140182218821,36.0797005583471,5396900
2011-04-28,36.728572845458984,36.83956200513939,36.18216968521658,36.18216968521658,6529800
2011-04-29,36.79686737060547,37.010306284023876,36.54928070622283,36.74564411574944,5740200
2011-05-02,36.9420051574707,37.38595845974404,36.89077864907869,37.11275692862493,5601100
2011-05-03,36.771244049072266,37.19812174015211,36.617567819738056,36.924920278406475,6206900
2011-05-04,36.38705825805664,36.91638900947433,36.11385676040437,36.660259755708914,7481400
2011-05-05,36.44682693481445,36.92493126351374,36.233388025776804,36.2931506597618,8242300
2011-05-06,36.7627067565918,37.13835794031514,36.5834156568705,36.96760621796154,7791900
2011-05-09,36.79686737060547,37.010306284023876,36.651730472754245,36.984694656595856,6308300
2011-05-10,37.488407135009766,37.67623440352669,36.79686394741305,36.91639246353595,12541000
2011-05-11,35.44792938232422,36.352911400901256,35.097889751361,35.95164526657068,38451900
2011-05-12,35.49915313720703,35.65282612177349,34.952746914049946,35.43938725949634,13080100
2011-05-13,35.44792938232422,35.746742509920075,35.21741500239934,35.524767508965844,8420500
2011-05-16,34.9442138671875,35.260102499242485,34.91006286458186,35.22595149663685,11697800
2011-05-17,35.012516021728516,35.12350516258485,34.73077836487067,34.88445463472738,10024400
2011-05-18,35.362545013427734,35.38815988854941,34.9185950976826,34.952742836481164,9948300
2011-05-19,35.32841873168945,35.635771365277556,35.123515890357325,35.47355566598374,10055800
2011-05-20,35.43085479736328,35.72113181031323,35.10642678128536,35.2942540416703,9213000
2011-05-23,35.14057540893555,35.28571553400861,34.961287539861786,35.132039287140046,7955900
2011-05-24,35.08081817626953,35.29425707895873,34.89299089972089,35.23449444675129,8459300
2011-05-25,35.11496353149414,35.29425139926473,34.875909784314686,34.935672406904885,7030500
2011-05-26,34.99544143676758,35.191804822501304,34.619786910303965,35.021053061092296,11189400
2011-05-27,35.44792938232422,35.575990755514376,35.16618849903198,35.16618849903198,8529400
2011-05-31,35.541847229003906,35.84919977205401,35.4137825837933,35.77236163629148,10977200
2011-06-01,34.49172592163086,35.50769386542589,34.42342391356783,35.45646735937862,12632100
2011-06-02,34.201438903808594,34.73930240440017,34.14167629263175,34.449025468619205,13421400
2011-06-03,33.620887756347656,33.85993822042387,33.44159665147219,33.85993822042387,15135500
2011-06-06,33.63797378540039,33.89409982806703,33.415995493421796,33.45014650092917,9193400
2011-06-07,33.595272064208984,34.04776461898455,33.57819982303397,33.81725028130301,8666700
2011-06-08,33.492835998535156,33.851415089061405,33.41599785462378,33.68919942034876,8483000
2011-06-09,33.61235046386719,33.74895120278734,33.16839724817206,33.25377474550873,9642200
2011-06-10,32.869590759277344,33.578209473984316,32.801288747673176,33.42453320469411,13096800
2011-06-13,32.758602142333984,33.17694382804696,32.741526639160064,32.98058042677572,9253400
2011-06-14,32.94642639160156,33.17694077802903,32.87812438518502,33.02326452041071,10074600
2011-06-15,32.77566909790039,33.14278417835121,32.64760774272211,32.767132976949185,10716200
2011-06-16,32.45124435424805,32.843974350138865,32.2463448629142,32.75859684806751,11806900
2011-06-17,32.47686004638672,32.758597668229164,32.42563354386137,32.7073744225226,12658300
2011-06-20,32.63906478881836,32.67321578251813,32.14388840744379,32.3146368623066,8746200
2011-06-21,33.108638763427734,33.20255239381781,32.65614936989619,32.826901129076425,7815000
2011-06-22,32.70737838745117,33.100105183963834,32.68176350467397,32.92081728861925,8543700
2011-06-23,32.28903579711914,32.38294943207437,31.751168869442246,32.34026230440901,11874100
2011-06-24,32.084136962890625,32.45978825386925,31.921921314770987,32.36587461691981,13425400
2011-06-27,32.50247573852539,32.801288898620804,31.990223676413493,32.11828506353188,8258400
2011-06-28,32.37440872192383,32.82690137567343,32.26342284591903,32.58784760829776,11912700
2011-06-29,32.74151611328125,32.809818104018916,32.212188712337,32.53661665470459,9614100
2011-06-30,33.33060836791992,33.39890709975625,32.74151511463894,32.86957971495692,10049800
2011-07-01,33.91117477416992,34.03070004166087,33.32208130322272,33.42453432406005,9245300
2011-07-05,34.124603271484375,34.30389111802296,33.80871143883836,33.95385154566837,9446200
2011-07-06,33.78310012817383,34.10752808450331,33.52697416552142,34.10752808450331,11435800
2011-07-07,33.928245544433594,34.20144704824789,33.91970616547881,34.022155915204465,10227600
2011-07-08,34.07338333129883,34.13314595830806,33.46721768202292,34.13314595830806,11795100
2011-07-11,33.48429489135742,33.75749641642475,33.36476963124285,33.714809288786554,9785500
2011-07-12,33.42452621459961,33.74041481015895,33.32207321861942,33.58673857300717,11311000
2011-07-13,33.77457046508789,34.00508485259501,33.37330431755857,33.50990507421254,12361400
2011-07-14,33.79164505004883,34.01362005228253,33.62942941685992,33.74895466858721,13294000
2011-07-15,33.5269775390625,33.9965423939767,33.27938767229766,33.911168150108175,18304900
2011-07-18,33.08302307128906,33.39891166999605,32.83543321376426,33.39891166999605,11309600
2011-07-19,33.75749206542969,33.91970443227494,33.28792720829352,33.330614330429775,7987500
2011-07-20,33.60381317138672,34.02215149489171,33.53551117589784,33.79164040216274,6126400
2011-07-21,34.78199768066406,34.892983541748755,33.86847637351719,33.885551872949875,13473000
2011-07-22,34.705162048339844,34.97836354520138,34.611248423140175,34.81614791737696,7723300
2011-07-25,34.628326416015625,34.910064055072695,34.28682289195114,34.3636610220247,6840900
2011-07-26,34.585636138916016,34.84176541115903,34.466110882172735,34.47465026155096,9292900
2011-07-27,33.74041748046875,34.466108346926546,33.655039977061584,34.44903284624512,10736600
2011-07-28,33.63797378540039,34.00508897405633,33.458682624396346,33.68919703984212,11028100
2011-07-29,32.972042083740234,33.5611355629,32.86959231829392,33.33915727147711,16049700
2011-08-01,32.81835174560547,33.08301705449589,32.28902438464255,33.06594155810122,11497500
2011-08-02,31.563343048095703,32.80982534270028,31.52919204519229,32.49393670789093,13652300
2011-08-03,31.95607566833496,32.01583830596053,31.13647098933905,31.537733948136502,11804500
2011-08-04,30.180265426635742,31.495050105393293,30.10342727640134,31.460899092662487,19369200
2011-08-05,30.035123825073242,30.69251606195996,29.36919546474458,30.555915289153585,22781900
2011-08-08,28.199539184570312,29.514323252588735,28.199539184570312,29.078909441397343,25923500
2011-08-09,29.625314712524414,29.66800183358312,27.584839711823626,28.575195901751066,31836700
2011-08-10,26.927453994750977,27.550695228713042,25.271167577051127,27.183580038502335,87048500
2011-08-11,27.422624588012695,28.242232308522535,27.157960850163573,27.175036350259468,36389500
2011-08-12,28.250774383544922,28.65204057831211,27.695831912348567,27.969033457818345,24426900
2011-08-15,28.728870391845703,28.856931747215828,28.250766197402786,28.541043162454134,17839100
2011-08-16,28.532506942749023,28.745945815475103,27.960492327116132,28.27638094684148,18558300
2011-08-17,28.489822387695312,28.814250415392767,28.037332978909753,28.694725156982923,12741000
2011-08-18,27.789737701416016,27.909262936681113,27.465309736540462,27.72143896275813,23724700
2011-08-19,27.192115783691406,28.15685888092906,27.16650252984261,27.277491668111182,19006700
2011-08-22,27.337249755859375,27.87511659843615,27.268949385355416,27.678749979969876,15000100
2011-08-23,27.414085388183594,27.414085388183594,26.74815561490142,27.379934391826446,30417400
2011-08-24,27.75559425354004,27.815360144248043,27.089665900597584,27.328716436152458,12595700
2011-08-25,27.32871437072754,28.028796934606703,27.217726863095123,27.772667658076234,10799000
2011-08-26,27.661678314208984,27.86657780158671,26.773771850722486,27.42262456984346,11247100
2011-08-29,28.310537338256836,28.319073461790857,27.84097238022109,27.93488602319211,8397500
2011-08-30,28.669113159179688,28.916699795456843,28.020257112225586,28.27638312788895,14060100
2011-08-31,29.078916549682617,29.300891569943488,28.80571502159888,28.899625400712136,12282000
2011-09-01,28.498355865478516,29.309424138348806,28.464204868199726,29.104521411494424,10224700
2011-09-02,27.71290397644043,28.208083751656968,27.670216850912535,28.037331992726475,9144700
2011-09-06,27.115278244018555,27.268954513655704,26.748163072865275,26.859150585153444,12844800
2011-09-07,27.858047485351562,27.900734616049366,27.311642767643693,27.448245168377902,11471000
2011-09-08,27.277490615844727,27.883656277863306,27.243339612030418,27.67875351179643,10673200
2011-09-09,26.500572204589844,27.081124592125676,26.235906820114582,27.012824215450316,17509200
2011-09-12,26.71401023864746,26.731084110968133,26.056618116224914,26.20175661561159,10440000
2011-09-13,26.850610733032227,26.987211480758425,26.48349561286455,26.773772608885068,9792200
2011-09-14,27.567768096923828,27.943419374723742,26.662786021582495,27.038438927791923,12593100
2011-09-15,28.122703552246094,28.16539393050714,27.687289702623406,27.81535432376934,8466900
2011-09-16,28.09709358215332,28.421521586457658,27.858043082570543,28.293456957784713,16655300
2011-09-19,27.75559425354004,27.86658339797021,27.371406823346646,27.644608365929155,9979700
2011-09-20,27.584840774536133,28.071481138354187,27.51653877275599,27.8836538902775,10117700
2011-09-21,26.705482482910156,27.76413949823901,26.671331468668907,27.60192706582305,12618500
2011-09-22,25.22847557067871,26.381045876047825,24.912586932599663,26.073694988783,26238400
2011-09-23,25.4675235748291,25.527286192419655,24.8015937750861,25.151633359610074,20944100
2011-09-26,25.86879539489746,25.902946402337744,25.33946780685037,25.66389423548475,14200600
2011-09-27,26.60301971435547,27.07258456089116,26.116379367987022,26.457881222595642,15723900
2011-09-28,26.022464752197266,26.824995301145112,25.937088884707627,26.696932314115266,11415000
2011-09-29,26.167604446411133,26.910372410928222,25.809027089128627,26.594482175156532,12114800
2011-09-30,25.749271392822266,26.21883636936627,25.60413286087798,25.749271392822266,15135000
2011-10-03,24.758907318115234,25.894401967913115,24.7503695684585,25.638275991848033,13899200
2011-10-04,25.493141174316406,25.587053177240925,24.06736934458236,24.5283964935476,19000000
2011-10-05,26.90183448791504,26.935983859222187,25.877327294151858,25.9114782938683,17823700
2011-10-06,27.345788955688477,27.36286445733901,26.483497291659482,26.66278517376171,12659400
2011-10-07,27.064050674438477,27.636065310391295,26.987212547254785,27.490928435054794,12070100
2011-10-10,28.17392921447754,28.259303454824312,27.57629976159462,27.627526259893784,7887400
2011-10-11,27.84096908569336,28.412983742545478,27.52508044320516,28.26784686190621,12891200
2011-10-12,28.822790145874023,29.39480814148903,27.960498347397582,28.139786257454155,17363400
2011-10-13,28.643495559692383,28.797171805870963,28.404445068667336,28.50689481384683,6837900
2011-10-14,29.428958892822266,29.48018214849377,28.950854546698626,29.044768191188933,10694700
2011-10-17,28.50689697265625,29.215515634456146,28.327609090810107,28.882551494793614,9987700
2011-10-18,28.976459503173828,29.19843774937482,28.28491965626909,28.56665726805507,10980600
2011-10-19,28.694725036621094,29.32650233037139,28.57519977871261,28.925239429795614,7479000
2011-10-20,28.891080856323242,29.13013130951064,28.38736507509396,28.899616976729295,7319800
2011-10-21,30.018043518066406,30.018043518066406,29.10452538544573,29.181363511405355,13707600
2011-10-24,30.197336196899414,30.487613245945017,29.898523024419816,30.08635030816089,8837900
2011-10-25,29.463098526000977,30.180253219170297,29.37772428552641,30.052191858458443,7812300
2011-10-26,29.924135208129883,30.04366047934489,29.104530556810357,29.778998309317195,10407200
2011-10-27,30.97425651550293,31.247458085675643,30.41931725094819,30.555918036034544,11316800
2011-10-28,30.91448402404785,31.025473144317697,30.496145677891512,30.93155952384464,8477600
2011-10-31,29.77899169921875,30.55590904648189,29.76191619900412,30.496146424140008,10152100
2011-11-01,28.68618392944336,29.42895357054305,28.43859730589562,29.394802568392045,13361700
2011-11-02,29.087446212768555,29.35211155918054,28.856931863987484,29.138672709214923,8538100
2011-11-03,29.90705680847168,29.99243432022984,29.002077981568593,29.514330024841318,9276100
2011-11-04,29.676544189453125,29.88998309640403,29.309432265771292,29.719234576298714,6430900
2011-11-07,30.009504318237305,30.026576560638482,29.548475609762313,29.761914464780165,6942700
2011-11-08,30.129039764404297,30.27417667171947,29.317971189163103,30.25710116671423,10710900
2011-11-09,28.848398208618164,29.531401935519757,28.737409085240824,29.531401935519757,11913800
2011-11-10,29.5740909576416,29.676540709053562,28.728874809059906,29.16428869517489,12170600
2011-11-11,31.332828521728516,31.947530287109732,31.05108763428051,31.273065895327825,22388500
2011-11-14,30.837648391723633,31.093774395705655,30.632748891265553,31.016939525648002,9631900
2011-11-15,31.119388580322266,31.588953453263787,30.70104695294095,30.70104695294095,14226700
2011-11-16,30.333925247192383,31.008392726509708,30.28270201274473,30.701040292551532,10809700
2011-11-17,30.009504318237305,30.61566988485157,29.71068796712123,30.205867674035513,32562000
2011-11-18,30.4193115234375,30.547372903382843,30.086347376033004,30.214408755978347,32200300
2011-11-21,29.309429168701172,30.419310716203,29.215515538475362,30.291246082837095,39965700
2011-11-22,29.04475975036621,29.428950340348266,28.523968423592592,29.206972107550428,12500700
2011-11-23,28.515432357788086,28.839857072786664,28.515432357788086,28.669108594079397,10764000
2011-11-25,28.609350204467773,29.21551918703937,28.412986797117853,28.600814081026176,4991900
2011-11-28,29.087446212768555,29.480172915068874,28.82278086635657,29.258197944104726,8656400
2011-11-29,29.027687072753906,29.454564823823816,29.00207544987172,29.317964073754197,7655200
2011-11-30,30.607133865356445,30.641284867543128,29.59116597644386,29.6082414775372,16536000
2011-12-01,30.726665496826172,31.016942531286233,30.496151093859137,30.76081324566565,10350800
2011-12-02,31.25598907470703,31.443816325077922,30.99132369980429,31.016938579194065,10202500
2011-12-05,31.53772735595703,31.904842485674628,31.35843948055601,31.62310486101857,9973900
2011-12-06,31.44381332397461,31.759701913869947,31.37551132787917,31.477961065203903,6573100
2011-12-07,31.674320220947266,31.870686805287942,31.127917351872334,31.341356176155852,9543600
2011-12-08,30.666893005371094,31.55479942039811,30.581518766426306,31.469425181453317,9881700
2011-12-09,31.213298797607422,31.392586651126418,30.88033145373418,30.88033145373418,7323400
2011-12-12,31.290138244628906,31.39258798573549,30.666893906115945,30.905947644456035,10050800
2011-12-13,31.016939163208008,31.691403539221664,30.888874534304044,31.324288410303684,12708800
2011-12-14,30.522123336791992,31.251320958278868,30.48739885207616,30.990893945928367,10664000
2011-12-15,30.548166275024414,31.008257437268412,30.374550467470424,30.83463831820516,9876100
2011-12-16,30.6610164642334,31.025616912895433,30.513442378674007,30.77386937828462,20350200
2011-12-19,30.166202545166016,30.860675610522758,29.9578589698046,30.72178099745141,11436800
2011-12-20,31.398897171020508,31.581199072332574,30.513445931547526,30.53080486356834,10126200
2011-12-21,31.485713958740234,31.85899398190157,31.034305481626294,31.450989465536868,8226200
2011-12-22,32.07601547241211,32.11941943096281,31.477029585279254,31.58120305961265,8067600
2011-12-23,32.727081298828125,32.744443542700786,32.214906694867736,32.23226893874039,6788700
2011-12-27,32.648956298828125,32.81389266574091,32.46665768621245,32.648956298828125,5189500
2011-12-28,32.327762603759766,32.735763782087474,32.266993088849965,32.68368035717868,4634300
2011-12-29,32.735748291015625,32.81387670291695,32.33642676863471,32.510045829694114,5022500
2011-12-30,32.55345916748047,32.813886178518494,32.431926783096664,32.75311998632659,4776100
2012-01-03,33.25662612915039,33.38683802218556,32.935429507674506,32.961474535489714,9704200
2012-01-04,33.72538375854492,33.84691945943124,33.091676791429286,33.152442986117826,9889900
2012-01-05,34.289649963378906,34.359098945234464,33.59517670237191,33.70802964213233,14327100
2012-01-06,34.64556121826172,34.85390481324036,34.24623958202084,34.333047481548306,14401600
2012-01-09,34.50667190551758,34.940718093008364,34.36777725798091,34.49799243883199,12145200
2012-01-10,34.402496337890625,34.64556110498004,33.994491926125605,34.272281177516106,14070900
2012-01-11,33.59516143798828,34.31567608406137,33.37813843556137,34.194143732543615,16257600
2012-01-12,33.6212158203125,33.73406875136423,33.343426537346296,33.52572513338484,10073400
2012-01-13,33.334747314453125,33.499683667571986,33.00487129670592,33.39551351357636,9877700
2012-01-17,33.40419006347656,33.83823619732347,33.343423869658736,33.58648864493006,9142800
2012-01-18,33.87296676635742,33.94241243826054,33.3347503909465,33.43023777587457,9594500
2012-01-19,34.237552642822266,34.26359765872143,33.8555932952244,33.86427275951833,7731000
2012-01-20,34.12471008300781,34.23755969963209,33.94240818017364,34.220197455956956,7879900
2012-01-23,34.0726203918457,34.28964345166638,33.82087284769154,34.185473310175,7124600
2012-01-24,34.0726203918457,34.08998263401245,33.48231740421274,33.8816390395206,9407000
2012-01-25,34.34172821044922,34.44589834597184,33.820870909818304,33.959765527684766,10054000
2012-01-26,34.159420013427734,34.506658149599346,33.90767584178702,34.367763557432355,7162600
2012-01-27,34.0726203918457,34.28964345166638,33.83823508985829,34.08998263401245,9588400
2012-01-30,33.84693145751953,33.95110164083918,33.31739444908649,33.629908310555855,8683200
2012-01-31,33.76879119873047,34.12470890298969,33.56044759334273,33.92504807489396,14020100
2012-02-01,34.14207077026367,34.437218964757946,33.99449336150731,34.072621798729095,8901000
2012-02-02,33.7774772644043,34.072628831327144,33.4736462300028,34.04658711738128,9076800
2012-02-03,34.72369384765625,34.72369384765625,34.16811527593527,34.22888147524791,11605300
2012-02-06,35.123016357421875,35.2358692923011,34.688970174127455,34.72369466355331,11536500
2012-02-07,35.57441711425781,35.721994506739705,34.897306274011946,35.35739406940887,20107300
2012-02-08,35.826168060302734,36.38174657829916,35.58310328655659,35.912975961923735,21690200
2012-02-09,36.05187225341797,36.147362936508706,35.20114219457855,35.374761317333586,13581000
2012-02-10,35.982425689697266,35.982425689697266,35.444209402999824,35.53969677218883,10116300
2012-02-13,36.27757263183594,36.39042222981375,36.103953535281605,36.12999524073666,9065800
2012-02-14,36.11264419555664,36.13000644174559,35.81749263336416,36.02583627612174,8210300
2012-02-15,35.80880355834961,36.24284966208718,35.7046334206751,36.00846436868782,7891200
2012-02-16,36.06055450439453,36.225490847273576,35.66123284594465,35.79144470247781,7464500
2012-02-17,36.24285888671875,36.338349583687005,36.0692397387319,36.20813439481942,7758700
2012-02-21,36.08659744262695,36.37306949747479,36.01715177907891,36.286258278652994,5675100
2012-02-22,35.826168060302734,36.20812746354798,35.7219979160557,36.069232834048876,6176200
2012-02-23,36.00846481323242,36.1734011425457,35.6699093779789,35.834845707292175,6271000
2012-02-24,35.86090087890625,36.0952862415604,35.79145189226356,35.973750514935695,6150600
2012-02-27,36.14735794067383,36.416467709326625,35.8522064662352,36.19944466375436,9132300
2012-02-28,36.399105072021484,36.43382955369713,36.069229119120536,36.24284821598992,6895200
2012-02-29,36.451202392578125,36.781075129879426,36.32966667137734,36.34702891726317,14858700
2012-03-01,36.79843521118164,36.928650391910836,36.57273265096193,36.57273265096193,7995900
2012-03-02,36.77239227294922,36.91996638211041,36.494602987402686,36.6855810515225,5070500
2012-03-05,37.06755065917969,37.1283168696636,36.5553759483081,36.763716295250035,9288800
2012-03-06,36.45988082885742,36.73767013215651,36.22549548329074,36.66822446208659,10434500
2012-03-07,36.24285888671875,36.520648198893774,36.19945492759949,36.45988199382485,7793500
2012-03-08,36.47724151611328,36.73766856289323,36.416475315581614,36.451199804888155,6163800
2012-03-09,36.668216705322266,36.9546854149646,36.485914822994594,36.56404325498959,6896400
2012-03-12,36.75503921508789,37.19776496473426,36.59010282041774,36.91997560975804,6834500
2012-03-13,38.204734802246094,38.26550430050773,36.83315090074261,36.937321033531894,15051900
2012-03-14,37.74465560913086,37.93563698899407,37.24116375973182,37.84014629906246,10991300
2012-03-15,37.73597717285156,37.76201888481317,37.47554680719685,37.76201888481317,6123600
2012-03-16,37.49290466308594,37.77937670716528,37.48422519728472,37.69256549160672,8952100
2012-03-19,37.709930419921875,37.831466130358024,37.28456702367862,37.38873717825724,6382500
2012-03-20,37.536312103271484,37.597078298693816,37.267202301037386,37.32796849645972,6853900
2012-03-21,37.56235885620117,38.08321297590724,37.56235885620117,37.69257073037282,9582000
2012-03-22,37.5797119140625,37.67520258534821,37.33664384765098,37.39741334788555,8560200
2012-03-23,37.892234802246094,37.94431822717903,37.20644100754476,37.614445497571324,8519000
2012-03-26,38.52593994140625,38.5519816525755,38.1266149382569,38.14397718287292,10850200
2012-03-27,38.3262825012207,38.63011353022527,38.27419576274426,38.534622832106734,9343100
2012-03-28,37.77069091796875,38.32627271871287,37.55366786364197,38.23078204496765,9444300
2012-03-29,37.336647033691406,37.562352878083004,36.72030231744603,37.501586684172004,10402500
2012-03-30,38.00507354736328,38.06583973339034,37.414770616092845,37.77937104376401,9096000
2012-04-02,38.05716323852539,38.19605786192658,37.60575488459426,37.840140182491716,7653800
2012-04-03,37.5797119140625,37.97903352897645,37.24983595275975,37.90958456385633,7996400
2012-04-04,37.26720428466797,37.31929101702066,36.876562070796396,37.24116257424635,8560700
2012-04-05,37.39741134643555,37.484219236680964,37.0501731624364,37.18906777373431,6340800
2012-04-09,36.555362701416016,36.6942573195482,36.425147548131946,36.57272494262115,6813500
2012-04-10,35.583106994628906,36.57273174687628,35.487616305989334,36.34702588072646,10682100
2012-04-11,35.9129753112793,36.19944734215503,35.80012570351836,36.03450769595053,6358400
2012-04-12,36.590091705322266,36.633495657944145,35.8088073120911,35.96506419073733,5538400
2012-04-13,36.32966232299805,36.6508588661764,36.1994504617044,36.485919205757945,7311700
2012-04-16,36.16472625732422,36.57273071122708,36.06055610517158,36.511964513178924,6109300
2012-04-17,37.05018615722656,37.10227289654769,36.35571285716105,36.35571285716105,6550300
2012-04-18,36.88524627685547,36.98941643408501,36.7376688518965,36.87656349870574,3781900
2012-04-19,36.52933120727539,36.902607907255565,36.28626307396177,36.83316223453013,7074200
2012-04-20,36.76370620727539,37.18907287545209,36.66821883950966,36.66821883950966,7773100
2012-04-23,36.468563079833984,36.67690672896824,36.22549824876898,36.67690672896824,6592100
2012-04-24,36.61613082885742,36.83315388815055,36.43383225381337,36.48591566867791,4954600
2012-04-25,37.06755065917969,37.11963409016012,36.789761322250364,36.807123569747205,4926300
2012-04-26,37.64048385620117,37.81410298403055,37.058860274699185,37.102267540288594,7713000
2012-04-27,37.631805419921875,37.89223579746554,37.432144558912256,37.84882852686839,6354200
2012-04-30,37.423458099365234,37.631798388661345,37.18907279027521,37.60575668037663,6987200
2012-05-01,38.013763427734375,38.27419046102263,37.458184873650275,37.484226583526286,9316200
2012-05-02,37.7967414855957,38.03112681606194,37.58839786578922,37.82278319625546,8038200
2012-05-03,38.0311279296875,38.30891722322403,37.75333863615097,37.79674259235801,9353900
2012-05-04,37.26720428466797,37.94431524770571,37.189075841893654,37.84882456081383,7458800
2012-05-07,38.0398063659668,38.15265929825599,37.59708072623151,37.8922322565582,11780500
2012-05-08,38.45649337768555,38.62143305613978,37.40610234878232,38.005084923853055,19680900
2012-05-09,39.081512451171875,39.75862332844937,38.551975662938325,38.59537961198013,21348300
2012-05-10,39.30721664428711,39.576326438202294,39.107555820998755,39.18568425719934,14082900
2012-05-11,39.55028533935547,39.758625631427655,39.06415247200497,39.177005395257794,9779300
2012-05-14,39.21171951293945,39.49819150237091,39.04678320210563,39.21171951293945,8059400
2012-05-15,39.07283020019531,39.758623863414165,38.9947017662652,39.263811552359826,10168800
2012-05-16,39.133602142333984,39.5416032680547,39.1162398990998,39.19436833789897,8399800
2012-05-17,38.4825325012207,39.26381356914318,38.456487480900144,39.194367908476615,8475100
2012-05-18,38.0311279296875,38.62143100633002,37.86618825998734,38.595385983398124,10598200
2012-05-21,38.53461837768555,38.551980621837366,37.77069619255292,38.03112654332071,8309300
2012-05-22,38.53461837768555,38.803728194774514,38.30891582673085,38.621429598444635,6855400
2012-05-23,38.37835693359375,38.59537999245123,38.03112202632723,38.40440195248282,8875700
2012-05-24,38.57801818847656,38.72559559216034,38.20473825808179,38.551976480800825,9813200
2012-05-25,38.63010787963867,39.02942954835134,38.52593772943306,38.62142841358378,8520700
2012-05-29,39.4808349609375,39.4981972032431,38.71691285703684,38.803724068564826,10560000
2012-05-30,39.23777389526367,39.48083868746626,38.94262237122792,39.081517011273604,11208700
2012-05-31,39.680503845214844,40.01905936021229,39.11624575738904,39.17701196205474,14646500
2012-06-01,38.54330825805664,39.3679934824247,38.49122151600294,39.194377631932525,14874500
2012-06-04,38.55198287963867,38.7950476889803,38.31759753712654,38.60406961514459,9480300
2012-06-05,38.92525863647461,38.994704298083015,38.36968009757013,38.638786589628005,11166600
2012-06-06,39.52424240112305,39.585008598804016,39.06415452967873,39.08151677351749,9494400
2012-06-07,39.61104965209961,40.1232242037508,39.5242384416025,39.79334822687993,10238900
2012-06-08,40.14059829711914,40.14927776497687,39.576336852574904,39.67182755656024,10716400
2012-06-11,39.75863265991211,40.479150966848124,39.69786645468977,40.23608283444896,7907400
2012-06-12,40.262123107910156,40.288164818072346,39.567649907673236,39.715224013938204,7742900
2012-06-13,40.13191604614258,40.49651661965887,39.92357569971335,40.149278293596694,7317600
2012-06-14,40.95659637451172,41.19098170087949,40.114545755135964,40.27948541712223,12553900
2012-06-15,40.87847137451172,41.17362292388223,40.73089394407161,41.156260678447524,11198200
2012-06-18,40.887149810791016,41.14758017423691,40.62672275885476,40.7656174073214,8821100
2012-06-19,41.243064880371094,41.668431576444775,41.043404043115096,41.17361921639525,8209000
2012-06-20,41.434043884277344,41.64238748732083,41.17361686410491,41.35591544707469,7264700
2012-06-21,41.1475830078125,41.57294644924825,40.991326103588385,41.49481799713619,10077700
2012-06-22,41.208343505859375,41.25174745957411,40.72221061432988,41.13889453070828,18881600
2012-06-25,40.53990936279297,40.999997202708755,40.40969419868022,40.99131773713886,6740600
2012-06-26,41.060760498046875,41.20833789439219,40.644076638409615,40.696163362680124,7279900
2012-06-27,41.55557632446289,41.737878219168,40.99999779767018,41.03472228347203,6023500
2012-06-28,41.51217269897461,41.52953494201189,40.78297504895523,41.38195753194966,6674200
2012-06-29,42.10247039794922,42.4931125381701,41.85940564914904,42.11983263879335,10300500
2012-07-02,42.293453216552734,42.31949492297632,41.87676935623066,42.20664200929254,7275600
2012-07-03,42.18060302734375,42.319497656422406,42.033025621223764,42.250048686128494,3060800
2012-07-05,41.76393127441406,42.14589078747956,41.52086643078239,41.91150541190182,7770100
2012-07-06,41.70315170288086,41.82468408576082,41.408000210954214,41.468766402394195,5623100
2012-07-09,41.66843032836914,41.82468720702127,41.460086719663195,41.720517058422956,5596200
2012-07-10,41.112850189208984,41.99830469665248,40.95659331663018,41.81600280430442,8787500
2012-07-11,41.03472137451172,41.31251063175476,40.774294359785,41.190978245649575,6501000
2012-07-12,41.1562614440918,41.49481695759246,40.67012849740558,41.13021973121013,8270700
2012-07-13,41.83335876464844,41.99829838955022,41.13020625514907,41.14756849521813,7187300
2012-07-16,41.54690170288086,41.772604263889974,41.39932427677098,41.63370961599753,5675200
2012-07-17,42.84035110473633,43.33516342106633,42.015666118525736,42.05038729169113,15909900
2012-07-18,42.84035110473633,43.11814035911426,42.50179565793255,42.65805252745877,7677500
2012-07-19,42.52785110473633,43.07474697066419,42.30214521051949,42.87508610209387,9330800
2012-07-20,42.18060302734375,42.49311677064803,42.10247459151768,42.189282492875904,8482300
2012-07-23,41.651065826416016,41.72051479605511,41.16493297346976,41.46876724837709,8333100
2012-07-24,41.80731964111328,41.95489703505612,41.39931525307538,41.69446672945216,8955100
2012-07-25,41.92885208129883,42.224003558124075,41.67710455163723,41.95489709880413,7034000
2012-07-26,43.152870178222656,43.29176482258138,42.58861213430077,42.58861213430077,10497100
2012-07-27,43.352535247802734,43.873392698544606,43.13551213787108,43.30913128811837,16174800
2012-07-30,43.23099136352539,43.5261428471661,43.10077951902768,43.361206519532075,8890600
2012-07-31,42.65805435180664,43.27439907934743,42.6146503998618,43.213632884322806,10503000
2012-08-01,42.38026809692383,42.99661286825966,42.29346018686592,42.82299704814385,6780200
2012-08-02,42.519161224365234,42.52784400196724,41.7812840806455,42.189285217186224,9559000
2012-08-03,43.204952239990234,43.291760141511965,42.84903454533649,43.2396767252026,8187800
2012-08-06,43.10078048706055,43.40461144255481,43.10078048706055,43.378569735372174,6353300
2012-08-07,43.23967742919922,43.67372356689302,43.16154899195397,43.413293235069354,13676500
2012-08-08,43.829986572265625,43.968881223295675,42.57993140148548,42.84904123664169,14724900
2012-08-09,43.369895935058594,43.8126249178509,43.27440524027948,43.64768524086525,10430300
2012-08-10,43.10078048706055,43.335162474722374,42.81430846201534,43.31780354427332,7449500
2012-08-13,43.283084869384766,43.39593780150395,42.93584660663782,42.99661280589211,4875000
2012-08-14,43.135501861572266,43.53482680546163,42.99660723676568,43.34384545453668,6365900
2012-08-15,43.309120178222656,43.378569145110085,43.100779900578395,43.100779900578395,4887100
2012-08-16,43.62163162231445,43.76920570196023,43.23098948279793,43.395929114765366,8285700
2012-08-17,43.8039436340332,43.882072085926644,43.69109400136144,43.72581518213976,6354700
2012-08-20,43.795257568359375,43.91678996154757,43.534830538454756,43.68240464118061,6937100
2012-08-21,43.09210205078125,43.821299728925005,42.979249122440955,43.76053353170548,7683200
2012-08-22,43.10946273803711,43.53482941472551,42.970568104905865,43.05737600879692,6759400
2012-08-23,42.68410110473633,43.109467831684405,42.56256870032535,43.06606387461044,5428300
2012-08-24,43.02265548706055,43.06605943966478,42.545202073886095,42.6059715813432,5793700
2012-08-27,43.08341598510742,43.27439401361052,42.892434645095456,42.961883609284854,6228800
2012-08-28,43.08341598510742,43.27439401361052,42.78826451032023,42.91847635091204,7962400
2012-08-29,43.4393424987793,43.552192121317404,43.0487002743909,43.092104230098606,7685100
2012-08-30,42.901123046875,43.21363682781131,42.857719090969304,43.1615534053283,6697800
2012-08-31,42.944522857666016,43.31780277435817,42.883756667647205,43.09209694442343,6232500
2012-09-04,43.10946273803711,43.25704014846302,42.736182790588906,42.98793034798593,6988700
2012-09-05,44.09040832519531,44.481050519072184,43.48274305822121,43.5261470105388,16689300
2012-09-06,45.01927185058594,45.02795131741693,43.96019807568287,44.012284811197816,10124600
2012-09-07,44.91510009765625,45.14080265386136,44.84565111943342,45.02794972000403,8923600
2012-09-10,44.724117279052734,44.967182071987494,44.689392791059355,44.80224572128311,7479300
2012-09-11,44.75884246826172,44.854329844475295,44.645989536269944,44.68071402480734,6631700
2012-09-12,44.88037109375,44.95849953063649,44.50709115212669,44.79355987970434,7100200
2012-09-13,45.661651611328125,45.72241780468715,44.90641227135943,44.90641227135943,11184700
2012-09-14,45.44462585449219,45.79186406298572,45.288368991820995,45.53143706237006,9507000
2012-09-17,45.27101135253906,45.5140761185095,45.10607170862277,45.41858544287567,7852900
2012-09-18,45.05398941040039,45.24496745489161,44.941136489899336,45.166839019392285,7100800
2012-09-19,45.74846267700195,45.96548574158782,44.94981607734121,44.94981607734121,7822500
2012-09-20,45.7137336730957,45.9307567162288,45.51407287079431,45.51407287079431,8598300
2012-09-21,45.78318405151367,46.34744199419482,45.774501275075025,45.956799842179294,13229300
2012-09-24,45.93943786621094,46.052290780002714,45.67033140221919,45.722414815116196,6148000
2012-09-25,45.60956954956055,46.35612944615358,45.60956954956055,45.91340052537898,7421200
2012-09-26,45.08871841430664,45.66165927029941,44.941144294684285,45.505402372164134,8017900
2012-09-27,45.644290924072266,45.81790672041295,45.11475413530967,45.244965982565176,5309400
2012-09-28,45.38386917114258,45.600892269032904,45.184208318464634,45.496722109268255,6695200
2012-10-01,45.20156478881836,45.887358485298535,45.071349622116315,45.40990839323978,6557200
2012-10-02,44.828285217285156,45.3578220427453,44.68071111786671,45.253651895419964,7243900
2012-10-03,45.548797607421875,45.73977563462201,44.87168345723038,44.89772847437815,6626600
2012-10-04,45.68769836425781,46.07834055889229,45.479354756616324,45.76582680318471,6507800
2012-10-05,45.982845306396484,46.13910216871967,45.80054342601346,45.86999239216108,5223200
2012-10-08,45.427268981933594,45.57484307474649,45.23628762746126,45.46199015514837,5827900
2012-10-09,44.71543884277344,45.42727766971316,44.672034884322294,45.41859489111708,8072100
2012-10-10,44.45500946044922,44.81960997773178,44.35083930330117,44.61126635192609,6407900
2012-10-11,43.699764251708984,44.75883786255368,43.578231865843364,44.55917704127314,10118400
2012-10-12,43.916786193847656,44.05568081864806,43.76920879227338,43.88206170977029,6135600
2012-10-15,44.09040832519531,44.10777056842421,43.717128374547336,43.91678920441567,6871200
2012-10-16,44.481048583984375,44.70675111312252,44.342153955704944,44.420279079572296,4997300
2012-10-17,45.39254379272461,45.48803446847878,44.559176041339455,44.61994223290864,7787900
2012-10-18,45.505393981933594,45.783186547462584,45.244966970228596,45.366499354923654,6290600
2012-10-19,45.05398941040039,45.652971874889076,44.793559084396556,45.57484343938975,8454800
2012-10-22,44.95850372314453,45.184206277692226,44.61994823556823,44.975865967572744,6131800
2012-10-23,44.064361572265625,44.57653613709999,44.05568210674705,44.55917720606284,8531000
2012-10-24,43.968868255615234,44.34214814107562,43.89073983048379,44.22929523555048,6069500
2012-10-25,43.63032150268555,44.29875303176203,43.36989445133994,44.21194511848337,6794100
2012-10-26,43.474056243896484,43.87337783613541,42.98792345018688,43.717120984996924,8359800
2012-10-31,42.640682220458984,44.48103982203102,42.36289301861952,44.402911402044396,20702900
2012-11-01,43.2136344909668,43.673725670913804,42.779588332362444,42.779588332362444,10582900
2012-11-02,43.283084869384766,44.26403014686181,43.20495642584218,43.951516372691465,14027500
2012-11-05,43.68240737915039,44.15117804926639,43.24836119826733,44.107774093479996,9575100
2012-11-06,43.812618255615234,44.01227908183358,43.47406279761416,43.89942615866348,7691200
2012-11-07,43.474056243896484,43.9688685019988,43.04868963546199,43.9688685019988,8533200
2012-11-08,43.4393424987793,44.13381572463114,43.33516903126936,43.482746454487,11124200
2012-11-09,40.8524284362793,41.6250301216371,40.39233722483967,40.791662234836075,34216900
2012-11-12,41.19097900390625,41.34723587792053,40.765612333198646,41.22570348957814,12344500
2012-11-13,41.633697509765625,42.03301909240311,41.04339459999342,41.04339459999342,12269300
2012-11-14,40.94791793823242,41.70316072932779,40.84374777486091,41.694477950666126,9776400
2012-11-15,41.208343505859375,41.35591761079136,40.76561456804462,41.00868266956407,11416900
2012-11-16,41.16493606567383,41.460087585792735,40.843742835738645,41.312513481487976,9833400
2012-11-19,41.590309143066406,41.69447930983369,41.19098741086693,41.4080105233462,8512400
2012-11-20,42.05038833618164,42.10247506448721,41.373277425755305,41.47744757085724,7465100
2012-11-21,42.25872802734375,42.49311331576537,42.01566327409565,42.102471168396,6763300
2012-11-23,42.76222610473633,42.77958834846816,42.362904433432234,42.44103287447081,3353600
2012-11-26,42.56256103515625,42.90979925223255,42.45839089463698,42.519157085898975,6935800
2012-11-27,42.18927764892578,42.71013493180055,42.12851146265004,42.588602559249075,6720400
2012-11-28,42.71014404296875,42.753547997923626,41.52953792374294,42.076437028400974,8148500
2012-11-29,43.16154479980469,43.27439440035769,42.81430659877215,42.979242922932706,7232200
2012-11-30,43.10946273803711,43.352527518139475,42.75354503366897,43.239677905382955,12343900
2012-12-03,42.78826904296875,43.40461376365037,42.77090680008218,43.20495293771869,8395400
2012-12-04,42.79695129394531,42.927166468314546,42.40630908234705,42.75354733965872,8400900
2012-12-05,43.0487060546875,43.317815914624816,42.65806377784624,42.909811390867276,9182300
2012-12-06,43.24261474609375,43.30431408875369,42.801903234315894,42.995814013091994,4828900
2012-12-07,43.40126419067383,43.52466285618042,43.19853396892849,43.348377607301806,5279200
2012-12-10,43.45414733886719,43.6392453368169,43.357190284028356,43.37481914512282,5264500
2012-12-11,43.61280822753906,44.062335825939066,43.50703841241745,43.5158511626935,9040000
2012-12-12,43.75383377075195,44.13284590019121,43.55991964991467,43.85960358104427,6474300
2012-12-13,43.28668212890625,43.79790569757727,43.110396864330745,43.727393609164125,6108000
2012-12-14,42.898860931396484,43.29550200134992,42.79309110019634,43.19854492176549,8086400
2012-12-17,43.436519622802734,43.4717773459211,42.898851113513146,42.942924948591866,10324500
2012-12-18,44.26506423950195,44.35320519476337,43.32194189628473,43.498223806807566,14023800
2012-12-19,44.01826477050781,44.52067562705241,44.01826477050781,44.20336616162583,8382100
2012-12-20,44.89087677001953,45.005462709421906,43.9213127477715,43.9213127477715,8410700
2012-12-21,44.07114028930664,44.73220739364624,43.789085260443976,44.43252350518451,15996900
2012-12-24,43.965370178222656,44.24742520505902,43.93011245927782,44.00062453480634,2772000
2012-12-26,43.93893051147461,44.05351643069581,43.586363366553165,43.93893051147461,4200200
2012-12-27,43.65687942504883,44.07114930446661,43.10158536471308,43.89486403477637,6948200
2012-12-28,43.32194137573242,43.806723348568966,43.207355445379896,43.498223284137076,6985800
2012-12-31,43.886051177978516,43.89486392837883,43.013440944425994,43.092769147476226,10224500
2013-01-02,45.04071044921875,45.1729252338723,44.63525670774494,44.77628424227329,11674700
2013-01-03,45.13767623901367,45.25226218371623,44.811550632788865,44.99664867721141,7566600
2013-01-04,46.00146484375,46.133679637787104,45.24344389333781,45.28751437056288,8745900
2013-01-07,44.92612838745117,45.62244995558153,44.652886065237894,45.62244995558153,9472100
2013-01-08,44.741024017333984,45.11122337625534,44.573554880179955,44.84679718408949,8637600
2013-01-09,44.758663177490234,45.39328887460569,44.74103431230789,44.8908779851767,8389000
2013-01-10,44.76747512817383,45.16411615198591,44.59118985510602,44.8379872199838,8097400
2013-01-11,44.58236312866211,44.97018791794491,44.46777723273458,44.79390270013969,7149000
2013-01-14,44.5911865234375,44.802729507785635,44.229803253712426,44.42371737583474,9308800
2013-01-15,45.03189468383789,45.08478126663015,44.45015572256866,44.48541344443017,7299500
2013-01-16,45.41972732543945,45.64008308131659,44.776288921761655,44.82035940046468,7371800
2013-01-17,46.19538116455078,46.45099465185965,45.692970303212405,45.692970303212405,10132100
2013-01-18,46.13368606567383,46.13368606567383,45.66653288974737,46.04554509894284,8490900
2013-01-22,46.47743225097656,46.53913158915265,45.99265029572365,46.17774831025193,6635200
2013-01-23,47.55276870727539,47.73786671935044,46.521502109899764,46.592017559658856,13842700
2013-01-24,47.55276870727539,48.363676205334706,47.526323732434875,47.62328079467277,13608000
2013-01-25,47.931785583496094,48.09044199878087,47.25308944308057,47.42055860927581,7939400
2013-01-28,47.91415786743164,48.09044315112354,47.68498598992353,47.84364240901003,7133500
2013-01-29,47.58802795410156,47.78193872241725,47.182570829742986,47.72905549576834,7786400
2013-01-30,47.411739349365234,47.59683735433197,47.20019637057355,47.46462257229197,9821800
2013-01-31,47.49106216430664,47.81718766405658,47.288335320550665,47.45580444477659,7333900
2013-02-01,48.116886138916016,48.36368352570489,47.7290611936246,47.75550281010563,9552300
2013-02-04,47.508697509765625,48.03754992546832,47.420553198907406,47.73786599327368,7717400
2013-02-05,47.852447509765625,47.958217310694124,47.596834075357165,47.91414684050403,10246400
2013-02-06,48.05518341064453,48.91897756598387,47.95822634055385,48.83083660900797,26833600
2013-02-07,47.91415786743164,48.01992769270193,47.0768052916667,47.65854437419649,11723200
2013-02-08,48.1785774230957,48.2314640095696,47.87008074123545,47.9317800776075,9584300
2013-02-11,48.25791549682617,48.46064240958506,48.1168879330651,48.16977453036138,6358600
2013-02-12,48.43419647216797,48.52233743077128,48.205024600020096,48.27554005679238,8758100
2013-02-13,48.4430046081543,48.74268854616298,48.18739114524889,48.548777783236226,5701400
2013-02-14,48.37248992919922,48.62810001605015,48.22264628704098,48.40774428997627,8564500
2013-02-15,49.015926361083984,49.02473911034899,48.381300818438234,48.522328343208244,17783400
2013-02-19,49.1216926574707,49.31560675107225,48.98066514276808,48.989481253765156,7780500
2013-02-20,48.125694274902344,49.201031406832755,48.09043991042937,49.02474613502028,8460700
2013-02-21,47.74667739868164,48.31960363486127,47.60564986764133,48.10806401948159,6802500
2013-02-22,47.81719207763672,48.108063247065544,47.53513702008474,47.94059074502052,7603600
2013-02-25,47.23546600341797,48.293174439329675,47.23546600341797,48.12570189153985,9830200
2013-02-26,47.508697509765625,47.63209618260547,47.24426793955262,47.42936931117406,6238300
2013-02-27,48.019920349121094,48.17857674394462,47.46462296723875,47.50869680319321,7243500
2013-02-28,48.116886138916016,48.51352719794259,47.94060085019729,48.07281565732689,6605000
2013-03-01,48.76913833618164,48.80439270232795,47.86127032008241,47.87008643339053,8311500
2013-03-04,49.18340301513672,49.21866074230976,48.478265283485676,48.61929282981589,6357400
2013-03-05,49.78276443481445,49.87090874125099,49.271540906928465,49.31561137896599,7067900
2013-03-06,49.677001953125,50.10008459930924,49.580044882931574,49.826842252615215,5572600
2013-03-07,49.64174270629883,49.773957500218955,49.36850036796611,49.67700043299244,4813700
2013-03-08,50.58485794067383,50.690627743548546,49.81802098569963,49.85327870744501,8157800
2013-03-11,50.822845458984375,50.90217365631986,50.540790393427464,50.58486086697793,7155200
2013-03-12,50.338069915771484,50.79641029607952,49.97668660700042,50.69945322454255,7159100
2013-03-13,50.540794372558594,50.628935326598956,50.18822383167339,50.38213796539644,5209800
2013-03-14,50.90217590332031,50.96387524148692,50.4790932863086,50.54960537462967,5908200
2013-03-15,50.75233840942383,50.92862032111639,50.54079540808604,50.68182295485725,13788100
2013-03-18,50.091278076171875,50.408587578488245,50.02076261185997,50.311633858602974,5125800
2013-03-19,49.63292694091797,50.28517803332035,49.14814163423308,50.09126727300807,8884200
2013-03-20,50.188228607177734,50.373330008054246,49.835661395106975,49.87973187632054,6018700
2013-03-21,49.63292694091797,50.10889277292236,49.500712155029056,50.01193907394706,5168500
2013-03-22,50.04719924926758,50.329254353721225,49.81803073778477,49.932616674707205,5500200
2013-03-25,49.544776916503906,50.33805881564027,49.245093017092536,50.24110176548346,7881500
2013-03-26,49.91498947143555,50.00313043362466,49.65056322250604,49.721075319784894,4675600
2013-03-27,49.773956298828125,49.800397912029176,49.35087367580227,49.65937037102056,6392400
2013-03-28,50.064823150634766,50.188221826305394,49.80039693671746,49.87972513712883,6705600
2013-04-01,49.96786117553711,50.364502138601985,49.49189538222066,50.1441464216061,6722400
2013-04-02,50.64656448364258,50.64656448364258,50.20585298616077,50.276368439691566,6575300
2013-04-03,50.461463928222656,50.90217540357832,50.24110819054483,50.8052183410222,8101000
2013-04-04,50.76115417480469,50.87574011409974,50.39977085459302,50.48791181567406,6412400
2013-04-05,50.85810089111328,50.88454250157979,49.6858068457969,50.14414714726456,7034700
2013-04-08,51.84529113769531,51.84529113769531,50.910981717604216,50.97268440972649,9796200
2013-04-09,52.127357482910156,52.2155018033725,51.580876145491736,51.757161424054395,8864800
2013-04-10,52.98233413696289,53.00877574954431,52.303638061025346,52.33007967360677,8438100
2013-04-11,53.37016677856445,53.47593660661789,52.903013622496424,52.982341834127055,9241800
2013-04-12,53.37016677856445,53.528823201825716,53.123369392319034,53.14099825738831,8533000
2013-04-15,51.8981819152832,53.475926369792305,51.862924191893995,53.11454311095683,12027900
2013-04-16,53.54644775390625,53.54644775390625,52.07447294398774,52.233125992107816,10309400
2013-04-17,53.4847412109375,53.493553960394614,52.903002238284856,53.19387004343044,11531200
2013-04-18,52.87656021118164,53.47592467802888,52.77960315610943,53.44948306750427,9203200
2013-04-19,54.260398864746094,54.260398864746094,53.10573357165895,53.10573357165895,9488300
2013-04-22,54.65704345703125,54.73637166835661,53.89902243614272,54.2868473790877,6306900
2013-04-23,55.16826629638672,55.1947079107146,54.242772808929615,55.00079713504026,6260800
2013-04-24,54.595333099365234,55.44150163695926,54.28683642996636,55.27402913440428,7335400
2013-04-25,54.64822769165039,54.79806799235502,54.25158665689988,54.657040442483954,6680900
2013-04-26,54.533634185791016,54.90383355428441,54.251579125206305,54.70110668963675,7038500
2013-04-29,55.529640197753906,55.74999591282436,55.16825695953282,55.37098381391427,7203900
2013-04-30,55.388614654541016,55.600157628009526,55.03604415288065,55.46794284929652,8528800
2013-05-01,55.71474838256836,55.970361865772624,55.353365078244465,55.423880533898874,7468900
2013-05-02,56.305301666259766,56.34937214338414,55.626605558986505,55.88221903361446,5249600
2013-05-03,57.116207122802734,57.16027423336463,56.30529629909262,56.569722498994906,9196000
2013-05-06,57.345375061035156,57.81252814927956,56.860596472642655,57.37181667361904,10239600
2013-05-07,58.235618591308594,58.25324409280853,57.08976597681803,57.68032451028721,14539100
2013-05-08,58.165096282958984,58.17391239503223,56.90466124541102,58.17391239503223,17803200
2013-05-09,58.764461517333984,59.1522897346084,57.74201447823262,57.93592858686983,11325000
2013-05-10,59.23162078857422,59.43435103019139,58.47359649774695,58.78209991647614,8654000
2013-05-13,59.337406158447266,59.51368809846648,58.98483555368388,59.02009328663271,5195000
2013-05-14,59.4696159362793,59.48724143889762,59.03772051252422,59.43435820631825,9675400
2013-05-15,59.64589309692383,59.75166627835792,59.213997707667986,59.42553734581234,7925900
2013-05-16,58.58818435668945,59.839803327360045,58.35019639518016,59.60182209057417,8473100
2013-05-17,58.68514633178711,58.68514633178711,57.891864268217084,58.31495027702909,9160100
2013-05-20,58.27968978881836,58.702769052867254,58.217990449281075,58.685143552166736,5893300
2013-05-21,58.024078369140625,58.526489215911475,57.91830518702743,58.482415375516666,7359100
2013-05-22,57.79490280151367,58.79972443069109,57.530473225530784,57.962375314617724,8142400
2013-05-23,57.49522399902344,57.68032201803284,56.62261040619153,57.17791118794341,7536200
2013-05-24,57.72438049316406,57.75963821408777,56.754816704291294,57.07212946788204,8846100
2013-05-28,58.78208923339844,58.8437885609863,58.10338990520956,58.156279846515126,8280000
2013-05-29,58.40309143066406,58.5970055718252,57.94474769251519,58.500048501244635,6954000
2013-05-30,56.98398971557617,59.15228916215551,56.6931185554353,58.56173745500123,13052700
2013-05-31,55.600154876708984,57.31892674075797,55.591338765304904,56.91347303756494,11280900
2013-06-03,56.234779357910156,56.25240821908331,55.11537189112607,55.582528306310905,8705600
2013-06-04,56.71955871582031,57.230785579718685,56.28766340480676,56.349362734951555,8147700
2013-06-05,55.63542175292969,56.51684816178086,55.35336664704215,56.45514881751559,8893600
2013-06-06,55.653045654296875,55.811702057505165,54.68348173456781,55.61778792861464,8661900
2013-06-07,57.160282135009766,57.17791436145043,55.75000663233811,56.08494832510839,7611300
2013-06-10,56.261226654052734,57.266048245884306,56.14664073287637,57.213165022542604,6729500
2013-06-11,56.234779357910156,56.675494162516,55.503200112212454,55.811696776838936,6454800
2013-06-12,55.520835876464844,56.807709278491195,55.41506269627482,56.69312671016151,7663200
2013-06-13,56.67550277709961,56.76364373400118,55.10656751782824,55.52083741246197,5584900
2013-06-14,56.234779357910156,56.79007671659928,56.08493908148058,56.41988071904751,5311800
2013-06-17,56.84295654296875,57.4070666173738,56.631416946247484,56.67549077772891,6752000
2013-06-18,57.54811096191406,57.724392879636454,56.90466918525155,56.948743027044195,5234400
2013-06-19,56.70194625854492,57.777283452430616,56.70194625854492,57.459970617358636,6871400
2013-06-20,54.63058853149414,55.98798054465424,54.48956100820227,55.723554358777164,12260800
2013-06-21,55.29166030883789,55.60016035350361,54.489565572485674,55.19470324801043,11892400
2013-06-24,55.03604507446289,55.52083036295403,54.48956381386381,54.86857593266876,6494500
2013-06-25,55.150638580322266,55.617791709099286,55.08893923736538,55.423880929389924,6776700
2013-06-26,55.71474838256836,55.935104137945416,55.30929459964145,55.48557987641549,5720400
2013-06-27,56.16427993774414,56.384635708545254,55.92629530179547,56.10258059090881,4875900
2013-06-28,55.661869049072266,56.869414369233645,55.661869049072266,56.19953430544046,10560300
2013-07-01,56.349365234375,57.22197200647732,56.08493904168827,56.27003704033284,8221600
2013-07-02,55.75881576538086,56.53446892270435,55.600162723691,56.261229953119,7690500
2013-07-03,56.06730651855469,56.26122061629502,55.150625972241976,55.39742328764876,3351800
2013-07-05,56.25240707397461,56.36699298808678,55.626597645693714,56.305293656417476,5645800
2013-07-08,57.03688049316406,57.10739594582454,56.552101886751615,56.65786834101863,6679700
2013-07-09,57.23961639404297,57.768468891803344,56.98400289643518,57.57455474018886,4556400
2013-07-10,57.213172912597656,57.55692736117103,56.91348558131177,57.16909907058604,5761700
2013-07-11,58.68514633178711,58.90550208696079,57.86542265355208,57.86542265355208,8329800
2013-07-12,59.03771209716797,59.055337597273926,58.1122153106049,58.51766906027609,5889900
2013-07-15,58.112220764160156,59.37265596880959,58.07696303591605,59.07296864109674,6458000
2013-07-16,57.318939208984375,58.26206159269241,57.23079824993883,58.12984679176203,7470900
2013-07-17,57.60980987548828,57.697950833691436,57.0809574015453,57.662693105465365,6846700
2013-07-18,58.015254974365234,58.50004025896495,57.87423080730544,57.9094818055281,4962800
2013-07-19,57.433528900146484,58.200362646275174,57.21317313866598,58.07696395782403,7220400
2013-07-22,56.763633728027344,57.583357259691205,56.64023506517238,57.424700875345856,5973600
2013-07-23,56.80770492553711,57.0897599930406,56.701938478175336,56.939919709462586,4534500
2013-07-24,56.97517776489258,57.39826373097036,56.87822070443149,56.93110392841998,5326800
2013-07-25,56.89585494995117,57.063320740104494,56.64024148372148,56.693124709588474,5407800
2013-07-26,57.27487564086914,57.35420049150827,56.50803512773482,56.825347979740435,4949600
2013-07-29,56.94873809814453,57.318934128155625,56.82533942147416,57.11621061279296,3805800
2013-07-30,56.56972885131836,57.177912877985484,56.49921339683327,57.0280658560237,6210500
2013-07-31,56.98398971557617,57.39825953916054,56.74600177556171,56.79007560881559,7155300
2013-08-01,57.60980987548828,58.05933750446564,57.40707961936938,57.43352795908197,6338100
2013-08-02,58.62343978881836,58.69394851102338,57.5833604831589,57.78608398717345,6098500
2013-08-05,58.19154739379883,58.64989115030471,57.83016743648099,58.61463342097932,7265800
2013-08-06,59.099403381347656,59.19636043052696,58.14746511198136,58.253231547651495,11546300
2013-08-07,58.09458923339844,58.43834364219886,56.51684136301332,57.23079179287215,16970500
2013-08-08,57.95356750488281,58.57937708466062,57.46878212103585,58.47360389416917,8826400
2013-08-09,57.054500579833984,57.95354887344152,56.939911312459685,57.70675156636189,7945500
2013-08-12,56.349365234375,56.79007667630669,56.120193401648095,56.640236399983415,8004900
2013-08-13,56.39344024658203,56.64024096034059,55.89102943131749,56.64024096034059,6025100
2013-08-14,56.37580871582031,56.56090672060753,55.94391337131682,56.366995966128265,6413700
2013-08-15,54.9831657409668,55.811702121275374,54.824509337577226,55.77644439555285,9014100
2013-08-16,54.79806137084961,55.08893254864,54.392607634258404,54.62177947658325,8238800
2013-08-19,54.498382568359375,54.806879255665194,54.498382568359375,54.78043764314233,5659900
2013-08-20,54.542449951171875,54.991974150384266,54.46312175573892,54.46312175573892,5192100
2013-08-21,53.890201568603516,54.542456066670006,53.84613109116865,54.31328420422965,7185400
2013-08-22,54.33091735839844,54.48957377958319,53.907834689359824,54.04886224570603,5302300
2013-08-23,54.41023635864258,54.63940820038822,54.172251767150534,54.61296322642582,5505900
2013-08-26,54.075294494628906,54.74517779300495,54.05766899520569,54.43667775531333,4499100
2013-08-27,53.493560791015625,54.07529983795083,53.38779097221702,53.67866217686558,7734500
2013-08-28,53.599327087402344,53.899011004139254,53.246756586878384,53.273198197591164,7161700
2013-08-29,53.83732223510742,54.225147171895365,53.370165725891376,53.56407987546642,5396200
2013-08-30,53.61695861816406,54.004783498160386,53.370157910564906,53.89019757543083,5404100
2013-09-03,53.70510482788086,54.6394144386664,53.41423361761633,54.1370002243584,7016400
2013-09-04,53.86375045776367,53.96070750844278,53.343710846053156,53.69627796573201,14014600
2013-09-05,54.031227111816406,54.295653328989836,53.731543169056714,53.82850023323805,6356600
2013-09-06,54.110557556152344,54.49838582895365,53.44067755405487,54.18107301024782,7319400
2013-09-09,54.28683853149414,54.50719426455551,54.00478346216451,54.29565128137747,7224500
2013-09-10,55.37980651855469,55.50320519570727,54.586524504914145,54.72755204485449,9919600
2013-09-11,56.35818099975586,56.35818099975586,55.512015792931635,55.6354144652983,9439700
2013-09-12,57.72438049316406,58.48240468121722,55.89102271582833,56.234777088931196,22426500
2013-09-13,58.78208923339844,59.08176976033311,57.733193939682366,58.059322799631,12718700
2013-09-16,59.0024528503418,59.62826232117432,58.94956290194131,59.337391141503026,9716500
2013-09-17,59.03771209716797,59.231619497227165,58.80854024745002,58.90549730984133,6450700
2013-09-18,59.15229797363281,59.381469836189964,58.359015929953294,58.76446970233976,9865600
2013-09-19,57.927120208740234,58.614629067714006,57.64506511980935,58.517672000451164,11864800
2013-09-20,57.30131149291992,58.032887476981315,57.21317053728018,57.83016395148228,29076200
2013-09-23,57.0721321105957,57.715573778983234,57.010432777302896,57.32774555558675,8286600
2013-09-24,56.693119049072266,57.43351776090283,56.65786132710672,57.2396036524538,8272800
2013-09-25,56.80770492553711,57.23079088915397,56.58734919390241,56.78126331369667,7281400
2013-09-26,57.504032135009766,57.54810597298158,56.631425285900576,56.72838234965976,6971200
2013-09-27,57.459964752197266,57.680320491575564,57.01925327344066,57.2660506255886,5586000
2013-09-30,56.84295654296875,57.24841023865222,56.754815604728435,57.05450286441254,7463200
2013-10-01,57.14266586303711,57.51286198139712,56.7283958961806,56.737212010824926,4881200
2013-10-02,57.18672561645508,57.59217941641146,56.76364631420679,56.80771343229868,7218800
2013-10-03,56.42869567871094,57.23079381067396,56.261229886931574,57.045695793618705,7264100
2013-10-04,57.556922912597656,57.67150547835798,56.38462874282629,56.42869585670782,6546000
2013-10-07,56.931114196777344,57.56573989799638,56.91348869384326,57.12502835267477,5840900
2013-10-08,56.41107177734375,57.08976452578645,56.384630163403926,56.8694087766562,8636300
2013-10-09,56.04969024658203,56.56972996538429,55.61779148526002,56.42869905363669,8746900
2013-10-10,57.80371856689453,57.88304340437902,56.666682156552916,56.8341546686514,7676600
2013-10-11,58.3590087890625,58.6939470666442,57.73319934360242,57.87423023398818,6735000
2013-10-14,58.90549850463867,59.03771329464707,57.980001699303486,58.068142651067895,6461500
2013-10-15,58.56174087524414,59.00245233463105,58.112213303747,58.81735432865533,5943100
2013-10-16,58.48241424560547,58.93194185499656,58.288500111173086,58.738027720564176,7724800
2013-10-17,58.544105529785156,58.69394580405451,58.15628403901288,58.341382035120226,6952100
2013-10-18,59.18755340576172,59.293319857669076,58.165099539166974,58.61462713394387,7587000
2013-10-21,59.59299850463867,59.610624002488045,59.19636091816329,59.29331124341872,4845800
2013-10-22,60.81819152832031,60.932774105951175,59.71641269628552,59.88388523066659,7860700
2013-10-23,60.042537689208984,60.99446942647775,59.95439000868369,60.6507149915455,5864500
2013-10-24,60.86225891113281,60.98565758924434,59.95438760113572,60.09541850453381,6045400
2013-10-25,61.047359466552734,61.585028039847046,60.79174598705839,61.10024269516401,6613300
2013-10-28,60.81819152832031,61.24127755870037,60.74767606913625,61.12668825634519,4469200
2013-10-29,60.7476692199707,61.161939090063655,60.62427054267368,60.923957848054705,4450200
2013-10-30,60.35103988647461,61.082622663147355,59.875070612183585,61.0121072022025,5816100
2013-10-31,60.456790924072266,61.08260707433853,60.24525131994893,60.351024484371976,5706100
2013-11-01,60.826995849609375,60.97683612778332,60.377468290364504,60.56256629129521,5008600
2013-11-04,60.65070343017578,61.30296117316402,60.298139674176575,61.17956251361978,4790200
2013-11-05,60.685970306396484,60.87106832363853,59.98964535121528,60.615454854668954,5140600
2013-11-06,60.81819152832031,61.36467624991032,60.48325318428249,60.976847949122295,6503200
2013-11-07,59.18755340576172,61.117865125029965,59.13466345508449,61.117865125029965,10496300
2013-11-08,60.447994232177734,61.179576975786986,58.808546825288545,58.940761627403646,16182800
2013-11-11,60.236446380615234,60.58901693602819,60.10423830646889,60.35985179102518,4954000
2013-11-12,59.7340202331543,60.33338800650473,59.425523597912665,60.227621574263196,6586700
2013-11-13,60.7917366027832,60.8093621013582,59.31976201938738,59.43434457193195,5681000
2013-11-14,61.71723556518555,61.831824859127735,60.818187063130786,60.941585745280975,7246600
2013-11-15,61.699607849121094,61.84944813996387,61.3029702028376,61.49687760730989,6184400
2013-11-18,61.25890350341797,61.77893988802533,61.10906319511324,61.75249827182148,4904400
2013-11-19,60.92396926879883,61.45282180274187,60.85345380434647,61.25009152362255,4801700
2013-11-20,61.02091979980469,61.629097122416816,60.8887049993328,60.92396272777358,4726800
2013-11-21,61.6467170715332,61.708416402835596,61.05615864367004,61.223631139229134,4498300
2013-11-22,61.87590026855469,61.99048957785711,61.523336400708004,61.65554448878815,4667500
2013-11-25,61.470436096191406,62.21083488846574,61.34703741826628,62.17557716266948,5830600
2013-11-26,62.73968505859375,63.18921264034599,61.61146477278081,61.62909027268017,8850000
2013-11-27,62.37828826904297,62.801374169695556,62.105049354391205,62.76611645091432,5446100
2013-11-29,62.17558670043945,62.819021801934674,62.04337188960254,62.61629825341275,4801000
2013-12-02,62.501708984375,62.85427280925816,62.36949418768186,62.395935802075705,6774600
2013-12-03,61.61145782470703,62.06098535576497,61.15311418233196,61.89351286435224,8304700
2013-12-04,61.67316436767578,62.12269195130973,61.1002381100597,61.18837905937217,4883800
2013-12-05,61.9023323059082,62.298969915124296,61.77011752792852,61.955215527210896,5587000
2013-12-06,62.986473083496094,63.01291469179344,62.37828919376771,62.554577790287276,5542000
2013-12-09,62.67798614501953,63.004115055507995,62.510513633589866,62.898341881227665,6477100
2013-12-10,63.083438873291016,63.153954321671755,62.492887123729744,62.50170323595815,7112200
2013-12-11,62.1579475402832,63.57703912057039,62.07862269746256,63.224475297291285,9519200
2013-12-12,62.13117218017578,62.47917045942634,61.39056447249182,61.81886690491815,8756300
2013-12-13,62.122249603271484,62.57732005429233,61.81886249484699,62.37209380565405,5784300
2013-12-16,62.916404724121094,63.21978504678958,62.38102327910677,62.38102327910677,6246600
2013-12-17,63.05025100708008,63.2733271737209,62.3096364999739,63.07701905783788,6829100
2013-12-18,64.42440032958984,64.42440032958984,62.58625472013837,63.31794434399483,7971400
2013-12-19,65.1114730834961,65.20962714215386,64.33516556713317,64.37085857098549,6768100
2013-12-20,64.60286712646484,65.63793712631721,64.54932421065261,65.22747774639772,12989700
2013-12-23,65.38809204101562,65.43271000233027,64.8348674440866,65.04009372754572,5621900
2013-12-24,65.8967056274414,65.90563058127273,65.36132412922883,65.36132412922883,2883600
2013-12-26,66.58377075195312,66.64623180075141,65.95023531192945,65.98592150460527,4620100
2013-12-27,66.34285736083984,66.72654867888774,65.96809099653586,66.61055151119699,3844800
2013-12-30,68.02037811279297,68.29699034185005,66.82468648858305,66.91391558107792,8578900
2013-12-31,68.17208099365234,68.26131010282606,67.6456176763615,68.06500197799708,4692300
2014-01-02,68.05608367919922,68.2613167773364,67.72593526220048,67.85085738880736,5200900
2014-01-03,67.91331481933594,68.43977135219755,67.82408570621048,68.08285489969576,4060700
2014-01-06,67.65454864501953,68.56469653190753,67.36008643159435,68.28808422655098,6816200
2014-01-07,68.11852264404297,68.43975281046269,67.72591329110794,67.92222137144701,4494900
2014-01-08,67.11917114257812,68.065012094338,66.75332289052268,67.93116500681172,10900300
2014-01-09,66.83362579345703,67.33331426493687,66.3160874149987,67.33331426493687,8052900
2014-01-10,67.27085876464844,67.3779377921328,66.53024414197547,66.99424645332894,6219000
2014-01-13,65.3791732788086,67.03886084226329,65.18287193057108,66.8336345393686,8232800
2014-01-14,66.43209075927734,66.54809474219427,65.39702071381734,65.77178710229016,5996500
2014-01-15,66.28038787841797,67.01207741431335,66.25361982833246,66.29823778363776,7283900
2014-01-16,66.21794128417969,66.38748138206553,65.7807138192456,66.3785564275069,5597400
2014-01-17,66.0126953125,66.59268783881267,65.74500121747597,66.41422964729242,6624800
2014-01-21,66.20899963378906,66.81576704360128,65.40593092740743,66.02161648178375,7507100
2014-01-22,67.19947052001953,67.30654954395638,66.07517140353595,66.10193945758387,6795100
2014-01-23,66.73546600341797,66.87823120827447,66.16439156850345,66.50346488681386,6280900
2014-01-24,64.88839721679688,66.23577918557,64.88839721679688,66.11977522057474,7334900
2014-01-27,64.46900939941406,65.05793372185249,63.99608903561935,64.66531750689354,7415100
2014-01-28,65.03115844726562,65.13823745277035,64.4600840333951,64.47793393818456,5508400
2014-01-29,63.64808654785156,64.46008016570704,63.46070340526953,64.21916092745688,8604800
2014-01-30,65.33454895019531,65.70039032444019,64.24593616482993,64.32624031731868,7550500
2014-01-31,64.79022979736328,65.42376517062071,64.0674653363324,64.4243816874262,7748500
2014-02-03,62.45240783691406,64.89732776486633,62.32748571595241,64.8348667043855,11964800
2014-02-04,63.398250579833984,63.57670879370097,62.35424892470425,63.3000965198838,11278800
2014-02-05,64.03179168701172,64.29056088516249,62.79148861129448,64.29056088516249,11573300
2014-02-06,67.42255401611328,68.46655589126635,66.7265573045085,67.4671719828555,19821900
2014-02-07,67.52070617675781,67.54747423294361,66.57486521688236,66.99424958444848,11480100
2014-02-10,68.76100158691406,68.9840777735394,67.43146942079566,67.5206985338968,8781600
2014-02-11,69.41238403320312,69.52838119442322,68.80561655961984,68.8413095648594,8186200
2014-02-12,69.51946258544922,69.60869169408093,69.27853650362452,69.29638640999764,6329500
2014-02-13,69.51052856445312,69.8139088557732,68.88591127002469,69.17144846504395,5955400
2014-02-14,70.69731140136719,70.9114626444782,69.39454041909987,69.49269449047269,7001100
2014-02-18,71.0096206665039,71.38438706473481,70.8757735792084,70.93823464558021,6136500
2014-02-19,70.37606811523438,71.18806178269635,70.31360706389114,70.93821757732343,7024000
2014-02-20,70.66162109375,71.07208049529541,70.34930895958357,70.67946419479739,5748700
2014-02-21,71.5003662109375,71.78590341487573,70.31360624916715,70.55452549934407,8252300
2014-02-24,72.03575897216797,72.80313472489865,71.79483289903929,71.83052590275258,6635200
2014-02-25,71.57177734375,72.5890044154272,71.42008714009116,72.02685476247285,6064300
2014-02-26,71.45576477050781,72.23206553254317,71.01853054903943,71.9465282898214,5775600
2014-02-27,71.81268310546875,71.91083035641084,71.2594517572126,71.38437386686006,4919800
2014-02-28,72.10713195800781,72.80312845107866,71.53605756329615,72.13390000654996,7030700
2014-03-03,70.90253448486328,71.96437931384675,70.35822804376629,71.65207401348249,8449400
2014-03-04,72.91022491455078,73.32068430856835,71.86622992491401,71.91976603481987,8021400
2014-03-05,73.77574157714844,74.24866190653023,73.18681729756418,73.36528229489738,7709700
2014-03-06,74.36466217041016,74.43604817233984,73.91850986996543,73.93635977431977,5774400
2014-03-07,73.35635375976562,74.64127444682441,73.18681372251669,74.59665649773473,7478100
2014-03-10,73.14220428466797,73.5526635564285,72.89236010253056,73.32958742127103,5209700
2014-03-11,72.32130432128906,73.46345333748704,72.02684211337221,73.33853121432445,7171600
2014-03-12,72.61576080322266,72.62468575722298,71.42900061549888,71.91083920759246,6378300
2014-03-13,71.32191467285156,73.15114202401283,71.08099540017277,72.94590894838346,8570600
2014-03-14,71.44683074951172,71.75021786075652,71.00067843889713,71.25052264360225,7754700
2014-03-17,72.62468719482422,72.81207038606878,71.66099637607039,71.83053646670635,7280700
2014-03-18,73.1600570678711,73.3920581853244,72.52652157706083,72.74959774175787,5395900
2014-03-19,71.84838104248047,73.43668933907216,71.42007854162637,73.3920713750165,6403200
2014-03-20,72.10713195800781,72.2945151055466,71.1702162203139,71.91082385837373,5968200
2014-03-21,71.6966781616211,73.21360017021776,71.42899084792354,73.13328921068748,7840900
2014-03-24,70.92929077148438,72.21421157439087,70.83113672083213,72.0179034730864,7642900
2014-03-25,70.98284912109375,71.68776391788839,70.13515548172505,71.59853479999308,6692400
2014-03-26,70.15299987792969,71.59852917439416,70.14407492451781,71.32191688832894,6750800
2014-03-27,70.02808380126953,70.14408097464994,68.95731395506479,69.86746866472609,9194700
2014-03-28,70.48314666748047,70.90253096762751,69.87637919641031,70.25115234600116,5281700
2014-03-31,71.44683074951172,71.7323679559953,71.08098939483463,71.11667558886909,6848800
2014-04-01,72.78529357910156,72.8209865837722,71.73237376842394,71.73237376842394,6555000
2014-04-02,72.87451171875,73.1422058096175,72.54436338878942,72.9191296698091,6073500
2014-04-03,72.89237213134766,73.38313562503464,72.40160182991617,73.097598397223,4930100
2014-04-04,71.76805877685547,73.92743426075154,71.74129072827107,73.45451391511041,8894400
2014-04-07,70.60807037353516,72.09822443680095,70.09945695306263,71.75914428465607,9000800
2014-04-08,71.00068664550781,71.07207265731586,69.70684751827476,70.73299250510004,7085100
2014-04-09,71.80375671386719,71.85729281471644,70.72406889769347,71.35760438613866,7004800
2014-04-10,69.16254425048828,72.20529995951424,69.13577619677395,72.20529995951424,10160200
2014-04-11,68.71637725830078,69.55513892991816,68.53791225857309,69.16252954600454,9204100
2014-04-14,69.26069641113281,69.44807958971583,68.57361794858353,69.3320756164895,5964700
2014-04-15,69.29639434814453,69.78715790570995,68.09177741651716,69.50162064073241,6398700
2014-04-16,70.44745635986328,70.47423122051578,69.76930966038766,69.93884293138412,5958800
2014-04-17,71.37545013427734,71.580683208061,70.13514716175452,70.22437626906478,7627700
2014-04-21,70.59022521972656,71.36653275795416,70.21545888033859,71.34868285165307,7080300
2014-04-22,70.89360046386719,71.28621668139205,70.67944925782822,70.68837421033854,5876000
2014-04-23,70.95606994628906,71.33976125689023,70.46530642381914,70.96499489985976,4148600
2014-04-24,71.0185317993164,71.43791612114143,70.59022933156594,71.15237887339279,4632700
2014-04-25,69.80500793457031,70.90253903307489,69.74254687049074,70.90253903307489,6193300
2014-04-28,69.4034652709961,70.54561430956736,68.60038960083027,70.27792695800892,7522700
2014-04-29,70.17084503173828,70.20653803868618,69.36776939477318,69.91207583717481,4608700
2014-04-30,70.79544830322266,70.96498836673332,69.76037843989336,70.04591565816465,6550200
2014-05-01,70.99175262451172,71.26837168299988,70.7240653260397,70.80436947325813,6486800
2014-05-02,71.6609878540039,71.87514588231136,71.04530224391755,71.04530224391755,7599300
2014-05-05,72.47299194335938,72.55329610209924,71.2059208486679,71.75914542952889,5669800
2014-05-06,72.30345153808594,72.83883301716877,72.0982252615142,72.80314001086393,10696500
2014-05-07,71.64313507080078,73.56159126664798,71.49144492706355,72.85666983618582,11906800
2014-05-08,72.81207275390625,73.40991535604431,71.44684745348076,71.57176958503959,9257700
2014-05-09,73.1243667602539,73.18682781636187,72.18745091863437,72.51759929760027,5376600
2014-05-12,73.54375457763672,74.00775685187602,73.24037423564897,73.24037423564897,5704400
2014-05-13,73.24038696289062,73.83822960498736,72.9459247155011,73.5526923126616,5274700
2014-05-14,72.2052993774414,73.32960527859566,71.94653018071372,72.96375706012874,6192000
2014-05-15,71.51822662353516,72.12499412202276,70.6794579853404,71.95545404211234,7687700
2014-05-16,71.73238372802734,71.75915178331077,70.79546094663485,71.53607557895498,5823700
2014-05-19,72.32130432128906,72.61575972146079,71.50930371298715,71.76807291317968,4896900
2014-05-20,72.35698699951172,72.9548363401143,71.84837357774924,72.22314673674117,6023200
2014-05-21,73.33853149414062,73.4723717639361,72.65145300637981,72.65145300637981,4736400
2014-05-22,73.48128509521484,73.87390131183473,73.20467283772942,73.33851989409929,4652000
2014-05-23,74.3468246459961,74.38251764963607,73.3385228222079,73.3385228222079,4580300
2014-05-27,74.72158813476562,74.93574614847206,74.3468218223955,74.56097302835785,5197700
2014-05-28,74.59668731689453,74.86438150654239,74.28438196746939,74.77515237924177,4652100
2014-05-29,74.98036193847656,75.0338980413462,74.4449804865466,74.88220787805254,6522000
2014-05-30,74.9625015258789,75.30157477864448,74.61450332211497,74.78403654462628,6352400
2014-06-02,75.19451904296875,75.3283661183632,74.96252470721306,75.19451904296875,3933800
2014-06-03,74.84651184082031,75.15882391555722,74.70374663637119,75.01605190336387,4541400
2014-06-04,75.16773223876953,75.3105042323077,74.33788874762324,74.81973401419948,5800100
2014-06-05,75.64960479736328,75.80129498941514,74.86437897284851,75.28376334548845,5956000
2014-06-06,75.4979019165039,75.83697525488161,75.19451477564415,75.76559605210107,5302800
2014-06-09,76.2741928100586,76.61326607440404,75.42649943758022,75.48896048121605,5667600
2014-06-10,75.62281799316406,76.20281736881975,75.57820003821203,76.20281736881975,4632600
2014-06-11,75.23020935058594,75.6763617140604,75.10528723343268,75.4889785383305,4300900
2014-06-12,73.88282775878906,75.132048822859,73.70436274410463,74.9803586661854,7231400
2014-06-13,73.88282775878906,74.052361013059,72.99052310859955,73.8382098031819,4711100
2014-06-16,74.32897186279297,74.45389395538307,73.66866159310993,73.74004759108811,5181100
2014-06-17,74.20405578613281,74.47174308863798,73.71328551992399,74.0434406815321,4535900
2014-06-18,74.57881927490234,74.73050942136183,73.89174092818436,74.22189607731127,4536300
2014-06-19,74.74836730957031,74.88221438612167,74.28437182630334,74.6412950945253,4326900
2014-06-20,73.90066528320312,75.02497096382132,73.87389723495521,75.01604601182412,11073400
2014-06-23,73.84716033935547,73.9988505485804,73.45454397877648,73.92746451797576,3946600
2014-06-24,73.77574157714844,74.56989209398645,73.60620153161777,73.77574157714844,5057100
2014-06-25,74.86436462402344,75.23913095882077,73.59729360194989,73.7668268632661,7899200
2014-06-26,75.35513305664062,75.56036614357404,74.74836555721156,75.56036614357404,6424000
2014-06-27,76.11357879638672,76.19388293601574,75.06957732700654,75.06957732700654,17932200
2014-06-30,76.5062026977539,76.80066488117284,75.90836018553577,76.23851537370953,6991400
2014-07-01,77.1575927734375,77.51451603476306,76.5240572182635,76.56866837108858,5608200
2014-07-02,77.13082122802734,77.3717405040609,76.91666319628122,77.25574334267358,4439600
2014-07-03,77.48773956298828,77.61266848843849,77.18435922220235,77.36281744528291,3210400
2014-07-07,77.26465606689453,77.46988913098151,77.02373680776513,77.28250597215994,4897800
2014-07-08,76.61327362060547,77.02373292031903,76.45265852004417,76.90773577292515,4733600
2014-07-09,77.82682037353516,77.8892814329142,76.60436043112253,76.73820750343332,6311200
2014-07-10,77.5055923461914,78.174820919196,76.90774978816613,77.21113014021056,7249700
2014-07-11,77.53235626220703,77.95174056814787,77.0683608050937,77.63051032562913,5016000
2014-07-14,77.41634368896484,78.06772218992319,77.32711459663754,78.04095414299933,4012300
2014-07-15,76.87206268310547,77.31821509936523,76.32775619064891,77.25575403339869,7001300
2014-07-16,76.158203125,78.1926567074578,75.95297686080606,77.35389493698933,10667200
2014-07-17,75.87267303466797,76.90774982918477,75.72990781237829,76.14036718711061,6885900
2014-07-18,76.56866455078125,76.72036152450372,75.99759008425147,76.2385161669171,4719100
2014-07-21,76.5062026977539,76.73820382478803,76.29205147696949,76.56866375413873,4799800
2014-07-22,76.92558288574219,77.23788815098763,76.3009723552513,77.0683548971368,4984200
2014-07-23,76.7739028930664,77.21113032229187,76.52405864779472,77.01482218450836,3650200
2014-07-24,77.4520492553711,77.59481446471221,77.01481505885482,77.18435512720785,4168200
2014-07-25,76.94342803955078,77.36280547970016,76.78281294052242,77.00588908874272,4659800
2014-07-28,77.76437377929688,77.82683485029446,76.56868166738383,77.12191315889538,4546800
2014-07-29,76.91667938232422,77.8982202150172,76.8809931772682,77.88929525988016,5478700
2014-07-30,77.81790161132812,77.87143772141393,76.81851777400556,77.29144504149667,7294200
2014-07-31,76.63111877441406,77.5858844512306,76.46158552486318,77.26465424148446,6342400
2014-08-01,76.18497467041016,76.74713100190833,76.03328450161484,76.19389962379363,6759200
2014-08-04,77.84465789794922,78.09450211757247,76.74712696064068,76.88989216853494,8262700
2014-08-05,77.40744018554688,77.84466762451846,76.75605469635856,77.75543850746746,9361800
2014-08-06,77.26465606689453,78.18373557122538,76.88988974925138,76.89881470188408,9789500
2014-08-07,76.30097198486328,77.6394289503415,76.05112777387974,77.62157904513172,7916900
2014-08-08,77.49665832519531,77.53235132850885,76.39912740621726,76.42589545676634,6382700
2014-08-11,78.07665252685547,78.50496173041007,77.67511817981489,77.69296127641374,5047900
2014-08-12,77.81790161132812,78.18374985090222,77.43421027097392,77.76436550124234,4510100
2014-08-13,78.1658935546875,78.47819885090887,78.00527842981009,78.29081567317604,4532300
2014-08-14,79.06712341308594,79.33481755769996,78.35327689927843,78.54958503096273,8218000
2014-08-15,79.66495513916016,79.8344951949164,79.13849868269764,79.43295403250592,8211000
2014-08-18,80.28064727783203,80.63757048527876,79.93264902270106,80.0040350257392,4973300
2014-08-19,80.38774108886719,80.56620614444725,79.98620662736717,80.4234340999832,4153000
2014-08-20,80.1646499633789,80.35203993881707,80.01295980016182,80.23603597233206,3894500
2014-08-21,80.64649963378906,80.78034670581255,80.28958318538626,80.3609623904199,4719100
2014-08-22,80.7446517944336,81.11049999548344,80.41450340667564,80.42342155225388,4756400
2014-08-25,80.64649963378906,81.32465313969517,80.57512042875543,81.15511306128242,3515400
2014-08-26,80.32525634765625,80.90525569379722,80.25387715420709,80.85171959677442,4117700
2014-08-27,80.63761138916016,80.6733044087847,80.28961295750503,80.43237822825583,3739700
2014-08-28,80.51265716552734,80.74465148908949,80.27173108093129,80.28958098750972,2678400
2014-08-29,80.20033264160156,80.64648492849736,79.70956921066235,80.59294883254783,4179400
2014-09-02,81.02127838134766,81.13727555429912,80.44127890109966,80.46804695580036,5602000
2014-09-03,81.14619445800781,81.34250258816954,80.90526836817486,81.25326666882705,3684000
2014-09-04,80.43234252929688,81.37818330243118,80.31634537281163,81.08372793477717,5458700
2014-09-05,81.14619445800781,81.14619445800781,80.39665494354895,80.43234794973698,4597100
2014-09-08,80.80711364746094,81.05695788100516,80.45019720396623,80.98557867695308,4331200
2014-09-09,79.95050811767578,80.7892768018515,79.87020395399698,80.75358379319027,4797700
2014-09-10,79.87910461425781,80.1467987167443,79.19203306923343,79.89695451855361,5078600
2014-09-11,80.28064727783203,80.34310832855441,79.46864681069714,79.59356891214189,4065500
2014-09-12,80.0129623413086,80.48588275208994,79.638195994019,80.39665364193691,3870200
2014-09-15,80.3788070678711,80.63757624154846,79.91480482274461,80.07541993717386,4910000
2014-09-16,80.54834747314453,80.69111950207815,79.82558279796694,80.04865898736693,4324600
2014-09-17,80.60187530517578,80.99448469578581,80.28064510793064,80.82495145283248,4058100
2014-09-18,80.61080169677734,80.7535737136016,80.22711721898717,80.5840336455589,4343600
2014-09-19,80.7446517944336,81.33357617434464,80.65542268443805,81.0212708854879,13382900
2014-09-22,79.67388153076172,80.85172337450368,79.58465242897329,80.7446443677111,5003000
2014-09-23,78.7994155883789,79.6292591233223,78.72803639558596,79.52218693026103,6155800
2014-09-24,79.81663513183594,79.98617516601453,78.73694749930206,78.8440264905322,5607000
2014-09-25,78.58528137207031,79.95050659049431,78.57635641813916,79.64712623428684,7077400
2014-09-26,79.18312072753906,79.31696780009837,78.44251296716807,78.65666419861601,5786400
2014-09-29,79.26341247558594,79.45972056004247,77.95172373648391,78.62987708067648,5188600
2014-09-30,79.44188690185547,79.89696420817513,79.00465950199637,79.27234682920322,4824500
2014-10-01,78.06773376464844,79.629266938999,77.80896459311245,79.48650173165687,7512500
2014-10-02,77.443115234375,78.21942266895323,75.53358397978567,78.07665066858513,11051100
2014-10-03,78.92436218261719,79.32590345446165,78.12129325441991,78.61205684301315,7549000
2014-10-06,79.0224838256836,79.57571506285974,78.58525652970576,79.22771685475084,4047800
2014-10-07,77.72866821289062,78.75482004876534,77.6662071519806,78.52281890492308,6217600
2014-10-08,78.62096405029297,78.65665705358282,77.03266284648815,77.68404143523115,7008000
2014-10-09,76.47943878173828,78.66558948891162,76.35451666221351,78.54958551524938,8726200
2014-10-10,76.97913360595703,77.63051911810315,76.20283277173311,76.66682828139882,12675300
2014-10-13,74.87330627441406,77.08621858001939,74.73945917992475,76.66683419423437,9039800
2014-10-14,75.0785140991211,76.3098920881758,74.86436288531687,75.62282049033776,8607100
2014-10-15,73.24038696289062,74.73945944953736,70.08162683717977,73.51699930015262,21844400
2014-10-16,72.93698120117188,73.58836660015606,70.98283861970795,71.32191194064485,13216500
2014-10-17,74.8019027709961,75.54251728740067,73.77575103001612,73.77575103001612,12381800
2014-10-20,76.30989074707031,76.39020170567568,75.0874377323335,75.15882373826179,8302100
2014-10-21,78.11235809326172,78.23728021278065,76.96128415677019,77.02374521652966,9170400
2014-10-22,77.71974182128906,79.0671238905585,77.61266960899277,78.46928134608777,9314500
2014-10-23,78.5138931274414,79.08496762341176,78.30866684706658,78.7102012618834,7245300
2014-10-24,79.06712341308594,79.11174137310324,78.14805062178657,78.44251281931304,4937500
2014-10-27,78.92436218261719,79.40620762418305,78.73697897885476,78.9422120921636,5644300
2014-10-28,80.2449722290039,80.27174028419586,79.37051051550894,79.45082148883029,4554400
2014-10-29,79.88803100585938,80.53049141720798,79.370492695857,80.16464325773406,5442100
2014-10-30,80.50372314453125,80.78926034792192,79.33480628186064,79.80772663675046,4445300
2014-10-31,81.5387954711914,82.07418370085341,80.97664599933925,81.6547994312321,7472200
2014-11-03,81.83328247070312,81.93143655541266,81.19974680159822,81.41389807380713,5447700
2014-11-04,80.61971282958984,82.07417356874318,80.12894942331023,82.06524861728549,7928500
2014-11-05,81.1997299194336,81.73511139251826,79.94157699032706,81.73511139251826,7021000
2014-11-06,82.092041015625,82.092041015625,81.33358330257317,81.45850542906429,9938800
2014-11-07,80.30741882324219,80.32526192090656,79.1028089024424,79.76311243993179,16176300
2014-11-10,80.11111450195312,80.68218896266173,79.37049997055946,80.5215738451034,8155700
2014-11-11,80.28956604003906,80.33417718269054,79.53110172978634,80.31633408717863,5896800
2014-11-12,80.21820068359375,80.41450882345423,79.70958723383943,80.1021967058152,5262500
2014-11-13,80.7446517944336,80.94095992107061,80.33419244225834,80.39665350002969,5098800
2014-11-14,81.02127838134766,81.06588953660037,80.64650519230189,80.91419935479954,4281100
2014-11-17,80.67327117919922,81.00341956117917,80.35204094264144,80.75357533446636,4148400
2014-11-18,80.55728149414062,80.92312975365287,80.42343440388625,80.60189946014069,4461600
2014-11-19,80.14679718017578,80.5572564704403,79.58464774502423,80.53941337423039,7710000
2014-11-20,79.32588958740234,79.82557804341762,79.1920425201855,79.63819487241189,8604000
2014-11-21,79.37940979003906,80.12894913166014,79.20095160799481,80.03079508921282,7383500
2014-11-24,80.824951171875,80.8963371727355,79.70064548542523,79.70064548542523,6504100
2014-11-25,81.77973175048828,82.02065103773204,80.9409631064823,80.9409631064823,7404200
2014-11-26,82.02066040039062,82.3418906918807,81.79758418728616,82.05635341141682,4607200
2014-11-28,82.54711151123047,82.9486459119276,82.29726727899717,82.56495461021368,3853000
2014-12-01,82.71662902832031,83.10924520863882,82.18124766008637,82.65416798215541,6714700
2014-12-02,83.40371704101562,83.70709735544885,82.46679443186503,82.67202749755074,6664200
2014-12-03,83.08250427246094,83.57327465800483,82.53819777494704,83.46619562631916,5492400
2014-12-04,83.1895523071289,83.5464686642669,82.60062806391358,83.52862556950726,6017300
2014-12-05,83.66249084472656,83.85879896859116,83.28771769564659,83.60002978783734,5226800
2014-12-08,83.69818878173828,84.3227993874361,83.35019047174308,84.06403019143414,6682200
2014-12-09,82.9308090209961,83.49295858560254,81.8778891008041,83.43942247690056,9519900
2014-12-10,81.76187133789062,82.83264098563231,81.69049214090313,82.55602191923339,10346100
2014-12-11,82.9095230102539,83.73184420440184,81.9245521496824,82.3131133229459,8227800
2014-12-12,82.67454528808594,83.68663098004271,82.18657577022837,82.39441732005038,7890900
2014-12-15,82.14141845703125,83.75894553923862,81.49983065810063,83.16253590136787,6746800
2014-12-16,81.48175048828125,83.13542416709974,81.44560382437432,81.77995529481007,6549400
2014-12-17,82.57516479492188,82.8462613388316,81.50886229342663,81.65344895531754,6885900
2014-12-18,83.68665313720703,83.68665313720703,83.00891866534386,83.30712348758883,9387500
2014-12-19,83.93965148925781,84.21977945999585,83.02696736959315,83.4426435789776,12837900
2014-12-22,85.12344360351562,85.26803026115009,84.23787445545405,84.3914926084872,7477500
2014-12-23,85.5662612915039,85.90964436720016,85.30420306494358,85.37649641591334,5385800
2014-12-24,85.32225036621094,85.95480667831494,85.27707220452096,85.56623863756886,2165700
2014-12-26,85.87348175048828,86.12650153763941,85.41262034145038,85.61142357257545,3142400
2014-12-29,86.29818725585938,86.68675528576657,85.56623625074616,85.61141441117591,3584400
2014-12-30,85.57524871826172,86.29816806710774,85.39452232818515,86.0361099755078,3490100
2014-12-31,85.11441040039062,86.31625422007481,84.96982374565714,85.96383286700086,4797000
2015-01-02,84.71681213378906,86.09938940472901,83.90352935845031,85.76504479850828,5865400
2015-01-05,83.47880554199219,84.3553431657858,82.93661938226275,84.29208822872188,7789400
2015-01-06,83.03602600097656,84.21076849661391,82.37636831662398,83.65050552427938,6793100
2015-01-07,83.88545227050781,84.17461868866224,83.22578771651146,83.7860506679293,6589500
2015-01-08,84.7529525756836,85.2138139302364,84.54511097836878,84.82524590468626,7579400
2015-01-09,85.16863250732422,86.09034836145713,84.93368262518382,84.98790607138336,8621300
2015-01-12,85.35838317871094,85.629479681939,84.73486535784869,85.56622475042185,6586200
2015-01-13,86.01805877685547,87.13857780609446,85.57526730473724,86.09938360177227,9364300
2015-01-14,85.15056610107422,85.66564404825282,84.30113665004318,84.94272448640444,6509300
2015-01-15,85.25897979736328,85.8102042865572,84.9788518057065,85.49392963561077,5662200
2015-01-16,86.00899505615234,86.05418009731268,84.92462301099752,84.94269289090006,6117000
2015-01-20,85.61141967773438,86.19879095362573,84.71681207264336,86.0451727890259,7940600
2015-01-21,85.09632110595703,85.61139892271603,84.78004646308224,85.27705439779274,7474700
2015-01-22,85.98190307617188,86.19877614742987,84.95174736985811,85.466825223015,7014200
2015-01-23,85.59333801269531,86.32528896211126,85.33127988276681,85.7740644292049,4664700
2015-01-26,85.8192367553711,85.84634502440089,84.87944436147579,85.34933711128852,5446900
2015-01-27,84.91561126708984,85.61141561709752,84.36438668447391,84.88850299159587,5390000
2015-01-28,83.74087524414062,85.36744084222688,83.68665868896176,85.06923600019907,6198400
2015-01-29,84.23786926269531,84.49088900368719,82.70166714424757,84.13846766526694,7681700
2015-01-30,82.19562530517578,83.98484711330667,82.07815382716133,83.5872407349952,10212300
2015-02-02,83.07215881347656,83.18059879160147,81.38233868261604,82.50286444042906,9392000
2015-02-03,85.03308868408203,85.04212707463365,83.30712837940942,83.52400149274446,12329100
2015-02-04,91.52125549316406,92.1176650953992,89.29828741025968,89.81336529661226,32640500
2015-02-05,92.75021362304688,92.93094004338717,90.82545035876588,91.05136183132674,14089500
2015-02-06,92.18994140625,93.06647893460807,91.85559687285962,92.77731255461812,8535200
2015-02-09,91.92788696289062,92.62369117039918,91.67486035679926,91.99114189084595,5461800
2015-02-10,92.09957122802734,92.34355943613315,91.4308753176344,92.13571788457153,5726300
2015-02-11,92.05440521240234,92.18994657447247,91.33148577476501,92.18091507984828,5868200
2015-02-12,93.59963989257812,93.84362124145316,91.90078126237117,92.31646442519217,6816800
2015-02-13,94.13277435302734,94.34965429282401,93.4640784409955,93.73517491860642,5175600
2015-02-17,94.08760070800781,94.38579857453426,93.59059277334683,94.18700229494002,4759300
2015-02-18,93.8526611328125,94.27737579716292,93.43698485760831,93.43698485760831,3760200
2015-02-19,93.87976837158203,94.05146329211384,93.57253208670495,93.97916996828246,5094100
2015-02-20,94.47618103027344,94.60269090396523,92.8315457780092,93.85266315688462,5197000
2015-02-23,94.87379455566406,95.09067456627444,94.37679337679408,94.66595983000252,5587100
2015-02-24,94.5846176147461,94.92800747966749,94.29545119360094,94.46714612606164,4098800
2015-02-25,95.39788818359375,95.76838627609958,94.58460557320203,94.59364396172595,6547200
2015-02-26,94.4852066040039,95.52440069643583,94.10567700671348,95.33463589779062,5049000
2015-02-27,94.05146789550781,95.0093303532086,93.94302790445312,94.58461567274998,4161600
2015-03-02,95.68706512451172,95.76839684165894,94.2954495919284,94.2954495919284,5635500
2015-03-03,96.10273742675781,96.36479555781858,95.07258168080632,95.58765955378206,4671900
2015-03-04,95.39788818359375,95.78645615887699,94.68400716415381,95.65994629662387,4972300
2015-03-05,94.90994262695312,95.61478543617491,94.76536284534792,95.37080403847204,3954700
2015-03-06,93.81652069091797,94.88282316993187,93.51831587775877,94.58461835677267,5704200
2015-03-09,95.11776733398438,95.26234708987717,93.81651505959454,93.92495504721734,4868900
2015-03-10,93.15685272216797,94.29544848901345,93.15685272216797,94.22315516223286,6472600
2015-03-11,92.97612762451172,93.97917514150603,92.95805773969461,93.5363905736391,4831900
2015-03-12,96.84371948242188,96.98830612079294,93.80746901933338,93.84361567892616,10730400
2015-03-13,96.1840591430664,96.94311828991401,95.35269978483832,96.94311828991401,8024200
2015-03-16,97.02445983886719,97.34977290459805,95.83164756261095,96.54552173512333,6407300
2015-03-17,96.65397644042969,96.87988794301884,95.92202537820786,96.69012310815658,4489400
2015-03-18,97.56666564941406,97.97330361640506,95.54250041685967,96.59976464645408,5520600
2015-03-19,97.02445983886719,98.0275073091589,96.816618254656,97.4491676078711,4885600
2015-03-20,97.9823226928711,98.4431840204146,97.14193175171334,97.4401365456692,8710100
2015-03-23,97.79255676269531,98.36185117657702,97.62990023097613,98.1359397099821,5667000
2015-03-24,96.78949737548828,97.63892659140643,96.76238910591984,97.34072183761347,4493500
2015-03-25,94.88282012939453,97.10578823082781,94.88282012939453,97.09674984137196,6964700
2015-03-26,95.09970092773438,95.62381725033484,94.06954506291096,94.40389655717782,5915800
2015-03-27,95.3165512084961,96.19308174390967,94.774358274565,95.06352462200248,5330400
2015-03-30,95.8948974609375,96.64491825627654,95.83164252893853,95.84067402331658,3831900
2015-03-31,94.7834243774414,96.07563837852875,94.7834243774414,95.42501218297826,5701600
2015-04-01,95.28042602539062,95.78646552387833,94.20508519683317,95.27138763598303,6117200
2015-04-02,95.78646087646484,96.00333395182706,94.75630515065585,95.3255995588332,3651600
2015-04-06,95.45210266113281,96.30153191297275,94.91895495235347,95.16293628305735,4153500
2015-04-07,95.27139282226562,96.15696888709824,95.24428454683824,95.6057443058367,4694600
2015-04-08,96.11177062988281,96.40997540716525,95.02739839610918,95.0906533281748,4277400
2015-04-09,96.48226928710938,96.6901108766787,95.67802499117214,96.24732631801317,3924400
2015-04-10,96.64493560791016,96.78048388489302,96.15697284160672,96.4461392818433,3251500
2015-04-13,96.24732208251953,97.50338927120369,96.21117542095594,96.75336155586832,4201500
2015-04-14,96.38288116455078,96.96121402597917,95.88587313007098,96.15696967510932,5389300
2015-04-15,96.67204284667969,97.0786807499914,96.56360285513668,96.61781940377259,4307300
2015-04-16,97.68412780761719,97.86486113786465,96.59975540321884,96.82566689532446,6379100
2015-04-17,96.40997314453125,97.4130205396532,95.82260199240942,97.4130205396532,9663500
2015-04-20,97.79255676269531,98.0455765021983,96.9792741040994,97.44013542634889,8094200
2015-04-21,97.30459594726562,98.4883699328675,97.21423273132841,98.43415338215947,4579400
2015-04-22,97.53953552246094,97.81966353056197,96.66299794247558,97.6118219510133,4060500
2015-04-23,98.49739837646484,99.31068102631733,97.24133118724241,97.55760585822095,5983800
2015-04-24,98.97632598876953,99.83479365803757,98.6690897178931,98.97632598876953,6355600
2015-04-27,99.54564666748047,100.90111566745637,99.46431494246055,100.75652899820845,8479100
2015-04-28,99.3287582397461,100.44024575894304,98.39800404178145,100.07878601074974,7324500
2015-04-29,99.22935485839844,99.7444327497053,98.7323537460265,99.09381348774227,6024700
2015-04-30,98.24436950683594,99.57272989573148,97.30457707595562,99.11186862127852,7770300
2015-05-01,99.8709487915039,100.00649706480037,98.74139133781924,99.35587086839456,6205100
2015-05-04,100.33180236816406,100.78362531453553,99.85287114809367,100.73844715646099,7566200
2015-05-05,100.13300323486328,102.38308656303937,99.90709175250376,102.35597139396832,14619300
2015-05-06,99.14802551269531,101.17219032197802,98.69620257973135,100.81073059675269,8975300
2015-05-07,98.73233795166016,99.20223071473139,98.24436841254578,99.03957420169326,8291200
2015-05-08,99.50044250488281,100.03359023325417,99.01247293127298,99.63599075770841,6260600
2015-05-11,98.13594055175781,99.52755602523186,98.03653895406175,99.52755602523186,6728500
2015-05-12,98.71428680419922,99.09382336267161,97.29556286435938,98.13595391753023,6345000
2015-05-13,98.66910552978516,99.2835850642799,98.29860737336304,99.12996000995251,4141400
2015-05-14,99.3377914428711,99.40104637843199,98.50643889142195,99.12091836298673,4662000
2015-05-15,99.67213439941406,100.02455570952489,99.11187152202926,99.4914011030301,5852200
2015-05-18,99.69926452636719,100.06975580020031,99.41009808303214,99.82577441443429,4868900
2015-05-19,99.90708923339844,100.2956572490301,99.8257644110498,100.02456761359686,4549600
2015-05-20,99.58177947998047,100.13300405298307,99.41912293558181,100.10589577796186,4393500
2015-05-21,99.75347137451172,99.97938285183315,99.31068680935762,99.43719668511594,4880600
2015-05-22,99.6360092163086,100.21434210085414,99.50949932870626,99.67215588337667,4267700
2015-05-26,98.89500427246094,100.16914133906184,98.28052481718463,99.55466188378551,5970800
2015-05-27,99.73538208007812,99.95225512570464,98.76848142108395,98.95824619779086,3984200
2015-05-28,99.87997436523438,99.88901275410011,99.03958345175853,99.50044476412158,3392000
2015-05-29,99.73538208007812,99.87092342467606,98.8678830033023,99.69923542342875,5264900
2015-06-01,100.26854705810547,101.0004980223352,99.89805582848129,100.73844678137397,6778900
2015-06-02,100.07878875732422,100.53061173139791,99.41912418169717,100.23240691388412,4425900
2015-06-03,100.45832061767578,101.04569187578706,99.85287947368225,100.07879096570416,4510300
2015-06-04,99.67213439941406,100.53059515085934,99.3919995135865,100.25949865341856,5748200
2015-06-05,99.67213439941406,100.09684213380815,99.22031149985963,99.67213439941406,4323500
2015-06-08,98.75945281982422,99.61791359393857,98.68715949936161,99.42814879842709,6068100
2015-06-09,98.06365203857422,98.8679032487395,97.2774845018414,98.81367980552703,7711800
2015-06-10,99.40104675292969,99.62695822282271,98.25341951935235,98.40703766425457,5128700
2015-06-11,99.96131896972656,100.26855528808285,99.41009438041995,99.41009438041995,5036300
2015-06-12,99.35588073730469,99.87999710249944,98.98538944071684,99.69927064966717,4009900
2015-06-15,99.5636978149414,99.7715393892991,98.43414052755746,98.74137680047603,5742200
2015-06-16,100.35892486572266,100.56676648399016,99.31069906659687,99.71733701825553,3848300
2015-06-17,100.74748229980469,101.15412710282715,100.19625773372874,100.48542415410701,4732300
2015-06-18,102.31079864501953,102.6090034721305,100.82881979390471,101.05473128821211,6929900
2015-06-19,101.76860809326172,102.54574415204671,101.56980488367421,101.9583729130667,9587700
2015-06-22,102.59091186523438,103.44034116723661,102.35596201471384,102.47344038710943,5906200
2015-06-23,103.3861312866211,103.48552599342851,102.76261340608683,102.9523782187992,6003100
2015-06-24,102.80779266357422,103.52167376337223,102.75357611486868,103.28673078946747,5636200
2015-06-25,103.42227935791016,104.17230717379324,103.36806280543195,103.5759044137179,6213500
2015-06-26,103.91023254394531,104.08192745860937,103.38612319975655,103.89216266074042,9509600
2015-06-29,102.15717315673828,104.09097485777441,102.11198810340883,103.16022067106567,7618200
2015-06-30,103.14213562011719,103.79276172796301,102.6089878837978,102.95237082104059,6946700
2015-07-01,104.64180755615234,104.75087821205105,103.92377467381122,104.47820503948769,5435400
2015-07-02,104.49640655517578,105.13263483137176,104.0237738919718,104.8690525642711,5549500
2015-07-06,105.15990447998047,105.30533205359913,103.86017501182933,104.04195947885265,5880500
2015-07-07,106.43236541748047,106.51417015923914,104.39642797702199,105.8143121134024,8359900
2015-07-08,104.69635772705078,106.0506189133643,104.62364394855094,105.88701637892345,8445200
2015-07-09,105.06902313232422,106.53235525693454,104.98722531716446,106.18697514675632,7016800
2015-07-10,105.8324966430664,106.73230721844625,105.13263857992891,106.3869271325349,7020700
2015-07-13,107.29582214355469,107.53213153485169,106.56869818814002,107.0231489266822,7595200
2015-07-14,107.11402893066406,107.37761116959415,106.9776923333737,107.27763146053903,5061700
2015-07-15,107.5230484008789,108.06838790475999,107.11403857219209,107.28673207326216,4845200
2015-07-16,108.22290802001953,108.29562180876442,107.74119130472955,108.15928518845989,6303000
2015-07-17,108.03203582763672,108.06839272076475,107.2776458975588,107.87752423261882,5109900
2015-07-20,108.6864242553711,108.97727240774353,108.05928010973147,108.42284203378874,6951000
2015-07-21,108.4410400390625,108.88640678443913,108.00477118503726,108.85004989087562,4785200
2015-07-22,108.45921325683594,108.79550236019018,108.09565128471947,108.41376540993343,4714100
2015-07-23,107.97749328613281,108.76823309683934,107.76844290489448,108.43194400377755,3347200
2015-07-24,108.07747650146484,108.88639825033951,107.77753735385032,108.47738843058302,4320900
2015-07-27,107.47761535644531,107.97751401557171,107.05043049034984,107.82299547178876,5179300
2015-07-28,107.66846466064453,108.06838351662361,107.13221613500687,107.86842408863407,6447300
2015-07-29,108.92276763916016,108.94094955494484,107.62304496968795,108.02295697015282,6083500
2015-07-30,109.09544372558594,109.38629192231957,108.16836726548743,108.80459552885229,4430100
2015-07-31,109.06819152832031,109.72260178698926,108.70462950301881,109.17726221622142,5767300
2015-08-03,110.08615112304688,110.64058158749143,109.22269054568775,109.86800977238904,8426900
2015-08-04,110.6042251586914,110.95869618703408,109.62260987972641,110.43153165562309,12624400
2015-08-05,100.46087646484375,103.56931776905881,99.52470907799253,100.73354967442097,61011200
2015-08-06,98.66126251220703,100.34272893294415,94.74389225586229,100.34272893294415,57175200
2015-08-07,99.38837432861328,99.5792428051334,97.85233556013185,98.84303483364606,15791600
2015-08-10,100.8880615234375,100.8880615234375,99.74284374830523,99.9791600682714,11617000
2015-08-11,98.1613540649414,100.42451667537131,98.11590621986802,100.2881800745187,13574000
2015-08-12,97.24337005615234,97.65237989392998,95.89819971230526,97.25246101282336,16923500
2015-08-13,97.72508239746094,98.62489983992768,97.02523132102134,97.44332516250533,9754500
2015-08-14,97.39788055419922,97.86141529069222,96.81617725945925,97.80688342389718,7104500
2015-08-17,99.11570739746094,99.32475085088117,97.10702906029373,97.52512983586993,7954000
2015-08-18,97.19792938232422,98.38858813755455,97.07068372608747,98.1977196531994,12021500
2015-08-19,96.75257110595703,97.93414594211522,96.13451774978286,96.87073275019412,9484400
2015-08-20,90.90831756591797,95.43464971794809,90.67200818793246,94.83477144836742,34651300
2015-08-21,89.83582305908203,91.46275761473684,87.80897654932645,88.61789834873467,30875700
2015-08-24,86.67284393310547,90.8901461601888,81.80113154416992,84.87321598801188,30159200
2015-08-25,87.1545639038086,90.97194741357312,87.00005231372432,90.64474925460506,19079400
2015-08-26,90.19029235839844,90.42660173852376,87.4908539895767,89.69948475185197,13755900
2015-08-27,92.86246490478516,93.27147474178919,90.69019086718862,92.1171659496395,17532200
2015-08-28,93.14424133300781,93.92589034880612,92.53527197575947,92.88065903033565,11005200
2015-08-31,92.59889221191406,93.12605680245633,91.71726348763748,92.98063615279884,8518200
2015-09-01,90.44478607177734,92.10807047061753,90.12667194819413,90.26300161946706,14212600
2015-09-02,92.60796356201172,92.6534114059897,90.4811376036966,91.72632809003126,12148200
2015-09-03,92.6988754272461,93.64413395584675,92.2171586721947,92.88974393767953,8953300
2015-09-04,91.77178192138672,92.54434677884419,91.21735147364679,91.76269096512453,9213800
2015-09-08,94.53485107421875,94.66209673501166,93.18058278748667,93.57141072688444,8571500
2015-09-09,92.62615966796875,95.38921425919908,92.41710926174822,95.20743672416525,9577500
2015-09-10,93.25330352783203,93.81682502076546,92.0990015376125,92.57162732231518,9026100
2015-09-11,94.9620132446289,94.98018821996111,92.88971240405257,93.02604898932779,9529800
2015-09-14,94.36215209960938,95.34376736978278,93.60776220117788,95.11654199804087,6959800
2015-09-15,94.0076904296875,94.34398650970479,92.55344929269292,93.84408786837757,9171400
2015-09-16,94.4894027709961,94.5893824946215,93.3896327454849,93.9077063431946,6509700
2015-09-17,94.70753479003906,96.29811243626389,94.29853188332855,94.70753479003906,7792600
2015-09-18,93.47144317626953,94.71664094404983,93.06244020393457,93.79864832788525,13559400
2015-09-21,93.98950958251953,94.37124655695878,93.12604897724792,94.2349099419824,7152300
2015-09-22,93.15330505371094,93.38962136569961,92.23531960772704,92.8715478311186,8330100
2015-09-23,92.31713104248047,93.28056447573266,92.14443752732447,93.10787789494525,5818000
2015-09-24,91.45367431640625,92.09899356967485,90.19938576877378,91.7990544009481,10706800
2015-09-25,91.162841796875,92.52619432463861,90.50843147404933,92.2626120038133,7179800
2015-09-28,89.51770782470703,91.24462208147638,89.34502125308785,90.79926228296847,8238300
2015-09-29,90.36299896240234,90.94469545453529,88.8633098765346,89.53590207973828,9466900
2015-09-30,92.88973236083984,93.0987827610906,91.34460255407053,91.59909386959788,9190000
2015-10-01,93.31690979003906,94.04403372053525,91.87175981949673,93.58958299756706,7503700
2015-10-02,93.61685943603516,93.62595039313756,90.78108411014377,91.98992483312935,9105600
2015-10-05,94.389404296875,94.70751838414037,93.26236855869182,94.25306770679927,7144600
2015-10-06,94.31671905517578,94.98931125384485,93.8077363615833,94.69846300973927,5660600
2015-10-07,93.9713363647461,95.06201551674951,93.30784207649417,94.97112674314404,6947200
2015-10-08,95.0801773071289,95.33466859310538,93.34417228092633,93.79862298713215,7499100
2015-10-09,95.94364166259766,96.38900839749874,95.13471986934958,95.51645684123487,7341800
2015-10-12,96.66167449951172,96.97978864211842,95.9981802784132,96.26176254924968,5179000
2015-10-13,96.87980651855469,97.6069304845117,95.71641372051792,96.1072416387054,8342700
2015-10-14,96.0981674194336,97.11613275437344,95.64371662794437,96.79801858720474,5563600
2015-10-15,98.0613784790039,98.16135819487775,96.5798715878055,96.79800599772666,6739200
2015-10-16,98.3794937133789,98.61581003850434,97.67055167237055,98.40675964813032,5908900
2015-10-19,99.49744415283203,99.95189488382377,98.10682602549613,98.3885832597133,8001900
2015-10-20,99.83373260498047,100.4608768286586,99.44291163586836,99.57015728496714,9674400
2015-10-21,100.06097412109375,101.39706058667325,99.98826726299207,100.58813871495227,8769800
2015-10-22,102.93309783935547,103.02398660509934,100.33363891974457,100.58813023757473,10028900
2015-10-23,102.78766632080078,103.80563848741126,101.66063041323179,103.80563848741126,7928400
2015-10-26,103.17850494384766,103.23304375435319,101.90604827153157,102.76950200408446,5729600
2015-10-27,103.40573120117188,103.8601819977452,102.93310542385791,102.96946231970803,5857600
2015-10-28,103.92378234863281,104.03285301258644,102.57861216504145,103.58749326991865,6452900
2015-10-29,104.56004333496094,104.88724847334242,103.79656236728111,103.92380803949958,6125100
2015-10-30,103.37844848632812,104.74180065479943,103.31482566250752,104.52366624946698,8501600
2015-11-02,104.56004333496094,104.80544372156253,103.6238757746241,104.06014466955337,6949500
2015-11-03,105.01448822021484,105.79614412509207,104.10558665029887,104.49641460273749,7132100
2015-11-04,102.93309783935547,106.18696696731153,100.71537589648982,106.01427345834036,20740800
2015-11-05,102.70587921142578,103.55115796372642,101.43341560423347,102.94219556539392,14843700
2015-11-06,105.13263702392578,106.11425232855827,104.13284674003786,104.16011267610516,16803400
2015-11-09,105.81431579589844,106.09607998913057,104.68727982607527,105.34169004544628,9317500
2015-11-10,106.72321319580078,106.80501793723181,104.98721492479697,105.58708631302902,8240500
2015-11-11,105.90520477294922,106.86864512420645,105.82340696255004,106.84137918740672,6381700
2015-11-12,105.62342834472656,106.33237031033273,104.52365850905964,105.06899794918999,7223000
2015-11-13,104.37824249267578,105.81430849337004,103.96014864456885,105.35985775398841,8078100
2015-11-16,105.35986328125,105.505290853978,103.01489567877364,103.13305731520721,5770200
2015-11-17,105.55074310302734,106.84138867928017,104.9872285341207,105.532568121669,6434400
2015-11-18,107.37762451171875,107.50487016916927,105.47802367237297,105.632535265796,6744600
2015-11-19,107.89569091796875,108.30470073344193,106.92316663824971,107.37761736586361,6101000
2015-11-20,109.13180541992188,109.29540797118278,108.0683923039101,108.25926079131979,10821700
2015-11-23,108.541015625,109.65896752276221,108.15927865868828,109.34085338416911,6986400
2015-11-24,107.20494079589844,107.7684622834809,106.59597838900103,107.1594998765835,9158200
2015-11-25,107.8593521118164,108.46831452467214,107.38672632697723,107.51397199729428,4751500
2015-11-27,104.64180755615234,105.88700487378696,103.34207837775179,105.43255420909259,14912000
2015-11-30,103.13306427001953,105.05084717489416,102.98763668748458,105.0326652598929,16560300
2015-12-01,104.87814331054688,104.94176613803887,103.30574760208695,103.75110739453092,8896100
2015-12-02,103.6147689819336,104.95085527041003,103.46025739419132,104.8781414875779,7787800
2015-12-03,101.6969985961914,104.20556893227885,101.28799565345021,103.76929311690192,10446600
2015-12-04,103.8329086303711,103.89653145996449,102.2786878494166,102.4695563381968,8771300
2015-12-07,103.46027374267578,104.12376804635039,102.3877695467159,104.12376804635039,6738500
2015-12-08,102.23323059082031,103.11485910728813,102.1605168159465,103.02397035587948,7480600
2015-12-09,101.31525421142578,102.76040430925053,100.50633240804558,102.15144195108671,9050700
2015-12-10,101.31524658203125,102.06532305075615,100.77555358567008,101.67198984283829,7030200
2015-12-11,98.82720184326172,101.31526281488759,98.44301780527184,101.31526281488759,12334900
2015-12-14,100.02548217773438,100.50114453542245,99.04672372416064,99.41261623496243,9702600
2015-12-15,102.59587097167969,103.68439228234159,102.06532718530919,102.49525035775359,13361700
2015-12-16,104.08686065673828,104.96499836771589,102.26655457811233,104.91011694166046,12304500
2015-12-17,102.45864868164062,104.71802715221193,102.4312079680415,104.39786688337342,9375000
2015-12-18,98.53447723388672,102.85199345701041,98.19602544409454,102.45866023383213,28376900
2015-12-21,97.50082397460938,100.71152021434133,96.34827207630036,99.52237836990558,22847200
2015-12-22,97.6380386352539,98.05881256518451,96.80564000701392,97.86672057405221,8644500
2015-12-23,96.55867004394531,98.09541311796018,95.40611797254893,98.0679723989488,12372900
2015-12-24,96.83308410644531,97.54657066381449,96.10129908519431,96.22936041709036,4356100
2015-12-28,98.10455322265625,98.97354181165566,97.26300535011507,97.4185073959244,9092700
2015-12-29,97.94905090332031,98.82718872162657,97.37276794403066,98.68082892916603,8607200
2015-12-30,97.27216339111328,98.06797919166443,97.18984122837705,97.7752665372353,4917000
2015-12-31,96.11959838867188,97.24470966856049,96.10129992463021,97.0892076183026,6670100
2016-01-04,94.19866180419922,94.61028647849122,93.05525217692305,94.32672312414866,12531500
2016-01-05,92.2960433959961,93.91510865376345,91.37216629405505,93.91510865376345,16212900
2016-01-06,91.80207824707031,92.80827738396536,90.88735049010774,90.90564197456665,13934500
2016-01-07,91.0154037475586,92.70764855212641,90.11896755454077,90.52144996513877,14680200
2016-01-08,90.78672790527344,92.31432155128192,90.55804597100322,92.04904967007023,10691600
2016-01-11,91.39959716796875,91.88440176979974,90.14642458862878,91.66486905891419,9583200
2016-01-12,92.80826568603516,93.1650089079797,91.78376821499407,92.36005109568758,8863900
2016-01-13,90.08238220214844,93.19245063459954,89.75307968926005,93.19245063459954,11615400
2016-01-14,90.65867614746094,91.3904612058773,88.9024003818451,90.23790218145837,11147500
2016-01-15,85.89293670654297,88.61882148025875,85.4904542652619,87.46626954556656,22337000
2016-01-19,85.95698547363281,86.96318480993988,85.09713897845862,86.89915413341544,13286800
2016-01-20,84.64891052246094,85.6551096956781,82.70968509532261,84.31960795976161,16918100
2016-01-21,86.0027084350586,86.77108344954596,84.42938241266938,84.95077700224955,12078200
2016-01-22,88.63711547851562,89.11277081158192,87.40223447993758,87.76811997668773,12303800
2016-01-25,87.16441345214844,88.435884543905,87.00891140007906,88.19805336032758,7812200
2016-01-26,88.06085205078125,88.2072118649281,86.98147284731843,87.3473654038655,6915600
2016-01-27,86.2771224975586,88.39014140104351,85.8654977949225,88.09742879545763,6328900
2016-01-28,85.55447387695312,87.08206733984555,84.49339345811921,87.08206733984555,7312700
2016-01-29,87.64920806884766,87.64920806884766,85.6459521695631,86.17649591129066,8211600
2016-02-01,87.03634643554688,87.54859174013124,86.62471476251828,86.97231577247383,7027200
2016-02-02,85.17945098876953,86.13991094344784,84.95076905020534,85.98440890014072,7244400
2016-02-03,87.02718353271484,87.27416389349706,84.53912333761362,86.07586598877509,10878000
2016-02-04,87.29246520996094,88.48161401856947,86.53323953952346,86.78021992813255,8350300
2016-02-05,85.89293670654297,87.25587909340085,85.49960349678707,87.1918484303624,8898500
2016-02-08,84.26470947265625,85.0330773109114,81.87726986564984,84.66718487320132,13750100
2016-02-09,84.44767761230469,85.2526356344235,81.44737128216565,82.46271978738976,19237400
2016-02-10,81.27355194091797,82.35293086877395,78.89526139886088,80.49603481854793,32649800
2016-02-11,82.60906219482422,83.29510801833251,79.5447255789176,79.581315526963,17523800
2016-02-12,83.37744140625,83.77991689767548,81.96875973921243,83.7158862300292,10786100
2016-02-16,84.98733520507812,85.35322062129372,83.96283789475034,84.5848528726606,9050900
2016-02-17,87.35652160644531,88.21636813610831,85.58194710184571,85.6825677373944,12610000
2016-02-18,87.05464172363281,88.22549217316804,86.39603660106445,88.1248715583968,8773900
2016-02-19,86.90828704833984,87.55774292508988,86.49665536612767,87.10952827357882,6838200
2016-02-22,88.1523208618164,88.72859686516365,86.90829049179311,86.90829049179311,6980400
2016-02-23,87.2467269897461,88.5639371332538,87.036343523325,88.27122454345415,6253800
2016-02-24,87.29246520996094,87.58517779655124,85.28006704950494,86.57897871632323,6945600
2016-02-25,87.49372863769531,87.76814283171602,86.3045795271446,87.74070211019598,4562300
2016-02-26,87.18270111083984,88.01510672741409,87.1552603944814,87.54859361286348,5277000
2016-02-29,87.3747787475586,88.07912291951615,87.10951388046679,87.18268678579322,7794400
2016-03-01,89.32315063476562,89.33229986474231,87.3839256299521,87.72237735091254,7139900
2016-03-02,88.72859954833984,89.48782532248458,88.18891347824,89.34146551978797,6498600
2016-03-03,90.39338684082031,90.41167832329148,88.62796218257886,89.45121847014553,8581300
2016-03-04,90.08238220214844,90.75012947969238,89.55183848929289,90.5580375103105,6739800
2016-03-07,90.91481018066406,91.2075228448302,90.08241137708741,90.16473354256208,7218700
2016-03-08,89.47866821289062,90.53975575257004,89.27742699130874,90.49401657354912,6229300
2016-03-09,89.33233642578125,89.86287334166107,88.55481207235256,89.64334058409631,7010700
2016-03-10,88.76518249511719,90.02750428908583,87.69495269291646,89.58843887327889,5453500
2016-03-11,89.58845520019531,89.96349002042727,89.22256263446201,89.25000335559847,5605800
2016-03-14,90.38426208496094,90.75930387594886,89.496974900253,89.5884532738345,6175000
2016-03-15,89.86285400390625,89.9451831320393,89.08533679661346,89.66161277826879,5942400
2016-03-16,90.0457992553711,90.63122443959074,89.15851224774543,89.78967660962734,6079400
2016-03-17,91.10688781738281,91.39045818201684,89.8994473961204,89.8994473961204,6385600
2016-03-18,90.74098205566406,91.60997752929406,90.52144936897385,91.45447550033926,10205100
2016-03-21,90.06409454345703,90.66781821577038,89.36889949077411,90.48486847621226,7070300
2016-03-22,89.25914764404297,89.93604431691698,89.13108629995382,89.26828989803516,6475700
2016-03-23,88.57308959960938,89.50610883279343,88.49990970478191,89.38719673781297,5517700
2016-03-24,88.92984008789062,89.17681352947345,88.08829216546542,88.31697412126485,5577700
2016-03-28,89.72563934326172,90.06409111444414,89.14021415660258,89.18595333445543,5317100
2016-03-29,89.78968811035156,89.98178011926352,89.05790304693687,89.64332830614079,5170800
2016-03-30,90.47572326660156,90.64036755859483,89.9634709913982,90.4665740352179,5677500
2016-03-31,90.84160614013672,91.81122225292455,90.56719201595863,90.56719201595863,7038800
2016-04-01,90.6220703125,90.86904371360501,90.1738557066629,90.37509691139499,5895500
2016-04-04,90.26534271240234,90.96053781857223,90.17387132499515,90.83247648043825,5334700
2016-04-05,88.72859954833984,89.28658408318651,87.95108228826777,88.59138897801665,10818800
2016-04-06,89.16767120361328,89.304874793926,88.57309672325351,88.6920088277977,6952400
2016-04-07,87.96023559570312,89.11278769064707,87.74069588148728,88.82922428330973,7525400
2016-04-08,88.19803619384766,88.58222012259118,87.63090953107901,88.39012815821941,6982700
2016-04-11,88.06085205078125,89.31403178883843,87.99682137679702,88.66457581590691,5916600
2016-04-12,89.04875183105469,89.21340311771468,87.87790133872561,88.06999334335902,6277200
2016-04-13,90.99710083007812,91.2989556212774,89.60671102935605,89.6707416794671,7967400
2016-04-14,90.2196044921875,91.35387204036513,89.88115965728673,91.28069213813053,6676200
2016-04-15,90.1830062866211,90.45742740547331,89.80797153492995,90.1006841382568,6146800
2016-04-18,92.82657623291016,93.25649241826082,91.01541219591905,91.10688357623155,10665200
2016-04-19,93.88765716552734,94.80238492978916,93.23820129035974,93.3022319547053,10639800
2016-04-20,94.46394348144531,94.65604247432164,93.26565221236024,94.23526151535611,7712000
2016-04-21,94.13463592529297,95.24145566325309,93.89680475667097,94.54626062049127,6824800
2016-04-22,94.92130279541016,95.12254403238882,94.1529347765674,94.27184688077324,5731300
2016-04-25,95.65306854248047,95.69880771577186,94.53709971082327,94.67431025187946,6117100
2016-04-26,95.94579315185547,96.5678083010903,95.29633728672803,95.6622297825401,6452900
2016-04-27,96.30253601074219,96.59524861039597,95.82688065336185,96.2202138634109,5996100
2016-04-28,95.15911865234375,96.49462021671842,94.94873519580969,95.62563171938189,5658300
2016-04-29,94.45478820800781,95.32377676783842,93.66812179478862,95.08594560181852,7006900
2016-05-02,95.46099090576172,95.65308290054726,94.03401781374396,94.49138170003879,5285700
2016-05-03,94.93045043945312,95.12254244095004,94.39076438460266,95.02192182414414,6243300
2016-05-04,94.82984924316406,95.57078366218404,94.39992597036968,94.50054660778201,6445100
2016-05-05,95.98237609863281,96.16531884378607,94.62857605651624,95.11338759092729,6466000
2016-05-06,96.54036712646484,96.72330988409215,95.48842882306077,95.59819866492846,7407500
2016-05-09,96.357421875,97.58316074037553,96.01897705975462,96.97029479709737,8130300
2016-05-10,97.50999450683594,97.64720509008018,96.45805600705698,96.5312359152966,15177200
2016-05-11,93.56752014160156,93.75961216809729,92.03992618412113,92.80829429010402,27068100
2016-05-12,93.03694915771484,94.07973812840848,92.50640544172877,93.75958484421626,11251700
2016-05-13,91.94844818115234,93.3388385387822,91.80209534177145,93.03697664785753,9570200
2016-05-16,91.80207824707031,92.08564161850666,90.89649972174666,91.84781742644603,9113000
2016-05-17,91.41790008544922,92.65278124022073,91.06115679582233,92.19541733261504,8694400
2016-05-18,90.55805969238281,91.26239708597618,89.9726344102528,91.09774578920086,9323100
2016-05-19,90.01834869384766,90.20129142684851,89.19509243770796,90.17385071478019,7063500
2016-05-20,91.27153778076172,91.40874834504235,90.34766075867925,90.55805122108545,7297000
2016-05-23,90.72270965576172,91.77464809309755,90.66782821724985,91.10689368298428,5588600
2016-05-24,91.02457427978516,91.50937894483037,90.90565518765108,90.96968586079252,5250800
2016-05-25,91.3447036743164,92.20454989841595,91.29896450029567,91.39958510008681,5667300
2016-05-26,91.29898071289062,91.92099590441047,91.07944799200698,91.37216061279163,3852600
2016-05-27,91.73804473876953,91.95757743956433,91.29897235836121,91.29897235836121,4589100
2016-05-31,90.7593002319336,91.37216622893044,90.16472572162661,91.33557627673095,10396200
2016-06-01,90.11897277832031,90.54889592750368,89.39634401386766,90.25618333341566,7243900
2016-06-02,90.30192565917969,90.30192565917969,89.52440845829454,89.70735121891964,4830100
2016-06-03,90.3293685913086,90.48487063953652,89.39634932312183,90.2470464406535,6857500
2016-06-06,90.35679626464844,90.66780729502715,90.07323292601166,90.52144752100936,4986600
2016-06-07,89.96346282958984,90.59462714024423,89.93602211674715,90.55803719684792,5608400
2016-06-08,89.6799087524414,90.39339527530088,89.36889769086591,90.09153344522376,5466200
2016-06-09,89.49696350097656,89.5792926309496,88.82006689137464,89.47867201588211,5379400
2016-06-10,89.03959655761719,89.37804834023812,88.52735124668297,88.8658030293039,7204400
2016-06-13,89.24999237060547,90.53976193583448,88.45417666149697,88.49991584364159,8766300
2016-06-14,90.00921630859375,90.14642687343202,88.89324728351059,88.91153876870672,6125700
2016-06-15,89.89029693603516,90.55805129403527,89.81712401666985,89.81712401666985,6663200
2016-06-16,89.99091339111328,90.21959532825367,88.60053028397999,89.46037660084991,7129700
2016-06-17,90.55805969238281,90.68612103667252,89.89030527245522,90.01837359556477,8959400
2016-06-20,91.07943725585938,92.35090820678023,91.01540659569856,91.54595033921306,8268600
2016-06-21,90.39338684082031,91.28067378526337,90.34764766641509,91.22579235903166,5202500
2016-06-22,90.36595153808594,91.12517721423251,90.28362241499099,90.63122341211854,4948900
2016-06-23,90.57633209228516,91.12517428509324,90.20129737127257,90.96052302301449,5826100
2016-06-24,87.55775451660156,88.98472778801755,87.02721066688332,87.82302644146067,15079900
2016-06-27,86.3320083618164,87.10953258487044,85.98441430572143,86.81681996425905,9438400
2016-06-28,87.8595962524414,88.06997971021683,87.02719071573269,87.31990329350336,7143100
2016-06-29,88.71031188964844,88.99387529608252,88.06999819345495,88.64628121791107,6563600
2016-06-30,89.47866821289062,89.70735015035751,88.61882189479309,88.82006311637497,7189500
2016-07-01,89.6707534790039,90.22873792288854,89.37804090014791,89.4146308448572,5681600
2016-07-05,89.33233642578125,89.64334058409631,88.88411469810998,89.43295008143218,5846400
2016-07-06,90.05494689941406,90.1189775646835,88.50906170110356,88.72859441362463,6223300
2016-07-07,90.6722640991211,90.73675988796134,89.90752329607689,89.95358769981205,5146000
2016-07-08,91.7871322631836,91.99904400461666,91.00396000362873,91.44622190279483,6045800
2016-07-11,92.11882781982422,92.45973115399086,91.58443007011256,91.95298048472455,5428000
2016-07-12,92.321533203125,92.86514670127539,92.13726149194719,92.3031088438133,8508500
2016-07-13,92.02668762207031,92.8743557091999,91.99904757033511,92.56108538733329,5494700
2016-07-14,92.10961151123047,92.87435238627833,91.842412638159,92.52422633145359,7461500
2016-07-15,91.9529800415039,92.63479373606528,91.71342121873364,92.52422650336028,5764400
2016-07-18,92.27545166015625,92.79141797928277,92.017468500593,92.04510854918708,5051300
2016-07-19,91.64892578125,92.12803639914524,91.54757424158696,91.96218906419796,5742700
2016-07-20,90.49722290039062,90.93026917105652,89.50213875028795,90.89341342147694,10664900
2016-07-21,90.30371856689453,91.3356512437066,89.94438386271689,90.45113450807591,6726600
2016-07-22,90.0273208618164,90.68149460031124,89.80619339389932,90.65385454551104,5381700
2016-07-25,89.73247528076172,90.34979322418324,89.60348368152484,90.20237726627606,4825500
2016-07-26,89.08750915527344,89.52055535441644,88.76502315709337,89.39155673743583,6274800
2016-07-27,88.75582122802734,89.30864336333238,88.32277499602537,89.09672457954944,6911400
2016-07-28,88.36884307861328,88.90323380571175,88.28591589523526,88.8203136518483,7713500
2016-07-29,88.40569305419922,88.80188353050625,88.31355720542159,88.31355720542159,8264000
2016-08-01,88.0279312133789,88.63603341991221,87.60410069864008,88.58996901172081,7131600
2016-08-02,87.53960418701172,88.22141787648765,87.12498233959636,87.85286746640101,7644100
2016-08-03,88.5346908569336,88.8479612001634,87.53039808465587,87.58567819189606,9068700
2016-08-04,87.67781829833984,88.43334353458066,87.26319641863132,88.01872165487214,10038300
2016-08-05,88.29512786865234,88.45175950569359,87.8528659781376,87.89893741468585,6528500
2016-08-08,88.22142791748047,88.71896997329843,88.06479625995867,88.55312262135911,7792000
2016-08-09,89.06908416748047,89.23493151035365,87.80680825237644,88.09243149806892,15548700
2016-08-10,90.16551971435547,91.46465137480904,88.31355889165123,89.0967241654866,27181300
2016-08-11,90.08258819580078,90.65384168887917,89.51134173223684,90.47877866061825,9233900
2016-08-12,89.2257080078125,90.1286561354367,89.05986770896773,90.1286561354367,9360300
2016-08-15,89.46528625488281,89.93518829222035,89.2994388904999,89.6956294259971,5299600
2016-08-16,89.2625732421875,89.60348362826231,88.7005354046259,89.24414888352815,5777800
2016-08-17,89.25336456298828,89.34550041529977,88.93087853562567,89.22571748073139,5697300
2016-08-18,89.05065155029297,89.4836977403837,88.95851570824506,89.25335462050685,5250700
2016-08-19,88.81110382080078,89.17965426450091,88.49784051284044,88.82031951500991,6362400
2016-08-22,88.33199310302734,88.88481525343435,88.12929000765793,88.88481525343435,5495300
2016-08-23,88.42411804199219,88.84794853930643,88.26748640745491,88.57153398346428,4996300
2016-08-24,88.2859115600586,88.65446196133293,88.00028833809024,88.4609745823046,5912500
2016-08-25,88.03714752197266,88.28591501058486,87.90815593091233,88.10164331750282,4518700
2016-08-26,87.72386932373047,88.57153028294364,87.30003884412388,88.13849114017077,6019600
2016-08-29,87.4106216430664,87.82523650387128,87.0328555005203,87.59489335242077,7903000
2016-08-30,87.40139770507812,87.79758816938508,87.31847052302973,87.31847052302973,6845000
2016-08-31,87.0328369140625,87.438243023483,86.75642940905968,87.24475566112693,7375200
2016-09-01,86.84857940673828,87.41061723026506,86.52610041689047,87.28162563432593,6274200
2016-09-02,86.9959945678711,87.49353658889301,86.72879568457148,87.30004919674805,5382000
2016-09-06,86.42474365234375,87.09734164346595,86.01012180800143,87.09734164346595,8463500
2016-09-07,86.34181213378906,86.6366510389573,85.9916931306249,86.5905866337987,6281500
2016-09-08,86.69194030761719,86.80250754481932,85.62315179938881,86.13911818063598,7438100
2016-09-09,85.15325164794922,86.36946316510496,85.12561159543668,86.15755140949892,10248400
2016-09-12,86.27731323242188,86.4800162904509,84.72019158621131,84.72940727871638,9367300
2016-09-13,85.41123962402344,85.9640688232721,85.18089646750826,85.72450997223203,7795200
2016-09-14,85.00584411621094,85.58630636504779,84.8307810602614,85.30989175349752,6386500
2016-09-15,85.2269515991211,85.45729471155114,84.01995593943205,84.87683259885242,7559400
2016-09-16,85.2822265625,85.44807387464586,84.58198860411838,85.01502772462537,10568600
2016-09-19,85.34673309326172,85.98248237477458,85.07953422174928,85.50337176243411,5421500
2016-09-20,85.64157104492188,85.96405704346452,85.39280356296125,85.41122791997101,6200100
2016-09-21,85.12561798095703,85.76136735449428,84.48986860741978,85.68765585592162,12049500
2016-09-22,86.06542205810547,86.34182963362159,85.35596118563174,85.43888837894735,6470700
2016-09-23,85.9364013671875,86.1667444690964,85.68763391011187,85.75212969746582,4407700
2016-09-26,84.72941589355469,85.39280523109464,84.21344953303004,85.1993178458979,10449300
2016-09-27,84.50830078125,84.93213135770381,84.30559767305134,84.70178819466268,9167400
2016-09-28,84.95055389404297,85.04269678089368,84.287171503519,84.53593902127608,8272300
2016-09-29,84.5820083618164,85.77978853642772,84.33323382072906,84.8952716748714,7476600
2016-09-30,85.55865478515625,86.1391169558056,84.9597612271446,85.02425702388341,8923700
2016-10-03,85.2177505493164,85.42966934215217,84.81235138184928,85.19932619014227,5834700
2016-10-04,85.30987548828125,85.67842589024177,84.86762062954003,85.1808839020222,5903400
2016-10-05,85.18089294433594,85.9456338794195,85.11639714435991,85.63237057368309,5365000
2016-10-06,85.531005859375,86.2220351939567,85.12559973364262,85.45729437660295,7484800
2016-10-07,85.2177505493164,85.95485144755412,84.78470429881538,85.74293265471836,6144100
2016-10-10,85.2177505493164,85.88113995182732,85.13483038876011,85.4112379534629,4241000
2016-10-11,84.63729095458984,85.11640163260199,84.37009204645246,85.07033721848438,6651100
2016-10-12,84.22266387939453,84.83998176936505,84.20423249280519,84.65570305104332,6836600
2016-10-13,83.95547485351562,84.17660231191395,83.21837395283433,83.79883616719812,5725200
2016-10-14,84.1213150024414,84.55435418778717,84.11209930885525,84.55435418778717,4345700
2016-10-17,83.68827819824219,84.27795612280313,83.43950365004329,84.1673888758797,5134600
2016-10-18,84.00151824951172,84.52670022525625,83.82646227727247,84.21343699002878,4890800
2016-10-19,84.7017822265625,84.89526962634204,83.84490543924457,84.09367294481397,6140500
2016-10-20,84.79390716552734,85.06110602497877,84.25030078318811,84.45300385101429,6153200
2016-10-21,85.71528625488281,86.7840817752429,83.47635070193569,84.14895574899191,13814500
2016-10-24,86.02855682373047,86.74722628215713,85.50337475568678,86.13911702994095,7281000
2016-10-25,85.45730590820312,86.019343738532,85.35595436309366,85.81664064831308,6380700
2016-10-26,86.13912200927734,86.35104079928861,84.6741429561872,85.12561355984506,7152800
2016-10-27,86.62744903564453,86.92228798740545,85.97327533109734,86.42475296778993,6647000
2016-10-28,86.47080993652344,86.97756763632428,86.17597101014327,86.50766568101028,7309100
2016-10-31,85.40202331542969,86.44317175906878,85.05189724997354,86.35103591061203,9957600
2016-11-01,85.12561798095703,85.67844016122118,84.45301988764885,85.4849527496045,6449800
2016-11-02,84.68335723876953,85.28224379241786,84.48065414635906,84.68335723876953,6716200
2016-11-03,86.02855682373047,86.72879489477896,84.98740135181755,85.00583273919572,7751400
2016-11-04,85.18089294433594,86.4155358675391,85.09797278558747,86.1483369734913,7456500
2016-11-07,87.00520324707031,87.05127468270625,85.64156888870744,86.39709403834367,6996100
2016-11-08,86.95914459228516,87.39219084465928,86.5168896750417,87.09735188999193,6226900
2016-11-09,87.19869232177734,87.45667549552884,84.86762103529009,85.03346836548953,8635700
2016-11-10,87.49353790283203,88.50704631812758,86.8209398671104,87.42904210448181,13777900
2016-11-11,89.9996566772461,90.58933445327037,88.24904770426184,89.53897047538253,23008100
2016-11-14,90.22078704833984,90.58012173523134,89.78774087964655,89.88909240974557,13208400
2016-11-15,90.01810455322266,90.42351076623578,89.76012133749263,90.20238329982654,7184600
2016-11-16,91.3264389038086,91.372503308161,90.38663507724202,90.59855383170746,9702400
2016-11-17,91.55679321289062,91.67656911427393,90.54327777997531,91.26195427681928,8662600
2016-11-18,90.51563262939453,91.55678805555726,90.4234967850962,91.26194913609399,8586100
2016-11-21,89.95359802246094,90.54327588224436,89.37313585628762,90.39585993205579,10771100
2016-11-22,90.0273208618164,90.23002396970519,89.62191464603887,89.74169758952704,5323700
2016-11-23,90.53407287597656,90.55249723483358,89.91674789678383,89.99045939124191,5897400
2016-11-25,91.0500259399414,91.28036905424297,90.75518703481598,90.9486744072876,4396800
2016-11-28,91.18824768066406,91.40015944291166,90.58935408256782,90.77362579143661,7106700
2016-11-29,91.83319091796875,91.84240661078418,91.18823301116757,91.4370004810726,8396800
2016-11-30,91.3264389038086,92.40444297294627,91.21587168023787,91.58442206262644,11369200
2016-12-01,91.16059112548828,91.90690054968036,90.8657522269606,91.33564710837065,9958100
2016-12-02,90.75519561767578,91.28959338047758,90.52485248159032,91.02239449907668,7737200
2016-12-05,92.10040283203125,92.38602608418137,90.92104704694238,91.19746163448538,11331500
2016-12-06,92.74537658691406,92.80065669781841,91.97141988667515,92.0911958034731,8427500
2016-12-07,93.97078704833984,94.04449854149586,92.54266377339522,92.607159572528,12255700
2016-12-08,95.9855728149414,96.52408906050707,94.21219239179248,94.21219239179248,16524800
2016-12-09,97.35971069335938,97.97249938714027,95.79987526779556,96.0876997236859,12173900
2016-12-12,96.61693572998047,97.21115811463959,96.3105449042925,97.12759891227638,7880200
2016-12-13,96.42193603515625,96.84903283776531,96.29195035973993,96.74690022369705,7393200
2016-12-14,96.6076431274414,96.94189405940155,96.09698001369992,96.2083993522495,7961900
2016-12-15,96.92332458496094,98.08391617840446,96.39409510169824,96.42194816655066,8745400
2016-12-16,96.47765350341797,97.23900124321221,96.32909439141501,97.22042781236767,12635500
2016-12-19,97.76824188232422,98.65957540537643,97.55468990528033,98.13962553749577,11475600
2016-12-20,97.91680145263672,98.60386976793282,97.54541068523434,98.08392694378331,8947300
2016-12-21,98.00965118408203,98.33462254549974,97.03475835089884,97.12760427543677,5202400
2016-12-22,97.8796615600586,97.94465441300592,97.21115959620624,97.4525646573062,5230800
2016-12-23,97.62896728515625,97.8053723923086,97.25757655460612,97.71252648059331,3238800
2016-12-27,97.64753723144531,98.00964125905745,97.28543320383316,97.35042605279716,3639500
2016-12-28,96.83975982666016,97.7867993956766,96.61692115326574,97.48040153252566,5178600
2016-12-29,97.08116912841797,97.27614767769613,96.4405273475581,96.77477831308906,5896800
2016-12-30,96.76551055908203,97.48971876508932,96.52410546251602,97.09047487156084,6983300
2017-01-03,98.4924545288086,99.2538023913844,97.68468016532263,97.768246450223,8884300
2017-01-04,99.75518035888672,99.81088649387007,98.65029479045297,99.01239883522395,8322000
2017-01-05,99.699462890625,99.92230158843931,99.15166703013239,99.50448434280445,6303000
2017-01-06,101.1850357055664,101.52856633495064,100.04301029030132,100.29369499508684,9551300
2017-01-09,100.60936737060547,101.04575095506473,100.37724904556876,100.81363263002802,6195200
2017-01-10,100.62794494628906,101.03647551071168,99.67161847383603,100.18228167936431,7901900
2017-01-11,101.61212158203125,101.65854099744055,100.62793505391858,100.77649418408245,7616800
2017-01-12,99.83873748779297,101.20359443605486,99.74589157018586,100.38654044394701,8218900
2017-01-13,100.33081817626953,100.60007627162484,99.25379287853713,99.49519790949168,6489000
2017-01-17,100.24726867675781,101.13860224221598,99.95015748827176,100.19156254256964,7586500
2017-01-18,100.4236831665039,100.64651479201977,99.17023844921427,99.28165780381703,7162900
2017-01-19,99.60662078857422,100.2844094572529,99.42092895030888,100.20084317145081,5350200
2017-01-20,99.95944213867188,100.10799418799904,99.51377182331167,99.67161058937471,5649000
2017-01-23,99.45808410644531,99.97802700089971,98.94742084675569,99.6623423266305,5716600
2017-01-24,100.18226623535156,100.33081827352919,99.42091844500807,99.5323307027191,5456100
2017-01-25,100.31227111816406,100.66508847456917,100.27513133059139,100.4886833382117,6180200
2017-01-26,100.33081817626953,100.85076801860924,100.25654569909713,100.47009058196211,6088100
2017-01-27,101.48213195800781,101.57497786892284,100.4143862732626,100.73006378711149,5578300
2017-01-30,103.00483703613281,103.10696967263715,101.16645666274444,102.0020841051937,13793600
2017-01-31,102.73555755615234,102.87482994822582,102.11348223307068,102.67984434911008,8485800
2017-02-01,103.3390884399414,103.97973024539061,102.76343240305656,102.79128547063831,10501300
2017-02-02,102.69842529296875,103.56190568657246,102.64271916553903,103.25550781833178,6515900
2017-02-03,102.41061401367188,103.1998149496372,102.32704772810239,102.96769661060684,7923400
2017-02-06,101.73281860351562,102.27133481445598,101.48213393080287,102.05778283987996,6896300
2017-02-07,101.2035903930664,101.88137902353128,100.99003841578075,101.8070994589372,10184800
2017-02-08,101.2035903930664,103.45049409436835,101.18502404376247,101.72353317784658,13615500
2017-02-09,101.65853881835938,101.99278977037412,101.2035888884406,101.2035888884406,6369700
2017-02-10,101.44499206542969,101.94636848424665,100.81362995473674,101.52855126005471,7671800
2017-02-13,101.80709075927734,102.03920906603187,101.11073583901373,101.1571552501515,5653200
2017-02-14,102.43846130371094,102.43846130371094,101.69567982722883,101.94637158610944,4768700
2017-02-15,102.29918670654297,102.763423348507,101.94636940877834,102.04850203670554,7087100
2017-02-16,102.79127502441406,102.9398341480055,102.21561904603058,102.44773736387553,7179600
2017-02-17,102.18777465820312,102.59630519907964,101.68639819904271,102.35490014458992,6349200
2017-02-21,102.14134979248047,102.32704161914307,101.94637124937799,102.07635694477965,5432700
2017-02-22,102.24348449707031,102.39203654467713,101.69568155502759,101.84424068632367,5478400
2017-02-23,101.88137817382812,102.58701278051923,101.75138539502807,102.41060767069101,5470400
2017-02-24,102.42918395996094,102.42918395996094,101.29644529233529,101.77925542133465,4786800
2017-02-27,102.34561920166016,102.5684508194279,101.97422844958766,102.06707436668343,3547700
2017-02-28,102.21562194824219,102.50345348745078,101.97422399108544,102.13206275161619,4766000
2017-03-01,103.09766387939453,103.80330548730768,102.74484661728209,102.74484661728209,7418100
2017-03-02,102.67985534667969,103.2555113231848,102.54986965580576,103.06053278687394,4715600
2017-03-03,103.28337860107422,103.52478366749885,102.16921335920487,102.67986947685755,5837900
2017-03-06,102.754150390625,103.04198196409078,102.21563411375608,102.84699631471173,4983200
2017-03-07,102.9305419921875,102.9955348344018,102.28061357004461,102.78198287644712,5114400
2017-03-08,102.91197967529297,103.35764998695768,102.74486127756916,102.93983982526956,4929900
2017-03-09,103.08839416503906,103.35765228461746,102.77271662851301,102.96769518054782,4005700
2017-03-10,102.98625946044922,103.52477568878122,102.77271456266573,103.43192977306278,4027400
2017-03-13,103.54332733154297,103.69188644254314,102.89339893013793,102.9862448326689,5213600
2017-03-14,104.27682495117188,104.81534111823612,103.72902915217405,103.73831586779612,7273500
2017-03-15,103.86832427978516,104.40683348099523,103.19982228248706,104.38826712937698,5319500
2017-03-16,103.71975708007812,104.28612639028213,103.43193260835427,104.15614068797527,4409400
2017-03-17,103.76618194580078,104.07257276287314,103.22766571119338,103.86831457938803,9061200
2017-03-20,104.64822387695312,105.06604110850937,104.03543518783532,104.0540015368496,8156300
2017-03-21,103.75689697265625,105.0103345797491,103.56191841899198,104.88963559424917,7109800
2017-03-22,104.06327819824219,104.15612410172056,103.38548964384209,103.84972624492237,5044700
2017-03-23,104.21183776855469,104.89891308813063,103.6733286559345,103.71974806918873,8307900
2017-03-24,104.1189956665039,104.52752618674089,103.69189879702394,104.3604007087975,4707300
2017-03-27,104.34183502197266,104.49968087885725,103.47835450244378,103.81260548314461,4469800
2017-03-28,104.96392059326172,105.14032572216738,104.00758704196639,104.54610331348651,6280900
2017-03-29,104.48110961914062,104.86178710985237,104.2768443396065,104.60181569360523,3781200
2017-03-30,105.08460235595703,105.19602169570074,104.24897501710099,104.48109332880051,4192800
2017-03-31,105.27959442138672,105.57670561520807,104.87106387349874,104.91749037528224,4617400
2017-04-03,105.1031723022461,105.52098952782232,104.38825099455947,105.08460595349756,4643300
2017-04-04,104.95462799072266,105.42815138110676,104.7596494379032,105.05676062558373,3386100
2017-04-05,104.91748809814453,105.69740230861467,104.722509545527,105.45600433891074,4795100
2017-04-06,104.96392059326172,105.30745121733948,104.35112474973403,104.77822166324277,4744000
2017-04-07,104.52753448486328,105.17746301530056,104.48110798253646,104.75036611191467,4300700
2017-04-10,104.38825225830078,104.81534912157731,104.0261482419644,104.73178992566386,4053600
2017-04-11,104.98247528076172,105.68811696905645,104.53680498192054,105.54884455793803,5230800
2017-04-12,104.95462799072266,105.17745961056069,104.69465658696338,104.94534127381998,4086300
2017-04-13,105.1031723022461,106.078072078235,104.9081937637861,104.9546202611909,6530800
2017-04-17,105.64168548583984,105.79024460633983,105.12174273146742,105.22387535588896,5120200
2017-04-18,106.02236938476562,106.54231217084498,104.9174838806578,105.36315418564666,6191100
2017-04-19,105.59526824951172,106.77442618710269,105.41885606120475,106.36589568099768,5303400
2017-04-20,106.5794677734375,106.82087285296,105.72527390274588,106.00381168648086,5279300
2017-04-21,106.2544937133789,106.88585588228824,106.09664785838439,106.19878049480278,6654500
2017-04-24,105.5674057006836,107.12724104416647,105.53027300432646,107.0158287877176,7294600
2017-04-25,106.94157409667969,107.25725167494669,105.54886389768681,105.59529040446273,6918300
2017-04-26,107.31295776367188,107.66577510715973,106.64445577921917,107.1458322675587,4809800
2017-04-27,107.5543441772461,107.79574921981344,107.13653402375837,107.51721147871801,3910800
2017-04-28,107.33152770996094,107.61007257404262,106.99727670653898,107.58221950437247,3987600
2017-05-01,106.52375793457031,107.34081198898839,106.51447121699454,107.32223855383685,4963300
2017-05-02,106.18949127197266,106.7651401703217,105.54884244387303,106.65372791060973,6604600
2017-05-03,103.63619232177734,105.92951542304607,103.22766180289572,105.8738092918128,11521200
2017-05-04,103.21837615966797,103.33908222351391,101.25929690911856,102.6705803070075,10691200
2017-05-05,103.97972869873047,104.12828783520955,102.98626249551751,103.5154920227676,5871400
2017-05-08,103.45050048828125,104.35112078450335,103.06054337559424,104.35112078450335,5980100
2017-05-09,104.05400085449219,104.12828041744028,102.45702566955305,103.57119786270755,9337400
2017-05-10,101.81639099121094,101.81639099121094,100.39582081499263,101.20359517985918,17061100
2017-05-11,101.74211120605469,102.14135502916835,100.73935828981256,101.89066325826307,8021300
2017-05-12,101.84423828125,102.02993010729568,101.4542741126515,101.94637091068186,5067700
2017-05-15,101.32429504394531,102.20634898456838,101.31501541061854,101.88138472589233,6241300
2017-05-16,100.2565689086914,101.41716075199419,100.10800975257723,101.32430773757761,10047100
2017-05-17,98.70600128173828,100.2565571867047,97.70325542997037,100.2565571867047,12763200
2017-05-18,99.04953002929688,99.63446564695988,98.39960156522687,98.39960156522687,6532200
2017-05-19,99.8294448852539,100.14512948693354,99.06809707185944,99.12381028609056,6336700
2017-05-22,99.93157196044922,100.46080142225664,99.7273137985826,99.95014539205714,5487200
2017-05-23,99.3652114868164,100.08942662596644,99.26308593871615,99.97800727755352,7542600
2017-05-24,100.00586700439453,100.11728636022828,99.28165890069957,99.48592417788322,4366700
2017-05-25,99.59733581542969,100.39582348459282,99.14238584513106,100.39582348459282,8030400
2017-05-26,100.65579986572266,100.7300723505555,99.79231936179613,100.00586426668607,6236800
2017-05-30,100.5907974243164,100.83220247415488,100.22869339140338,100.73006984090358,4813400
2017-05-31,100.21940612792969,100.87862129364964,99.94086131596292,100.64650297824028,9963600
2017-06-01,100.47010803222656,100.47010803222656,99.50449482438356,100.02444475703136,5907400
2017-06-02,99.51377868652344,100.86934899218728,99.3002266890064,100.70222349786216,10876900
2017-06-05,98.9009780883789,99.55091368335079,98.52030769853909,99.38378819706539,6372800
2017-06-06,97.95393371582031,98.59458256330147,97.12759304074217,98.57600913032827,9589500
2017-06-07,98.3438949584961,98.65029286229505,97.9910776376815,98.22319597382807,5777700
2017-06-08,96.85835266113281,98.34390880489289,96.70980058860204,98.34390880489289,11002400
2017-06-09,98.06536102294922,98.34389878695471,96.63551116658053,96.82120300925085,9392500
2017-06-12,99.38378143310547,99.53233347542135,98.06535106641253,98.06535106641253,8049500
2017-06-13,98.93811798095703,99.58805357664198,98.56673430763935,99.47663422443297,4918900
2017-06-14,98.54815673828125,99.3559310695977,98.19533942995929,99.3002178539864,4781100
2017-06-15,98.39959716796875,98.56672263464529,97.7032422374313,98.36245738829744,5309900
2017-06-16,97.96322631835938,98.74314054155428,97.27615093085194,98.67814768962138,8683400
2017-06-19,97.833251953125,98.41818768831378,97.66612644540099,98.04679688407263,5956200
2017-06-20,96.5055160522461,97.7682402936404,96.38480999095651,97.55468832006663,7895700
2017-06-21,97.30400085449219,97.56397223489859,96.13412255897458,96.92332341626224,7765700
2017-06-22,96.76551055908203,97.27616674049425,96.64480446895367,97.22046059655237,6156000
2017-06-23,96.89546966552734,97.099734915454,95.79058422293618,96.40337997271612,18147900
2017-06-26,98.0189208984375,98.27889227552281,97.08116093078941,97.11830071089999,5867000
2017-06-27,97.87036895751953,98.55743718101617,97.61967721244982,97.79608939722563,5694500
2017-06-28,99.21665954589844,99.84802168687148,97.04402829349235,98.43673827354854,7874400
2017-06-29,98.14891815185547,99.72732711593949,97.79610082476566,99.16095779897323,7268700
2017-06-30,98.6502914428711,98.93811590877087,97.95393644445082,98.6502914428711,5113800
2017-07-03,99.77374267578125,100.8507751331823,99.12381418161806,99.12381418161806,5399400
2017-07-05,98.07462310791016,100.13583477770895,97.75894561511713,100.1172684302399,8049700
2017-07-06,96.67156219482422,97.92497563243695,96.28805994459294,97.85014348826,8690800
2017-07-07,96.64350128173828,97.02701066580354,96.08227447691796,96.82122583887936,6030900
2017-07-10,96.89604949951172,97.19537807006756,96.22258162491879,96.62479547112082,4421300
2017-07-11,97.12991333007812,97.45730223318294,96.52192167891153,96.90542399524142,4557300
2017-07-12,97.635009765625,97.88756648599434,96.9521860267615,97.5975936908893,5203300
2017-07-13,97.55082702636719,98.53297220736496,97.31698191616967,97.70048418597267,5339500
2017-07-14,98.29913330078125,98.44879760621839,97.66308141183399,97.6817858818202,4370300
2017-07-17,98.01851654052734,98.60780364488012,97.94368439307057,98.37395853636747,3973800
2017-07-18,98.91647338867188,98.96324526137688,97.56952338228905,97.84078454392925,5740500
2017-07-19,99.9173355102539,99.9641073854954,99.19709573168402,99.2719207411297,5789400
2017-07-20,100.42245483398438,100.74983659403999,99.85187213657868,100.07636146684722,6185500
2017-07-21,100.16987609863281,100.39437251599546,99.9079707480953,100.17923190011932,4328500
2017-07-24,100.08570861816406,100.59081491989315,99.99217200000383,100.37567427537674,4615500
2017-07-25,99.54318237304688,100.77788423937895,99.33739753926048,100.64693155176693,5394700
2017-07-26,100.02957153320312,100.11375233471085,99.44027737710762,99.66477378723226,4149000
2017-07-27,102.89183807373047,102.89183807373047,100.49726667129435,100.73111175782556,10468700
2017-07-28,102.85443115234375,103.06957179109877,102.5831699714728,102.87314275730662,4864500
2017-07-31,102.82637023925781,103.02279927182349,102.27449207848028,102.91055105190613,6815300
2017-08-01,103.46243286132812,103.6682177035739,102.84507833459077,102.87314574284963,5987200
2017-08-02,101.64778900146484,102.77959845856292,100.57210008618421,102.77959845856292,8812700
2017-08-03,102.06871032714844,102.11547506463413,101.06785359921392,101.50747638623218,6895800
2017-08-04,100.73110961914062,101.48876539977205,100.38501632932372,101.23621585169009,8503800
2017-08-07,99.47769165039062,100.69368887260778,99.25320238070222,100.63756120289678,8093100
2017-08-08,100.06700897216797,100.21666614116029,99.31870171804577,99.66479507194498,9787100
2017-08-09,96.18517303466797,96.34418599785401,94.00573488140124,94.2021639188169,27877600
2017-08-10,94.80079650878906,96.17580675733024,94.67919963307598,95.87648533247939,12259900
2017-08-11,95.39944458007812,95.8858463823245,94.50148025637645,94.70726508529714,9410400
2017-08-14,94.84756469726562,96.16644722116459,94.7166120250029,96.15709855627826,9707300
2017-08-15,94.9504623413086,95.50233332824062,94.81015386003214,95.06270341722112,8868500
2017-08-16,95.59587097167969,96.01679642006509,95.14689239039832,95.25913346752573,6698800
2017-08-17,94.82886505126953,95.96067451075093,94.79144897785035,95.63329278881604,6612400
2017-08-18,94.19280242919922,95.1655988912766,94.15539349361465,94.77274084016439,6893900
2017-08-21,94.63243865966797,94.86628377277562,94.03379574102333,94.13668816170161,6492700
2017-08-22,96.12903594970703,96.2599957648906,94.63242880888507,94.85692523229768,6888700
2017-08-23,94.94111633300781,96.32548254861248,94.92241186388824,95.85779232037108,5954400
2017-08-24,94.9598159790039,95.43686198576864,94.87563516766163,95.2404329562505,6976600
2017-08-25,95.79231262207031,96.0542179988995,94.99723355277072,95.11883757514592,6186900
2017-08-28,95.93260192871094,96.20386307389917,95.48362337807106,95.86712559272657,5630400
2017-08-29,95.94196319580078,96.33482123408825,95.24042792612211,95.40879667630041,6011700
2017-08-30,96.22258758544922,96.76510281222316,95.85778978796918,95.85778978796918,6573200
2017-08-31,94.66049194335938,96.52190404448068,94.47341872123805,96.34417948799523,9823800
2017-09-01,94.94111633300781,95.33397441199784,94.81016364001114,95.08142482875755,7827400
2017-09-05,95.0346450805664,95.92326072246148,94.37988166981084,95.40879865944929,9346100
2017-09-06,94.94111633300781,95.44622263587493,94.37053368364236,95.18431724988159,7531000
2017-09-07,90.78801727294922,95.27784594526216,89.98358957635661,94.98788031150875,26419400
2017-09-08,90.79737091064453,91.19022894760147,90.03971510560103,90.25484859119784,13147700
2017-09-11,90.81608581542969,91.68598993232024,90.69448892422074,91.57374884393862,9610300
2017-09-12,91.56439208984375,92.00402204513534,90.85350094647038,91.28377509903184,9151700
2017-09-13,92.43427276611328,92.55586962523482,91.68596573789765,91.89175052747618,7615300
2017-09-14,91.57373046875,92.45298307565042,91.23699299840169,92.40621834367076,9710000
2017-09-15,92.1536636352539,92.5371729821344,91.66726902127301,91.71404089063391,23870300
2017-09-18,91.76081085205078,92.3407492377978,91.40536888836529,92.0320720097525,7013600
2017-09-19,92.06950378417969,92.29399310814611,91.7421220333147,91.88243053693881,6970300
2017-09-20,92.79908752441406,92.86456386618022,92.24721652044018,92.37816920397249,6459100
2017-09-21,92.49977111816406,92.96746133805017,92.36881842750687,92.7803881046503,4958000
2017-09-22,92.22850799560547,92.59330578853762,92.1630316516532,92.18174325643172,6359100
2017-09-25,93.13583374023438,93.21066589107159,92.06014476520627,92.22851353639665,7492500
2017-09-26,92.25655364990234,93.29482632263908,92.2378491844735,93.20128972272458,6220500
2017-09-27,92.8271484375,93.09840960852121,91.68598321333704,92.57459887076223,7596600
2017-09-28,91.71405792236328,92.64943839220325,91.66728604431663,92.38752586608328,7149600
2017-09-29,92.200439453125,92.2191439198392,91.34924705810955,91.56438053905809,8185900
2017-10-02,93.40708923339844,93.94961158927397,92.70555391898961,92.89262714827746,6923300
2017-10-03,94.27699279785156,94.33311333905655,93.45386060250465,93.58481328957379,5447700
2017-10-04,94.0525131225586,94.40795514721206,93.72512423499253,94.23023056669186,5126100
2017-10-05,93.64092254638672,94.35181357365624,93.55673460833825,94.13667296431936,4736700
2017-10-06,93.60350799560547,93.79058120436908,92.92067722448589,93.49125978851602,4360200
2017-10-09,93.13583374023438,94.45472363729006,93.02358551397856,94.29570353266432,5429600
2017-10-10,93.14517974853516,93.60351413554034,92.28463151355801,93.52868199257207,7704400
2017-10-11,92.18175506591797,93.1451958802371,91.71406479594657,93.1451958802371,7984000
2017-10-12,90.66641998291016,91.4989079452783,90.55417176887474,91.25570704972783,11018200
2017-10-13,91.08734130859375,91.36795828476771,90.54482609711617,90.54482609711617,6858000
2017-10-16,91.78888702392578,91.91983972462415,91.23701594760935,91.33055257148148,4911600
2017-10-17,92.00401306152344,92.10690547234857,91.53632288009496,92.04142913240402,5942500
2017-10-18,91.901123046875,92.12561234162585,91.24635963035752,92.00401546038289,5404300
2017-10-19,92.61201477050781,92.88327594102395,91.77017098897257,91.84500313319484,5634300
2017-10-20,92.97681427001953,93.22001517503979,92.54654013737519,93.02357900873245,5938700
2017-10-23,92.3220443725586,92.77103011306514,92.25656802877496,92.71490957164666,5888200
2017-10-24,91.93853759765625,92.4717041241098,91.72339697213931,92.15367108678728,4966200
2017-10-25,91.48020935058594,91.8730674203515,91.15282048939493,91.71405445921587,5144400
2017-10-26,92.19109344482422,93.05164886919003,90.96574735788859,91.27442461435503,6167500
2017-10-27,91.95723724365234,92.0040091143429,90.62899889811247,91.57373502225472,7868700
2017-10-30,91.70468139648438,91.97594252780604,91.38664839768533,91.77951352989415,7093200
2017-10-31,91.48954772949219,91.75145307988682,91.08733390241885,91.61115173959367,5701700
2017-11-01,92.6307144165039,93.03292825027883,91.66727380304867,91.7888706787906,6920400
2017-11-02,91.99465942382812,92.71490631654746,91.68598218409127,92.48106122033214,6799200
2017-11-03,92.26592254638672,92.95810204765927,91.57374304511417,92.00401717489906,5416900
2017-11-06,94.13668060302734,94.59501498972828,91.99465868258791,92.01337028651052,14728700
2017-11-07,95.04399871826172,96.25064023607946,94.23021523795138,94.74467728924857,12177500
2017-11-08,94.64179229736328,95.40880396535479,93.93090117159011,95.29655574453176,8023200
2017-11-09,96.04486846923828,97.1953896056066,94.28635572683078,94.31441599955421,13172500
2017-11-10,98.0091552734375,99.37480977464209,97.35439186066338,98.20558429726974,16701500
2017-11-13,97.97174072265625,98.34589430850076,97.26085675957638,97.41051391208254,7856000
2017-11-14,96.5031967163086,97.81273073833876,96.34418375682131,97.81273073833876,6929300
2017-11-15,96.9896011352539,97.2421507167207,95.82972423916193,96.11034122869081,5691500
2017-11-16,96.90540313720703,97.26085223861075,96.11968706620341,96.93346340597348,6410900
2017-11-17,96.7557601928711,97.27021518066465,96.31613022064185,96.54997534319897,7500800
2017-11-20,96.11032104492188,96.7370241020201,96.06354917769394,96.7370241020201,5112600
2017-11-21,96.34419250488281,96.5032054788085,96.14776345420046,96.31613223141204,5725900
2017-11-22,96.1009750366211,96.64349735165257,96.05421030101297,96.5499607440506,4140700
2017-11-24,96.00743865966797,96.269344016137,95.82971410932724,96.25999535082434,2217600
2017-11-27,96.14776611328125,96.31613489514928,95.76425666820909,95.99810180211539,4007500
2017-11-28,96.72769165039062,97.16731444864814,95.56781480347091,95.93261259256118,8401100
2017-11-29,98.43943786621094,99.39352993424923,96.74640151288617,96.81187785979965,14503100
2017-11-30,98.04657745361328,98.87906547445749,97.71919572682957,98.55168374767376,9949000
2017-12-01,98.44879150390625,99.01001834173437,97.15796906326294,97.82208832060464,9258400
2017-12-04,103.09762573242188,105.38930478901767,99.61800960713948,99.61800960713948,17824000
2017-12-05,100.29149627685547,102.92926894682618,99.63672565857013,102.45222290350763,13055600
2017-12-06,98.64521026611328,101.01172139567288,98.55167365894846,100.24470979870432,8121700
2017-12-07,98.45813751220703,99.15031697212633,97.73789064725993,98.90711608325198,9948600
2017-12-08,98.27899932861328,98.9861781362743,98.13756212832212,98.9201750686444,6536600
2017-12-11,100.73053741455078,100.73996128450793,98.78814832809378,98.8824445780161,7434000
2017-12-12,101.2962875366211,101.67345098691818,100.50424357161778,101.02284421500057,8147000
2017-12-13,101.46600341796875,102.01289002180138,100.6551045760911,101.9751729601101,10368300
2017-12-14,104.25700378417969,105.17162276958825,101.07941139860654,101.1642765879322,27571300
2017-12-15,104.91703796386719,105.60536179080894,104.28529332966497,105.58650685575869,19978600
2017-12-18,104.69075012207031,105.59593813769591,104.0118573119024,105.45450093661178,12270000
2017-12-19,105.42620086669922,105.97308746788872,104.4455788488472,104.97361051617916,10546600
2017-12-20,103.42725372314453,105.88823639554981,103.42725372314453,105.24706069557843,8661100
2017-12-21,103.31409454345703,104.74730689469261,102.9557932540966,103.45553172397615,9372800
2017-12-22,102.46548461914062,103.42725174762458,102.25804436814235,103.23866643135604,7378400
2017-12-26,101.94689178466797,103.12552304154576,101.73002046813296,102.29576203267544,3982400
2017-12-27,101.49429321289062,102.3523402124321,101.32457002582716,102.2297579589009,5624000
2017-12-28,101.61686706542969,101.88088650400961,100.94740538935311,101.83373837724324,3477700
2017-12-29,101.37171936035156,102.15432504921387,101.37171936035156,101.88088892760547,4538400
2018-01-02,105.41679382324219,105.42621769477823,102.3617760975188,102.72950851368633,11014300
2018-01-03,105.86937713623047,106.72742417886165,105.08676422359217,105.78451913533442,9237900
2018-01-04,105.82222747802734,106.54826113643101,105.25647874350668,106.50111301062296,7417400
2018-01-05,105.24703979492188,106.24651661347313,104.88873135522013,106.24651661347313,6008300
2018-01-08,103.73841094970703,104.92647333285583,103.28582055198964,104.55874093703747,8052600
2018-01-09,103.66297912597656,104.53045000887147,103.58754499864806,103.84212618613887,5838000
2018-01-10,103.21981811523438,104.19100917646028,102.78608265069633,103.68183958057787,6060000
2018-01-11,104.65302276611328,104.73788795593782,103.2575274102344,103.95527508817385,6427000
2018-01-12,106.04853057861328,106.28425683767705,104.66245902431122,104.96418834816106,5899900
2018-01-16,104.37014770507812,106.69912400420661,104.30414464855113,106.61425882078981,8069200
2018-01-17,105.57708740234375,105.80338261680595,104.25701879602312,104.85104643165958,7030700
2018-01-18,104.11556243896484,105.59592291683342,103.90812219978174,105.36019668026968,8070900
2018-01-19,104.27584838867188,104.74730083392774,103.56866972078807,104.63415685109412,10514300
2018-01-22,104.75674438476562,105.19047982284984,103.77612231848182,103.97413150583803,8073600
2018-01-23,104.10614013671875,104.79445672932538,103.6158255287582,103.9741268239648,7477300
2018-01-24,104.19100189208984,105.06790382472526,103.99299270650044,104.62473732630387,7211800
2018-01-25,104.23815155029297,105.43563774562433,103.83270210895193,104.28529248443374,6291000
2018-01-26,105.78450775146484,106.10509197874343,104.35128821101264,104.48329432739722,7743800
2018-01-29,105.17162322998047,106.02966302832998,104.8887488560488,105.69964772127247,6847800
2018-01-30,103.82325744628906,106.00136542827768,103.81382638317842,105.05846054342811,8393900
2018-01-31,102.46548461914062,103.83270118535914,102.27690649666633,103.79498412210543,9841400
2018-02-01,104.18156433105469,104.33243257378744,101.23027447208443,102.41833670532668,9518900
2018-02-02,102.49376678466797,104.26643272231993,102.2580405434946,103.67239799053488,9947700
2018-02-05,98.7221450805664,102.42776181029782,98.07154555886888,100.98511839228985,15107900
2018-02-06,100.10822296142578,100.13650896065546,95.95001561739333,97.00606462220446,17765100
2018-02-07,98.77872467041016,101.8620206945796,98.44870937635439,101.67344258191741,12445000
2018-02-08,95.56341552734375,99.77820181735895,95.41255447566886,99.44818652263834,12667500
2018-02-09,97.2040786743164,97.82639946368515,94.53566283574756,96.69491627511702,12479700
2018-02-12,97.48695373535156,98.66558506225522,96.27060534273163,97.99612333182931,9584700
2018-02-13,98.17527770996094,98.35442478007869,96.55347985124408,96.7797750520108,8447900
2018-02-14,98.62786102294922,98.77872927514704,96.82691622355144,97.58123590315796,7425700
2018-02-15,99.17475128173828,99.54248366770702,97.99611999496815,99.34447447478496,6494700
2018-02-16,100.44766235351562,101.22084411845991,99.18417318383825,99.18417318383825,8746400
2018-02-20,99.92906951904297,101.42828493281282,99.49532691257744,100.29680187312968,6734500
2018-02-21,99.05216979980469,100.80597361638821,99.02387660796805,99.94792664219354,6743300
2018-02-22,99.2313232421875,99.95736414307525,98.9390249851985,99.2973263064687,4462200
2018-02-23,101.1265640258789,101.23028415422952,99.41047716652487,99.71220648705543,6101100
2018-02-26,103.54039001464844,103.54039001464844,101.52257400188442,101.83373436116517,8138200
2018-02-27,98.8824462890625,101.98460448778727,98.8635841612341,101.83373624033604,14179600
2018-02-28,97.27007293701172,99.54247000523888,97.25121081048736,99.42931882747324,10760800
2018-03-01,96.7137680053711,98.09040847689161,95.54456779009787,97.30779558061111,10487300
2018-03-02,97.10977935791016,97.27950253766106,95.64828099308284,96.17630546617721,7835400
2018-03-05,97.50581359863281,98.03383811879768,96.57233242989122,96.84577575463219,5736700
2018-03-06,98.94844818115234,98.95787205116135,97.60009380909368,98.06211522232117,6216200
2018-03-07,97.67552947998047,98.28841919373167,96.90234763620352,97.79811173900744,6214800
2018-03-08,98.09040069580078,98.61842516523933,97.56237622636223,98.05268363458462,6627000
2018-03-09,98.75045013427734,98.7693050702144,97.72267987773766,98.46757573865861,5618400
2018-03-12,99.16532897949219,99.89136994482092,98.74102455628092,98.74102455628092,6485300
2018-03-13,97.80753326416016,99.78763221301993,97.51522783896999,99.78763221301993,6716700
2018-03-14,97.96782684326172,98.67500556369846,97.56237742245956,98.56185437866276,6235900
2018-03-15,97.34552001953125,98.33557324706362,97.34552001953125,98.0621299061852,5174600
2018-03-16,96.99663543701172,98.31669662069676,96.96834224553797,97.64723496502965,10468000
2018-03-19,95.6860122680664,97.07207671582958,95.23341465690243,96.93064670652363,6528300
2018-03-20,95.56341552734375,96.31774236709991,94.99767399442358,95.74256977038947,8330300
2018-03-21,96.00657653808594,97.06263261483782,95.6294131396893,95.70484725812733,6136400
2018-03-22,94.85625457763672,95.83687677545528,94.67710749483382,95.50686141892865,8911600
2018-03-23,92.91386413574219,95.33712981724442,92.82899894079277,95.09197249091733,7505100
2018-03-26,94.90339660644531,95.02597167561412,93.42303593629082,94.15850073889315,7340100
2018-03-27,93.68704223632812,95.40312906434427,93.24387573124909,95.12025468422743,7193500
2018-03-28,92.91386413574219,94.36593877045715,92.54613174314883,93.81905211703308,9099700
2018-03-29,94.70538330078125,95.49742007116656,93.21559163024378,93.35702882318243,9343600
2018-04-02,93.02701568603516,95.22397898525156,92.19725463800647,94.46022819676574,8203700
2018-04-03,93.74360656738281,93.809609624839,92.12180893412379,93.15901011385483,8484700
2018-04-04,95.18624877929688,95.37483407953901,92.17838697681961,92.81013154659507,8759200
2018-04-05,96.28003692626953,96.53461812898247,95.21455679077499,95.57285812631777,6612800
2018-04-06,94.62051391601562,96.35546283120597,93.77189798977004,95.82743114721197,7162400
2018-04-09,94.00763702392578,95.71430017269356,93.89449301423176,94.95054213828328,7094300
2018-04-10,95.58228302001953,95.73314408016236,94.5922298864915,95.1579714511671,8116800
2018-04-11,95.0448226928711,95.84629046882512,94.67709033456521,95.02596056517677,6305000
2018-04-12,94.65823364257812,95.71428984649143,93.98877194686504,95.62942465458153,7337800
2018-04-13,94.62051391601562,95.72371102323783,94.44136686043733,95.23340359573713,6324600
2018-04-16,94.51679992675781,95.23340977696579,94.03592353216862,94.9411115143181,10328000
2018-04-17,96.33659362792969,96.73261196649571,94.99767037251489,95.4219747075794,9577400
2018-04-18,95.43141174316406,96.84576920694856,95.42198067914316,96.80805214465903,5822100
2018-04-19,95.12967681884766,95.78028351576798,94.49793224885485,95.23339693556811,6803400
2018-04-20,94.51679992675781,95.6105732346434,94.2056467284338,95.40313297323098,6396900
2018-04-23,94.43193817138672,94.96939373922754,93.8473344755376,94.80910161407022,5889800
2018-04-24,93.78132629394531,95.09196361054424,93.21558475769585,94.83738243705986,6567700
2018-04-25,95.37483978271484,95.69542402160614,93.39474077142613,93.8190451332044,8977700
2018-04-26,94.13963317871094,95.59170776405027,94.04534411603578,95.45027776693472,8038400
2018-04-27,93.5644760131836,94.28107870792726,93.29103267158601,94.08306950065902,8038000
2018-04-30,94.60165405273438,95.58227605043868,94.40364487922588,94.6770881742025,8558900
2018-05-01,94.3470687866211,94.95052739057716,93.2815887626536,94.46021997253561,6716200
2018-05-02,93.93220520019531,94.96939933332426,93.58332773624873,94.45079866986242,9286400
2018-05-03,93.12130737304688,93.5833288462874,92.10296816387627,93.45132271107583,10450800
2018-05-04,95.37483978271484,95.56341790043984,92.95157428159891,93.07414933874075,9980100
2018-05-07,96.62890625,96.81748436991546,95.91229644549179,96.50632399764022,10181100
2018-05-08,95.97830200195312,96.7797698231205,95.08253792458247,95.42198430429008,14229500
2018-05-09,94.26220703125,96.43088405462125,93.63046245447187,96.41202912128486,18345700
2018-05-10,95.87459564208984,96.2423280739445,94.57338912889604,94.68653314251571,8927300
2018-05-11,96.2423095703125,96.37431569001942,95.47855885003763,96.07258638871875,7036000
2018-05-14,96.5911865234375,97.58123241638111,96.1574511045583,96.5911865234375,9891900
2018-05-15,97.04378509521484,97.42094855038155,96.27060324933065,96.59119470405044,5762400
2018-05-16,99.0427474975586,99.0427474975586,97.26065752528196,97.35494659169659,8111600
2018-05-17,98.38270568847656,99.45762402251692,98.14697943502271,99.22189776906308,7320600
2018-05-18,97.9961166381836,98.80701551120826,97.64723919948416,98.3827039462288,5427300
2018-05-21,98.11870574951172,98.703309521211,97.69440131756232,98.26957402367744,5848700
2018-05-22,98.12812042236328,99.46704375983236,98.05268629788202,98.43928079050293,6971600
2018-05-23,97.01548767089844,97.43979201187527,96.24230591606053,97.30778589718054,8046600
2018-05-24,96.28003692626953,96.9872157262213,95.43142092756847,96.94006759537328,7474100
2018-05-25,96.36487579345703,97.11920257446536,96.14801169972763,96.41202391494255,6982700
2018-05-29,93.9981918334961,95.8462845752334,93.70588642255953,94.80909062343507,11270400
2018-05-30,94.27164459228516,94.80910015183684,93.74361290315434,94.7619520245557,7216400
2018-05-31,93.79075622558594,94.42250081354177,93.16843550756819,94.06419952346097,9620000
2018-06-01,93.68704223632812,94.33764899432025,93.53617398192065,93.99820261569778,6847700
2018-06-04,94.51679992675781,94.76195725331745,94.00763033796225,94.06420953258039,6598000
2018-06-05,94.23393249511719,94.77138808299146,94.08306423490251,94.62995088748885,5974400
2018-06-06,96.0914535522461,96.11973955169505,94.06420633080316,94.3470735190871,7833000
2018-06-07,96.61947631835938,97.08149775322359,95.99715556651455,96.0914518213717,7559200
2018-06-08,98.04325103759766,98.05267490671746,96.01600413888991,96.26115422428288,7090300
2018-06-11,98.39212036132812,98.80700080030445,97.82637888604697,97.99610204801064,8175000
2018-06-12,98.37328338623047,99.2124682864017,98.02440593579067,98.7504468365286,9215300
2018-06-13,100.2402114868164,101.72057180153354,96.80803843621374,97.30777685164537,22009400
2018-06-14,102.54092407226562,103.238671794219,100.37223958218492,100.37223958218492,18068700
2018-06-15,102.63520812988281,103.17266369379962,101.69230312695547,101.99403244014044,16169200
2018-06-18,100.94739532470703,101.34342084619536,100.41937088778047,100.89082333326301,9288600
2018-06-19,100.0422134399414,100.88139826728467,99.72162921097603,99.82534933065162,8869500
2018-06-20,101.03227996826172,101.73945877271461,99.76878343019926,100.89084276861217,18625900
2018-06-21,99.84420013427734,101.12655138468216,99.74991108223449,100.9002562210206,7707800
2018-06-22,100.26851654052734,100.70225918098774,99.76877803010336,100.01393534997351,8959100
2018-06-25,98.48641204833984,100.02335161004252,97.81695044536853,99.94791749297138,7995800
2018-06-26,98.30726623535156,98.73157056001614,97.97725096130206,98.49584433658173,6550000
2018-06-27,98.02440643310547,99.83478237116782,97.57181604548714,98.53357601452197,8803300
2018-06-28,98.78815460205078,99.11817711015068,97.76039159552849,97.97726291281177,6303600
2018-06-29,98.82587432861328,99.64620429810115,98.67501326392035,98.93902552247887,6774000
2018-07-02,99.3161849975586,99.35390206066998,97.96783056495161,98.20355681405218,5488900
2018-07-03,98.0998306274414,99.90077531851789,97.59066109759003,99.83477226059976,2406300
2018-07-05,99.32561492919922,99.57077225748657,98.46757507088547,98.7221562701801,6202800
2018-07-06,99.59175109863281,99.83887906521277,98.88839469549629,99.32561663537143,4134500
2018-07-09,100.77033996582031,100.81786708036952,99.5632281234373,99.81035606617806,4725200
2018-07-10,100.77986907958984,101.29313157318832,99.63929059489624,100.98897682716193,4213600
2018-07-11,102.69032287597656,103.92594809375264,100.10500446418348,100.10500446418348,11753800
2018-07-12,102.88992309570312,103.79288025917464,102.48121456608959,102.69982914074687,5931400
2018-07-13,104.55326843261719,104.78138262419856,102.3291387485552,102.6522999156605,8188800
2018-07-16,104.74337005615234,104.98099113817776,103.38417717690221,104.3821886220569,8245900
2018-07-17,104.83842468261719,107.04354804200088,104.63881659154326,104.80040443915644,9075900
2018-07-18,105.2091064453125,105.56078098510693,104.22060193170154,104.84791778071994,6414100
2018-07-19,106.57780456542969,109.00154249059234,105.78890808828936,106.01702229543717,17796800
2018-07-20,105.96000671386719,106.64434940737011,105.34219038831834,106.59682953717139,11787900
2018-07-23,105.58930969238281,105.70337043223779,104.87644638443547,105.55129669738506,5447800
2018-07-24,105.21862030029297,106.34969905811161,105.06654656696082,106.30217193740879,5648800
2018-07-25,105.67485046386719,105.9029646777175,104.20159681875617,105.1615880439889,6756800
2018-07-26,107.88948059082031,108.88748480727303,106.15009249006262,106.59682129478816,9466400
2018-07-27,107.04356384277344,108.40275692774176,106.37822036142848,108.35522980349533,5717000
2018-07-30,107.05304718017578,107.72789018240827,106.50177178153709,106.64433862934541,5199300
2018-07-31,107.93700408935547,108.40274665765878,106.79642573170977,106.97702008479148,8421200
2018-08-01,107.37622833251953,108.19364553093851,107.01503960433114,108.05107141463365,6466600
2018-08-02,107.16710662841797,107.70888239847024,106.15008870036829,106.92948554941925,4027300
2018-08-03,108.44075012207031,108.45025699550769,106.83443658889954,107.59481967663643,4747500
2018-08-06,110.19915008544922,111.05458013880627,108.50728922206183,108.98253136353557,12715600
2018-08-07,110.78845977783203,112.06211264966808,110.4843050587044,110.79796665232304,15466900
2018-08-08,108.33619689941406,110.64587389339307,108.26015641980192,110.16112490038977,11722900
2018-08-09,108.5073013305664,109.11561075940546,107.22414160410177,108.40274746764527,7042000
2018-08-10,107.10057067871094,108.16511569997279,106.83443623630039,107.95600799475889,5740200
2018-08-13,106.56830596923828,107.25264859726951,106.18811078591872,107.08156837897668,6080900
2018-08-14,107.16710662841797,107.58532204797405,106.40671627497416,106.81542482091673,4326400
2018-08-15,107.26216125488281,107.51879609940038,105.95049541590313,106.62533845816503,5183200
2018-08-16,106.91046905517578,107.71837919788888,106.834428576619,107.68986583133488,5082500
2018-08-17,106.91046905517578,107.27165045089176,106.34967959034348,106.93898242172979,4764500
2018-08-20,106.44474792480469,107.40473921728909,106.36871468260819,107.33820559810427,5167600
2018-08-21,106.82493591308594,107.40473194886873,106.45424759533891,106.69186868372137,4770400
2018-08-22,106.397216796875,107.1671067733537,106.397216796875,106.87245895551516,3213000
2018-08-23,106.45423889160156,106.5873061100865,106.00751012170804,106.39721215557074,4257400
2018-08-24,106.38770294189453,107.11957262746101,105.92196768744313,106.10255476477444,5049000
2018-08-27,106.76791381835938,107.30018275897912,106.5207858452343,106.9199875506991,4767700
2018-08-28,107.00552368164062,107.2051245134152,106.64433500846975,106.9960168082362,3131600
2018-08-29,106.88197326660156,107.13860812844439,106.4732646639363,107.00554088586695,4001500
2018-08-30,106.37820434570312,106.85344651013348,106.06454277679029,106.52077844535621,3481600
2018-08-31,106.47325134277344,106.72037929876448,106.03602942163232,106.35919786433138,4642800
2018-09-04,105.3611831665039,106.45424156143184,105.17108920722066,106.2641476021486,6391200
2018-09-05,104.4297103881836,105.3326675529651,104.26812254945486,105.10455335636276,6388300
2018-09-06,104.8004150390625,104.9429891535558,103.94497760372342,104.55328705738216,5267200
2018-09-07,105.4752426147461,105.83642403365482,104.56277856832959,104.62931217843435,4754800
2018-09-10,105.19961547851562,106.36871450119287,104.9049676300026,105.92198566530499,4636500
2018-09-11,104.17308044433594,105.13307164188447,104.08754033596642,105.02851778613066,5488600
2018-09-12,104.0400161743164,104.79089968168572,103.77388171633642,103.84041533083142,5236700
2018-09-13,105.19010925292969,105.23763637468272,103.95448385517781,104.12557134121984,5119400
2018-09-14,103.84992218017578,105.74138400747383,103.4887334858999,105.42772243137743,6012400
2018-09-17,103.94497680664062,104.43922551459053,103.23211349126129,104.15408453941119,5592900
2018-09-18,104.10655975341797,104.31566749087997,102.87093433001101,103.49825029077621,4937800
2018-09-19,104.35367584228516,104.72436415221034,104.05902801942666,104.20159486815176,5964600
2018-09-20,106.09305572509766,106.40671001970627,104.49624187803248,105.10455122437926,7121800
2018-09-21,104.93347930908203,106.43524640288433,104.93347930908203,106.40672577949628,25753600
2018-09-24,107.18612670898438,107.53780856105838,106.16910865203602,106.71088449075391,9232300
2018-09-25,108.00353240966797,109.03005723218183,107.0720618219802,107.69937771243644,12169400
2018-09-26,109.50530242919922,110.56034065069962,108.36472409593294,108.36472409593294,11141500
2018-09-27,110.29419708251953,110.82646596054403,109.40073953587591,109.4862868921982,5195300
2018-09-28,111.149658203125,111.64390694553086,109.63838409832148,109.92353234500023,7366800
2018-10-01,110.48429107666016,111.58685632622844,109.9520221984518,111.47279560163254,8643900
2018-10-02,111.833984375,111.87199736494793,109.59084088385254,109.82846195493494,6441700
2018-10-03,111.12113189697266,112.25220337349442,110.959544041795,112.10962926674722,6111700
2018-10-04,110.3797378540039,111.36824238460616,109.41975394342774,111.20666179588974,6442800
2018-10-05,109.09659576416016,110.80747054548397,109.04907589622469,110.25618786576626,5835700
2018-10-08,110.27519989013672,110.40827438123918,108.4692852824209,109.14412835454156,5652300
2018-10-09,111.10211181640625,111.9385354091677,110.29420159304509,110.84548424018372,6761400
2018-10-10,107.27166748046875,111.42528682288338,107.14810712191291,111.05459124397524,9006500
2018-10-11,105.6463394165039,107.6423551477271,104.85743564721778,106.92949186860308,10045400
2018-10-12,107.0340576171875,107.66137360164565,105.72239164850512,106.42574813157066,5963900
2018-10-15,107.82295227050781,108.94452414855735,106.34969855513393,106.38771880119226,6628800
2018-10-16,110.43678283691406,110.60787031600505,108.20313873444272,108.6783809261821,7619000
2018-10-17,111.3302230834961,111.41577044105793,109.71440267944035,110.35122541796423,7120600
2018-10-18,110.42727661132812,111.33023388028919,109.8569874282148,110.96905242302884,6056300
2018-10-19,113.0125961303711,113.26922372656821,111.41578205508777,111.60587603363227,10431000
2018-10-22,112.41378021240234,113.76347349257266,111.89101817399657,113.15516409233535,8406400
2018-10-23,112.01457977294922,112.62288917994643,109.69540287812994,111.15914240322812,8607400
2018-10-24,106.08354949951172,111.26368584813042,105.7413745836508,111.26368584813042,11630500
2018-10-25,108.5073013305664,109.01105689648432,106.56831230678428,107.04355450129106,7406900
2018-10-26,107.5853271484375,108.48828439079254,106.54929542404405,107.25265182077177,7984700
2018-10-29,107.44275665283203,109.24867844982111,106.41623176802302,108.78293587609343,9234100
2018-10-30,109.07758331298828,109.20114366481998,106.84394659658209,107.77541717541773,7365400
2018-10-31,109.14411926269531,110.75043287738046,109.0015451603784,110.4747987982865,9196700
2018-11-01,110.35122680664062,110.5223142722976,109.21064853667392,109.4957894783557,6779900
2018-11-02,109.47677612304688,111.15913005357397,108.70688620164185,111.04507658469579,6377900
2018-11-05,109.73341369628906,110.46529069595452,109.41975937662386,110.00905502393788,7920800
2018-11-06,110.93102264404297,111.05458299341916,109.73341038629152,110.0090517056259,5036600
2018-11-07,111.25421142578125,111.48232567081672,109.45779633643207,110.79797568408921,8249800
2018-11-08,110.25617980957031,111.9955678348859,109.50529633550042,111.63437915654202,11074800
2018-11-09,112.15715789794922,114.24822065302554,111.37776098906218,112.34725187509419,16878200
2018-11-12,110.92151641845703,112.59437083966999,110.82646943748784,112.15714892591589,9170600
2018-11-13,111.06410217285156,111.94805296672087,110.4272793567362,111.3112301506055,4650600
2018-11-14,111.32073211669922,112.36626347423658,110.67440245450192,111.624886825285,7109100
2018-11-15,111.31121826171875,111.61537295122965,109.97103190218589,110.72191537820774,7088700
2018-11-16,110.43678283691406,111.52983407661833,110.2466816092461,110.75994404651907,7141900
2018-11-19,109.70491027832031,111.99558121677532,109.10610770287198,110.25619298362741,9714600
2018-11-20,106.33069610595703,108.9160076717639,105.99802075318658,107.8989896187515,11194600
2018-11-21,107.43323516845703,108.34569919143767,106.73938571684545,106.92947966894245,7242500
2018-11-23,106.5302963256836,107.2051393987043,106.20712784963919,106.68237006317102,3242300
2018-11-26,106.97701263427734,107.57581514259412,106.37820287434073,107.57581514259412,7002400
2018-11-27,108.26016235351562,108.45025631134571,106.84394278830842,107.98452103852824,7357500
2018-11-28,110.35122680664062,110.5413280193816,108.40273832447919,108.65936589715477,9039800
2018-11-29,110.83598327636719,111.33973883361936,109.50530370431487,110.01856613574735,10834700
2018-11-30,109.77142333984375,111.27319018617288,109.36271482474453,111.05457561927918,16857800
2018-12-03,110.00906372070312,111.13063561597241,109.22016717064687,110.8740080156641,9273300
2018-12-04,107.28118133544922,110.53183637931681,107.08158047327707,109.89501354501226,10806700
2018-12-06,108.66887664794922,108.67837627021036,105.65584302179411,106.51127312898058,10546200
2018-12-07,107.26083374023438,109.18612111434986,106.90642400729247,109.06160233092827,8305500
2018-12-10,107.14588928222656,107.55776810252245,104.91408062090542,107.27040806682977,7337500
2018-12-11,107.25125885009766,108.92750874686882,106.73401514786391,108.2091159339669,6861800
2018-12-12,107.48114013671875,109.17655123023235,107.42367105147065,108.23784809325309,7723900
2018-12-13,108.61141204833984,108.81256115510593,107.60565920664001,108.11332958985282,6661500
2018-12-14,107.4715576171875,109.11907290524674,107.32788490661083,107.63439886895655,7601900
2018-12-17,105.9581527709961,108.132485126119,105.39301329396758,107.55777233996106,7731800
2018-12-18,104.83744049072266,106.39875199977872,104.31062355175602,106.19760291676944,6682300
2018-12-19,104.61714172363281,107.40450176728048,104.35851624366278,105.36426900733488,9416900
2018-12-20,102.49070739746094,104.60757066395948,101.65736910834949,104.16695728480259,9387300
2018-12-21,99.8278579711914,104.16694902331746,99.48302886565712,101.98303622684625,15530600
2018-12-24,96.12095642089844,99.52135197466686,96.12095642089844,98.87958948559336,7133000
2018-12-26,101.37000274658203,101.38915667011499,96.14967798568986,96.25504283479252,9422800
2018-12-27,102.03092956542969,102.05967141548778,98.46770748450444,100.00985791683617,8201400
2018-12-28,102.77806854248047,103.9466480521047,101.71484658937504,102.75890730829913,7620500
2018-12-31,105.02902221679688,105.04817614146314,103.01752396486435,104.51177855637954,7241700
2019-01-02,104.377685546875,104.54051949404345,103.18994483242649,103.54434726945554,9723500
2019-01-03,101.84895324707031,104.07118155876361,101.47538954050891,103.90834759597944,10594700
2019-01-04,104.9906997680664,106.08265609493331,102.73015680525144,103.39108043230665,10122800
2019-01-07,105.90067291259766,106.70527663319383,104.69377829350736,105.27807167755063,6714700
2019-01-08,106.72443389892578,107.81639038344187,106.4849696293763,107.08842426567752,8730700
2019-01-09,107.92174530029297,108.04627138601853,106.85852345685329,107.08841439609947,5931900
2019-01-10,108.04627227783203,108.15163713222232,106.80105525751168,107.27040314024273,6160100
2019-01-11,107.902587890625,108.16120605408729,107.02136124225225,107.45239395064561,4819100
2019-01-14,107.68229675292969,107.95049557995148,106.73402024085405,106.94474997861973,6980600
2019-01-15,107.05010223388672,108.41025744372854,105.94856520309462,107.56734589985524,9800900
2019-01-16,106.23593139648438,107.28957271443961,106.14013984295885,106.75316778460079,5899900
2019-01-17,106.33171081542969,106.5711750726345,105.51753380250715,106.0539314001278,6392000
2019-01-18,106.36043548583984,107.2129275777406,106.15928640540052,107.14587788426083,8554700
2019-01-22,105.9389877319336,106.63822659035503,105.12481070513059,105.95814896524338,6986700
2019-01-23,106.43708801269531,107.1267390147877,105.36428538521265,106.5041377201711,6845600
2019-01-24,105.89110565185547,106.42750329097692,105.2972316172069,106.32213842502524,6716800
2019-01-25,106.40834045410156,106.80106536816552,105.99646892159981,106.77233082476955,5706900
2019-01-28,106.14014434814453,106.31255892079142,105.31638664637272,106.09225587721862,6178800
2019-01-29,106.22634887695312,106.25508341934832,105.36427606575039,105.98688461316733,5253700
2019-01-30,105.48880004882812,105.91984012959871,104.36810899299014,105.65164131020532,7853800
2019-01-31,106.8202133178711,106.83937455097609,105.37385445682052,105.46005808218534,8351600
2019-02-01,106.6094741821289,107.32786684559913,106.25506450398443,107.25123654094064,6557700
2019-02-04,107.08842468261719,107.26083924967888,106.01562212002558,106.7148610052951,7037000
2019-02-05,107.91218566894531,107.98880868386976,106.75317213332423,107.29915039446111,13619800
2019-02-06,106.71485900878906,109.11907497778046,106.3891838069346,109.05202527561474,14229000
2019-02-07,106.27422332763672,106.42748394402217,105.18226701342984,106.37001486681184,8658100
2019-02-08,106.81063842773438,106.8393729690972,105.42174136295534,105.80488563282091,6395500
2019-02-11,104.827880859375,107.09799745513116,104.64588567620248,107.05968229510171,11086400
2019-02-12,104.59798431396484,106.15929594334995,104.5500958473873,105.5654219564089,7610200
2019-02-13,105.55583953857422,105.82404563988186,104.62672437783874,104.63629768626939,6919700
2019-02-14,105.99646759033203,106.80106402679237,104.9236650338487,105.22059838903724,6324300
2019-02-15,107.8451156616211,107.88343081840173,106.35086108652106,106.70527080584021,8197300
2019-02-19,108.72635650634766,108.97539407931863,108.0750134157517,108.15164373414402,8169600
2019-02-20,108.88917541503906,109.28189295379617,108.51561179930029,108.81254510722896,7081500
2019-02-21,109.47347259521484,109.71293683468959,108.11331746888682,108.62098048731427,9480100
2019-02-22,110.39302062988281,110.89110306064636,109.14780359117036,109.79914665162673,8734700
2019-02-25,108.80297088623047,110.91984124365169,108.67845210962226,110.74742669488019,9327700
2019-02-26,108.7167739868164,109.20528312318082,108.09416544954713,108.86045400431998,8956000
2019-02-27,108.02711486816406,108.72635371678238,107.72060091032832,108.33362882599981,7249500
2019-02-28,108.08457946777344,108.64971889313622,107.9983758462719,108.14205585664337,6716700
2019-03-01,109.2052993774414,109.61717825805928,108.6688943861135,108.6688943861135,6996900
2019-03-04,109.51179504394531,109.59799866812043,108.32404707538136,109.59799866812043,6015000
2019-03-05,109.19568634033203,109.71292994204622,108.9658027310818,109.41599664227014,5225100
2019-03-06,110.00987243652344,110.20144821680081,109.19569546698371,109.19569546698371,7352800
2019-03-07,109.2052993774414,110.05779168488091,108.68805562216289,110.00989590262776,6324000
2019-03-08,109.01371002197266,109.04244456460894,108.14206389457117,108.67846151143362,6549100
2019-03-11,109.9140853881836,110.15354962650207,109.22442721256738,109.23400782830333,6952700
2019-03-12,109.89493560791016,110.44091379954638,109.23401194671463,109.885354991813,9920300
2019-03-13,109.28189849853516,110.00987184393026,108.92749609570144,110.00029122800079,17994500
2019-03-14,109.65546417236328,109.9332362501524,109.1286399395872,109.31063509415864,17409600
2019-03-15,110.11522674560547,110.61331641876774,108.88917110069539,109.67461345495767,14932700
2019-03-18,108.352783203125,109.19569470687162,107.72059409441349,108.2665722756331,21769800
2019-03-19,105.3642578125,108.9179059945047,105.17268935780633,108.18993271250616,45384400
2019-03-20,105.35468292236328,106.20717501545018,103.49644542568042,105.66119685124994,35588700
2019-03-21,104.08074188232422,105.50794672161771,103.80296248404169,105.46005094996362,27438900
2019-03-22,103.66887664794922,104.40642339592567,102.97921837001974,103.76466089591283,24133800
2019-03-25,103.24740600585938,104.47346178590003,102.79721205052938,103.91790297686008,18187500
2019-03-26,105.49836730957031,105.68993578263525,103.70717212415107,103.8316982087252,16693100
2019-03-27,105.6324691772461,106.40833101156687,105.10565221003986,105.79530311395334,10794800
2019-03-28,106.04435729980469,106.58075493038567,105.59416329933724,105.93899243553062,11748900
2019-03-29,106.35087585449219,106.89685412566058,105.73784787661434,106.85853896355947,16358800
2019-04-01,107.76850128173828,108.11333041249523,106.68611811269082,106.88726722098747,10785100
2019-04-02,107.24166870117188,108.53477418788727,107.2033535442783,108.3815208681819,9231800
2019-04-03,107.778076171875,108.3432156530775,107.48114281353872,107.95049073978275,10534900
2019-04-04,109.9140853881836,110.01945023767321,108.26657025929345,108.46771934253674,14378400
2019-04-05,110.153564453125,110.2780832429781,109.49264072788799,110.1248299099181,10907900
2019-04-08,110.11522674560547,110.94856486731844,109.80871283437794,110.15354189799241,11054200
2019-04-09,111.9351806640625,112.22254071560187,110.42176470064524,110.73785929576461,17340300
2019-04-10,112.22254180908203,113.05587281250062,111.37962288055044,112.62484003886134,14091100
2019-04-11,111.68612670898438,112.89302859648191,111.41792791351138,112.76850981511777,12784500
2019-04-12,124.57887268066406,125.38346901154709,121.03480488590458,122.51948608276977,65253500
2019-04-15,126.47542572021484,127.10761481735675,124.32024757465241,125.52715669023918,32773700
2019-04-16,124.42561340332031,126.56164494995096,124.09994554431613,126.19765462768905,14564300
2019-04-17,126.1976547241211,126.78194805548087,123.83174685908543,124.33940987960848,14253700
2019-04-18,126.86815643310547,127.27045461828544,125.5846315638544,126.21682069016775,11890600
2019-04-22,126.130615234375,126.62870501610433,125.50801396901784,126.34134496450127,10197500
2019-04-23,127.73980712890625,128.58272594630643,127.05972224382428,127.76854166897785,12159300
2019-04-24,129.406494140625,130.02909538086772,127.12678966980248,127.50035333709586,11449500
2019-04-25,131.45628356933594,133.0271682690593,129.15741828620725,129.65550795657887,16382500
2019-04-26,134.0233612060547,134.13829937889804,131.71492212985632,132.85477439635008,14167600
2019-04-29,133.4295196533203,136.37013385041828,131.8107385404011,136.1977265586418,25746100
2019-04-30,131.1976776123047,133.51568985412442,130.2972896721478,133.25706436550232,15253100
2019-05-01,130.63253784179688,132.34709538187198,130.49843845104093,131.6957596598395,8906700
2019-05-02,128.48695373535156,129.9716351973095,126.80113046262719,129.67470182806585,16580400
2019-05-03,128.66893005371094,129.6076258029915,128.14210579084107,129.52142218245032,8874400
2019-05-06,129.3107147216797,129.62680933377706,126.72450335039412,126.9543797113812,9955600
2019-05-07,127.81645202636719,130.23982928719093,127.16510160703008,129.64596257029413,10972700
2019-05-08,129.3011474609375,129.98121788165994,127.69193978004425,127.87393498483334,15423500
2019-05-09,127.9601058959961,130.72831188503906,127.24171318656552,129.33942223662072,15297100
2019-05-10,128.39114379882812,128.65935720102397,125.69956801032733,127.4045522738418,9858500
2019-05-13,125.80493927001953,127.06931756977293,125.04823864449203,125.9581999031542,11389900
2019-05-14,127.58654022216797,128.98501777165194,126.48501059836427,127.89306145548818,12001700
2019-05-15,129.00418090820312,129.51185859287398,126.47543887240856,126.96395532360873,9734100
2019-05-16,129.78964233398438,130.65170791278493,129.1287185695586,129.58848590386955,9689400
2019-05-17,129.3489990234375,130.2493869153256,128.38156874371595,128.60187175479365,8964200
2019-05-20,128.2666473388672,128.73598796222086,127.63445814720863,128.5923152439982,8009000
2019-05-21,128.43905639648438,128.8988383327041,127.50036052091342,128.8988383327041,7050300
2019-05-22,128.20916748046875,128.51567412550668,127.76854682203765,128.18043293923827,5093700
2019-05-23,127.13636779785156,127.92181762927333,126.38924043494465,127.11722117933347,6743300
2019-05-24,127.19383239746094,127.67276092682454,126.64786147417061,127.49078036288698,4570100
2019-05-28,127.03099060058594,128.39114578602948,127.00225605985908,127.59613733826923,8938400
2019-05-29,126.02526092529297,126.58080516055946,125.26854565992363,126.3988245956212,7749600
2019-05-30,126.62870025634766,127.08846755218707,125.8049426011102,126.32219359770099,5274000
2019-05-31,126.47542572021484,127.3279178242745,125.26853122036528,125.44095307219362,7420700
2019-06-03,126.88731384277344,127.34708109545102,125.94861810563327,126.4562811299046,7901400
2019-06-04,129.13829040527344,129.19575948793454,127.31835329848838,127.8260163496458,8247500
2019-06-05,130.21107482910156,130.2685439070132,129.25321788860882,129.70341181989937,6842800
2019-06-06,131.42758178710938,131.64788483216978,130.00994272702906,130.7570701109207,6027300
2019-06-07,132.2225799560547,132.91223819716703,131.54250963945742,131.8011351338092,7026300
2019-06-10,131.29345703125,133.027175744227,130.3356000967224,133.027175744227,8479500
2019-06-11,129.38734436035156,131.94482117293637,129.25324494524097,131.79156052259853,6352200
2019-06-12,130.00035095214844,130.53674852431726,129.1382855134111,129.3968963755897,5537000
2019-06-13,135.7666473388672,135.87201218643227,131.81069351706742,132.13636136745512,17939500
2019-06-14,135.680419921875,136.92563677723976,134.6076249034615,136.0635714396912,11125200
2019-06-17,135.02911376953125,135.51761561878337,133.2474990156706,134.8758531289168,8542700
2019-06-18,133.37200927734375,137.4620480009745,133.11338380398186,136.00611593522305,11231400
2019-06-19,134.981201171875,135.12488848544785,132.73981939121677,133.6306193492717,6877100
2019-06-20,136.0348663330078,136.23600813460797,134.01378731345594,135.99654386506742,8485800
2019-06-21,134.3202667236328,136.01567750037458,134.09996373276368,135.9677817330371,14150000
2019-06-24,133.35284423828125,134.55016541222378,131.992689138571,134.21490963722508,10497400
2019-06-25,134.04251098632812,134.4927049458149,132.8260285033061,133.16128429977087,14675400
2019-06-26,134.48312377929688,134.80880628378748,133.63063159065877,134.44481592827728,8842100
2019-06-27,133.4295196533203,135.7666937134587,133.06552921635853,135.05787407720203,6466300
2019-06-28,133.75514221191406,134.30112768202258,132.76855073522316,133.53483920862288,20078800
2019-07-01,135.680419921875,135.96777990630315,133.3528347410523,134.53099459989826,8972400
2019-07-02,136.5233612060547,136.83945577958724,135.31646661089812,135.44097808599517,7554100
2019-07-03,136.95440673828125,136.97356797306222,136.01571085436947,136.68620791430646,4150900
2019-07-05,137.29171752929688,137.7157869725535,135.60508705668573,136.29901619906008,5596000
2019-07-08,135.9135284423828,137.07970489297392,135.86533605129367,137.03151250188478,4993900
2019-07-09,136.4821319580078,136.5881493137931,134.68948420961553,134.98825638330592,7396300
2019-07-10,138.34225463867188,139.02655124031085,136.86765877255382,137.24353586183386,9533700
2019-07-11,138.3615264892578,140.07706948480578,138.34224659429353,138.79522853532313,10471100
2019-07-12,139.6337432861328,140.16381542656393,138.78560433144008,138.9301667867846,8510000
2019-07-15,139.80718994140625,140.09632949983734,138.75666376181385,139.87466221108133,5289200
2019-07-16,139.07472229003906,139.73973889356333,138.60246049904006,139.5084242947833,5854700
2019-07-17,137.40737915039062,139.4409594429454,137.21460962135674,139.3638692788322,5296400
2019-07-18,136.50140380859375,137.30135022670206,135.09426577892452,137.30135022670206,8031700
2019-07-19,134.785888671875,137.08934364219914,134.6798713005943,137.08934364219914,6109900
2019-07-22,135.74002075195312,136.3182999557321,134.940074226101,136.13517771766038,7706400
2019-07-23,136.14483642578125,137.37848523796595,135.1906946746602,136.52071356845855,7514500
2019-07-24,136.17373657226562,136.46287620339444,135.31596498054344,136.27975394680445,5896600
2019-07-25,138.02418518066406,138.0434503660232,135.93275077557695,136.27971529327016,7294400
2019-07-26,139.41204833984375,139.9325025434053,137.869995036005,138.53501168152783,8139400
2019-07-29,141.08905029296875,141.8215245305835,139.91322671005372,140.31801626554483,11674100
2019-07-30,139.68190002441406,141.48419503291595,139.3734952638346,140.48184647197112,6563100
2019-07-31,137.83143615722656,139.74938123532712,137.1856994017858,139.73974864121624,9710700
2019-08-01,136.71343994140625,139.2963867299771,136.1447934026917,138.149475765556,8911700
2019-08-02,136.5785369873047,137.07006405183907,134.87262644788802,135.88460777487256,6539100
2019-08-05,133.29200744628906,135.15211295919525,132.06799142889005,134.10158659057203,10669700
2019-08-06,136.7327117919922,136.80981666042751,133.3594510057585,135.32558838523468,18818900
2019-08-07,129.97657775878906,130.94999929934653,127.47072061836587,130.04403533771273,29084500
2019-08-08,132.8968505859375,133.00286795299067,131.08492275130206,132.90648318066906,14054800
2019-08-09,133.50404357910156,134.19797276897285,131.807765689971,132.13546509525864,8811900
2019-08-12,130.83432006835938,132.5884226155682,130.3331458111213,132.33782813382467,7918900
2019-08-13,132.0487060546875,132.92575744439887,130.1114957456142,130.1114957456142,8145400
2019-08-14,128.03933715820312,130.25603944615193,127.87548013452981,130.16930199097106,11797700
2019-08-15,128.57907104492188,129.41756261909876,127.67310719379951,128.66580850992284,7590100
2019-08-16,130.30426025390625,130.5933998738441,128.98387412723406,129.16699637673645,6353800
2019-08-19,130.39100646972656,132.63663658950176,129.41758488046898,131.83668996008592,11741800
2019-08-20,130.2367706298828,131.11380716267846,128.4344757759548,128.5019480433805,8628000
2019-08-21,130.84396362304688,131.13310320745535,129.1958929925439,129.7356123734396,6325000
2019-08-22,131.15237426757812,131.72100609798918,129.81270849942794,131.26802421105177,6967100
2019-08-23,126.90208435058594,131.49936158119547,126.27562743992972,130.60303024527397,10190900
2019-08-26,129.7356414794922,129.7645539737945,127.75023843738124,129.33085185300627,8093800
2019-08-27,129.61996459960938,131.065647839687,129.33082501034377,130.8536131213089,6013600
2019-08-28,131.60537719726562,131.7788521402135,128.6850980076308,129.20553754272598,5950500
2019-08-29,132.84864807128906,133.6582271545622,132.4438585296525,133.11850776571345,6532700
2019-08-30,132.28965759277344,133.4847611092293,131.8077631483358,133.2823589718149,5622200
2019-09-03,131.37408447265625,131.48010185755246,130.16934814713304,131.43190946328073,5997400
2019-09-04,132.8968505859375,133.1956227913824,131.4511672386224,131.78849923549652,4285400
2019-09-05,133.81243896484375,134.2268758131353,133.31127935673615,133.8895438367643,5143500
2019-09-06,134.4967498779297,134.74732970874902,133.24382131132862,134.09196028679744,4090000
2019-09-09,133.80279541015625,135.00753136100806,133.46546346141798,134.52563698066734,5458700
2019-09-10,130.87289428710938,133.42694381347746,129.70671789990635,133.11852429227363,10974600
2019-09-11,131.25839233398438,131.30658471277772,130.04400909588867,130.65120071493652,7896400
2019-09-12,132.52098083496094,133.64861214349725,131.595736970744,131.88487659745257,7333900
2019-09-13,133.02215576171875,133.21491061157676,132.14510428267454,132.8583134040268,5209100
2019-09-16,130.88255310058594,132.2704116555706,130.40065858600812,131.35480031286997,6329300
2019-09-17,131.37408447265625,131.77887411328157,130.75726006223852,130.88255734609422,4726500
2019-09-18,131.8463134765625,132.1065405756323,130.8054197865337,131.47043642512853,6857900
2019-09-19,128.4730682373047,132.38604896834022,128.1839286149679,132.03908436278647,12216100
2019-09-20,127.48033905029297,128.40556799280253,126.84423496091209,128.2128131886338,25231600
2019-09-23,127.66348266601562,128.07790482914967,127.11411594046432,127.21050071183339,6096100
2019-09-24,127.19122314453125,129.29227590132427,126.73824118205724,129.1573460426885,11904000
2019-09-25,128.27064514160156,128.588697203605,126.46836482983184,127.01771678692889,6523000
2019-09-26,126.51658630371094,128.4730767996225,124.38660614033391,128.31886702993168,11615100
2019-09-27,125.25399780273438,126.25633167505356,124.25164922416532,125.38892764528215,8401300
2019-09-30,125.60096740722656,126.12140690477011,125.11907299213975,125.62987989563173,5532500
2019-10-01,124.85884857177734,127.0080935914727,124.820288782242,126.06358463536792,5978500
2019-10-02,124.46369171142578,124.54079658430639,122.95054350848955,123.85650002889777,8296100
2019-10-03,123.50953674316406,124.7431853096281,122.92163230240817,123.94325349592563,8498700
2019-10-04,125.55278015136719,125.71662249443709,123.95288709844786,124.02999197276034,6732900
2019-10-07,126.15996551513672,126.80571704209625,124.36731751054128,125.55278848727113,5784100
2019-10-08,123.81794738769531,125.33108814514357,123.72156262591523,125.19615830240136,6526000
2019-10-09,124.64681243896484,125.14798675350302,123.42279649444399,124.42514512352032,5004600
2019-10-10,124.65644836425781,125.42748239809349,124.21311372152172,124.5407984063703,4512000
2019-10-11,125.31184387207031,126.24672033361657,125.13835421316105,125.58170360259372,6559000
2019-10-14,125.00341033935547,125.58168952924483,124.79137561681276,125.41784719023467,3710300
2019-10-15,125.06124877929688,126.15033499811442,124.71428416926445,125.30219601664574,5914700
2019-10-16,126.12142181396484,127.05629826624786,125.00342310930132,125.06124809294732,7610800
2019-10-17,127.57672882080078,128.60798997720767,125.78408092304065,127.73093857047397,8005100
2019-10-18,126.15032958984375,128.33813452892718,126.15032958984375,127.57673305604607,8694000
2019-10-21,125.54312896728516,126.95989973816917,125.31182905775346,126.68040744540151,6257100
2019-10-22,127.60564422607422,128.8392928391434,127.31651932164512,128.32848589965,9291600
2019-10-23,126.38162231445312,127.87548309801713,126.02501048003056,127.6538158053349,5970800
2019-10-24,125.54312896728516,126.93098724947771,124.93595199851386,126.75751231732895,5746300
2019-10-25,126.15996551513672,126.98882458621314,125.32147384897584,125.77445582422993,6696000
2019-10-28,125.80335998535156,127.29723567463571,125.42748291441887,126.6900439807248,8940300
2019-10-29,124.79137420654297,126.03467003887936,124.75282912390293,125.77444293574491,9305100
2019-10-30,124.90705108642578,125.59133299054494,124.47333430335502,124.99378856053914,10880000
2019-10-31,125.21544647216797,125.43711379141351,124.08781527480913,124.83956940638168,9628300
2019-11-01,127.9429702758789,127.99116265979418,125.78407795023149,126.24670718831717,8507600
2019-11-04,128.1068115234375,129.28263509093657,127.67310948440112,129.26335519628475,7631800
2019-11-05,126.69003295898438,127.96224121530881,126.15031359190728,127.96224121530881,7404500
2019-11-06,126.51658630371094,126.89246342592416,125.92867442473607,126.83463843885337,9132500
2019-11-07,128.14535522460938,128.85854946843034,126.97916439772142,127.55744351466977,18047600
2019-11-08,132.9643096923828,135.17137957983473,131.78848617657872,135.1424670922535,24175900
2019-11-11,131.78851318359375,133.5426015167327,131.27770618998025,132.52098752950573,10138400
2019-11-12,133.56187438964844,134.2943486970351,131.78850625202665,133.03178752616034,17284000
2019-11-13,143.33468627929688,144.4912300171977,131.8848694497002,133.5618674287199,45725400
2019-11-14,141.821533203125,145.17552922158197,140.98304155163666,142.64075966478154,28393600
2019-11-15,139.43133544921875,141.86972013814577,138.9880008000963,141.81189515836903,13733400
2019-11-18,142.3034210205078,143.64308696388784,138.4868253241702,139.50843917514695,15353100
2019-11-19,143.0070343017578,144.06719350978364,141.484245727725,142.81426471279414,11504300
2019-11-20,141.6094970703125,143.5949145723176,140.74209293636736,142.72749573212081,9448400
2019-11-21,141.58056640625,142.12993307181617,140.96374217309224,141.83116090194673,6241400
2019-11-22,142.9202423095703,144.02860831247898,141.36854167049881,141.87936329151376,9639400
2019-11-25,144.26954650878906,144.7707207979667,142.351601520037,143.41177507286474,11316800
2019-11-26,146.14894104003906,147.85485142712503,145.1562396982251,146.2549584020896,24949900
2019-11-27,145.9947509765625,147.04529214442104,145.67669884753224,146.78506500135032,6155400
2019-11-29,146.09112548828125,146.94889703430974,145.54175874777616,145.99474071428858,6284900
2019-12-02,145.16586303710938,147.43077257912537,143.70091466285848,147.40186009188685,10351000
2019-12-03,143.19976806640625,143.71057504806916,141.55168244384572,142.39018885466723,9273800
2019-12-04,142.91062927246094,143.92261064621357,142.81424449162628,143.89369815321373,7684800
2019-12-05,142.1010284423828,143.4406943372055,141.77334376739034,143.30576448831152,7363300
2019-12-06,142.31307983398438,143.22867639489604,141.85045054965343,143.02627424471973,7084900
2019-12-09,140.9155731201172,143.13227569266914,140.13489180451123,142.6022035943419,11515000
2019-12-10,140.80955505371094,141.5323966818999,139.79757383299628,139.99996125338885,7084100
2019-12-11,142.24560546875,142.5347450906663,141.44565888749085,142.05285062288985,8253700
2019-12-12,142.40945434570312,143.53708568719767,141.9179272603089,142.5636641119552,7748300
2019-12-13,141.92465209960938,143.30142993392485,141.85677558094056,142.94268152477045,9350100
2019-12-16,143.94134521484375,144.12554977770762,142.0894761318847,143.0978152525267,9134400
2019-12-17,143.23355102539062,143.94134273244632,143.12689849380405,143.59229942855924,8776100
2019-12-18,141.8083038330078,143.44686795642068,141.74044210421573,143.2723536872183,9467800
2019-12-19,141.70164489746094,142.33186980575545,140.89692052219928,141.730730607682,10243900
2019-12-20,142.40945434570312,143.37901759196882,141.33323855057375,142.6712257702549,12629900
2019-12-23,140.27639770507812,141.87618587344525,139.9370594592018,141.46897110177738,9314000
2019-12-24,140.8678436279297,141.00358189649828,140.05341401651816,140.1794619781753,3508500
2019-12-26,141.26536560058594,141.42049927456495,140.75149825059665,140.9744936604656,4422000
2019-12-27,141.3138427734375,142.05070551270123,141.02297084144672,141.60471470542828,5495300
2019-12-30,139.39410400390625,141.43017782680408,139.03535556335078,141.31383497816998,6602800
2019-12-31,140.22792053222656,140.36365877894852,138.8996089810624,139.29713341587646,5662900
2020-01-02,143.68927001953125,143.68927001953125,140.6836328351961,140.8678374245718,9502100
2020-01-03,142.041015625,143.39839825247742,141.60471512290806,141.94405338259688,7320200
2020-01-06,141.21688842773438,141.5853272151487,139.91767715913684,141.1102358731861,8262500
2020-01-07,141.26536560058594,142.39975285212986,140.99388906830336,141.54654723396808,6906500
2020-01-08,140.97447204589844,141.68226377702175,140.4121384540754,141.06174397060678,6984200
2020-01-09,140.4218292236328,142.16704580818273,140.2085241525012,142.01191215747625,6664200
2020-01-10,140.2182159423828,141.07143623594297,139.86917262177724,140.87752656768637,5152500
2020-01-13,139.5007781982422,140.34429357048015,138.99660111864176,140.34429357048015,9921300
2020-01-14,140.78057861328125,142.25431887133365,137.95914605178777,139.04506693399733,14839100
2020-01-15,139.9273681640625,141.27506042066148,139.54922431337178,141.27506042066148,6818200
2020-01-16,140.70301818847656,141.00358043759996,140.0437222606396,140.6739324736815,6948400
2020-01-17,139.93704223632812,141.20716751423814,139.62677494694256,141.1102052877155,10355300
2020-01-21,139.1904754638672,140.1891242675426,138.65721280307966,139.8497860611205,9250200
2020-01-22,139.62680053710938,140.38305870064193,139.1711046187806,140.05341074102236,7550000
2020-01-23,137.87188720703125,139.23897490067307,136.36906125408632,139.2292845944231,11082000
2020-01-24,135.81642150878906,137.92037198090733,134.96320111664485,137.0962373026443,13076300
2020-01-27,131.76364135742188,133.53794390179274,130.89104033956926,131.72486533646986,12831800
2020-01-28,134.15846252441406,134.7014155787575,131.72486408642433,132.345383976297,10390000
2020-01-29,131.91876220703125,134.45901297176465,131.6569760093774,134.3814609373989,9382700
2020-01-30,133.61549377441406,133.65428458480255,130.72619976356785,130.97828085365532,11847300
2020-01-31,134.10028076171875,134.44932409752013,132.88832678940278,134.1875378970791,12379100
2020-02-03,137.0186767578125,137.50345835155903,135.49645545215552,135.53523147013675,12639900
2020-02-04,140.32489013671875,141.15871515383736,138.88994061691983,141.06176770192596,23519700
2020-02-05,137.06715393066406,142.81667178064373,134.35238862629598,142.13798045455172,27824100
2020-02-06,138.35665893554688,139.56861287645805,136.92170961192875,137.60040085996707,9504600
2020-02-07,136.72779846191406,137.66827589344118,135.85518275727722,137.57131366147283,10948900
2020-02-10,138.25001525878906,138.25001525878906,136.1848556712644,136.73749901067728,8162100
2020-02-11,136.7180938720703,138.63783955281647,136.18484597733368,138.50210130417014,10790100
2020-02-12,137.53253173828125,137.89126535130956,136.58234924775195,137.03804508858406,8168200
2020-02-13,136.6114501953125,137.58101340406378,136.53389815764962,136.87323640409628,7543100
2020-02-14,135.2928466796875,136.9798920267927,134.89533699888133,136.80537774658913,9110500
2020-02-18,134.905029296875,135.40920632661891,133.8966900317482,134.78868644168833,8214900
2020-02-19,136.99928283691406,137.55192616670928,134.9922799157517,135.38011407156972,7080900
2020-02-20,136.09759521484375,137.31925443699888,134.6238696558949,137.31925443699888,5981700
2020-02-21,134.7401885986328,135.62249459259576,134.36205957184285,135.6030991876847,7725800
2020-02-24,128.9615936279297,130.3480766725049,127.21639173424688,128.8549410860393,19336500
2020-02-25,124.2883071899414,129.8632955098677,124.08469980852745,129.679076137416,21032500
2020-02-26,119.60531616210938,124.46282243639405,118.41275017914397,122.2813126478312,31195900
2020-02-27,114.4472427368164,119.15932055145504,114.33089248808176,116.16336637186565,30827500
2020-02-28,114.0691146850586,114.70902256581516,109.76425160709846,111.02468675608797,35389900
2020-03-02,116.32818603515625,116.32818603515625,112.49840728460842,115.50405146794323,21775900
2020-03-03,112.90563201904297,118.07340566583282,111.64520429357874,117.46258351098956,19529700
2020-03-04,115.55254364013672,115.61071506562719,111.96516272273996,115.33923855043136,13842100
2020-03-05,110.51081848144531,113.40011271922722,108.69773260672235,113.30315787717997,22397200
2020-03-06,111.76155090332031,112.34329476237505,106.96221584638184,107.3888260371072,22899600
2020-03-09,101.17391204833984,107.06885770721713,101.10604292451507,105.38181991701558,26233600
2020-03-10,108.06751251220703,108.18386275825293,99.3123580704121,104.80977959472332,24083700
2020-03-11,102.29861450195312,105.5854331324346,99.72927056264156,105.12003954532054,24771300
2020-03-12,89.01559448242188,96.95631940912702,88.8507705147496,94.64876167017465,40392900
2020-03-13,99.39961242675781,99.73896545227126,89.44220197639427,97.71257459077115,40960100
2020-03-16,92.11820220947266,95.2886706361376,87.26068847956633,89.00590520802974,35379500
2020-03-17,90.68324279785156,94.49362638088624,88.37568509864526,92.88415535295042,27526200
2020-03-18,86.09719848632812,86.62075600366698,76.66334711803172,84.92402073144797,43592500
2020-03-19,92.0406265258789,94.4354485962714,82.51951706111593,85.32155386326001,30866800
2020-03-20,83.363037109375,94.0379213244541,83.22729147238543,93.06835824170678,31957800
2020-03-23,83.14973449707031,84.62346717150102,78.62186914540085,81.91838520328736,32246600
2020-03-24,95.133544921875,96.15158185506944,89.00590572452755,89.51977304278478,32538100
2020-03-25,97.66410064697266,102.69612843199594,92.60297975343326,97.59623152146152,28533000
2020-03-26,102.15318298339844,104.45105051225421,97.73197700097259,97.76106271446007,24520300
2020-03-27,93.46589660644531,98.40096988356301,92.63207163905648,97.39262323934442,30591500
2020-03-30,96.76240539550781,97.402313228415,89.29676469705868,93.07806246409865,23119200
2020-03-31,93.65979766845703,100.02013688497999,93.23319491774137,97.16961889164226,21563200
2020-04-01,92.03093719482422,94.43545718626666,89.7427674503997,90.65415922575629,18303900
2020-04-02,94.01853942871094,94.29971362864535,91.33284537251178,91.33284537251178,13936500
2020-04-03,91.02259063720703,93.97006365559494,89.88820346748102,93.37862951127347,14814600
2020-04-06,96.54910278320312,97.14053691198102,91.64310808551808,94.29971651212627,20407400
2020-04-07,98.15857696533203,102.66704735547454,97.19871146200498,101.66839843622172,22899600
2020-04-08,97.99374389648438,99.23478350215338,95.6474029296927,97.47017892587161,22562500
2020-04-09,101.31935119628906,104.70312458608393,100.37887373847808,104.63525546011716,31453600
2020-04-13,100.34979248046875,101.67809674440285,96.57819217611734,101.52296307977684,17306000
2020-04-14,102.80277252197266,104.36376967760523,100.73760581786524,102.2889052714562,19866900
2020-04-15,100.2237548828125,101.68779005071833,99.57414188950051,101.21270613384998,14157600
2020-04-16,98.91482543945312,100.56308716829368,97.81922178578945,100.37886780990138,18029300
2020-04-17,103.38451385498047,103.53964750637577,101.17391110285482,102.97729911583725,17926900
2020-04-20,99.14753723144531,101.66840013120552,98.89544872231518,100.4273603896116,17021000
2020-04-21,97.47988891601562,98.42036644119473,96.11280119866939,96.96602158300365,16101400
2020-04-22,97.91618347167969,99.50626649501906,97.81922863312096,98.70153467751952,11463800
2020-04-23,97.92587280273438,99.40930315768254,96.43274474560542,97.58652719820039,17132200
2020-04-24,98.11009979248047,98.81787676598547,96.49092367254691,98.68213851360971,13614100
2020-04-27,102.83186340332031,103.27786155633754,98.51731042519086,98.89543945486155,15518300
2020-04-28,102.97731018066406,106.71012715159097,102.75431477929719,105.4787850993475,16503700
2020-04-29,108.8334732055664,109.26977370275218,105.25578249879347,106.59378449823333,20139800
2020-04-30,104.8582534790039,106.95250598308601,103.60751615972475,106.10899079828305,18638700
2020-05-01,102.28892517089844,103.6560129347297,101.29027618453242,103.12275017638827,13209100
2020-05-04,100.0395278930664,100.66974543121694,97.48957942617541,98.90514076270341,19514800
2020-05-05,97.98404693603516,101.97864966956114,97.8289206827417,98.42035478010592,30169800
2020-05-06,97.80952453613281,102.06590602608055,95.8510102954297,98.39126832381568,51992400
2020-05-07,102.35678100585938,102.39556441935281,98.73061691179045,98.75000491994727,20868800
2020-05-08,105.83751678466797,105.85690479286856,103.38451580663539,105.73086424661527,24079700
2020-05-11,104.48982238769531,105.49816899928894,103.17122324642072,105.10065193542634,20555900
2020-05-12,101.37752532958984,106.10899845666803,101.30965620180865,105.74055970827284,17049700
2020-05-13,99.78743743896484,101.35813240205788,98.50761437920823,101.3193489884677,21085800
2020-05-14,102.68644714355469,102.69613745006444,96.62667684371827,98.87606328313032,22002200
2020-05-15,105.73086547851562,106.05081569922181,101.09634736351914,101.78474371612727,29766000
2020-05-18,113.29346466064453,116.13428528849954,110.98590678093898,110.98590678093898,40044600
2020-05-19,110.88894653320312,112.92502778636705,109.967857049195,111.5967235311622,20332600
2020-05-20,116.27001953125,117.19110902827438,112.50811690179408,112.87654826229564,25749900
2020-05-21,114.2436294555664,116.63845165558129,112.95410867137687,115.70766450808425,17578300
2020-05-22,114.42784118652344,114.96110388478452,113.27406605320019,113.92367159676922,9288200
2020-05-26,117.26866149902344,118.78118506200627,116.76449190948242,117.36562373297892,16466400
2020-05-27,117.83101654052734,120.01253377807505,116.06641178204265,119.91557893584232,19345400
2020-05-28,113.19650268554688,118.26732143534176,112.4693302914213,117.89888268812287,18606000
2020-05-29,113.72976684570312,114.16606732885212,110.64655555953354,112.65355109694335,17745100
2020-06-01,115.15502166748047,116.00824204478086,113.37102887345316,113.69098651494079,10538300
2020-06-02,115.1356201171875,116.20213806620553,114.24362382507638,115.37801089638158,10753100
2020-06-03,118.46123504638672,118.72301386220056,115.68828363298495,116.33788921797296,12584300
2020-06-04,119.92527770996094,120.71062155539228,118.14127752879324,118.23823237189161,14195100
2020-06-05,121.02086639404297,123.92955570721226,120.49730143001096,122.46551334837348,16581600
2020-06-08,123.406005859375,123.56113952572606,120.16766824469029,121.29235773701409,13858100
2020-06-09,120.11917877197266,121.9613502473011,119.75074743577889,121.80621659173751,10882800
2020-06-10,118.46123504638672,120.32279466180626,117.24928101595518,120.24522782853535,11497100
2020-06-11,109.21159362792969,114.40845275146556,108.8334645877289,114.0206260084653,26078800
2020-06-12,111.974853515625,113.43889604000131,109.45399063861659,111.66459358302674,18361900
2020-06-15,113.51646423339844,114.52481087572697,108.3099070487201,108.66864810519229,14156400
2020-06-16,114.83505249023438,117.80191312023935,112.51779734244185,117.54982465058258,12951200
2020-06-17,114.0691146850586,115.60102635298607,113.57463537003281,115.02898020478364,8921600
2020-06-18,114.76719665527344,114.92232291804763,112.40146012123162,113.32254218637476,9577300
2020-06-19,110.86954498291016,116.46392851394246,110.86954498291016,116.32819026439871,23496300
2020-06-22,112.39176940917969,112.65355562734108,109.66729906209135,110.71442914037587,12868000
2020-06-23,113.04136657714844,113.87519149613703,112.44024214521245,113.40010761346957,10187600
2020-06-24,108.65895080566406,112.46933459248638,106.68104093034145,112.32389862866347,22252500
2020-06-25,107.9705581665039,108.11599412543175,105.19760683241873,105.67269072754824,17240400
2020-06-26,105.77935028076172,107.81543164913874,104.73222018370588,107.57304083392289,15270900
2020-06-29,108.12568664550781,108.17416776520322,104.80978222051802,105.68239059477331,12584300
2020-06-30,108.1159896850586,108.63955467738772,106.58407812200447,108.10629198228033,10565900
2020-07-01,109.5703353881836,112.08150043581138,108.8722487255779,109.38611601966824,11930900
2020-07-02,108.7656021118164,111.59672493359167,108.591080436656,111.49977009120929,10312000
2020-07-06,110.94710540771484,111.0440602379109,109.46367505389487,110.36536902935909,11933400
2020-07-07,110.17146301269531,111.57733408155639,109.18251181010005,110.17146301269531,10836500
2020-07-08,113.10924530029297,113.5649337859788,109.37642110090874,110.02603406009001,13629500
2020-07-09,113.25467681884766,114.26302345048141,111.86820112499879,112.9638122925485,13582900
2020-07-10,115.70767211914062,115.80463435971869,112.67294187742945,113.2740737419836,14207900
2020-07-13,112.68263244628906,116.47362058252367,112.36267482587293,116.28940861088581,15620200
2020-07-14,115.04837036132812,115.45558512115144,111.05376740119172,111.72276836174433,12425100
2020-07-15,117.2201919555664,118.37396712950869,116.05671168126695,117.92796894670694,15314200
2020-07-16,115.79493713378906,116.33789017679955,114.02063464329068,114.13698489415596,10210100
2020-07-17,115.03866577148438,115.92096436494901,113.49705656275667,115.28105655170361,9843500
2020-07-20,114.20484924316406,114.88354051851269,113.26437176362376,114.45693774422789,8947900
2020-07-21,115.00959014892578,116.72571376864056,114.07881035890655,114.45693941743997,8946300
2020-07-22,115.4071044921875,115.66889069402569,114.34058647029352,114.59267496909102,7063300
2020-07-23,114.5248031616211,115.71736170641101,113.4485874618761,115.24227782905778,7255800
2020-07-24,114.03032684326172,114.61206327515035,112.01363364201303,112.17845760823181,8233300
2020-07-27,112.76988983154297,113.84610554102427,112.15906769799139,113.6328004602723,9413000
2020-07-28,112.64384460449219,113.28375242299302,111.18949991123252,111.94575796817881,6821100
2020-07-29,112.09120178222656,113.1577198193505,111.60642018379022,112.68263592409332,9496500
2020-07-30,112.13967895507812,112.75050108463005,109.91937842470385,111.41250658301065,9713500
2020-07-31,113.3807144165039,113.4873669522276,110.64654669478098,111.71306465483836,9601000
2020-08-03,112.80868530273438,113.55525316515791,111.83912203000406,112.63416361775569,10229200
2020-08-04,113.72007751464844,114.74781221997455,112.23664688611372,112.43055658241575,17293900
2020-08-05,123.7259521484375,126.34376965193528,119.52774200198083,119.61500653059325,53000200
2020-08-06,126.83826446533203,127.62360828738645,121.78683370213177,123.09574253794916,27238000
2020-08-07,125.975341796875,127.92417333318943,124.74400716211663,126.25652341489996,16088600
2020-08-10,124.87004089355469,127.32304945684557,124.57918376234612,125.80082809650418,8529200
2020-08-11,126.51831817626953,128.7192161776373,126.04322684143547,126.55709419808623,13885700
2020-08-12,127.77871704101562,128.95189492541903,126.51829682084094,126.69281108110177,12204200
2020-08-13,126.97399139404297,128.3216835251572,126.47950473955741,126.66372409755328,6468600
2020-08-14,126.55708312988281,127.0903458479856,125.7911347125063,126.05290612418922,6507600
2020-08-17,125.43238830566406,126.17895612313096,124.62764906243414,126.1401801040758,7492200
2020-08-18,124.99608612060547,125.6456916900718,124.45313309504319,125.50026312763919,6714600
2020-08-19,123.8810806274414,126.2565147872128,123.55143270653768,125.3160373465948,7624200
2020-08-20,124.2204360961914,124.54039373690674,122.67883411358545,122.94062032769087,4918100
2020-08-21,123.5611343383789,124.40464957291417,123.35752695772625,123.83261084591577,6064700
2020-08-24,126.71220397949219,126.89642333569631,124.03620775073196,124.24950541922479,7613600
2020-08-25,125.839599609375,127.10003471212993,125.37421342174677,126.847953609323,5494400
2020-08-26,128.1568603515625,128.56408992628315,125.57783340928337,126.04321961621453,8447800
2020-08-27,129.65966796875,132.20962363132568,128.777376799981,128.95189105500387,13667600
2020-08-28,131.4145965576172,132.63625572251556,129.5142608701148,130.406257285892,11020100
2020-08-31,127.85628509521484,131.4145800035494,127.25516068939135,131.13341320563947,11617500
2020-09-01,129.48516845703125,129.54333988199568,126.90612679163296,127.90477570514967,7351200
2020-09-02,131.26914978027344,131.78301704858367,129.2039756074755,129.56272402082425,8187800
2020-09-03,129.1846160888672,133.06286918892414,128.0017477098009,131.12374263889566,12079200
2020-09-04,127.97264862060547,130.7746856007797,125.48086416294316,129.67907448032085,11248300
2020-09-08,130.11537170410156,132.9658897307307,126.87703433541604,127.97264542854673,17257300
2020-09-09,129.30093383789062,131.42427936492348,128.2344085247458,130.19293010235785,8891800
2020-09-10,129.1652069091797,132.58776372151348,128.69982072921417,129.5142502427438,9853400
2020-09-11,127.73995971679688,129.669395933366,127.10004441348917,129.669395933366,7165300
2020-09-14,127.25517272949219,128.88403183913658,126.91581968446928,128.4962124685624,8391900
2020-09-15,127.24549102783203,128.50591146461045,127.02248082002887,127.45879613438012,7289100
2020-09-16,128.06961059570312,129.5530412362432,127.40060956283963,128.14717743372398,6601000
2020-09-17,126.25651550292969,127.75934135532827,124.68582792260017,126.57647312010046,6723500
2020-09-18,124.71491241455078,126.80915756973022,124.22042574086656,125.55842761879862,9916300
2020-09-21,121.59292602539062,123.02787543741208,119.82831387741841,122.14557676060623,10352700
2020-09-22,123.33812713623047,123.59021562585298,120.90452156419497,121.44748195701112,6978800
2020-09-23,119.52774047851562,123.42538837078612,119.15930915519606,123.20238559800086,8323600
2020-09-24,118.76179504394531,120.0319278740185,117.1038428491764,118.21884201562715,8480000
2020-09-25,120.22584533691406,120.41006472509264,117.29776751975841,117.66619889893487,6851800
2020-09-28,122.15526580810547,122.99878845724007,121.5541413567688,121.92257271072289,6283700
2020-09-29,121.58322143554688,122.44613205398731,119.91557162102114,122.08739102271102,7405800
2020-09-30,120.30340576171875,121.7286648745068,119.48896881276258,119.48896881276258,13642500
2020-10-01,119.55683898925781,121.65109910733386,118.69392831019324,121.13723178128197,8908300
2020-10-02,118.81997680664062,119.91558059365958,117.9861518369871,118.27701636770645,6490200
2020-10-05,119.61502075195312,119.83801615691357,118.60667408482703,119.50836820273533,5919200
2020-10-06,117.24927520751953,120.41005323351304,116.9390152869863,119.38231123653797,9052000
2020-10-07,119.16901397705078,119.55683333121762,117.2492756263329,118.23822681494634,10187800
2020-10-08,119.34353637695312,119.98345166983891,118.69393077757914,119.81862769337337,7404600
2020-10-09,121.17601776123047,121.7286685156608,119.57623692561195,120.08040655886153,11502200
2020-10-12,121.16631317138672,122.10679065027205,119.96405688567214,121.09844404389914,10958200
2020-10-13,125.03487396240234,127.36181967219339,124.00713196349196,125.8493034813932,22389000
2020-10-14,122.73699188232422,125.55842411382945,121.47656426389082,125.20938079864983,11531500
2020-10-15,123.48356628417969,123.52234969875472,120.64274589188273,121.1953966045121,7744000
2020-10-16,122.95030212402344,124.22042749829775,122.48491594899492,123.91986528537602,6291700
2020-10-19,120.44884490966797,123.52235861406822,119.94466788098308,123.49327290033266,6576900
2020-10-20,121.14691925048828,121.90318476242538,119.8767938217135,120.78818559958987,6161200
2020-10-21,122.7757797241211,123.67747375466838,120.07069763247921,120.57487461578513,6591500
2020-10-22,123.6774673461914,124.20103970789957,122.13586555939533,122.81455677424024,5177700
2020-10-23,124.44343566894531,124.5888642230572,122.50430198035609,124.20104488251913,5439900
2020-10-26,120.28400421142578,123.2411748316269,119.20778850356109,123.2411748316269,8578900
2020-10-27,119.55683898925781,120.81727414149029,119.28536246962136,120.25492569528316,6813800
2020-10-28,114.86415100097656,117.83101196165248,114.71871504468892,117.326842363326,11654700
2020-10-29,117.84070587158203,118.89752615204051,113.66189107165063,114.56358509499418,9583700
2020-10-30,117.55953979492188,118.04432140232362,115.46527970029982,116.96810564211734,8090200
2020-11-02,116.47362518310547,119.18840511666376,116.16336525331427,118.51940413794699,9186000
2020-11-03,120.24522399902344,121.26326831103587,117.67588745407987,117.90858054930152,8144900
2020-11-04,121.26325988769531,122.99877877110815,119.65378894487277,119.81861290098973,7483000
2020-11-05,123.09574127197266,124.70521231504986,121.97105182215174,122.92121960251319,7654800
2020-11-06,123.58052062988281,124.14286164603152,120.81726707774025,122.41704778598488,6259700
2020-11-09,138.25001525878906,143.18508847187087,133.8676001794807,135.99093119280036,35634700
2020-11-10,137.78463745117188,138.03671857642576,133.4797741477872,135.709772636718,18115400
2020-11-11,133.6251983642578,137.67796516718238,132.46171076679414,137.16409788919165,9600900
2020-11-12,131.3952178955078,134.27482197786625,130.01843983368994,132.19025208022572,13768200
2020-11-13,134.1487579345703,136.89262342252798,132.36476529042952,136.61144182437778,21062300
2020-11-16,140.26669311523438,140.33456963411388,137.26105635584554,137.26105635584554,16382500
2020-11-17,140.1018829345703,140.42184056711437,138.2209279522957,140.0049206964562,9354900
2020-11-18,139.52012634277344,141.05203783992846,138.98687846496475,140.10187012956717,9456200
2020-11-19,137.40650939941406,138.9384211590803,137.3871139913682,138.2306441062039,8892500
2020-11-20,136.77627563476562,138.26939632126061,136.5726608712459,137.3967954361395,8481600
2020-11-23,141.5368194580078,143.2529503148602,137.3870905072242,138.11426284384785,12887000
2020-11-24,146.87911987304688,147.23785348714182,143.3499107681326,143.6504729631158,16711700
2020-11-25,144.5521697998047,145.69626203612447,142.75848680776187,145.69626203612447,9552000
2020-11-27,142.65182495117188,145.7738193454775,142.07008116806986,144.46490323067746,5306400
2020-11-30,143.5050506591797,144.16436135927333,141.83740069315357,142.5839685347069,9710100
2020-12-01,144.8915252685547,146.7918608333306,144.46491509848167,145.01757321726538,8825500
2020-12-02,148.93460083007812,149.32242018474685,143.82499872361942,144.9400052584221,10601900
2020-12-03,148.5758514404297,149.73932417548485,147.499635831773,148.77945140202613,9063200
2020-12-04,149.44847106933594,149.97202868786331,148.15895023789957,149.01217058816974,6033300
2020-12-07,149.00245666503906,149.1963811290617,147.62567877776337,148.51767509370146,6815500
2020-12-08,149.041259765625,150.1659566545178,147.61600064481587,147.780824617339,7900600
2020-12-09,149.72962951660156,152.66741945942178,149.2060719273458,151.53301755970847,10804300
2020-12-10,149.9817352294922,150.61194539785927,147.85838943380415,148.65343836680682,8993200
2020-12-11,170.37164306640625,173.9881095831196,160.29788222429212,164.51547317803366,87410700
2020-12-14,164.1470489501953,171.90355437211255,163.67195766713328,168.51008325002377,30939400
2020-12-15,168.64581298828125,169.15968026298953,162.7120913743007,165.3008231528385,18802600
2020-12-16,167.85076904296875,169.5281239568907,166.39642430714537,168.6942990499109,11105800
2020-12-17,168.26768493652344,169.51841487040014,166.7260831034505,168.529471125236,9004600
2020-12-18,167.62777709960938,170.48798551322614,167.03634296979493,168.3161734648793,21172100
2020-12-21,165.49473571777344,166.70668964998004,163.07082785336024,164.91299191257045,11424200
2020-12-22,165.2620391845703,166.23160235349636,164.01130920617408,164.82573871742557,6419200
2020-12-23,168.26768493652344,170.5946305413747,167.0557310185052,167.69564623786508,9994000
2020-12-24,168.4422149658203,169.26634962495646,167.13331348846148,168.69431087275458,2721000
2020-12-28,173.41607666015625,174.44381129760114,169.72204319017166,170.40073447958238,13145400
2020-12-29,171.903564453125,174.71529191571528,170.8564343844357,174.5310725340439,6875400
2020-12-30,175.65576171875,177.81788349448215,172.94098182228672,173.06702977144158,11680400
2020-12-31,175.6654510498047,177.81788250764114,174.7831597936978,175.704241862111,7073500
2021-01-04,172.27200317382812,177.0325626140003,169.4117943457149,176.7126049438615,13426600
2021-01-05,173.00885009765625,174.85101415686862,170.83702332517004,170.83702332517004,7771800
2021-01-06,173.6681671142578,176.08238496759864,171.88417425913659,172.89252833854343,7517800
2021-01-07,173.14459228515625,174.47288909087862,172.17502911733325,174.03658862423023,7300800
2021-01-08,173.25125122070312,174.54077205683166,171.22486767579846,173.36759407094135,7894500
2021-01-11,173.63906860351562,175.74301895603054,171.95203811686548,172.3398574761422,6461300
2021-01-12,170.63343811035156,172.89252221073656,169.53782692666266,171.9035635740825,8349800
2021-01-13,170.75946044921875,172.32045774179542,168.45191016906708,169.09181061636568,6839500
2021-01-14,168.15133666992188,172.9216005760855,168.12225095781747,171.62237465986166,8951200
2021-01-15,166.221923828125,168.8882227316354,164.99057437390096,167.68595899099168,12232500
2021-01-19,167.0169677734375,168.42284638585798,166.22193356506878,166.86184889004284,7834700
2021-01-20,168.35494995117188,172.4659031595539,167.73443010786517,169.8868615506016,9809200
2021-01-21,166.06678771972656,169.67356409430872,165.81470660761343,167.96713814710154,8416400
2021-01-22,167.5211181640625,169.91594030367446,166.65820756114204,168.70398637854126,9517200
2021-01-25,166.658203125,167.84107130799293,163.6331709425835,166.658203125,7833700
2021-01-26,164.39913940429688,168.0737923418494,163.90466748148518,167.7344392925883,7523200
2021-01-27,158.06787109375,161.2771225893641,155.63427303742134,159.98760189035335,18239200
2021-01-28,166.64852905273438,167.61809226147616,160.8990115318281,161.11231662130015,14449100
2021-01-29,163.0514373779297,164.64152039328698,160.74387228704342,163.66226691242548,12848800
2021-02-01,165.7662353515625,166.503098119221,162.9157169380591,165.64018739082505,8140400
2021-02-02,171.57391357421875,174.28867874924765,167.54052703651777,168.4810045415673,12215200
2021-02-03,171.06002807617188,172.9991544739213,170.41042250824904,171.61268620082342,5508600
2021-02-04,174.74436950683594,175.85937605141322,171.11821264637877,172.18472327824725,9035400
2021-02-05,175.6460723876953,176.7707692473006,173.87176996116983,176.17933510512543,6640500
2021-02-08,184.21701049804688,184.83753036268695,177.72093992882998,178.25420265493327,16085700
2021-02-09,182.48150634765625,183.48984562120765,180.37754106971212,182.44271553269593,11270800
2021-02-10,183.85826110839844,184.89568596461388,180.15452284985525,184.1975993273425,11464600
2021-02-11,185.09930419921875,185.42895211900625,182.34574840859457,183.42194930066088,17507900
2021-02-12,181.9579315185547,187.94984003624094,180.88171573012545,187.12570536430147,27233800
2021-02-16,180.6781005859375,182.70448403747267,179.2334461531496,181.59918262805715,11630700
2021-02-17,180.76536560058594,181.91914817712282,176.61563628295835,179.7182355679565,11391800
2021-02-18,177.4300537109375,180.72656245230408,177.27492005868606,179.16556521312748,12380900
2021-02-19,178.0602569580078,179.1558679924999,177.22643210229037,178.66139613868887,8834500
2021-02-22,185.92343139648438,188.11465366729846,176.00480413678432,176.20841891555452,18799600
2021-02-23,191.09121704101562,192.8849149679669,182.9178059598151,187.69774567224593,23191400
2021-02-24,191.49842834472656,194.49438997091485,189.38478760336815,191.56630487215995,16205900
2021-02-25,185.16717529296875,191.9347370626117,184.5854462511577,191.71172687527516,12712000
2021-02-26,183.2862091064453,185.7779934725126,179.80548099151122,184.28487274944197,15844000
2021-03-01,189.04541015625,190.90696954337153,185.5646821583669,187.3486747217302,10709900
2021-03-02,188.03707885742188,191.93472684583153,187.600778400698,190.13133880292793,8371400
2021-03-03,186.40821838378906,190.81973397076584,186.35975205852912,188.70609326342856,8750300
2021-03-04,182.30697631835938,186.6215298126249,178.51598046843887,184.12005485772957,12542600
2021-03-05,184.2073211669922,184.76966960891787,177.7597168888136,183.3928768199229,10266400
2021-03-08,195.76451110839844,196.84072686231988,187.89164779000467,191.30451442860354,25093200
2021-03-09,188.5897216796875,195.56088304719978,188.45398343139817,194.09684802676776,23331000
2021-03-10,189.12298583984375,192.74915735003324,188.7545471083215,191.30450292928094,13662100
2021-03-11,190.7615509033203,192.9915491205284,189.45263472524869,191.37238042566835,11933900
2021-03-12,191.15908813476562,192.371042160583,189.23934230593127,190.54825857155828,13249100
2021-03-15,190.77122497558594,192.49704606250265,188.88057994153206,192.49704606250265,10311400
2021-03-16,188.3279571533203,190.60642174660893,187.00935063853728,190.13134525744476,9680700
2021-03-17,189.2975311279297,190.21861324133707,185.94283582884535,187.55231434789624,14418700
2021-03-18,186.4276123046875,189.14239224383346,185.90405468229613,189.01634429269683,9644500
2021-03-19,185.3223114013672,188.0952627742465,183.98430943712822,185.10900631157952,28354600
2021-03-22,186.9899444580078,190.35432967772698,186.15611958061194,187.3777637893904,8838500
2021-03-23,182.9856414794922,186.4857648959108,182.2487788423784,185.75859256392098,10701200
2021-03-24,179.0977020263672,184.70177571761,179.02013520087397,184.27516557457682,13549100
2021-03-25,181.22105407714844,181.9967075652655,175.50062254734996,176.31506684677075,9609200
2021-03-26,180.2611846923828,183.2280456567782,177.01315691524016,183.08261709748825,10196100
2021-03-29,179.2237548828125,180.28057516972055,177.57548568600146,179.60188392098874,7544700
2021-03-30,179.883056640625,180.64901984208987,177.97301598144625,178.23480218397881,5929700
2021-03-31,178.90379333496094,181.2113435299356,178.80683110397607,180.1739186713223,8478000
2021-04-01,183.2183380126953,183.34438594839185,179.9412100394546,180.75563948312762,7749400
2021-04-05,182.7626495361328,185.83616287502477,182.36512510320642,185.6422532083941,7405300
2021-04-06,183.95521545410156,185.45804132118315,182.15182737247565,182.7626569016205,7926200
2021-04-07,181.85125732421875,184.53695132239187,181.25982322630392,184.02308404978578,6238700
2021-04-08,181.6186065673828,182.3263836421846,179.98004220424767,181.50224890986485,7763000
2021-04-09,182.1712188720703,182.49117648550654,180.48417367241368,182.4426953693448,6089300
2021-04-12,180.8138427734375,182.1324492900795,179.83457449319687,182.0354870543305,6662500
2021-04-13,179.84425354003906,180.76533546878065,178.9813430265758,179.9412009673836,6826500
2021-04-14,181.75433349609375,184.60483702605077,180.0575978072721,180.30967892649846,9089900
2021-04-15,180.27085876464844,183.15046233415876,180.04786339569813,182.3651185959939,7262500
2021-04-16,181.56039428710938,183.70313540703523,180.53265969174907,181.86097129773205,9453500
2021-04-19,181.7252197265625,184.53696182518556,179.99939844970697,181.8027865562859,7625800
2021-04-20,177.22645568847656,182.35545344225778,176.28599296944515,181.58949020836812,10765800
2021-04-21,177.53671264648438,177.79849884479927,173.41606917407697,175.77210057583127,8400200
2021-04-22,177.19735717773438,179.25284112993143,175.74301244280576,178.6129258959165,7378300
2021-04-23,177.44943237304688,178.30263779120796,176.42169791398052,176.79982690919093,6075500
2021-04-26,178.66139221191406,179.95091287871386,177.68212403646334,178.36083002535892,6178300
2021-04-27,179.0201416015625,180.15452872553635,178.54505032631474,179.3594946259337,4870000
2021-04-28,177.80819702148438,179.16557960179657,177.25555368320033,179.16557960179657,5199300
2021-04-29,179.68914794921875,179.9024530347708,177.18767314131227,179.17528064157798,5958300
2021-04-30,180.358154296875,180.64902622169885,177.95362685973456,178.68079927461383,7866300
2021-05-03,179.86366271972656,183.4607486775203,179.61158161535892,181.97731817485317,7542800
2021-05-04,178.6420135498047,179.98001545468495,176.76105863841067,179.24313797925066,7069300
2021-05-05,175.9853973388672,179.37886827339932,175.83996878798806,179.37886827339932,5901700
2021-05-06,176.25686645507812,177.42035399086487,174.33713569200373,177.2167392337946,6944900
2021-05-07,179.21405029296875,179.48552679323416,175.98540320656986,176.46049447921416,6888400
2021-05-10,178.69049072265625,181.27922254651543,178.42870453088005,180.04787320897807,8260300
2021-05-11,176.1405487060547,176.70289714994846,172.99915854186352,176.26659665906763,10865600
2021-05-12,172.43682861328125,176.90651575341906,172.1750423953595,175.20007497806066,8988100
2021-05-13,172.91189575195312,175.24854659047256,170.4492117589001,172.94098146410397,12332200
2021-05-14,168.41310119628906,169.58627901281733,163.64285269847798,167.666533494862,33149400
2021-05-17,164.90330505371094,167.72473741750468,163.43926999897513,167.44355581451447,17771600
2021-05-18,164.51547241210938,166.04738400374077,164.29247702430808,165.07782082886217,10401000
2021-05-19,164.1179656982422,164.24399885307255,162.01401534633595,162.60544948539606,9251000
2021-05-20,166.14434814453125,166.66790575545215,163.8367830276588,164.05979321237785,7400700
2021-05-21,167.15267944335938,167.85076608781299,166.29947394019567,166.9781651794257,8105700
2021-05-24,169.0045623779297,169.7802159121906,166.5224829037832,167.2011741983763,7346700
2021-05-25,170.8079376220703,172.04897726515867,170.06136985737575,170.2552943220254,8089700
2021-05-26,171.09881591796875,172.48528416699168,170.8370297163974,171.24424447753057,8086200
2021-05-27,173.59059143066406,174.12385415756066,171.4090741978367,171.8065986664651,13567800
2021-05-28,173.21246337890625,174.65711790304016,172.65982003643452,174.0462883400908,7124800
2021-06-01,173.39669799804688,175.5006485955744,173.29975054411793,174.6959092767181,7475600
2021-06-02,171.6126708984375,173.64875935226425,171.54479437927574,173.59057313825744,7851700
2021-06-03,170.8758087158203,171.58358564735912,170.0807598602175,170.90489442572198,5583900
2021-06-04,171.7871856689453,172.11684837186286,170.26497927097876,170.57523177481056,6343400
2021-06-07,171.60299682617188,172.65012686196306,171.03094329201716,172.5531646238052,5178100
2021-06-08,170.96307373046875,171.72902211713696,169.8577723201512,170.61403040119166,5356200
2021-06-09,170.68190002441406,171.93264484316168,170.52678115539547,170.94368623207106,5082400
2021-06-10,171.19578552246094,172.2041247656636,170.20682689179395,171.06973756917532,5253000
2021-06-11,171.9811248779297,173.05734062000033,171.42846675351166,172.0489866087549,5476300
2021-06-14,172.7567596435547,173.4257606022672,171.515719961499,172.24289234368914,10170000
2021-06-15,170.50738525390625,173.26094119626813,170.27468475951326,172.75676418893022,7895000
2021-06-16,169.3439178466797,170.8952101430487,168.26770206614654,170.6528193347697,8336000
2021-06-17,169.33421325683594,170.89521065863656,168.5488694027404,169.2760418297712,8906000
2021-06-18,167.17208862304688,168.56826202699446,166.88121669816437,167.87017532502065,12357500
2021-06-21,168.67489624023438,168.95606303396661,166.09585480460353,166.8909036599137,9196900
2021-06-22,168.21922302246094,169.3826959576922,167.1042312083562,169.06273831149042,8097100
2021-06-23,169.99351501464844,170.10985786266227,167.67625959409187,168.3355554586505,9174200
2021-06-24,172.51437377929688,172.8149507997872,170.4298188085272,170.76917184765733,7549400
2021-06-25,172.92160034179688,173.63906763188018,172.0877754090935,173.38698652919686,7431800
2021-06-28,171.19578552246094,173.2221691094948,169.66387385358016,173.06703544304497,9881400
2021-06-29,168.6361083984375,171.63206971915952,168.51007525147847,171.26363099491167,13498300
2021-06-30,170.4201202392578,170.62372021737556,168.06407407480592,168.59733676999954,7481900
2021-07-01,171.86477661132812,172.19443936050735,169.28574960640663,170.0129220449318,5887100
2021-07-02,171.7193603515625,172.93131450265355,169.30514235661875,172.44653284221712,11099300
2021-07-06,168.4034423828125,171.61269435650587,166.97818322918414,171.37999385174743,11557900
2021-07-07,167.55990600585938,169.01425069025268,166.75516683850532,167.5986820212585,6757300
2021-07-08,167.54052734375,168.46160944370678,164.64152799051868,165.00026164765663,6960100
2021-07-09,171.65147399902344,172.11687501836136,168.63613165181764,169.38269950860604,7873300
2021-07-12,178.76806640625,179.35950054623981,171.97141894935146,172.3010816789558,21835500
2021-07-13,178.0602569580078,180.01877855759687,176.30535011843432,178.48686708805283,12534600
2021-07-14,177.83726501464844,180.61990642420676,176.5380539894656,179.56308617809648,8787300
2021-07-15,178.5450439453125,179.77639325920245,177.4785333820727,177.8663527151855,7867000
2021-07-16,173.8523712158203,179.65035488236637,173.47424216787948,179.31101664641744,8348800
2021-07-19,167.68594360351562,171.10850033477016,166.91999522558496,170.36194736223354,14651800
2021-07-20,171.3702850341797,172.10714769477875,167.6083753159246,168.4131144976317,8372400
2021-07-21,171.5060272216797,172.48528068982847,169.98382074963217,171.12789818008164,6302200
2021-07-22,169.79959106445312,171.34119284850186,168.60701779510927,171.32179744400975,5713700
2021-07-23,170.77886962890625,171.12791298938427,168.73309058723038,170.31348341305593,5126300
2021-07-26,173.2997283935547,173.33850441129766,170.00320469971928,170.2746812070003,5641000
2021-07-27,174.03659057617188,174.0947619997961,171.19577756388148,172.8246366028002,6684100
2021-07-28,173.6487579345703,174.86071181520143,172.14593216371594,174.22079661558206,5926900
2021-07-29,172.92160034179688,175.89815163320867,172.84403351150354,174.33715431016023,6209100
2021-07-30,170.66249084472656,173.74569421788843,169.80927063332473,172.12652571260207,6813400
2021-08-02,170.20681762695312,173.37729333852585,169.97411713994487,171.8259863471907,5847200
2021-08-03,167.72474670410156,170.7691746222256,165.71774373800278,170.66252207628276,9931300
2021-08-04,167.32720947265625,167.97681500500033,166.12494584592952,167.24964264567134,5665800
2021-08-05,171.3314971923828,171.72900680872348,167.23993983950763,167.23993983950763,8864200
2021-08-06,171.73873901367188,173.36759813260974,171.2539574005079,172.02959614608167,5505200
2021-08-09,171.34120178222656,171.91324049251972,169.73172339571673,171.6126782818355,5339000
2021-08-10,171.68055725097656,172.00050007736482,170.23590280475497,170.88550835196122,5185000
2021-08-11,172.6694793701172,173.05731346526366,171.13756798159412,171.96170248871712,5359900
2021-08-12,173.8329620361328,174.24988186303082,171.0794063772879,172.66948927268444,11081300
2021-08-13,175.56849670410156,181.87065716929408,175.37458703327525,180.61991242289912,32504600
2021-08-16,173.63906860351562,175.09341339234385,171.13759379140788,175.01584656161643,8746700
2021-08-17,170.47830200195312,173.01855289304223,169.59599592496733,171.75811775368544,8534500
2021-08-18,169.42147827148438,171.40907098869332,169.18877777836963,170.54616033563823,7063500
2021-08-19,167.976806640625,169.36327476874746,167.30780573625756,168.7039789637446,8478600
2021-08-20,169.78988647460938,169.8771583979064,167.3950644180265,167.7344174230421,6239600
2021-08-23,172.2526092529297,172.88281944295565,170.5558735781633,171.69026079682666,7395900
2021-08-24,173.03794860839844,174.59894598032645,172.3495522144642,172.50468587990864,5886900
2021-08-25,172.88279724121094,173.15427373076145,171.49632908346075,172.73736869122285,4842100
2021-08-26,171.18606567382812,173.4936306817964,170.97276059942638,172.91188687990808,4563000
2021-08-27,174.65711975097656,175.0449391254333,170.91460508946182,170.91460508946182,8697000
2021-08-30,174.50196838378906,175.8690559507813,173.42575271531678,175.00614535493304,6421300
2021-08-31,175.78179931640625,177.41065828174726,173.0961052903101,173.79419193098752,8620000
2021-09-01,177.89544677734375,178.60323854532513,176.24719234269273,176.4217214068388,7302800
2021-09-02,176.32473754882812,179.66003682086475,176.02417536925938,178.55473553135104,6492600
2021-09-03,175.49093627929688,176.2859851913578,173.67785785966734,176.2859851913578,6847400
2021-09-07,178.72926330566406,179.9024411990171,174.5698439997673,175.51032141663828,10702900
2021-09-08,179.5146026611328,181.7543058570532,178.32204418647515,178.72925891454463,8634000
2021-09-09,180.25149536132812,181.8706641057394,178.9522842434451,179.51461787198062,7190700
2021-09-10,178.51597595214844,181.405285009722,178.40932340580363,180.68780289846052,5572200
2021-09-13,179.3498077392578,180.14485671395903,177.9148582565039,179.48554600391884,6818200
2021-09-14,176.8483123779297,179.49523042541236,176.60592159079198,179.33040646548187,6185900
2021-09-15,178.7971649169922,179.03955573279168,175.5879128829046,176.51868533073232,5933400
2021-09-16,177.75970458984375,179.020139645272,176.57683636183444,178.37053410929303,5678200
2021-09-17,177.88575744628906,180.2417888674711,177.1682753686193,177.34280443372168,10035100
2021-09-20,173.17369079589844,175.37460349194674,171.17639288966046,174.26930199071015,8056600
2021-09-21,165.9601287841797,176.68349525500986,163.88526415776553,174.83164081333098,23216000
2021-09-22,168.36463928222656,170.00320341372353,166.43521803395734,167.67625771338558,14214500
2021-09-23,170.88551330566406,171.7969050770586,169.06272976287502,169.61538788592244,8052900
2021-09-24,170.6431121826172,171.32180341992617,169.75111587153117,169.9644209453082,5712800
2021-09-27,172.8343505859375,173.98813329374659,170.6043668049266,171.25397244832288,7755000
2021-09-28,169.20814514160156,172.5822203635932,168.56822998736033,172.33982960465556,9133100
2021-09-29,167.4241485595703,169.63476603247656,167.3368914314495,168.94636972379718,6240800
2021-09-30,164.02099609375,168.3937205685107,163.95313436640652,167.83138696128916,13978000
2021-10-01,170.65280151367188,171.92294164367746,166.73577297045347,167.0363351742343,12165000
2021-10-04,168.18043518066406,170.60434312300157,167.41447198604382,170.21650897561156,7200600
2021-10-05,169.29544067382812,170.87583351485463,168.32587741810363,168.5391825179119,6798200
2021-10-06,170.13894653320312,170.36195672158775,166.32857025088998,167.73443393482424,6005200
2021-10-07,172.30108642578125,174.162646033831,171.93264766779325,172.29138132518537,7780000
2021-10-08,171.360595703125,173.16398374596596,171.03093298986195,172.51436341928732,4132200
2021-10-11,168.2386016845703,171.1472911303198,168.19981087378562,170.6625095560282,8046300
2021-10-12,167.8604736328125,169.17908011439292,167.29812522801325,168.3355501100142,5188400
2021-10-13,167.69564819335938,168.41311545280254,165.73712649658302,168.34525372566904,8914700
2021-10-14,169.1015167236328,170.66251402550702,168.70399227165666,168.7718687951277,7450200
2021-10-15,171.089111328125,173.4451425624851,168.80094181777469,170.34254359786408,13943900
2021-10-18,165.93104553222656,168.06408161433149,164.63183439427797,167.11391382031718,20494800
2021-10-19,165.96981811523438,166.35765226400025,165.00025493485975,166.2219140105222,9669500
2021-10-20,165.3590087890625,165.81470468231635,164.7094032122531,165.76622356283733,9737600
2021-10-21,166.1249542236328,167.24965108009323,164.92270533063606,165.0196527734866,7509000
2021-10-22,164.26339721679688,165.6013991804169,163.46836307788737,165.37840378460038,7854300
2021-10-25,166.7745361328125,167.31750387207217,163.8852423649533,164.72875749047117,9798700
2021-10-26,166.8036346435547,167.8507646009594,165.51412869762,167.68594064391783,5850200
2021-10-27,164.3894500732422,166.80365306910824,164.27309242443786,166.5418816466106,7054700
2021-10-28,164.51547241210938,165.1650927583148,163.46835720227725,164.32156273600566,7884500
2021-10-29,163.92405700683594,165.27174926044336,163.03204584553174,163.87557588805805,7598800
2021-11-01,165.00994873046875,166.03768326415968,163.9434233873787,164.059781021217,8182900
2021-11-02,164.6609344482422,165.64989314125157,163.83679973834077,164.85484414634792,6777200
2021-11-03,164.90330505371094,165.00995759374862,163.24534553028124,164.53486631642437,6829300
2021-11-04,165.0972137451172,165.23295199577888,163.53621646532804,164.85482295505278,7505500
2021-11-05,170.28439331054688,171.6029998834398,167.0848317210196,168.2192189147468,16859200
2021-11-08,171.4866180419922,173.7941829175751,170.7400651187754,173.25122995728702,10584600
2021-11-09,169.7802276611328,171.7290445406872,167.93806333484926,171.56422055733438,7293300
2021-11-10,169.1403045654297,171.48664583515543,168.577956109888,169.37300506942103,11045800
2021-11-11,157.17588806152344,158.9695858663752,153.51094041627914,157.93214616010656,62366500
2021-11-12,154.77137756347656,158.6302349374407,154.0926714914382,158.5429778005307,25638400
2021-11-15,153.60791015625,155.82821845068557,152.86135704950678,155.2173888230209,21285300
2021-11-16,153.99569702148438,155.36278443725072,153.7242205580587,154.2186923747931,15516200
2021-11-17,152.5413818359375,154.0538980787334,151.97903339796147,153.89876441425162,14695500
2021-11-18,150.84463500976562,152.51228479315523,149.03155667320343,152.3086700243542,14487700
2021-11-19,149.31272888183594,150.48590683256873,148.12017031955114,150.30168746230524,16776500
2021-11-22,149.46786499023438,151.07734343702583,147.92626306806721,148.56616353004966,12790400
2021-11-23,146.43313598632812,149.55513082469395,145.61870640963122,149.1576063428439,17382900
2021-11-24,146.7336883544922,146.80156487849786,144.27100438271648,146.1034782041885,14123700
2021-11-26,143.6020050048828,144.31948709316228,141.41079751623076,142.3318795900537,12027700
2021-11-29,143.31112670898438,144.75578112718955,139.8594842651026,144.28068985813587,21231300
2021-11-30,140.48968505859375,142.79724993442883,138.75417364645767,142.25429697408143,26011100
2021-12-01,137.8234100341797,143.8540946311719,137.71675748493277,142.23492577941317,16469000
2021-12-02,142.71969604492188,143.15599651371096,138.4245382916847,138.49240002069814,18177700
2021-12-03,141.76953125,143.8056198728429,139.92736710122614,143.31113317607122,14975600
2021-12-06,145.793212890625,146.15196133292196,142.2058320281774,142.79726616887208,14333900
2021-12-07,146.21983337402344,148.110478778623,145.16301296765258,147.21848235169298,14661100
2021-12-08,148.6728057861328,148.983073086902,145.97742148672702,146.31677449764842,12886300
2021-12-09,148.28501892089844,149.59392054740397,147.0827550587261,147.63541326133867,11862300
2021-12-10,148.06201171875,149.95265711399995,146.8403525446183,148.90552701947047,10247900
2021-12-13,145.85140991210938,147.85841317917996,144.7461082676592,147.48997436624228,10195800
2021-12-14,144.56187438964844,147.00516292314998,143.99952597640637,144.71699325294705,10872000
2021-12-15,145.8223114013672,146.326488449413,142.86515523271223,144.2322282138641,12231500
2021-12-16,144.22251892089844,147.431770588276,144.057694960312,146.74338903490673,11145600
2021-12-17,144.23220825195312,145.27933822480352,142.10887738978482,143.98981746548847,13785000
2021-12-20,142.0119171142578,143.2335613689034,140.66422491471872,142.50638899948964,11201900
2021-12-21,146.45252990722656,146.8209538771199,142.90392490917196,143.0687488841381,10781400
2021-12-22,147.2572479248047,147.56750042281658,145.30841663120356,145.84167929349138,7820400
2021-12-23,148.95401000976562,149.49696307425225,147.3057406141094,147.68388449226413,6572400
2021-12-27,148.1492462158203,149.33211439395984,146.79184898475646,148.22681303996902,7762000
2021-12-28,150.4761962890625,151.73663132926373,147.77112163942,147.97472161387037,12198700
2021-12-29,150.15625,151.1742943320942,149.4872490162135,149.85568777119403,8737000
2021-12-30,151.18399047851562,152.28930678615575,150.77677568881927,150.97070017431756,7228400
2021-12-31,150.17562866210938,151.80450237071298,150.03020011418,151.12579636208545,6410200
2022-01-03,151.98870849609375,152.76436194653004,150.63132605359948,151.08702190094235,10222800
2022-01-04,150.9900665283203,155.44037266947606,150.81555226108583,153.76301775335946,16582000
2022-01-05,150.4665069580078,154.52897890585098,150.37924982553545,151.7560277171953,12272100
2022-01-06,152.1244354248047,152.96796533180057,149.00244124493352,151.48453506057484,11095300
2022-01-07,153.0261688232422,154.4514279777753,151.53303314022605,152.12446731179668,9554600
2022-01-10,151.83360290527344,153.45277167253752,149.94294283143472,153.17159005994105,8672900
2022-01-11,153.08433532714844,153.40429296321807,151.20338032414784,151.85298590246114,8042600
2022-01-12,152.99708557128906,154.1508682191776,151.57182639382222,153.6757768952349,6995600
2022-01-13,150.70889282226562,153.7048392941778,150.44710663903902,152.90010013415457,9680600
2022-01-14,147.31544494628906,147.9747408656212,143.9025781088649,147.71296943584238,16832000
2022-01-18,147.63539123535156,148.46921617138236,145.26965468222417,146.51069438315,10419500
2022-01-19,145.54112243652344,148.20742105135963,145.395693884367,146.24889938095026,10413200
2022-01-20,143.1269073486328,148.0135139053713,142.67121148496665,146.3167783942959,11760400
2022-01-21,133.19859313964844,137.55192230818113,132.47142076154324,136.93140247063909,34491800
2022-01-24,133.27615356445312,133.48944384097052,125.32572411038241,130.71650750829335,31419500
2022-01-25,132.35507202148438,133.55733576010425,128.3507859169367,131.17220369000572,14694400
2022-01-26,129.53367614746094,133.9936589104888,128.2344499478479,133.51858231291908,14569900
2022-01-27,131.29824829101562,133.71246601297702,129.9408657130216,130.9589100436974,11913900
2022-01-28,134.41053771972656,134.46870913881634,129.49484568561567,131.09463368237908,10011700
2022-01-31,138.6184539794922,138.7929682568329,134.25541951364798,134.63354857558008,10185500
2022-02-01,140.09217834472656,140.28608800682338,137.92035166390914,138.6669193970587,8573300
2022-02-02,138.2790985107422,140.18913919360756,137.07684961408074,139.80131983230265,9529900
2022-02-03,135.76792907714844,137.71674571664343,135.01167099051693,135.7388433656903,9820600
2022-02-04,137.69737243652344,138.83175962686767,135.2831546964407,135.77762661191568,8061100
2022-02-07,138.1724395751953,139.7043511318941,137.29983865544673,139.02565988382744,10937500
2022-02-08,138.14332580566406,138.54085016820406,136.4562957308907,137.4743249990374,9231700
2022-02-09,142.74879455566406,142.86515220697126,138.88993692522385,139.9758430416827,22877400
2022-02-10,147.5287322998047,152.7061959647243,146.51068803450127,151.27124664665104,42500300
2022-02-11,144.9206085205078,149.9817294625294,144.03830248323112,148.86672293797403,17975200
2022-02-14,146.2585906982422,149.0509221970303,144.66850790228023,144.8236267451766,14694700
2022-02-15,150.0108184814453,150.13686643079524,147.86807731429784,148.86672622005122,12726000
2022-02-16,151.59120178222656,151.95962571265068,149.07033171835135,150.26289022967757,10656400
2022-02-17,148.294677734375,150.63132842768698,147.9650298209107,149.98172290608642,8110300
2022-02-18,146.75308227539062,149.002461140899,145.4829568874305,148.2559081505523,10785500
2022-02-22,143.58261108398438,146.20042877143212,143.11722488928174,145.61869972664394,12227200
2022-02-23,141.43017578125,145.1823953333924,141.07144214024322,144.9496948451296,9300700
2022-02-24,144.8527374267578,145.01757619123387,135.73884918494164,135.73884918494164,12475500
2022-02-25,144.97877502441406,145.70594737883104,142.73908653990725,145.007860735042,10149500
2022-02-28,143.94134521484375,144.93028893094677,142.00221900299778,143.33051572391742,10834700
2022-03-01,141.26536560058594,143.64079265523918,139.40380589592192,143.35962581621845,8944000
2022-03-02,142.8554229736328,143.95103400599808,141.47864515302484,141.85677416858366,7851000
2022-03-03,141.1393280029297,144.12556976425228,140.05340711354233,142.82635857279413,8048400
2022-03-04,136.4369354248047,139.86918266183275,135.30254824999813,139.62679186052296,12913000
2022-03-07,129.4366912841797,136.6017629664883,129.37851985744183,136.01032880405208,14549700
2022-03-08,127.73995971679688,131.36613164117924,125.35482758372329,128.97130920145966,16552000
2022-03-09,129.5821075439453,131.3758052679302,129.30094074329594,131.3661149625145,14673100
2022-03-10,129.57241821289062,130.1153712074409,127.61389651595466,128.33137856981583,8447200
2022-03-11,127.73995971679688,132.01573725113295,127.56544543100094,130.96860715327344,7058400
2022-03-14,125.10273742675781,129.0197810056059,124.47252726997118,126.99338269147793,9971500
2022-03-15,130.11537170410156,130.46441502969614,125.56811816584647,125.7911283421705,9834800
2022-03-16,133.93545532226562,134.74988483204922,130.83285614616634,131.52123771002158,10638700
2022-03-17,135.22496032714844,135.22496032714844,132.40352828931617,133.25674851104478,6816000
2022-03-18,136.02972412109375,136.44662920867978,134.09059766119037,135.30255169863,11308800
2022-03-21,134.4008331298828,135.06014373557082,132.71380279244727,134.67230961623702,9090300
2022-03-22,135.8455047607422,137.8621980546684,134.6723267428054,134.8274604102676,8511600
2022-03-23,133.45066833496094,135.5061374319537,133.35370610442536,134.83715130095155,8761300
2022-03-24,134.7305145263672,135.03107676408538,133.2276885434153,134.3620757604618,5858800
2022-03-25,134.905029296875,136.10729304646094,133.9160706447053,135.0407675593798,5949400
2022-03-28,134.497802734375,135.38010876059263,132.13206625695437,134.65293639061628,8456100
2022-03-29,138.04641723632812,140.0631105273449,136.66963922689914,136.66963922689914,11280700
2022-03-30,136.66964721679688,138.90933603892867,135.81642679146603,137.00898549006317,7922400
2022-03-31,132.98529052734375,136.5920667732527,132.93680940903138,135.87458468756623,12306500
2022-04-01,132.83013916015625,133.89666444341904,131.4048802790497,133.15978704976177,10341000
2022-04-04,134.36207580566406,135.02137170870498,132.72351156014753,132.80107839480428,8174600
2022-04-05,131.4921417236328,134.96317936622486,131.01706527722857,133.5476255375985,8694100
2022-04-06,128.5349884033203,129.85358002837967,126.82854786386194,129.67906577013085,11679700
2022-04-07,127.85628509521484,129.15551093187102,126.06260218306565,128.96158647057118,9858700
2022-04-08,127.85628509521484,129.06823900654237,126.65403628356786,127.98233303618787,6702000
2022-04-11,126.67341613769531,128.3992373135701,126.08198204072525,126.08198204072525,9915300
2022-04-12,126.85763549804688,129.15551016036184,126.18863457589286,127.79811291116785,7885600
2022-04-13,128.32168579101562,128.84524337013804,126.77037886989275,127.0612507668982,7694500
2022-04-14,126.49891662597656,129.52394918909366,126.38257377181387,128.7676910483144,7283500
2022-04-18,123.8810806274414,126.2565147872128,122.95999859227646,126.11108623221398,10571000
2022-04-19,127.88539123535156,129.13613615649047,123.90049294372058,124.1913574905973,12767200
2022-04-20,120.77848052978516,123.47386488605633,120.33248237128947,122.21343723739803,36465700
2022-04-21,117.95706176757812,122.60126295869337,117.58862301955386,121.71896429842604,18688600
2022-04-22,114.67023468017578,118.1800560742375,114.55389183212537,116.35727994870724,19472800
2022-04-25,116.29910278320312,116.66754153308821,113.19650350468761,114.07880956659119,16491000
2022-04-26,112.246337890625,115.5234665176375,112.1202973269633,115.5234665176375,16116000
2022-04-27,111.70337677001953,113.34194096544358,109.9387720200168,111.91668186021441,15553000
2022-04-28,111.78093719482422,112.4693261482424,109.26007446748923,111.71306806975988,23192100
2022-04-29,108.23233795166016,112.45963411881621,107.9705591409715,111.693678298918,16907000
2022-05-02,110.04541778564453,110.20055144065826,107.63120760763677,108.30989885537234,14300700
2022-05-03,110.0938949584961,111.33493456543191,109.26007008561494,110.57867651727912,11149500
2022-05-04,112.65355682373047,112.89594763717533,108.42626044547768,109.91938874395969,11488300
2022-05-05,109.18250274658203,111.7615367806258,108.08689909187788,111.24766951428509,12720200
2022-05-06,106.93312072753906,108.67832995966168,105.00369212977347,108.36807004747234,12525200
2022-05-09,103.72386932373047,107.36942145167137,103.2390877474126,104.81947302322412,17941600
2022-05-10,104.40257263183594,107.33065043627559,102.90944431663561,106.49682543691462,15657700
2022-05-11,102.00774383544922,106.71982160006195,101.60052906497164,104.61587122208086,26933300
2022-05-12,101.13513946533203,101.80414046980277,96.44245692194205,99.76805913984282,36298800
2022-05-13,104.06322479248047,104.4122681522245,102.10470289645221,102.15318401754242,16782600
2022-05-16,101.9786605834961,104.34439722613827,101.65870294303768,104.18926355906254,11993600
2022-05-17,105.33334350585938,105.4787794626025,103.06456921051479,104.45104485672982,11847600
2022-05-18,101.12545013427734,104.38318325250779,100.71822794661311,104.11169932833812,11794000
2022-05-19,100.00074005126953,102.09499995046116,99.82621839300356,100.28191424498578,11285000
2022-05-20,99.30265045166016,101.61021535281668,97.00479064984685,101.30964576317247,15650400
2022-05-23,102.60887908935547,102.80278877777428,98.46883992727157,100.60188348578085,14402400
2022-05-24,98.49791717529297,100.67943426982357,97.08235585939248,100.55339372290209,13970200
2022-05-25,100.11709594726562,100.65035125747427,98.08101475054711,98.34279355415062,11026600
2022-05-26,102.39557647705078,102.89974611747495,100.79579561866659,101.04788413746898,11297800
2022-05-27,105.99264526367188,106.04112638095931,103.28756313642768,103.63660646879337,13671300
2022-05-31,107.07855987548828,107.85420598052247,104.62556621571738,106.65194970955247,20274600
2022-06-01,105.86660766601562,109.41520511441774,104.97460390444807,108.6007755809806,11829700
2022-06-02,107.49546813964844,107.57302756909637,104.62556212904244,106.09929484906941,8829900
2022-06-03,105.3624267578125,106.50651158180405,104.63525438825465,105.84720833751773,6767600
2022-06-06,104.5479965209961,106.83616615292432,104.37347485763955,106.40955599867945,7575900
2022-06-07,104.50921630859375,104.63525685930891,102.77369732460161,103.53965312628618,7279100
2022-06-08,104.0728988647461,106.0314204552669,103.70446755234545,104.16016338966007,7019500
2022-06-09,100.15587615966797,103.80142827062973,100.10739504339006,103.2875609856749,8261200
2022-06-10,96.37457275390625,99.01178554577044,96.35517734965997,98.34278464568125,15369700
2022-06-13,92.79689025878906,94.63906176411844,91.94367733083375,94.63906176411844,15239700
2022-06-14,91.35223388671875,93.33983374730211,90.26632058238899,93.33983374730211,12443700
2022-06-15,92.96171569824219,94.33850104551563,91.22619670600615,91.7303737056218,11751600
2022-06-16,91.41041564941406,92.47693367057478,90.56690041495551,91.1486368449359,15298500
2022-06-17,91.46859741210938,93.04899031218697,90.62508208230685,91.14864714762267,15403800
2022-06-21,90.45054626464844,92.544798801589,90.43115085941784,92.01154351262336,16649800
2022-06-22,90.6541519165039,91.73036757381111,89.20950493578273,89.36463118878562,11403500
2022-06-23,91.4298095703125,91.76915519919045,89.26768045401025,91.10015424713112,11348800
2022-06-24,94.80387878417969,95.569834521243,92.49632126795387,92.54479498467165,11681200
2022-06-27,93.66949462890625,95.24018956329299,92.88415086030271,95.23049186077773,10793700
2022-06-28,93.00050354003906,97.34415007891879,92.86476527918474,96.70423479445088,16812400
2022-06-29,92.73871612548828,93.27197141593453,91.65280274213161,93.02958063013722,8653200
2022-06-30,91.52676391601562,92.53511049153784,89.72337584402896,91.54615192448456,10983500
2022-07-01,93.21380615234375,93.37863012225141,91.11955347123762,91.37163457915042,10543400
2022-07-05,94.2221450805664,94.27062619584116,89.50036998393914,91.39102252196007,10660600
2022-07-06,93.1556396484375,95.20141871556865,92.49633633679552,94.56150341433644,8640200
2022-07-07,94.46453857421875,94.56149341037175,93.01019384038423,93.95067128514599,7813100
2022-07-08,92.94232940673828,94.16398111603401,92.44785010106473,93.63071839450565,7717300
2022-07-11,90.78988647460938,92.43814075637043,90.5862791148986,92.10849285888993,7643700
2022-07-12,90.75110626220703,92.35088688452447,90.4699320706451,90.73171825462808,8665300
2022-07-13,90.1112060546875,90.41176827918822,88.23994878530074,89.31616452763707,12006400
2022-07-14,89.04468536376953,89.23860245215282,87.48369533607232,88.69564939904075,11146400
2022-07-15,92.30241394042969,92.41876418774142,89.87850593362029,90.08212071571086,14946700
2022-07-18,92.78719329833984,94.30940719392414,92.40906425019458,93.42710854731186,10430400
2022-07-19,96.57818603515625,96.8108791201191,93.73736570765467,93.73736570765467,13683400
2022-07-20,100.20435333251953,101.08665937836555,96.90783703585421,97.19870894918765,15112700
2022-07-21,101.00909423828125,101.07696336623708,98.51731711593125,99.58383515402865,8611300
2022-07-22,99.59353637695312,101.38722687675963,99.00210221364465,100.13648941978828,7803500
2022-07-25,99.56443786621094,100.24312908252055,98.7112175975023,99.65169499523097,6726700
2022-07-26,96.7430191040039,99.24449404370772,96.52971400721327,99.0311889469171,6346600
2022-07-27,100.34979248046875,100.49522844176056,97.74166507209125,97.89679873671724,9684800
2022-07-28,101.70718383789062,101.77505296779074,99.58383800687474,100.10740303632443,7970300
2022-07-29,102.87064361572266,103.10333668893125,100.22374049037893,101.93986392570886,10320000
2022-08-01,102.98700714111328,103.4039196245523,100.69883733393824,101.67809826428207,7769700
2022-08-02,101.52295684814453,103.12273752979691,101.43569971503358,102.52160571203994,9093000
2022-08-03,105.70176696777344,106.36107017827557,102.5119108462867,102.5119108462867,11243000
2022-08-04,104.82917785644531,106.11869131530693,104.38317966355763,105.60482399300548,7322400
2022-08-05,103.38451385498047,104.42194610785276,102.1628696375508,103.55903551421036,10100000
2022-08-08,105.78903198242188,107.84450844751605,104.61586150189825,104.91642370020362,13025900
2022-08-09,104.83885955810547,105.8956872261592,103.77234158463104,105.8956872261592,8776500
2022-08-10,109.00799560546875,109.24068871236281,106.56469949012993,109.05647672644606,26398700
2022-08-11,114.1078872680664,119.5180439178337,113.7588439490905,118.49030936594887,50375000
2022-08-12,117.86979675292969,117.90858016820462,115.30045281911048,115.37801964966036,21964800
2022-08-15,120.4779281616211,122.12618268185484,117.30745227997878,117.3171499834193,24628300
2022-08-16,121.1566162109375,122.63035641281637,119.69257371223918,120.93362081804565,14607300
2022-08-17,119.0720443725586,120.69122040444051,118.83935129502271,119.6925641774407,9140900
2022-08-18,118.93630981445312,119.38230797571384,118.00553007827688,119.26596513192918,7343900
2022-08-19,116.48332214355469,117.6952761423824,115.84341427870734,117.5595378862881,8702500
2022-08-22,112.4111557006836,114.61206083015111,112.1687649094692,114.11758154486337,11575800
2022-08-23,111.3640365600586,112.82807915287903,111.13134344902655,112.44995007350921,7180700
2022-08-24,112.86685943603516,113.59403186034615,110.62716333907464,111.17981408566378,7840500
2022-08-25,113.8848876953125,114.18544990731185,112.57597891093938,113.45827753852902,6920900
2022-08-26,110.59807586669922,114.76720065864859,110.42355419175297,113.89459228391729,7807400
2022-08-29,110.07450103759766,110.98589274749332,108.9885950654799,109.11463560947796,6882700
2022-08-30,109.00799560546875,111.25738203125928,108.0578203734489,110.80168612392224,8060000
2022-08-31,108.66863250732422,110.28780108641268,108.4456297426763,109.43458823330016,7353000
2022-09-01,109.10494232177734,109.16311374487188,106.68103439710556,108.38746764728488,7718700
2022-09-02,107.81541442871094,110.42354155095762,107.46637111877534,109.60911209256088,8465100
2022-09-06,106.73920440673828,108.3777685092158,105.21699054608906,108.36807080643514,9537300
2022-09-07,109.26007843017578,109.52185723715253,106.52591052570908,106.52591052570908,8193900
2022-09-08,108.9110336303711,109.55094148173058,107.00099298492925,107.68938195409204,8443300
2022-09-09,111.6742935180664,112.01363917031779,109.74486475482531,109.82242419163961,9563100
2022-09-12,112.84745788574219,113.91397590390278,111.76154446156812,112.60506709083387,7923400
2022-09-13,108.35838317871094,110.3556809644538,107.7863370553929,109.6091205698503,10504600
2022-09-14,109.07585906982422,109.30855216462942,106.53560084450214,108.44564151576255,8610400
2022-09-15,107.39850616455078,110.92772281275012,107.34033474303082,108.96920112020753,9739800
2022-09-16,104.9552230834961,106.24474399693538,103.70448558818813,105.88600292710606,15978800
2022-09-19,105.84721374511719,105.89569486443649,103.7820467730509,104.25713067422309,7979500
2022-09-20,104.29590606689453,105.11034294628783,103.60751712916263,104.98429500462643,6957400
2022-09-21,101.30964660644531,104.75159858250224,101.30964660644531,104.12138108583527,9776400
2022-09-22,99.05058288574219,101.47449095482735,98.91483722846746,101.03818306408378,10953400
2022-09-23,96.4715347290039,98.10040113890845,95.0365779928485,97.5574481346669,11976900
2022-09-26,95.133544921875,97.59623636536196,95.07536609913514,95.93827676511053,9760500
2022-09-27,92.93262481689453,96.6072699785581,92.52541007636518,96.5006174421557,13360200
2022-09-28,96.37457275390625,96.8302685903624,92.54479410499343,92.87444940256613,12895500
2022-09-29,94.48392486572266,95.59892395417125,93.3010640506619,95.5310548303794,9435100
2022-09-30,91.45889282226562,94.51301819439603,91.41041170636684,93.56284306190979,12094900
2022-10-03,94.17367553710938,94.80389312722252,91.62372685997032,92.81629290878017,9468400
2022-10-04,98.35248565673828,98.43004508479476,95.24018891664207,95.67648936353066,10229000
2022-10-05,97.73197937011719,98.13919416317403,95.69589061047175,96.99510922279008,7562800
2022-10-06,96.99510955810547,98.37188761396993,96.83028557899084,97.37323863827696,6728200
2022-10-07,94.20276641845703,95.79284951444721,93.51437001972315,95.51167529175402,7051000
2022-10-10,92.26362609863281,94.76509321925037,91.54614409458988,94.6196572780428,9532300
2022-10-11,90.26632690429688,92.16666977208232,89.83002644992838,91.92427898694876,8900900
2022-10-12,90.56690216064453,91.20681002680325,89.39372417785654,90.32451136038226,6156200
2022-10-13,93.6985855102539,94.01854313629804,87.94907553323024,88.78290046324703,11025400
2022-10-14,91.57524871826172,95.10445846110629,91.45890585900844,94.50333396248226,8202100
2022-10-17,94.36759185791016,94.98811173929771,93.33015948772969,93.44650234225206,7083800
2022-10-18,95.48258972167969,97.31506362647795,94.66815276555802,96.83028201362804,8533500
2022-10-19,95.97705841064453,98.76940514087721,95.50197451725137,97.38292947890199,11731000
2022-10-20,95.5892333984375,97.68349348433122,95.12384719969239,95.2401974479688,8212400
2022-10-21,98.9342269897461,99.186315485756,94.91053834524101,95.35653651684008,10193400
2022-10-24,98.62397003173828,100.04922912137086,97.0726703889063,99.01179679174132,8221500
2022-10-25,101.1836166381836,101.54235768692135,98.92453259582189,99.0505805466331,7687500
2022-10-26,101.44538879394531,104.16016854799453,100.37887081813302,100.37887081813302,9203700
2022-10-27,101.26117706298828,103.61721579731874,101.13512912015226,102.58947383524068,8673500
2022-10-28,102.72521209716797,102.86095034548651,100.37887106517051,100.9121337529789,7250900
2022-10-31,103.29725646972656,103.64629978732732,101.62960670722953,102.44404358069116,8814800
2022-11-01,102.7737045288086,105.52726060893377,102.4246611669363,104.42195909539839,7955800
2022-11-02,98.72091674804688,102.85125771738285,98.69183103794683,102.2404282165637,9583200
2022-11-03,96.22914123535156,97.6350048234949,95.560140304502,97.15022325555861,8978400
2022-11-04,96.54910278320312,98.08101437568288,95.12384373179349,98.07131667271834,11035800
2022-11-07,97.37323760986328,98.46884142068883,95.97706416109543,97.80953811401295,11355200
2022-11-08,96.85935974121094,98.86635515705422,95.06566940098439,97.673789233006,27130300
2022-11-09,84.10961151123047,88.32721014791946,83.65391560249105,87.79395480143035,62029800
2022-11-10,87.7066879272461,87.74547134367842,84.94343423177074,87.01829892922804,36968100
2022-11-11,92.11820220947266,92.6708529406227,88.32720652599166,88.79260011930864,22373300
2022-11-14,91.41041564941406,93.67919734267161,91.34254652253601,92.9326295498331,20598000
2022-11-15,92.60298919677734,94.22215806850348,90.84807466300614,93.07807312380284,15801900
2022-11-16,91.09046173095703,92.32181116508727,90.86746633235981,92.32181116508727,11137700
2022-11-17,88.66654968261719,89.46159119281003,88.08481325516534,89.31616263383208,12306400
2022-11-18,89.00590515136719,90.32451170154894,88.14299449094857,90.03363978126347,10011700
2022-11-21,94.60997009277344,97.81922162125666,93.38831850239954,97.07266128097119,70273500
2022-11-22,93.28166961669922,94.69723092565303,91.79823918324692,94.04762539157049,25753700
2022-11-23,95.87039947509766,96.31639762650889,92.86475525643431,93.07806032823527,15503200
2022-11-25,95.8607177734375,96.77210216586755,95.09476194557907,95.80253895042856,6664300
2022-11-28,92.77751159667969,96.11280421263884,92.52542307547753,95.2208077802998,13660000
2022-11-29,91.80794525146484,93.49498321213517,91.06137741677466,93.0780707244613,13205300
2022-11-30,94.89114379882812,94.95901292032634,91.0128913768053,92.06001390889507,15368100
2022-12-01,95.5892333984375,95.83162420112815,93.64041667077447,94.89115410031985,13855700
2022-12-02,96.40367126464844,96.65575977306982,94.05733004747044,94.49363053761714,12608100
2022-12-05,93.01019287109375,96.14188508674013,92.75810438197918,95.24988137076082,10764500
2022-12-06,89.4809799194336,93.07805815418916,89.18041772374146,92.81627937038947,11492400
2022-12-07,89.34524536132812,89.9657651828409,88.48233475337506,89.83972463687665,10353400
2022-12-08,89.73308563232422,90.58629866628819,88.87986520117937,89.68460450885249,9351200
2022-12-09,90.53781127929688,92.02124922704374,89.10286184884814,89.55855774810563,10111900
2022-12-12,91.77884674072266,91.77884674072266,89.7912394237307,90.87715276041997,14140700
2022-12-13,91.81763458251953,94.42576202867052,90.72203079965682,93.55315364546198,22882100
2022-12-14,91.28437042236328,92.5641934616292,89.80094001289366,91.6624994523387,11505400
2022-12-15,87.73576354980469,90.2857192574029,87.37702993412913,89.65550175792436,15957700
2022-12-16,87.3382568359375,88.30782005819121,86.1069074012543,87.44490938215984,26383900
2022-12-19,83.16913604736328,86.73712917386086,82.81040237195951,86.71774116323662,19225300
2022-12-20,84.37139892578125,85.16644057183888,83.1497544385194,83.4600144126594,14918400
2022-12-21,84.27442932128906,85.4185141626664,83.84782655474801,84.53621552072877,11004800
2022-12-22,84.03203582763672,84.09021464629836,82.1123049469368,83.41151600789738,15487400
2022-12-23,85.33124542236328,85.38941683780287,83.15941888168493,83.4405930516079,11171600
2022-12-27,83.74116516113281,85.26337888773138,83.34364075111154,84.75920194805461,11561400
2022-12-28,81.6081314086914,84.05143477439508,81.51117656974317,83.4600006404768,12399500
2022-12-29,84.5265121459961,85.55424667452971,82.38377856257779,82.65525504957311,13045100
2022-12-30,84.23565673828125,84.46835725596772,82.63588321297708,83.12066486238584,23231000
2023-01-03,86.26203155517578,87.23159467051384,85.15673019546476,86.27172925753943,14997100
2023-01-04,89.18042755126953,89.9269879702253,86.64016927122815,87.2606891355286,14957200
2023-01-05,89.12224578857422,89.6652061998118,87.7551655504136,88.87016468757895,11622600
2023-01-06,91.06136322021484,91.80793093851435,88.54050067720183,89.8397190583818,9828100
2023-01-09,91.885498046875,92.78719208772917,90.60567496280908,91.55585012086676,11675800
2023-01-10,92.65145874023438,92.72902557299368,90.96442081221132,91.41041900480683,6914600
2023-01-11,93.39802551269531,93.61133060180028,92.15698579119031,93.00050104714875,8757300
2023-01-12,96.77210235595703,97.56714389829149,94.60028282031807,95.50197690833474,19764300
2023-01-13,96.37457275390625,96.568482413293,95.02688064878407,96.35517734965997,12230200
2023-01-17,96.86905670166016,97.91617926920499,95.98675069512937,97.26657374184391,14914200
2023-01-18,96.02554321289062,98.05192681349331,95.71528327509374,97.227799547206,11384500
2023-01-19,96.06432342529297,96.42305707432828,94.16398044503028,95.13354364295085,10973600
2023-01-20,100.33039855957031,100.43704370124188,96.27762427475665,97.28596344669378,14549900
2023-01-23,102.47314453125,102.7252256558682,99.78745012679168,100.14619120022935,11479100
2023-01-24,102.7737045288086,105.1394412265695,98.89545152772148,101.51326934458305,8606700
2023-01-25,104.82917785644531,104.86796127285037,101.00909640812088,101.76535453506868,10008000
2023-01-26,106.361083984375,106.41926280859258,104.29591695557221,104.87765341748478,9204400
2023-01-27,106.20594787597656,107.2142944352453,105.83751654356637,105.93447137870801,10249700
2023-01-30,104.31529998779297,105.65330192324343,104.20865484237397,104.96491294649113,8548500
2023-01-31,105.18790435791016,105.41090713777479,104.17955779151058,104.30560573554791,8251700
2023-02-01,106.0605239868164,106.59378673651253,103.64631355047884,105.1976132807122,9975500
2023-02-02,109.76425170898438,110.07451164479866,106.35139241502725,107.30156023219209,13093200
2023-02-03,107.34033203125,109.69637070662372,107.01068412139189,108.07720207299927,12472500
2023-02-06,106.52590942382812,107.06886243841862,105.22669091396939,106.81677393999588,11956500
2023-02-07,108.23233795166016,108.70742924825767,105.5466511275646,105.97326130502188,10844000
2023-02-08,108.37776947021484,109.88059533580835,106.93312242464128,108.78498422445492,27719900
2023-02-09,107.0009994506836,114.58298366980789,106.46773671134385,114.4472454083724,46137200
2023-02-10,104.77098846435547,106.39985480315252,103.94686129112864,105.6435967524931,15566000
2023-02-13,104.3831787109375,104.99400087008695,103.30696295635495,104.80978149313924,12341500
2023-02-14,104.3831787109375,105.13943683098357,102.5991785584876,103.56874176822465,10768100
2023-02-15,105.91506958007812,105.94415528914696,103.45237845079932,103.83050746305283,8156000
2023-02-16,102.60887908935547,104.7322175471092,102.48283113442082,104.27652903960693,9479900
2023-02-17,102.01744079589844,102.57978922561402,100.71822226507899,101.83322142132742,9492200
2023-02-21,98.98269653320312,100.57278687409193,98.73061544501046,100.39826521455412,10648200
2023-02-22,98.58518981933594,99.43840280132183,98.01314366537848,98.24584416724953,9885100
2023-02-23,98.63365936279297,98.94391926502405,96.57818288727483,98.36217547580866,10974800
2023-02-24,97.24718475341797,97.37322529714606,95.94796631461445,96.50061700200634,8523000
2023-02-27,97.39262390136719,98.38158254251839,97.01449483186245,97.66410782053252,6641200
2023-02-28,96.57818603515625,97.68348743520453,96.53940262146581,97.39261553111612,8233700
2023-03-01,95.540771484375,96.59759196407528,95.11416125181574,96.1709891286972,7898300
2023-03-02,95.90918731689453,96.2679283539606,94.45484255710555,94.76510247664,7776600
2023-03-03,98.06161499023438,98.10039840333869,95.87040023150834,96.63635599666434,7434300
2023-03-06,97.59623718261719,99.5741396400091,97.4314058135176,98.51731928186518,6773300
2023-03-07,96.04492950439453,97.86771307887261,95.88010553352201,97.34414805623616,6951300
2023-03-08,96.27762603759766,96.58788595706989,95.3080628645994,95.98675412682618,5668700
2023-03-09,93.21380615234375,97.00480184330128,93.00050106320197,96.4230580012127,8275600
2023-03-10,90.7220230102539,92.98110690915627,90.00454835552061,92.69023500733427,13978800
2023-03-13,89.78155517578125,91.1583332109375,87.70669041936816,89.09316615820312,11915300
2023-03-14,90.51842498779297,91.42981680360815,89.52946633718916,91.13894487174102,10323600
2023-03-15,90.26632690429688,90.5184153920461,88.62777022687631,88.84106790416287,9543800
2023-03-16,91.42011260986328,91.68189141221507,89.093159511663,89.84941760421259,9931700
2023-03-17,90.36328125,91.40071350887132,90.08211445028451,91.18741583273882,12943200
2023-03-20,91.35223388671875,92.03092507868786,90.16936575456185,90.5862781716798,6657200
2023-03-21,93.60162353515625,93.9021857321848,92.27331941135675,92.27331941135675,7285800
2023-03-22,92.01155090332031,94.9493262714508,91.93398407052695,94.48393267187097,8811100
2023-03-23,92.91324615478516,94.06702136900552,91.87581379403015,92.37998341913428,9527000
2023-03-24,91.21649169921875,92.10848791209719,90.18874985664424,91.92426856917575,9534600
2023-03-27,92.70964050292969,93.09745988466211,91.50737674858141,91.89520352749439,7487900
2023-03-28,91.9339828491211,93.07806772749205,91.71098005709801,92.60298382801011,5426100
2023-03-29,93.92158508300781,93.96036849670223,92.44784495133932,93.15562930619771,5889100
2023-03-30,95.11415100097656,95.90919255049137,94.69723851786634,95.72498056761502,7669500
2023-03-31,97.08235168457031,97.15022080648328,95.50196647592291,95.88009549760652,8920000
2023-04-03,96.72362518310547,97.37323074022983,96.24853389758462,97.15992565647436,7313200
2023-04-04,96.5394058227539,97.36353304875975,95.75406201172459,97.24719020101024,6794200
2023-04-05,96.86905670166016,97.13083549425144,95.62800967096086,96.66544193309174,7747200
2023-04-06,96.92723846435547,97.26658411954257,95.55046043635033,96.41337112976063,7042500
2023-04-10,97.74166870117188,97.74166870117188,95.88980674331735,96.27763352210182,8016600
2023-04-11,97.363525390625,98.80817974544567,97.23748484975009,98.08100741548688,7504600
2023-04-12,94.95902252197266,99.10875184958233,94.7263220271529,98.16827435859804,9289200
2023-04-13,97.77074432373047,97.99374710259812,95.51166781005261,95.51166781005261,8745000
2023-04-14,96.85935974121094,97.79013947348234,95.91888230627157,97.44109614923309,7337300
2023-04-17,97.24718475341797,97.50896354337007,96.13218567613829,96.53940041481029,6705300
2023-04-18,97.85801696777344,98.07132206163455,96.56849609828974,97.5477570304792,8180100
2023-04-19,95.74435424804688,96.79148415084221,95.366225238234,96.74300303792086,11523300
2023-04-20,95.08505249023438,95.57953174020388,94.42574928933483,94.7747925955275,7762700
2023-04-21,96.5394058227539,96.68484177962084,94.7457154138753,95.17232558143694,9468000
2023-04-24,96.64604949951172,97.67378401198738,95.66678870342528,97.10174533721073,8540600
2023-04-25,95.02689361572266,96.67514813696143,95.02689361572266,96.35519049785191,6511400
2023-04-26,93.66949462890625,95.48258034591677,93.52405867989606,94.86205313699463,8634500
2023-04-27,96.88844299316406,97.02418123835176,93.76644855948793,94.17366329505101,8166500
2023-04-28,99.3802261352539,99.43839755906474,96.06432182879597,96.3454960391817,11329700
2023-05-01,99.09905242919922,99.48687918333188,98.51731599659026,99.29296950485558,6909500
2023-05-02,97.53804779052734,98.60456573650853,96.58788008121265,98.24583211851768,6955900
2023-05-03,97.7901382446289,99.45778801793485,97.57683317169261,97.98404791247299,7772100
2023-05-04,94.48392486572266,96.51031567124433,93.66949538022054,96.51031567124433,13260700
2023-05-05,97.46047973632812,97.78043733523911,95.12383650756775,95.58922265400244,9300100
2023-05-08,99.83592224121094,100.74731400127935,98.59488254922505,98.60457285509553,10810100
2023-05-09,99.06997680664062,99.84563039390014,98.98271226441304,99.7777612598035,6829900
2023-05-10,98.06161499023438,100.10739379911413,96.99509701999452,99.8650030150969,19525200
2023-05-11,89.50037384033203,92.21515367474082,89.08346138141596,91.91459145918968,57127200
2023-05-12,89.19012451171875,90.05303524355345,88.46295204800316,89.52947018201652,21837500
2023-05-15,90.03363800048828,90.04333570355405,87.9393779690878,88.75381489147023,16792000
2023-05-16,88.21086120605469,89.60702715255907,88.01694413210963,89.23859580783346,17013300
2023-05-17,89.94638061523438,90.21786454238988,88.08482092639487,88.24964490571094,12461600
2023-05-18,90.90625762939453,91.37164387378982,89.64582237289373,90.02395147040778,15014800
2023-05-19,88.56959533691406,90.16937606919055,88.54050962495667,90.16937606919055,16429000
2023-05-22,89.02528381347656,89.14163404881059,87.15402672896957,88.55019996426002,14150600
2023-05-23,87.0861587524414,89.22889235038224,87.07646105007457,88.32719835693388,14778700
2023-05-24,86.3589859008789,86.76620063170427,85.71907809489326,86.7177269145181,15350800
2023-05-25,85.45729064941406,86.83406846976253,85.11794504540977,86.83406846976253,13605800
2023-05-26,85.60273742675781,86.52381952522107,85.41851804819304,85.79664711153524,12892700
2023-05-30,85.14704895019531,86.26204822777538,84.36170504207884,86.26204822777538,14800700
2023-05-31,85.28278350830078,85.4863909053498,84.49743963437164,84.91435213228553,11440600
2023-06-01,85.89359283447266,86.34928868221606,84.45864356623764,85.70938087264625,11993200
2023-06-02,88.00724792480469,88.55989864987541,86.87286076237217,86.90194647466323,14350200
2023-06-05,88.23025512695312,88.9671252629602,86.71773883473169,88.4241648167116,18506700
2023-06-06,89.3549575805664,89.69430325727683,88.24964860942524,88.32721544901075,12109100
2023-06-07,89.70398712158203,90.24694756250292,89.06407923391367,89.95607563353886,11082400
2023-06-08,89.71367645263672,89.859112403546,88.52111792897601,89.70397874999483,9030200
2023-06-09,89.13194274902344,90.09180821864416,88.76351140643668,89.95606996626063,9625400
2023-06-12,90.30512237548828,90.39238691632174,88.97681803261113,89.44221165696787,12341600
2023-06-13,90.99349975585938,91.56554585842721,90.59598271260627,91.2552859476517,12964400
2023-06-14,89.63611602783203,91.64311158162008,89.122248708807,91.39103047236496,15877400
2023-06-15,90.1112060546875,90.67354708807915,88.82168522508736,89.2579857056323,13354600
2023-06-16,88.54051208496094,90.14029286168564,88.0945138958027,90.05302832620889,22683400
2023-06-20,87.01829528808594,88.0169441785954,87.00859758508855,87.5418602922441,14939200
2023-06-21,85.94207763671875,86.94072650478716,85.42821034710528,86.82438366015307,17873000
2023-06-22,85.79663848876953,86.47533711164034,85.43790486826684,85.74816477103705,10915300
2023-06-23,85.41851806640625,85.70938999081473,84.94343416057403,85.34095123360662,13538000
2023-06-26,86.00025177001953,86.76620757578513,85.09855770978206,85.36034391282072,13132700
2023-06-27,86.34930419921875,86.93104809068666,85.79665342006894,86.19417791942661,10032700
2023-06-28,86.12630462646484,86.6789553789301,85.83543269477555,86.66925767529233,12118300
2023-06-29,86.24264526367188,86.40747663255345,84.68164789125332,85.12765348095603,13402600
2023-06-30,86.5625991821289,86.87285910260614,85.91299362943907,86.46564434395103,12837500
2023-07-03,87.74546813964844,88.181768613515,86.20386622795188,86.40747360890161,7979500
2023-07-05,87.05708312988281,87.63881958724741,86.53351809910056,87.36734306695595,11028800
2023-07-06,86.03903198242188,86.12629651257974,85.1082522447568,85.97116285771233,12084600
2023-07-07,85.94207763671875,86.99890532428405,85.39912463594676,85.62212001961532,9705100
2023-07-10,85.41851806640625,85.98086650843314,85.18582496518765,85.56395402861048,13642600
2023-07-11,86.7662124633789,86.86316730815176,85.46700126962561,85.51547499342179,13735500
2023-07-12,87.40612030029297,87.9490733024653,86.84377189251171,87.36733688625496,14912100
2023-07-13,87.71638488769531,88.04603282880748,86.36869261610327,87.79395171990298,15325500
2023-07-14,85.92269897460938,87.73577754105399,85.72878188382609,87.65821810192134,17770000
2023-07-17,82.9558334350586,85.79665419495142,82.70375230347204,85.72878505995797,34503400
2023-07-18,83.3339614868164,84.64287784088079,82.71344157544671,82.90735867098776,21885100
2023-07-19,84.39077758789062,85.21490478716784,83.56665038861341,83.57634069415823,17177000
2023-07-20,83.58604431152344,84.52652181850588,83.41152263603,84.19686647716034,15277500
2023-07-21,84.5265121459961,85.22459876808665,83.26607714531262,83.6732992729851,19901000
2023-07-24,83.96416473388672,85.28277116919595,83.91569101618215,84.8270753191315,13911900
2023-07-25,83.02369689941406,83.68300019311081,82.56800839397137,83.12065914036569,15335400
2023-07-26,83.2467041015625,83.64422120120845,82.84917960473572,83.06248471062514,14983700
2023-07-27,82.76191711425781,84.23564995502535,82.59709314205506,83.96417343676661,16691400
2023-07-28,83.50848388671875,83.94479180752313,82.84918055061559,83.24670505198084,13638300
2023-07-31,86.18446350097656,86.64015934223247,84.23563959574192,84.35198983090707,20837800
2023-08-01,86.32019805908203,86.99889663947465,85.76754741069986,86.40746258102612,13717500
2023-08-02,83.67330932617188,85.64152149054443,83.63452590948715,85.57365236064126,15162700
2023-08-03,82.8879623413086,83.82843990197932,82.84917892263157,83.20791999750847,14145400
2023-08-04,83.67330932617188,84.45865317179157,82.84917466668709,83.32426597318971,11533900
2023-08-07,84.18717193603516,84.57499868397609,83.37273502564118,84.02234797224374,10818400
2023-08-08,85.4476089477539,85.64152604148218,83.47939667879176,83.86722346906754,16767900
2023-08-09,84.82707977294922,86.83407524134834,84.39077930480244,86.48503190795894,32517900
2023-08-10,88.96711730957031,89.71367768529873,85.07916698088586,87.23159837181431,56716800
2023-08-11,86.31050872802734,88.56959265252925,86.15538246989622,88.5405069414534,21998900
2023-08-14,86.10689544677734,86.58198668569317,85.31185401079448,86.28141709844085,13676400
2023-08-15,84.41017150878906,85.54456609727588,84.24534753682426,85.31186559866404,13677900
2023-08-16,83.7217788696289,84.41016783776159,83.46000006655085,83.90599824038976,12182700
2023-08-17,83.30487060546875,84.31321724820516,83.18852775254018,84.27443383150218,14206000
2023-08-18,83.34364318847656,84.08051321568803,82.77160451012173,82.77160451012173,12364400
2023-08-21,83.26608276367188,83.62482380122424,82.8103942852848,83.19821363734358,11215000
2023-08-22,83.17882537841797,83.46968989158717,82.77161062167312,83.10125854936753,9835300
2023-08-23,83.21760559082031,83.70238715796174,83.03338622820907,83.19821018571403,7576000
2023-08-24,79.95987701416016,83.33395275400594,79.95017931110415,82.90734998288225,27531000
2023-08-25,80.82278442382812,81.10395862376531,79.95017611319197,80.54161022389093,16050900
2023-08-28,81.59844207763672,82.11230938766329,80.98761253032352,81.27848444782315,12166400
2023-08-29,81.83113861083984,81.97657457569905,81.18153301793993,81.23970444501143,11210700
2023-08-30,81.71478271484375,82.10260946195127,81.27848224758525,81.83113295812998,11816600
2023-08-31,81.133056640625,82.03475079885217,81.09427322124975,81.8893148254902,10448000
2023-09-01,79.15514373779297,79.72718990615988,78.07892793036663,79.61083965229356,27701900
2023-09-05,78.71884155273438,79.8823144778721,78.7091438491571,78.94183695474855,12741700
2023-09-06,78.5152359008789,79.59144431203477,78.07892799639674,78.33101651472995,15518500
2023-09-07,78.1176986694336,78.38917515387905,77.32265722333786,78.36008944442838,14768000
2023-09-08,79.09696960449219,79.18422674402244,77.72988190774205,78.08862296367616,16220900
2023-09-11,80.00835418701172,81.29787505343481,78.69944531082018,79.44601313756212,26579100
2023-09-12,81.133056640625,82.09292222932461,80.05684079379964,80.50283902084371,16594600
2023-09-13,80.93912506103516,81.4917756926705,80.590081778194,80.81307713284431,9772700
2023-09-14,81.90869903564453,82.16078013134916,80.51252571773642,81.44330546394855,22371900
2023-09-15,82.9752197265625,83.56665386531348,82.03474224700173,82.62617638575273,21631200
2023-09-18,82.4322509765625,83.30485924038075,82.39347496233002,82.645556040738,11894200
2023-09-19,79.44600677490234,82.2092602693771,79.2230039959329,81.36573766698805,21478900
2023-09-20,80.0471420288086,80.6676619362272,79.15514558654193,79.53327467396326,12715200
2023-09-21,80.21195220947266,81.12333642171465,79.42660113015476,79.56233936170526,14378000
2023-09-22,78.77702331542969,80.81310490014604,78.72854218836301,80.38650205012124,11495300
2023-09-25,78.5443115234375,79.28117417899749,78.10800367501363,79.07756680860489,11034400
2023-09-26,77.61353302001953,78.28252656260676,77.36144453012214,78.04983347810598,14867900
2023-09-27,77.46810150146484,78.1080093697564,76.80879822666675,77.68140658995544,14662500
2023-09-28,77.69109344482422,78.45704922984221,77.22570726986385,77.8365293984418,12229800
2023-09-29,78.58309173583984,78.8545682186397,77.9625719473889,78.20496272091441,11261400
2023-10-02,79.18421936035156,79.28117419429346,78.33100646561132,78.45704701001783,9128100
2023-10-03,77.11905670166016,79.3975287093111,77.04148987145739,78.77700886204906,12586200
2023-10-04,76.90575408935547,77.36144998497018,76.33371534187678,77.18692830999392,12010500
2023-10-05,78.35040283203125,78.47645078706435,76.47914548832422,76.6924505840598,15466600
2023-10-06,80.41557312011719,80.98761184996607,78.04013887297266,78.58309928793203,15391100
2023-10-09,82.12200927734375,82.2965309687743,80.59979517876984,81.73418987165896,13604400
2023-10-10,82.4031753540039,82.69404727660779,81.37544071591596,82.20926567038816,9450600
2023-10-11,82.2674331665039,83.11095578401982,81.6953944491349,82.7716101553111,9499200
2023-10-12,81.78265380859375,82.48074049074816,80.96822427753368,82.24804739575673,9554900
2023-10-13,81.78265380859375,82.00565659762978,80.8421763283124,81.38513674619922,10808000
2023-10-16,83.10125732421875,83.31456240237274,81.74386742456772,81.74386742456772,10275100
2023-10-17,83.57633972167969,83.66360425082625,82.71342911872448,82.75221253199187,9985700
2023-10-18,82.10261535644531,83.63452704905347,82.02504852201896,83.0818762988316,10047000
2023-10-19,80.71613311767578,82.67464744727346,80.6385662895068,82.66495714163725,14316800
2023-10-20,80.13439178466797,80.90034752219198,80.09560837296277,80.3767825599409,10437000
2023-10-23,80.57070922851562,81.47240339875178,78.44737061900285,79.5817579114087,10772500
2023-10-24,80.0471420288086,81.63722521621638,79.2521004351047,80.87127673454403,11499500
2023-10-25,78.13709259033203,80.03744291963348,78.06922346408412,79.63022076496604,9372500
2023-10-26,77.35175323486328,78.15649249034804,77.00270988060917,77.6426251624685,11651000
2023-10-27,76.91544342041016,78.56369775129819,76.8184885886837,77.32265815196891,10300600
2023-10-30,78.224365234375,78.46675605285073,77.10936598995049,77.29358537908989,10291200
2023-10-31,79.10665130615234,79.18421813097346,77.88500710252772,78.2340504170432,8672200
2023-11-01,78.60248565673828,79.09696494314342,77.73957502983947,79.04848382591902,9093000
2023-11-02,80.75492095947266,80.76461866282047,79.32966185173649,79.35874756459962,11518500
2023-11-03,82.48074340820312,83.31456837502772,81.59844471834663,81.60813502464478,11331800
2023-11-06,81.46269226074219,83.18852087401127,81.04577981213343,82.49043422544037,14160900
2023-11-07,82.01534271240234,82.10260724180227,81.39482289268186,81.59843766222178,10540200
2023-11-08,81.9280776977539,82.33529240329551,81.39481506155964,81.57903440809567,26942600
2023-11-09,87.59033966064453,88.43386234348587,84.93373845092816,85.16643155760903,51062700
2023-11-10,85.58334350585938,87.41582482556888,84.2938300250585,87.38673171488487,25175700
2023-11-13,86.71773529052734,87.163733476488,84.74952317091693,85.72877668050917,12834400
2023-11-14,88.29811096191406,88.75380680112507,87.25098104166484,87.28976445321253,13152000
2023-11-15,91.0710678100586,91.6915876399713,89.91728528388657,90.1596760736081,20593100
2023-11-16,91.6334228515625,91.73037769503442,90.78020247577663,91.03229098654795,12923900
2023-11-17,91.28437042236328,92.47692893315352,91.06136764708513,91.86610682254239,12189300
2023-11-20,92.1375961303711,92.68054919309328,91.01290658656362,91.119559137767,14105300
2023-11-21,91.57524871826172,92.0697280616305,91.10016478288901,91.84673264994119,7654800
2023-11-22,92.1763687133789,92.79688853988506,91.87580650287181,92.02124245534227,7328200
2023-11-24,93.13623809814453,93.57254597398499,92.01154863903922,92.01154863903922,5440500
2023-11-27,92.27333068847656,92.82598143287899,91.64311311046457,92.82598143287899,11049500
2023-11-28,89.6845932006836,92.2442393770152,89.63611208332476,92.1085011250264,18660300
2023-11-29,89.6845932006836,90.40206787507869,88.65685860785983,89.78154803822132,13857000
2023-11-30,89.86881256103516,91.00319969419085,89.39372128194196,90.70263747870001,13396700
2023-12-01,89.76216125488281,90.01424235648594,88.97681004659296,89.91728751762473,11898200
2023-12-04,89.20950317382812,89.59732989444483,88.82167645321141,89.10285064072905,12602800
2023-12-05,88.02664184570312,88.98650732101173,87.19281692058898,88.8216833560236,12357000
2023-12-06,88.71502685546875,89.7330711061247,87.86181395962488,88.33689782458048,10462000
2023-12-07,89.5391616821289,90.54750831627703,88.8604703885582,89.00590635066058,10264700
2023-12-08,90.28815460205078,90.98851639630033,89.54888299464426,89.54888299464426,9498200
2023-12-11,89.68507385253906,90.54107499698529,89.46135167799616,90.20062336966639,10811000
2023-12-12,88.58588409423828,89.68505842226654,88.38161315299166,89.60724622175897,13218400
2023-12-13,90.29788970947266,90.33679952512837,88.3038043295262,88.68316575555879,10173200
2023-12-14,91.37760162353516,92.24332450578876,90.66751056328286,90.66751056328286,12439300
2023-12-15,90.91069793701172,91.3873301670492,90.39515589331778,90.51188533428717,17551600
2023-12-18,90.32706451416016,91.15387763610961,90.17142526136175,90.17142526136175,9083600
2023-12-19,91.36787414550781,91.42623515226626,90.08388004780778,90.113060551187,8804000
2023-12-20,88.78044128417969,91.69861082125254,88.76099008596631,90.69670713426376,13060600
2023-12-21,89.50997161865234,89.56834004801273,88.57615838305325,89.42243010654363,13037200
2023-12-22,88.5372543334961,89.72397771679998,88.27462235878725,89.12089413736176,9419800
2023-12-26,88.46916198730469,88.7804330789728,88.12871039036895,88.362161853798,8086900
2023-12-27,87.91471099853516,88.45944098034325,87.58398870715907,88.43026047478516,11123500
2023-12-28,87.93417358398438,88.49835478785738,87.51590233577352,87.63262436327233,8479600
2023-12-29,87.82716369628906,88.12870546224315,87.40889249450383,87.66180256149411,9211000
2024-01-02,88.23571014404297,88.98471107536552,87.2824456767265,87.6423484685286,10587600
2024-01-03,89.15007781982422,89.56834906947765,87.54508314458248,87.7688127335412,11929800
2024-01-04,88.08979797363281,89.43216054658811,87.5450754346295,89.43216054658811,12087400
2024-01-05,88.42052459716797,88.82906648720767,87.89525327227932,87.94389239212165,9092100
2024-01-08,89.05281066894531,89.43217211787646,88.51780994799678,89.05281066894531,11103700
2024-01-09,87.22407531738281,88.61506959495078,87.15598499979367,88.56643789455168,11255100
2024-01-10,86.85443878173828,87.36998079158086,86.4556187839128,87.36998079158086,15091600
2024-01-11,87.01007843017578,87.33107883466752,86.27081421662237,86.95171741891849,9642200
2024-01-12,87.88552856445312,88.35243890700177,87.20462537874484,87.20462537874484,11919400
2024-01-16,90.51188659667969,90.5507889895906,87.01980684051028,87.82716878724415,16780900
2024-01-17,87.87580871582031,91.20252763905162,87.64235723005828,90.05471398722901,15735200
2024-01-18,89.6948013305664,89.9866212459026,87.94390410241547,88.18708489143272,12203200
2024-01-19,90.5216064453125,91.0274265972199,89.13061215949925,89.8017934520622,19790100
2024-01-22,92.48651123046875,92.63242117515341,90.3367941373981,90.3367941373981,15119400
2024-01-23,91.21224212646484,93.27441777702043,90.63833905776524,92.82696604007964,11559400
2024-01-24,90.9496078491211,92.65187323667148,90.71615638821771,91.84451130032414,10454900
2024-01-25,92.27250671386719,92.3503263369498,91.19278356278085,91.35814469586563,8661600
2024-01-26,92.75887298583984,92.92423412740963,92.11687219439744,92.40869208528729,7812800
2024-01-29,94.83076477050781,94.84049407863027,92.40868653815257,92.81722842384379,13422200
2024-01-30,94.2957763671875,94.87940872237105,93.3911436192022,93.88722703939979,9139600
2024-01-31,93.4300537109375,94.90858950989643,93.19659483113762,93.7899564967082,9592300
2024-02-01,94.41250610351562,95.25877791155028,93.28415111409137,93.74133217976681,8484800
2024-02-02,94.4805908203125,94.75295951870353,93.2063259504579,93.653777680168,9321300
2024-02-05,94.01367950439453,94.71404125232303,93.8580402620604,94.06231120165829,11679300
2024-02-06,96.5816650390625,96.61084554089467,94.14985760255057,94.27630891758574,16455500
2024-02-07,96.4357681274414,96.57194876856748,94.00396036263547,94.73350269207725,28886300
2024-02-08,107.52481079101562,109.69397911635014,103.88682852821529,104.15918980482337,60558400
2024-02-09,105.43345642089844,107.14545115819766,104.75255321808596,106.61045048363906,21509100
2024-02-12,106.30889892578125,108.03061539252515,104.88872421809778,104.93735591594978,13424000
2024-02-13,107.44699096679688,107.63181072756687,105.25836402782312,105.32645434685078,14594500
2024-02-14,108.5169906616211,108.63372010958807,106.67854452855062,107.56372614440085,11405500
2024-02-15,109.3827133178711,109.83989437770592,108.05008737552289,108.05008737552289,9961900
2024-02-16,108.55589294433594,109.48970619940368,108.12789984073493,108.96443485193657,8782200
2024-02-20,106.45481872558594,108.09871572253832,106.36726978728018,107.82635444121074,9770900
2024-02-21,104.73309326171875,106.24081701890667,104.31482203639675,105.52100401066237,10427500
2024-02-22,104.70391845703125,105.53073164383562,104.4801962901949,105.04437007262263,9266200
2024-02-23,104.80119323730469,105.05410334182923,102.94329582431108,104.63583207796854,11724000
2024-02-26,104.74282836914062,105.7933711450314,104.45100845763031,104.58718910399149,8694200
2024-02-27,106.43537139892578,106.5910106740746,104.84010593509595,104.84010593509595,7595000
2024-02-28,107.77772521972656,108.0111766917684,105.69609832590625,105.81282035128292,10773000
2024-02-29,108.53644561767578,109.6745298671167,107.94308393112179,108.10844507752843,11658300
2024-03-01,108.89635467529297,109.09090375985507,108.00145115017355,108.4002712075593,7242400
2024-03-04,110.5888900756836,111.01688318725479,108.75044403595673,109.59670837156193,11558900
2024-03-05,109.791259765625,112.0479770771547,109.20761996435779,110.51107278688932,14929600
2024-03-06,107.05789947509766,110.20952758776644,106.26999615757452,109.99552732342976,14743900
2024-03-07,107.17462921142578,108.05008146735808,106.22135732801323,107.68044194747104,8609300
2024-03-08,107.3108139038086,108.27380771107856,106.3575419843749,107.17463326121641,10009200
2024-03-11,109.24652862548828,109.83016842059192,107.02872115221695,107.087082163212,8794300
2024-03-12,109.39244079589844,109.86907304504388,108.59480813718451,109.45080180807874,8085000
2024-03-13,109.43134307861328,111.01687897777754,109.37298207045016,109.66479453255371,7267900
2024-03-14,109.00334930419922,109.28543989658242,106.52290982710004,108.69207820592953,10520500
2024-03-15,108.89635467529297,109.8788071437875,108.36136139064688,108.55590305392023,15364200
2024-03-18,110.74452209472656,111.30870326692762,109.22707645211925,109.22707645211925,11820800
2024-03-19,111.38652801513672,112.0285214237161,110.15116548055637,110.31653405331204,10999700
2024-03-20,113.28333282470703,113.33197194886178,111.24061577211043,111.48379655030737,11699600
2024-03-21,113.51679229736328,114.15879315928616,112.69970838723115,113.79888291051525,10353500
2024-03-22,112.70942687988281,114.45060209798302,112.68023895336029,113.73078166952493,7144800
2024-03-25,116.10423278808594,116.15287191284898,113.68215428491389,113.77942511315149,12103600
2024-03-26,116.65868377685547,117.11586482947968,114.96614763039192,116.36686387309452,11870000
2024-03-27,117.68004608154297,118.70140090267455,116.74622535752488,117.66058746326135,10782800
2024-03-28,119.02239227294922,120.36474740217933,117.89402997954498,117.94266910026643,15367400
2024-04-01,118.21503448486328,119.06130623440798,117.4854921763452,118.73057652880995,8419700
2024-04-02,119.4698486328125,120.16048113046881,116.88240909379647,116.94077010390349,15517100
2024-04-03,115.7345962524414,120.31612110544978,115.15095646272766,118.93484868058722,22480400
2024-04-04,113.8961410522461,116.91158851549434,113.76968972442326,115.96804594730398,13815400
2024-04-05,115.15095520019531,115.61786554258939,113.12769683992263,113.41950931029182,9653900
2024-04-08,114.1490478515625,115.28713203315395,113.63350582509567,114.80077051063236,6266000
2024-04-09,114.75214385986328,115.27741521785134,113.70160114388717,114.17823337896796,7451100
2024-04-10,113.99341583251953,114.35331860895855,113.19578323377142,113.41950537783548,6746300
2024-04-11,113.95451354980469,115.05368798982734,113.19579071321486,114.38250667071094,6559400
2024-04-12,110.9001693725586,113.51678962230598,110.62780807559949,113.21524781799965,12155200
2024-04-15,109.86906433105469,112.39815017050977,109.69397388711224,111.74642009393692,9637100
2024-04-16,110.77369689941406,111.3767878546575,109.4507929739876,109.74261285391232,9291400
2024-04-17,109.85934448242188,111.09469950000775,109.81070536103454,110.89042854849929,7379000
2024-04-18,109.3632583618164,111.13361410586353,109.12980689592236,110.09280068636255,8235600
2024-04-19,109.53834533691406,109.64534546815155,108.05008022952295,108.67262239965663,9436000
2024-04-22,108.93525695800781,110.54025154351868,108.70180549396805,110.01498018346304,6901700
2024-04-23,110.60834503173828,111.12388709768554,109.72317085203169,109.75235135821157,6839300
2024-04-24,110.81260681152344,111.06551687960064,110.05388402857965,110.05388402857965,6157200
2024-04-25,109.69397735595703,109.81070679603927,107.378899120653,108.18626104999038,8045900
2024-04-26,109.65508270263672,109.93716588215564,108.28353951470586,108.79908159086531,6304800
2024-04-29,109.02279663085938,110.77369359430335,107.3302532518563,109.95660982895369,7151200
2024-04-30,108.06953430175781,108.98389638529062,107.7777218262157,108.94498657096068,8156600
2024-05-01,107.46644592285156,108.93525238630198,107.20380654320186,108.25434921922484,6338400
2024-05-02,109.54806518554688,109.79124593167076,107.5442507910107,108.39052245918526,6799800
2024-05-03,110.5597152709961,110.99743771396183,109.72317277979566,110.44298582293722,7411100
2024-05-06,113.29306030273438,113.75024134576174,111.03634301439178,111.6686145117426,16303200
2024-05-07,102.5152816772461,104.9373599945285,101.36746818104245,104.32454714450417,55084600
2024-05-08,102.56391906738281,103.57555191317515,101.59119603350031,102.03864773853174,15238100
2024-05-09,102.91410827636719,103.2351012633297,101.54256512545244,101.76629470670596,15096000
2024-05-10,102.90438079833984,104.10082609214486,102.54447056862814,104.00355526341666,15884600
2024-05-13,102.94329071044922,103.73119407156021,102.70983181573679,102.70983181573679,9666400
2024-05-14,102.47637939453125,103.09892159876291,102.08728866156434,102.42774769121569,11278400
2024-05-15,99.96675872802734,102.99192843527972,98.62440340075312,102.7390257498223,20745600
2024-05-16,100.5503921508789,101.19238555461514,100.03484266050064,100.22939173836654,9476700
2024-05-17,100.43366241455078,100.98811429761491,100.22939144934699,100.80329452949738,7356000
2024-05-20,100.09320831298828,100.84220183341465,99.72356878595933,100.5114795421659,7667400
2024-05-21,100.20021057128906,100.87138447695733,99.91811997620998,100.18075195298653,7333300
2024-05-22,100.20992279052734,100.99783348741335,99.9472908390905,100.17102040025263,7190300
2024-05-23,97.914306640625,100.20020434407111,97.5349378201871,100.17102383971927,10504000
2024-05-24,98.98429870605469,99.30529166932789,97.94348534928925,98.09911717674173,6451600
2024-05-28,99.64575958251953,100.05430151506938,98.19639677882981,98.59521682342978,7813100
2024-05-29,98.1282958984375,99.29556797892744,98.02129577219374,98.98429690838766,7376300
2024-05-30,98.92594146728516,99.28585170474304,98.21585772312683,98.38121887765261,7300600
2024-05-31,101.0756607055664,101.24102185116658,98.64385295984059,98.7508456730673,14735800
2024-06-03,99.96675872802734,101.37721180287353,99.68467553434708,101.32857267497612,6908600
2024-06-04,100.511474609375,100.66710643841641,98.85784097042155,99.3247513001216,7269100
2024-06-05,98.73138427734375,100.26828839498678,98.27420328096878,100.19046877405327,10796900
2024-06-06,98.44929504394531,99.14965679920866,98.06020435532261,98.2936632212688,10294700
2024-06-07,98.77030181884766,99.48038550690558,97.80730805360358,98.10884983171408,6047800
2024-06-10,99.93757629394531,100.04457643622648,97.89485912353106,98.48822085025795,7621900
2024-06-11,98.11857604980469,100.07374402351978,97.99211730455085,99.84029257108728,9134200
2024-06-12,98.05049133300781,98.9162142972849,97.51549066012275,98.43957463551882,9041800
2024-06-13,97.35984802246094,98.31311989161412,96.8929451071399,97.8656681722281,10164600
2024-06-14,97.24311828613281,97.64193085209563,96.54275654745061,97.08747904585346,7087600
2024-06-17,98.75083923339844,99.13992993159913,97.87539443905665,98.22557532530848,10389000
2024-06-18,98.73138427734375,98.9842943347339,97.86566140299911,98.36175220984086,7044700
2024-06-20,99.06211853027344,99.15939677886396,97.64194367205509,97.826763438831,7886900
2024-06-21,99.48038482666016,99.7430242107505,98.81893284404958,99.02321121891454,14137300
2024-06-24,99.19830322265625,100.26829712919111,99.13021290373007,99.46093518957488,7393600
2024-06-25,99.41230010986328,100.85193359593471,98.99402887050977,99.85975927676205,10296100
2024-06-26,99.3928451538086,99.57766491482968,98.66330283982623,99.12048387732796,10122300
2024-06-27,99.38312530517578,99.49012544844815,99.03294436742782,99.25667396371247,8365200
2024-06-28,96.5816650390625,99.78192451606668,95.69648356995422,99.23719460381263,21439400
2024-07-01,95.36577606201172,97.01940240593488,95.21013679979903,96.68868010566565,15299000
2024-07-02,95.31713104248047,95.31713104248047,94.3054981645266,95.26849934201293,13340300
2024-07-03,95.92022705078125,96.37740810265173,95.16150420779981,95.17122609563096,5030000
2024-07-05,95.31713104248047,95.62840212636719,94.91831844497936,95.62840212636719,8550800
2024-07-08,95.15100860595703,96.05004066122575,94.68194418921519,95.46371573194293,8167600
2024-07-09,94.83831024169922,95.30736724624936,93.95881903875937,95.24873698456226,9044400
2024-07-10,94.76012420654297,95.06305714236103,94.0565312990065,94.74057581715248,7761100
2024-07-11,94.3985595703125,95.35622941223683,94.10540081051845,94.7992195675489,7422600
2024-07-12,94.91647338867188,95.6005253576208,94.76989774688556,94.8871582603146,6465700
2024-07-15,94.66240692138672,95.26827280771288,94.39855584690007,95.11192296642835,7417700
2024-07-16,96.22593688964844,96.4702395597428,94.339919978299,94.80897692978569,10755500
2024-07-17,95.09237670898438,96.362753679718,94.33015350875476,96.05982072976173,9456100
2024-07-18,94.584228515625,95.82528287625782,94.47673473767338,95.14123833977143,7529400
2024-07-19,93.55815124511719,94.61354060076135,93.26499250556672,94.61354060076135,9301000
2024-07-22,91.9848403930664,92.9913736754614,91.35942614228321,92.94251015831155,13377000
2024-07-23,88.8675537109375,89.60046182061285,87.78284911217582,88.63301774786207,22534700
2024-07-24,87.75352478027344,88.68187197298684,87.53853723109113,88.16395148933456,11768500
2024-07-25,87.17697143554688,88.43757421683678,87.17697143554688,88.02714748493582,10765300
2024-07-26,87.88056182861328,88.48643516921169,87.30400361722467,87.94896628194485,11301900
2024-07-29,90.04019165039062,90.44085160869574,88.13463380254535,88.33007295675097,13024800
2024-07-30,91.65260314941406,91.8969058529399,89.58091353952535,89.58091353952535,9896100
2024-07-31,91.55487823486328,92.6786646413084,91.50601471478896,91.65259781948549,10241800
2024-08-01,90.92945861816406,91.8089422837525,90.48970932984386,91.72099689940406,9263600
2024-08-02,87.52876281738281,90.09882429543472,86.97175301204358,90.05974242797761,15433600
2024-08-05,85.77955627441406,87.51899017257328,84.45054909155678,84.90983932533445,19103200
2024-08-06,87.91964721679688,89.81543834643969,85.95545163688477,86.21930269901337,21717500
2024-08-07,84.00102996826172,87.20627983668973,83.7958166181457,85.99454066935068,30581900
2024-08-08,84.00102996826172,84.36260060733808,81.99775252825715,83.20949169559621,21890500
2024-08-09,84.2453384399414,84.28442776487235,82.77952230490015,84.16715979007954,16008400
2024-08-12,83.99125671386719,84.41145761324371,83.53197394733907,83.90331132948711,11754600
2024-08-13,83.64923095703125,84.48963272059244,83.36583897113033,84.48963272059244,14615200
2024-08-14,84.33329772949219,84.56782624147357,83.61015634629854,84.04990569373147,9475100
2024-08-15,86.76654052734375,86.90334943139243,85.22254580390738,85.26163512728216,12401000
2024-08-16,87.26492309570312,87.62648630224008,86.32679421335109,86.93266756330212,10277700
2024-08-19,88.75028228759766,88.87731700435856,87.37241897171651,87.37241897171651,9723600
2024-08-20,87.69489288330078,88.60369920250344,87.27469195172263,88.33008137831796,8863400
2024-08-21,88.65255737304688,88.71118763025483,87.39195465439333,88.16395201491106,7637600
2024-08-22,87.87078857421875,89.29751537006689,87.65580101701092,88.91640377520802,7613000
2024-08-23,88.49620056152344,88.6818729843941,87.63625781051266,88.09554804254466,7369200
2024-08-26,89.68840026855469,89.70794865839365,88.84799843810913,88.84799843810913,8043800
2024-08-27,88.82845306396484,89.62976553020745,88.68186996960412,89.34637353591695,7237400
2024-08-28,87.4505844116211,88.5548372862314,86.73722476791589,88.27144528546974,8569700
2024-08-29,87.76329040527344,88.63300733008765,87.58739218140506,88.38870465557746,6181800
2024-08-30,88.32030487060547,88.38870932486087,87.3626425110299,87.92942653516111,8403600
2024-09-03,87.09879302978516,88.42780027012645,86.52224225556984,87.56785747865182,8465500
2024-09-04,87.21605682373047,87.9685057982488,86.79585591560237,86.9228906253058,6317200
2024-09-05,86.62973022460938,87.62648186023179,86.3267898372275,87.62648186023179,6234100
2024-09-06,85.9359130859375,87.05969944929912,85.72092553469493,86.43428518506225,7791500
2024-09-09,86.32679748535156,86.86426640128649,85.80887696028334,86.20953696225786,8750200
2024-09-10,86.38542938232422,86.86426054892506,85.97500266809493,86.31702492995267,6858300
2024-09-11,86.3072509765625,86.41474475280788,84.61667314104295,86.04340736111321,10779000
2024-09-12,87.26492309570312,87.29423822536543,86.17044436997666,86.20953369470186,7173300
2024-09-13,88.48643493652344,88.65255897195952,87.3528669065511,87.4114971648165,7084200
2024-09-16,89.7568130493164,90.26496685490709,88.8773218131225,89.02390492840932,9028600
2024-09-17,90.74378967285156,91.12490126400154,90.06951187826643,90.26495849906529,8193100
2024-09-18,91.44738006591797,91.92621122645285,90.57766313012917,91.38874235353795,10289800
2024-09-19,91.32034301757812,93.1184147022594,91.19330830210299,92.65912444977215,10912400
2024-09-20,91.6135025024414,91.8675793702621,90.70469625939616,91.07603363888339,19251500
2024-09-23,90.85128021240234,91.56463985019633,90.05974192907514,91.56463985019633,7338700
2024-09-24,91.55487823486328,91.65259781948549,90.35290572298341,91.2128485053959,7860300
2024-09-25,91.77962493896484,92.28777866579173,91.22261515163301,91.50600714245458,8408200
2024-09-26,93.03045654296875,93.60701473832817,92.03370489991615,92.30732270563544,10061600
2024-09-27,93.82200622558594,94.69172319692692,93.10863909742214,93.31385246032578,10155400
2024-09-30,93.9979019165039,95.3464500314792,93.26499387358831,94.64285711739603,7982300
2024-10-01,91.90666961669922,93.66564440911546,91.1933025229432,93.02068922188731,10099200
2024-10-02,92.00439453125,92.42459545620778,91.45715143597444,91.45715143597444,6144200
2024-10-03,91.49623107910156,91.9457470864039,91.00762575087829,91.47669014640391,6180300
2024-10-04,92.98159790039062,93.16726286024698,91.75031035329847,92.15097031164406,6308900
2024-10-07,90.28450012207031,92.97182967046201,89.66886003679187,92.922966151008,11043600
2024-10-08,90.40177154541016,91.60373663237526,89.60045900225788,90.41153828525263,10209100
2024-10-09,91.4669189453125,91.86757890621845,89.37568866852878,89.76657443500326,8654500
2024-10-10,90.8708267211914,91.74054370341126,90.57766796574481,91.58419385827837,6698000
2024-10-11,91.9848403930664,92.45390480891679,90.68515582987611,90.7340118915,8089100
2024-10-14,92.80570220947266,93.02068975829711,91.66236746948007,92.03370485484211,6262000
2024-10-15,92.07279205322266,93.47020363280947,91.54509738797387,93.0793178671964,6535800
2024-10-16,94.5451431274414,94.58423245337175,91.4962428046134,91.59396984720259,9936300
2024-10-17,94.33992767333984,95.11192506847074,93.43112136823905,94.72103927333116,9542500
2024-10-18,95.06305694580078,95.3171338186694,93.86109194418299,94.79921333378319,8609700
2024-10-21,94.41810607910156,95.22918534167341,93.76336920533862,94.98488265228428,8189900
2024-10-22,94.53536987304688,95.04352365967281,94.00767515102456,94.00767515102456,5344300
2024-10-23,94.04676055908203,94.92625172581039,93.80245787140895,94.72103836282817,5388500
2024-10-24,93.22589874267578,94.59399516200104,93.07931565211848,94.39854855608274,5015300
2024-10-25,92.86433410644531,94.64285732968885,92.84479317235524,93.6265572799031,6638100
2024-10-28,94.0076675415039,94.48650615851199,93.04023102386952,93.05000521853988,8146400
2024-10-29,93.93927001953125,94.41810867186207,93.49952814876588,94.06631219303912,6834400
2024-10-30,92.91319274902344,94.50604346495324,92.77638385099392,93.51905859586107,7718200
2024-10-31,94.0076675415039,94.42786844601598,92.83501766894867,93.09886128083947,8147700
2024-11-01,93.62655639648438,94.19334040158881,92.66889406905725,93.5190626211878,7944900
2024-11-04,93.60701751708984,93.83177181180574,92.86433526842917,93.64610684128527,6088000
2024-11-05,94.42787170410156,94.4669610286056,93.0793235585809,93.42134582858327,6561700
2024-11-06,96.63636779785156,97.28133045366292,95.97186420801236,95.97186420801236,11325100
2024-11-07,96.67545318603516,97.25200391046383,95.89368165727421,96.52887009245175,7805100
2024-11-08,96.76339721679688,96.99793314546349,95.38553404962772,96.48001268349475,7982100
2024-11-11,98.56147766113281,98.60056698612107,96.74386505457444,96.74386505457444,9137900
2024-11-12,98.68850708007812,98.98167327399551,97.23246521614742,98.25853943933225,9366200
2024-11-13,100.37908172607422,100.84813867496665,98.06308974239977,98.49306482515598,17701300
2024-11-14,106.63324737548828,112.19357187221301,105.92965439211754,107.81567157317029,47436100
2024-11-15,112.45741271972656,112.56490649658528,107.73748309937983,107.73748309937983,32048000
2024-11-18,110.95249938964844,112.80920113740737,110.31731096863541,110.74728604541819,14226200
2024-11-19,109.8580322265625,109.9362108769569,108.29449649630664,109.49646901565967,12166800
2024-11-20,111.65609741210938,111.76359118626634,108.92967864631437,109.70167599911161,9319300
2024-11-21,112.1056137084961,113.6007449001036,111.23589677409007,111.54860390269081,10261000
2024-11-22,113.0144271850586,113.68869754745644,111.01114212180515,111.25544481461525,10098000
2024-11-25,113.35643768310547,113.92322166084718,112.31082256476682,113.04373056702828,10397800
2024-11-26,112.81897735595703,113.76687297004543,112.80921061650088,113.35644624709776,6808100
2024-11-27,114.91999053955078,115.50631553839774,112.81898579278291,112.81898579278291,8142400
2024-11-29,114.79293823242188,115.05678183205079,114.06980442647067,114.58772488703812,5095200
2024-12-02,114.4900131225586,115.92650663824996,113.8939139786448,115.09587900582909,8390500
2024-12-03,113.79618835449219,114.55841899877987,112.81897760879272,114.33365724683742,9194000
2024-12-04,114.32388305664062,114.61704926257332,113.20008920793371,113.32713137641684,7996200
2024-12-05,113.84504699707031,114.59749595859375,113.41507190161349,113.8939105144726,9823600
2024-12-06,114.06981658935547,114.58773710514706,113.57143700855394,113.89391835233884,6677900
2024-12-09,111.99812316894531,114.50955446492489,111.31407863522568,113.73755708799773,8666100
2024-12-10,112.11539459228516,112.33037469840966,111.128409629945,112.03721594158908,7526400
2024-12-11,111.99812316894531,112.42809827901266,111.38248308859765,112.02743829817241,6426800
2024-12-12,112.2815170288086,112.38901080809794,111.55838315902002,112.08607040486143,5285100
2024-12-13,110.75706481933594,112.34014894681181,110.71798294949588,111.71473465200006,6864500
2024-12-16,110.04053497314453,110.98281320215158,109.66755218100478,110.91410564863736,10528500
2024-12-17,110.9337387084961,111.93491452519767,108.75472440742044,108.9804745994282,12238600
2024-12-18,109.29456329345703,113.97651696216505,109.18659320962105,111.24782732988315,12292800
2024-12-19,109.31420135498047,110.82577508233209,109.1964137633534,109.59884908499103,9468500
2024-12-20,109.96202087402344,110.88467167478957,108.39155700249992,108.56823465608147,17955300
2024-12-23,109.3436508178711,109.7853411994127,108.27376741072199,109.54977349516133,6037200
2024-12-24,110.48223114013672,110.65890878541984,109.13752502356829,109.19641507580863,2475000
2024-12-26,110.47241973876953,111.22820285777271,109.79515419224836,110.05035689636043,4781400
2024-12-27,109.49088287353516,110.05036084858274,108.81361730269147,109.75589560337359,4523800
2024-12-30,108.75472259521484,109.48106068347026,107.80262683015147,108.39154980680617,5716300
2024-12-31,109.29456329345703,109.5301309815711,108.62711526999902,108.73508535383502,4757500
2025-01-02,108.77435302734375,110.12887665875883,108.13634999865789,109.63810625031772,5688100
2025-01-03,109.10807800292969,109.4810608079038,108.14616473206955,109.31420067056501,5393100
2025-01-06,109.00011444091797,110.76688347863949,108.82343678828957,109.41235980086341,6274400
2025-01-07,109.33383178710938,111.64045122581453,109.23567920242107,110.07980491015248,7878800
2025-01-08,107.73391723632812,109.05899578087494,106.63458887575679,108.95102569686517,7805300
2025-01-10,106.6444091796875,108.49952068846203,105.6334233561139,107.9694877590176,8835500
2025-01-13,106.08493041992188,106.6051458406455,104.7500343459403,105.93769780365471,6690200
2025-01-14,106.12419128417969,106.94868194063348,105.62360339215456,106.67385172181555,5501600
2025-01-15,106.18309020996094,107.57687642964802,105.99659505079067,107.15481356159489,6296900
2025-01-16,104.49483489990234,106.59533165765424,104.20037714675411,106.29105639949908,7872800
2025-01-17,105.04450225830078,105.75121289394373,104.57336682691391,104.85801458230137,7144300
2025-01-21,106.6934814453125,107.42963704172972,104.82855992523842,105.12301767066813,8643700
2025-01-22,106.80145263671875,107.52779822446232,106.23216466090732,107.52779822446232,8781700
2025-01-23,108.99028778076172,109.01973280563276,106.4873558268586,106.4971733313362,7608300
2025-01-24,110.0896224975586,111.29691351839627,108.58785874531128,109.10808167281672,8304500
2025-01-27,111.24783325195312,111.97417885252663,109.40253920113223,109.61847938029936,10176900
2025-01-28,110.06999206542969,110.87485527565089,109.5006965661467,110.76688518135369,6516800
2025-01-29,111.1006088256836,112.26863731991696,110.67854596969073,111.40488408631953,7607100
2025-01-30,111.33617401123047,113.05387042307437,111.03189875747226,111.98398704964504,6236200
2025-01-31,110.97300720214844,111.9054755120077,110.67854943737379,111.20858240024313,7793400
2025-02-03,111.8956527709961,112.48457576155207,108.81361521480977,109.2945681167649,8870700
2025-02-04,111.20857238769531,112.54346843579603,110.43315427971314,111.69934277336287,13521100
2025-02-05,108.49952697753906,116.4009263647638,108.19525170892099,113.56427389375604,23310000
2025-02-06,110.0208969116211,110.60000983679642,107.13517225553329,109.81477425679778,12470800
2025-02-07,108.81361389160156,110.47242024305916,108.76453385608451,109.54976949298518,8669300
2025-02-10,107.26277160644531,109.32400567690368,106.6836661603736,109.08843799448142,8239500
2025-02-11,107.00757598876953,107.03702850351056,105.70213240061085,106.37939046841228,7456700
2025-02-12,107.21370697021484,107.50816472282116,105.76102326291237,106.25179367248505,6521200
2025-02-13,107.56704711914062,107.73391473782515,106.55606134555157,106.90941661437748,6553200
2025-02-14,108.34247589111328,108.47008099377969,107.56705772410632,107.83207794613473,5964500
2025-02-18,107.53761291503906,107.89096821941884,106.70330469191663,107.75355309977807,8362900
2025-02-19,109.29456329345703,109.69699860385694,107.12535908935895,107.12535908935895,8452100
2025-02-20,108.50933837890625,109.46142666401825,107.36092995219728,109.18659643833132,5970100
2025-02-21,106.65422821044922,109.69700322948088,105.92788261791333,108.95103011567527,9082100
2025-02-24,109.14733123779297,109.50068651605021,106.64440675345969,106.83089440857859,7093300
2025-02-25,108.48970031738281,109.8344138707364,107.05665168906998,109.37308850978438,7289000
2025-02-26,109.76571655273438,111.15950278152587,108.0283850308983,108.0283850308983,7831600
2025-02-27,109.25530242919922,111.03189634303865,109.00991723284324,110.24666071927473,7854700
2025-02-28,111.69934844970703,111.88583611351562,108.95103115487979,109.40253903401128,14609400
2025-03-03,110.70799255371094,113.41704737653048,109.93257438930178,111.96436363427584,7884700
2025-03-04,106.99776458740234,110.17795467911577,106.27141900443462,109.63810424428327,12658000
2025-03-05,107.29222106933594,108.89213734540273,106.2223452056297,107.32166609478665,9956100
2025-03-06,103.48384857177734,106.82108884522341,103.0814132425467,106.37939098470963,11618800
2025-03-07,103.5623779296875,103.8175731607692,101.40298355092442,103.06178999576771,12715900
2025-03-10,101.17723083496094,102.86548226542479,100.22513502904384,102.50230946143265,10947100
2025-03-11,96.09284973144531,99.17488736988761,95.65115186031834,97.94796131991656,16906000
2025-03-12,96.93696594238281,97.65348649167287,94.60089417975105,96.85844088563384,11891800
2025-03-13,95.08186340332031,96.82900489183601,94.15921262187672,95.96524416416548,11059500
2025-03-14,96.81918334960938,97.270691216355,95.62170238240654,95.64133739188703,10199800
2025-03-17,97.52589416503906,98.27186726737311,96.8388186027327,96.9173361751663,8332100
2025-03-18,97.51607513427734,97.88906542388855,96.66213944713982,97.43755007451057,6727000
2025-03-19,98.43872833251953,99.09635887528566,97.63386517114077,97.82036032062092,8614600
2025-03-20,97.03512573242188,98.20316170056704,96.81918555459045,97.73201881361102,7836500
2025-03-21,97.6240463256836,98.04610916601085,95.94561246909716,96.56398047250417,15089900
2025-03-24,98.33075714111328,98.58595984460666,97.0351235912759,98.3700196715401,8224400
2025-03-25,99.73436737060547,99.88159999729865,98.55652133418492,98.79208904375653,7365200
2025-03-26,98.919677734375,100.38217138682846,98.40927982826138,99.82269344672466,6314000
2025-03-27,98.59577178955078,99.16506725903352,97.74183607388879,98.8509744980365,6598800
2025-03-28,96.25970458984375,98.53687891397188,95.93579433318747,98.20315864121952,7679700
2025-03-31,96.8780746459961,97.0253072647441,93.93345222528421,95.04259812976541,10554000
2025-04-01,95.87691497802734,96.77011329893604,95.05241673170273,96.50510055210194,8762700
2025-04-02,96.07320404052734,96.49526685433887,94.66960049585752,94.83646811141017,7959900
2025-04-03,87.20008087158203,93.03043560615448,86.97433068170983,92.76542288574755,19353400
2025-04-04,81.98809814453125,85.9240786726015,81.54640779978813,84.41250500984432,22580900
2025-04-07,81.7623519897461,85.03087717660328,78.62141692299748,79.49498763969818,20456000
2025-04-08,80.21151733398438,85.34497164981575,79.35757412123759,84.36343082583369,14845600
2025-04-09,89.75209045410156,90.5471360818955,79.69129755611317,79.78945013545436,24970900
2025-04-10,83.65673065185547,87.36695389823595,81.53659880331665,87.27861132693226,16377000
2025-04-11,83.32300567626953,84.088606373432,81.81143180480603,83.53894587055899,10204400
2025-04-14,83.09725189208984,84.85420342231403,82.47887636438186,84.24565288845841,10841300
2025-04-15,83.44078826904297,84.39288407475414,82.95982786934495,83.18558555579119,7840500
2025-04-16,81.24213409423828,83.23466834041292,80.49616842866612,82.72426289706092,10144300
2025-04-17,83.24446868896484,84.19656441552459,81.82123759555928,81.83105509986571,14810900
2025-04-21,82.44943237304688,83.65673092776255,81.44826398919881,83.34263815159821,14166800
2025-04-22,84.50084686279297,84.9621722532609,83.03835311592236,83.44078845264964,9578500
2025-04-23,85.6786880493164,88.21106483624663,85.42348537216438,87.38656675950975,12089100
2025-04-24,88.3484878540039,88.57423804019103,85.16829032966132,85.83573836073252,10310000
2025-04-25,88.6135025024414,88.67239255428538,87.4258390293615,88.40737983242542,7749600
2025-04-28,88.49571990966797,89.68338334934292,87.98531451283596,88.78036014461594,8491800
2025-04-29,89.48706817626953,89.96802853443761,88.10309961597618,88.17180716877711,6359900
2025-04-30,89.2711410522461,89.50671625788085,86.92525892154623,88.23071010399538,8474800
2025-05-01,89.13372039794922,89.91895605756783,88.69203001976516,89.58522828123314,7790600
2025-05-02,90.78270721435547,91.46979027293553,90.144704191589,90.144704191589,7594000
2025-05-05,90.40972137451172,91.36181712432817,87.95586943727834,88.04420451250907,10231000
2025-05-06,90.46862030029297,91.02809829732855,89.32021927825612,89.51652445706902,11839400
2025-05-07,100.20549774169922,101.4029787285867,98.29149615679681,100.5294080063941,36155300
2025-05-08,103.1795654296875,104.22981372342102,101.94282199875218,102.05079207938884,19265400
2025-05-09,103.98443603515625,104.22982123819291,102.82621757728072,103.31698798335404,10438200
2025-05-12,108.450439453125,108.8921373003889,106.65422550431659,107.84188895789664,18366600
2025-05-13,109.32401275634766,110.12887592125865,108.11672175326221,108.2148743365807,14076700
2025-05-14,110.85521697998047,111.31654234013291,108.78416535582485,109.3240082862844,15352200
2025-05-15,110.14851379394531,110.7668818246298,109.52032825810518,110.15833129910096,8322400
2025-05-16,111.32636260986328,111.34599762066989,109.3632808887009,109.8540513189915,10961000
2025-05-19,110.58039093017578,110.9042937052344,109.83441781992991,110.05035799567705,7209700
2025-05-20,110.28591918945312,111.30672246734345,109.74606878191827,110.36444424665122,6433300
2025-05-21,108.4209976196289,110.41352427762463,108.09708735314508,109.62829611808579,10150600
2025-05-22,109.07862854003906,109.73626658019961,107.94986258882716,107.94986258882716,7903700
2025-05-23,107.69465637207031,108.31302437213732,106.77200563574264,107.57686878172149,8086100
2025-05-27,110.28591918945312,110.80613458840764,108.11671503214679,108.98046819564094,10201100
2025-05-28,109.46143341064453,110.39390172076848,109.11789560736202,110.12888149497735,5787900
2025-05-29,109.95219421386719,110.18776939140317,108.47988305279549,109.94238419789122,9682100
2025-05-30,110.95337677001953,111.25765203220872,109.3142053745531,109.94239090920564,12881100
2025-06-02,110.86502838134766,111.50303138764703,110.17795282906333,110.60001566505566,7546800
2025-06-03,111.5030288696289,112.57291219238172,110.44296305127614,110.64909320086838,9738800
2025-06-04,111.39506530761719,111.94473325776941,110.89448488233857,111.75823810606043,5614900
2025-06-05,110.4527816772461,112.2293680750457,109.77551614943883,111.63063509467446,8547200
2025-06-06,111.79750061035156,112.11159337240737,111.12023504994038,111.267467670277,5790700
2025-06-09,113.52501678466797,113.9667071658259,111.87602787921621,111.87602787921621,7960400
2025-06-10,116.53834533691406,118.27566930055232,113.39741020674964,113.39741020674964,18948400
2025-06-11,117.31375885009766,117.34321136592807,115.47828225714109,116.19480288253794,10439200
2025-06-12,116.4205551147461,117.18615574207331,115.48809434834747,116.6757578200425,7980300
2025-06-13,115.76292419433594,116.13590700195742,115.1347386822566,115.1445486984789,13204900
2025-06-16,117.27450561523438,118.11862386800185,115.69422422659773,115.84144936520907,9592100
2025-06-17,115.94940948486328,117.12726291236841,115.4782741047107,116.79353515357865,9241200
2025-06-18,115.68439483642578,116.55796551573245,114.68321906534872,115.70402235670338,8181200
2025-06-20,115.4586410522461,116.85243467284285,114.74212046529048,116.06719904119853,17180400
2025-06-23,115.57643127441406,115.81199897384477,112.89682154735202,114.50655537772124,8348000
2025-06-24,116.95645141601562,117.38031411432493,116.06929605670585,116.06929605670585,8350200
2025-06-25,117.71546173095703,118.01118270147997,116.93673686104356,117.07473797515513,6976300
2025-06-26,119.72633361816406,119.93333527003792,117.97174174185582,118.26746268481617,10439600
2025-06-27,120.5937728881836,121.18521478735649,119.74605504172781,120.1107690229888,13435600
2025-06-30,122.23994445800781,122.91023877382277,121.42178966419762,122.53565789350199,13456200
2025-07-01,121.72736358642578,121.9935139533567,120.70220712222152,121.73722295718154,9815700
2025-07-02,121.22464752197266,121.93436428032354,120.781066087445,121.55979092004144,7317100
2025-07-03,122.23008728027344,122.46665953701238,121.14578962301546,121.31336132485153,4252300
2025-07-07,121.4020767211914,122.83137710704507,120.83035355865147,121.45135853282652,7023500
2025-07-08,120.08120727539062,121.94422984169572,120.08120727539062,121.46122594093058,6622900
2025-07-09,118.88847351074219,120.60363551131145,118.88847351074219,120.10091289165454,6724900
2025-07-10,119.82491302490234,120.20934576497264,118.89833521266709,118.89833521266709,6888700
2025-07-11,118.1590347290039,119.49962333055525,118.02103362477034,118.91804080228853,6112400
2025-07-14,118.25760650634766,118.78004033524819,117.89288500291889,118.07031606938475,6853300
2025-07-15,117.28173828125,118.51389636424958,117.18315961821314,118.51389636424958,7943600
2025-07-16,118.10974884033203,118.84904371477589,117.18316352447022,117.65631555313269,6747500
2025-07-17,120.46563720703125,120.64306828159881,118.04075086827204,118.04075086827204,9933700
2025-07-18,119.68690490722656,120.41634790201164,118.57303671537335,120.22905746814843,9486800
2025-07-21,119.11518096923828,120.22905667423224,119.05603978861772,119.34190136244378,6392500
2025-07-22,119.33204650878906,119.6967680175776,118.83918326364058,119.02647370335582,5614500
2025-07-23,121.18521881103516,121.42179106626146,119.7657702386845,119.78548145974652,8258900
2025-07-24,120.20934295654297,121.6386508853957,120.07134184899806,121.09649830540047,6702200
2025-07-25,119.73619842529297,120.7022061779014,119.1447640330128,120.51492325798543,5656600
2025-07-28,118.65190124511719,119.66719833455083,118.17874921716457,119.30247682299367,6042200
2025-07-29,118.1984634399414,119.0856112376309,117.65631087869022,118.85889836328663,6283700
2025-07-30,117.83374786376953,118.78004441055589,117.4788857186626,118.23789182206016,5281500
2025-07-31,117.4098892211914,118.19847346434635,116.88745535631234,117.75489200738544,7235000
2025-08-01,114.92584991455078,116.20729738266621,113.9204121857883,115.91157642217914,8637800
2025-08-04,117.64645385742188,117.81402555406507,116.04958177329885,116.04958177329885,8845000
2025-08-05,116.63115692138672,117.8633150225341,115.65528981101693,117.54788284946022,15365700
2025-08-06,113.526123046875,114.46256776590393,110.59851403939454,114.12741683388934,22153700
2025-08-07,111.26880645751953,114.73856800652807,110.2239387567539,114.09784426680524,15484400
2025-08-08,110.82523345947266,112.65868539683322,110.42108197455606,111.68281824323698,9491000
2025-08-11,110.94351959228516,111.53495398290336,109.94793373043844,111.29838173075534,8532600
2025-08-12,112.09681701660156,112.76711132685739,110.88437013169167,111.69266554813285,7274000
2025-08-13,114.97513580322266,115.55671833595603,112.520678978508,112.59953890167459,9025700
2025-08-14,114.64984130859375,115.04413339377851,112.98396871744457,113.83169406841819,6800900
2025-08-15,113.74298095703125,115.1722813829264,113.54583866397552,114.9061385352515,6768600
2025-08-18,114.88642883300781,115.33986212942779,113.51626957281583,113.5458401651155,5798400
2025-08-19,114.61041259765625,115.32013685462793,114.06826755505004,114.83713299327069,5914000
2025-08-20,115.36943054199219,116.20729656347052,114.3442740788259,114.4231340037994,7046700
2025-08-21,114.55127716064453,114.99485860374352,113.88098283105856,114.90613930692514,6337100
2025-08-22,117.1634521484375,118.07031872163594,115.4581419979589,115.91157528455813,7161700
2025-08-25,116.02986145019531,117.35073882574632,116.02000207979303,116.79872689065964,5424900
2025-08-26,115.9707260131836,116.69030215777553,115.48772212649209,115.753864976568,5787400
2025-08-27,116.40443420410156,116.76915570215809,115.61585754736583,115.85242979233693,4378000
2025-08-28,115.96086883544922,116.68045251414705,114.94557170890717,116.41430213854098,5687700
2025-08-29,116.69029998779297,116.95645035341602,115.57643175374959,115.7144328616666,5212600
2025-09-02,116.58187103271484,116.59173040355418,114.34427516395587,115.34971289517222,6015900
2025-09-03,115.70457458496094,116.92688086734914,114.68927748690189,116.14815602502803,6288700
2025-09-04,117.11416625976562,117.97175104558646,115.0934313918265,115.40886357962901,6949300
2025-09-05,116.22702026367188,118.07032408546763,116.02001107166052,117.21274680640644,6669100
2025-09-08,117.14373779296875,117.18316775682275,115.07371357386128,116.2763011496704,6450700
2025-09-09,115.6947250366211,117.35074590072908,115.54686455365677,116.8381638958523,5444300
2025-09-10,114.13727569580078,115.83272652896665,112.86568757092638,115.18214340998583,7484900
2025-09-11,115.40885925292969,115.49757102719055,112.9938248401568,113.80212026112862,8399100
2025-09-12,114.30484008789062,115.33985588532559,113.45711472554292,114.60056103587094,7640900
2025-09-15,113.96969604492188,115.0835642376594,113.35854293216985,114.45269990472005,7150900
2025-09-16,113.58526611328125,114.1964117205285,113.07268412988444,113.80211962264548,6844900
2025-09-17,114.4428482055664,114.99486017426216,113.57541156975391,113.5951227912625,7333900
2025-09-18,113.22055053710938,114.12741714539436,112.42211444943419,113.68384321235185,9460500
2025-09-19,112.13624572753906,112.96425235541462,110.33236447617224,112.96425235541462,23398400
2025-09-22,110.953369140625,112.00809616350351,109.92821270858948,110.16479247632579,15479800
2025-09-23,110.64779663085938,111.9982446066948,110.00707291909815,111.11108927660204,13145000
2025-09-24,111.81095886230469,112.52068315616218,110.59851194021539,110.80552112633755,8755200
2025-09-25,111.37723541259766,112.42211061919328,111.04209201158332,111.10123319517494,6365500
2025-09-26,111.85038757324219,111.94895871950861,111.15052265810526,111.51523665134067,6145700
2025-09-29,113.14168548583984,113.36840588789269,111.7123850814297,111.85038618859359,9304100
2025-09-30,112.86568450927734,113.24025787275913,111.72223815681234,112.89525510106586,9303700
2025-10-01,111.33780670166016,114.40341676056116,111.18009437014412,112.45168247513328,9736300
2025-10-02,110.53937530517578,111.55467245381372,109.19878658838293,111.36738952225221,8695100
2025-10-03,110.86466217041016,111.94895983110008,109.96764743333713,110.44079946880906,7148400
2025-10-06,111.14066314697266,111.49552528948075,109.85921568563828,111.08152196338676,6141200
2025-10-07,110.9238052368164,111.7813900254436,110.20422908126997,111.02237638573415,5409800
2025-10-08,110.29293823242188,111.58423754963299,110.05636597655416,111.1998048136618,7074400
2025-10-09,109.4057846069336,111.38709702254263,109.2973540878383,110.22393942538118,6502400
2025-10-10,107.63147735595703,111.07166068453807,107.55261743219965,109.93807372213854,9635200
2025-10-13,108.69605255126953,109.37620620969729,107.81875661064336,108.81434243288619,7435100
2025-10-14,109.58321380615234,110.24364875988587,107.64133138713296,108.08491282688409,7898000
2025-10-15,110.1155014038086,111.07165726859614,109.55363762518547,109.87892916030833,7012600
2025-10-16,108.3116226196289,110.49007723202818,106.96118215882947,110.1943638011324,7531200
2025-10-17,109.0903549194336,109.86907979236612,107.87791548068175,108.17362893185447,10090500
2025-10-20,110.3619384765625,110.64780006515922,109.0213498295899,109.44521252709589,8047500
2025-10-21,112.66854095458984,112.90511320674356,110.44079697869476,110.6477986393913,8163200
2025-10-22,111.46595764160156,112.64882646753823,111.36738649285628,112.37282424285277,7569200
2025-10-23,111.41667175292969,112.2052560082749,110.30280344871413,111.55467286954057,6945400
2025-10-24,110.0859375,112.02781993789965,109.99721820298862,111.61381660650383,6235200
2025-10-27,110.73651123046875,110.992802225815,109.72121414030401,110.34222664747004,6029600
2025-10-28,110.05636596679688,110.87452077220003,109.86907552398264,110.31265696425376,6839400
2025-10-29,108.6664810180664,109.93806903255158,108.43976814755506,109.59306628145,7097100
2025-10-30,110.24365234375,111.95882193375118,107.98634519092047,108.55806086709089,8311300
2025-10-31,111.01251983642578,111.48566433940304,108.95234756491078,109.98736338598,8700600
2025-11-03,110.51966094970703,111.19980713961529,109.4452151242777,110.94352365727146,8542300
2025-11-04,109.8789291381836,110.19436130295243,109.06077437564393,109.38606591070129,7950100
2025-11-05,109.77050018310547,110.37179393080024,109.02134596097005,109.76064081267712,5746000
2025-11-06,108.91291809082031,110.11550561539397,107.6216187917271,109.58321240678778,10291800
2025-11-07,109.15934753417969,109.83950120723244,108.46934201115236,108.68620303853129,8782100
2025-11-10,110.637939453125,111.18009203239778,109.44521129922117,109.56350118574332,9158700
2025-11-11,113.210693359375,113.32898325337655,110.81537752944548,111.04209794615758,9713300
2025-11-12,114.98499298095703,115.41870750910988,112.75724907720958,112.93468014070267,15248700
2025-11-13,106.07403564453125,107.79905712325126,103.41257694270482,107.33576443711553,44045400
2025-11-14,104.28987121582031,107.17805028647318,103.79700794451774,105.98531455188389,16691400
2025-11-17,104.18143463134766,106.13316886064071,103.61957083558194,104.24057581390313,12296400
2025-11-18,104.76300811767578,105.55159230254684,103.501279438279,103.59985058126385,11796200
2025-11-19,103.17599487304688,106.05431455756745,102.59441982577245,104.5658729007312,12790000
2025-11-20,101.2341079711914,104.2898661203646,101.03696568050115,103.86600342693386,12609900
2025-11-21,102.79155731201172,103.28442055767384,101.22425580064441,102.00298063125011,10785400
2025-11-24,100.4849624633789,102.85070006221002,100.43567312986309,102.60426843562375,15024800
2025-11-25,101.83539581298828,102.43668954127516,100.54409658691114,101.02710043536432,10574500
2025-11-26,101.95369720458984,102.76199267347984,101.41154459475649,101.84526668262318,10130200
2025-11-28,102.97884368896484,103.24498652210353,101.76639684345389,101.82554554453716,6525500
2025-12-01,105.24601745605469,105.30516616131858,102.97885096751278,103.42242489426108,12628900
2025-12-02,103.33370971679688,105.04887170307993,103.32385034616124,105.00944174103365,8548200
2025-12-03,104.230712890625,104.33914340194502,102.97884360606103,103.40270628108587,10177800
2025-12-04,103.9645767211914,104.70387160730532,103.01828016942518,104.32929071855652,11471400
2025-12-05,103.79700469970703,104.65458195184677,103.06756166622483,103.67871481091348,10680100
2025-12-08,106.09374237060547,106.5077532235307,103.33371263391743,103.79700530041951,13727700
2025-12-09,105.49244689941406,106.21203055464959,105.0291617608474,106.05431070454455,8549400
2025-12-10,107.27661895751953,108.10462562433456,105.05873428791234,105.59102751107764,11237900
2025-12-11,109.86907196044922,109.96764310381356,107.55261624915427,107.64132802203332,13281400
2025-12-12,110.007080078125,111.72224214759265,109.56350614445985,110.13522934111462,13059100
2025-12-15,109.64981079101562,110.7017554968497,107.72456807053958,109.85821300229183,14318000
2025-12-16,110.77122497558594,111.99186760326596,110.01700202680637,110.3742651303662,15580200
2025-12-17,109.78874969482422,111.27734346351971,109.6200442181698,110.21548021137211,12142500
2025-12-18,111.01932525634766,111.9422536896534,109.58034674668848,109.6895108947102,12913900
2025-12-19,110.39411163330078,112.61708377659764,110.07654526588401,111.46590096259969,21138400
2025-12-22,111.52543640136719,111.94224838833786,110.30479381693752,110.56281884289479,8803300
2025-12-23,112.35905456542969,112.44836655386564,111.18802720942375,111.43612616136247,7634500
2025-12-24,113.6094741821289,113.6590894291559,111.9422489401646,112.0811837460467,4606700
2025-12-26,112.69646453857422,113.86749188452968,112.40866884822985,113.2819819972415,5428900
2025-12-29,113.3216781616211,113.61939235705125,112.44836501704958,112.45829109497764,7966000
2025-12-30,113.9171142578125,114.40338607755221,113.23235873617357,113.23235873617357,6883900
2025-12-31,112.90486907958984,114.01635512338707,112.68654835920721,113.89726489932262,6608000
2026-01-02,110.99947357177734,112.57738689992571,110.7712267677642,112.57738689992571,8906200
2026-01-05,113.20259094238281,115.1476858420111,110.53304376237752,110.5727405037633,12029000
2026-01-06,113.69879150390625,113.8873491370408,112.24989448074557,112.92472395728144,7388300
2026-01-07,112.0514144897461,114.09574743456305,111.65445465165313,113.58962345171003,8296300
2026-01-08,113.30182647705078,114.11559072881793,111.69415012945518,111.69415012945518,9778200
2026-01-09,114.99882507324219,115.09807071249863,113.03388558658445,113.44076393629469,8935200
2026-01-12,111.96209716796875,114.06597905195413,111.69415362544264,113.75833119630794,10833800
2026-01-13,112.12088012695312,112.35905299750453,110.76129516360488,111.9819377501375,8945700
2026-01-14,112.66669464111328,112.72623596663055,111.4063552989297,111.9521684493894,8950900
2026-01-15,112.54761505126953,113.24228910579605,111.31703876699491,112.8453292583326,7958500
2026-01-16,110.35440826416016,112.98425860870292,110.27502235560766,112.33919983417296,12049600
2026-01-20,109.5009536743164,110.24525055651173,107.97267073902252,108.8261317696502,9818200
2026-01-21,112.32928466796875,112.3888259939984,109.65973750407791,109.7292049082389,10041400
2026-01-22,112.34912872314453,113.4209180149001,111.31703617234797,112.30943198218553,12437700
2026-01-23,110.13609313964844,112.09110657534877,109.7093626275885,111.83308910954834,10819800
2026-01-26,110.46357727050781,111.55521873918869,110.28494571848542,110.83076645282586,8859800
2026-01-27,109.76890563964844,110.94985912469389,109.19331422917422,110.65213734096461,8956900
2026-01-28,108.72688293457031,110.58266583202987,108.17114370169651,109.44140913191045,9016600
2026-01-29,110.73152923583984,110.82084122684826,107.93297328021896,108.79635281215113,11079000
2026-01-30,111.94225311279297,112.09110643080152,110.14601150456994,110.51320068887615,17895200
2026-02-02,103.6557388305664,107.78410901469849,102.96106479543799,103.21908982479103,37778500
2026-02-03,103.427490234375,104.19163165971047,101.56178130729583,103.98322945280078,24827100
2026-02-04,106.23597717285156,107.77418617438326,102.84197766266205,103.40764298579708,19070400
2026-02-05,104.17179107666016,107.50624165805122,104.01300411022284,106.23597621206973,11859500
2026-02-06,107.87342071533203,108.1314457439972,104.56874844688343,105.32296380547531,12105600
2026-02-09,106.31536102294922,108.09175044183,105.95809792354419,107.86350364416408,10515400
2026-02-10,109.12384033203125,110.26509700660796,106.78178565822519,106.78178565822519,9815500
2026-02-11,107.29783630371094,109.03452894856412,106.98026995150724,108.10167447648739,9374900
2026-02-12,101.60147857666016,107.33753262100633,100.25181969227036,107.10927825717582,25319600
2026-02-13,104.64813232421875,104.71759972619711,100.43045024504119,100.62893394453575,12845300
2026-02-17,104.63821411132812,106.46421872352691,103.57635092303495,105.75961862394723,10467400
2026-02-18,106.28559112548828,106.9108053396402,105.00539960529535,105.15426049301625,8791600
2026-02-19,105.19395446777344,106.9504916968191,104.64813375094563,106.29551440800479,7492900
2026-02-20,104.77715301513672,105.39243358092172,103.85422459507994,104.80692367846447,9043600
2026-02-23,103.61605072021484,104.39011824480646,102.17707224505678,104.18171603213789,10626500
2026-02-24,105.24357604980469,106.41460337920466,103.18931707728036,103.65573673636953,13594800
2026-02-25,104.25118255615234,105.90848173674713,103.71528791179529,105.19395554427105,8556500
2026-02-26,104.74738311767578,105.95809967300593,104.51912874486197,104.66798963396843,9578500
2026-02-27,105.23365020751953,105.5313644009208,103.13969449033436,103.98322939537309,13954000
2026-03-02,103.53665924072266,103.81452886298935,102.07783615244315,103.81452886298935,14178600
2026-03-03,102.51448822021484,103.51680251754973,101.37323154649653,102.0579794936243,13608400
2026-03-04,102.2564697265625,103.05038186710433,101.85950987060183,102.38547846191342,9672300
2026-03-05,101.63125610351562,103.75498248036759,100.81748429027168,102.31600404748632,11751500
2026-03-06,100.76787567138672,101.03581921988877,99.18996233036073,100.61901477938359,10448600
2026-03-09,100.886962890625,101.09536510466263,97.70136563944882,99.78540292258373,11715100
2026-03-10,100.54954528808594,101.4625476354206,99.47775597353863,100.97627579824574,7833100
2026-03-11,100.12281036376953,101.11520615095836,99.63653854803313,100.62893433522194,8152800
2026-03-12,98.67391967773438,100.11289063181937,98.61437834957015,99.3388230801665,10309400
2026-03-13,98.53498077392578,100.00372233112067,98.4059720444657,99.07087541929553,9551500
2026-03-16,97.90977478027344,98.93194125870065,97.71129107436866,98.71361296789499,11578500
2026-03-17,99.53730010986328,99.94417844396594,98.26702714707265,98.41588802886785,11785600
2026-03-18,98.66399383544922,100.25182568512552,98.24718939454284,99.0807982763556,12615100
2026-03-19,98.44566345214844,100.01365068298418,97.69144807163296,98.2769579779315,14793800
2026-03-20,98.75331115722656,99.269353657388,97.64182510199821,98.257113242257,27544200
2026-03-23,97.20516967773438,99.83502017283372,97.11585768623267,99.45791247863863,11373000
2026-03-24,95.65703582763672,97.30441658068045,95.5181010136908,96.99676871718921,9155700
2026-03-25,95.22037506103516,96.4410252402814,94.33714339473161,96.08376214252051,8467500
2026-03-26,94.02950286865234,95.66695746718439,93.87071590500793,94.3966920435457,8548800
2026-03-27,91.71721649169922,93.47376126842354,91.48896970147202,93.47376126842354,12475900
2026-03-30,93.60277557373047,94.46616268251262,92.18364921591858,92.18364921591858,10592600
2026-03-31,95.64710998535156,96.15323399247868,93.47376820675542,94.61501738536155,11180200
2026-04-01,95.82573699951172,97.61205248622655,95.75626959566054,96.52041860940267,8518600
2026-04-02,95.87535858154297,96.431097805182,94.36691272969546,95.26999653948798,6379100
2026-04-06,95.54786682128906,96.4211799747073,95.389087429727,95.76619510964362,5882200
2026-04-07,95.05167388916016,96.05399582384246,94.60509878245135,95.07152604625539,7913000
2026-04-08,98.42581939697266,98.43574547532691,96.94715172012246,97.3540300760944,10821000
2026-04-09,99.03118133544922,99.46783792592092,96.93722551678441,97.9097767670043,8918300
2026-04-10,98.4158935546875,99.39837088687223,98.06855652524918,99.08079694980933,6359600
2026-04-13,100.41060638427734,100.4999183711592,97.78075602521236,97.78075602521236,6790300
2026-04-14,101.80988311767578,102.31600710376478,100.13273933736312,100.56938834781593,9997400
2026-04-15,102.2564697265625,102.59388068273239,101.01597490879759,101.8198131278678,7035300
2026-04-16,103.10992431640625,103.73513093975063,101.9984383035261,102.83205470603097,8145900
2026-04-17,105.48175048828125,105.52144722884589,103.89391872259145,103.89391872259145,10506200
2026-04-20,105.4916763305664,106.29551450391168,105.10464257514987,105.10464257514987,6423400
2026-04-21,103.49696350097656,106.06726510321214,103.1793971336853,105.3825171192469,7784500
2026-04-22,104.0229263305664,105.47182327436494,103.43741644914698,104.2313285377519,6886600
2026-04-23,102.86183166503906,104.40004069417164,101.7701977411496,104.14202322381671,6147000
2026-04-24,101.81980895996094,102.85190151465905,101.19460232309635,102.81220477355,5974500
2026-04-27,101.57170867919922,103.02060563953918,101.28391298845388,101.83965978533895,6524300
2026-04-28,100.69840240478516,102.50456244658284,99.84494141643668,101.87935582220716,6409300
2026-04-29,100.52970123291016,100.70833278627653,99.83501960476121,100.17243812617741,5533700
2026-04-30,102.96106719970703,103.32825638192301,99.65638727390106,100.14266668122531,9203500
2026-05-01,102.2961654663086,104.03285819415163,102.18700131770525,103.60612767816932,5956900
2026-05-04,100.53961944580078,102.26639364708471,100.49992270390443,101.95874579023288,8400100
2026-05-05,99.71593475341797,100.95642952130724,99.29912275715898,100.75794581561743,14314700
2026-05-06,107.23828887939453,108.31007817206148,104.50920040002059,105.70999842237963,23219500
2026-05-07,107.83373260498047,109.63989268061516,106.27566391105587,108.22076636608939,14309200
2026-05-08,107.19859313964844,108.37954658823092,106.72224738604457,108.20091503778465,8370000
2026-05-11,103.92369079589844,107.56578161412871,103.58627228220827,107.17874785259357,10562300
2026-05-12,105.35274505615234,105.4619016318964,103.42749472111741,104.19163617960176,8178500
2026-05-13,104.10232543945312,105.07486912556905,103.07023285422235,104.54890054022766,7605900
2026-05-14,104.61836242675781,105.48174949026665,104.05269712897726,104.73745264732493,6144600
2026-05-15,101.93889617919922,104.61836176837545,101.52209176690585,104.23132801819175,9258600
2026-05-18,103.1198501586914,103.90383616986786,101.77019127877047,101.90912608364066,9037200
2026-05-19,101.51216888427734,103.13969741611875,101.19460252614681,102.9213691252704,7032600
2026-05-20,103.28855895996094,104.06262648961834,100.8274139902545,102.12745766547482,7941400
2026-05-21,102.7923583984375,103.82445093516053,101.80988110870229,102.82212906090601,8611200
2026-05-22,102.21676635742188,103.7053600422387,102.19692177303108,103.24885888746034,5693300
2026-05-26,102.49463653564453,103.0106865892155,101.571708143084,102.31600498962058,6714400
2026-05-27,103.3877944946289,104.4496576951832,102.47479217798725,102.51448891845591,7360100
2026-05-28,102.94122314453125,103.61605261419375,102.31600892371814,103.02060905696617,6511100
2026-05-29,101.05567169189453,102.97099599414373,101.05567169189453,102.84197968736177,13340300
2026-06-01,102.06790924072266,102.2266962072239,99.53730442598828,100.88696335573167,8219000
2026-06-02,100.63886260986328,101.71064432917443,99.32889287365569,101.5717095216456,8397400
2026-06-03,98.63421630859375,100.49991765573053,98.495281504625,99.67623490973834,7471600
2026-06-04,98.5845947265625,100.69840261742887,98.25710986817649,99.77547422442305,9568000
2026-06-05,98.95178985595703,99.43806170522778,98.33650169977196,98.92201919170897,9501600
2026-06-08,98.11817932128906,99.08079692509821,97.66167814394407,98.76323055949389,7559200
2026-06-09,98.57467651367188,99.32889186938023,97.7609122614967,98.29680690142362,8616300
2026-06-10,97.86015319824219,99.00140991464168,97.20516831754395,98.7334588011272,7041400
2026-06-11,99.57699584960938,99.97395570346617,97.35403126794252,98.07848356908464,9264400
2026-06-12,99.27928161621094,100.99612219455338,98.78308369184245,100.29152205051567,8257200
2026-06-15,100.91673278808594,101.62133290773681,99.82509133515438,100.11288702989278,10265100
2026-06-16,100.50984954833984,101.15490835915841,99.28920690408536,100.65871043874095,10694600
2026-06-17,100.0930404663086,101.58163415846502,99.67623604963576,99.90448284246082,11168700
2026-06-18,103.0999984741211,103.42749090340284,100.03349910369847,101.02589489809478,22943600
2026-06-22,101.67095184326172,103.51680873068582,100.73810489243905,102.62365852244403,17396300
2026-06-23,102.74273681640625,103.24886079859846,101.02589630811102,101.24421702596689,14457400
2026-06-24,100.35106658935547,103.73513234938109,100.27167310777538,102.31600604449831,12215500
2026-06-25,97.30441284179688,100.80756886281634,97.24486394426569,100.34114161761468,12054400
2026-06-26,98.03878021240234,98.69375749140566,97.15554857213215,97.30440945370802,13921400
2026-06-29,97.87999725341797,99.27927899748993,97.75098852218167,98.95178655891404,10418100
2026-06-30,96.25,97.5999984741211,95.98999786376953,97.41000366210938,12717800
2026-07-01,95.70999908447266,97.76000213623047,95.6500015258789,96.55000305175781,11590400
2026-07-02,99.5,99.5199966430664,95.7699966430664,96.4000015258789,11297800
2026-07-06,97.41000366210938,99.44000244140625,97.0199966430664,98.8499984741211,10171900
2026-07-07,97.4800033569336,99.04000091552734,96.91999816894531,98.13999938964844,9936400
2026-07-08,96.69999694824219,97.66000366210938,96.63999938964844,97.30000305175781,8720800
2026-07-09,96.16999816894531,96.55000305175781,94.77999877929688,96.33999633789062,11448100
2026-07-10,95.62000274658203,97.05000305175781,95.5199966430664,96.88999938964844,10678900
2026-07-13,96.0,97.54000091552734,95.83000183105469,96.0999984741211,9304200
2026-07-14,95.87000274658203,96.69000244140625,95.12999725341797,95.51000213623047,7651600
2026-07-15,97.1500015258789,97.9000015258789,96.0999984741211,96.0999984741211,10219200
2026-07-16,99.70999908447266,99.8499984741211,97.27999877929688,97.27999877929688,7480000
2026-07-17,97.66999816894531,99.79000091552734,97.05000305175781,99.01000213623047,10496500
2026-07-20,96.41000366210938,98.38999938964844,96.0,97.8499984741211,9861700
2026-07-21,96.13999938964844,96.88999938964844,95.83999633789062,96.0,9745400
2026-07-22,95.87000274658203,97.30000305175781,95.6500015258789,97.12000274658203,9119200
2026-07-23,92.83000183105469,94.81999969482422,92.48999786376953,94.80999755859375,13562500
2026-07-24,94.8499984741211,96.29000091552734,93.0,93.26000213623047,12153100
2026-07-27,96.6500015258789,97.19000244140625,95.51000213623047,95.51000213623047,10593900
2026-07-28,98.88999938964844,99.2300033569336,96.97000122070312,97.0,11389300
2026-07-29,98.4800033569336,99.41000366210938,97.98999786376953,98.33999633789062,11070100
2026-07-30,96.16000366210938,97.4800033569336,94.45999908447266,97.41000366210938,21112400
2026-07-31,96.19000244140625,96.58999633789062,95.5999984741211,96.08000183105469,11193000
2026-08-03,98.13999938964844,99.05000305175781,97.20999908447266,97.62000274658203,11480300
2026-08-04,98.18000030517578,98.56999969482422,97.37999725341797,97.87000274658203,16796800
2026-08-05,101.76000213623047,103.20999908447266,99.69000244140625,101.98999786376953,20809000
2026-08-06,104.68000030517578,104.7300033569336,102.5199966430664,102.54000091552734,14047200
2026-08-07,104.91000366210938,105.25,103.69999694824219,104.41999816894531,10929700
2026-08-10,103.18000030517578,104.80000305175781,102.80000305175781,104.61000061035156,8631900
2026-08-11,103.52999877929688,104.08999633789062,102.79000091552734,102.94999694824219,6781600
2026-08-12,103.22000122070312,103.68000030517578,102.02999877929688,103.29000091552734,6717500
2026-08-13,104.80000305175781,104.94000244140625,103.45999908447266,103.80000305175781,7100000
2026-08-14,106.8499984741211,107.11000061035156,104.91000366210938,104.98999786376953,8176900
2026-08-17,103.5,106.63999938964844,103.45999908447266,106.33000183105469,7635000
2026-08-18,103.94999694824219,105.20999908447266,103.62999725341797,104.19000244140625,6149900
2026-08-19,106.93000030517578,107.05999755859375,103.95999908447266,104.05999755859375,8046100
2026-08-20,107.31999969482422,108.69000244140625,106.41999816894531,106.87999725341797,7971500
2026-08-21,107.77999877929688,108.41000366210938,106.97000122070312,107.56999969482422,6840800
2026-08-24,110.61000061035156,111.87000274658203,108.08000183105469,108.38999938964844,12658400
2026-08-25,111.25,111.5999984741211,109.76000213623047,110.5,6747100
2026-08-26,109.62999725341797,111.5199966430664,109.44999694824219,111.30000305175781,8524600
2026-08-27,106.81999969482422,108.87000274658203,106.73999786376953,108.77999877929688,8699500
2026-08-28,108.0999984741211,108.19999694824219,107.02999877929688,107.25,5465900
2026-08-31,107.55000305175781,108.08999633789062,106.97000122070312,107.77999877929688,8728700
2026-09-01,106.22000122070312,108.94999694824219,106.13999938964844,107.23999786376953,7033700
2026-09-02,107.9800033569336,108.98999786376953,106.33000183105469,106.70999908447266,7555300
2026-09-03,107.16000366210938,109.19999694824219,106.9000015258789,108.62000274658203,6241300
2026-09-04,105.30999755859375,106.87999725341797,105.16999816894531,106.48999786376953,6103700
2026-09-08,105.05999755859375,105.11000061035156,103.70999908447266,104.68000030517578,7395400
