Date,Close,High,Low,Open,Volume
2000-01-03,20.63685417175293,20.864705873964713,20.2788014968487,20.79960538761849,4520600
2000-01-04,20.213687896728516,20.604290561399598,19.98583634233705,20.474089673175904,4216500
2000-01-05,20.53919792175293,21.027451438117897,20.21369557750962,20.21369557750962,5231600
2000-01-06,20.246240615844727,20.506642424408646,20.148589937633258,20.376441520126686,4809400
2000-01-07,20.767045974731445,20.832146432332483,20.246242313923133,20.31134277152417,5124700
2000-01-10,20.864704132080078,21.352957738915023,20.701952929801763,20.832153891624415,4113900
2000-01-11,21.352951049804688,21.613352891875476,20.897247826180806,20.897247826180806,5440200
2000-01-12,22.264352798461914,22.427103915409734,21.15764520321673,21.320396320164555,8090000
2000-01-13,22.03650665283203,22.72006151207793,21.8086550330834,22.231808041188003,5700200
2000-01-14,22.191110610961914,22.296898817028108,21.80864555826107,22.296898817028108,3365400
2000-01-18,21.61335563659668,22.134159386876117,21.450604464634353,22.069058918091187,3401100
2000-01-19,22.069055557250977,22.19925647499287,21.35295050967056,21.35295050967056,3344700
2000-01-20,22.166704177856445,22.16670417785644,21.3529485178764,22.16670417785644,3309700
2000-01-21,21.385507583618164,21.808660701711066,21.060005185085164,21.678459742297864,3722600
2000-01-24,20.57174301147461,21.580800026277952,20.57174301147461,21.483149347426018,3593500
2000-01-25,20.734500885009766,20.962352543086794,20.408998516328293,20.701950648141615,3304500
2000-01-26,18.61874008178711,20.63685526547732,18.06538591851721,20.63685526547732,16703200
2000-01-27,19.595237731933594,19.757988875886532,18.683831325797147,18.748931783378325,12082200
2000-01-28,19.13953399658203,19.49758650332081,18.94423262926997,19.334835363894094,4444200
2000-01-31,19.465038299560547,19.790540612262227,19.334837374479875,19.39993783702021,4838300
2000-02-01,19.07443618774414,19.562689673778547,19.00933572293955,19.497589208973956,4679500
2000-02-02,18.488527297973633,19.13953178029665,18.423426849741332,19.07443133206435,5769100
2000-02-03,18.228139877319336,18.846594623156957,17.93518762929099,18.521092125347685,9225700
2000-02-04,18.29322624206543,18.683828937625545,18.03282444502535,18.683828937625545,7752200
2000-02-07,18.195579528808594,18.553632077676024,17.707326053080276,18.358330687384697,9992900
2000-02-08,18.911685943603516,19.59524085722774,18.48853290183614,18.748934773692987,12144800
2000-02-09,18.683834075927734,19.106987112490557,18.423432207273688,19.106987112490557,5915400
2000-02-10,18.488527297973633,18.879129987367445,18.29322595327673,18.488527297973636,5353400
2000-02-11,18.195579528808594,18.45598138253036,18.13047906537815,18.260679992239034,3920500
2000-02-14,17.642227172851562,18.390882569485484,17.349275061125244,18.390882569485484,4426400
2000-02-15,17.577131271362305,17.772432729932998,17.414380055886728,17.577131271362305,4669200
2000-02-16,17.381824493408203,17.9351784566815,17.316724027140754,17.577125892210542,3804900
2000-02-17,17.577131271362305,17.73988248683788,17.38182981279161,17.47948054207696,4272000
2000-02-18,16.926122665405273,17.544577147410465,16.828471957720243,17.479476675620443,5494900
2000-02-22,16.828468322753906,17.28417152685169,16.76336786502565,16.795918093889778,4479500
2000-02-23,16.991222381591797,17.381825194961724,16.86102144380182,16.893571678249316,4927400
2000-02-24,16.340221405029297,16.861025274512304,16.144919953973172,16.730824307141553,6154300
2000-02-25,16.144912719726562,16.568065674074237,16.01471181069651,16.40531453778667,4551200
2000-02-28,16.210010528564453,16.50296252606863,15.949608753005183,16.275110972454268,3880600
2000-02-29,16.5355224609375,16.893575112650716,16.437871737742988,16.5355224609375,4883900
2000-03-01,16.275114059448242,16.633166568756103,16.21001360321045,16.600616340637206,4969800
2000-03-02,16.07982063293457,16.372772830700587,16.014720144542125,16.210021609719465,4884600
2000-03-03,16.828468322753906,16.828468322753906,15.917061914558337,16.14491351660723,5193900
2000-03-06,16.437862396240234,16.926115734742417,16.21001083827255,16.926115734742417,4175100
2000-03-07,15.559013366699219,16.437869770257542,15.526463129530391,16.405319533088715,6183300
2000-03-08,16.01471710205078,16.27511900614917,15.624114245903202,15.819415673976993,4015900
2000-03-09,16.665725708007812,16.665725708007812,15.624117851257324,15.949620306491852,4779200
2000-03-10,16.5355224609375,16.861024871585876,16.14491956815945,16.372771255613312,4819200
2000-03-13,16.89356803894043,16.89356803894043,16.307663945104345,16.665716446893065,5659700
2000-03-14,15.884510040283203,16.92611725603948,15.65665846183652,16.893567030547096,5235700
2000-03-15,16.926122665405273,17.121424080775334,15.851964880869938,15.982165824449979,7044600
2000-03-16,17.739871978759766,17.902623097830958,17.056317278660767,17.381819516803148,8241900
2000-03-17,17.609678268432617,18.325783484524145,17.577128031337548,18.228132773238936,5463000
2000-03-20,18.000276565551758,18.16302770990575,17.772424963456164,17.83752542119776,2736000
2000-03-21,18.358333587646484,18.4885345350766,17.967730745356132,18.097931692786247,4239900
2000-03-22,18.358333587646484,18.618735482506715,18.228132640216366,18.358333587646484,3754000
2000-03-23,18.325782775878906,18.716385605915402,17.674778059151414,17.70732829498779,4034900
2000-03-24,18.130477905273438,18.7163820386575,18.065377446008544,18.293229053435677,3188100
2000-03-27,18.097929000854492,18.32578062496597,17.772426680695236,17.80497691271116,2189900
2000-03-28,18.29322624206543,18.423427140585467,17.707322198725254,17.707322198725254,2963500
2000-03-29,19.172088623046875,19.302289564459755,18.130481091743818,18.163031327097038,5292800
2000-03-30,19.595237731933594,19.920740019839467,19.17208475765596,19.17208475765596,4939100
2000-03-31,19.465038299560547,19.75799038099206,19.17208621812903,19.72544014972189,3738300
2000-04-03,20.050941467285156,20.116041926594523,19.5626880224649,19.692888941083638,4459400
2000-04-04,20.06721305847168,20.474090857710767,19.62778503529347,20.148588618319497,5145500
2000-04-05,20.0834903717041,20.116040599210915,19.399935594061013,19.790538324142776,4143600
2000-04-06,19.269737243652344,19.82309118477074,19.204636779991358,19.66034002561827,4124100
2000-04-07,19.269737243652344,19.432488402804815,18.81403399802543,18.944234925347406,3155400
2000-04-10,18.944238662719727,19.237190806988586,18.68383675670296,19.20464056873649,3234600
2000-04-11,19.627788543701172,19.660338773458555,18.683831880737102,18.81403279976663,3354100
2000-04-12,18.911685943603516,19.888192963066693,18.911685943603516,19.399939453335104,4548200
2000-04-13,17.772424697875977,18.748931549407626,17.772424697875977,18.748931549407626,7400300
2000-04-14,17.479476928710938,18.13048165603723,17.186524801414105,17.479476928710938,5744700
2000-04-17,17.544567108154297,17.772418629039418,17.219064935461265,17.446916456346386,4728900
2000-04-18,16.926122665405273,17.609677619200486,16.633170542350182,17.577127383305474,5440000
2000-04-19,17.219078063964844,17.284178548138623,16.926125885182834,17.153977579791064,3473000
2000-04-20,18.65127944946289,18.74893012720877,17.57712199425822,17.707322897919394,7009700
2000-04-24,20.311342239379883,20.311342239379883,18.293228106620983,18.358328562516434,9601600
2000-04-25,20.18114471435547,20.539197281868226,19.88819261366321,20.27879541458622,3975100
2000-04-26,20.246240615844727,20.506642424408646,19.985838807280807,19.985838807280807,3479300
2000-04-27,20.213687896728516,20.37643900700813,19.823085232057434,19.855635454113354,2904600
2000-04-28,19.82308006286621,20.181132412113385,19.562678354322813,20.08348177140961,2936500
2000-05-01,20.246240615844727,20.474092198338155,19.79053745085787,19.79053745085787,3089100
2000-05-02,20.408998489379883,20.636850147156053,19.95329517382754,19.985845410652708,3129800
2000-05-03,19.43248748779297,20.148592554344802,19.302286566601722,19.920740942260128,5243800
2000-05-04,18.61874008178711,19.106993755260547,18.52108934709242,19.074443510362318,6515400
2000-05-05,18.5861873626709,18.84658928719168,18.22813471645482,18.488536640975603,4968100
2000-05-08,18.65127944946289,18.814030579039358,18.32577719030996,18.618729223547597,3115600
2000-05-09,19.269737243652344,19.367387939143825,18.846584229855925,18.87913446168642,3165700
2000-05-10,20.116044998168945,20.21369570204355,19.33483936717209,19.367389601796962,5995500
2000-05-11,19.88819694519043,20.21369935018536,19.855646704690937,20.050948147687894,3185200
2000-05-12,19.56269073486328,19.920743310709362,19.39993956402415,19.920743310709362,2410500
2000-05-15,19.88819694519043,20.08349838818739,19.465043818697016,19.49759405919651,2840100
2000-05-16,20.408998489379883,20.44154872620505,20.018395647477877,20.21369706842888,2753400
2000-05-17,20.343891143798828,20.474092047119143,19.95328843383789,20.14858978881836,2017900
2000-05-18,20.116044998168945,20.343896640543026,20.083494763544074,20.21369570204355,1933700
2000-05-19,19.69288444519043,20.18113777854226,19.595233778520065,19.69288444519043,2985300
2000-05-22,20.246240615844727,20.376441520126686,19.692886772646396,19.725436998716887,3145000
2000-05-23,20.376436233520508,20.441536668771374,19.660331445761003,19.985833622015324,2757100
2000-05-24,20.18114471435547,20.799599149150232,19.85564238025296,20.37644611481697,5108400
2000-05-25,19.43248748779297,20.08349209374918,19.334836796899534,19.790540021068885,3453100
2000-05-26,19.66034507751465,19.757995798098328,19.367392915763602,19.399943155958162,3130700
2000-05-30,19.041885375976562,19.302287227271968,18.716383061857307,19.269736995860043,4210200
2000-05-31,18.65127944946289,19.041882160446406,18.39087764214055,18.74893012720877,3880700
2000-06-01,18.553630828857422,18.651281517430355,18.358329451711555,18.52108059933311,2979100
2000-06-02,18.814037322998047,18.911688035747172,18.325783759252424,18.814037322998047,3701800
2000-06-05,18.488527297973633,18.74892909090284,18.358326401509032,18.74892909090284,1957900
2000-06-06,18.29322624206543,18.553628039105504,18.16302534354539,18.293226242065426,3577600
2000-06-07,18.16302490234375,18.39087646921903,17.870072887789817,18.29322579770105,2518000
2000-06-08,18.455982208251953,18.618733374109553,17.96772871067915,17.96772871067915,3312300
2000-06-09,17.642227172851562,18.748935150484318,16.470418725946292,18.488533273394257,15301500
2000-06-12,16.991222381591797,17.34927496051423,16.66572003711686,17.316724726066738,8145700
2000-06-13,16.861021041870117,17.28417407960045,16.6982698735123,16.79592057452699,6046900
2000-06-14,16.5355224609375,17.186527282234252,16.470421978807828,16.665723425196852,5941800
2000-06-15,16.73082160949707,16.828472319280127,16.470419716742253,16.535520189930956,6280100
2000-06-16,16.30767059326172,16.958675407363984,16.30767059326172,16.92612516665887,6858000
2000-06-19,16.40531349182129,16.698265518460953,16.177461915545994,16.6006148429144,4510500
2000-06-20,16.40531349182129,16.535514392550027,16.144911690363806,16.502964167367843,3930200
2000-06-21,16.30767059326172,16.53552227819751,16.177469630441266,16.275120352556605,4396800
2000-06-22,16.372774124145508,16.437874617680876,16.210022890307084,16.275123383842452,3928900
2000-06-23,16.991222381591797,17.284174491619243,16.405318161536908,16.50296886487939,7978700
2000-06-26,17.414371490478516,17.512022171733538,17.121419446713457,17.153969673798464,4887200
2000-06-27,17.02377700805664,17.446930165044666,16.991226765211408,17.316729193663736,3422100
2000-06-28,16.779644012451172,17.08887120569712,16.665718204413192,16.92612005135715,3179800
2000-06-29,16.275114059448242,16.633166568756103,16.177463375091552,16.633166568756103,5545100
2000-06-30,17.15397071838379,17.21093361925129,16.372765220772383,16.405315449839527,6147600
2000-07-03,16.926122665405273,17.381825967935413,16.79592172182523,17.284175260250382,1681200
2000-07-05,16.568063735961914,16.958666417359836,16.470413065612433,16.926116193910012,5067000
2000-07-06,16.763370513916016,16.958671917961638,16.69827004590081,16.69827004590081,4010300
2000-07-07,16.926122665405273,17.446926439725434,16.66572077824519,16.79592172182523,3766600
2000-07-10,16.79591941833496,17.41437381552171,16.76336918690408,17.38182358409083,3013900
2000-07-11,16.958675384521484,17.21907730981164,16.795924181215135,17.121426587827834,3094500
2000-07-12,16.665725708007812,16.99122816324234,16.665725708007812,16.99122816324234,2893000
2000-07-13,16.40531349182129,16.893566869554064,16.144911690363806,16.893566869554064,6731700
2000-07-14,16.340221405029297,16.437872130557363,16.210020437658546,16.30767116318661,3143900
2000-07-17,16.30767059326172,16.43787155608217,16.21001987114638,16.40532131537706,2669400
2000-07-18,16.30767059326172,16.470421796787285,16.144919389736152,16.30767059326172,2651700
2000-07-19,16.340221405029297,16.372771646871985,16.144919953973172,16.30767116318661,3170500
2000-07-20,16.502967834472656,16.665718996548325,16.30766643998186,16.405317137227257,3266300
2000-07-21,16.07982063293457,16.60062454007415,15.917069411953452,16.60062454007415,4031800
2000-07-24,15.754315376281738,16.24256895199295,15.689214899520245,16.079817760089213,4192300
2000-07-25,16.30767059326172,16.340220833966832,15.656665779159455,16.144919389736152,6895700
2000-07-26,16.502967834472656,17.316723644850995,16.502967834472656,16.665718996548325,11296100
2000-07-27,16.763370513916016,17.577126364106114,16.69827004590081,17.186523556014865,6561400
2000-07-28,16.665725708007812,17.0888788998127,16.665725708007812,16.828476935625076,3092900
2000-07-31,16.502967834472656,16.99122132069966,16.372766904812124,16.89357062345426,4871300
2000-08-01,16.991222381591797,16.991222381591797,16.56806933377438,16.600619568221873,3134200
2000-08-02,17.414371490478516,17.47947194464853,16.958668311288424,16.958668311288424,4643100
2000-08-03,17.316726684570312,17.67477930398812,17.28417644644142,17.512028113343664,3805700
2000-08-04,17.381824493408203,17.54457565907682,17.186523094605864,17.25162356087331,2536600
2000-08-07,17.544567108154297,17.83751906357802,17.446916456346386,17.47946667361569,3078100
2000-08-08,17.446918487548828,17.772420698137427,17.21906694013681,17.707320256019706,2625500
2000-08-09,17.02377700805664,17.284178950818504,16.795925308140013,17.08887749374711,3548300
2000-08-10,17.088871002197266,17.21907192411877,16.991220310756137,17.15397146315802,2316000
2000-08-11,17.414371490478516,17.512022171733538,17.121419446713457,17.153969673798464,2224100
2000-08-14,17.349271774291992,17.414372231231173,17.186520631944035,17.414372231231173,2457400
2000-08-15,16.89356803894043,17.51202236021185,16.795917356634416,17.414371677905837,2872800
2000-08-16,16.861021041870117,16.95867174288481,16.6982698735123,16.89357127554168,2087600
2000-08-17,16.275114059448242,16.86101816558838,16.144913146972655,16.730817253112793,4735200
2000-08-18,16.437862396240234,16.63316373164111,16.14491039313892,16.21001083827255,3335400
2000-08-21,16.437862396240234,16.63316373164111,16.275111283406172,16.56806328650748,2985800
2000-08-22,16.30767059326172,16.600622759607738,16.242570111851492,16.5029720374924,3485600
2000-08-23,16.242568969726562,16.535521115473134,16.11236801606142,16.307669446559135,3414800
2000-08-24,15.81941032409668,16.30766372916139,15.624108962070794,16.24256327515276,6604900
2000-08-25,15.81941032409668,15.917061005109622,15.559008508062165,15.884510778105307,4992100
2000-08-28,15.81941032409668,15.851960551100992,15.624108962070794,15.624108962070794,4056200
2000-08-29,15.851964950561523,16.144917074904548,15.721764006409066,15.982165894713978,4823800
2000-08-30,15.81941032409668,15.851960551100992,15.59155873506648,15.851960551100992,4095000
2000-08-31,15.567145347595215,15.819409595256193,15.428806889200484,15.689208693237623,6792600
2000-09-01,15.39626407623291,15.656666005640654,15.266063111529036,15.461364558584846,4717000
2000-09-05,15.461359977722168,15.526460440786261,15.298608820061935,15.396259514658075,5208100
2000-09-06,15.689214706420898,15.786865420361277,15.39626256459976,15.39626256459976,4009200
2000-09-07,15.363709449768066,15.819412696159493,15.135857826572355,15.754312232389289,6629500
2000-09-08,14.973104476928711,15.396257429537567,14.712702659938646,15.266056521042534,6268100
2000-09-11,14.777811050415039,15.005662762646109,14.615059827392848,14.97311251804167,4514600
2000-09-12,15.103309631347656,15.396261757817761,14.48485514213299,14.680156559779727,11730400
2000-09-13,14.15934944152832,15.363707899773258,14.061698755724677,15.331157671172043,7816400
2000-09-14,14.191905975341797,14.452307919843483,13.73620257246385,14.452307919843483,17827100
2000-09-15,14.582499504089355,15.005652391484807,14.094246172479222,15.005652391484807,10175900
2000-09-18,14.84290599822998,14.87545623068224,14.289552046541582,14.549953906159653,5527900
2000-09-19,14.517409324645996,14.908012266116293,14.354658099033372,14.842911775871244,5110200
2000-09-20,14.419755935668945,14.549956892198688,14.061703305212156,14.517406653066253,4793200
2000-09-21,14.061698913574219,14.712703492906359,14.061698913574219,14.48485189014011,4128100
2000-09-22,14.940552711486816,15.24977983732369,14.680150921308398,14.940552711486816,6886900
2000-09-25,15.331155776977539,15.331155776977537,15.070753980340976,15.233505103238828,4416800
2000-09-26,15.559013366699219,15.689214315374526,15.331161706517431,15.363711943686257,5603100
2000-09-27,15.559013366699219,15.591563603868044,15.363711943686257,15.428812418023911,3542400
2000-09-28,15.559013366699219,15.75431478971218,15.526463129530391,15.591563603868044,3317900
2000-09-29,15.721758842468262,15.819409518508436,15.493907265041186,15.721758842468262,3074500
2000-10-02,15.656660079956055,15.8519614530948,15.624109851099599,15.8519614530948,2161800
2000-10-03,15.754315376281738,15.884516329804729,15.591564184378003,15.689214899520245,3047300
2000-10-04,15.624112129211426,15.884513998031618,15.55901166200638,15.786863297224047,2199700
2000-10-05,15.689214706420898,15.851965896321529,15.461363040560013,15.75431518238115,5717500
2000-10-06,15.559013366699219,15.786865026881006,15.331161706517431,15.559013366699219,3540600
2000-10-09,15.656660079956055,15.689210308812513,15.363708020247937,15.624109851099599,2179400
2000-10-10,15.591565132141113,15.819416814656744,15.591565132141112,15.786866574297369,1944800
2000-10-11,15.624112129211426,15.851963764429094,15.591561895608903,15.624112129211428,2424100
2000-10-12,14.777811050415039,15.526466676317124,14.549959338183971,15.493916431712686,5741500
2000-10-13,15.038208961486816,15.200960140723687,14.58250565962358,14.74525683886045,2707100
2000-10-16,15.103309631347656,15.331161285268848,15.005658922524288,15.331161285268848,2694800
2000-10-17,14.582499504089355,14.842901280948094,14.387198171445302,14.77780083673341,4310200
2000-10-18,14.6150541305542,14.842905753970411,14.484853202887791,14.777805290137207,3077800
2000-10-19,14.517409324645996,15.038213246606391,14.354658099033372,15.038213246606391,6460600
2000-10-20,14.7127046585083,14.908006047780534,14.647604195417555,14.842905584689788,5199500
2000-10-23,15.16840934753418,15.20095958218554,15.005658174277375,15.070758643580097,3610200
2000-10-24,15.16840934753418,15.428811224745067,15.005658174277375,15.266060051488262,5020500
2000-10-25,15.103309631347656,15.23351057644548,15.005658922524288,15.038209158798743,4246900
2000-10-26,15.070759773254395,15.200960721619442,14.908008587798083,14.940558824889344,4074800
2000-10-27,15.493907928466797,15.493907928466799,14.940554073878697,14.940554073878697,3743900
2000-10-30,16.242568969726562,16.307669446559135,15.331162294070563,15.461363247735706,5916900
2000-10-31,16.144912719726562,16.40531453778667,15.982161583438998,16.340214083271643,4047100
2000-11-01,16.470417022705078,16.502967253975246,15.949613322382387,16.014713784922723,3181300
2000-11-02,16.633167266845703,16.665717496330725,16.307664971995493,16.372765430965536,3065700
2000-11-03,16.861021041870117,16.991221976556375,16.502968471482916,16.63316940616917,3794400
2000-11-06,16.665725708007812,16.795926690101624,16.50297448039055,16.665725708007812,2440600
2000-11-07,16.5355224609375,16.82847463052104,16.437871737742988,16.56807270200234,2333600
2000-11-08,16.470417022705078,16.535517485245414,16.275115635084067,16.43786679143491,2728400
2000-11-09,16.5355224609375,16.600622943067176,16.242570291353964,16.40532149667815,2431100
2000-11-10,17.219078063964844,17.316728790225515,16.30767128553192,16.340221527618812,6093400
2000-11-13,17.331775665283203,17.46282878940633,16.873089730852268,16.90585301188305,4603700
2000-11-14,17.52836036682129,17.561123657226563,17.200727462768555,17.33178062438965,4011100
2000-11-15,17.462825775146484,17.692168702775053,17.430062499770976,17.462825775146484,3670200
2000-11-16,17.135196685791016,17.52835607437513,17.135196685791016,17.52835607437513,2587800
2000-11-17,17.52836036682129,17.52836036682129,17.036911010742188,17.036911010742188,3465000
2000-11-20,17.56111717224121,17.75769684207973,17.036904719338487,17.036904719338487,3091600
2000-11-21,17.790464401245117,17.823227687435256,17.397304966963457,17.59388468410429,2471800
2000-11-22,17.95428466796875,18.052574547537922,17.46283527012289,17.46283527012289,3043000
2000-11-24,17.659406661987305,17.82322305031743,17.528353551323207,17.528353551323207,1475500
2000-11-27,16.742042541503906,17.495598272334806,16.512699492990155,17.36454510175552,5253000
2000-11-28,16.381641387939453,16.80756406402588,16.18506169128418,16.578221084594727,5332000
2000-11-29,17.036903381347656,17.430062690147988,16.38163786668044,16.4144011424138,5271600
2000-11-30,16.70927619934082,17.26625207265218,16.512696479348573,17.102435639325307,3794900
2000-12-01,16.21782112121582,16.84032334607057,16.054004746254044,16.84032334607057,5264000
2000-12-04,16.479928970336914,16.57821880515006,15.955716518000155,15.988479796271202,2857900
2000-12-05,15.988483428955078,16.38164285753594,15.791903714664645,16.38164285753594,3762800
2000-12-06,15.52979850769043,15.988484539563142,15.234928915772256,15.824668099608603,4859100
2000-12-07,15.85743236541748,16.05401210548464,15.365983015249585,15.464272885283163,3239200
2000-12-08,15.46426773071289,15.791900521617825,15.071108381626969,15.726373963436837,5463100
2000-12-11,15.69361686706543,15.791906743059577,15.202167487094696,15.333220655086892,12259000
2000-12-12,16.185060501098633,16.348876902931618,15.922954258165863,15.988480818899056,9798200
2000-12-13,16.316110610961914,16.512690256877118,16.02124114208911,16.316110610961914,7453800
2000-12-14,16.54546356201172,16.643753444558325,16.119540737643103,16.25059391437191,5369000
2000-12-15,16.512693405151367,16.905852771940687,16.47993012458559,16.512693405151367,7806700
2000-12-18,16.938615798950195,17.069668919251548,16.610982998196803,16.709272838422823,3202600
2000-12-19,17.23348617553711,17.397302584049818,16.97137992191677,17.036906485321854,4633800
2000-12-20,16.447168350219727,17.167960588675573,16.447168350219727,16.971380887278524,5257300
2000-12-21,17.135196685791016,17.135196685791016,16.676510732442882,16.7420372972069,4297600
2000-12-22,17.135196685791016,17.331776380083074,16.7420372972069,17.036906838644985,3214200
2000-12-26,17.036903381347656,17.167956484281103,16.807560451214133,17.10242993281438,3365100
2000-12-27,17.36453628540039,17.364536285400394,16.840323869237363,16.93861369726793,3865600
2000-12-28,17.757699966430664,17.823226534572477,17.004144432799844,17.200724137225276,3539400
2000-12-29,17.823223114013672,18.08532933627858,17.59388016953188,17.72493328066433,3338200
2001-01-02,17.56111717224121,17.72493356377331,17.29901094578985,17.72493356377331,3529800
2001-01-03,17.659406661987305,18.1836191046437,17.495590273657182,17.593880106655256,3265400
2001-01-04,17.29901885986328,17.75770496599602,17.23349227327289,17.430072033044066,5953800
2001-01-05,17.266254425048828,17.299017716177953,17.06967467827408,17.167964551661456,3999100
2001-01-08,17.29901885986328,17.46283532633926,17.1679656866825,17.23349227327289,2803600
2001-01-09,17.331775665283203,17.43006550837555,17.069669417036955,17.069669417036955,2778100
2001-01-10,17.39729881286621,17.462825362067214,16.938612968459193,17.233482439863703,3091800
2001-01-11,17.135196685791016,17.46282950961111,17.102433403409005,17.46282950961111,2179800
2001-01-12,17.626651763916016,17.790468230123416,17.069675778810865,17.266255538259742,3284200
2001-01-16,17.888755798339844,17.888755798339844,16.840330550085497,17.16796344016498,4546000
2001-01-17,18.183622360229492,18.380202061421166,17.626646540186428,17.757699674314207,5223100
2001-01-18,17.626651763916016,17.987047989572293,17.626651763916016,17.888758109847853,4744500
2001-01-19,17.20072364807129,17.561119762602306,17.13519708179292,17.52835647946312,5238500
2001-01-22,17.56111717224121,17.69217028546689,17.10243127595133,17.10243127595133,3267500
2001-01-23,17.23348617553711,17.561118992562527,17.10243304872694,17.561118992562527,3290600
2001-01-24,16.15229606628418,16.840324904807442,15.890189842084842,16.70927179270777,11006600
2001-01-25,15.497035026550293,16.31611721611426,14.80900598731656,16.152300778201468,20823700
2001-01-26,15.202171325683594,15.693620829746642,15.103881424870984,15.464277727850552,9631400
2001-01-29,15.474756240844727,15.574355915262872,14.677952846362423,15.30700836829186,8501700
2001-01-30,15.43806266784668,15.485241885496007,15.265072536417895,15.464272899937967,5582200
2001-01-31,15.385640144348145,15.459029589035142,15.17595530248801,15.33321868391906,7850300
2001-02-01,15.21789264678955,15.595325371461556,15.181196923683357,15.464272217079527,6946800
2001-02-02,15.42757511138916,15.469512074320944,15.18119457929087,15.233616032919617,5769700
2001-02-05,15.390880584716797,15.479996757034257,15.280795430745307,15.333216885024298,4410000
2001-02-06,15.74209976196289,15.988479246135554,15.338455947586846,15.343698191912544,6791300
2001-02-07,15.343700408935547,15.852186183729472,15.301763448126316,15.731617546384935,6112900
2001-02-08,15.38039493560791,15.55338502180162,15.175952379157893,15.422331895901658,6959000
2001-02-09,15.600570678710938,15.778803083631157,15.348948812890539,15.37515904896734,3406200
2001-02-12,15.637263298034668,15.857432650867409,15.542904861126882,15.600568572538592,3865500
2001-02-13,15.7263822555542,15.909856915173624,15.57960232788737,15.673960781397728,5234600
2001-02-14,15.333218574523926,16.25059062599117,15.27555486847772,16.25059062599117,4888600
2001-02-15,15.768306732177734,15.815485921524417,15.333210541423867,15.354179514402686,7087000
2001-02-16,15.84169864654541,15.962268260555408,15.647740615054921,15.726372276466087,4590500
2001-02-20,15.957022666931152,16.16670738663114,15.763063676298904,15.763063676298904,3712700
2001-02-21,15.558632850646973,16.171961739970197,15.521938122202597,15.852191678058322,4261100
2001-02-22,15.757827758789062,15.909849866505615,15.516690484301305,15.542900709839188,4020300
2001-02-23,15.78927993774414,15.98323799051369,15.700163778406369,15.778795448444184,4653000
2001-02-26,15.663469314575195,15.83121815717994,15.595322128404527,15.752585481017462,2763600
2001-02-27,15.75258731842041,15.815493266716626,15.574354964746616,15.742103826917814,3666300
2001-02-28,15.411849021911621,15.72637675702331,15.202164198455865,15.72637675702331,4582200
2001-03-01,15.312254905700684,15.453792597022657,15.196928453432706,15.223139692486702,4732100
2001-03-02,15.123533248901367,15.312249099245795,14.992480102896772,15.312249099245795,4924700
2001-03-05,14.97150707244873,15.034413005462667,14.919085628246433,14.992476050072005,2781400
2001-03-06,15.123533248901367,15.154985723982746,14.59932066488299,14.730373810887585,5627300
2001-03-07,14.887638092041016,15.181196876994193,14.73561695335063,15.123534169145668,3803700
2001-03-08,15.359420776367188,15.359420776367188,14.767061286978434,14.782788016731569,4038800
2001-03-09,15.175952911376953,15.385637720199314,15.002962819116501,15.359426494186495,3745400
2001-03-12,14.709407806396484,15.018693373589207,14.641260596610321,15.018693373589207,4978100
2001-03-13,14.573103904724121,14.693673513178299,14.227123810573021,14.546893685413435,8211200
2001-03-14,14.442056655883789,14.730374184316716,13.781549663149567,13.786790909249206,9960400
2001-03-15,14.279550552368164,14.316245272973582,13.912602346457858,14.311003027193358,5756500
2001-03-16,13.891633987426758,14.3896363605034,13.68719139209408,14.048897368474016,8455500
2001-03-19,13.82872200012207,13.996470799849986,13.739605856458015,13.75533258764194,4393500
2001-03-20,13.508955955505371,13.881146339293304,13.467018996770731,13.839209380558664,4981800
2001-03-21,13.446053504943848,13.676707337736444,13.278305626496953,13.419843273882606,6182500
2001-03-22,13.162975311279297,13.356933363338886,13.042405684482985,13.18394328994653,7568600
2001-03-23,13.10531234741211,13.283544675325393,12.974259223937988,13.23636547088623,5210200
2001-03-26,13.26257610321045,13.362176760071282,12.974259622649534,13.105312750151043,5164300
2001-03-27,13.278299331665039,13.419836911952093,13.136761751377986,13.262572600570117,5708700
2001-03-28,13.252091407775879,13.372660034147497,13.105311558373959,13.252091407775879,4168800
2001-03-29,13.886390686035156,14.143254722147129,13.152493297164362,13.236367227329247,5678900
2001-03-30,13.917844772338867,13.944056003462176,13.377906409329727,13.446053610537865,5845400
2001-04-02,13.965023040771484,14.284793039781107,13.786790680653612,13.786790680653612,4560200
2001-04-03,13.519438743591309,13.928323789827628,13.430322592514397,13.917839301499559,5562400
2001-04-04,13.676706314086914,13.676706314086916,13.309757107556916,13.603316872723376,5456000
2001-04-05,13.629524230957031,13.91259944491545,13.482744379290894,13.802514306201864,4362000
2001-04-06,13.760580062866211,13.760580062866213,13.498473775954475,13.744853325703298,3312400
2001-04-09,13.991231918334961,14.122285043460243,13.598072542959109,13.60331478794684,3673600
2001-04-10,14.153740882873535,14.347699994168174,13.944056032728136,14.017445480314967,3751400
2001-04-11,14.012200355529785,14.284791104648152,13.923084187543244,14.06986405241991,3405000
2001-04-12,14.096077919006348,14.16946837032753,13.854940578560951,13.860182825073627,2872800
2001-04-16,14.269064903259277,14.305760620743976,14.033169861422609,14.127528278099703,2444300
2001-04-17,14.242856979370117,14.311004180291635,14.101319331468241,14.164225286043374,2844000
2001-04-18,14.410603523254395,14.651741826951467,14.080350041938296,14.127529253534329,4294700
2001-04-19,14.400115013122559,14.625526516762415,13.996472204128247,14.410599501630426,4907300
2001-04-20,14.200915336608887,14.400115627477598,14.001714045884276,14.284789248538438,4010000
2001-04-23,14.132771492004395,14.28479362890352,14.04889755435529,14.190435199084229,3437600
2001-04-24,14.069873809814453,14.290043259887966,14.038421316905874,14.263832015916881,5059300
2001-04-25,14.153740882873535,14.174709867816192,13.954540525199464,14.164225375344863,4285700
2001-04-26,14.164225578308105,14.253341765878902,13.9912354494773,14.080351637048093,3033100
2001-04-27,14.211406707763672,14.400122601067212,14.027932061620008,14.284796166278582,2824000
2001-04-30,14.415844917297363,14.510203334914827,14.101317191857841,14.36342346308143,5778400
2001-05-01,14.562626838684082,14.651743023436612,14.21664659196395,14.28479379213649,4017200
2001-05-02,14.442056655883789,14.56786855911107,14.284793276633962,14.56786855911107,3582800
2001-05-03,14.101312637329102,14.447292723608975,14.022680981330177,14.447292723608975,6436500
2001-05-04,14.059382438659668,14.080351423584897,13.844455342457225,13.854939834919842,6354700
2001-05-07,14.033171653747559,14.15898255876697,13.970265701309756,14.138013574668973,3380700
2001-05-08,13.917844772338867,14.127530621900409,13.891634541071792,14.038414435793625,4155100
2001-05-09,14.258581161499023,14.258581161499023,13.76057885995812,13.78678908641562,6109200
2001-05-10,14.106554985046387,14.263818298203692,14.106554985046387,14.258577054306773,5256700
2001-05-11,14.541658401489258,14.562627386858574,14.179951402718558,14.211404880772536,4851300
2001-05-14,14.546904563903809,14.625536280494146,14.342461900797627,14.415851369634405,6319700
2001-05-15,14.415844917297363,14.735614888144086,14.389634690117434,14.546898052909158,4320400
2001-05-16,14.520689964294434,14.667468857888926,14.363425578485192,14.46826850235802,4870500
2001-05-17,14.94006061553955,15.071113778833757,14.415847962362724,14.415847962362724,7799800
2001-05-18,15.621530532836914,15.673951977548963,14.950539240061552,14.96626497357604,8899900
2001-05-21,15.652979850769043,15.71064252479855,15.212641431668574,15.60580066301859,5809200
2001-05-22,15.988483428955078,16.229620731887064,15.831220057465185,16.09332634318576,6826700
2001-05-23,15.85218620300293,15.909849899131737,15.647743643791367,15.805006997053182,4142100
2001-05-24,16.124778747558594,16.124778747558594,15.789283023245696,15.805008760412782,2997300
2001-05-25,15.99372673034668,16.03566369883585,15.867915824879168,15.977999992217168,2056600
2001-05-29,16.11954116821289,16.14051015698067,15.888887291049397,15.998972482367407,2782100
2001-05-30,16.088077545166016,16.150982468199718,15.86266607127451,15.98847691719764,3601200
2001-05-31,15.873150825500488,16.07759332858382,15.642497104165615,15.768307952205799,5132400
2001-06-01,15.574352264404297,15.904606685950395,15.47475261333378,15.873154217183703,4096200
2001-06-04,15.322734832763672,15.516693944507114,15.24410313875923,15.490482713268143,3596600
2001-06-05,15.417095184326172,15.595327579509071,15.202168060697918,15.338463480535214,4723200
2001-06-06,15.569108963012695,15.962268270160939,15.521929766166442,15.778793726853927,5231300
2001-06-07,15.668715476989746,15.757831665712013,15.474757360265919,15.500967592302244,2525700
2001-06-08,15.43806266784668,15.726379220275899,15.154987361950706,15.548146842457603,2461900
2001-06-11,15.679201126098633,15.721138100363389,15.333220838450313,15.438063774040371,2642300
2001-06-12,15.62678050994873,15.752591439599579,15.453790356696766,15.553391050949834,3717600
2001-06-13,15.7263822555542,15.878404430622323,15.647750544247721,15.684445276200314,3222700
2001-06-14,15.70540714263916,15.936060939085202,15.621533216632612,15.72637612406883,4808100
2001-06-15,15.029178619384766,15.663475526306236,14.898125440283,15.380401179371754,11853500
2001-06-18,14.94006061553955,14.966270848255876,14.75134374044188,14.898123643279655,5075800
2001-06-19,14.78278923034668,15.097315852385579,14.667461869067052,14.940052541366128,4407300
2001-06-20,14.793281555175781,14.945303713185705,14.573112188308667,14.677955124857327,3903200
2001-06-21,15.013447761535645,15.023932252954669,14.677952034975872,14.677952034975872,3504300
2001-06-22,14.740851402282715,14.903356947299201,14.578344857410542,14.887630217192179,4046300
2001-06-25,14.573103904724121,14.777547414799427,14.499714490769579,14.662220050178544,3658300
2001-06-26,14.43681526184082,14.667468082396095,14.153739982264566,14.6569835905919,9066300
2001-06-27,14.421086311340332,14.546897194117545,14.232369487246503,14.373907105316874,2946800
2001-06-28,14.510207176208496,14.672712827427615,14.43157547399643,14.447301214525039,2710400
2001-06-29,14.185192108154297,14.567868050725057,14.153739633373188,14.567868050725057,14439500
2001-07-02,14.36342716217041,14.436817616915778,14.258585226594127,14.258585226594127,3917800
2001-07-03,14.279550552368164,14.463025155251392,14.111802686825609,14.457782909471169,1709900
2001-07-05,14.185192108154297,14.358182219234612,14.169466370691815,14.321487498680629,2010900
2001-07-06,13.917844772338867,14.185193330659224,13.655738460243175,14.169467591841471,5248900
2001-07-09,13.928325653076172,14.00695732634389,13.78678804128069,13.9073576734709,2696000
2001-07-10,14.101312637329102,14.321481874039545,13.970259544045643,14.08034466232874,5415900
2001-07-11,13.965023040771484,14.174708876102743,13.729127975808064,13.734370221676961,5751000
2001-07-12,14.153740882873535,14.274309546725108,13.734371182582738,13.959781771578895,3423200
2001-07-13,14.49448299407959,14.515451984960523,14.064628679585685,14.064628679585685,4014100
2001-07-16,14.483993530273438,14.620288924677267,14.31100341427169,14.31100341427169,3607200
2001-07-17,14.531167030334473,14.620283176257566,14.321482275178898,14.468262103715691,2664800
2001-07-18,14.520689964294434,14.61504739595251,14.452541763820228,14.520689964294434,3068500
2001-07-19,14.504965782165527,14.6465034543821,14.421091828227498,14.61504997176304,3008600
2001-07-20,14.4263277053833,14.54689633595007,14.38963299172002,14.415843215806376,2961600
2001-07-23,14.557380676269531,15.034413948713057,14.515443718247768,14.662222571395962,6509700
2001-07-24,14.882399559020996,14.987242508304723,14.672714660310005,14.803767846986432,8264900
2001-07-25,15.359420776367188,15.43281118202615,14.913841098440694,14.955778044593387,7503800
2001-07-26,15.165468215942383,15.254584383469085,15.050140822757225,15.186436196613124,3571200
2001-07-27,15.013447761535645,15.16022764183361,14.992479778553724,15.044901235792722,2585100
2001-07-30,15.149744033813477,15.22837572432901,14.913848962266876,14.99248065278241,2095400
2001-07-31,15.275552749633789,15.464269579713035,15.207405560914086,15.270310504369803,4359300
2001-08-01,15.401365280151367,15.46427123017693,15.286038871603347,15.354187067452388,3745000
2001-08-02,15.280794143676758,15.45378422832759,15.149741018945644,15.333215593540402,2611000
2001-08-03,15.20740795135498,15.27031290469868,15.0973227832192,15.202165705266971,1728200
2001-08-06,15.097322463989258,15.244102351781263,14.992480544014553,15.149743923904701,2053300
2001-08-07,15.097322463989258,15.181196399911494,14.9715115601059,15.008206282089857,2104100
2001-08-08,14.898127555847168,15.14974945548784,14.829980332974026,14.997728266067806,2850400
2001-08-09,14.82996940612793,14.940053531163608,14.67794732886249,14.845695138358275,2872500
2001-08-10,14.72513198852539,14.793279186470828,14.515447148859222,14.704163004630683,3318800
2001-08-13,14.688436508178711,14.934816057083474,14.630772805301714,14.683194262475698,1861200
2001-08-14,14.672708511352539,14.7670669261934,14.55738211535596,14.7670669261934,3386800
2001-08-15,14.934812545776367,15.044897679945358,14.704158788353254,14.709401032823767,6460100
2001-08-16,15.569108963012695,15.621529404081137,14.992475112557445,15.018685333091664,7375200
2001-08-17,15.7263822555542,15.763076987506793,15.39088642072311,15.464275884628297,7711000
2001-08-20,15.75258731842041,15.773556301137857,15.621534176004745,15.726377089879728,2765900
2001-08-21,15.7263822555542,15.972761884276224,15.673960781397728,15.7263822555542,4782000
2001-08-22,15.85743236541748,15.962275293395805,15.715894712603625,15.726379205372709,3172700
2001-08-23,16.16670799255371,16.224371667578275,15.778790996605835,15.789275482947692,4080500
2001-08-24,15.983237266540527,16.250585732444087,15.83645742255743,16.09332239949182,4941600
2001-08-27,15.867908477783203,15.972750350534564,15.77879233602389,15.867908477783203,2890900
2001-08-28,15.668715476989746,15.778800651226081,15.579599288267477,15.726379187297171,4392400
2001-08-29,15.7263822555542,15.768319234908086,15.542907595934777,15.56911883294124,4995700
2001-08-30,15.736863136291504,15.77880010601431,15.600567734728317,15.626777965858988,3229100
2001-08-31,15.74209976196289,15.831215915788043,15.673951585584664,15.75258325075842,2814500
2001-09-04,16.135263442993164,16.182442654803424,15.7473462568858,15.846945926390891,4399200
2001-09-05,16.11954116821289,16.171962640275922,15.894129538241343,16.11954116821289,3711400
2001-09-06,15.936059951782227,16.11953452850059,15.888880746344476,16.10905003843531,4218000
2001-09-07,15.70540714263916,15.894123976081927,15.652986688777117,15.841702522363818,4083900
2001-09-10,15.16022777557373,15.836461480368367,14.99247991081401,15.726377319065856,8200600
2001-09-17,14.87714672088623,15.097315957763673,14.400113540961064,14.520683146763673,8336300
2001-09-18,14.683201789855957,14.908613471362669,14.46303235673971,14.877159981019886,4637900
2001-09-19,14.94006061553955,15.254588407416904,14.677954288951137,14.976755341284921,11570600
2001-09-20,14.347696304321289,14.725128937517345,14.237611161395787,14.688434223160836,7941100
2001-09-21,14.195682525634766,14.415851940723718,13.708164463662332,13.996482102390743,7093300
2001-09-24,14.006963729858398,14.337218308362512,13.891637289666088,14.206165126384532,6082400
2001-09-25,13.807759284973145,14.305761630425677,13.629526929749469,13.996476131646718,6170800
2001-09-26,13.760580062866211,14.0908335444383,13.660979393880034,14.022686349777949,6052000
2001-09-27,14.153740882873535,14.153740882873535,13.854939846434313,14.127530651551448,10036500
2001-09-28,14.22712516784668,14.468263407903944,13.970261194645069,14.415841964425768,6373700
2001-10-01,14.326720237731934,14.405351872435514,13.991224729740399,14.405351872435514,4633400
2001-10-02,14.478753089904785,14.49447882868974,14.295278471849223,14.405362642768823,3640200
2001-10-03,15.018691062927246,15.050143539539025,14.426331254100441,14.515447437713982,5017900
2001-10-04,15.165468215942383,15.165468215942383,14.950541164823163,15.160225970810691,6536900
2001-10-05,15.14450454711914,15.223137251817706,14.898124938651915,15.202168263936388,4423000
2001-10-08,14.86666488647461,15.118286613784587,14.814243443321063,15.113044369483646,3588800
2001-10-09,15.092083930969238,15.13402090646936,14.70416565777267,14.725134645450911,2439700
2001-10-10,15.43806266784668,15.469515146327476,15.165471854729727,15.202166579600034,5326500
2001-10-11,15.75258731842041,15.77879854681722,15.396123610928951,15.438060576507718,5712500
2001-10-12,15.459022521972656,15.71064421717644,15.181189608608642,15.490474983909195,4605100
2001-10-15,15.46950912475586,15.710646365672062,15.396119703582384,15.59007774521396,4995600
2001-10-16,15.569108963012695,15.642498380393171,15.43805586062995,15.516687522088432,4784200
2001-10-17,15.411849021911621,15.72637675702331,15.369912057220471,15.679197546763751,4883500
2001-10-18,15.327977180480957,15.406608875005933,15.071113111776047,15.369914150884695,5027100
2001-10-19,14.981989860534668,14.997716591966855,14.683188962313498,14.940052909904605,6213900
2001-10-22,14.887638092041016,15.044902476729522,14.6884377379297,14.6884377379297,3753000
2001-10-23,14.499717712402344,14.887634843553723,14.44205401727984,14.835213393429267,4088200
2001-10-24,14.672708511352539,14.735614454531795,14.468265945768042,14.573107851258738,3648400
2001-10-25,14.861422538757324,14.877148271694852,14.352935843518974,14.546894881880627,3270500
2001-10-26,15.175952911376953,15.207405382736297,14.677950615549813,14.677950615549813,2986300
2001-10-29,14.300515174865723,15.149738735187158,14.30051517486572,14.966264188250404,7589000
2001-10-30,13.624289512634277,14.101323044253357,13.105319000208787,13.996481092165581,13766100
2001-10-31,13.66622257232666,13.823486955120748,13.550896158162628,13.603317619093989,6537500
2001-11-01,13.734365463256836,13.86541856500602,13.535164188678818,13.681944022585999,5004700
2001-11-02,14.043657302856445,14.143256985959399,13.818245704512217,13.891635155189398,3289300
2001-11-05,14.03841495513916,14.153741376779477,13.849698083494761,14.069867433794471,4099400
2001-11-06,14.153740882873535,14.23237257669603,13.975508510285888,14.00696098784364,3183600
2001-11-07,14.164225578308105,14.290036490198126,14.027930173796523,14.195678056316549,3400400
2001-11-08,13.786792755126953,14.221889229152005,13.566623394785584,14.153742022314676,8060900
2001-11-09,13.933565139770508,14.022681285128169,13.62427975293249,13.718638142117753,4726900
2001-11-12,14.027931213378906,14.127531900952476,13.692435423475922,14.038415706777455,3273200
2001-11-13,14.51693058013916,14.559224136818905,14.279035373818926,14.347760386755734,5343800
2001-11-14,14.559228897094727,14.633240628815328,14.384770943751786,14.384770943751786,5262300
2001-11-15,14.992724418640137,14.992724418640137,14.58037127725982,14.664956381901836,4550600
2001-11-16,14.80770492553711,15.066747123502422,14.80241822659887,15.066747123502422,5665800
2001-11-19,14.728404998779297,14.934581195268134,14.511655405461646,14.807703458326188,3379700
2001-11-20,14.390058517456055,14.601522349552669,14.363626042611116,14.501077130140205,5013400
2001-11-21,14.368912696838379,14.384771778364822,14.226174913094727,14.300186649109534,3011000
2001-11-23,14.54865550994873,14.590948072138469,14.432350207676288,14.474642769866026,1287400
2001-11-26,14.485218048095703,14.670248409887277,14.411206306712813,14.442925480400573,5095200
2001-11-27,14.284329414367676,14.395347032743073,14.22089005505716,14.39006033543933,5821200
2001-11-28,14.146878242492676,14.326621916631307,14.009427138249347,14.279042649457294,7836600
2001-11-29,14.162738800048828,14.247323942620882,14.041146775308865,14.062293565119099,2903400
2001-11-30,14.189177513122559,14.289622792183842,14.057013043744243,14.215610003664269,4178900
2001-12-03,14.125734329223633,14.46407596560312,14.062295965632522,14.284332254870625,5590900
2001-12-04,14.205031394958496,14.25260965544177,14.062293588505359,14.25260965544177,4188100
2001-12-05,14.527507781982422,14.538081173927294,14.094008795584237,14.220886473920231,4398400
2001-12-06,14.601522445678711,14.65438739571661,14.437637873891507,14.458784660574096,5010300
2001-12-07,14.220882415771484,14.627948814478952,14.17330317393119,14.627948814478952,4507800
2001-12-10,14.284329414367676,14.53279813763719,14.199744274176592,14.3001884979445,4267000
2001-12-11,14.009428977966309,14.146880100259708,13.956563006571226,14.009428977966309,6306900
2001-12-12,13.55477237701416,14.141582282233449,13.45432821951448,14.115149821488005,8120000
2001-12-13,13.55477237701416,13.649930849031747,13.295730430040587,13.348596359865219,6166700
2001-12-14,14.168020248413086,14.316044707774907,13.771527133158978,13.797960612509733,7769600
2001-12-17,13.776820182800293,14.220892757354726,13.776820182800293,14.183886877530956,5388700
2001-12-18,13.956557273864746,14.09400833969962,13.813819512228438,13.94598388226188,3427200
2001-12-19,13.834962844848633,13.998846340482276,13.808530380768127,13.813816066917132,4315500
2001-12-20,13.560067176818848,13.924841201497694,13.560067176818848,13.824395975619739,4533400
2001-12-21,13.692230224609375,13.80853552993483,13.586499320526709,13.718663706880728,6083900
2001-12-24,13.66579532623291,13.776812907074294,13.66050863071655,13.718661273062455,1280900
2001-12-26,13.79796028137207,13.924837954208348,13.59706987646405,13.612929963693876,3427100
2001-12-27,14.131014823913574,14.220886639825142,13.771527560267298,13.935412112322267,4841700
2001-12-28,14.062287330627441,14.236744235878932,14.019994778091746,14.2208841505528,3659600
2001-12-31,13.993558883666992,14.220881692377317,13.96183972683159,13.96183972683159,3051300
2002-01-02,14.004138946533203,14.08343738058284,13.871974553672375,13.993565553104105,3855800
2002-01-03,14.162738800048828,14.252609631739004,14.02000099383307,14.02000099383307,4813300
2002-01-04,14.268467903137207,14.300187075470078,14.16802268102642,14.263181206359342,4883600
2002-01-07,14.37948226928711,14.522219006769712,14.178591884433947,14.273750381645023,3683800
2002-01-08,14.464070320129395,14.527508658959878,14.27375328696952,14.45878362383782,3326000
2002-01-09,14.210320472717285,14.511656249864963,14.17331458999775,14.390064195927614,3219200
2002-01-10,14.173303604125977,14.421773209796706,14.141584444714313,14.210309458161898,3525600
2002-01-11,13.924840927124023,14.273754853999488,13.924840927124023,14.210315499870164,4397100
2002-01-14,13.755666732788086,14.062288005469982,13.755666732788086,14.019995450904688,3696400
2002-01-15,13.850824356079102,14.115153057467376,13.755665862245888,14.035853640383714,5553200
2002-01-16,13.776820182800293,14.004143168385848,13.776820182800293,13.945990495328724,4328600
2002-01-17,13.998851776123047,14.030571955336987,13.79796234943941,13.919553344756725,4294100
2002-01-18,13.97242259979248,14.194458865027592,13.877264056358218,13.98299599535951,3142300
2002-01-22,14.168020248413086,14.300184620164453,14.019996797385398,14.025283493255548,4561600
2002-01-23,14.485218048095703,14.485218048095703,14.20503016524085,14.337194565329924,5020200
2002-01-24,13.993558883666992,14.511643823092262,13.903687099021838,14.506357128897392,6085400
2002-01-25,13.544210433959961,13.972422879656628,13.417331701283262,13.861404240648147,7895500
2002-01-28,13.945980072021484,13.945980072021484,13.486048754632,13.491335448989032,4459200
2002-01-29,13.88254165649414,14.273747961094447,13.671078925403956,13.893115045132111,5414200
2002-01-30,14.268467903137207,14.273754599915069,13.797962981584762,13.850828941029086,4966900
2002-01-31,14.368912696838379,14.37948609007886,14.15216317707992,14.273754174342612,4342400
2002-02-01,14.078153610229492,14.300189876722714,14.078153610229492,14.210318030562732,3430700
2002-02-04,14.062287330627441,14.353048503268596,14.062287330627441,14.152159130807542,4433200
2002-02-05,14.37948226928711,14.427061517892646,14.04114083383284,14.115153558515905,4835300
2002-02-06,14.3742036819458,14.458788836436737,14.24203925201189,14.41649625919127,4937000
2002-02-07,14.305471420288086,14.511648527389983,14.294899036804871,14.405916625884695,3398200
2002-02-08,14.125734329223633,14.3794908085919,13.94070492847072,14.279045556515598,4110800
2002-02-11,14.27375602722168,14.347767772843966,14.014713909209267,14.041146387407396,2654000
2002-02-12,14.1944580078125,14.247323974120526,14.094012772660696,14.220890486799295,2965700
2002-02-13,14.236749649047852,14.316048089161786,14.11515864031753,14.194457080431464,4306500
2002-02-14,14.19974136352539,14.300185566704329,14.14687540965878,14.220887140071513,4358900
2002-02-15,14.14158821105957,14.421777050764975,14.14158821105957,14.236746722972129,3739900
2002-02-19,13.850824356079102,14.146872219300455,13.797958414134653,13.998847783522791,5129500
2002-02-20,14.257890701293945,14.26317739665973,13.850825241468877,13.877257709963764,3675000
2002-02-21,14.020005226135254,14.400638482613525,14.009431828038284,14.26318733235713,3173300
2002-02-22,14.247318267822266,14.30546989996936,13.951269378403813,14.009422018884944,2970200
2002-02-25,14.178596496582031,14.305474198024108,14.152164020240308,14.24732254840545,3466800
2002-02-26,14.009428977966309,14.257897732688297,13.982996496436035,14.17331258178998,3687000
2002-02-27,13.945980072021484,14.07814440594575,13.75566411683756,14.004132701614992,4837700
2002-02-28,13.79796028137207,14.088721488913441,13.79796028137207,14.025283156662358,4267500
2002-03-01,13.834962844848633,13.972413876401772,13.782096908353752,13.93012132887264,4336400
2002-03-04,14.1944580078125,14.326622419415347,13.877263218298785,13.903695697285578,5179900
2002-03-05,14.601522445678711,14.6966799607475,14.21031495872511,14.289614400450533,6318800
2002-03-06,14.83413314819336,15.119608758797044,14.68610965380724,14.717828829985061,5999500
2002-03-07,14.664960861206055,14.80241195031625,14.601522517514761,14.80241195031625,4185400
2002-03-08,14.754833221435547,14.908144406174458,14.664961391014126,14.696680564005707,4279800
2002-03-11,14.749545097351074,14.865850400956809,14.68082006113024,14.712539231052608,4396200
2002-03-12,14.987436294555664,15.087881474866187,14.617375740780409,14.643809213669435,5145800
2002-03-13,14.749545097351074,15.304636116830782,14.448210462253003,14.924002044425444,10266000
2002-03-14,14.8817138671875,15.029738384336394,14.797128716912285,14.918719744391092,3966500
2002-03-15,15.183049201965332,15.299354544524123,14.961012921475763,15.040312385342055,5927700
2002-03-18,15.035022735595703,15.220053101068546,14.945150901413715,15.172473835423117,2980600
2002-03-19,15.225340843200684,15.230627541022539,14.971585397758725,14.971585397758725,2600100
2002-03-20,15.198904037475586,15.331068420410155,15.019160396017831,15.024447092335322,3627900
2002-03-21,15.172476768493652,15.362792859531984,15.077318218807202,15.183049156420816,3336800
2002-03-22,14.617385864257812,15.082605225960036,14.61738586425781,14.802416269290864,7366800
2002-03-25,14.390058517456055,14.559229784800202,14.300186691315277,14.35305264933943,4641800
2002-03-26,14.532796859741211,14.638528779850066,14.337194118374443,14.347766503717873,3029300
2002-03-27,14.77069091796875,14.855276037792411,14.421777046612604,14.485215382313267,3057100
2002-03-28,14.67025375366211,14.95044274691273,14.654393656873868,14.775985715580948,2958000
2002-04-01,14.405916213989258,14.601519923681076,14.326617794294672,14.564513053378429,3040700
2002-04-02,14.53808307647705,14.659674074752811,14.273754293268377,14.273754293268377,2470600
2002-04-03,14.532796859741211,14.680821346226743,14.384772373255675,14.51165108072003,3165700
2002-04-04,14.691384315490723,14.71253007950772,14.538073240949668,14.64380508603547,3526100
2002-04-05,14.987436294555664,15.066734696554967,14.569796497914052,14.569796497914052,4274100
2002-04-08,15.061450958251953,15.119603601688173,14.80240892309783,14.80240892309783,2683300
2002-04-09,14.8817138671875,15.315213014431619,14.812988810714335,15.109036836677593,7697300
2002-04-10,14.775979042053223,14.929289208425264,14.622667867346923,14.881709947884291,7097800
2002-04-11,14.649102210998535,14.929291113455774,14.548657988892124,14.828845883014969,4989700
2002-04-12,14.696677207946777,14.908141001826724,14.590946319340903,14.908141001826724,3588800
2002-04-15,14.485218048095703,14.670248409887277,14.353053648006627,14.538084009798203,3445600
2002-04-16,14.53808307647705,14.638528296429946,14.495790511497034,14.580375641457067,3608400
2002-04-17,14.358336448669434,14.53808006468131,14.310757196881932,14.4587816478135,3556600
2002-04-18,15.130176544189453,15.278199983696547,14.913426063719388,14.98743879180699,15718100
2002-04-19,15.119597434997559,15.220042594055915,14.960999656221157,15.188322433300428,7898300
2002-04-22,15.066741943359375,15.272918089390977,15.019162677608332,15.066741943359375,5023300
2002-04-23,15.20947551727295,15.436798388664357,15.066737759654984,15.198902125967747,8090000
2002-04-24,15.066741943359375,15.225338823639934,15.066741943359375,15.198906346371299,6256200
2002-04-25,14.9768648147583,15.22533344158838,14.812981295288846,14.818267990540638,5446300
2002-04-26,14.924001693725586,15.056166075019652,14.849989962867857,15.050879378767783,4092200
2002-04-29,14.913429260253906,15.140752172031535,14.802411656828145,14.807698353419982,3755300
2002-04-30,15.013875007629395,15.13546600852135,14.812985571735485,14.839418047291367,5078200
2002-05-01,15.056167602539062,15.114320258875258,14.83413137910504,15.013875036567548,6365800
2002-05-02,15.066741943359375,15.183046255009494,14.992730200339697,15.061455246238772,5392800
2002-05-03,15.484378814697266,15.542530454614756,15.12489154974912,15.161897413787752,8193100
2002-05-06,15.383933067321777,15.727560232069923,15.383933067321777,15.516097439019843,6205300
2002-05-07,15.442093849182129,15.743429642089302,15.34164959321447,15.516106626826659,6536800
2002-05-08,15.267633438110352,15.537248977382879,15.177761591686174,15.500243100914307,6518900
2002-05-09,15.479094505310059,15.595398811411757,15.177758833817542,15.177758833817542,4266800
2002-05-10,15.759288787841797,15.843873955455061,15.542539169790965,15.558399266843978,6923800
2002-05-13,16.076473236083984,16.13462587919951,15.817431202358396,15.843863671955955,7737300
2002-05-14,15.849145889282227,16.16634047649833,15.775134188654194,16.118761237999227,6105500
2002-05-15,15.891444206237793,15.960170246071733,15.817432478725086,15.859725038494371,5150500
2002-05-16,15.843873023986816,15.997184261481832,15.706421882612391,15.891452304013912,3765000
2002-05-17,15.865017890930176,15.896737070982232,15.595402339651312,15.833298710878118,3457300
2002-05-20,15.928447723388672,15.939021113856844,15.653546629554286,15.753990813999883,3534200
2002-05-21,16.07118797302246,16.07118797302246,15.891444340401966,16.039468805011246,4969800
2002-05-22,16.203359603881836,16.219219699155268,15.912598248877941,15.965464224788093,4612800
2002-05-23,16.07118797302246,16.240358213527827,15.8861576443444,16.15048639721758,4911000
2002-05-24,15.997177124023438,16.14520159676753,15.912591999122306,16.07118885622837,3574200
2002-05-28,15.939026832580566,16.071191235849618,15.917881052391394,15.939026832580566,2732700
2002-05-29,15.865017890930176,16.07119407377037,15.764572644375017,16.065907375705937,4084200
2002-05-30,15.738139152526855,15.991894593329828,15.706418966175617,15.828010997186388,3611100
2002-05-31,15.828001976013184,15.917873769450267,15.685264243789481,15.833288670725238,4978700
2002-06-03,15.5953950881958,15.907303070626446,15.595395088195803,15.859723818504206,3481800
2002-06-04,15.479094505310059,15.653551468629768,15.410368454355261,15.579538720806575,3723200
2002-06-05,15.854437828063965,15.88615699477822,15.46323141080773,15.489663881680586,3446600
2002-06-06,15.859731674194336,15.991896104812623,15.759286424590757,15.854444975969455,3547600
2002-06-07,15.822724342346191,15.896736094030699,15.679986528382216,15.738139195182612,4744400
2002-06-10,16.023609161376953,16.09233520369776,15.865012308586806,15.94431073498188,3295600
2002-06-11,15.753988265991211,16.092329647912184,15.706409024913789,15.986597776999282,4383600
2002-06-12,15.727557182312012,15.939019934356981,15.621825302122557,15.727557182312012,4315500
2002-06-13,15.759288787841797,15.828014866736783,15.558399266843978,15.701137115316886,3260900
2002-06-14,15.39450454711914,15.7011258110441,15.093168970071604,15.658833257686657,6104400
2002-06-17,15.764568328857422,15.817434286695272,15.542532112605869,15.743422550722848,5793000
2002-06-18,15.753988265991211,15.85972013690411,15.61653824547183,15.77513504350733,4414200
2002-06-19,15.849145889282227,16.00774368705718,15.695835793933616,15.801566650783121,3921300
2002-06-20,15.605969429016113,15.87029817540866,15.553103478070776,15.833292312247167,4129200
2002-06-21,15.331073760986328,15.674701074651864,15.25177530526883,15.38393973424285,9333600
2002-06-24,15.415650367736816,15.574247191238639,15.204187600289716,15.346925346441763,4283900
2002-06-25,15.357501983642578,15.55839242462823,15.257057771484043,15.346929598591458,6270300
2002-06-26,15.214761734008789,15.272913367688774,14.73368353644001,15.146035701022356,6713700
2002-06-27,15.156617164611816,15.257062415679822,14.918720782696697,15.188336346088967,5165000
2002-06-28,15.04030990600586,15.235912663517455,14.881712012752082,15.209480185475694,5790500
2002-07-01,14.855271339416504,15.130173396065377,14.81297879288082,15.045587294660162,4421500
2002-07-02,14.649102210998535,14.929291113455774,14.596237255504379,14.85527936909644,3136900
2002-07-03,14.501076698303223,14.84999059920411,14.316046354895963,14.696679426333045,5867300
2002-07-05,14.717824935913086,14.765404191758417,14.580373864397037,14.765404191758417,2444000
2002-07-08,14.749545097351074,14.791837660025642,14.543368980354337,14.67024666837804,4038200
2002-07-09,14.696677207946777,14.876420827744273,14.511647900802972,14.781262322165118,6434300
2002-07-10,14.849989891052246,15.06673939465956,14.760118071873542,14.802410633349744,8584600
2002-07-11,14.479926109313965,14.902852641498901,14.437633556928871,14.775974984343616,10354400
2002-07-12,14.33719253540039,14.495789389718626,14.194454761513455,14.45878352426665,6179000
2002-07-15,14.035859107971191,14.31604800358895,13.71337865232421,14.27375543522536,7724700
2002-07-16,13.771533012390137,14.009429386437047,13.718668047788217,13.840259079707941,4513400
2002-07-17,13.586499214172363,14.009424843860884,13.41204226588407,13.882547154954327,6011600
2002-07-18,13.274589538574219,13.692228420077468,13.274589538574219,13.544204972203254,4569000
2002-07-19,12.77764892578125,13.21643451122041,12.74064307048326,13.21643451122041,5930600
2002-07-22,12.317721366882324,12.90453161079136,12.053392573530047,12.423453287556963,9788300
2002-07-23,12.603194236755371,12.90981553075638,12.37058466630609,12.381158057766083,5388100
2002-07-24,12.566189765930176,12.941536129299974,12.032245538107635,12.159123224669294,9107400
2002-07-25,11.551168441772461,12.772367181619352,11.498302481569645,12.492178298378448,12944500
2002-07-26,12.418167114257812,12.423453811347871,11.582888132381415,11.693906754603926,7833600
2002-07-29,13.047264099121094,13.152994968495038,12.666630146039937,12.925673145590798,5593600
2002-07-30,12.952105522155762,13.36974532707453,12.872807118584854,12.989111376599922,5802200
2002-07-31,13.084270477294922,13.211148130620133,12.846374247101433,13.078983782364627,4265400
2002-08-01,12.867523193359375,13.396180675392763,12.84637641007766,13.03140673045617,5755100
2002-08-02,12.582054138183594,12.867529809260668,12.333585356876787,12.74593876787657,4221600
2002-08-05,12.603194236755371,12.788224553968796,12.4657431727778,12.4657431727778,3880600
2002-08-06,12.14854621887207,12.745929616471424,12.1379728293864,12.603191883416649,5356100
2002-08-07,12.349440574645996,12.492177345470973,12.016385756607807,12.38644644146485,6070400
2002-08-08,11.894793510437012,12.529182900993973,11.667470628681864,12.423450999789766,11689500
2002-08-09,12.032243728637695,12.095682058211237,11.62517724859354,11.646324030674098,6870000
2002-08-12,12.116827011108398,12.31243068248853,11.76791322612452,11.974089278614834,5669900
2002-08-13,11.979377746582031,12.280712332006383,11.9317984953746,12.116828804699713,5200900
2002-08-14,12.1591215133667,12.291285877642425,11.794347585632158,11.878932698101895,5387700
2002-08-15,12.772372245788574,12.772372245788576,12.159129284291106,12.222568663354686,5306800
2002-08-16,12.582054138183594,12.872816507799278,12.539761558209356,12.872816507799278,5529700
2002-08-19,13.01025676727295,13.052549311887525,12.44459360492783,12.52917869415698,4797300
2002-08-20,12.883379936218262,13.015544272415958,12.714208738884766,13.015544272415958,6032500
2002-08-21,12.962682723999023,13.08956040869548,12.81994495059018,12.952109331524099,5060600
2002-08-22,12.89924144744873,13.057839285839927,12.671918584921851,13.047265894947037,3204800
2002-08-23,12.767080307006836,13.010263317220176,12.687781871973861,12.767080307006836,2833100
2002-08-26,12.66663646697998,12.888672714300494,12.344155994880351,12.872813630564012,3174500
2002-08-27,12.608485221862793,12.793515602023124,12.476320808653192,12.687783668121662,3663600
2002-08-28,12.460455894470215,12.724784618606906,12.407589947976064,12.43402342539017,5003900
2002-08-29,12.587333679199219,12.745931520170254,12.296572483253424,12.465742706955274,3714800
2002-08-30,12.560898780822754,12.740642360830362,12.460453601798768,12.59790463405952,2404600
2002-09-03,12.174983978271484,12.471031929743871,12.122118020567845,12.460458536536288,3968700
2002-09-04,11.757346153259277,12.174986185671012,11.630468436767405,12.16969948810871,6918100
2002-09-05,11.61461067199707,11.73091602500988,11.001367748540167,11.551172305203409,10084700
2002-09-06,11.292123794555664,11.736196146588803,11.085946697182646,11.604031780110704,8580300
2002-09-09,11.339704513549805,11.46658220077589,11.054228961040439,11.0753757464119,7200600
2002-09-10,11.260405540466309,11.524734318489783,11.01722354868516,11.413716715720373,6051600
2002-09-11,11.281549453735352,11.408427113875685,11.255116985998034,11.339702092758257,4819600
2002-09-12,10.737032890319824,10.95378237148411,10.514996713476641,10.95378237148411,15956100
2002-09-13,10.853342056274414,10.932640503121458,10.578439832759166,10.626019102534284,8307000
2002-09-16,11.466580390930176,11.598744753638758,11.075373998312859,11.207538361021442,8819100
2002-09-17,9.996912956237793,11.20753908034983,9.99162626039005,11.20753908034983,24164600
2002-09-18,9.600423812866211,9.885899456696519,9.462972688985086,9.833033484690771,19584200
2002-09-19,9.436539649963379,9.727300966324995,9.410106161354014,9.415392859075887,14969100
2002-09-20,9.489404678344727,9.642714863746399,9.41010522871055,9.515837155999861,13001200
2002-09-23,9.600423812866211,9.732588238713307,9.410106716979339,9.436540207149488,9294400
2002-09-24,9.462969779968262,9.558128298658966,9.357238876794112,9.494688950087085,9042300
2002-09-25,9.56870174407959,9.727298603879804,9.436537358134661,9.515835788034769,8970600
2002-09-26,9.753734588623047,9.833033038869067,9.536985020727823,9.558130803570661,7466000
2002-09-27,9.711441040039062,9.96519645869523,9.621569203223203,9.658575075735428,11367800
2002-09-30,9.336088180541992,9.53169183239954,9.209210544877832,9.462965816206152,10127700
2002-10-01,9.663859367370605,9.769590261323838,9.325517885051468,9.431249787338851,7175900
2002-10-02,9.616281509399414,9.981054507789894,9.515836288465344,9.536983075329063,7297300
2002-10-03,9.404820442199707,9.759020113433758,9.378386953674005,9.589849820207201,5072700
2002-10-04,9.251507759094238,9.536983339661049,9.124630059398207,9.489404076233248,5223500
2002-10-07,9.225071907043457,9.351949560306442,9.098193245446518,9.119340025157326,5395000
2002-10-08,9.283226013183594,9.436537182018872,9.092909986642086,9.25150684348238,5135300
2002-10-09,8.75456714630127,9.283224599721246,8.669982034420798,9.172207018503405,7750400
2002-10-10,9.07705020904541,9.151061943665558,8.32635644479992,8.574825131263458,11885600
2002-10-11,9.49997329711914,9.647997734957073,9.11934032482244,9.209212124878688,6815000
2002-10-14,9.49997329711914,9.515833382423416,9.330803087209496,9.420674887265744,3317500
2002-10-15,9.547554016113281,9.806596066001278,9.29908535805765,9.600419966940946,7869800
2002-10-16,9.251507759094238,9.394245549377644,9.151062535376175,9.277940235072206,4948600
2002-10-17,9.42596435546875,9.42596435546875,9.034757877876965,9.293799964052567,6647800
2002-10-18,9.240931510925293,9.320229922698925,9.124627240879564,9.235644815695847,5251500
2002-10-21,9.674430847167969,9.753730270642604,9.246218598741597,9.29908454494667,6977500
2002-10-22,10.018060684204102,10.546718218814677,9.864749515166606,10.0180606842041,16937000
2002-10-23,10.176656723022461,10.24009606574209,9.79073699578596,9.859462026092594,6447600
2002-10-24,9.891180992126465,10.208375682605482,9.817169267403873,10.192516603498712,4563400
2002-10-25,9.78016185760498,9.907039512054915,9.663857593109364,9.743156001098827,5127400
2002-10-28,9.685009956359863,9.95991223226851,9.648004074667288,9.949338835117873,3868500
2002-10-29,9.737872123718262,9.806597161638596,9.462969955368413,9.60570773605017,3796300
2002-10-30,9.621567726135254,9.711439549154132,9.441824080097495,9.706152852701933,4758600
2002-10-31,9.573986053466797,9.727296178604792,9.462967472619152,9.568699358347004,5394100
2002-11-01,9.584558486938477,9.716722840642358,9.505260076382948,9.526406856975887,4333200
2002-11-04,9.743160247802734,9.917617224752856,9.621569235332677,9.685007586041227,7347800
2002-11-05,10.007493019104004,10.007493019104004,9.72730400239939,9.780169987784102,5764700
2002-11-06,10.076212882995605,10.160798012530996,9.88061014907037,9.954621885330265,7627900
2002-11-07,10.208375930786133,10.41455303919373,9.938760487740925,10.044492389915805,7843400
2002-11-08,9.404820442199707,9.468258797992423,8.722851563253853,9.251509233754087,19940700
2002-11-11,9.034756660461426,9.240932760621877,9.029469964517036,9.17220773001311,7006900
2002-11-12,9.034756660461426,9.119341778903362,8.590684284474182,8.987177405296068,10766200
2002-11-13,9.192885398864746,9.208966616378094,8.855188010227447,8.930231647170654,8041100
2002-11-14,9.273286819458008,9.31616903164168,9.091037162079253,9.192882799412695,6033100
2002-11-15,9.316170692443848,9.375134128105081,9.166083434241095,9.273288472615523,6561400
2002-11-18,9.514503479003906,9.600267935614758,9.316172534095708,9.396577606762229,8322800
2002-11-19,9.562742233276367,9.653867059247878,9.40193419798196,9.487698619791317,5145300
2002-11-20,9.675310134887695,9.755715195548582,9.514502058351557,9.530583274962298,4007200
2002-11-21,10.02373218536377,10.114857060590461,9.67531288324264,9.67531288324264,5377100
2002-11-22,9.991561889648438,10.211333294385687,9.927239100277307,9.932599503123619,5764200
2002-11-25,9.771798133850098,10.013011338783807,9.66459306018531,9.905805242725913,6269200
2002-11-26,9.766436576843262,9.862921847455933,9.616349286906201,9.632429483746325,4250500
2002-11-27,9.916522979736328,9.991566610255127,9.734273286425426,9.750354502562077,4094800
2002-11-29,9.916522979736328,9.991566610255127,9.771795101684825,9.85219913758251,2289200
2002-12-02,10.045170783996582,10.104134227476889,9.884362693913982,9.986207340516273,5120100
2002-12-03,9.7771577835083,10.029090760617418,9.723554739631695,10.02373137638348,4543000
2002-12-04,9.846845626831055,9.996932977374286,9.434103368050378,9.65923541625862,7108600
2002-12-05,10.06661319732666,10.27566393530539,9.530584825161315,9.739635563140045,14118700
2002-12-06,9.632430076599121,9.927246312993399,9.589547845064523,9.825400629701335,8393200
2002-12-09,9.32689380645752,9.627069419390017,9.208967928403721,9.568106991559628,9447700
2002-12-10,9.300089836120605,9.364412650081967,9.20896499768143,9.332251243101286,6246500
2002-12-11,9.21968936920166,9.294733021944838,9.074961448288597,9.166086321930923,6536300
2002-12-12,9.32689380645752,9.396578069883915,9.21968874160671,9.21968874160671,5779100
2002-12-13,9.294729232788086,9.482339310556634,9.176803394781441,9.198243991513252,5476300
2002-12-16,9.316170692443848,9.407295537378134,9.187524032958875,9.380494533382718,6332700
2002-12-17,8.571091651916504,8.94095143315061,8.35132014974373,8.87126718764641,35334900
2002-12-18,8.555015563964844,8.61933892776047,8.415648020142658,8.42636883637359,13276500
2002-12-19,8.383487701416016,8.517494854826904,8.313803920298746,8.431729847238689,11189100
2002-12-20,8.442447662353516,8.501410604853485,8.292359847046706,8.308440556601871,19431600
2002-12-23,8.33524227142334,8.33524227142334,8.131551404659179,8.147632114583663,11363100
2002-12-24,8.297718048095703,8.345960678104982,8.211953599722069,8.238755117637938,3861900
2002-12-26,8.35132122039795,8.394203445285513,8.286997883066604,8.308438995510386,5791900
2002-12-27,8.308438301086426,8.399563149155343,8.292357595896734,8.303077895624394,6064500
2002-12-30,8.442447662353516,8.442447662353516,8.254837509822599,8.378124312936311,7187600
2002-12-31,8.619336128234863,8.619336128234863,8.367402651798145,8.415645286775016,7717100
2003-01-02,8.871270179748535,8.89271180787174,8.549653425848733,8.667579824543603,8308500
2003-01-03,8.640775680541992,8.871266964982492,8.592533057140026,8.844465961933725,5714800
2003-01-06,8.924870491027832,8.93559130180211,8.667577166801918,8.710459387506237,7310900
2003-01-07,8.935589790344238,8.940950194824664,8.764060936541123,8.92486898138339,4952400
2003-01-08,9.026715278625488,9.069597495196925,8.823023983116641,8.860546817210253,5686000
2003-01-09,9.04279613494873,9.166082374907752,8.97847230144383,8.999913920076345,8273300
2003-01-10,9.241129875183105,9.246490282091777,8.924873024323013,8.96775525719931,7726900
2003-01-13,9.28936767578125,9.316168673969866,9.13927942770438,9.300088484013715,5546100
2003-01-14,9.091038703918457,9.241126983212558,9.032076291161253,9.19288435852491,7430300
2003-01-15,8.946308135986328,9.032072539273111,8.806940725047223,8.962388322607392,6401700
2003-01-16,8.496048927307129,9.053517838674933,8.388842856232271,8.962392984979164,17167700
2003-01-17,8.281639099121094,8.50141067251138,8.15299239926286,8.496050776748028,14052300
2003-01-21,8.222672462463379,8.388840914003632,8.206591760003812,8.372760211544065,6566700
2003-01-22,8.233394622802734,8.54429100039422,8.147630175356314,8.217313916705637,7321500
2003-01-23,8.040427207946777,8.19051503936007,7.8528170352827145,8.002905377892603,14923500
2003-01-24,7.986822128295898,8.206594178938348,7.922498788301693,8.190512960542447,9160100
2003-01-27,7.8796162605285645,8.035064454040073,7.847454847358706,7.847454847358706,6047700
2003-01-28,7.863535404205322,7.922498334691582,7.772410549965188,7.879616110484041,6247000
2003-01-29,7.70808744430542,7.868896045493845,7.638403700083887,7.868896045493845,6954300
2003-01-30,7.750970363616943,7.804573405876795,7.611602862698529,7.745609957151659,7055600
2003-01-31,7.633044719696045,7.713449290905369,7.4561553787106964,7.638405126682642,8874300
2003-02-03,7.783128261566162,7.836730764877292,7.541915207479259,7.541915207479259,6697300
2003-02-04,7.6652069091796875,7.71344955129454,7.531199797170241,7.654486094844581,6807300
2003-02-05,7.536559581756592,7.761691041033933,7.531199175031852,7.665206275971221,4762500
2003-02-06,7.332870960235596,7.568723304792039,7.332870960235597,7.482958815862423,5625100
2003-02-07,7.263184547424316,7.488316504702155,7.225662213747016,7.386470827687828,5469300
2003-02-10,7.343588829040527,7.375750757315661,7.26854518172606,7.3114274119619,4617300
2003-02-11,7.450793266296387,7.6008815603878155,7.402551148048889,7.407911042612102,6907300
2003-02-12,7.413272380828857,7.531198766391887,7.327507922672651,7.402552079157577,5807600
2003-02-13,7.2739033699035645,7.354307916121983,7.188138929561027,7.316785590074833,5902700
2003-02-14,7.30070686340332,7.311427676949087,7.054133775012465,7.1398982385924965,7219000
2003-02-18,7.209580421447754,7.247102749481992,7.107735270946628,7.118455570958971,5558000
2003-02-19,7.236382484436035,7.300705822954115,7.188139852748363,7.231022078427083,4610800
2003-02-20,7.172059535980225,7.370389968329888,7.129177307969297,7.370389968329888,3686300
2003-02-21,7.2792649269104,7.338227861175597,7.086294905609008,7.10773601908694,3961400
2003-02-24,7.113096237182617,7.295345441328072,7.054132793279967,7.289985546497658,4030900
2003-02-25,7.048773765563965,7.129178338099874,6.930847877092453,7.129178338099874,6676800
2003-02-26,6.866522789001465,7.0594927941250845,6.845081677321062,6.995169459083878,5776300
2003-02-27,7.102375507354736,7.107735913443664,6.861162856514056,6.8986846767436285,7317600
2003-02-28,7.295344829559326,7.338227051785377,7.113095640696817,7.155977862922867,9021200
2003-03-03,7.070209980010986,7.423988933696207,7.070209980010987,7.423988933696207,4813200
2003-03-04,6.9201250076293945,7.021970667020213,6.9201250076293945,6.973728040066288,3717900
2003-03-05,6.845083236694336,6.995171052648544,6.834362422813622,6.95228881951877,4830400
2003-03-06,6.759319305419922,6.887966535917314,6.705716761309579,6.7110771690796,6533900
2003-03-07,6.871885299682617,6.914767539368887,6.668194405574521,6.678915221094399,7185100
2003-03-10,6.700353145599365,6.866522128536635,6.65211052115963,6.834360208511352,5142700
2003-03-11,6.684273719787598,6.807559995875206,6.65747219983919,6.65747219983919,5086900
2003-03-12,6.636033058166504,6.7271579463530164,6.496665521975762,6.673554890526847,8575400
2003-03-13,6.861162185668945,6.882603296731807,6.711074408228916,6.753956630354639,10172600
2003-03-14,7.2578253746032715,7.257825374603271,6.839723316250876,6.8611644343408305,13697400
2003-03-17,7.343588829040527,7.348949235619133,7.09701574958619,7.257824368568846,8290700
2003-03-18,7.670565605163574,7.718807725319796,7.370389516300532,7.450793561090686,10155400
2003-03-19,7.809931755065918,7.868895192118457,7.568719135040822,7.622322166689241,7109700
2003-03-20,7.70808744430542,7.809932602046766,7.488315910866368,7.809932602046766,4927000
2003-03-21,7.852812767028809,7.895694981267614,7.611600184136447,7.724166124312391,6466700
2003-03-24,7.520476341247559,7.718806736013867,7.472233716078059,7.675924516129064,4625800
2003-03-25,7.590163707733154,7.665207884033252,7.397193625928568,7.520479939282341,3991000
2003-03-26,7.627683639526367,7.708088203639567,7.547279586609669,7.638404452553394,4533600
2003-03-27,7.772413730621338,7.868899030170598,7.568722826682147,7.5848035395414755,7010500
2003-03-28,7.954661846160889,8.147631893610795,7.692008042666047,7.772412101304374,8474800
2003-03-31,7.750970363616943,7.842095228740793,7.675926206692452,7.799212999411511,5990900
2003-04-01,7.531198501586914,7.842094907069958,7.509757387801755,7.826014199530208,6653500
2003-04-02,7.675925254821777,7.772410514446035,7.557999394388165,7.557999394388165,7613600
2003-04-03,7.547277927398682,7.740247918693691,7.4400723766792325,7.73488802455501,6190900
2003-04-04,7.799213409423828,7.799213409423828,7.584801740309088,7.584801740309088,6929300
2003-04-07,8.469244956970215,8.50140636002206,7.906415291600103,7.9868193104259975,20227400
2003-04-08,8.490684509277344,8.603249910560063,8.372758193538438,8.549647411548701,14791600
2003-04-09,8.308438301086426,8.533570218527705,8.238754563669229,8.533570218527705,8911300
2003-04-10,8.469244956970215,8.469244956970215,8.211951176574042,8.388840426948036,6238700
2003-04-11,8.458525657653809,8.544290096022477,8.351320109692972,8.463886062850944,4512900
2003-04-14,8.415645599365234,8.517491279476353,8.281638502205926,8.4102851927917,5832800
2003-04-15,8.496048927307129,8.52284993387941,8.372762150049617,8.4424458917697,5099800
2003-04-16,8.442447662353516,8.496050709132788,8.324521266157038,8.453168476187985,5860300
2003-04-17,8.576456069946289,8.576456069946289,8.051148381036455,8.442448943853378,4660400
2003-04-21,8.581814765930176,8.67830004105483,8.469248782016917,8.603255370183971,4479400
2003-04-22,8.603253364562988,8.624694986211267,8.469246807636019,8.496048323499972,6030800
2003-04-23,8.496048927307129,8.608614381782148,8.48532811572107,8.60325397598912,5569900
2003-04-24,8.533571243286133,8.57645346973911,8.4370859781687,8.469247903606664,3824800
2003-04-25,8.474604606628418,8.576449722152635,8.463883799101533,8.533567514437571,4201900
2003-04-28,9.07496166229248,9.08568247647806,8.656859110592833,8.817668256197212,15176600
2003-04-29,9.262569427490234,9.326892251196272,9.139282141000105,9.230406993244367,9600800
2003-04-30,9.16608715057373,9.25721203245403,9.042800846380734,9.171447558024711,10335900
2003-05-01,9.198249816894531,9.219691449598304,8.95703656094369,9.139286349352478,5473300
2003-05-02,9.428736686706543,9.476979309398606,9.150001760573005,9.23040579092887,4660400
2003-05-05,9.375136375427246,9.476982055330321,9.246489685104262,9.476982055330321,5003300
2003-05-06,9.584185600280762,9.66459066358207,9.375134889440204,9.396576512291979,8195200
2003-05-07,9.321532249450684,9.552024592903878,9.246488611077233,9.455539330770645,7425000
2003-05-08,9.24648666381836,9.316169881576966,9.074957799434703,9.139280612382235,6003200
2003-05-09,9.423377990722656,9.434098802685826,9.30545212630651,9.380495765262886,6053800
2003-05-12,9.803958892822266,9.809318276551192,9.348334596393837,9.428738643435812,8589200
2003-05-13,9.793237686157227,9.879002135866905,9.643149387968846,9.803958497969157,8963800
2003-05-14,9.948684692382812,9.948684692382812,9.675310144096917,9.862920248496197,5266900
2003-05-15,9.970128059387207,10.082693528290763,9.884363600491263,9.916525016978992,8349000
2003-05-16,9.927247047424316,10.039812530132988,9.884364812717234,10.023732331113532,4385600
2003-05-19,9.734277725219727,9.87900566926663,9.70211630067372,9.87900566926663,3927000
2003-05-20,9.08568000793457,9.916523456111065,8.8873490889595,9.728913348408774,27215600
2003-05-21,9.273286819458008,9.380492861113481,9.064236162861677,9.369772052469417,22420100
2003-05-22,9.380498886108398,9.546667437249354,9.289373998890474,9.364417662813503,10871500
2003-05-23,9.541303634643555,9.568105663932092,9.321532106441936,9.38049554848384,6701700
2003-05-27,9.525219917297363,9.653866543133704,9.434095096197558,9.54666051040717,6552900
2003-05-28,9.78787612915039,9.889721784600432,9.573465030091961,9.600266034076977,9309600
2003-05-29,9.83076000213623,9.980848307912876,9.734274735736454,9.734274735736454,4557900
2003-05-30,10.039812088012695,10.093415134634327,9.820040517017771,9.830761330820714,6125000
2003-06-02,10.130935668945312,10.39894984549092,10.03981080802409,10.141656481381444,7648400
2003-06-03,10.275662422180176,10.28102282779965,10.034449281268008,10.130934537632875,4458900
2003-06-04,10.179179191589355,10.30782588488041,10.157738587237365,10.254222840410879,4967400
2003-06-05,10.334630966186523,10.388233004071257,10.077336481330454,10.179182193619454,6365700
2003-06-06,11.28875732421875,11.433485231266,10.666964489193141,10.693766521457258,20814200
2003-06-09,11.186909675598145,11.21907108331691,10.934975751688448,11.031460997237463,8762500
2003-06-10,11.61573314666748,11.621093552282987,10.983219597537294,11.165469298893207,10202700
2003-06-11,11.599653244018555,11.760462363524345,11.374521294624806,11.605013650241377,8110500
2003-06-12,11.588932991027832,11.690777638014248,11.347719832601255,11.605013186661,5308100
2003-06-13,11.503167152404785,11.66397626038599,11.422763109610619,11.524608775759429,3713000
2003-06-16,11.899827003479004,11.899827003479004,11.47636421499752,11.481724619934429,5991900
2003-06-17,11.899827003479004,11.964149817936507,11.749738732423662,11.899827003479004,6999500
2003-06-18,11.819424629211426,11.899829699086105,11.765822612485554,11.899829699086105,4387000
2003-06-19,11.556767463684082,11.787259748439457,11.390599011434272,11.615730891614797,7900900
2003-06-20,11.803342819213867,11.835504229330368,11.556769281939903,11.755100192842717,9686200
2003-06-23,11.990961074829102,12.023122506819925,11.674704096804462,11.79799043809719,6623700
2003-06-24,12.076713562011719,12.189278973204281,11.953426320962876,12.060632350816007,6590100
2003-06-25,11.921270370483398,12.114240903473842,11.84622672871731,12.087438872562425,5600400
2003-06-26,12.033838272094727,12.033838272094727,11.765824065788768,11.899831168941747,4332600
2003-06-27,11.990961074829102,12.301857643789692,11.883754938335041,11.980240256700998,5476700
2003-06-30,11.824788093566895,12.071361728326725,11.739023617753004,11.990957660050352,5748900
2003-07-01,11.76046085357666,11.830144080740679,11.476365494600362,11.685416198485235,6189300
2003-07-02,12.178559303283691,12.210721728679259,11.631811362662434,11.685413360203244,6537700
2003-07-03,12.124961853027344,12.328652178294087,12.007034960468694,12.060638000505085,4350100
2003-07-07,12.275044441223145,12.457294094173438,12.044552172939387,12.114236405039971,6528600
2003-07-08,12.221442222595215,12.307206650498907,12.157119412863757,12.205362031358664,7178500
2003-07-09,12.248250007629395,12.34473529001173,12.039198221669968,12.194646959373308,7697300
2003-07-10,11.931992530822754,12.248249374554899,11.856948880578875,12.248249374554899,5246200
2003-07-11,12.103517532348633,12.248245401495074,11.878385632251746,11.931988660349619,5054200
2003-07-14,11.74974536895752,12.285773896697563,11.717583943563234,12.242891655374091,14126000
2003-07-15,11.299478530883789,11.899830783411913,11.192272442877437,11.899830783411913,13689300
2003-07-16,11.320919036865234,11.347720045017468,11.095787092250522,11.31019822464717,10086600
2003-07-17,10.98322582244873,11.288761958950094,10.934983166959736,11.2566005294219,5163800
2003-07-18,11.465641021728516,11.529964845207544,11.165465564408851,11.202987368774748,7373900
2003-07-21,11.186909675598145,11.465643579815309,11.154747245486663,11.465643579815309,6023500
2003-07-22,11.299478530883789,11.390603398971281,11.144030827906908,11.154750618793122,4073800
2003-07-23,11.369159698486328,11.46028454995111,11.22443283518931,11.374520104148122,3731200
2003-07-24,11.299478530883789,11.599654145951337,11.288757717604549,11.444206442974457,3711200
2003-07-25,11.492443084716797,11.51924408153976,11.154744799349503,11.299472635935487,3978000
2003-07-28,11.395962715148926,11.471006356136746,11.229794214793209,11.406683527402308,4591600
2003-07-29,11.873027801513672,12.00703488961742,11.3101984404351,11.663977071237564,10748700
2003-07-30,12.007034301757812,12.06599774480238,11.75510135651876,11.776541957921305,7254500
2003-07-31,12.334013938903809,12.430499217085524,12.141043382540374,12.167845416698109,9256600
2003-08-01,12.312572479248047,12.36617552590041,12.15176436168404,12.334014106866224,4428600
2003-08-04,12.103517532348633,12.248245401495074,11.899827252447984,12.21072358854438,4703600
2003-08-05,11.792622566223145,12.103518938436949,11.749740343241683,12.103518938436949,3999600
2003-08-06,11.696135520935059,11.760459356770523,11.562128466804468,11.631812707492278,4300600
2003-08-07,11.824788093566895,11.915912976918301,11.728302802677968,11.792626670734984,3422400
2003-08-08,12.8057222366333,12.811082645031597,12.275054073922382,12.317936318715384,15961700
2003-08-11,12.73603343963623,12.853959305990976,12.48410048871763,12.703872025610924,6432400
2003-08-12,12.752113342285156,12.832517380250078,12.618106271546015,12.628826060186608,6500200
2003-08-13,12.419774055480957,12.784273413276908,12.344730430896863,12.757471388502086,6732300
2003-08-14,12.301855087280273,12.350097736437707,12.023120008235823,12.275053047529877,7330500
2003-08-15,12.3179292678833,12.328650078543257,12.194643012472135,12.328650078543257,2884300
2003-08-18,12.178559303283691,12.328647554618634,12.141037496048098,12.328647554618634,4503200
2003-08-19,12.264326095581055,12.301848932458302,12.08743681130224,12.189282466612093,3047300
2003-08-20,12.32865047454834,12.35545147966632,12.183922593168496,12.221444409290795,2740800
2003-08-21,12.060633659362793,12.371529952797331,12.03383266018791,12.328647740681967,5088900
2003-08-22,11.765819549560547,12.130317871416326,11.605010474066583,12.092796060518868,7953000
2003-08-25,11.899827003479004,11.926628005770846,11.685414895573457,11.749738732423662,4139100
2003-08-26,11.953432083129883,11.985594521025249,11.733660536143038,11.830145805043207,4326800
2003-08-27,12.09279727935791,12.210724151084591,12.00703283940729,12.00703283940729,4304200
2003-08-28,11.98023509979248,12.173204631066906,11.948073681645583,12.114242201529771,4295400
2003-08-29,12.017751693725586,12.114236928562166,11.824781224052426,11.878384245894148,4173500
2003-09-02,12.060633659362793,12.173199082768408,11.851583003099465,12.03383266018791,6850400
2003-09-03,12.162482261657715,12.167842667278036,12.001673160226584,12.060636599657283,6741300
2003-09-04,12.53770637512207,12.596669837698409,12.22680988385333,12.253611922475862,9658300
2003-09-05,12.489456176757812,12.618103839577973,12.355449131846708,12.537698794717219,5618500
2003-09-08,12.51625919342041,12.591302817366175,12.446574951991314,12.494817573782935,5213600
2003-09-09,12.64490795135498,12.998686555189321,12.618106944734416,12.998686555189321,10260200
2003-09-10,12.4358549118042,12.660986801458346,12.403692483001697,12.596662966246015,4910600
2003-09-11,12.703869819641113,12.773553041661257,12.543060732652506,12.564502353208084,5309800
2003-09-12,12.585945129394531,12.650268979799895,12.468019263109765,12.618107565793672,4965700
2003-09-15,12.591306686401367,12.677071146519427,12.55914526945535,12.569866082568359,5007600
2003-09-16,12.730676651000977,12.757477666572115,12.677073597465487,12.677073597465487,5930800
2003-09-17,12.730676651000977,12.811080720107602,12.677073597465487,12.703875635429837,4461000
2003-09-18,12.816434860229492,12.848596267665984,12.682427803119277,12.682427803119277,6326400
2003-09-19,12.821795463562012,12.87539849171391,12.677067594269701,12.832516273670935,7493300
2003-09-22,12.666349411010742,12.8003564979856,12.64490880873909,12.757474271049363,3400400
2003-09-23,12.81107234954834,12.896836770210673,12.757469331036246,12.794992159669489,4919900
2003-09-24,12.827157974243164,13.06301072339201,12.794996561029697,12.848598575587845,9402600
2003-09-25,12.521613121032715,12.84322907008475,12.489450708213777,12.821788483930959,5729200
2003-09-26,12.650270462036133,12.77891715552752,12.285770985947353,12.355454228191132,7932800
2003-09-29,12.719954490661621,12.73067530471362,12.489462100509174,12.59666819624295,5132500
2003-09-30,12.618108749389648,12.816438680490053,12.468020432627252,12.719953407028013,4417000
2003-10-01,12.977241516113281,13.025484133246183,12.714587835274484,12.73066904844965,6430900
2003-10-02,13.01476764678955,13.26670058272327,13.004046835287811,13.063010276154518,5702600
2003-10-03,13.004043579101562,13.277418069586341,12.907558344531337,13.014764387918833,6266900
2003-10-06,12.918285369873047,12.982608208944837,12.853961508408164,12.945086382420778,4453700
2003-10-07,13.25062370300293,13.33102879319336,13.046933329757048,13.229183095373823,8097900
2003-10-08,12.945088386535645,13.368551402621932,12.896845738566492,13.368551402621932,8898200
2003-10-09,12.977241516113281,13.18093279342833,12.918279112589532,13.105889176729416,6985000
2003-10-10,13.020126342773438,13.132691781581343,12.816435040560007,13.079088753504507,5703900
2003-10-13,13.121965408325195,13.127325811099565,12.993318808917177,13.057642619817331,2887100
2003-10-14,13.073736190795898,13.111258026239504,12.977250886859004,13.025493538827451,3653100
2003-10-15,12.821795463562012,13.132691799971756,12.794994460682423,13.127331394917293,6484100
2003-10-16,12.864675521850586,12.966521156001818,12.75746948354481,12.902197328539842,4880200
2003-10-17,12.945088386535645,12.955809202171734,12.768199018113167,12.891485330748447,4468800
2003-10-20,12.961166381835938,12.977246578891831,12.891482119950414,12.91828415236523,3551300
2003-10-21,12.725312232971191,12.94508376305086,12.607386370272527,12.875400531090941,5718700
2003-10-22,12.81107234954834,12.982601190873005,12.644903912314136,12.811072349548338,8938600
2003-10-23,12.864675521850586,12.945079539383642,12.650264467631587,12.650264467631587,6996900
2003-10-24,12.966525077819824,12.966525077819824,12.660989105347147,12.757473342133627,4622800
2003-10-27,12.998684883117676,13.127331538655218,12.918280851205806,12.955802664605164,4972500
2003-10-28,13.186296463012695,13.186296463012695,12.870039682337724,13.13269342821488,6690700
2003-10-29,13.191654205322266,13.207734396840006,13.00404413260502,13.207734396840006,5867100
2003-10-30,13.255975723266602,13.272056935608518,13.132689495822884,13.19165291868403,3854000
2003-10-31,13.40070629119873,13.443588510434855,13.261338823083133,13.288140849101183,7744100
2003-11-03,13.60975456237793,13.754482409964702,13.518629734903953,13.599034776269429,7350300
2003-11-04,13.99570083618164,14.043943470474472,13.56151712754615,13.668723208728657,10074300
2003-11-05,14.017145156860352,14.258358392303402,13.829534976226116,13.995704548372764,7599700
2003-11-06,13.92601490020752,14.043941779790206,13.818809854323884,14.017139751524669,8072500
2003-11-07,13.942094802856445,14.354836797701306,13.931373992560871,14.328034771962374,13722000
2003-11-10,13.936735153198242,14.140425447892156,13.883132121207382,13.984977779750738,7040800
2003-11-11,13.990342140197754,13.995702547151485,13.83489340571886,13.942099500007277,6605600
2003-11-12,14.284300804138184,14.414949773401878,14.110102178453257,14.126433688975862,6355000
2003-11-13,14.191756248474121,14.31151857049691,14.137318923764274,14.284299388989181,5809200
2003-11-14,13.979455947875977,14.20264811054812,13.886912780062705,14.153654607687804,4395400
2003-11-17,13.609275817871094,14.028441762254808,13.467739224768593,13.974004451322253,6134600
2003-11-18,13.445964813232422,13.75625613320919,13.424189473715641,13.63649384247757,5886900
2003-11-19,13.41875171661377,13.456857539722131,13.315320883672637,13.445970903338177,3862100
2003-11-20,13.435077667236328,13.56572659451431,13.369752684444649,13.424189997053485,3979300
2003-11-21,13.592947959899902,13.750816100127613,13.549398307131158,13.592947959899902,4474200
2003-11-24,13.957680702209473,14.017561881339107,13.707270386405403,13.718158062302777,4019600
2003-11-25,14.023000717163086,14.093768508640695,13.82702677413963,13.94134525367183,3154500
2003-11-26,13.821579933166504,14.006666163936492,13.745368322251329,13.908679213728224,4763700
2003-11-28,13.952231407165527,14.093768023554823,13.729039330095432,13.729039330095432,1889900
2003-12-01,14.344173431396484,14.398610729090654,14.099206110925264,14.126425278924895,5393100
2003-12-02,14.414949417114258,14.436724763939518,14.344181616543533,14.409505580407943,5465300
2003-12-03,14.404065132141113,14.616370660407812,14.3441849908967,14.469390149678388,3832600
2003-12-04,14.458497047424316,14.703464473370307,14.262524144973066,14.40405972629126,6235500
2003-12-05,14.14820671081543,14.398617991184121,14.115544731047553,14.322405320651589,3603500
2003-12-08,13.946789741516113,14.349624280098583,13.859689399641631,14.262524976529702,6459600
2003-12-09,13.837916374206543,14.07199616358683,13.810698228685638,14.050220816525549,4643000
2003-12-10,13.908682823181152,13.908682823181152,13.75081572555932,13.772590032197755,3227000
2003-12-11,14.044780731201172,14.164543095416034,13.903245090720658,13.903245090720658,4514200
2003-12-12,14.033892631530762,14.131878594357454,13.886912129831925,14.07744229444458,3826100
2003-12-15,13.837916374206543,14.218976641333386,13.816141027145262,14.208088967802745,4367900
2003-12-16,13.543957710266113,13.908686528806824,13.522183397826451,13.805256727683155,5742200
2003-12-17,13.337087631225586,13.576611128389361,13.282650331192208,13.473180362156459,6037700
2003-12-18,13.505842208862305,13.582054843565265,13.380637146692973,13.41874294489189,4668100
2003-12-19,13.22821044921875,13.620158102312894,12.841707667200843,13.609270436770293,11544700
2003-12-22,13.696379661560059,13.712711171770566,13.12479030216629,13.12479030216629,6964200
2003-12-23,13.761704444885254,13.794366426480302,13.669161298444553,13.718154789989963,5293900
2003-12-24,13.043130874633789,13.13567400186774,12.574972441249217,12.711065214339998,23082500
2003-12-26,13.113900184631348,13.200999479576485,13.021357053963952,13.06490670143652,7277700
2003-12-29,13.391531944274902,13.424193926077638,13.130234013241656,13.364312760851222,13575900
2003-12-30,13.489516258239746,13.538509740400249,13.255436518651894,13.271766987168412,6671200
2003-12-31,13.516733169555664,13.54939514192582,13.396971911994843,13.522177004668254,4572900
2004-01-02,13.494961738586426,13.625610694169179,13.424192905371434,13.582061042308261,4576400
2004-01-05,13.62560749053955,13.663713297170279,13.500401362360261,13.5983883155852,5455000
2004-01-06,13.788915634155273,13.8705710661055,13.587497932926574,13.598385600734645,5231300
2004-01-07,13.832468032836914,13.85424337280696,13.680043767962674,13.794362226194695,6675100
2004-01-08,13.881467819213867,13.914129805709914,13.701825336026861,13.788924658886874,5282400
2004-01-09,13.69093132019043,13.908679526491214,13.690931320190431,13.761700136179028,4583000
2004-01-12,13.669156074523926,13.690930374497281,13.451406844958695,13.625606436271935,5013800
2004-01-13,13.41330337524414,13.674602288528403,13.358867096685984,13.620164971664789,5628300
2004-01-14,13.647380828857422,13.658268498070623,13.484069943880536,13.500400409395056,6205000
2004-01-15,13.69093132019043,13.870573720176745,13.473183113889649,13.690931320190431,5403900
2004-01-16,13.778034210205078,13.799809555689254,13.609279435925178,13.663716761330003,4683100
2004-01-20,13.701823234558105,13.881465690193084,13.58750474189639,13.837916035442351,4128500
2004-01-21,13.892350196838379,13.952230309530533,13.729038250019164,13.783475565625569,3649300
2004-01-22,13.821579933166504,13.974004193302179,13.783474127708915,13.81613609834323,2965200
2004-01-23,13.745372772216797,13.881465571941716,13.543954971769425,13.794366263182221,4601300
2004-01-26,13.761704444885254,13.854247591325953,13.554842805403373,13.761704444885254,4841900
2004-01-27,13.85424518585205,13.96311878503402,13.82702600732744,13.892350997481016,4911700
2004-01-28,13.533068656921387,13.935903229036331,13.467743654654189,13.908684045464296,6016800
2004-01-29,13.881467819213867,13.919573643176893,13.685493823625922,13.772593146485935,6641400
2004-01-30,14.012115478515625,14.071996646684196,13.816141501459018,13.827029175363437,4962300
2004-02-02,14.14820671081543,14.289743340883712,14.001226244401563,14.055663569551767,5774000
2004-02-03,14.235309600830078,14.278859264256898,14.077442460272557,14.077442460272557,3297600
2004-02-04,14.376840591430664,14.431277908802075,14.306072805661655,14.344178616330003,5659000
2004-02-05,14.534709930419922,14.561928072242077,14.262524358976144,14.278854828747216,5668000
2004-02-06,14.785122871398926,14.845004040364827,14.518381087023338,14.806898219497706,8223100
2004-02-09,14.649033546447754,14.817788381145666,14.583709563219012,14.659921223087876,5984900
2004-02-10,14.578261375427246,14.708910341211181,14.518380210078313,14.578261375427246,3390600
2004-02-11,14.725237846374512,14.725237846374512,14.545595424825034,14.572814602820696,8295900
2004-02-12,14.523822784423828,14.71435289899661,14.50749127575567,14.659915575075017,3811200
2004-02-13,14.496599197387695,14.583699512173377,14.398613290076199,14.485712566556604,3257200
2004-02-17,14.69802188873291,14.725240032463867,14.556485257059546,14.583704439096133,3214300
2004-02-18,14.725237846374512,14.77423132846123,14.649026224597604,14.698019706684324,4258600
2004-02-19,14.834115982055664,14.970208789230487,14.774234814640913,14.79056632529195,5072000
2004-02-20,14.785122871398926,14.899441372306033,14.670805408797564,14.823228692266046,4831600
2004-02-23,15.117189407348633,15.21517639553257,14.768791111771773,14.77423494870485,6208800
2004-02-24,15.040975570678711,15.177068368611511,14.986539282150108,15.12263208008291,4923800
2004-02-25,15.209735870361328,15.269616013052003,15.030093365677399,15.117192698960157,4734300
2004-02-26,15.405707359313965,15.454700859329572,15.111747397526166,15.122635072708714,5509700
2004-02-27,15.405707359313965,15.65611869698328,14.866779897448124,14.866779897448124,5390300
2004-03-01,15.465584754943848,15.55812789476757,15.443810448205939,15.46014091868297,4812800
2004-03-02,15.471027374267578,15.541795163481256,15.416590054246392,15.416590054246392,3740800
2004-03-03,15.726879119873047,15.792204101969904,15.449249762995798,15.449249762995798,5100200
2004-03-04,15.699664115905762,15.879306554638367,15.650670629132728,15.705107952025608,5007600
2004-03-05,16.249479293823242,16.320247087595288,15.37848523229749,15.37848523229749,11285300
2004-03-08,15.955522537231445,16.320251350334175,15.950078699626227,16.249483538078056,5445100
2004-03-09,15.775871276855469,16.27669263667494,15.759540811426698,15.99906330302776,7616900
2004-03-10,15.737774848937988,16.13516566513239,15.732331011116791,15.803099864486471,4929300
2004-03-11,15.623456954956055,15.982741935172362,15.563575778818048,15.677893255111478,5398400
2004-03-12,15.792203903198242,15.835753544612878,15.596229997679702,15.764984728373248,3233300
2004-03-15,15.487359046936035,15.683331947474601,15.43836556222501,15.683331947474601,4228900
2004-03-16,15.601672172546387,15.797646057212296,15.509129064599179,15.694215280493594,3493700
2004-03-17,15.623456954956055,15.699668605818342,15.514582278033473,15.639787429680334,4023400
2004-03-18,15.253281593322754,15.552685344284248,15.12263262717743,15.50369185219154,6672200
2004-03-19,15.296830177307129,15.460141113973988,15.187955527325482,15.253280524975592,6240600
2004-03-22,15.432913780212402,15.628886579848198,15.051853770506417,15.051853770506417,6544400
2004-03-23,15.111739158630371,15.438361967891582,14.991977911833553,15.432918133268279,4426400
2004-03-24,15.079087257385254,15.27506024314739,15.008318398335776,15.04642422783658,3455300
2004-03-25,15.487359046936035,15.514577188084147,15.133516982177412,15.160736161631052,3400200
2004-03-26,15.171627044677734,15.416593481777543,15.144407859462811,15.351269513873227,4185000
2004-03-29,15.498246192932129,15.579902695687867,15.253279799581609,15.253279799581609,5874500
2004-03-30,15.601672172546387,15.677883777336355,15.394811657414229,15.432917459809211,2617200
2004-03-31,15.552682876586914,15.650669845225032,15.481915087184673,15.623451704294675,3228000
2004-04-01,15.737774848937988,15.797656026665274,15.601682018325723,15.65067552041061,3696600
2004-04-02,15.754103660583496,15.922858450875724,15.547242012078181,15.547242012078181,3369400
2004-04-05,15.982738494873047,16.020844312101875,15.66155940922198,15.67244708223183,2826000
2004-04-06,15.792203903198242,15.89019085595751,15.748654261783605,15.852085049507872,3871400
2004-04-07,15.73232650756836,15.966406275342537,15.645227203974096,15.7377703438312,5193400
2004-04-08,15.60712718963623,15.895644388975569,15.471034347396047,15.79765737643368,3395900
2004-04-12,15.797654151916504,15.87386579575725,15.66700517462989,15.68877948502477,3120300
2004-04-13,15.389381408691406,15.906533672213653,15.383937569499867,15.808547681684438,4626600
2004-04-14,14.69802188873291,15.160737600298589,14.371398972433274,14.866776664137229,15812600
2004-04-15,14.659919738769531,14.725243715384217,14.436727581775235,14.692581727076874,6686700
2004-04-16,14.948430061340332,15.05730469778217,14.719795193762348,14.806894487593624,4317900
2004-04-19,14.561924934387207,14.774229302107484,14.39861404203397,14.39861404203397,15179300
2004-04-20,14.45305347442627,14.823226018899,14.45305347442627,14.725239046737917,5193900
2004-04-21,14.670805931091309,14.69802407887803,14.453056595574417,14.561931263332863,5134400
2004-04-22,14.915771484375,15.01375847183846,14.670805054022074,14.698023200181602,5902800
2004-04-23,14.883110046386719,14.997427510410258,14.779679218242261,14.888553883479139,3640400
2004-04-26,14.87221622467041,14.997421311124416,14.708905332626516,14.948427835850183,3956900
2004-04-27,14.806892395019531,15.13351418157447,14.72523591007546,14.959315618530413,3952000
2004-04-28,15.030092239379883,15.231509043138121,14.926661399492586,15.11719156613575,6286000
2004-04-29,14.79601001739502,15.133519594434809,14.763348034718264,15.128076795910108,3574200
2004-04-30,14.823221206665039,15.057300888989948,14.806890742143446,15.002863584539119,4072100
2004-05-03,15.111739158630371,15.177063097499442,14.834109822673609,14.9320967692825,3786300
2004-05-04,15.030092239379883,15.177071704339236,14.877667898404177,15.177071704339236,3017400
2004-05-05,15.138959884643555,15.177065695223627,14.888549678942807,14.959317464547876,3161100
2004-05-06,14.844996452331543,15.035526497583286,14.708903711195326,14.981089193467756,2731000
2004-05-07,14.540153503417969,14.855889779901077,14.50749152382874,14.68713396902791,3515500
2004-05-10,14.502049446105957,14.872222054024943,14.431281642030028,14.545599103607854,4418600
2004-05-11,14.398614883422852,14.534707647771631,14.278852586280477,14.469382664029844,5243700
2004-05-12,14.191756248474121,14.605478462641116,13.995782294840913,14.300630897893818,5934300
2004-05-13,14.202642440795898,14.289741735931422,14.044774319421826,14.229860581161187,3763200
2004-05-14,14.246190071105957,14.41494480174721,14.0992096420126,14.202640429704816,2746000
2004-05-17,14.082880020141602,14.180865940442505,13.88146226763912,14.017555034968916,2849700
2004-05-18,14.039328575134277,14.153645986639834,13.952228259975634,14.115540182804647,3529900
2004-05-19,14.017558097839355,14.169982404343756,13.946790300219309,14.15909473138509,3845100
2004-05-20,13.778034210205078,14.11010096069945,13.63649757947478,13.990339675453331,5335400
2004-05-21,13.85424518585205,13.90323866889086,13.788920195698475,13.788920195698475,4331500
2004-05-24,13.79980754852295,13.919568816349928,13.707264420286727,13.827025688113704,4298100
2004-05-25,13.85424518585205,13.919569137700133,13.71270857244055,13.718152408145471,5841400
2004-05-26,14.017558097839355,14.088325895459402,13.881465300772954,13.903240646690286,4708200
2004-05-27,14.300622940063477,14.398609862353554,14.08287480069943,14.12642442857224,6268000
2004-05-28,14.371397972106934,14.431279130113746,14.235305186313676,14.349623666298902,4617900
2004-06-01,14.409509658813477,14.502052832402482,14.235310988129696,14.26797297930641,3041300
2004-06-02,14.387728691101074,14.398616362560736,14.262523584231449,14.262523584231449,3638900
2004-06-03,14.436728477478027,14.714357991080215,14.3768472966111,14.38773497282435,4844100
2004-06-04,14.621808052062988,14.806894308795847,14.512933416935848,14.62180805206299,3533400
2004-06-07,14.485708236694336,14.698012529868175,14.431270945589386,14.6816810310452,5373200
2004-06-08,14.610923767089844,14.665361097269711,14.49116247133871,14.529268290972903,4501900
2004-06-09,14.46938419342041,14.665358127054503,14.436722217249894,14.638138948324489,3523100
2004-06-10,14.725237846374512,14.725237846374512,14.50748961393658,14.556483096023298,4980600
2004-06-14,14.69802188873291,14.812339338369686,14.59459107360514,14.605478746419772,4753000
2004-06-15,14.523822784423828,14.75245871425005,14.458497788056796,14.698021390328455,6445300
2004-06-16,14.540153503417969,14.589146991954614,14.480273380555317,14.556485012365387,3503200
2004-06-17,14.545605659484863,14.605486854903786,14.442175825241891,14.485725502372144,4083500
2004-06-18,14.654474258422852,14.659918095581538,14.474831785409247,14.545599591860642,4213700
2004-06-21,14.621808052062988,14.681688166907993,14.523821088109656,14.589145038541563,2389600
2004-06-22,14.643583297729492,14.69257678285658,14.534709693906937,14.545596327475316,3009300
2004-06-23,14.757902145385742,14.779676451373346,14.567372036042787,14.643583664457744,4084800
2004-06-24,14.74157428741455,14.904885256829449,14.687136951507647,14.698024626350191,3484500
2004-06-25,14.69257640838623,14.785119540344798,14.69257640838623,14.719795587377288,3542100
2004-06-28,14.46938419342041,14.698020103225018,14.371397226603362,14.589145464915966,6599400
2004-06-29,14.376840591430664,14.496601859003395,14.3605090847276,14.4802713906058,3617200
2004-06-30,14.153648376464844,14.393171947407469,14.044773742862162,14.382284276386109,7796100
2004-07-01,14.322394371032715,14.40404977717881,14.202633177905433,14.202633177905433,5094700
2004-07-02,14.218971252441406,14.414944110192092,14.175421613129556,14.3169571621641,2391600
2004-07-06,14.224421501159668,14.246196851376576,14.012117028074043,14.153653689566408,3250600
2004-07-07,14.38228702545166,14.485717843313681,14.175426428033273,14.180869226278846,3277600
2004-07-08,14.425835609436035,14.474829096457055,14.30607432910997,14.316960963099191,2683600
2004-07-09,14.431285858154297,14.491167044078445,14.382292349362912,14.382292349362912,2365000
2004-07-12,14.600037574768066,14.616369086970797,14.382289270260744,14.382289270260744,2617000
2004-07-13,14.523822784423828,14.687133717883018,14.458497788056796,14.605478251153423,3130000
2004-07-14,15.128073692321777,15.236947291676984,14.708907687125217,14.7524573345284,10355800
2004-07-15,15.193403244018555,15.280502570926613,15.111747754830484,15.13352206740456,6123600
2004-07-16,15.138959884643555,15.242390683579085,15.046416756818177,15.242390683579085,3930500
2004-07-19,15.2042818069458,15.351262222376821,15.11173869778241,15.11173869778241,3274800
2004-07-20,15.329490661621094,15.378484145503068,15.220616022259929,15.258722872850196,2711300
2004-07-21,15.0573091506958,15.356712931995615,15.024647165426279,15.351270133038852,4406600
2004-07-22,15.008317947387695,15.177072775094752,14.866781271847408,15.079086804310814,5644400
2004-07-23,14.74157428741455,15.019203766064532,14.687136951507647,14.899442457713997,2999600
2004-07-26,14.687126159667969,14.888543843033633,14.687126159667969,14.812331213441325,3152100
2004-07-27,14.964760780334473,15.040972398847574,14.643581761878647,14.643581761878647,3530900
2004-07-28,14.866778373718262,14.926659542779062,14.676248230774968,14.834116389824075,2685000
2004-07-29,14.828673362731934,14.910328846080292,14.725242530060918,14.855892549385256,2391500
2004-07-30,14.97020435333252,14.981092023873698,14.806893448436512,14.834111586484044,2589700
2004-08-02,14.948430061340332,15.019198886519172,14.872218438814338,14.872218438814338,2600500
2004-08-03,14.834115982055664,15.019202282877881,14.741572831644557,14.970208789230487,2704600
2004-08-04,14.785122871398926,14.806898219497706,14.469387592106827,14.74157321350711,3312800
2004-08-05,14.632702827453613,14.86133885780317,14.583710356520038,14.779683355172482,2743400
2004-08-06,14.338737487792969,14.578261106463906,14.284300160144255,14.46938645116648,4792700
2004-08-09,14.240751266479492,14.512936880958543,14.22441975582069,14.306076270808981,3177000
2004-08-10,14.556488037109375,14.561931874556375,14.246196570771124,14.360514042240657,3209800
2004-08-11,14.344173431396484,14.529259620573606,14.235298836008143,14.52381578697368,3860400
2004-08-12,14.071995735168457,14.355069008512835,14.055664225369705,14.25163818973207,4205600
2004-08-13,14.050216674804688,14.18086560374261,13.98489272948842,14.071992015447035,2753200
2004-08-16,14.017558097839355,14.126432750814734,13.957676934872334,13.990339953748332,3758900
2004-08-17,14.355072975158691,14.393178803579657,13.990344128648687,14.044780433075234,3679000
2004-08-18,14.414949417114258,14.556486056561393,14.300631961198699,14.355069289956162,2724600
2004-08-19,14.480270385742188,14.556482001790151,14.371395758554756,14.404057731388829,1998500
2004-08-20,14.736127853393555,14.736127853393556,14.40406109734895,14.40406109734895,3070900
2004-08-23,14.502049446105957,14.79601041297306,14.502049446105959,14.736129244543301,1867300
2004-08-24,14.627251625061035,14.719794751766127,14.480271181769632,14.480271181769632,2189000
2004-08-25,14.670805931091309,14.69802407887803,14.458500432792917,14.610924759993585,2886500
2004-08-26,14.752460479736328,14.855891303734781,14.670805003234694,14.6980231493,2330900
2004-08-27,14.790568351745605,14.850449527364669,14.687137513396095,14.736131013756081,1871900
2004-08-30,14.69802188873291,14.893995846173816,14.698021888732908,14.725240032463867,1494800
2004-08-31,14.708916664123535,14.747022499069503,14.512942612051555,14.698028986051508,2548700
2004-09-01,14.801447868347168,14.828666003186182,14.621805478815933,14.71434859089598,2260800
2004-09-02,14.964760780334473,14.986536121798462,14.703462912599186,14.79600603721028,2675400
2004-09-03,15.111739158630371,15.187950766746049,14.915765265412588,14.915765265412588,2448200
2004-09-07,14.904877662658691,15.11718306069351,14.752454445747356,15.100851556750742,4508300
2004-09-08,14.97020435333252,15.231502216488298,14.959316682791343,15.160734434581471,5029700
2004-09-09,14.937548637390137,15.198846610004276,14.899442812838805,15.106303448248537,4708300
2004-09-10,14.725237846374512,14.861330621436403,14.687132035486059,14.82322481054795,4260400
2004-09-13,14.790568351745605,14.790568351745605,14.63814401303611,14.63814401303611,4160700
2004-09-14,15.02464771270752,15.084527848165177,14.719800083040907,14.806899405802797,4497800
2004-09-15,14.986541748046875,15.062753395171358,14.926660574845743,15.024647571609115,3053500
2004-09-16,15.019198417663574,15.100853873293165,14.942986797516685,14.942986797516685,2338500
2004-09-17,15.062746047973633,15.122627191966375,15.002864903980894,15.10629568770327,3043100
2004-09-20,14.953872680664062,15.231502046533791,14.926654542920232,15.040971967410792,3946500
2004-09-21,15.117189407348633,15.155295227574447,14.932103104846911,14.970208925072725,3037100
2004-09-22,14.703459739685059,15.008307186258733,14.670797772842754,15.00286335206748,6074200
2004-09-23,14.77423095703125,14.95931720952672,14.736125147100791,14.75245665348761,3892000
2004-09-24,15.02464771270752,15.095415523086869,14.81778604241866,14.81778604241866,3740900
2004-09-27,15.209735870361328,15.27505985117042,14.926662518039391,14.942994032394642,5192300
2004-09-28,15.220622062683105,15.258728928396378,15.095416904542974,15.122636094338171,3559600
2004-09-29,15.18250560760498,15.22061140833848,15.051856702959329,15.106294006137983,3305900
2004-09-30,15.25872802734375,15.313164327107742,15.084528337859043,15.128079038959616,4190300
2004-10-01,15.31860637664795,15.378487545365616,15.198845077518353,15.242394735229638,4233500
2004-10-04,15.242391586303711,15.383928204201766,15.187954265834378,15.31860321197746,4825200
2004-10-05,15.209735870361328,15.236954022647458,15.117192698960157,15.220622508292209,2527400
2004-10-06,15.15529727935791,15.19340310474264,14.948435601118135,15.187959267072554,5981900
2004-10-07,15.2042818069458,15.487354968893264,15.17706263465936,15.329486884547668,5878800
2004-10-08,15.209735870361328,15.340384870285465,15.187960517887664,15.20973587036133,3624500
2004-10-11,15.068191528320312,15.258721612309685,15.019198048485746,15.204284297126232,3028100
2004-10-12,14.997420310974121,15.068189120897609,14.866771398390677,14.959314507925441,3913700
2004-10-13,15.710549354553223,15.721435986800984,15.269608041898506,15.405700808896908,12155000
2004-10-14,15.830313682556152,15.890194843894063,15.596233911841354,15.596233911841354,6351500
2004-10-15,15.781320571899414,16.053506165147017,15.764989062514527,15.917413368523215,5329600
2004-10-18,15.895642280578613,16.048065579154372,15.677892931231796,15.694224443924561,5443300
2004-10-19,15.786770820617676,16.053512685748625,15.683339962446551,15.901088317828343,7012600
2004-10-20,15.677889823913574,15.699665169854777,15.4329234119089,15.645227843307413,5219000
2004-10-21,15.525463104248047,15.781317132347148,15.389370337285785,15.677886338730314,4038500
2004-10-22,15.525463104248047,15.650668200660027,15.47102578980206,15.498243927872347,4013100
2004-10-25,15.449246406555176,15.54178950540872,15.296823211952967,15.427472109457064,3644100
2004-10-26,15.715993881225586,15.721436678436204,15.351265208092094,15.460138803497259,3774300
2004-10-27,15.890198707580566,15.895642545235459,15.574463391737813,15.607125379361309,3697500
2004-10-28,15.803099632263184,15.841205458145717,15.71055646727451,15.764992768074768,3659700
2004-10-29,15.868423461914062,15.86842346191406,15.612569320277062,15.694224809028796,4149800
2004-11-01,16.10249900817871,16.113386680664625,15.786763774226406,15.813981917135592,4408100
2004-11-02,15.890198707580566,16.184158672803743,15.813986018717925,16.058953521658797,4254600
2004-11-03,15.955522537231445,16.026291387793417,15.661562574690686,15.87931088737011,5922500
2004-11-04,16.12972068786621,16.162383712486,15.950078205680661,15.960965880553925,7919700
2004-11-05,16.363800048828125,16.467230880622118,16.14060791169242,16.189601408947166,7508300
2004-11-08,16.44000816345215,16.875504642120145,16.35290886771855,16.548881763966396,8455300
2004-11-09,16.42912483215332,16.489006003154135,16.2930320168284,16.374687498362196,4039100
2004-11-10,16.64536476135254,16.783983719609815,16.52892428647549,16.61209544991411,5405800
2004-11-11,16.78952980041504,16.867156084141612,16.59546303351981,16.689723974150134,3516400
2004-11-12,16.91151237487793,16.91151237487793,16.689722260165762,16.844974811674934,3482400
2004-11-15,16.867162704467773,16.933700300619844,16.767356839029272,16.81725977174852,3491700
2004-11-16,16.695268630981445,16.894879223196863,16.695268630981445,16.894879223196863,2481300
2004-11-17,16.85606575012207,16.92814820338634,16.695268302402667,16.811707724105123,4070800
2004-11-18,16.606550216674805,16.950324611811702,16.440206846298143,16.772892529472834,9666800
2004-11-19,16.246137619018555,16.495652107542178,16.079795331721787,16.440204325917097,7922100
2004-11-22,16.29050064086914,16.39585135258612,16.090890046263926,16.323769954619003,4913500
2004-11-23,16.689725875854492,16.70081564838728,16.223966005266632,16.229510891533028,5600000
2004-11-24,16.85606575012207,17.09449053655521,16.74517121386908,16.74517121386908,4087500
2004-11-26,16.95032501220703,17.039041055472087,16.80616117750665,16.817250947309446,1337000
2004-11-29,17.05013656616211,17.105584376267057,16.639824463511918,17.027957019088525,5229600
2004-11-30,17.044591903686523,17.10003971452112,16.911517792230914,16.966965603065507,5981400
2004-12-01,17.30518913269043,17.38836134838005,17.111123449624394,17.133301931583944,6529500
2004-12-02,17.421630859375,17.51034690878307,17.26637724412151,17.366183064100273,4122300
2004-12-03,17.34400749206543,17.42163378393389,17.25529142776465,17.42163378393389,3283700
2004-12-06,17.23310661315918,17.305187996769586,17.16656905649077,17.305187996769586,3172900
2004-12-07,17.310733795166016,17.393906009787038,17.138846596267946,17.233107522936947,5115200
2004-12-08,17.465988159179688,17.60460711282397,17.305189665314547,17.310734550369762,5384600
2004-12-09,17.62125015258789,17.660063308863897,17.26638474325185,17.299654069413446,7721600
2004-12-10,17.54916000366211,17.676689192165203,17.410541044616473,17.676689192165203,4021200
2004-12-13,17.732145309448242,17.732145309448242,17.593526285345153,17.654518994375866,4061800
2004-12-14,17.69332504272461,17.75986155531532,17.643422129492176,17.732138184665658,5223800
2004-12-15,17.98720359802246,18.02047292487927,17.654518790088062,17.66006367789753,6104600
2004-12-16,18.109188079833984,18.15909100996388,17.91512230441678,17.987202669481274,5668600
2004-12-17,18.04264259338379,18.264431638803824,17.98719374566083,18.114722922687733,7106700
2004-12-20,17.959474563598633,18.181265775849127,17.848578957473386,18.048190625467278,4484700
2004-12-21,18.070375442504883,18.153547700157212,17.96502574928253,18.05928566714068,4235000
2004-12-22,18.03156089782715,18.275529591578174,17.90957549337253,18.114731033916758,4385200
2004-12-23,17.926206588745117,18.153541619669973,17.809765044002013,18.048189846576577,2824000
2004-12-27,17.826398849487305,18.03155431513644,17.809763136215928,17.965017807523264,2417700
2004-12-28,17.998291015625,18.026014393460997,17.865217955948957,17.898485163288896,3283700
2004-12-29,18.037099838256836,18.070369152769423,17.86521366783589,18.003832638901887,3127200
2004-12-30,17.953929901123047,18.125816073232908,17.931750357896725,18.02046641564436,2828000
2004-12-31,17.776498794555664,17.992744065391445,17.770952850855483,17.965020692363897,2933300
2005-01-03,17.64342498779297,17.870760048201493,17.488172394877274,17.521440656562213,4906300
2005-01-04,17.787588119506836,17.915117324352906,17.59906516886036,17.59906516886036,5435100
2005-01-05,17.648969650268555,17.892939367211635,17.648969650268555,17.787589696950338,4008100
2005-01-06,17.787588119506836,17.85966846453436,17.632333427172625,17.654512971100043,3671000
2005-01-07,17.67115020751953,17.84303746772239,17.593522850025483,17.75986522343741,3902200
2005-01-10,17.560251235961914,17.665601949728288,17.47708006512691,17.560251235961914,3455100
2005-01-11,17.24420738220215,17.560258598432917,17.21648294191394,17.42718445778729,5045300
2005-01-12,17.377273559570312,17.382818445086965,17.166572140252608,17.310735990949254,4194300
2005-01-13,17.127763748168945,17.36064371654429,17.100040370477696,17.321830564744907,3731800
2005-01-14,17.360647201538086,17.388371642373837,17.083409138656254,17.100043803157707,3919700
2005-01-18,17.521438598632812,17.571341514088505,17.233110877684116,17.299648450817987,3642900
2005-01-19,17.532522201538086,17.74322250343181,17.49925289788765,17.576880215493524,4444300
2005-01-20,17.438262939453125,17.61569501206106,17.260829809266617,17.504799437891815,4047900
2005-01-21,17.327375411987305,17.521442228117376,17.260837825070485,17.43827103765565,4085500
2005-01-24,17.599056243896484,17.68222737628822,17.427169095943125,17.510340228334858,5401900
2005-01-25,17.709959030151367,17.79313019653494,17.687779488407074,17.73768239975297,4957200
2005-01-26,17.737680435180664,17.881844267815122,17.671143932474692,17.704412183827678,4675000
2005-01-27,17.80977439880371,17.959483221974665,17.70996957426913,17.743237849113992,6036000
2005-01-28,17.74323081970215,17.87630598151941,17.299650472241183,17.66005963675059,7837700
2005-01-31,17.959474563598633,18.020467252725407,17.798676040474916,17.798676040474916,5815000
2005-02-01,17.732145309448242,17.84858478205681,17.693332151912053,17.770958466984432,5949100
2005-02-02,17.615699768066406,17.75431874441396,17.49925927799345,17.676691398505707,6577700
2005-02-03,17.776498794555664,17.798676223883035,17.410543713602884,17.521439320870865,3694200
2005-02-04,18.059284210205078,18.075917814330275,17.63233741133999,17.64342718580952,5137300
2005-02-07,18.175718307495117,18.214531449109362,17.95392922900766,17.95392922900766,5516100
2005-02-08,17.976106643676758,18.21453143637331,17.953929216453826,18.142451096373016,5179300
2005-02-09,17.726594924926758,18.009377773321496,17.721050038772482,17.965020799245075,4515400
2005-02-10,17.79867172241211,17.859664396741703,17.665598719472317,17.79867172241211,3584700
2005-02-11,17.881845474243164,18.014920603790518,17.626787100697943,17.687778722696873,5341200
2005-02-14,18.08145523071289,18.131358134709117,17.859664076250283,17.881843614727984,3492800
2005-02-15,18.386425018310547,18.397514792698235,18.07591768092979,18.07591768092979,5985100
2005-02-16,18.07590675354004,18.286608109214924,17.9761009595444,18.242251153637373,4746300
2005-02-17,17.904029846191406,18.020469293991585,17.859670752653432,18.01492546487834,3469500
2005-02-18,17.926206588745117,18.02046647503114,17.782041672456575,17.82640075905541,3830000
2005-02-22,17.715499877929688,17.992737741073636,17.715499877929688,17.915111477818456,3677400
2005-02-23,17.98720359802246,18.014929094649016,17.754324655500067,17.770958261349257,4308500
2005-02-24,18.1036434173584,18.136910625809595,17.8818521569454,17.987201842304554,2794400
2005-02-25,18.286617279052734,18.286617279052734,17.920663222613104,17.992745691123964,3328000
2005-02-28,18.342069625854492,18.43632954358326,18.214538266920414,18.286620749109595,4742800
2005-03-01,18.480684280395508,18.530585084943283,18.30879597581875,18.30879597581875,3378000
2005-03-02,18.45295524597168,18.752372706684106,18.319882229093356,18.319882229093356,4198400
2005-03-03,18.52503776550293,18.630387413849313,18.29770275527101,18.45295531391989,3323400
2005-03-04,18.830015182495117,18.97972404162448,18.574956584789962,18.630403370322636,4868200
2005-03-07,18.96861457824707,19.162682356550906,18.946435040985417,19.018517479507246,3978100
2005-03-08,18.56385612487793,18.852183897123492,18.25334880511546,18.852183897123492,8239500
2005-03-09,18.037099838256836,18.292160352538072,17.92620635353015,18.103638467282014,9408500
2005-03-10,18.159086227416992,18.181265771668492,18.026011077065743,18.098093538304244,5558500
2005-03-11,18.070375442504883,18.25335144811828,18.026016341048077,18.159091530260124,3468000
2005-03-14,18.27553367614746,18.29771323012509,18.0426547048584,18.0426547048584,4486700
2005-03-15,17.981653213500977,18.336517443325658,17.904026927621533,18.303248128595474,3970100
2005-03-16,17.9206600189209,18.00937607385981,17.770951279619435,17.909570247658834,3382300
2005-03-17,17.632335662841797,17.920663424983214,17.565799137780854,17.909573651613393,5287800
2005-03-18,17.687782287597656,17.715506719165568,17.355096511835225,17.64896914098151,8967600
2005-03-21,17.565797805786133,17.671148529652832,17.477081740712784,17.60461095205836,3022700
2005-03-22,17.438262939453125,17.69332127943239,17.427173170520486,17.565792109442757,4669700
2005-03-23,17.438262939453125,17.62123989652738,17.399448748188888,17.493709668959173,5302400
2005-03-24,17.510351181030273,17.626791685274704,17.43826976989152,17.499261407753853,3292600
2005-03-28,17.482633590698242,17.610162852841558,17.410551098127264,17.416095986600368,3355000
2005-03-29,17.199844360351562,17.421634530609243,17.166575041628693,17.377276496557705,5404500
2005-03-30,17.54916000366211,17.56579465947593,17.17766115111665,17.17766115111665,4418700
2005-03-31,17.266372680664062,17.521432048484787,17.238649319143278,17.521432048484787,5400600
2005-04-01,17.18874740600586,17.47707503566738,17.122209853938386,17.29964297359214,4399000
2005-04-04,17.18320655822754,17.266377724665016,16.99468468359392,17.22756458416611,5859300
2005-04-05,17.30518913269043,17.349548211766844,17.083399025201633,17.116668334508944,3643200
2005-04-06,17.460447311401367,17.576887809327335,17.188754226346013,17.26083563357338,4360500
2005-04-07,17.449357986450195,17.515895566626416,17.271925849418874,17.404999952192362,3916100
2005-04-08,17.266372680664062,17.621237842085137,17.24973908678297,17.45489450022507,3420500
2005-04-11,17.077856063842773,17.21093120090332,16.92260349990342,17.1776618878488,4897000
2005-04-12,17.1333065032959,17.216477683599585,16.80616561086632,16.966964142688525,5528000
2005-04-13,17.310733795166016,17.693322386655336,17.299645083118037,17.42162937627495,9357800
2005-04-14,17.055675506591797,17.377271423983572,17.044585736921373,17.371726539148362,4586400
2005-04-15,16.80062484741211,17.016871238363752,16.71745364669803,16.97805808186913,6510900
2005-04-18,16.689725875854492,16.756262395893376,16.28495869661804,16.71744924960754,8465100
2005-04-19,16.734086990356445,16.772900143790576,16.5677435444656,16.68972894963471,5122100
2005-04-20,16.601015090942383,16.789537053646214,16.467940950959548,16.684186296234248,5267800
2005-04-21,16.551109313964844,16.91151851339013,16.36258738363548,16.78398928333764,6525200
2005-04-22,16.667543411254883,16.99468424061675,16.49565619742061,16.91151307634718,8272000
2005-04-25,16.78952980041504,16.89487945473573,16.467933836660784,16.61209663284476,5169900
2005-04-26,16.63427734375,16.78398609366268,16.595464199160535,16.717448518952974,4676400
2005-04-27,16.722993850708008,16.85606794609547,16.517838350244425,16.556651495868405,4795900
2005-04-28,16.41803741455078,16.717453954143792,16.41803741455078,16.551111549656476,5318400
2005-04-29,16.251689910888672,16.51783917249123,16.140795354668313,16.41803333158764,7557600
2005-05-02,16.3958683013916,16.4125029754622,16.146354535811977,16.146354535811977,5036000
2005-05-03,16.523380279541016,16.634275875073012,16.412485741587794,16.479022252843972,6839500
2005-05-04,16.706357955932617,16.778440413253584,16.484567813365842,16.517837127934975,4829400
2005-05-05,16.601015090942383,16.789537053646214,16.501209221560444,16.739634118955244,4703100
2005-05-06,16.29050064086914,16.661999517112267,16.28495681282296,16.612096604066267,6281100
2005-05-09,16.70081901550293,16.717452620076756,16.41249121699312,16.46793903325718,6065900
2005-05-10,16.689725875854492,16.811710200978393,16.523382460599446,16.606554697016428,4499200
2005-05-11,16.551109313964844,16.71745169598295,16.46793812295579,16.639825392051712,5780300
2005-05-12,16.512296676635742,16.68418395108885,16.506751789385113,16.628736136161656,4864400
2005-05-13,16.44021224975586,16.54001809326964,16.357041066020702,16.434667363162983,4465000
2005-05-16,16.56773567199707,16.63427323025267,16.41248313203169,16.467930920981587,3861600
2005-05-17,16.617647171020508,16.66755010112759,16.44021500067496,16.573289128434123,3429800
2005-05-18,16.955867767333984,17.00022578339484,16.678629902559017,16.71744303441495,5199100
2005-05-19,17.1721248626709,17.205394190954053,16.994692675477772,17.088953657121525,5007900
2005-05-20,17.155481338500977,17.266375862598775,17.03904087198285,17.13330179913423,4019500
2005-05-23,17.36618995666504,17.46599581625631,17.105586590293836,17.105586590293836,4464600
2005-05-24,17.116674423217773,17.34955438331526,17.000233914379514,17.294106572324615,5179200
2005-05-25,17.127763748168945,17.18875644818458,17.061227218678315,17.116675031639886,3762400
2005-05-26,17.45490074157715,17.46044562737968,17.166573025318396,17.18875256852853,5047200
2005-05-27,17.332918167114258,17.41054446098678,17.283015247459367,17.41054446098678,2932100
2005-05-31,17.155481338500977,17.277465632282148,17.14993645365929,17.277465632282148,5551600
2005-06-01,17.199844360351562,17.2719257690932,17.016867337691608,17.100038519340867,4223500
2005-06-02,17.25528907775879,17.305190931750275,17.07785591574302,17.127758827313272,3165300
2005-06-03,16.917062759399414,17.233113907804576,16.89488321192865,17.210935417912843,3814500
2005-06-06,16.861610412597656,16.883789954102213,16.745170992434968,16.861610412597656,4064100
2005-06-07,16.3958683013916,16.905986672844477,16.257249190209624,16.828360309008133,11748800
2005-06-08,16.207334518432617,16.445759386655478,16.17961113925378,16.39585645807027,11257000
2005-06-09,16.068710327148438,16.229508835769018,15.941181131912048,16.20732929351289,8293800
2005-06-10,16.373680114746094,16.37922500282527,16.06871761586702,16.135255215237862,7988200
2005-06-13,16.14079475402832,16.329316655924398,16.029899144355717,16.129704981545277,8162400
2005-06-14,16.246137619018555,16.39030142821237,16.16296647537017,16.16296647537017,4898000
2005-06-15,16.052080154418945,16.29050393909218,15.96890791078378,16.246145902690298,6803600
2005-06-16,16.151880264282227,16.18514957513048,16.040985734190816,16.085343757743118,4905600
2005-06-17,16.079811096191406,16.301601382554004,16.0687213174784,16.301601382554004,7370600
2005-06-20,16.113065719604492,16.168513508600345,15.968901891246713,15.996626314533946,3777600
2005-06-21,16.10197639465332,16.17960266174409,15.99108082088487,16.057617319083082,5860600
2005-06-22,16.090890884399414,16.240599631335385,16.05762156891663,16.223964973593993,4283800
2005-06-23,15.841377258300781,16.13524988392181,15.835832372053714,16.052078705373642,6860300
2005-06-24,15.680580139160156,15.902370306122894,15.647310820931542,15.84137761361604,7044000
2005-06-27,15.614039421081543,15.78038174846576,15.59740476531163,15.63621896210809,3512800
2005-06-28,15.658405303955078,15.791479444163397,15.591868762640546,15.61404725721897,5123800
2005-06-29,15.475427627563477,15.769300336756702,15.458792964091675,15.691672964800839,6386100
2005-06-30,15.386707305908203,15.636221901468012,15.381162419609215,15.553049664562126,8062100
2005-07-01,15.492057800292969,15.597407465671962,15.370072418685217,15.41997533705586,4486700
2005-07-05,15.508689880371094,15.575227450866008,15.364526025614449,15.425518710436554,4017200
2005-07-06,15.358991622924805,15.519789175798254,15.309088678824212,15.508699397647133,4709800
2005-07-07,15.525322914123535,15.558591167103193,15.170458728797321,15.270264545314992,6099500
2005-07-08,15.8857421875,16.007727622737654,15.403348507941871,15.525332885600156,9319200
2005-07-11,16.06316375732422,16.113066664589287,15.9411794604422,16.013260850059147,5937800
2005-07-12,16.16851806640625,16.218420984811985,16.079802002035812,16.201786326150437,5273900
2005-07-13,16.406946182250977,16.42358084425453,16.168521314762305,16.174066202096824,6471900
2005-07-14,16.4124813079834,16.60100313491397,16.379213061342266,16.41802619202,9087000
2005-07-15,17.18320655822754,17.22756458416611,16.412485460952826,16.58991756470711,14489100
2005-07-18,17.1333065032959,17.17211965026569,16.961419256324422,17.088948469962002,5227500
2005-07-19,17.1055850982666,17.16657674013529,17.044592398818853,17.12776358869729,4759700
2005-07-20,17.1333065032959,17.183209422993897,16.961419256324422,17.01132217602242,4812400
2005-07-21,17.066768646240234,17.32737193948165,16.78398580927843,16.91151501293409,5540800
2005-07-22,17.155481338500977,17.172114935447393,16.91705657820168,16.93923505998978,5200800
2005-07-25,16.978055953979492,17.07786074778016,16.9059734801701,16.989144670460192,4333900
2005-07-26,16.83388900756836,17.061224046623074,16.80061969142947,16.98359669987787,5244400
2005-07-27,16.678632736206055,16.872699486035565,16.617640057167968,16.828341462438424,6752800
2005-07-28,16.78952980041504,16.87824585541078,16.689723974150134,16.689723974150134,4683900
2005-07-29,17.28301239013672,17.288557275579322,16.91151352611241,16.91151352611241,7402200
2005-08-01,17.288557052612305,17.371728218021182,16.772894346466998,16.772894346466998,5361800
2005-08-02,17.45490074157715,17.510348542023653,17.310736883447774,17.366184683894275,5378200
2005-08-03,17.532522201538086,17.599058693682007,17.299642363877403,17.360633972079587,6199500
2005-08-04,17.299652099609375,17.549165671935654,17.23865939950383,17.493717858892346,4514900
2005-08-05,17.355091094970703,17.465986671471804,17.2441965760482,17.2441965760482,5058400
2005-08-08,17.820859909057617,17.953935091730866,17.604614587977082,17.610159475386727,10226400
2005-08-09,17.98720359802246,17.992749543411144,17.765414431119,17.904033453618073,5902700
2005-08-10,18.131359100341797,18.281067820303605,17.88184456707212,17.998283977545526,8547300
2005-08-11,19.23476791381836,19.240313857221405,18.214532188897664,18.269981047139783,17421600
2005-08-12,18.436323165893555,18.830000536384574,18.33651733743701,18.708017280060293,12759300
2005-08-15,18.630390167236328,18.65256971179479,18.087004016500696,18.092549960219205,6665400
2005-08-16,18.39196014404297,18.696923507486932,18.31987981737184,18.574938162109348,7406200
2005-08-17,18.780101776123047,18.951990099853184,18.28661846802201,18.308798015953275,11185600
2005-08-18,18.513948440551758,18.652567404155956,18.325426565443742,18.63038786234148,6848900
2005-08-19,18.508403778076172,18.60266365380095,18.419687729976264,18.44186515563317,5510600
2005-08-22,18.45850944519043,18.54722553451045,18.325434253631194,18.502866432271233,4519900
2005-08-23,18.31988525390625,18.42523491925909,18.214533473395594,18.40305537439813,5803400
2005-08-24,18.286617279052734,18.441869874161068,18.164631888520198,18.297707052297323,7465400
2005-08-25,18.46405029296875,18.56940208619064,18.242261163072598,18.242261163072598,9425800
2005-08-26,18.56385612487793,18.630392652270576,18.28661812639082,18.347610824483272,7884300
2005-08-29,18.39196014404297,18.547214796839132,18.170171106724037,18.380872490060632,6764400
2005-08-30,17.96503257751465,18.353164286992726,17.859680729091302,18.353164286992726,8607700
2005-08-31,17.99274444580078,18.159086802640733,17.759863454098586,18.05373713684559,6655300
2005-09-01,17.493717193603516,17.948387339625125,17.482628477479814,17.9095741892446,8614600
2005-09-02,17.687782287597656,17.748773921889207,17.587976449111036,17.643424254667927,5643600
2005-09-06,18.109188079833984,18.25335092512129,17.95947928944429,18.037105599611174,6878500
2005-09-07,18.68583869934082,18.780098589316513,18.30324896550178,18.325428509669383,12166600
2005-09-08,18.502853393554688,18.663651853121674,18.397503772712657,18.558302232279644,6233500
2005-09-09,18.929807662963867,19.085060244472746,18.458503974721744,18.50840689237214,12547900
2005-09-12,18.741289138793945,18.94644467488917,18.69138621215909,18.80228183969857,6572300
2005-09-13,18.364234924316406,18.78563764843553,18.364234924316406,18.713555213886234,6922500
2005-09-14,17.942840576171875,18.469593107542707,17.915117204027666,18.464047164019235,7436000
2005-09-15,18.547224044799805,18.57494742389337,17.94284507386381,17.94284507386381,9369100
2005-09-16,18.985260009765625,19.423294461605398,18.602670199155042,18.70247605277883,25124600
2005-09-19,18.574939727783203,18.86881123170076,18.55830613025047,18.72464845104989,7524400
2005-09-20,18.087005615234375,18.774556751215762,18.020469090835523,18.574945062861232,7783700
2005-09-21,17.421630859375,18.087001229935534,17.360638178814927,18.01492089396223,13572300
2005-09-22,18.347610473632812,18.38087979427198,17.37173261070983,17.42163553408957,12830500
2005-09-23,18.09809684753418,18.624849486456174,18.048193921422452,18.297708551981096,8232500
2005-09-26,18.441877365112305,18.719115463365192,18.269991097897165,18.269991097897165,8828200
2005-09-27,18.303251266479492,18.46404980917265,18.286617663841586,18.408603056940947,9808500
2005-09-28,18.353153228759766,18.824459058688333,18.353153228759766,18.547221081727262,6425800
2005-09-29,18.56385612487793,18.613759049211932,18.29770790014927,18.33097722142463,5636000
2005-09-30,18.56940460205078,18.658120689060482,18.364246932274686,18.56940460205078,7138400
2005-10-03,18.780101776123047,18.84664041991684,18.51949949098407,18.51949949098407,5742600
2005-10-04,18.23116683959961,18.602664649923994,18.197897526596623,18.54721791007656,9187500
2005-10-05,18.214542388916016,18.37534099512778,18.087013116280122,18.159095614781748,7328600
2005-10-06,18.148000717163086,18.397515360694033,18.02047148050466,18.22008319532942,8038000
2005-10-07,17.86521339416504,18.170174702807106,17.79313093807079,18.164628759561147,5966800
2005-10-10,17.93175506591797,18.0038375427501,17.843038984877733,18.0038375427501,5460200
2005-10-11,17.93175506591797,18.513954479941898,17.920665291393163,18.32543254333662,7477900
2005-10-12,17.560251235961914,18.020466175999676,17.532527864876517,17.881847205415063,6891500
2005-10-13,17.770952224731445,18.136906235211676,17.615699649120955,17.948384344045635,10285200
2005-10-14,17.9206600189209,17.942839561445023,17.74877173709531,17.826400135929752,6701900
2005-10-17,18.131359100341797,18.13690292767787,17.920657703896588,17.920657703896588,4939800
2005-10-18,18.003835678100586,18.22562480015146,17.909573661981515,18.186811650913608,4710200
2005-10-19,18.68029022216797,18.86326826399731,17.99828519519558,18.131360326994873,8869200
2005-10-20,17.96503257751465,18.552776089100984,17.748785048457915,18.547232256890947,10984400
2005-10-21,18.009380340576172,18.236715417413876,17.643426262857965,17.643426262857965,11964400
2005-10-24,18.364234924316406,18.375324692336065,17.9483781417856,18.103632778903844,6886400
2005-10-25,18.297706604003906,18.525041662053393,18.103640864873093,18.325429978857176,6204400
2005-10-26,17.91512680053711,18.319894173103943,17.91512680053711,18.297714617444676,4660600
2005-10-27,17.493717193603516,17.95393328405552,17.454904043222992,17.9095741892446,6098100
2005-10-28,17.904029846191406,17.904029846191406,17.493716691597154,17.654515232935307,6599100
2005-10-31,17.521438598632812,18.175719270291836,17.49371416916918,17.904027264600167,18254300
2005-11-01,17.615699768066406,18.147996129603168,17.526983707810277,18.147996129603168,17401100
2005-11-02,17.887393951416016,17.998289569004868,17.70441798027869,17.854126746749944,7612400
2005-11-03,18.42523193359375,18.47513484386563,17.937292601508457,17.992741454675805,10297500
2005-11-04,18.536136627197266,18.563860009816153,18.31434533592914,18.45296436418209,6116900
2005-11-07,18.68583869934082,18.74683138822286,18.347608053836986,18.436324115349652,12334000
2005-11-08,18.852184295654297,18.879907673057456,18.48068638510406,18.685841916077205,9653000
2005-11-09,18.480684280395508,18.951987988048284,18.452958790991804,18.852182148636988,6877100
2005-11-10,18.80321502685547,18.83150712491684,18.508972458210057,18.64477755087283,6847600
2005-11-11,19.125755310058594,19.17668196494374,18.69004996460777,18.87112203563287,6682400
2005-11-14,19.19931411743164,19.38038616585939,19.097460820372394,19.125752923211277,7199800
2005-11-15,18.84848976135254,19.267218118712094,18.763611283173223,19.13707270177335,8585100
2005-11-16,18.55990219116211,19.012582311229657,18.520292815565515,18.876779354483933,6758100
2005-11-17,18.780580520629883,18.87677624447957,18.60516821718726,18.718338768196233,5802400
2005-11-18,18.724000930786133,18.984291751158135,18.63912245701084,18.984291751158135,7016200
2005-11-21,18.712677001953125,18.769261191979865,18.571214368337785,18.684384906939755,4801300
2005-11-22,18.667417526245117,18.71834418099823,18.559904500350015,18.684392358313037,4723500
2005-11-23,19.074827194213867,19.171022938762235,18.67873125972782,18.69570824908882,6450800
2005-11-25,18.9333553314209,19.114427300752325,18.9333553314209,19.10876974607553,2311200
2005-11-28,19.210630416870117,19.295506721086063,18.967314459396245,19.029558377617324,6393500
2005-11-29,19.19931411743164,19.567117929984374,19.171022014592758,19.37472860871125,6594800
2005-11-30,19.1540470123291,19.66897110817122,19.14838945459427,19.31814424778026,8158600
2005-12-01,19.99151039123535,20.019802500362026,19.272879594960123,19.369073197700725,13905500
2005-12-02,19.75383949279785,19.946228735739822,19.66330350544564,19.83305821191251,8186900
2005-12-05,19.561458587646484,19.75384791259164,19.46526500444847,19.657654329393626,6958700
2005-12-06,19.895309448242188,19.951893651758265,19.680285589492897,19.708579849799936,8155500
2005-12-07,19.951894760131836,19.957554475927257,19.697263671615147,19.80477452768777,6290600
2005-12-08,19.702924728393555,20.008484679144512,19.635023236632065,19.87267953707203,5474600
2005-12-09,19.714237213134766,19.929261069772487,19.295506772161197,19.86135743596122,4617000
2005-12-12,19.5048828125,19.71424705826707,19.43132158507641,19.71424705826707,3962900
2005-12-13,19.957548141479492,20.110328041227234,19.436964539537357,19.436964539537357,5928000
2005-12-14,20.087697982788086,20.172576443318025,19.867016575668945,19.900966233041785,4990100
2005-12-15,19.793458938598633,20.195212452288178,19.71989773684373,20.08770158706894,5615400
2005-12-16,19.663312911987305,19.872677078167197,19.629361091032766,19.79911803725622,7956600
2005-12-19,19.29551124572754,19.765168441672706,19.278536412613683,19.612388467999562,3801800
2005-12-20,19.32380485534668,19.43697328365753,19.125755788703874,19.238926375564134,4172500
2005-12-21,19.487897872924805,19.66331237188116,19.352094909935325,19.352094909935325,4031000
2005-12-22,19.567113876342773,19.623698070298214,19.301163415945194,19.52184479433951,3326600
2005-12-23,19.550134658813477,19.635013098602688,19.42564901461726,19.635013098602688,1930300
2005-12-27,19.29551124572754,19.646340292776753,19.244584587836492,19.561461810108515,3039700
2005-12-28,19.346435546875,19.45960612379662,19.25589951704755,19.295508895187734,2212000
2005-12-29,19.31814193725586,19.403020402971716,19.244580744205386,19.267215289536153,2530600
2005-12-30,19.080482482910156,19.40301714479149,19.00126374610403,19.29550415179859,4219600
2006-01-03,18.967315673828125,19.403020970723876,18.786243622981722,19.403020970723876,9250100
2006-01-04,19.137073516845703,19.1540483497848,18.910732337760283,18.91639205443962,5990200
2006-01-05,19.15970802307129,19.352097377293337,19.08614681625271,19.13707347350412,6245200
2006-01-06,19.272884368896484,19.408687389763053,19.13142162967292,19.369077995464462,5877100
2006-01-09,19.640670776367188,19.657647759559893,19.233259875065105,19.238917430430405,4659900
2006-01-10,19.657655715942383,19.71989748434648,19.544485135895275,19.584094515129372,7021800
2006-01-11,19.997161865234375,20.008479137151525,19.69160199911807,19.702919271035217,8209000
2006-01-12,19.68593978881836,19.985839868807403,19.65764769498799,19.946230505735205,11593600
2006-01-13,19.5048828125,19.65766282704896,19.4369791447782,19.60673615553264,4807700
2006-01-17,19.57278060913086,19.8953154147062,19.533171223081233,19.646341822601446,5499100
2006-01-18,19.799116134643555,20.053747212411274,19.470921705935517,19.567117443454748,10550100
2006-01-19,19.91794776916504,20.014141365088804,19.80477718212871,19.9745319834085,9093800
2006-01-20,20.29140853881836,20.319700645024625,19.855703195883994,19.917947124667382,11436800
2006-01-23,20.206531524658203,20.42155543278294,19.95755795004763,20.29141000797177,6944500
2006-01-24,20.28574562072754,20.546038568971156,20.183892327621123,20.336672267280747,9685600
2006-01-25,19.895309448242188,20.449842845185948,19.55014019456672,20.37062409684384,21016500
2006-01-26,19.77082061767578,20.2008683135843,19.6633097729731,20.08769775368475,12358000
2006-01-27,19.833070755004883,19.940583791982338,19.759509544212346,19.77082681960732,7355400
2006-01-30,19.816097259521484,19.84438937064492,19.70858637383256,19.74819576111531,8004200
2006-01-31,19.810434341430664,19.946239474850945,19.748192570435293,19.827411332201553,6988200
2006-02-01,20.183876037597656,20.206510564142075,19.799099879078845,19.8104149838038,7186600
2006-02-02,20.059398651123047,20.26310515612372,19.900959059151337,19.99149720230554,5409500
2006-02-03,20.35365104675293,20.41589497119119,20.053748697963968,20.05940841393973,6852900
2006-02-06,20.444189071655273,20.61960143014632,20.314043652644386,20.370627866631935,7163500
2006-02-07,20.478137969970703,20.6592100382112,20.40457892625066,20.54038189815637,4868600
2006-02-08,20.574325561523438,20.795006922269565,20.517739213544647,20.71012847957561,6444300
2006-02-09,20.540380477905273,20.64789349499181,20.49511354324976,20.546040193830443,4889600
2006-02-10,20.557353973388672,20.630912999521094,20.432866146781798,20.523402159255305,5741200
2006-02-13,20.574325561523438,20.704470924051964,20.46115502411432,20.602617656238603,3421100
2006-02-14,20.579992294311523,20.681845607544474,20.410237491773085,20.574334736264994,5392300
2006-02-15,20.37627410888672,20.523396437230737,20.229153939090903,20.5177367238454,7669400
2006-02-16,20.579992294311523,20.59130956895401,20.291409345851118,20.364970551752567,3963500
2006-02-17,20.404571533203125,20.619593187238074,20.376277278970885,20.579983821571187,4802300
2006-02-21,20.178237915039062,20.3706272588255,20.002823403232526,20.302725772356563,5250300
2006-02-22,20.34233283996582,20.415894034431144,20.212187439634302,20.22916226968434,4323400
2006-02-23,20.13862419128418,20.36496530876321,20.087697547778845,20.229160206566018,3751800
2006-02-24,19.997161865234375,20.099015153939813,19.91228340513021,20.082040325338543,4802800
2006-02-27,19.946231842041016,20.10466930494439,19.86701311058933,19.974523937766826,4262100
2006-02-28,19.75383949279785,20.070716527804688,19.742522224560297,19.9745208270596,5522700
2006-03-01,19.765159606933594,19.906622242449266,19.48223433590225,19.8047689721941,5910300
2006-03-02,19.77082061767578,19.79911487656234,19.629357957438565,19.765163061027806,4566200
2006-03-03,19.719898223876953,19.838728524584862,19.6010700817184,19.66331401100603,5270700
2006-03-06,19.618059158325195,19.78215651676924,19.56147490436907,19.584109469371892,4145000
2006-03-07,19.60106658935547,19.68028533667993,19.48223846836877,19.550139943425602,7942300
2006-03-08,19.62369728088379,19.74818509283628,19.60672245508974,19.61803756658674,6588600
2006-03-09,19.538820266723633,19.651990816924307,19.459601529147776,19.5897469063865,5009600
2006-03-10,19.606731414794922,19.810435893056173,19.544487480375015,19.57843714747712,3991100
2006-03-13,19.42000389099121,19.635027850402597,19.301175712849396,19.538832069133026,6117300
2006-03-14,19.386045455932617,19.470923930585666,19.306826697482723,19.335118802850644,5652900
2006-03-15,19.67462921142578,19.708581030699154,19.34643476743057,19.357752040521692,5235500
2006-03-16,19.838722229003906,19.883989153225855,19.63501567363345,19.63501567363345,5637800
2006-03-17,19.86136245727539,19.946240941723815,19.804778240009462,19.94058338341703,5983900
2006-03-20,19.651996612548828,19.844385957063434,19.61804478991119,19.770824753956553,3983900
2006-03-21,19.748186111450195,19.883989041904417,19.61803857848763,19.61803857848763,5700400
2006-03-22,19.691612243652344,19.878344089608934,19.589758901957847,19.821757700584197,4218100
2006-03-23,19.544479370117188,19.697259284327092,19.44262609397725,19.697259284327092,4451300
2006-03-24,19.6350154876709,19.72555149380601,19.465260745986154,19.54447948153579,3230600
2006-03-27,19.550134658813477,19.606721004855746,19.44828139448578,19.47657348823272,3338600
2006-03-28,19.414331436157227,19.67462214816032,19.39735445334078,19.4426235294535,4430800
2006-03-29,19.57843589782715,19.606730163338987,19.3294623345885,19.35209688357821,2583800
2006-03-30,19.550134658813477,19.691597286096567,19.34077057482805,19.470915932902688,4039100
2006-03-31,19.442623138427734,19.595403029412967,19.386036794424882,19.470915231155004,4020100
2006-04-03,19.651996612548828,19.753849921912405,19.482241816459318,19.493559090671866,5750000
2006-04-04,19.612382888793945,19.753845547298962,19.561456245390183,19.736870719013996,4283000
2006-04-05,19.697265625,19.742532563106884,19.48224173298164,19.56712020993738,5667500
2006-04-06,19.57843589782715,19.75385041467333,19.504876851434677,19.504876851434677,4033800
2006-04-07,19.736865997314453,19.799109897533718,19.51052493443501,19.59540337265189,4716800
2006-04-10,20.002817153930664,20.059403507100455,19.776478216897484,19.80477031420805,6109500
2006-04-11,20.11598777770996,20.12730504838667,19.912281222626532,20.025451770844956,5525900
2006-04-12,19.912281036376953,20.03676885410769,19.78779537719487,20.014134312965986,6314200
2006-04-13,19.719898223876953,20.08204452531867,19.63502190457057,20.08204452531867,10711400
2006-04-17,19.42000389099121,19.708589076249915,19.267223879716017,19.680294802697095,6301700
2006-04-18,19.510534286499023,19.62370487218526,19.30117010603658,19.41999824965991,5441100
2006-04-19,19.550134658813477,19.719889379843508,19.42564901461726,19.42564901461726,3408600
2006-04-20,19.85004234313965,19.867017172335874,19.55014002319609,19.55014002319609,5006100
2006-04-21,19.57843589782715,19.804777070625484,19.442632920987666,19.736875582205744,6320500
2006-04-24,19.386045455932617,19.493558478299718,19.28419430831795,19.436972109014594,5687200
2006-04-25,19.1540470123291,19.335119079534067,19.131414622840463,19.272877310253673,7113900
2006-04-26,19.301172256469727,19.3124895321542,19.074831059879525,19.1823440996072,4218300
2006-04-27,19.58974838256836,19.606725369434418,19.154043134519945,19.154043134519945,4864300
2006-04-28,19.561458587646484,19.64633705633225,19.408678639141584,19.57843341796399,4714000
2006-05-01,19.448284149169922,19.663307977490064,19.41433449528427,19.601064067301444,4054700
2006-05-02,19.470924377441406,19.538825863592614,19.36341351115622,19.465266819657693,3975400
2006-05-03,19.725555419921875,19.7368726927599,19.419995528942408,19.510531553097536,4472600
2006-05-04,19.719898223876953,19.850045798868916,19.69160611744149,19.719898223876953,4646200
2006-05-05,19.92359733581543,19.946231875853865,19.719890792566602,19.7368677768697,6408400
2006-05-08,20.025449752807617,20.025449752807617,19.91793893003614,19.923596485530027,4038800
2006-05-09,20.274438858032227,20.33102308482139,20.12731641470057,20.200877636366396,5933100
2006-05-10,20.347984313964844,20.36496129748859,20.1952044135418,20.234813777516464,4813600
2006-05-11,20.002817153930664,20.347986353346077,19.929258132632928,20.34232879730343,4927600
2006-05-12,19.736865997314453,20.099009971082882,19.731206283540875,20.014131532866003,5397100
2006-05-15,19.787797927856445,19.80477275662647,19.584091348420458,19.73687128299745,4066000
2006-05-16,19.6350154876709,19.872671694319813,19.618038502518367,19.833062326544994,3320100
2006-05-17,19.55579948425293,19.668967888821033,19.4822382944445,19.538822496728553,6572400
2006-05-18,19.487897872924805,19.787800220079166,19.470923042188414,19.708581465243775,5374800
2006-05-19,19.32380485534668,19.6463396248413,19.221951543027387,19.60673024322262,6252800
2006-05-22,19.255903244018555,19.31814718130019,18.9616605504915,19.284197512637213,7387900
2006-05-23,18.97297477722168,19.312486519138442,18.97297477722168,19.255900149544335,5207900
2006-05-24,18.644784927368164,19.05785576642508,18.55424888262349,19.029563657170417,9722100
2006-05-25,18.820201873779297,18.83151915194153,18.605180064347103,18.752300363355978,7128000
2006-05-26,18.627803802490234,18.871119773491152,18.60517141523713,18.871119773491152,6168500
2006-05-30,18.514633178710938,18.718339749496575,18.458046820965574,18.559900106358395,4502700
2006-05-31,18.76926040649414,18.831504308047766,18.51462940348152,18.54857905265739,6087800
2006-06-01,19.05784797668457,19.091799789042383,18.650434862585552,18.65609457725287,6745800
2006-06-02,18.961654663085938,19.114434600281577,18.814534441276596,18.98428920753321,4423400
2006-06-05,18.757951736450195,18.989950439186433,18.71834235977931,18.961656177093683,4387300
2006-06-06,18.84848976135254,18.9842927361802,18.565564378820643,18.81453793837094,5780300
2006-06-07,18.85414695739746,19.10878022849918,18.842829683287462,18.95600026583815,5070600
2006-06-08,19.063505172729492,19.091799428434257,18.661751780886156,18.99560370784508,8470300
2006-06-09,18.888092041015625,19.17101731717833,18.888092041015625,19.04087194916931,4131600
2006-06-12,18.633460998535156,19.02389714735608,18.57687680023026,18.95599567768044,5335000
2006-06-13,18.073266983032227,18.939018718523947,17.954437805561152,18.939018718523947,7657900
2006-06-14,18.58820152282715,18.65044546827085,18.090253197102424,18.107229112934785,7856300
2006-06-15,18.871116638183594,18.97296991882217,18.469363230414054,18.622143151371922,6635500
2006-06-16,18.752294540405273,18.871122686385167,18.63912395247467,18.848490295638587,6044900
2006-06-19,18.58820152282715,18.8145427501588,18.537274854605023,18.735323968157697,4129400
2006-06-20,18.65044403076172,18.73532252410644,18.50332375532059,18.673078583460278,5100900
2006-06-21,18.8994140625,18.9786328143738,18.588194453639936,18.588194453639936,6911000
2006-06-22,18.41843605041504,18.89941034123721,18.378826682277158,18.786239792893834,5239700
2006-06-23,18.44672393798828,18.678722537799025,18.390139756004462,18.41843184699637,3769400
2006-06-26,18.480688095092773,18.559906866240475,18.35054266270017,18.446736268079633,3812300
2006-06-27,18.395803451538086,18.554243099368684,18.384488338202736,18.39014589487041,4593800
2006-06-28,18.09024429321289,18.441072159482005,18.056293557533436,18.39014551632561,8569800
2006-06-29,18.989952087402344,19.063511131290397,18.333565298894,18.333565298894,9137200
2006-06-30,19.01258087158203,19.578431518457077,18.99560604291143,19.131411147922964,7905700
2006-07-03,19.221948623657227,19.238923453615886,18.9956074843127,19.069168678382034,1764400
2006-07-05,19.103124618530273,19.171028277786686,18.842833733696725,18.927712228492346,4384600
2006-07-06,19.063505172729492,19.14838362274649,18.9163849723885,19.080482157862082,3668100
2006-07-07,18.774930953979492,19.074831207007517,18.724004292281368,18.967320325000212,4125300
2006-07-10,19.05784797668457,19.176676082113886,18.8937507881115,18.955994698159817,3825300
2006-07-11,19.397356033325195,19.425650287474493,18.842822757065736,19.12009047446973,5715000
2006-07-12,19.13140869140625,19.49355271353833,19.046530241854015,19.453943346026925,5317000
2006-07-13,18.76926040649414,19.057845375779422,18.718335932730334,18.984284204984377,4478800
2006-07-14,18.695707321166992,18.74663396962398,18.531610102966805,18.65043822985008,5022400
2006-07-17,19.64633560180664,19.78213855139068,19.120094315433324,19.2389224359566,12845000
2006-07-18,19.697265625,19.895312526497612,19.561460493580686,19.804776491734515,8332100
2006-07-19,19.85570526123047,19.917949196488333,19.63502378789773,19.697267723155594,6201000
2006-07-20,19.618059158325195,19.80479108177206,19.533182777391012,19.75386438979118,4997000
2006-07-21,19.6350154876709,19.66330758486025,19.493552843175504,19.64633275825637,5696300
2006-07-24,19.714237213134766,19.782138688397055,19.56145727488288,19.62935875014517,4144800
2006-07-25,19.668970108032227,19.997164562246326,19.60672834191674,19.80477523080511,8185500
2006-07-26,19.49354362487793,19.674615551521082,19.459591829176976,19.51617815534523,6801400
2006-07-27,19.651996612548828,19.776484470337497,19.493559090671866,19.635021780504683,5281300
2006-07-28,19.968875885009766,20.031119820356878,19.589754714508967,19.691608034431596,5034200
2006-07-31,20.025449752807617,20.08769365598264,19.87832956593357,20.01413248327139,4098700
2006-08-01,19.85004234313965,19.934918647669765,19.719894790805302,19.91794381847354,3914700
2006-08-02,20.13862419128418,20.200868106518357,19.793454958475657,20.087697547778845,5352000
2006-08-03,20.28009605407715,20.37063211044826,19.889659715704838,20.002828167256336,5452000
2006-08-04,20.036767959594727,20.40457168180711,19.93491468755279,20.35930260154467,5142900
2006-08-07,20.10467529296875,20.121652282299536,19.923603236134376,19.94623778287597,2857600
2006-08-08,19.895309448242188,20.189552055333593,19.776481325729026,20.104673591510476,8325100
2006-08-09,19.442623138427734,20.099009619022635,19.386036794424882,20.087692350222067,8927200
2006-08-10,19.73120880126953,19.85003906164573,19.363407225343902,19.369064781291044,4501900
2006-08-11,19.629358291625977,19.782138226309097,19.521847445092934,19.731211581414723,2507100
2006-08-14,19.64633560180664,19.861357298406197,19.61238378513615,19.833065197121936,3550700
2006-08-15,20.087697982788086,20.127307355422346,19.765163286452584,19.906625948303205,4611900
2006-08-16,20.35365104675293,20.364968320155267,20.048091140537394,20.138627169206902,4412800
2006-08-17,20.506423950195312,20.512081505676942,20.325349796556488,20.370618874603306,4143700
2006-08-18,20.472476959228516,20.506428775753143,20.319697022691113,20.506428775753143,3286900
2006-08-21,20.206531524658203,20.427212991014084,20.15560486637996,20.427212991014084,3379700
2006-08-22,20.144290924072266,20.376289703822177,20.04809730838199,20.20653486766002,3346300
2006-08-23,20.13862419128418,20.223502649976034,19.951892445581652,20.12164936296536,3893500
2006-08-24,20.3027286529541,20.3027286529541,19.895315359237074,20.13863139203478,4326000
2006-08-25,19.93492317199707,20.195214018642062,19.895313789183678,20.15560463582867,3064800
2006-08-28,20.26311683654785,20.33101832450634,19.883995698468414,19.889655414952095,3714000
2006-08-29,20.4158992767334,20.455508662720273,20.21785018824939,20.263119291405612,2968300
2006-08-30,20.45550537109375,20.483797476738903,20.257456314479086,20.466820486512376,2957000
2006-08-31,20.314043045043945,20.478138124119457,20.240481842220852,20.461163292140796,2544900
2006-09-01,20.80067253112793,20.823307079082795,20.376284470446013,20.512089599625916,6925900
2006-09-05,20.738431930541992,20.800673703100816,20.608284351743247,20.681845557466577,3903900
2006-09-06,20.49510955810547,20.698816120818744,20.466815301079595,20.568668582436235,5244800
2006-09-07,20.66485595703125,20.71578257713057,20.39890559000725,20.43851494357918,4125400
2006-09-08,21.219404220581055,21.225061778611465,20.568674961063465,20.76106431233871,8451700
2006-09-11,21.004383087158203,21.360869729420596,20.993065811057047,21.27599123793679,11202700
2006-09-12,21.61549186706543,21.66641850390952,21.134517594971552,21.162811849867172,19393300
2006-09-13,21.411779403686523,21.553242004884627,21.38914486944331,21.38914486944331,12759300
2006-09-14,21.123199462890625,21.406124703002966,20.953442591984594,21.30427144387866,9699600
2006-09-15,21.34954833984375,21.40613470944687,21.08925751531726,21.247695033107423,13112200
2006-09-18,21.17412567138672,21.360857381286657,21.106224212581495,21.34954011172771,4902800
2006-09-19,21.26466941833496,21.33257089499147,21.12320674948031,21.23637515772481,5353200
2006-09-20,21.377832412719727,21.462710855956963,21.28729641392263,21.377832412719727,6323500
2006-09-21,21.694711685180664,21.739978609889935,21.389151848835475,21.434420932093442,8466200
2006-09-22,21.621152877807617,21.802224913620826,21.54193413195796,21.666421966035387,5591100
2006-09-25,21.98330307006836,22.045547004437154,21.54759984658588,21.615501339283863,15575300
2006-09-26,22.102128982543945,22.119103812703365,21.813543918539143,21.84749573740709,7559900
2006-09-27,22.53217887878418,22.66798402172408,22.311497410237674,22.311497410237674,14464200
2006-09-28,22.402027130126953,22.59441643583963,22.198320552484244,22.49822070370884,7592700
2006-09-29,22.13608169555664,22.566129492993653,22.130424137572994,22.3793977012922,11915800
2006-10-02,22.35675621032715,22.503878574812315,22.03988125644907,22.136074822148135,14210800
2006-10-03,22.452959060668945,22.662323244293113,22.419007236885534,22.419007236885534,38317900
2006-10-04,22.634029388427734,22.684956040893667,22.464274599724376,22.537835799630557,53013400
2006-10-05,22.520854949951172,22.662317609383713,22.44729376265256,22.61139096564604,86981300
2006-10-06,22.696269989013672,22.792463563715962,22.339783473986788,22.611391527824292,21206500
2006-10-09,22.95656394958496,23.030125148898513,22.634029206082225,22.718907679024728,14783200
2006-10-10,23.10934066772461,23.131975211811007,22.888659259254553,22.916951360088085,8072100
2006-10-11,23.341337203979492,23.358312031210428,22.97353345128517,22.979193166061304,10757300
2006-10-12,23.895870208740234,24.02601558569796,23.65255428182618,23.709140636078697,19023900
2006-10-13,23.827972412109375,23.890216332099435,23.680850026942128,23.709144287700546,24260200
2006-10-16,23.833637237548828,23.918515728610952,23.60163847500201,23.72612635294654,12451400
2006-10-17,23.53938865661621,23.748754973329614,23.4601699026378,23.675193776685738,9875900
2006-10-18,23.465824127197266,23.81665088066731,23.330019038907988,23.760066686366823,15383300
2006-10-19,23.069726943969727,23.465822756583545,22.634021765949377,23.44318821676595,20300800
2006-10-20,23.465824127197266,23.465824127197266,23.0753858474585,23.256457859478438,12769900
2006-10-23,23.844940185546875,23.969427988688654,23.397917763854476,23.409235033099037,12637000
2006-10-24,23.907203674316406,24.026031860917776,23.675204861097,23.70915669664746,11380200
2006-10-25,23.765729904174805,24.037337986910902,23.590315406375815,23.901535024817438,8889400
2006-10-26,23.827972412109375,23.850606957296492,23.545047072917477,23.72045940174507,6373100
2006-10-27,23.465824127197266,23.72611487465734,23.431872315487784,23.663870965797617,7309000
2006-10-30,23.720457077026367,23.74309161999519,23.324363367816023,23.471483580015747,8921300
2006-10-31,23.720457077026367,23.90153126222815,23.5393850503734,23.86757944777491,10009500
2006-11-01,23.686508178710938,23.850605382660174,23.629921819479012,23.850605382660174,6753600
2006-11-02,23.794021606445312,23.822313709858143,23.550705631706524,23.612949554344233,8055200
2006-11-03,23.335689544677734,23.822319452922503,23.318712551697935,23.794027342689034,7381900
2006-11-06,23.66953468322754,23.709144057646142,23.335682699878568,23.511095027004103,7915600
2006-11-07,23.578998565673828,23.810999434058857,23.573341008211628,23.66953675346264,16560500
2006-11-08,23.782705307006836,23.90719315737864,23.397926640902366,23.55070659584525,7647600
2006-11-09,23.81665802001953,23.83363285168837,23.686512607276715,23.782706198132548,7620300
2006-11-10,23.748748779296875,23.890211419805343,23.748748779296875,23.822307798206293,8642600
2006-11-13,24.06178092956543,24.113950624645227,23.67920390272564,23.88208703302982,10226300
2006-11-14,23.922651290893555,24.13712561430775,23.696583461992773,24.11393860333457,8263400
2006-11-15,23.8241024017334,24.17190085674024,23.76034145232167,23.87047641356148,10242900
2006-11-16,24.154516220092773,24.224077257197198,23.800924232037033,23.940041883775475,7781900
2006-11-17,24.241466522216797,24.241466522216797,23.928448487514547,24.15451633105443,6196800
2006-11-20,24.282041549682617,24.34580472538004,24.142923903829253,24.218278373985196,7821800
2006-11-21,24.380582809448242,24.49071778569438,24.293632631040577,24.334208791301517,8403500
2006-11-22,24.432754516601562,24.490719832895447,24.200888828955858,24.380584847443032,4708400
2006-11-24,24.276247024536133,24.496517009191006,24.15451631474398,24.270449165803775,1877600
2006-11-27,23.8241024017334,24.386375133358648,23.79511974995814,24.34579897862637,7251700
2006-11-28,23.998016357421875,24.03859253518738,23.644422055834628,23.766150589131136,6660800
2006-11-29,24.258853912353516,24.311023581011195,24.038583943563378,24.084955753906282,7239100
2006-11-30,24.328414916992188,24.415362890499182,24.084955726455494,24.311023553302746,6392200
2006-12-01,24.392181396484375,24.496518536585032,24.171909186859992,24.450146720010892,6326900
2006-12-04,24.63563346862793,24.734174941109686,24.34580248664407,24.374785142595474,5170900
2006-12-05,24.780548095703125,25.174718394358123,24.641428256257605,24.774752449208858,6714000
2006-12-06,24.90228271484375,24.925469729009084,24.65882569981385,24.896487066920102,5631500
2006-12-07,25.087772369384766,25.17472255982956,24.90228069358872,24.925467705872027,5775800
2006-12-08,25.36600685119629,25.441363526492395,25.07038021924224,25.226889216594948,7236300
2006-12-11,25.261667251586914,25.383395722724927,25.139936569214182,25.215293237114498,4611700
2006-12-12,24.948657989501953,25.261676062664893,24.815335968244142,25.209506383804406,5350600
2006-12-13,25.26746940612793,25.31963908022981,25.01241889453835,25.041401555431552,5026700
2006-12-14,25.325437545776367,25.470353077601846,25.14574370150351,25.221098185963175,4642600
2006-12-15,25.163127899169922,25.476145916927262,24.995025384681526,25.32543255523591,7394700
2006-12-18,25.20370101928711,25.360210009263888,25.07037903772944,25.122548701055035,5196400
2006-12-19,25.499338150024414,25.505133798398592,25.064591551188077,25.203709224523795,5906800
2006-12-20,25.423967361450195,25.644239468578203,25.354408563338204,25.505119661119902,5868000
2006-12-21,25.429773330688477,25.621062867199807,25.348620998072235,25.505130015790083,5511700
2006-12-22,25.25587272644043,25.493534053881987,25.226890069188535,25.429770881186812,3559600
2006-12-26,25.394994735717773,25.458755702598037,25.21529870750468,25.308044545335747,2226100
2006-12-27,25.69642448425293,25.713813641369587,25.400795545855882,25.476152245420806,3802900
2006-12-28,25.71381378173828,25.8703228303495,25.5167285588096,25.702220273185343,3414800
2006-12-29,25.69642448425293,25.89930535473275,25.563100242239738,25.603676416335702,3300500
2007-01-03,25.429773330688477,25.725402212345042,25.215298992883376,25.302249184249476,7579100
2007-01-04,25.23848533630371,25.42397700914753,24.850110626062783,25.360213832000873,9776100
2007-01-05,25.23848533630371,25.400789997233264,25.12255248796753,25.157333005838932,5701000
2007-01-08,25.33702850341797,25.418180839274314,25.070384482394182,25.215299999633455,4538500
2007-01-09,25.383398056030273,25.592076717868974,25.26746522042712,25.42397421680614,6832800
2007-01-10,25.655832290649414,25.673223649641482,25.19210325682595,25.377594870355335,6374800
2007-01-11,25.800743103027344,25.852912748134475,25.56887973351102,25.63264287877908,5626900
2007-01-12,25.63265609741211,25.89930010491819,25.557299413122063,25.893502246230774,7103000
2007-01-16,25.835529327392578,25.881903338310476,25.603663695272182,25.713800865584915,5377700
2007-01-17,26.003643035888672,26.119575902041664,25.731201132114474,25.835540490528615,9439700
2007-01-18,25.847129821777344,26.078995516617468,25.806553656865592,26.009434481424343,4690400
2007-01-19,25.974637985229492,26.026807619472784,25.67900932077299,25.89348350100269,5116900
2007-01-22,25.70802116394043,25.968869631481805,25.621073148917375,25.968869631481805,4918000
2007-01-23,25.997844696044922,26.084794896861982,25.736998516064673,25.82394650564627,6140200
2007-01-24,25.597877502441406,25.783369192143233,25.52831867161206,25.765980037244738,11019000
2007-01-25,24.92547607421875,25.58629066750494,24.844323715216717,25.49354479846891,10630200
2007-01-26,24.88487434387207,24.977620117680257,24.658806658416733,24.93704397984128,8542300
2007-01-29,25.058807373046875,25.30226675116031,24.780569663229205,24.79795882908132,8262100
2007-01-30,25.371807098388672,25.418178910544185,25.20370458045025,25.20370458045025,5818200
2007-01-31,25.70802116394043,25.760190857448706,25.302259338027298,25.371818192292963,7350900
2007-02-01,25.783361434936523,25.806548441982027,25.62105680808739,25.65583510742095,6086700
2007-02-02,25.818151473999023,25.934084340778245,25.748590427190184,25.783370950594605,4724100
2007-02-05,25.81234359741211,25.91668291589861,25.679021626287067,25.771767441471212,3520900
2007-02-06,25.951475143432617,26.003644826231554,25.754389920773928,25.910898969170738,4016600
2007-02-07,25.9224796295166,26.015225440608976,25.77176630446989,25.93986877808562,3362000
2007-02-08,25.70802116394043,25.99205665331573,25.58629261616649,25.92829344889049,6018400
2007-02-09,25.829740524291992,26.026825700434486,25.748585983686738,25.77757085380618,4946700
2007-02-12,25.92828369140625,26.02682739149783,25.73699636135302,25.794961682887873,5649800
2007-02-13,26.02682876586914,26.067404935333258,25.916691553407638,25.997843892335865,5110800
2007-02-14,26.09638786315918,26.113777018467765,25.916691817107292,26.05581169328221,5361000
2007-02-15,26.07319450378418,26.22390785056781,25.992042183778327,26.026822697167212,4127300
2007-02-16,26.270288467407227,26.3050689924604,26.00364440903977,26.08479675626155,6806600
2007-02-20,26.54850196838379,26.60646945759258,26.113755749869096,26.183314525686036,7022100
2007-02-21,26.647066116333008,26.7340141002577,26.51374410532689,26.51374410532689,5621200
2007-02-22,26.693439483642578,26.716626498530953,26.55432181678321,26.57750662043614,4804000
2007-02-23,26.67024040222168,26.78617321297613,26.565903304900562,26.69342740661946,3857700
2007-02-26,26.54850196838379,26.751384863764148,26.525314972700272,26.664434735567763,5905200
2007-02-27,25.771780014038086,26.519544757571094,25.50513594170772,26.397816230364068,9690200
2007-02-28,25.325437545776367,25.829745188618624,25.14574370150351,25.829745188618624,11700600
2007-03-01,25.563091278076172,25.760176430817488,24.890683500117824,25.209499343695597,10729800
2007-03-02,25.313840866088867,25.777572278813857,25.29065606444082,25.563095726496208,6448300
2007-03-05,24.873300552368164,25.34862329612816,24.838520030421545,25.192114264221512,6868500
2007-03-06,24.98343276977539,25.070382959330725,24.52550144365814,25.0240089352385,7306100
2007-03-07,24.98343276977539,25.076178606724664,24.722586623579744,24.879093426803063,5990100
2007-03-08,25.29644012451172,25.59786452021548,25.157322533407974,25.505118722401573,6853100
2007-03-09,25.592077255249023,25.78916241654229,25.377600730947407,25.389194235874655,6217700
2007-03-12,25.893503189086914,26.02102955003133,25.5573003437361,25.563095991399358,7331500
2007-03-13,25.20370101928711,25.870313138310262,25.17471836438063,25.86451528058807,8612900
2007-03-14,25.30225372314453,25.429777892459708,24.960252966314727,25.255879689767657,6574100
2007-03-15,25.197906494140625,25.360211137827545,25.157330333218898,25.215295645611388,5665500
2007-03-16,25.20370101928711,25.34861650505433,24.635632580427774,24.635632580427774,9813600
2007-03-19,25.429773330688477,25.644249879728797,25.302249184249476,25.302249184249476,4978200
2007-03-20,25.68482780456543,25.708012607446562,25.35442059272906,25.476149099987644,3929600
2007-03-21,25.858718872070312,25.91088853385852,25.40078541984437,25.6616337287854,4548900
2007-03-22,25.789169311523438,25.893506461294262,25.719608263362144,25.823947624368525,6240800
2007-03-23,26.113779067993164,26.16594874924884,25.702219477662613,26.0847964031257,6040700
2007-03-26,26.154346466064453,26.36882297884343,25.881906854233208,26.36882297884343,5300500
2007-03-27,26.107980728149414,26.194928713788705,25.980454362396028,26.00943702427579,4722700
2007-03-28,25.986248016357422,26.10797650329525,25.771771488436478,25.997839310245308,5982800
2007-03-29,26.009435653686523,26.25869051294144,25.88770715346489,26.252894865365036,5264800
2007-03-30,26.113779067993164,26.241305446892724,25.91669385116457,26.055813738258234,4770700
2007-04-02,25.980453491210938,26.165945174503886,25.655841939830637,25.66743544644086,4659500
2007-04-03,26.235498428344727,26.28766809138793,26.050006784465513,26.084787296905922,5775600
2007-04-04,26.218124389648438,26.368837819192013,26.10798935362513,26.10798935362513,3213000
2007-04-05,26.536935806274414,26.55432717656873,26.160156688847852,26.223919887043273,4870000
2007-04-09,26.9484806060791,27.029632911964075,26.554310367865384,26.635462673750357,7927500
2007-04-10,26.84416389465332,26.907924894931188,26.699248308934205,26.820976870241534,5558300
2007-04-11,26.919498443603516,27.093398786490823,26.8035678299916,26.844143987002713,8634100
2007-04-12,27.029632568359375,27.24410683279102,26.751395146904542,26.948480263506024,5691700
2007-04-13,27.61509895324707,27.77740361521463,27.168758921601107,27.360048454264454,9533300
2007-04-16,27.88174819946289,27.88174819946289,27.487577765244065,27.626697652535952,9647200
2007-04-17,28.409238815307617,28.4787998600515,27.85276372476925,27.85276372476925,14330000
2007-04-18,28.333877563476562,28.380249370990104,28.15418155767867,28.246927383940665,6733000
2007-04-19,28.275915145874023,28.40344150922503,28.009271123626757,28.40344150922503,6564200
2007-04-20,28.03245735168457,28.809204594335146,27.63248911828594,28.768628427357786,12582100
2007-04-23,28.19475746154785,28.287503286964725,27.95709614571494,28.055639829039993,6815100
2007-04-24,28.096216201782227,28.206351179286152,27.89913104487763,28.078824839161143,6624200
2007-04-25,28.188976287841797,28.37446803391192,28.009280191420604,28.23534811874131,6984800
2007-04-26,28.536762237548828,28.641101582648364,28.246931214769045,28.27591387479998,6849500
2007-04-27,28.374467849731445,28.46141586131716,28.229552285852566,28.28751762690971,4018000
2007-04-30,27.986080169677734,28.34547219556788,27.974486664529504,28.3164873270798,8216000
2007-05-01,28.484596252441406,28.519376775722137,27.94551030338542,27.94551030338542,6510400
2007-05-02,28.99469566345215,29.01788267587439,28.54835562488241,28.594729649726897,9376900
2007-05-03,28.930938720703125,28.99470191299025,28.73965135507743,28.983108404280255,7951100
2007-05-04,28.936735153198242,28.9889048381884,28.722260764343474,28.965720031376133,4896500
2007-05-07,28.69326400756836,28.983094957139755,28.646889994244297,28.936720943815693,8175600
2007-05-08,28.58892059326172,28.896140648200895,28.577327091591552,28.66427724850062,4710500
2007-05-09,28.890350341796875,28.954113507148776,28.548349718646943,28.62950203410036,6302700
2007-05-10,28.98309898376465,29.052657802179894,28.768624670430583,28.81499647896242,12465900
2007-05-11,29.359888076782227,29.423649054312794,28.739649768078937,28.86717393437564,10294800
2007-05-14,29.34829330444336,29.475817465246564,29.261343103283274,29.330901937470063,7406000
2007-05-15,29.71927261352539,30.07286680645678,29.348289267248248,29.423643739236617,9826300
2007-05-16,30.12503433227539,30.1945931519397,29.41205034981992,29.730864002119276,11052900
2007-05-17,30.293136596679688,30.298934455248762,29.858390075875683,29.91055974682157,13334500
2007-05-18,30.333711624145508,30.385879078097005,30.038082784344233,30.385879078097005,13455300
2007-05-21,30.298933029174805,30.33371354524677,30.136628376642385,30.33371354524677,11852000
2007-05-22,30.432254791259766,30.4786288123345,30.11344113569357,30.217780471876694,9919600
2007-05-23,29.893171310424805,30.4322571860479,29.765644953668957,30.345306995307965,7066400
2007-05-24,29.539581298828125,30.18300661005855,29.412057135229357,30.020701922986195,8137100
2007-05-25,29.504806518554688,29.730874420106346,29.40626279586748,29.527991325743635,4974500
2007-05-29,29.336698532104492,29.516392363609665,29.064256644034874,29.516392363609665,6444300
2007-05-30,29.116424560546875,29.28452708605738,28.86137405411508,29.232357413010508,8187000
2007-05-31,29.30191993713379,29.464226835555873,29.157004406078492,29.359887476297217,7874100
2007-06-01,29.533781051635742,29.696085713434574,29.301915353721544,29.307713212348744,3883200
2007-06-04,29.620729446411133,29.68449262479584,29.243950446046806,29.533781466897153,4921300
2007-06-05,29.475814819335938,29.678697866752433,29.232357815918476,29.62073033410403,6008300
2007-06-06,29.354087829589844,29.493207703876482,29.255546335864825,29.47581633756854,7469600
2007-06-07,29.10483741760254,29.841008648781138,29.10483741760254,29.37727934877297,8293000
2007-06-08,29.80042266845703,29.84099883065536,29.30771086391445,29.55696569526705,11979600
2007-06-11,29.70767593383789,29.922150243385182,29.5511669367407,29.83520227471003,6096600
2007-06-12,29.84099578857422,30.200385564794292,29.765639118787263,29.806215276849137,8642100
2007-06-13,30.252552032470703,30.269943392114318,29.707670673719118,29.794620838233573,7453100
2007-06-14,30.287353515625,30.449658243137115,30.00911589221735,30.20040329089433,5096100
2007-06-15,30.2409610748291,30.490215875430685,30.217776278743976,30.426454922153184,6414900
2007-06-18,30.37429428100586,30.438055253217307,29.96273251818599,30.18300473066538,5850500
2007-06-19,30.42066192626953,30.65252761405333,30.252559413188028,30.287339929726123,6007300
2007-06-20,29.754070281982422,30.41488502484291,29.73667890737695,30.380104486868404,7595500
2007-06-21,29.603334426879883,29.777232562685285,29.3540796214394,29.74824990859018,4973700
2007-06-22,29.2265625,29.6149372632128,28.994698982938083,29.53958056983083,10489500
2007-06-25,29.73666763305664,30.0554813709541,29.093242297512607,29.330903688807325,10828900
2007-06-26,29.99750518798828,30.10764015978371,29.678691565435365,29.85258970398834,8576900
2007-06-27,29.75984764099121,29.945339307037738,29.672897455116555,29.881576132227668,8439800
2007-06-28,29.475814819335938,29.835206888050205,29.441036510982173,29.7714437077546,5495800
2007-06-29,29.423646926879883,29.777241158118294,29.255546600110893,29.690293170734762,6572000
2007-07-02,29.783037185668945,29.794630692187486,29.45262998921397,29.67289997936044,11794500
2007-07-03,29.794628143310547,30.17720498075256,29.759847626730334,29.81781294312894,4829700
2007-07-05,29.684484481811523,30.067061235936933,29.62072132091819,29.794621654712593,6198900
2007-07-06,29.81201934814453,29.922154341377247,29.562764490249492,29.765645322845348,5881800
2007-07-09,29.64392852783203,29.823624629964343,29.452641126033473,29.817826768895117,5002700
2007-07-10,29.180191040039062,29.626531135199084,29.128021361092166,29.493209113720454,6506400
2007-07-11,29.400461196899414,29.493207040592914,29.116425806768188,29.116425806768188,4307600
2007-07-12,29.939546585083008,29.945342232797866,29.272934324873937,29.56276535779348,6588100
2007-07-13,30.090255737304688,30.43225642173165,29.794629076437047,29.98591639553137,6972200
2007-07-16,30.20038604736328,30.47282786547613,30.03808141252233,30.47282786547613,6155500
2007-07-17,30.235177993774414,30.374297884274338,30.14243213718634,30.154025645664305,5487100
2007-07-18,30.258358001708984,30.629341342126988,30.09605113184976,30.2757471547801,5086900
2007-07-19,30.53079605102539,30.565576566582905,30.23516940810904,30.542389556211226,3352500
2007-07-20,30.194597244262695,30.8496160009795,30.11344490844979,30.565580614399014,7519200
2007-07-23,30.432254791259766,30.646729110642834,30.078660619887522,30.519204975157376,5430000
2007-07-24,29.881582260131836,30.59456641231851,29.846803947637948,29.96853246383763,7149500
2007-07-25,29.539581298828125,30.14243043829046,29.44103979917292,29.916362563800966,8704500
2007-07-26,28.69326400756836,29.585943862944582,28.322280745914515,29.359876076076436,17238600
2007-07-27,28.264328002929688,28.710668163918317,28.096227644851123,28.519380787057944,11279000
2007-07-30,28.049842834472656,28.35706297601537,27.85275767299139,28.29330201570714,8493700
2007-07-31,27.748422622680664,28.34547605736478,27.742626974934453,28.08462768407903,8498400
2007-08-01,27.980281829833984,28.038247138761417,27.533941875141412,27.638281200198627,12486900
2007-08-02,28.397647857666016,28.565748189712675,27.8643575644485,27.870155423864006,12158900
2007-08-03,28.12519645690918,28.641095208851304,28.09041594587099,28.426620918869297,7738200
2007-08-06,28.670080184936523,28.710656345484036,27.974485386467148,27.980283244393885,9994700
2007-08-07,28.82659912109375,29.157006377339314,28.40344600715181,28.40344600715181,7281700
2007-08-08,29.151206970214844,29.562766522478345,28.00927194792771,28.843984559576477,10242300
2007-08-09,28.94251823425293,30.07285935769033,28.409228147644136,28.693263445604465,13259000
2007-08-10,28.641103744506836,28.94252829629785,28.16578100816899,28.780223618885532,8513100
2007-08-13,28.235328674316406,28.977297358871834,28.17156551590892,28.803397031857045,6793800
2007-08-14,27.823768615722656,28.235327995800617,27.464378890248554,28.177362695678312,10058200
2007-08-15,27.56873321533203,28.258530391931256,27.533952689574043,27.939716645141214,8208200
2007-08-16,27.86435317993164,28.026657838259272,27.03543631278387,27.157164806529593,10930100
2007-08-17,27.574522018432617,28.519371726886632,27.435404372408968,28.49618471547099,12152000
2007-08-20,27.991884231567383,28.24113911940792,27.626696477785938,27.66727264917993,5143600
2007-08-21,28.096216201782227,28.310690510072995,27.858554884153296,28.125198857837482,5581100
2007-08-22,28.61211395263672,28.664283616124514,28.14838483898678,28.18316314048875,6384800
2007-08-23,28.89613914489746,29.00047844326642,28.693258404310175,28.791799846528505,6666200
2007-08-24,29.052663803100586,29.24974900534816,28.76863061268331,28.919341785585374,5848300
2007-08-27,28.67587661743164,29.30770821470904,28.62950260126257,28.983096735229942,4535200
2007-08-28,28.19475746154785,28.7454367673758,28.11360514071245,28.7454367673758,5773500
2007-08-29,28.513572692871094,28.583133724250207,27.922317193558793,28.22953955406231,6750400
2007-08-30,28.304893493652344,28.5251634380011,28.18896066380653,28.270112981328158,4129700
2007-08-31,28.548358917236328,28.71646145983129,28.473002223791095,28.56574807294082,4083600
2007-09-04,28.7860107421875,28.861367410628084,28.44401012232297,28.47879063342664,5795100
2007-09-05,28.54254913330078,28.983091145773415,28.39183582105151,28.617903578191047,4145500
2007-09-06,28.843982696533203,28.907745875966743,28.293305516847706,28.5193733630319,5867600
2007-09-07,28.54254913330078,28.739634241541417,28.403429322857946,28.69326023431568,5818900
2007-09-10,29.07005500793457,29.342494689499215,28.687478112905012,28.687478112905012,8932700
2007-09-11,30.003305435180664,30.45544331823201,29.52218710436716,29.568558916515805,17275900
2007-09-12,29.678686141967773,30.113432514522277,29.65549913806861,30.072856363315942,7697100
2007-09-13,31.475637435913086,31.69590955402191,30.52499237313265,30.542381520718934,20106400
2007-09-14,32.14226150512695,32.177039813358796,30.785852203203437,31.24378575896167,15606300
2007-09-17,31.6727294921875,32.136458623088174,31.382898508970214,32.05530630158492,11722300
2007-09-18,31.893009185791016,31.991550681949356,31.65534781191071,31.864026522875943,11114400
2007-09-19,32.11907196044922,32.30456362718239,31.736495121407682,31.794460438048638,11841900
2007-09-20,31.806058883666992,32.24660331900891,31.759687065398882,32.11328130103938,8232600
2007-09-21,31.76547622680664,32.15964655215355,31.707510912999442,32.15964655215355,10275600
2007-09-24,31.858226776123047,32.113279501630245,31.7133112588977,31.811854960453296,4712800
2007-09-25,31.388683319091797,31.823429613199806,31.23797003217665,31.765462113911674,13574500
2007-09-26,31.76547622680664,31.83503504562228,31.41767992149348,31.50462789220428,7709300
2007-09-27,31.62636375427246,31.852431610770054,31.336532715432394,31.782872780594335,6750300
2007-09-28,31.574195861816406,31.82345074619303,31.365517148269884,31.56839800242041,7248000
2007-10-01,32.466861724853516,32.58859240318755,31.690114698088696,31.736488711022545,8244300
2007-10-02,32.43208694458008,32.716120065290205,32.2755779508024,32.669748258560645,7950600
2007-10-03,32.524837493896484,32.60019417841772,32.194430307226305,32.432091655730034,5764200
2007-10-04,32.4842529296875,32.68713370721447,32.3741157551146,32.58859224705412,4871400
2007-10-05,32.67554473876953,32.78568192862734,32.420494267163185,32.50164658943634,6022800
2007-10-08,32.96538543701172,33.01175946982194,32.47267350019887,32.52484318149257,4218900
2007-10-09,33.26101303100586,33.30738485071636,32.86684261290687,33.05233431421986,6463400
2007-10-10,33.05812454223633,33.34795555442142,32.62337802395869,33.139276871850534,6543900
2007-10-11,32.605995178222656,33.284198816536616,32.43209697951925,33.220437838959306,7967400
2007-10-12,33.05232238769531,33.24940752562906,32.56540629463751,32.95377871311109,12560300
2007-10-15,32.57121276855469,33.243620719523946,32.42050159473202,33.2088424085378,9406200
2007-10-16,32.930599212646484,33.06971685518541,32.484259204633545,32.605987694663874,9601700
2007-10-17,33.01754379272461,33.20883329559783,32.721917174289,33.16825713642499,5481800
2007-10-18,32.91899490356445,33.09868865047325,32.84943389388911,32.97696020039291,3710400
2007-10-19,32.704524993896484,33.08130613248359,32.64655968545298,32.66394883573908,8936500
2007-10-22,32.4726676940918,32.61178534517707,32.2350063465222,32.47846334153902,11976700
2007-10-23,33.023338317871094,33.023338317871094,32.281369600941176,32.576998400777946,8997200
2007-10-24,33.12770080566406,33.185666150253006,32.594410348253874,32.97119172179051,8250200
2007-10-25,33.66098403930664,33.78271257155826,33.005965129058275,33.12769587254573,7870900
2007-10-26,33.892860412597656,33.94503011578032,33.388552544753104,33.69577511293389,5832200
2007-10-29,34.30440902709961,34.50728991174301,33.86386451867994,33.86386451867994,6293800
2007-10-30,34.30440902709961,34.49569640244398,33.979797400434364,34.10152814245621,4553700
2007-10-31,34.63481140136719,34.6927767284234,34.10152331649649,34.33338683595682,7662000
2007-11-01,34.2000617980957,34.61162133310513,34.107315956245195,34.40294263613266,6922800
2007-11-02,34.21165084838867,34.460905680501085,33.91022634882866,34.315990183283866,7664700
2007-11-05,34.588443756103516,34.7159701526524,34.0609512220639,34.200071128411395,7026200
2007-11-06,34.62900924682617,34.733346373676696,34.42612621777748,34.611617882988526,7524500
2007-11-07,33.840675354003906,34.69857503054653,33.765318658881064,34.53047248420923,9703100
2007-11-08,34.41454315185547,34.542069539585995,34.08993374488429,34.32179729111574,17443800
2007-11-09,33.800079345703125,34.35655412640586,33.678348690796604,34.2000451797268,10049800
2007-11-12,33.933414459228516,34.3449739539721,33.9160230953588,34.3449739539721,16654300
2007-11-13,33.96910858154297,34.80197732265967,33.77279091518752,34.80197732265967,16885600
2007-11-14,33.731143951416016,34.32604948047314,33.65975592335682,34.242763069506665,8255100
2007-11-15,34.01670455932617,34.088092600451965,33.457494076635115,33.665710142162396,8701800
2007-11-16,34.581878662109375,34.70680834944721,34.201139270573634,34.201139270573634,12450900
2007-11-19,34.86146926879883,35.069687602474026,34.4331387552038,34.4331387552038,10722600
2007-11-20,34.790077209472656,34.98639713545638,34.44503316145001,34.861465241928265,9414700
2007-11-21,34.10593795776367,34.74248674619809,34.099987631114,34.5699635835124,9121100
2007-11-23,34.33795928955078,34.5045321669119,34.08809770412385,34.39744895449825,4688500
2007-11-26,33.80253982543945,34.40934387825017,33.76089661029034,34.40934387825017,10468900
2007-11-27,34.18328094482422,34.373650587092285,33.844184877697664,33.90962486773702,7532200
2007-11-28,34.48667907714844,34.623507095674725,34.159479174819474,34.26656236660263,10942200
2007-11-29,34.712730407714844,34.742477494272215,34.248704905536165,34.308194539882734,6500000
2007-11-30,34.78413391113281,35.45637565837918,34.62350911409427,35.0994331778835,11931700
2007-12-03,35.59320068359375,35.90254957720938,34.56401206948498,34.77223037676176,10450500
2007-12-04,35.71217346191406,35.97393331250038,35.367129480756,35.45041588071194,9330500
2007-12-05,35.40282440185547,35.61104268316569,35.13511874920341,35.36118119947029,9485400
2007-12-06,35.86091232299805,35.9263523084522,35.147027349205416,35.5813082070371,6427700
2007-12-07,35.78950881958008,36.15240147715155,35.65862890520768,35.962031930455694,6121900
2007-12-10,36.82465744018555,36.96743351291302,36.11077026839393,36.28924149399565,8786700
2007-12-11,37.556392669677734,37.77055905736873,36.73542227332387,36.79491192795587,12972200
2007-12-12,36.681884765625,37.88954259048393,36.34873676214645,37.83600098759246,10201300
2007-12-13,36.5926513671875,37.032882616905965,36.34874010257446,36.574804921045306,7731800
2007-12-14,36.384422302246094,36.88414304066925,36.354677479477296,36.41416712501489,6799200
2007-12-17,35.551551818847656,36.28923564022731,35.521806997609595,36.28923564022731,7289000
2007-12-18,35.59320068359375,35.98583826175086,35.41472720038948,35.87280475313687,7369900
2007-12-19,35.01020431518555,35.7538365416711,34.950714644820884,35.67055009540639,6180600
2007-12-20,34.9744987487793,35.19461317263935,34.64135081504099,35.19461317263935,6540100
2007-12-21,35.71217346191406,35.84305338720722,35.09942157419462,35.218403118153475,9803500
2007-12-24,35.87876892089844,35.98585214437774,35.694347309487306,35.78953214487052,2926200
2007-12-26,35.62295150756836,35.99179238083674,35.58130829297604,35.700287609305526,3314100
2007-12-27,35.21246337890625,35.646744215939684,35.19461693623162,35.48017136595011,4189400
2007-12-28,35.39688491821289,35.569408095239744,35.20056497137857,35.55155938319171,5471700
2007-12-31,35.0458869934082,35.65863900352677,34.99829572794867,35.527761321474586,4346000
2008-01-02,34.56401824951172,35.384988703132755,34.439088604439064,35.384988703132755,7858300
2008-01-03,34.4628791809082,34.98044638130722,34.34984794178658,34.74248551956938,6514700
2008-01-04,33.939361572265625,34.18922308628041,33.570520762361,34.10593667140368,9687500
2008-01-07,34.52237319946289,34.65325316508785,33.832282755105204,34.12378751416492,10784500
2008-01-08,33.95721435546875,34.88526568328695,33.885824046109754,34.76628410374017,10080800
2008-01-09,34.18922424316406,34.22491712538494,33.37420196855569,33.94531304732115,11600400
2008-01-10,34.60564422607422,34.79601603199096,33.885809274222865,34.320089921274935,10767000
2008-01-11,32.315269470214844,33.85012688686766,31.720363916979096,33.85012688686766,33215200
2008-01-14,32.696006774902344,32.90422506815318,31.958325202303353,32.65436357012907,12932700
2008-01-15,31.982135772705078,32.83285127387769,31.791766092522387,32.356927073420955,10107000
2008-01-16,31.179012298583984,32.02377969871577,31.06598101569674,31.77391808735253,13246000
2008-01-17,30.923194885253906,31.553795680436306,30.887499729886443,31.33367895974764,12878400
2008-01-18,31.173057556152344,31.702523231544532,31.08976885729689,31.202802385336792,11754400
2008-01-22,31.202800750732422,31.303933618538558,29.37049032083064,29.37049032083064,16883500
2008-01-23,31.53594398498535,31.559740752979323,30.2747447833059,30.720923970961735,19158300
2008-01-24,32.124900817871094,32.23793205932587,31.52404718999201,32.0059192498539,10305400
2008-01-25,32.18438720703125,32.57107669657079,32.1189495071658,32.39855355389103,12779800
2008-01-28,30.3818302154541,30.595996604459767,29.364542137062053,30.39967665807628,49724500
2008-01-29,30.191463470458984,30.595999517229735,29.786927423688237,30.595999517229735,20685000
2008-01-30,30.346132278442383,30.804209841952,30.221202652771943,30.244999420342882,13593900
2008-01-31,31.875049591064453,31.875049591064453,29.810726014896538,29.89401245265803,18338600
2008-02-01,32.25577163696289,32.3450060856721,31.44074960190457,31.928571850210417,11656900
2008-02-04,32.05351257324219,32.29742376484438,31.7084662552083,32.26172861385943,6079100
2008-02-05,32.02971649169922,32.42235408340172,31.458607680020062,31.750110143125497,13425000
2008-02-06,31.96428871154785,32.2379448378907,31.845307096368398,32.2379448378907,11636200
2008-02-07,32.398555755615234,32.636518883716235,31.708465407383816,31.750108614393806,11229000
2008-02-08,33.100555419921875,33.558633117714116,32.606784829694746,32.660326437732415,12940600
2008-02-11,33.30280685424805,33.51697317957829,32.83283100359381,33.15408049158918,5904900
2008-02-12,33.53483200073242,33.8025400062552,33.267123995209644,33.52293361499974,9506600
2008-02-13,33.69544219970703,33.95125170862371,33.225466379196476,33.95125170862371,7739000
2008-02-14,33.06486129760742,33.77279829365284,33.01726775028408,33.77279829365284,5610900
2008-02-15,32.89828872680664,32.999423888093496,32.62463261642994,32.92803356151968,6972300
2008-02-19,33.11839294433594,33.308764820040636,33.017260083834266,33.20762969015424,7853300
2008-02-20,33.43369674682617,33.55267832630083,32.725757597113635,32.88043433124615,8007600
2008-02-21,32.85663986206055,33.52293357663298,32.791199875298204,33.481290361308766,5764400
2008-02-22,33.13029479980469,33.13029479980469,32.35691790942206,32.92802678822292,5963300
2008-02-25,33.34445571899414,33.40989569278284,32.791193374360944,33.08269809322391,5236600
2008-02-26,33.58241271972656,33.802527098264704,33.124335256174525,33.124335256174525,9346700
2008-02-27,32.91613006591797,33.90962139286017,32.779299772010866,33.44559572105578,13814900
2008-02-28,32.7154541015625,33.00295690822471,32.5237855637877,32.94306134699603,6969500
2008-02-29,32.40999221801758,32.799318045470926,32.30816699338712,32.52379473037413,7461200
2008-03-03,31.84099006652832,32.787356183008995,31.547496112024422,32.332141349681024,7495800
2008-03-04,32.12249755859375,32.12249755859375,31.517541554322356,31.685253328755344,7887800
2008-03-05,32.30817413330078,32.445935821293695,31.906868644565392,32.24228989676793,7087700
2008-03-06,31.76909828186035,32.463897462163345,31.74513913791583,32.12847630154924,6526200
2008-03-07,31.30790901184082,31.61338023638491,31.1461881453631,31.475618524541833,8053000
2008-03-10,32.22433090209961,32.78136878310378,31.703231759662902,32.733452749885004,17599500
2008-03-11,32.493865966796875,32.82329640902519,32.014694206749226,32.82329640902519,9330900
2008-03-12,32.1644172668457,32.721454835728046,32.10451940279552,32.62562053811764,7407900
2008-03-13,32.8772087097168,33.01497047028022,31.98475159022517,31.98475159022517,11973500
2008-03-14,32.811309814453125,33.050896785689545,32.194376448094765,33.050896785689545,10275000
2008-03-17,32.51182556152344,32.82328769407553,31.75113959478727,31.966767400774916,10530900
2008-03-18,32.853240966796875,33.230589690149976,32.35011009728306,32.853240966796875,10415700
2008-03-19,32.140464782714844,33.23657193088051,32.09853741162472,32.94906669359055,8740500
2008-03-20,32.59567642211914,32.79932462737671,32.16442314647452,32.31416440666772,13075600
2008-03-24,33.40428161621094,33.54204330560308,32.58370012510542,32.69151401852021,7874100
2008-03-25,33.661842346191406,33.847520082907174,33.15871152193283,33.3443892586486,7557800
2008-03-26,33.302452087402344,33.72172803180343,33.062867465508916,33.44021604395691,5240900
2008-03-27,33.21261978149414,33.673823245577296,33.194649272331375,33.44022719029887,8198700
2008-03-28,33.230587005615234,33.506110432529375,33.08084571470049,33.35636914161463,4778800
2008-03-31,33.40428161621094,33.54204330560308,33.27849950218382,33.27849950218382,6452300
2008-04-01,34.08710479736328,34.170959548361495,33.54204663100428,33.56600578410966,13339900
2008-04-02,33.93736267089844,34.28476352764565,33.76366224252483,34.170958695670265,8375000
2008-04-03,33.68577575683594,34.0511423048008,33.40426161648152,33.80556686902428,6786400
2008-04-04,33.374324798583984,33.73969375140524,33.18265621429575,33.67380724714308,7419700
2008-04-07,33.3324089050293,33.685798407290925,33.21261542742237,33.55402535343625,6744800
2008-04-08,33.46417999267578,33.56001431869979,33.18266794521993,33.19464523671119,4893900
2008-04-09,33.38631057739258,33.60193606115038,33.176671453506394,33.41625837084198,7686800
2008-04-10,33.45221710205078,33.66784501437618,33.29648710141117,33.29648710141117,6762800
2008-04-11,33.18266296386719,33.452195394499235,33.026930779412446,33.188651608713805,5331500
2008-04-14,33.266517639160156,33.428238468161176,33.080837661076714,33.23656984524224,3883200
2008-04-15,33.518089294433594,33.62590320438023,33.34438885231171,33.41626631552329,6655700
2008-04-16,34.24883270263672,34.260812281655056,33.362364419119714,33.72773358213013,7441300
2008-04-17,34.338680267333984,34.39258494853675,34.05716585729538,34.20690717584848,5394100
2008-04-18,34.91966247558594,35.02148772372772,34.470438681427794,34.47642961154398,6762700
2008-04-21,35.14128494262695,35.147275873771996,34.76992718211113,35.09336891782045,6179000
2008-04-22,34.94962692260742,35.201193555322476,34.39258896967208,34.70405122286281,10915900
2008-04-23,35.153255462646484,35.602479218207904,34.79986601687669,34.98554599172868,8813400
2008-04-24,35.68632125854492,35.8660102283677,34.913656174950866,35.12928385268588,7197200
2008-04-25,35.740234375,35.92591431597508,35.49465885815929,35.78815266358831,7969600
2008-04-28,35.69232177734375,35.931908673409204,35.458725810358416,35.788156078795936,7705100
2008-04-29,36.057701110839844,36.23739019200791,35.42878818431631,35.42878818431631,7821800
2008-04-30,35.68632125854492,36.2972632989685,35.662362119936766,35.93788535932296,8486600
2008-05-01,36.488948822021484,36.49493975189664,35.5485739002075,35.662378719132555,6954300
2008-05-02,36.506935119628906,36.68063560322639,36.417089411596756,36.476987311908616,7353400
2008-05-05,36.45899963378906,36.53087708032202,36.117589759803174,36.512906576253684,5311900
2008-05-06,36.23139572143555,36.3571778295451,35.9918087951476,36.30327088537383,5146500
2008-05-07,35.56654739379883,36.35119019298031,35.48868129297035,36.177492054798975,6222700
2008-05-08,35.800132751464844,35.81810096750943,35.21314741702056,35.77617360682554,7987700
2008-05-09,35.482688903808594,35.68633710265577,35.374875017073606,35.374875017073606,5219400
2008-05-12,36.45899963378906,36.56082487394233,35.51862474791632,35.51862474791632,6268300
2008-05-13,36.63869857788086,36.99208812175281,36.39312294806278,36.476979991670866,6601200
2008-05-14,36.201446533203125,36.83635030408705,36.09962357218975,36.746504633299686,8562500
2008-05-15,36.45302963256836,36.46500921311736,35.73427079372773,36.17750613455539,6108400
2008-05-16,36.25535583496094,36.50692235859284,36.09962591832821,36.459004055093246,5691000
2008-05-19,36.20743942260742,36.459003658633314,36.17749162568107,36.39311713447307,4924600
2008-05-20,35.74622344970703,36.20742667153761,35.42278187311889,36.10560145600299,8618600
2008-05-21,35.20716857910156,35.91394759459123,34.985552127256,35.80014504577768,7842600
2008-05-22,35.05742263793945,35.49466683769047,34.9915361187535,35.189195676311364,5111000
2008-05-23,34.5782585144043,34.96159585235341,34.32669424320172,34.96159585235341,5778800
2008-05-27,34.80586624145508,35.015503136086295,34.47044492517435,34.66211359594311,5896100
2008-05-28,35.153255462646484,35.36888323089519,34.9496072687305,34.96158684306322,5481600
2008-05-29,35.62644577026367,35.842073583321145,35.111335391264305,35.159253698552924,4506500
2008-05-30,35.530616760253906,35.72228544836399,35.21915457085727,35.66238984015621,5132200
2008-06-02,35.06939697265625,35.45273417078267,34.781894074061434,35.41080680754197,4930300
2008-06-03,34.4764289855957,35.28503088645138,34.266789847872516,35.159248774739666,9189000
2008-06-04,34.72799301147461,35.11133027443661,34.398562693921036,34.398562693921036,7601500
2008-06-05,34.99628448486328,35.267573975392345,34.82748315730991,34.94202658675747,7715900
2008-06-06,34.33311462402344,34.85760580314587,34.26679919797747,34.785262747343126,7365800
2008-06-09,35.75587844848633,35.906594506573406,34.966125476202,35.189184598242406,11668400
2008-06-10,36.033199310302734,36.41903209245187,35.57502115669204,35.57502115669204,9083100
2008-06-11,35.41828536987305,36.033207366306655,35.351969914412756,36.033207366306655,6613400
2008-06-12,35.77396774291992,36.081427524796524,35.52076354042319,35.556936226421236,6261300
2008-06-13,36.14170837402344,36.3707974083997,35.81013353200832,35.93673445900138,5033700
2008-06-16,36.135684967041016,36.35271648091579,35.804110065174456,35.834252819936005,4520700
2008-06-17,35.69559097290039,36.370800575141395,35.6111903475564,36.33462789296059,5305400
2008-06-18,35.092716217041016,35.810125916932165,34.99625805988051,35.53883663124828,6248700
2008-06-19,35.32181930541992,35.550908382547014,34.88775627502011,35.008329594547256,6060400
2008-06-20,34.60441970825195,35.26756967105747,34.57427464651462,35.122881193852365,10426900
2008-06-23,34.36928176879883,34.996260992758344,34.327081465238486,34.81540222039342,7033900
2008-06-24,34.375308990478516,34.85157215000144,33.808617601766905,34.69482620648418,9697500
2008-06-25,34.99628448486328,35.201258511069064,34.230646278145976,34.56825123299832,8294300
2008-06-26,34.03169631958008,35.026421213752286,34.00758119130136,34.65264592441307,10465900
2008-06-27,34.06181335449219,34.477788654276566,33.26000319289011,34.140186312333356,14277700
2008-06-30,33.89303207397461,34.622497333473916,33.47102659914412,34.18240666535256,12268500
2008-07-01,34.53810119628906,34.574271587581194,33.57954673138048,33.682032573035016,12089100
2008-07-02,34.62248611450195,35.22535022612519,34.471770086596145,34.60440092707136,9864800
2008-07-03,34.477806091308594,34.89378390121579,33.91714214732078,34.72498034512889,5833800
2008-07-07,34.58030319213867,34.97216368181239,34.14624007767401,34.61647358518057,8011800
2008-07-08,35.27961730957031,35.3640179392992,34.562209657130055,34.78526879280565,9710800
2008-07-09,35.71969985961914,35.87041589278209,35.134920915028765,35.38812504660948,10559700
2008-07-10,35.231380462646484,35.74984400497033,35.05052167572391,35.653385831962,8735000
2008-07-11,34.55618667602539,35.18316619402154,34.47781366133959,34.893791562579885,9801500
2008-07-14,35.020389556884766,35.26756384397238,34.67072713626354,34.911873791846794,7040200
2008-07-15,35.303749084472656,35.84632580283059,34.562225959561445,34.67676939682966,9576300
2008-07-16,36.268314361572266,36.37683011406316,35.08670094527659,35.27961732753936,10214600
2008-07-17,36.3949089050293,36.76265641270785,35.57501327474485,36.051276515828356,9482400
2008-07-18,36.43711853027344,36.77472337606018,36.117601177842424,36.41903333666259,7258000
2008-07-21,36.02115249633789,36.71444756470116,35.68354756135088,36.38890019522212,8614800
2008-07-22,36.244205474853516,36.53358009803606,35.87043020737753,35.87043020737753,9622000
2008-07-23,35.966888427734375,36.901327746624986,35.27962340996637,36.89530011477837,15047600
2008-07-24,35.189186096191406,35.719707287169854,34.96612696465572,35.38813240521256,8440300
2008-07-25,35.357994079589844,36.16583237846774,35.17713293974433,35.321821391671754,7949000
2008-07-28,34.83952331542969,35.61721869977713,34.78526544443464,35.38812965560424,7273300
2008-07-29,35.99100112915039,36.17185996904664,34.948046109345604,35.146990143308,10151700
2008-07-30,36.44314193725586,36.64208593059489,36.11156708186118,36.20199533347185,7740100
2008-07-31,36.045249938964844,36.76265748654711,35.98496214100981,36.2924241612196,6960100
2008-08-01,36.033199310302734,36.47931760225838,35.83425298840064,36.06937199603351,7167600
2008-08-04,36.50343322753906,36.750607500732926,36.03319980530314,36.07540012269638,6068600
2008-08-05,37.576534271240234,37.62476222110351,36.58180722064842,36.648122663987195,13334700
2008-08-06,37.46199035644531,37.63079163859633,37.02792728834843,37.31730420024301,9689800
2008-08-07,37.293190002441406,38.01662770069269,36.961615061501874,37.31730512899029,12579200
2008-08-08,39.590091705322266,39.93372412224485,37.106291795361535,37.61269782552289,27536700
2008-08-11,39.75889587402344,40.39190518310663,39.04751586741602,39.21029179237536,14801100
2008-08-12,38.547157287597656,39.4454264507542,38.35424082164047,39.312795518004,13159200
2008-08-13,37.84781265258789,38.637563260059295,37.34140664714885,38.589337621056494,12390700
2008-08-14,38.34215545654297,38.75813315321788,37.377573826089865,37.769436407067445,9297900
2008-08-15,38.36024856567383,38.79430921312626,38.11910197284354,38.66167835709517,5169800
2008-08-18,38.15529251098633,38.72198657946591,38.004576394858,38.517010269796145,6953500
2008-08-19,37.65489196777344,37.992496699156156,37.52829105590895,37.980439140919906,5645300
2008-08-20,37.63681411743164,37.781500244984414,37.3534671930027,37.76341505397645,4626500
2008-08-21,37.56447219848633,37.890017145273795,37.31729794828486,37.335383139844,5135300
2008-08-22,38.23366165161133,38.523038606365375,37.79357088671815,37.79357088671815,5611000
2008-08-25,37.42580032348633,38.107035025888564,37.31728461341904,38.107035025888564,5997600
2008-08-26,37.455955505371094,37.54035613017878,36.901319214179175,37.41978282342014,5547000
2008-08-27,37.42580032348633,37.73325996884778,36.99776511166812,37.73325996884778,4890800
2008-08-28,38.144535064697266,38.180927567633205,37.42883203633089,37.81094521913804,5762500
2008-08-29,37.604740142822266,38.17487569269325,37.489500643066066,38.06570045556803,5955700
2008-09-02,38.15667724609375,38.99368655277083,37.841282401349915,37.841282401349915,9658900
2008-09-03,37.43492126464844,38.3022567762155,37.119526322831184,38.29012593456236,10104800
2008-09-04,36.40382385253906,37.32574701978639,36.36743132658876,37.30754959995048,7760100
2008-09-05,36.57362747192383,36.676738405554,36.12479817603733,36.26429929847341,8913000
2008-09-08,37.85948181152344,37.908005168725495,36.95575626398479,37.15590932814073,10431000
2008-09-09,38.32650375366211,39.212036398249666,38.20520000379488,38.211264265799954,14469800
2008-09-10,38.332557678222656,38.67827834142922,37.96257534756161,38.44173286804788,8683800
2008-09-11,39.157447814941406,39.205971167529526,37.762433820124194,37.94439407860884,13363300
2008-09-12,38.85419845581055,39.345489488026814,38.55700090714672,38.8905932976983,9374700
2008-09-15,38.64795684814453,39.345464828308025,38.259779379216056,38.65402110884394,11333200
2008-09-16,38.99369430541992,39.47285208676061,38.27799092192201,38.50847226077419,15780900
2008-09-17,37.92013168334961,39.31514565171738,37.8412823937493,38.73894357612265,13401200
2008-09-18,38.79352951049805,38.95729465842809,37.65932282214488,38.44174448101617,13208400
2008-09-19,38.805667877197266,39.70939577161338,38.575186549473514,39.21810948738358,13907400
2008-09-22,37.95046615600586,39.2787642851336,37.73818222901896,38.56306088311881,12146400
2008-09-23,37.471290588378906,39.12104711404377,37.186224066459005,37.98684065950927,11455600
2008-09-24,37.2590217590332,37.99898678918794,36.81625651903408,37.60474259456295,8890200
2008-09-25,37.76850509643555,38.02931236475275,37.47737188583703,37.47737188583703,8920800
2008-09-26,38.332557678222656,38.4174712005934,37.63504977808593,37.63504977808593,8277400
2008-09-29,36.488739013671875,38.50241259573925,36.30678100347959,38.265866951117125,12665100
2008-09-30,37.422786712646484,37.44098181646148,36.3189056825931,37.174110267716244,12966800
2008-10-01,38.611572265625,38.82992040141068,36.9132943337275,37.10738310801746,12381800
2008-10-02,37.531944274902344,38.75713081833193,37.10130773988788,38.599432280518144,10905400
2008-10-03,36.53118896484375,38.18701048085483,36.403818612932405,38.1506202738637,11059100
2008-10-06,34.663082122802734,36.29464189215142,33.631983881660716,35.779093928440965,16078600
2008-10-07,33.34082794189453,35.74874130380215,31.982204894908158,35.74874130380215,15343700
2008-10-08,32.394657135009766,33.86245595077672,32.2976127573019,32.30367701865594,20739700
2008-10-09,31.587984085083008,33.789679389200465,31.587984085083004,33.35904499994872,17219700
2008-10-10,32.35826110839844,35.045179771661324,27.772911867976337,30.35065532897011,33087500
2008-10-13,34.723731994628906,34.948146732603846,33.20741182019096,33.553132634865136,14492500
2008-10-14,33.97770309448242,36.294640159658094,33.140693701777394,35.97924528249793,17389100
2008-10-15,31.266521453857422,34.01409517621203,31.12702027581396,33.346912912940425,13075100
2008-10-16,33.03152084350586,33.522809453401536,30.81162801795694,31.551593064380302,17272200
2008-10-17,32.63121032714844,34.04442186785441,31.903376166488414,32.449252365413685,11572900
2008-10-20,34.47505569458008,34.48718653366292,32.92234299779113,33.28019465271151,8881100
2008-10-21,33.43789291381836,35.130104458892596,33.213475863603854,34.20818383499453,10833400
2008-10-22,32.8616943359375,34.074750598426974,32.50990690922938,33.4560916269108,17950300
2008-10-23,33.710838317871094,34.15360362427126,31.885187148240924,33.595596479597745,13355600
2008-10-24,32.18238067626953,33.08610621749798,31.357502119362362,31.788136499779164,13436300
2008-10-27,31.39388656616211,32.940534733593516,31.3211038579354,32.431051148565416,12073500
2008-10-28,34.34161376953125,34.408332217895236,31.678956292812604,32.0004153835984,13517600
2008-10-29,34.6812744140625,36.355290829952246,33.97163538567598,34.341617869891415,17848100
2008-10-30,35.09977340698242,36.08841465806186,34.4811145923406,35.76088899494784,11118200
2008-10-31,35.136165618896484,35.35451605911021,34.23243792217204,35.105839683026936,11162900
2008-11-03,34.59029006958008,35.74269416075208,34.323418590466424,35.42729933249742,7761600
2008-11-04,35.045188903808594,35.324193556600065,34.202115310600725,35.039124641533505,10601300
2008-11-05,33.96554946899414,35.214997300256854,33.81391755172184,34.88747180365603,8465100
2008-11-06,32.85562515258789,34.48112060047506,32.41285992954922,33.66230861373742,11095900
2008-11-07,33.64409637451172,33.87457526282428,32.710043046971855,32.710043046971855,8600900
2008-11-10,34.256717681884766,35.23929286786774,33.904932475379034,34.66309284098481,8925000
2008-11-11,34.14145278930664,34.57815126231717,33.735077931938946,34.20210464803252,9076000
2008-11-12,32.7646484375,34.11720583102106,32.600885571864566,33.60772213139563,10940200
2008-11-13,34.11721420288086,34.14754015276131,31.539469129774304,32.84350579812864,15680700
2008-11-14,34.0444221496582,35.360586987031155,33.1346300197326,33.559200143108754,12851700
2008-11-17,33.729042053222656,34.6388345819862,33.66232356425114,33.90493583074357,11272300
2008-11-18,34.27489471435547,34.71159559502782,33.23773243647921,33.37116933084479,12905200
2008-11-19,33.62590789794922,35.14222773610256,33.51673268450454,34.117196358450265,16144600
2008-11-20,32.091400146484375,34.14752993713427,31.891247086174165,33.19528105069005,15883200
2008-11-21,33.450016021728516,33.4864062164828,31.02390431937201,32.55841923072197,20692500
2008-11-24,33.668357849121094,34.26882140144876,33.359029682826225,33.686555256823134,13472900
2008-11-25,34.45686340332031,34.63882137696253,33.255938000816286,34.268838852781364,14759300
2008-11-26,35.42979431152344,35.52157994044073,33.83881773337686,34.05910697760214,9377800
2008-11-28,35.94993591308594,36.09067580761249,34.915802426730345,35.26459310757135,3916400
2008-12-01,34.371192932128906,35.94381335836293,34.26105060877089,35.53382994737147,11077100
2008-12-02,34.909690856933594,35.33803109463091,33.92450901050972,34.79954615768953,10215700
2008-12-03,36.43946075439453,36.61079817951121,34.573124416465014,34.73222095307456,13454300
2008-12-04,37.228824615478516,37.987598528936104,35.96216361285808,36.249763760306024,16996200
2008-12-05,38.37924575805664,38.46491334218803,35.82756323530544,36.77602944203617,17843400
2008-12-08,37.27778625488281,39.15636370185359,36.95959314430968,38.76473692294471,16959100
2008-12-09,36.51899719238281,37.308366153029894,36.12125249102164,37.09419503142592,13459500
2008-12-10,37.730587005615234,37.89580393374398,36.567950400678804,36.84943238986007,11410900
2008-12-11,37.2471923828125,38.21401730804941,37.094213932687616,37.38793227681549,11650300
2008-12-12,37.07584762573242,37.4368767675284,36.421100216176775,36.48229064661055,9827700
2008-12-15,37.13704299926758,37.467476969828866,36.71482337083855,37.13704299926758,7964700
2008-12-16,38.501617431640625,38.55057165895684,37.2716716486462,37.412411550781265,13487700
2008-12-17,38.324153900146484,38.91159046457056,38.04879228111476,38.31191534660447,10869400
2008-12-18,37.50419235229492,38.56280280477047,37.26554637565655,38.56280280477047,11393600
2008-12-19,36.9106330871582,38.042672464405506,36.81272699147338,37.80402650206535,15966600
2008-12-22,37.57151412963867,37.57151412963867,36.757667527910904,36.91064600183571,9064900
2008-12-23,37.112552642822266,38.048779498742135,37.026882796808714,37.681632352885416,7178800
2008-12-24,37.498050689697266,37.730578424654375,37.17373734949749,37.467455487949714,2574800
2008-12-26,37.36344528198242,37.67552019111998,37.22270543399763,37.632686425831785,2410100
2008-12-29,36.94733810424805,37.55313116731727,36.586309042744205,37.320605715969876,5785900
2008-12-30,37.77956771850586,37.78568583083443,36.95960294475758,37.247200909529155,5801000
2008-12-31,38.05492401123047,38.17730725618813,37.52255958007083,37.71837183829659,6230500
2009-01-02,39.009490966796875,39.24201644796732,38.06102537877091,38.171170010594835,8652700
2009-01-05,38.89323043823242,39.064565504474146,38.483247099955875,38.709654485241764,7692900
2009-01-06,38.02432632446289,39.443966271922335,37.834634524599124,39.156368349277436,10855700
2009-01-07,37.473594665527344,38.28743864340003,37.22882826063599,37.895814262986214,7910400
2009-01-08,37.03301239013672,37.22270645178924,36.53124341081349,37.22270645178924,9382300
2009-01-09,36.757652282714844,37.29613694118879,36.62303053453004,37.14927664005397,7150700
2009-01-12,36.8127326965332,37.467480250569814,36.56184814156838,36.776017029611836,8682900
2009-01-13,36.29872131347656,37.20435332972886,35.992764456596774,36.904516917175386,9082600
2009-01-14,35.08101272583008,35.87037960643587,34.51805092110061,35.80306872751834,15340200
2009-01-15,35.47875213623047,35.852019825579916,34.603715454915786,35.00146024979165,12166300
2009-01-16,36.51288986206055,36.70258395201199,35.821429052196564,35.94381226073732,12445800
2009-01-20,34.92191696166992,36.5924411920743,34.82401085662202,36.46393986687373,11930300
2009-01-21,35.919342041015625,36.06620005201745,34.97699418906759,35.47876333947816,10261400
2009-01-22,35.93157958984375,36.39051494631785,35.301306779651824,35.533834680526496,10969400
2009-01-23,35.50321578979492,35.931555637150694,34.72608549077079,35.02592408419915,10266100
2009-01-26,35.73576354980469,35.900978206376,34.542531283270186,35.019823256177716,14106700
2009-01-27,35.80917739868164,36.237517304751925,35.67455568510577,35.98051242740387,9992800
2009-01-28,36.22529220581055,36.5312490617139,35.68068937578506,36.5312490617139,11110700
2009-01-29,35.576663970947266,36.13962581766659,35.50323497677192,35.96828838556994,9559400
2009-01-30,35.50321578979492,35.93767374408155,35.10547114562219,35.79693394202804,9660800
2009-02-02,35.42979431152344,35.7602258435965,35.15443275624183,35.258456935867734,7652100
2009-02-03,36.02946853637695,36.194685466087094,34.99533319866515,35.668439467958095,8104300
2009-02-04,35.40532302856445,36.574077969262405,35.18503374813716,36.20692839046182,9266600
2009-02-05,35.71129608154297,35.84591788840835,34.92192657917722,35.185049746632465,11066500
2009-02-06,35.77248001098633,36.30484669502678,35.56442922664389,35.56442922664389,10788700
2009-02-09,36.115142822265625,36.3660273178866,35.52158585256457,36.12126093150578,12359600
2009-02-10,35.05039978027344,36.115130152974686,34.80563581402178,36.10289160452244,13322500
2009-02-11,34.92803192138672,35.399203373132394,34.65267031472247,35.1789164220663,9579700
2009-02-12,34.8546028137207,34.909675138545936,34.04075882937606,34.750578608087174,12798000
2009-02-13,34.76280975341797,35.24010157734219,34.68937844645659,34.91578814152342,6976700
2009-02-17,34.071346282958984,34.51804288952533,33.814341380915444,34.205968009470595,9744100
2009-02-18,34.518035888671875,34.609823835270866,33.99178997460179,34.26715148013432,9489500
2009-02-19,33.84495162963867,34.94639595433759,33.84495162963867,34.218217070436936,9524500
2009-02-20,33.39213943481445,33.79600249244668,33.073943944821465,33.58183357334859,13541100
2009-02-23,32.963802337646484,33.89391177956811,32.8536576449014,33.50228724281508,10856700
2009-02-24,33.508392333984375,33.618536983928514,32.99438474566687,33.17796071841741,10903500
2009-02-25,33.22078323364258,33.74702919745722,32.99437356643371,33.28809408960929,11531100
2009-02-26,32.23880386352539,33.77663052209617,32.152340016821896,33.67163938137424,10170800
2009-02-27,32.269683837890625,32.68347578207878,31.80648263447593,31.849714558317583,13381500
2009-03-02,32.02265167236328,32.50438266765889,31.670618842703323,31.991772054245782,13245200
2009-03-03,32.380863189697266,33.08492887838086,32.201758098796645,32.201758098796645,14878300
2009-03-04,32.825538635253906,33.16521917499389,32.2944006775684,32.79465665857969,11618400
2009-03-05,31.411212921142578,32.424079012384944,31.15181906394286,32.33761517863929,15550300
2009-03-06,32.18939971923828,32.232631649458895,31.43592725256231,31.64591192333248,18185800
2009-03-09,32.31291961669922,33.016985152931255,31.689142958307304,31.92382989974236,17924500
2009-03-10,32.48585891723633,33.04170156824675,32.15853066495479,32.627909427133424,17334300
2009-03-11,31.51620101928711,32.695819686302826,31.306216433516443,32.4302508761822,16622700
2009-03-12,32.22028350830078,32.38086128932697,31.195064654848878,31.738554877149827,15302200
2009-03-13,32.349979400634766,32.71436451696513,32.035001197792035,32.52908211248651,11354900
2009-03-16,31.923824310302734,32.68965129384999,31.83736046744287,32.51672360813026,9883400
2009-03-17,33.12814712524414,33.16520406679372,31.720016329841854,31.93000095336351,13657500
2009-03-18,34.22749328613281,34.30778218604472,32.99228959010266,33.004641909778655,12896800
2009-03-19,33.78898239135742,34.48687284706385,33.535765833936594,34.32629747044022,10356000
2009-03-20,32.85641098022461,34.110141679950395,32.69583321854766,33.6469404039772,13789400
2009-03-23,34.066898345947266,34.07307332426931,32.794638418997515,33.33195341556192,10846700
2009-03-24,33.07875061035156,33.96809628307047,32.96758210676624,33.96809628307047,9836100
2009-03-25,33.97425079345703,33.99278043686573,32.88727340395897,33.38753136867266,10880900
2009-03-26,34.62275695800781,34.64128425767227,33.83222507017606,34.27072412860014,11095700
2009-03-27,33.97425079345703,34.52391799931086,33.86925968997765,34.25217188496463,6636500
2009-03-30,33.301082611083984,33.455483036445386,32.75141747375157,33.35049187806212,8702800
2009-03-31,33.70252227783203,34.18425081701009,33.517242251683804,33.535769547509624,9044500
2009-04-01,34.11631774902344,34.17190199431404,33.2702017533817,33.53577066355196,8279200
2009-04-02,34.801856994628906,35.24035601915029,34.35718534531507,34.54864037628226,8797600
2009-04-03,34.98094940185547,34.98094940185547,34.31394099134324,34.70920558364127,7175700
2009-04-06,34.54863739013672,34.96243174394079,34.33865272312349,34.87596788504654,6494800
2009-04-07,34.21514129638672,34.44365330695112,33.721057962460314,34.363364411793484,7128900
2009-04-08,34.313961029052734,34.480713818047136,33.99898275340858,34.252199427963596,5825800
2009-04-09,34.999481201171875,35.37004357115031,34.68450542485515,34.76479429174495,7291800
2009-04-13,34.65362548828125,34.993305890573396,34.52392972020003,34.795673570841124,5506400
2009-04-14,33.85691452026367,34.5239252805574,33.671634538836344,34.46216371610643,8601200
2009-04-15,33.319610595703125,33.46165869720693,32.7514158337245,33.381369820369684,12180300
2009-04-16,33.782814025878906,33.87545286884927,33.226971544202485,33.44313355639378,8563500
2009-04-17,34.64126968383789,34.83890198365952,33.84456314995283,34.02366815790458,11687400
2009-04-20,34.17189407348633,34.4559902142473,34.05454827398205,34.2830601823365,7181800
2009-04-21,34.357177734375,34.67833084971411,33.93720845708257,34.307768475416765,8925900
2009-04-22,33.504886627197266,34.90066519937471,33.47400701854916,34.44981631641555,12701000
2009-04-23,34.15337371826172,34.27689453010345,33.35666695564428,33.813693252669616,9877400
2009-04-24,33.541934967041016,34.24600022985022,33.38135727372092,34.07307022504685,9941100
2009-04-27,33.65311813354492,33.90015740337235,33.2084441495066,33.28873303128319,8146900
2009-04-28,33.677825927734375,34.17190926024647,33.35049772251445,33.38137734180547,7438000
2009-04-29,33.60370635986328,34.07925992266818,33.47401057617923,34.023675678808814,8888000
2009-04-30,32.9119873046875,34.11631080349409,32.79464150187292,33.78898037854932,11167400
2009-05-01,32.362335205078125,32.86259115437537,31.96706807476839,32.86259115437537,11163900
2009-05-04,32.590824127197266,33.33194623214711,32.42407147688638,32.66493563090358,12988600
2009-05-05,32.83170700073242,33.13433287702034,32.71436352329532,32.73289082079498,12381900
2009-05-06,33.15904998779297,33.72106770433303,32.9737698620259,33.07258608616598,12329300
2009-05-07,32.97374725341797,33.57899650577947,32.695826077343035,33.36283689992287,11227100
2009-05-08,33.918678283691406,34.24600872933178,33.665461725344954,34.02984675866917,13643700
2009-05-11,33.59754180908203,33.86311079485106,33.375204764627576,33.86311079485106,9664600
2009-05-12,33.33195877075195,33.85074420377404,32.887284869314996,33.80751228068579,8466800
2009-05-13,33.035518646240234,33.30108523127064,32.81935662014816,33.054045944833035,8666900
2009-05-14,33.08490753173828,33.424587837960736,32.881100290389774,32.9552118003381,8224700
2009-05-15,33.016990661621094,33.684001716262564,32.757599044347515,33.0231679987736,8267800
2009-05-18,33.47401428222656,33.51724621490763,32.75759636870128,33.047867580136526,8250700
2009-05-19,33.27021408081055,33.63459930029292,33.1775752083102,33.56048773109978,6328800
2009-05-20,34.74010467529297,35.20330607096354,33.98045466910892,34.079270872613414,15246900
2009-05-21,34.39423370361328,34.74009146231823,34.103962541449796,34.38805872397713,10264600
2009-05-22,35.25270462036133,35.62943966182498,34.394236316012126,34.536284418064994,10726600
2009-05-26,36.339683532714844,36.389090442812304,35.067423203207326,35.18476903212033,12256200
2009-05-27,35.70972442626953,36.407614895947226,35.67884481737331,36.24086218075186,10434900
2009-05-28,35.90119171142578,36.19146294257744,35.45034270001135,35.752966249334285,8402400
2009-05-29,36.43231964111328,36.4570219147308,35.6294356714837,35.99382071192749,8060100
2009-06-01,36.96346664428711,37.049932874961506,36.38909678403714,36.54967457075428,7746100
2009-06-02,37.29077911376953,37.53164332106688,36.734936823111994,36.790521052177745,9332000
2009-06-03,37.667518615722656,37.679868573162025,36.90169167652344,36.963450887571796,10424500
2009-06-04,37.511863708496094,37.767173435722164,37.237871159466394,37.767173435722164,10236900
2009-06-05,37.28144454956055,37.66752436298381,36.95763682319131,37.61148067235381,10285700
2009-06-08,36.56533432006836,36.851778801693094,35.96130812475931,36.478155771351034,14756100
2009-06-09,36.78950500488281,37.08217547517122,36.58401069819805,36.75214175582094,7947200
2009-06-10,36.341163635253906,37.12577303731175,36.03603630501957,37.11331861817591,9999800
2009-06-11,35.911495208740234,36.559110764156664,35.886588745406996,36.316255524734906,9316200
2009-06-12,36.341163635253906,36.41588777463143,35.80563548960031,35.94263172465706,7063000
2009-06-15,35.9799919128418,36.21039509925586,35.64373210440812,36.17925786429787,7538200
2009-06-16,35.53786849975586,36.060942183338696,35.38219183649236,36.060942183338696,8714200
2009-06-17,35.72466278076172,36.1916925451754,35.62502985937091,35.62502985937091,7216600
2009-06-18,36.21662902832031,36.62761543986061,35.62505706652069,35.8367774830983,6944300
2009-06-19,36.22284698486328,36.633835680317645,36.11698798786747,36.37229763552283,9602400
2009-06-22,35.618831634521484,36.12945105201678,35.575242345864915,35.99245478741724,7651100
2009-06-23,35.34482192993164,35.874123910670455,35.27009781075139,35.83053464319556,7329300
2009-06-24,35.058380126953125,35.5565449179693,34.89647746066178,35.53786448063028,7297500
2009-06-25,35.780723571777344,35.93017421310713,34.96497937980759,35.002340258562015,7841400
2009-06-26,35.49428176879883,35.743365398053136,35.33860509437427,35.73713700083113,8195100
2009-06-29,35.63750076293945,35.71222489470254,35.24519491416796,35.61259192720598,6641600
2009-06-30,35.79941940307617,36.20417744785367,35.62505986222231,35.68110357616851,7334500
2009-07-01,36.25398635864258,36.45947834305612,35.89904371475202,35.89904371475202,5733500
2009-07-02,35.77450942993164,36.011138700847894,35.64996758337371,35.92395774545064,6970800
2009-07-06,36.11075973510742,36.26643639785063,35.36973730016983,35.54409677773963,7533100
2009-07-07,35.3697509765625,36.11699972175544,35.338616107062435,36.11699972175544,8192600
2009-07-08,35.51919174194336,35.61259632432062,35.145566286121486,35.55655262471922,10771500
2009-07-09,35.35104751586914,35.67485517383021,35.0459202923592,35.64994634427088,7793600
2009-07-10,35.525421142578125,35.942635918276196,35.22029615218079,35.22029615218079,6739400
2009-07-13,35.66240692138672,35.82430959062509,35.220285809776996,35.537865127506436,7057400
2009-07-14,35.780723571777344,35.81808682596913,35.40710053160893,35.64372972394885,6670400
2009-07-15,35.54410171508789,35.79941138243373,35.31369851190827,35.79318298481391,11899500
2009-07-16,35.63127517700195,35.699773288387114,35.44446128215612,35.61259236225496,10080300
2009-07-17,36.01734924316406,36.148117056895785,35.65617828092926,35.70599594831494,9767400
2009-07-20,36.29133224487305,36.42832842816142,36.104520779303144,36.25397137702107,8093200
2009-07-21,36.50929260253906,36.534199063921555,36.06094304153025,36.440794489003004,7748400
2009-07-22,36.62760543823242,37.10708985000653,36.415885079467714,36.44701993728424,9146200
2009-07-23,34.92761993408203,35.612596374225596,34.634947016260405,35.4880569308814,34243500
2009-07-24,34.921382904052734,35.16423806763296,34.7158886115237,35.11442040564888,12337100
2009-07-27,34.8528938293457,35.064614196715,34.68476273977854,35.00857050019261,7792100
2009-07-28,35.16424560546875,35.30746785121891,34.747030910946634,34.80930300177543,8744700
2009-07-29,35.12687683105469,35.46936496276288,34.99610902401943,35.02724387682254,8002500
2009-07-30,34.61626052856445,35.30123684906599,34.59135169407129,35.25142155551686,13845700
2009-07-31,34.286224365234375,34.74079987317786,34.199043450662565,34.5602143990061,13519700
2009-08-03,34.329803466796875,34.49170608074574,34.049585120119666,34.317349054118296,10607000
2009-08-04,34.25508499145508,34.55398621468067,34.1928152889546,34.44812486990559,11782200
2009-08-05,34.30491256713867,34.39831952331875,34.12432705209056,34.3298214055117,9426200
2009-08-06,34.14922332763672,34.40453288844299,34.043361991214425,34.37339803964939,10248700
2009-08-07,34.37342071533203,34.49796256810173,34.11811098610137,34.29869655384552,8137200
2009-08-10,35.039695739746094,35.17669193262148,34.71588806822769,34.747022918762056,11008600
2009-08-11,34.884037017822266,35.10198345887285,34.77817562114195,34.90894586121035,8713800
2009-08-12,35.03347396850586,35.2638771319858,34.72212065341789,34.815527598119196,7223000
2009-08-13,34.73457717895508,35.27633369039969,34.5975833273002,35.15179188171918,9925900
2009-08-14,34.41699981689453,34.74703360989141,34.14300972227803,34.6785354923779,7705200
2009-08-17,33.937503814697266,34.398307663978905,33.937503814697266,34.10563485259313,10440700
2009-08-18,34.41075897216797,34.41698736720031,33.893913830007996,33.98109235696727,10305500
2009-08-19,34.65363311767578,34.86535351704101,34.31737088772434,34.37964061529853,7963800
2009-08-20,34.9587516784668,35.02724979146231,34.65362674386167,34.72212248141978,5522000
2009-08-21,35.039695739746094,35.25764206892346,34.9026995468707,35.18291795255362,7671200
2009-08-24,34.81551742553711,35.10819021634505,34.684749641513534,35.10819021634505,6638900
2009-08-25,35.151790618896484,35.338602137487364,34.964979100305605,34.98365953953349,7442300
2009-08-26,35.49428176879883,35.63127800243245,35.05838660532256,35.16424797915878,8253300
2009-08-27,35.593910217285156,35.60636463470722,35.238967634786675,35.531640505612074,8462900
2009-08-28,35.22327423095703,35.83891169859178,35.02853081303597,35.82006641170897,8683600
2009-08-31,35.33007049560547,35.33007049560547,34.959431335554925,35.022250557367,7888500
2009-09-01,34.95314025878906,35.43057486619463,34.84006376737191,35.21070284559498,7785000
2009-09-02,34.78353500366211,34.99084275990541,34.356357563281804,34.95314978702486,6959000
2009-09-03,34.909175872802734,34.9280211610553,34.588793990509956,34.89661154850108,5680000
2009-09-04,35.26724624633789,35.330067859862964,34.802378288249955,34.928016722501056,4877700
2009-09-08,35.31748962402344,35.56876878993509,35.17928452511295,35.43056608742319,7479600
2009-09-09,34.607627868652344,34.87775476107769,34.35634625826629,34.62647315069164,17822200
2009-09-10,34.45686340332031,34.796092907451886,34.394044189843825,34.708145050025045,12450400
2009-09-11,34.16788101196289,34.626467843693305,34.06736886249319,34.62018688277587,12205600
2009-09-14,34.06739044189453,34.13649303775155,33.84752072453147,33.985723519845315,10273400
2009-09-15,34.53853225708008,34.733275664142596,34.029687972019666,34.293533955665644,14272000
2009-09-16,35.47455596923828,35.581349123630986,34.551098567938226,34.733277662796,17384000
2009-09-17,35.46827697753906,35.637891769875424,35.210714306894936,35.436867363343424,9719900
2009-09-18,35.80751419067383,35.80751419067383,35.36777230905213,35.55623243077558,14364400
2009-09-21,35.26724624633789,35.65044970144252,35.07250523540897,35.51852790763915,9820100
2009-09-22,35.059959411621094,35.49341798985486,34.91547321887651,35.49341798985486,8013300
2009-09-23,34.89034652709961,35.34893378985439,34.86521786701419,35.10393534502384,8589400
2009-09-24,35.25469207763672,35.424306888407344,34.89033619984814,34.97828408771434,9271400
2009-09-25,35.77609634399414,36.096478237620396,35.443147729221856,35.4808407034602,11279900
2009-09-28,35.9142951965332,36.22839609164257,35.857759335957184,35.958271526536194,7784200
2009-09-29,35.9142951965332,36.22211512815623,35.838911652698854,35.920578556419194,7542100
2009-09-30,35.851478576660156,36.01481239594872,35.31750797480102,35.782375991299595,9826300
2009-10-01,35.644161224365234,35.895440436296354,35.46826313997453,35.80121163047182,10006000
2009-10-02,35.62531661987305,35.920572175676085,35.23583225011531,35.34890874398033,8862000
2009-10-05,35.562496185302734,35.80749444810273,35.3614718467797,35.744675240963964,8040800
2009-10-06,36.083900451660156,36.209541255850695,35.63159691153283,35.63159691153283,7164800
2009-10-07,35.89545822143555,36.15930428055002,35.631614558721274,35.95199649150292,7284400
2009-10-08,35.725833892822266,36.19698521905509,35.688143320419364,36.10275639164826,8713600
2009-10-09,35.61905288696289,35.66302683402578,35.198156312560485,35.5185406656191,10227800
2009-10-12,35.60647201538086,36.146725852727734,35.53736944599008,35.76352243803289,8550100
2009-10-13,35.83890914916992,35.99595958575384,35.60647517401758,35.625320459559816,6164500
2009-10-14,36.121604919433594,36.39173189576047,36.05250233529419,36.058785695524925,7580200
2009-10-15,36.56135177612305,36.59276139245887,35.97712380595633,35.97712380595633,8141000
2009-10-16,36.92570114135742,37.20839243143512,36.473397473632794,36.485961797236214,9980400
2009-10-19,37.23979949951172,37.34659504464894,36.95082726556317,37.04505848795487,7560600
2009-10-20,37.0136604309082,37.4722499965339,36.82520031150611,37.44083797963318,7608600
2009-10-21,36.64301681518555,37.1330135147979,36.435709044488014,36.93827006926992,9619500
2009-10-22,37.37801742553711,38.06903863786925,37.12045471224236,37.61045148475423,24641000
2009-10-23,37.33403778076172,37.44711431045166,37.07647510677908,37.37801172048559,7629500
2009-10-26,37.18955612182617,37.6669885520103,37.13929881528033,37.38429719369062,9020300
2009-10-27,37.07645797729492,37.239789335609494,36.71209990631791,37.20209877405937,8336600
2009-10-28,36.837738037109375,37.264915277354056,36.81260940029529,36.844021394512254,8752500
2009-10-29,37.15186309814453,37.20212040463116,36.8126334685606,37.051350881571544,6950800
2009-10-30,36.81890106201172,37.37800017703423,36.787491457109184,37.120437582594676,9878800
2009-11-02,37.16442108154297,37.40313845380963,36.81262718538156,36.96339668270783,7583300
2009-11-03,37.21467208862305,37.40313213112341,36.95082611200297,36.95082611200297,6562000
2009-11-04,37.87429428100586,38.2260858220367,37.18955409327064,37.37801418973718,12294800
2009-11-05,38.62184524536133,38.63440956856133,37.87428598795807,37.9810791405587,11000400
2009-11-06,38.77262496948242,39.06159729021823,38.33916409197845,38.35172841849744,10795100
2009-11-09,39.35055160522461,39.50132105806418,39.030169812989364,39.11811766197946,10517300
2009-11-10,39.12440490722656,39.425941464930865,38.935944858211315,39.256329098296824,7408400
2009-11-11,39.46991729736328,39.63952966186794,39.231199960194516,39.375686075838914,6643100
2009-11-12,39.05530548095703,39.45735665339857,38.94223135954504,39.40081839449271,6417500
2009-11-13,39.941070556640625,40.07927331949846,39.055303741108304,39.09299671083296,9692300
2009-11-16,40.53784942626953,40.67605454833936,40.02272429397159,40.154646057911535,12109900
2009-11-17,39.93479537963867,40.50646142046797,39.85941182114255,40.41850874335557,8589300
2009-11-18,40.19234848022461,40.19234848022461,39.714916195104266,39.95991449907389,6986500
2009-11-19,39.83427810668945,40.16722431109761,39.608125063544364,40.16722431109761,5848400
2009-11-20,40.18606948852539,40.324274649913995,39.733763430453365,39.80286601114767,8850700
2009-11-23,40.19863510131836,40.393378526212295,40.00389167642443,40.393378526212295,6871700
2009-11-24,40.3431282043457,40.38710214718095,39.746335899067184,40.211206375839964,8274400
2009-11-25,40.48759078979492,40.58182198739307,40.3745143112367,40.462466943713366,7602400
2009-11-27,40.297523498535156,40.46226315963248,39.90468667265286,39.90468667265286,3557900
2009-11-30,40.075767517089844,40.39890702962535,39.9363727696689,40.39890702962535,6566200
2009-12-01,40.259521484375,40.582663468397705,40.24051156841514,40.322881425503034,9614400
2009-12-02,39.60054016113281,40.45591086180322,39.5942051381981,40.23414880371094,10518400
2009-12-03,39.26473617553711,39.822310151816296,39.25206371011817,39.682917866259324,10761500
2009-12-04,39.02396011352539,39.72726616056277,38.73883571377708,39.575199008355206,9497500
2009-12-07,39.23939514160156,39.44848479921475,38.83388587602676,39.06832046699484,9036800
2009-12-08,38.40303421020508,38.58678136360942,38.04187734566609,38.301656887124416,14696700
2009-12-09,38.396690368652344,38.669142332216516,38.22561812829868,38.479060185248066,10911800
2009-12-10,38.68181610107422,38.87189825444785,38.45371655021558,38.6374636791879,8035900
2009-12-11,39.06831741333008,39.22671960887829,38.77052051225122,38.884570286407985,5864400
2009-12-14,39.37245178222656,39.53719142935497,39.16969715270378,39.44214913931736,5632900
2009-12-15,39.28376007080078,39.55621214852492,39.21406269040252,39.43582730230851,4952700
2009-12-16,39.54985809326172,39.75261512245395,39.23939115083031,39.48649818334426,5647100
2009-12-17,39.233055114746094,39.587876907258334,39.233055114746094,39.43581215120003,5418500
2009-12-18,39.391456604003906,39.55619623996849,39.26473678190891,39.27740924752354,9854100
2009-12-21,39.70193099975586,39.968047977332375,39.3724541031033,39.435816439205325,4625700
2009-12-22,39.89833068847656,39.97436303679782,39.70191117020315,39.71458363109415,3418500
2009-12-23,40.14545440673828,40.34820903165912,39.64490286901618,39.89834735868012,5889700
2009-12-24,40.18347930908203,40.367226488602036,40.07576694544874,40.132791848850594,2577300
2009-12-28,40.303855895996094,40.36088078431106,40.01239642995328,40.18980611936617,2389400
2009-12-29,40.29118347167969,40.500273117700175,40.272175981230305,40.3482083600536,2628900
2009-12-30,39.84767532348633,40.329219585906095,39.79698785308928,40.202497284373166,6776100
2009-12-31,39.562538146972656,39.9617124236883,39.530858185937525,39.89835250161805,4495300
2010-01-04,39.77796173095703,39.9617088724685,39.480167223259215,39.682921856297426,5839300
2010-01-05,39.47382736206055,39.75895180261593,39.40413000803304,39.70192691450485,7099000
2010-01-06,38.935264587402344,39.54352850755756,38.68815752090341,39.410471228215975,10551300
2010-01-07,39.22039031982422,39.49917735462741,38.71983872860904,38.80854358436342,7517700
2010-01-08,39.182369232177734,39.543526063512196,39.030302053024684,39.454821216100335,6107300
2010-01-11,39.48650360107422,39.55620096176159,39.188706666146686,39.29642142821608,6081300
2010-01-12,39.70193099975586,39.70193099975586,39.28374924958646,39.302756741904076,7199400
2010-01-13,39.65757369995117,40.101100330061676,39.63856620996916,39.828648360866325,8623000
2010-01-14,39.69560241699219,39.74628987707406,39.34078052831359,39.6385775137586,7095600
2010-01-15,39.461158752441406,39.90468543475673,39.31542900569977,39.708265819395756,9429100
2010-01-19,40.22148132324219,40.43690838508573,39.77161971137126,39.853989521877,8551500
2010-01-20,39.9236946105957,40.297523947837156,39.75895736468767,40.22782900108542,6996800
2010-01-21,40.04408264160156,40.297524749349165,39.79063811682785,39.89835288581582,11724100
2010-01-22,40.164451599121094,41.04516722849306,39.79695984206362,40.06307431265436,15645900
2010-01-25,39.97439193725586,40.29753146401135,39.86667715031969,40.132794187377016,6382200
2010-01-26,40.430580139160156,40.55096494621492,39.758953912109156,39.758953912109156,9292700
2010-01-27,40.37989807128906,40.5509727777383,40.10744602957652,40.34188066418045,8080800
2010-01-28,39.80964660644531,40.46859799669196,39.758956736489246,40.45592552920295,8560100
2010-01-29,39.55620193481445,40.05675352204065,39.53085699993631,39.80330900731128,7589600
2010-02-01,40.481258392333984,40.531948247173915,39.80963473488206,39.80963473488206,8062700
2010-02-02,40.56997299194336,40.58264787573121,40.13911879014046,40.46859567487361,7271400
2010-02-03,41.317623138427734,41.65977241975593,40.93745888163556,40.95012892877329,13695300
2010-02-04,40.5889778137207,41.355643874695204,40.56363288186393,41.30495884503312,10868400
2010-02-05,40.15178680419922,40.76638566332871,39.682917671132415,40.59531342357841,14007600
2010-02-08,39.86666488647461,40.42424131214598,39.86666488647461,40.22148668772471,6975100
2010-02-09,40.27851104736328,40.45592073714303,39.77162449297418,40.01239651269366,10131500
2010-02-10,40.075767517089844,40.443261881371804,39.89835777820968,40.25951469923082,6161300
2010-02-11,40.41791534423828,40.44959530821047,39.625904159802005,40.07576593247549,7478900
2010-02-12,40.29118347167969,40.48126562725079,40.037738986234395,40.05041145220923,6749800
2010-02-16,40.557315826416016,40.665028202571754,40.09477910225706,40.234173863895464,7090200
2010-02-17,40.71571731567383,40.77273980760018,40.405247829812865,40.68403493079037,5424600
2010-02-18,40.855106353759766,40.94381121814829,40.55097193724729,40.62066930698864,4975800
2010-02-19,41.01983642578125,41.11487872201546,40.74105181329344,40.84242671763846,5622600
2010-02-22,41.038848876953125,41.14022862759989,40.9501440121635,41.14022862759989,4274900
2010-02-23,41.10221481323242,41.216264618944386,40.99449761657749,41.04518749335008,7485700
2010-02-24,41.34931564331055,41.53306279317973,41.03884382074608,41.15923105129361,7579700
2010-02-25,41.138431549072266,41.304571352431175,40.74225595559653,41.08092442971954,8500000
2010-02-26,40.799774169921875,41.36209212364478,40.799774169921875,41.189560978702225,8288400
2010-03-01,40.882843017578125,40.98508197805619,40.684753965215386,40.882843017578125,6320300
2010-03-02,40.94035339355469,41.16400036227599,40.838114431057924,41.16400036227599,6271700
2010-03-03,40.65920639038086,41.1128893029285,40.54418722590467,41.055382158260116,6396100
2010-03-04,40.53139114379883,40.76142938248657,40.448321238146306,40.76142938248657,5958200
2010-03-05,40.68476104736328,40.74227062499117,40.416384643479475,40.716712708599516,8154600
2010-03-08,41.611297607421875,41.87967395977811,41.04259324760781,41.15761238078021,11825600
2010-03-09,41.598514556884766,41.85411316958926,41.43237472735614,41.528224816512584,7126900
2010-03-10,41.49628448486328,41.687979817825045,41.3620962892484,41.547400315236466,6900200
2010-03-11,41.668819427490234,41.668819427490234,41.32376190631714,41.40683428881462,4350400
2010-03-12,41.873294830322266,42.160845184440845,41.764666971609245,41.82856542525575,6601700
2010-03-15,42.12888717651367,42.295027031089795,41.97552993582582,41.98191636763118,5715100
2010-03-16,42.21835708618164,42.32698495713186,42.0458307543866,42.314207215018925,5705600
2010-03-17,42.41644287109375,42.454785846893486,42.09055926520577,42.32059761944432,4818800
2010-03-18,42.608123779296875,42.64646186255,42.403645876717306,42.4739356127732,6206700
2010-03-19,42.51228713989258,42.755108077651464,42.173620963691285,42.51228713989258,10230100
2010-03-22,42.81901550292969,42.972372791719586,42.10973133895848,42.218359215387146,7386400
2010-03-23,43.036251068115234,43.036251068115234,42.70397628574561,42.90206289397723,8057700
2010-03-24,42.68483352661133,42.93404098562484,42.54425395995939,42.80623916360443,6363700
2010-03-25,42.74871826171875,43.093775757569766,42.71037528986456,42.895684215884884,5705600
2010-03-26,42.978755950927734,43.100161547092526,42.767886671864495,42.870123219957975,5984100
2010-03-29,42.857337951660156,43.119327896320854,42.55061861097673,43.10654528309234,6522600
2010-03-30,42.965972900390625,43.12572146621986,42.761494931134784,42.88290540120959,5093500
2010-03-31,42.633689880371094,43.0618147849367,42.57617787259181,42.90845755608931,5765600
2010-04-01,43.1832275390625,43.26629502680592,42.850947837811496,42.850947837811496,5474200
2010-04-05,43.47077560424805,43.57940345060931,43.29824931150597,43.29824931150597,4875200
2010-04-06,43.3302001953125,43.42605031151873,43.22796364646143,43.30463983931487,3318300
2010-04-07,43.25990295410156,43.53467063963573,42.97874883702698,43.32380627061443,6623700
2010-04-08,43.937255859375,44.109782200547556,43.36855123920649,43.38772029098784,7141000
2010-04-09,43.8861198425293,43.943626977830796,43.54106240530441,43.87334210417518,5622100
2010-04-12,43.7902717590332,43.99474970808861,43.68803522207493,43.94362900204005,4025000
2010-04-13,44.03948211669922,44.12255448848992,43.64969523793436,43.88612486321214,5652600
2010-04-14,44.35897445678711,44.429264206045545,44.12254973213481,44.205617219831744,6193000
2010-04-15,44.19282913208008,44.40369345533538,44.07141870722285,44.288674335769976,4767200
2010-04-16,44.10978317260742,44.26953177449294,43.66248903738414,44.160903895244495,7876100
2010-04-19,44.678466796875,44.71041845228417,44.084202082286744,44.09059338839621,7157900
2010-04-20,44.94685363769531,45.10660220173342,44.697646267807,44.71682019060858,7340300
2010-04-21,44.95962142944336,45.48998765721843,44.761534835391,45.12576124630471,10738100
2010-04-22,45.387752532958984,45.668911511808155,44.80627040641171,44.88933788873608,7139600
2010-04-23,45.46444320678711,45.592240110510026,45.20884452420191,45.50917261060407,5923700
2010-04-26,45.3813591003418,45.63695771685296,45.196055100387774,45.56028154449629,6035600
2010-04-27,45.06825637817383,45.579453645492165,44.98518889416844,45.18327551956353,8154400
2010-04-28,44.94685363769531,45.1960658827229,44.57624067423276,45.036317318684794,7589400
2010-04-29,45.70085525512695,45.81587438654234,45.10020412452483,45.10020412452483,7357400
2010-04-30,45.106597900390625,45.82227315408506,44.9788010114025,45.707254003940214,6966600
2010-05-03,45.636966705322266,45.90534311170514,45.144943293620315,45.29190923634181,5990600
2010-05-04,45.138545989990234,45.560284465543674,44.92129032086642,45.464434368814395,7240200
2010-05-05,45.151329040527344,45.406922800764484,44.81265804545002,44.98518919626242,9577700
2010-05-06,44.35897445678711,45.681692203981484,43.125715504078265,45.017137676990004,16489600
2010-05-07,43.458003997802734,44.29508497633944,43.08099482321636,44.1033847350054,15280700
2010-05-10,45.100215911865234,45.40054399322871,44.56984950754843,44.77432747515814,10903300
2010-05-11,45.03632354736328,45.43249692088079,44.81267162666667,44.83823198546457,6709900
2010-05-12,45.157718658447266,45.33024982143416,44.82544382160924,45.19606162529925,5655500
2010-05-13,45.049095153808594,45.56029250986498,45.017143490877835,45.18328336286706,5734000
2010-05-14,44.46760177612305,45.017137150182464,44.154495999087814,44.908509311741064,9111400
2010-05-17,44.819053649902344,44.889343403249505,44.31424763729041,44.61457569702121,7467000
2010-05-18,44.742374420166016,45.247180453433636,44.627355262267834,45.06826284673405,6897800
2010-05-19,44.346214294433594,44.69765830487766,44.02671708031684,44.51235421081367,7814300
2010-05-20,43.234352111816406,44.320640357030854,43.2151781897242,43.796665281376725,13571000
2010-05-21,43.36214065551758,43.47715979021941,41.88606582279256,42.85733472405611,12614800
2010-05-24,43.234352111816406,43.77749623442363,42.97875344378386,43.34936639353499,6733300
2010-05-25,43.34937286376953,43.34937286376953,42.301422556046454,42.5506299539111,9257900
2010-05-26,42.18000030517578,43.4899352353768,42.17360899937968,43.381307412532706,11525200
2010-05-27,43.301204681396484,43.301204681396484,42.54085591563864,42.79216208417564,9728000
2010-05-28,43.08856201171875,43.578274425227505,43.01123667038039,43.3269732110032,7164800
2010-06-01,42.759944915771484,43.3720880261296,42.5537488760202,42.676179464532375,5367700
2010-06-02,43.668495178222656,43.687830205198644,42.656845074942666,42.86948612676557,5750400
2010-06-03,43.72001647949219,43.977762591452944,43.455830278903605,43.68780128805846,4402500
2010-06-04,42.97901916503906,43.87468352996326,42.863033604022235,43.056344511083815,7558000
2010-06-07,43.01123046875,43.70069868561257,42.689048967111425,42.94035014510155,9808400
2010-06-08,44.0615348815918,44.10664008953393,42.40552236700344,43.27541624547156,13565800
2010-06-09,43.984222412109375,44.39661436372008,43.84246175697447,44.25485370858518,8921800
2010-06-10,44.69947814941406,44.72525326803562,44.27419606631014,44.44817688798037,6743600
2010-06-11,44.80900573730469,44.81545074411854,44.29995835320497,44.37083867985808,5367100
2010-06-14,44.65435791015625,45.0925249472292,44.65435791015625,45.07318992768665,4525300
2010-06-15,45.3631591796875,45.421149493790274,45.00875753983765,45.066752770040296,6419900
2010-06-16,45.29228210449219,45.42759776321655,45.111861226193035,45.1440764309749,4548500
2010-06-17,45.13761520385742,45.479126694452795,44.70588840025583,45.459796597415014,7014900
2010-06-18,45.02809143066406,45.38249310031329,44.982986210536005,45.26650754625539,8817900
2010-06-21,45.05385971069336,45.42759142998121,44.95720427762243,45.279385777125846,5203100
2010-06-22,44.22908401489258,45.34383437183098,44.17109369401566,45.11186325612241,5487700
2010-06-23,44.22263717651367,44.65436418382704,44.1195416383002,44.345067736986145,5443200
2010-06-24,43.6427116394043,44.16464413794609,43.56538630343147,44.09376380899598,5942800
2010-06-25,43.442955017089844,44.00355263220395,43.41073981471998,43.62982088879455,8041700
2010-06-28,43.384971618652344,43.745813405751456,43.33342138732371,43.546062404478825,4427700
2010-06-29,42.82436752319336,43.037008508614534,42.58595142595448,42.921022963484795,8715200
2010-06-30,42.444183349609375,43.06921119416316,42.39907814606223,42.71481457089227,7204900
2010-07-01,42.98546600341797,43.10789657751066,42.08335659221565,42.991911011554635,10924400
2010-07-02,42.6181755065918,43.17232817193754,42.50218995067989,43.01123739517657,5280600
2010-07-06,42.59883117675781,43.23674906323058,42.289534825562654,42.86301740606523,5940700
2010-07-07,43.372074127197266,43.41073925207977,42.527960128109456,42.58595044128352,6623200
2010-07-08,44.47393798828125,44.55770833568184,43.52672838233009,43.68781915366943,7871200
2010-07-09,44.60280990600586,44.67369023288439,44.29995849408849,44.51259947472407,4513000
2010-07-12,45.06675720214844,45.10541741535234,44.43527919524935,44.43527919524935,5420800
2010-07-13,45.64667510986328,45.7948807712251,45.18273785347373,45.38893382834681,6072100
2010-07-14,45.68532943725586,45.73687964781521,45.20850227982856,45.427583300557785,4476100
2010-07-15,45.96242141723633,46.046186851013154,45.382493640049695,45.68534508569718,5470100
2010-07-16,45.06675720214844,45.9302014043713,45.01520697380967,45.852880977963494,5981000
2010-07-19,45.047428131103516,45.350274668329895,44.751016769391796,45.086088345196146,5072700
2010-07-20,45.66600799560547,45.72399830640572,44.74456870057137,44.76389880417145,5474300
2010-07-21,45.17629623413086,45.74977898587708,44.879889805281145,45.704673766619514,5734400
2010-07-22,46.007537841796875,46.09774830509419,45.4340549325061,45.4340549325061,6717900
2010-07-23,45.04096221923828,45.85930083969934,44.42237450034921,45.595114639178156,12238900
2010-07-26,45.66600799560547,45.66600799560547,45.04097509333834,45.13118552087178,5525400
2010-07-27,45.3631591796875,45.76910612670653,45.09896797250855,45.76910612670653,6214900
2010-07-28,44.95719909667969,45.35026087406472,44.69945785965913,45.240720356721084,6708400
2010-07-29,44.7059211730957,45.266518978641976,44.39662956156098,45.234298849227244,5131700
2010-07-30,44.93144989013672,45.0925406965581,44.19687129004204,44.40951233438257,5990300
2010-08-02,45.266517639160156,45.42760844926393,45.06032159887138,45.42760844926393,5873100
2010-08-03,45.39537811279297,45.64667932675691,45.14407689882903,45.24073234637676,4946000
2010-08-04,45.5500373840332,45.71756828086457,45.240740876780855,45.35028144380934,4567100
2010-08-05,45.39537811279297,45.42759823400897,45.00231623123905,45.42759823400897,5441500
2010-08-06,46.22660827636719,46.265273406033785,45.11830293719919,45.20851829568765,6775300
2010-08-09,46.986961364746094,47.257592717365924,46.619674553018925,46.65833968632238,8921200
2010-08-10,46.9354133605957,47.02562873185525,46.37482052012553,46.7163322312398,5689700
2010-08-11,46.1170654296875,46.60033773959037,46.07196021074057,46.400586757982566,5478000
2010-08-12,46.43279266357422,46.49078788552038,45.77554461681244,45.77554461681244,5641400
2010-08-13,46.323265075683594,46.696996871377515,46.19439441597561,46.19439441597561,5937300
2010-08-16,46.25883865356445,46.47147970751989,46.09774783985909,46.23950854249605,4935700
2010-08-17,47.180267333984375,47.450898658216325,46.2266077755142,46.445693787583174,7392900
2010-08-18,47.1995964050293,47.56688317017186,46.90963498058525,47.18671130629633,6030800
2010-08-19,47.019168853759766,47.29624514015144,46.68409734104914,47.13515439029813,6950500
2010-08-20,47.090057373046875,47.16737780013044,46.83231114520073,46.954741709550234,5566300
2010-08-23,47.257591247558594,47.64421307196319,47.251151155625706,47.38002181969343,5404300
2010-08-24,46.85807800292969,47.10293417238323,46.51656640055254,46.8774081062945,5846200
2010-08-25,47.16093826293945,47.32846913432328,46.58745548019373,46.58745548019373,6704600
2010-08-26,47.1416015625,47.52821839668933,47.10938144460932,47.483113181302244,5215600
2010-08-27,47.67639923095703,47.72794943161515,46.94827108202759,47.341332758874714,6592900
2010-08-30,47.22197723388672,47.69588708973164,47.22197723388672,47.59201453664719,4192900
2010-08-31,47.42972946166992,47.598519926944405,47.098646758487966,47.105135080020574,5598100
2010-09-01,48.39052963256836,48.42947937232356,47.85819505993995,47.988030827735344,6746800
2010-09-02,48.70215606689453,48.728124220960176,48.22825087572362,48.52687721810011,5885200
2010-09-03,48.74757385253906,48.91636429009189,48.31261864126484,48.62423137575342,7328100
2010-09-07,49.2085075378418,49.325361706937386,48.64371156172697,48.66967970518342,7188700
2010-09-08,49.390281677246094,49.50713585128206,49.17604819936065,49.29939564776448,6808700
2010-09-09,48.28017807006836,49.39029044399573,47.81925456647872,48.26069824350709,14615200
2010-09-10,48.69566345214844,48.773562954562145,48.156835446833874,48.16332872300786,7483900
2010-09-13,48.410003662109375,48.90987680765324,48.04645955625929,48.851452199034604,7851500
2010-09-14,48.001014709472656,48.4100018129314,47.91661700746918,48.34508393264035,6543500
2010-09-15,48.500885009765625,48.578789433325454,47.85169633884988,47.858189612375654,4549400
2010-09-16,48.5593147277832,48.62423260450821,48.26717685314589,48.44246056851158,5073300
2010-09-17,48.24771499633789,48.55283454743491,48.12436753025582,48.42948708135284,7933500
2010-09-20,48.76057052612305,48.91637444926721,48.23472918993812,48.24771078648455,4211200
2010-09-21,49.02023696899414,49.1760408601503,48.61124494444917,48.89688953899913,5297300
2010-09-22,48.77354049682617,49.19551410130426,48.689147757097054,48.92285606256441,5141600
2010-09-23,48.455448150634766,48.9683078600977,48.4164984103698,48.79302907598822,5921600
2010-09-24,48.75407409667969,48.974800847025726,48.65020647227697,48.948832702695775,5843400
2010-09-27,48.533363342285156,48.9423505644773,48.526870066495945,48.83848291644107,5957400
2010-09-28,48.44896697998047,48.663200510792635,48.18280210014705,48.663200510792635,7047500
2010-09-29,48.332096099853516,48.52685468846553,48.23472175846417,48.41000052588165,4668100
2010-09-30,48.371063232421875,48.669689512974124,47.95558275922587,48.3775515549058,7237700
2010-10-01,48.63721466064453,48.81898669836764,48.390524745579825,48.715119085204385,7192400
2010-10-04,48.65671920776367,48.77357343942292,48.29966818813567,48.63075600332346,3900300
2010-10-05,49.221500396728516,49.31238644316558,48.851462935401,48.94234898183807,5680000
2010-10-06,49.05268478393555,49.3058679197809,48.94881719244501,49.20200032829037,4732700
2010-10-07,49.247474670410156,49.33186745176285,49.02025952606162,49.02025952606162,4477200
2010-10-08,49.403263092041016,49.53959213576391,49.10463686013605,49.27992059700628,4118200
2010-10-11,49.07217788696289,49.50064486251748,48.86443767385329,49.344840940914615,3653400
2010-10-12,49.065670013427734,49.22147387294557,48.61123507320391,49.15006273880919,4703500
2010-10-13,49.17605972290039,49.38379997509822,48.955337871841955,49.26694577367955,4370700
2010-10-14,50.01351547241211,50.04597194697339,49.12412486040321,49.18904276244421,6616400
2010-10-15,50.29915237426758,50.487412775077225,49.94209653910927,50.29265909919624,6259200
2010-10-18,50.19526672363281,50.59776547372209,50.09139911410691,50.33808902053276,5375200
2010-10-19,49.98105239868164,50.39004457861382,49.77980542310757,50.03948197563693,5226000
2010-10-20,50.25370407104492,50.72760909015594,50.09789520322032,50.16281308835533,6420300
2010-10-21,50.922367095947266,51.59752398978041,50.812001244314764,50.922367095947266,7697000
2010-10-22,50.9937858581543,51.12362164624748,50.53935069399251,50.66919143500352,4224000
2010-10-25,51.091148376464844,51.44820414030874,51.04570536587713,51.279413692590104,4103000
2010-10-26,51.13010025024414,51.285904141833115,51.0132460933233,51.01973441382372,4030200
2010-10-27,50.29915237426758,51.03922723903419,49.98753955877327,50.93535464956353,8459200
2010-10-28,50.29915237426758,50.487412775077225,50.06544400087627,50.454956305555896,5346300
2010-10-29,50.48743438720703,51.87021034718278,50.24723758884114,50.37707342834055,4335000
2010-11-01,50.558815002441406,51.045706535429574,50.227732326109546,50.67566916847524,4957800
2010-11-02,50.89640426635742,51.13011263681633,50.81200655024206,50.889910991367564,3701400
2010-11-03,50.961326599121094,51.097655668284496,50.51987796676995,50.90290197787308,4060500
2010-11-04,51.40276336669922,51.59102869101753,51.182036625012714,51.36381362819091,5607000
2010-11-05,51.48067855834961,51.53910317832538,51.15608412848087,51.53910317832538,5243200
2010-11-08,51.4871711730957,51.54560075086041,51.091165539409225,51.24697444483621,4865700
2010-11-09,51.3508415222168,51.44822084879186,51.09765824487261,51.40927109932915,4534300
2010-11-10,51.61048889160156,51.66242516346264,51.065172895806725,51.33133762149264,4009900
2010-11-11,51.74034118652344,51.83772048921668,51.49365124556201,51.519619389808014,4438900
2010-11-12,51.18852233886719,51.578034525172605,50.72759900723222,51.48066019328338,4946900
2010-11-15,51.33136749267578,51.53261447210444,51.136608836318885,51.27294286751974,3741600
2010-11-16,50.260189056396484,51.0522000800569,50.065435413918614,51.02623193714315,6751400
2010-11-17,50.87693786621094,50.97431224268535,50.26669869140629,50.26669869140629,5272800
2010-11-18,51.29890060424805,51.59753183298058,51.04571734968955,51.04571734968955,11083200
2010-11-19,51.70139694213867,51.7143834921006,51.13011256675396,51.363820936892616,10866000
2010-11-22,51.623497009277344,51.629990284825354,51.32487072200354,51.526122640647436,10939500
2010-11-23,51.29240417480469,51.415746668480594,50.92236678794285,51.318372318977794,5460400
2010-11-24,51.59751510620117,51.72085757938715,51.44819954023972,51.52610395981738,4465100
2010-11-26,50.98728942871094,51.46119448356049,50.987289428710945,51.44171961184305,2576700
2010-11-29,51.20320510864258,51.340601299562216,50.476964534005056,50.99383877128591,4977600
2010-11-30,51.22935485839844,51.510691223206855,50.705936740531804,50.87604837759123,5558300
2010-12-01,51.8770751953125,52.06681411734315,51.7527622828858,51.778933685064295,5323300
2010-12-02,51.935970306396484,52.11262606807866,51.83128966276165,51.99485722418582,4994400
2010-12-03,52.18459701538086,52.204224324390786,51.720065732630744,51.89017240517411,3611200
2010-12-06,52.06683349609375,52.30237121168039,51.949064638300435,52.13880363095003,3113700
2010-12-07,52.56406021118164,52.95662628524054,52.27618474633943,52.31543935707133,7729000
2010-12-08,51.517242431640625,51.65463859672458,51.111598037112664,51.576129354783056,9359700
2010-12-09,50.777915954589844,51.82474738620249,50.67323031558557,51.818203285843225,10593300
2010-12-10,50.74518966674805,50.9283845044109,50.58816623327773,50.8040765741025,5321100
2010-12-13,50.450775146484375,50.87605177166166,50.43114783929988,50.86296357241503,6926500
2010-12-14,50.450775146484375,50.62088679489238,50.3199231041308,50.4115205321154,6040400
2010-12-15,50.36571502685547,50.67321778409151,50.319916319038626,50.529282553584856,6125800
2010-12-16,50.18907165527344,50.50312358023022,50.071302807375396,50.50312358023022,6483700
2010-12-17,50.254493713378906,50.35263524415461,50.130185766636245,50.189067690090305,8998800
2010-12-20,50.32646942138672,50.418066862492736,50.261043390837585,50.346096731382836,4759200
2010-12-21,50.28721237182617,50.47040724518736,50.05821878012469,50.47040724518736,4286100
2010-12-22,50.385345458984375,50.62088311143011,50.319919442568356,50.40497276474067,3518100
2010-12-23,50.3526496887207,50.45079124765009,50.221797604606216,50.38536520559285,2862600
2010-12-27,50.005882263183594,50.21524857222116,49.875030191917574,50.202165361769175,2612600
2010-12-28,50.005882263183594,50.12365112399763,49.68529119440125,50.01242636425286,2962900
2010-12-29,50.37228012084961,50.70595944519366,50.13674236151114,50.21525661185308,3583900
2010-12-30,50.221778869628906,50.411517814994696,50.06475043724573,50.28720488727931,2565000
2010-12-31,50.221778869628906,50.28720488727931,49.94698160880093,50.189063364961115,2485100
2011-01-03,50.11711502075195,50.7648413627518,50.11711502075195,50.44425024280867,8019700
2011-01-04,48.61882400512695,49.66566047006717,48.487971942852525,49.55443072627909,36471600
2011-01-05,48.84782028198242,49.00484374759234,48.6188216963474,48.86090349091409,17904000
2011-01-06,48.55339050292969,49.031009940942354,48.46833717470735,49.0048385341773,11717100
2011-01-07,48.6580924987793,48.79548868675239,48.14775738271005,48.64500429515112,11271900
2011-01-10,48.12812042236328,48.716964675427704,48.10194901203974,48.57956851499369,11338600
2011-01-11,48.3505973815918,48.73661463194291,48.13468688985891,48.31133775202044,8658800
2011-01-12,48.15430450439453,48.658095550243615,48.0627070400015,48.658095550243615,10378500
2011-01-13,47.54581832885742,48.12157934909907,47.40842217403228,48.049609221568865,14512600
2011-01-14,48.45524215698242,48.494501757448205,47.199044759141536,47.369156383333966,10570000
2011-01-18,48.86088943481445,49.30579328579277,48.61880770988884,48.84126213122026,11228500
2011-01-19,49.29926300048828,49.35814991945487,48.90670184355943,49.1356954357941,10696700
2011-01-20,49.174949645996094,49.55442256073713,48.860897759926026,49.32542899364718,8290300
2011-01-21,49.07683563232422,49.56099444440546,48.83475373043951,49.56099444440546,9825900
2011-01-24,49.31888961791992,49.626397433902156,48.51414000625472,48.57956603287766,16395500
2011-01-25,49.38432693481445,49.51517900474948,49.07027497860929,49.42358155745766,6959800
2011-01-26,49.18150329589844,49.534809900311366,49.168420084632864,49.45629565765732,6669000
2011-01-27,48.64498519897461,49.364681373698005,48.638441099729484,49.35159816689292,7610900
2011-01-28,47.944908142089844,48.89360270320443,47.794428826947595,48.65806508745766,9083500
2011-01-31,48.200096130371094,48.40292333592745,47.990729815241764,48.28515447168678,6372400
2011-02-01,48.069252014160156,48.586126282146424,47.89259619270676,48.5599548644612,8468900
2011-02-02,48.18044662475586,48.258960828645606,47.8140569899725,48.08230511781478,5841900
2011-02-03,48.30476760864258,48.592643087663554,48.29167940996399,48.31130671629664,11126100
2011-02-04,48.4487190246582,48.743138670962615,48.18046579837901,48.239352722651724,9699700
2011-02-07,48.0561637878418,48.64500820627549,47.95802721117578,48.5010679049153,11618600
2011-02-08,49.305809020996094,49.70491429372819,48.546853095247805,48.658082837253076,11855200
2011-02-09,49.678749084472656,49.71800370908849,49.18804631002772,49.39741262745676,5845000
2011-02-10,49.56753158569336,49.933921446976534,49.417047183130634,49.71147188596532,5437100
2011-02-11,49.8161506652832,49.87503760028048,49.40396208705147,49.59370111275134,4597900
2011-02-14,49.88157653808594,50.01897273035458,49.61332825556735,49.770351762204754,4512800
2011-02-15,49.82267379760742,49.9469817339491,49.59368023941466,49.63947895105321,3823000
2011-02-16,49.73762130737305,49.94698758391173,49.56751463946934,49.90773296696253,4058200
2011-02-17,49.71147918701172,49.80961577734896,49.52827923777636,49.66568044762493,4338400
2011-02-18,49.80958938598633,49.93390232346454,49.312347619444644,49.77687887043483,5446900
2011-02-22,49.528255462646484,50.01241903710807,49.41048661908635,49.69182302360858,7034000
2011-02-23,49.19457244873047,50.01894921477521,48.80200637916448,49.70490234914434,7034000
2011-02-24,49.20765686035156,49.286171074525086,48.77584116160985,49.057177522791974,7297100
2011-02-25,49.10213088989258,49.695785063131815,49.08893566726336,49.405555587826804,6499000
2011-02-28,49.92005157470703,50.045381009644565,49.14829723141234,49.14829723141234,11324600
2011-03-01,49.3989372253418,50.071752386718906,49.28020543406941,49.93982537836026,9067200
2011-03-02,49.267024993896484,49.33958360471975,48.57442190240239,49.24723719685411,7835300
2011-03-03,50.289451599121094,50.54670312035615,49.583658060667865,49.643026506147145,7390100
2011-03-04,50.150917053222656,50.52690032133334,49.840894790788866,50.20368787076504,5416400
2011-03-07,50.32243347167969,50.94907074592943,50.09156737235102,50.381796883291265,7954100
2011-03-08,49.827720642089844,50.164128421583754,49.45173725295091,49.95305011597074,8950300
2011-03-09,49.986019134521484,50.131136387158456,49.60343820166091,49.92005811946001,5337800
2011-03-10,50.579673767089844,50.95565705473733,49.662802152782795,49.89366820089924,8157900
2011-03-11,50.61266326904297,50.81714393320175,50.131138279165434,50.3686019683512,4448900
2011-03-14,49.91345977783203,50.401582353650696,49.77494013847899,50.197096667698574,7988500
2011-03-15,49.55066680908203,49.913454867170636,49.036158871743396,49.14170050991613,6933600
2011-03-16,48.40293502807617,49.306616636322715,48.264415371192264,49.30001902432726,10583900
2011-03-17,48.416133880615234,48.937234552234365,48.23144099092822,48.89765390979871,6126100
2011-03-18,48.14567947387695,48.67337767411452,48.079718456973005,48.46889701196139,9184100
2011-03-21,48.65359115600586,48.96361347938756,48.40293223965309,48.482088481528145,5353700
2011-03-22,48.72613525390625,49.00977207873614,48.501861818400414,48.811884049319325,4498800
2011-03-23,49.161495208740234,49.240651448479326,48.59422140520092,48.64699223169365,5057900
2011-03-24,49.42533493041992,49.47150813671411,49.13510047228388,49.20765908681789,4306800
2011-03-25,49.63642501831055,49.96623515132258,49.313212497059666,49.47151995180453,4652000
2011-03-28,49.47151565551758,49.88707457532291,49.47151565551758,49.83430878332584,3081600
2011-03-29,49.715576171875,49.76834196305211,49.38576607263012,49.38576607263012,3008700
2011-03-30,50.00580596923828,50.15752083019979,49.77493990473403,49.8013253167492,3479500
2011-03-31,50.19049835205078,50.42796202546654,49.9728275118386,50.02559330287332,4505700
2011-04-01,50.12455368041992,50.460961499517936,50.04540245181171,50.329039430167995,3889000
2011-04-04,50.388397216796875,50.46095585657657,50.223492132298254,50.3356263819564,3283100
2011-04-05,50.52691650390625,50.619262947930714,50.111357505796164,50.302648006276485,4274100
2011-04-06,50.60606384277344,50.73139329437794,50.43456117728878,50.64563944538417,5657400
2011-04-07,50.13774871826172,50.61926879883165,49.90688258151557,50.3554196286199,5414400
2011-04-08,50.157508850097656,50.381777249905994,49.9860062292138,50.296028455714854,3693100
2011-04-11,50.29603958129883,50.460944629106365,50.13113453349129,50.236676179689404,3940500
2011-04-12,50.56649398803711,50.76437705608697,50.01900793800929,50.01900793800929,4769000
2011-04-13,50.71820831298828,51.094191711218436,50.46095677906785,50.770979148793465,4862700
2011-04-14,50.8369255065918,50.93586953704692,50.42795919587842,50.606059457198135,3488700
2011-04-15,51.04140853881836,51.146950184919554,50.56648622887101,50.98204513726344,4605700
2011-04-18,50.79075622558594,51.02821990404604,50.39498510565336,50.7181975998063,4937700
2011-04-19,50.52691650390625,50.79076564362062,50.41478225509137,50.71160939195518,4810600
2011-04-20,51.714229583740234,51.72082719546578,50.90289444660712,50.909492058332674,7964800
2011-04-21,50.73141098022461,51.245914123540395,50.46096418142781,51.05462359006318,9424100
2011-04-25,50.876502990722656,50.95565922451994,50.48732949768357,50.88969821260685,3831600
2011-04-26,50.75118637084961,51.01503045901611,50.4939348621349,50.922684021657155,4900000
2011-04-27,51.3646354675293,51.423998879961786,50.79736159704649,51.06121072814373,5745100
2011-04-28,51.47016906738281,51.740615794758824,51.133761319245394,51.45038126440472,3991900
2011-04-29,51.654876708984375,51.83956963292968,51.298681056016406,51.47678139875276,4500000
2011-05-02,51.872554779052734,52.063845324492995,51.681264233612474,51.71424727101785,4021700
2011-05-03,52.07042694091797,52.16936595772723,51.786790016890166,51.86594123033757,4446300
2011-05-04,52.15617370605469,52.31448115919947,51.99126864121545,52.05063708145924,5493400
2011-05-05,51.84614562988281,52.22872654568729,51.58229654889687,52.004453065473314,6407800
2011-05-06,51.912109375,52.3540587477322,51.87913138345473,51.997863224524096,6076200
2011-05-09,52.31448745727539,52.65089523914805,52.16277759756092,52.41343151459132,6284700
2011-05-10,52.57832336425781,52.67066978583955,52.28808887785663,52.45299392103866,4375800
2011-05-11,52.4464111328125,52.74983586500701,52.22213761531879,52.55854537530762,4304800
2011-05-12,53.20498275756836,53.237960757370324,52.18256914612821,52.307898629886516,6400000
2011-05-13,53.25774383544922,53.369883115831676,53.02028011493911,53.15879977981939,5220900
2011-05-16,53.52158737182617,53.59414600286107,53.05985520387973,53.05985520387973,6244100
2011-05-17,53.3830680847168,53.620531781991836,53.05985556495481,53.23135320992871,6471600
2011-05-18,53.759063720703125,53.759063720703125,53.25115821641681,53.363292478953426,4373100
2011-05-19,54.42527389526367,54.504425112691116,53.67330713468101,53.82501698975272,5909600
2011-05-20,54.306549072265625,54.6495494680636,54.082275517990404,54.60997385422268,4790700
2011-05-23,54.41867446899414,54.55059651531152,53.75245656033336,53.77884197609753,6550800
2011-05-24,54.51099395751953,54.801228354929194,54.359284182510656,54.51759156632456,6309900
2011-05-25,54.563804626464844,54.74189993430666,54.42528493536461,54.464860552106195,6589800
2011-05-26,54.372493743896484,54.72868925878799,54.22077888232124,54.66272824473462,7160900
2011-05-27,54.23958969116211,54.62501785169494,54.006997350984996,54.578500397663966,5443300
2011-05-31,54.186431884765625,54.658253280363596,54.013650576370246,54.57850689109892,7161400
2011-06-01,53.814308166503906,54.31935357154608,53.814308166503906,54.13993048002242,5700100
2011-06-02,53.661434173583984,54.006991642715775,53.46871757867562,53.79433972247582,4764400
2011-06-03,53.52189254760742,53.79435049842027,53.169688209471865,53.22949419744686,5752100
2011-06-06,53.62821960449219,54.13991675172277,53.44879655846497,53.56176681226074,6132800
2011-06-07,53.92061233520508,54.64496138383616,53.80099529368905,53.86080634945833,7248900
2011-06-08,53.927242279052734,54.15982948985159,53.16302281212426,53.28263981625238,7867600
2011-06-09,54.000343322753906,54.23293053993479,53.57503953418854,53.92724375877975,4540200
2011-06-10,53.402278900146484,54.08010549044679,53.349114638547974,53.96713523706725,5466200
2011-06-13,53.64814376831055,54.040218672828864,53.42219825907946,53.44878038193144,4376000
2011-06-14,54.13990020751953,54.392422768841804,53.69466105860073,53.86743725160051,5246300
2011-06-15,53.987056732177734,54.419007374427515,53.90066863173647,53.97376820519513,5353600
2011-06-16,54.3658561706543,54.44560256174897,53.7611291824276,54.0801046067604,5258800
2011-06-17,54.83765411376953,54.97056470872572,54.39241502821306,54.638295826366424,7279500
2011-06-20,54.95063018798828,55.136699953618454,54.56519706202815,54.704749386250775,4792800
2011-06-21,55.023738861083984,55.203161859077944,54.817728669287426,55.00379846573203,5818300
2011-06-22,54.924068450927734,55.216461732559054,54.81109820416058,55.056974027121726,4543200
2011-06-23,54.6848258972168,54.7180497511137,54.09338755561908,54.531979945220755,6677400
2011-06-24,54.385780334472656,54.924059491302465,54.306039029773366,54.684825437160754,6467700
2011-06-27,54.70475769042969,54.82437471078135,54.166483633858036,54.166483633858036,4528800
2011-06-28,56.05377197265625,56.093647695069016,54.77121359719082,54.79779572212536,8545100
2011-06-29,56.199954986572266,56.2597660180053,55.88762144580762,56.09363158738755,7181000
2011-06-30,56.03382110595703,56.42590100247405,55.980656870832604,56.286343617767294,4968000
2011-07-01,56.91766357421875,57.01069846060107,55.92085687439012,55.92750367199488,5829700
2011-07-05,56.91104507446289,57.143632406067965,56.70503987647319,56.75820414370394,5093000
2011-07-06,57.057212829589844,57.33631747369885,56.68507330411118,56.91101371028872,5810300
2011-07-07,57.19014358520508,57.34298956918452,56.92433241832034,57.15027292417697,6072300
2011-07-08,56.88445281982422,57.08381625145652,56.65186552960165,56.88445281982422,5200100
2011-07-11,56.718299865722656,57.05721556123552,56.55216541674865,56.69836454304914,5288300
2011-07-12,56.479068756103516,57.18348230356799,56.465780230311935,56.61862109201086,5498200
2011-07-13,56.45914077758789,56.99077313879809,56.35945907610824,56.65185738177604,6545200
2011-07-14,57.02399444580078,57.45594508623951,56.85785997409524,57.16354679363082,6764400
2011-07-15,56.80469512939453,57.18348148429365,56.432550502285395,57.07050620158807,5892000
2011-07-18,56.75153350830078,57.10373775824463,56.585399045495464,56.804697753203634,5408100
2011-07-19,57.28982162475586,57.32305055349175,56.857870901302846,56.950905817736086,4672200
2011-07-20,57.32969665527344,57.535706903105726,57.08382081595872,57.29647279402654,4114100
2011-07-21,57.50912094116211,57.84138995163565,57.1635583310569,57.595509058677045,6107200
2011-07-22,58.85148620605469,59.52267103472551,58.771744887416084,58.81161554673538,11408600
2011-07-25,58.55908966064453,59.14388126820066,58.33314410702846,58.45276114834932,5346000
2011-07-26,58.492618560791016,58.778370035352694,58.36635981855773,58.51920068284575,4729100
2011-07-27,57.874603271484375,58.59895221882181,57.86796154290076,58.42617094523333,6668100
2011-07-28,57.668617248535156,58.326508567798605,57.595517649725494,57.808169645347185,4864300
2011-07-29,57.46925354003906,57.71512937691275,57.03065598774055,57.24995476388981,5707000
2011-08-01,57.40943145751953,58.14042216766645,56.88444588359002,58.14042216766645,4400300
2011-08-02,56.52559280395508,57.53569326282487,56.5056574779285,57.17684218428075,5604800
2011-08-03,56.84458541870117,57.02400846143304,56.48573426321447,56.5588338543334,7635100
2011-08-04,56.00725555419922,57.45594843470036,55.987320227636225,56.74489305716212,10708800
2011-08-05,56.53890609741211,56.837946232029275,54.99053101633971,56.2930251607106,12502600
2011-08-08,54.56522750854492,56.44587167628629,54.49877470802897,55.57532325844907,14499500
2011-08-09,57.123687744140625,57.17020520286459,54.87090425589505,55.462342689680895,15364200
2011-08-10,55.87434768676758,56.79140816090021,55.56201406346987,56.439203886125114,13493400
2011-08-11,57.336334228515625,57.79486704213052,56.113586818905596,56.306303435207184,11112100
2011-08-12,57.48251724243164,57.774915484337384,57.00404923568437,57.542323208264634,6531200
2011-08-15,57.695159912109375,57.7283888233902,56.990751609132175,57.695159912109375,6470400
2011-08-16,57.595516204833984,57.941078857814844,56.937624902074965,57.449317010882346,5627300
2011-08-17,58.147071838378906,58.153718637623825,57.44266321908683,57.90783776578494,5407500
2011-08-18,56.89108657836914,57.99421678913461,56.27306616600545,57.52239551711826,11373500
2011-08-19,57.967655181884766,58.76509879804952,57.03065411636945,57.03065411636945,11686500
2011-08-22,58.31983947753906,59.0707653757301,58.03408801716174,58.61887946327344,7087900
2011-08-23,59.4960823059082,59.51601763335664,58.313205557093234,58.319852356250124,6617100
2011-08-24,59.894798278808594,59.90809187583815,58.838185465937435,59.18374293837971,8174400
2011-08-25,58.951168060302734,60.11410961334337,58.71858076369917,59.848293387215236,8671900
2011-08-26,59.76189041137695,60.134029993426886,58.36636190866815,58.91128275525051,5958600
2011-08-29,60.333396911621094,60.35333223753729,59.854928809545065,60.20713308745608,6261700
2011-08-30,60.73482894897461,61.029205170337086,60.27988619974073,60.37355043302554,6311800
2011-08-31,60.487274169921875,61.01580573230627,60.226346611759055,60.92214152345461,9168400
2011-09-01,60.25979995727539,60.94221134704478,60.23303802571157,60.39360451077793,5475400
2011-09-02,59.60416793823242,60.16615850499544,59.55064915917946,59.8517120705864,5250800
2011-09-06,59.423553466796875,59.51052598160842,58.252744877242755,58.4869055742895,7198400
2011-09-07,59.73798370361328,59.865101663429535,59.28973261964509,59.865101663429535,7065300
2011-09-08,59.28303146362305,60.212987190779636,59.283031463623054,59.65100176040508,7330000
2011-09-09,56.887874603271484,57.84459198785749,55.96461091007695,57.73085760403316,18444800
2011-09-12,57.663963317871094,57.67064997362284,56.305826969931246,56.49315541732745,8271000
2011-09-13,57.61713409423828,57.73756025993216,56.98154956806376,57.650582687625814,6598700
2011-09-14,58.03859329223633,58.734387991485264,57.16216198944618,57.73753058489597,7666600
2011-09-15,58.92173385620117,59.035468236822794,58.45341281580831,58.573838955383124,6755100
2011-09-16,59.068931579589844,59.38337794565794,58.901673308644455,59.04886140376717,7594500
2011-09-19,59.416831970214844,59.69113800971961,58.56716212201979,58.61399423799404,6471600
2011-09-20,59.75133514404297,60.58762638770863,59.54393654899522,59.70450303857036,7942200
2011-09-21,58.55378723144531,60.025663429892944,58.52703039350281,59.71790875036845,5777500
2011-09-22,57.5301513671875,58.18580601151093,56.93471235247446,57.42979538738164,10785600
2011-09-23,58.45339584350586,58.77452871958477,57.369560902030706,57.60372135423721,7614900
2011-09-26,59.771400451660156,59.85837800068387,58.02522917300026,58.84813683136321,7515500
2011-09-27,60.03902816772461,60.882011291742224,59.81155936681683,60.373544713283636,8043200
2011-09-28,58.89498519897461,60.46721202244612,58.86153660530277,60.039031230632204,7027800
2011-09-29,59.39674377441406,60.09253864661605,58.46009663474537,59.84499462052075,8145900
2011-09-30,58.754493713378906,60.326720666851955,58.74780195236415,58.86822812903926,8776100
2011-10-03,57.550235748291016,58.72773565308464,57.53685732969584,58.49357504528096,9185600
2011-10-04,57.857994079589844,57.93827479779425,56.02483941437533,56.90796304485188,10700000
2011-10-05,57.423118591308594,58.05200630439069,56.800917534862386,57.98510400780553,7730400
2011-10-06,58.27946853637695,58.3731327536535,57.583673562096166,57.837904279801506,5861000
2011-10-07,58.339691162109375,58.85484956831367,57.93158051460865,58.399906802459654,5509200
2011-10-10,59.21611404418945,59.222800699282985,58.613983305175786,58.908359467430664,5136400
2011-10-11,59.771400451660156,60.13937061064603,59.323149606580095,59.43019732712735,6868200
2011-10-12,59.115760803222656,60.09924020502509,58.894978671324736,60.09924020502509,7847900
2011-10-13,59.75133514404297,60.17282919761313,59.06223197595313,59.13582601374104,4990800
2011-10-14,60.172786712646484,60.199548626066544,59.6375586528713,60.199548626066544,3702300
2011-10-17,59.31644058227539,60.14603968638492,59.21608465818863,59.81821509839487,4321700
2011-10-18,59.972129821777344,60.21298215875779,59.01541223441548,59.51049532517852,4864000
2011-10-19,59.95872497558594,60.63444446907298,59.75132132419179,60.15943176505432,5681700
2011-10-20,59.55063247680664,60.3133297360746,59.12913839373112,60.21297375894628,6969800
2011-10-21,61.7651481628418,61.85212064599458,60.94223503640192,61.029212623873214,12081700
2011-10-24,61.55775451660156,61.75846144125309,61.14964380086219,61.59789488066808,6653900
2011-10-25,61.39716339111328,62.12641210119727,61.183073010085536,61.457379022445906,6465700
2011-10-26,61.40385818481445,61.9992972459759,60.795040707316616,61.805277031034215,7046500
2011-10-27,62.56128692626953,62.782063971103625,61.557737271199585,62.42747724300304,7004300
2011-10-28,62.41409683227539,62.65494915014069,61.87886832494865,62.547901406948405,4942400
2011-10-31,62.119720458984375,62.67501914043705,62.072888347555676,62.072888347555676,4544600
2011-11-01,61.49082946777344,62.48099551356869,61.35701979650581,61.75843860167461,6503500
2011-11-02,61.90561294555664,62.10632485574376,61.33024424762385,61.77180840830916,5421700
2011-11-03,62.22004318237305,62.32039911159463,61.73833880556111,62.10630884460206,5245400
2011-11-04,62.76200485229492,62.77538837513827,61.75176836331322,62.11304181098926,5612500
2011-11-07,63.303916931152344,63.35743570255241,62.36726952336175,62.835590675098175,4646700
2011-11-08,63.29056167602539,63.85923907262816,62.78209483825727,63.53141412000397,7195500
2011-11-09,61.98591232299805,62.862343974082826,61.78520036879805,62.494378863805544,6666000
2011-11-10,62.39402770996094,62.54790246300118,61.94577165817161,62.40740612592718,4189400
2011-11-11,63.39756774902344,63.5246805465639,62.795437035380104,62.84226914064588,4425500
2011-11-14,62.929229736328125,63.42431773222624,62.79542520486769,63.123249879966735,3232200
2011-11-15,63.20353317260742,63.49790925540728,62.68837502770767,62.802114489717475,5577300
2011-11-16,62.32044219970703,63.10990156213027,62.26691831987404,62.828908849484236,3915600
2011-11-17,61.745033264160156,62.58801596047276,61.363684799880744,62.313710082216865,5435000
2011-11-18,62.046119689941406,62.2200697011102,61.67815459838512,61.92569354441175,4791500
2011-11-21,61.73835372924805,61.96582756409067,61.02918050546944,61.57109550821983,5869400
2011-11-22,61.98591232299805,62.31373708416214,61.42392191382827,61.48413754181509,4695700
2011-11-23,61.46407699584961,61.8855660405171,61.35033748168279,61.76513986999527,4555800
2011-11-25,61.61793518066406,61.852095698025906,61.41722835334668,61.46406045681905,2452400
2011-11-28,62.72853088378906,62.88240560402543,62.266896514447296,62.34718230608127,6101200
2011-11-29,62.99815368652344,63.22059650990531,62.762231817502226,63.05208015450287,5648300
2011-11-30,64.38672637939453,64.40021056765487,63.793550663715166,63.935103784182594,7683300
2011-12-01,64.3732681274414,64.62941121730493,64.18453057251959,64.33282583501892,4860300
2011-12-02,64.50806427001953,65.02709756866177,64.25192123942806,64.95969204931787,4023100
2011-12-05,64.27216339111328,65.10800341817377,64.09016791512042,64.99341348355925,5906900
2011-12-06,64.717041015625,64.89229437244572,63.914901289600344,64.35304496707715,5346500
2011-12-07,65.01361083984375,65.14842701597736,64.37325071702072,64.59569355060773,5137800
2011-12-08,65.3304214477539,66.25389295528292,65.1956104163489,65.40456905784002,8123000
2011-12-09,66.07865142822266,66.3482787028166,65.80228720023044,65.83598739535935,5721200
2011-12-12,66.38196563720703,66.41566582299305,65.51915756916512,65.83596914327808,5804900
2011-12-13,66.05840301513672,66.69876302809725,65.89662877424223,66.55720992447577,6862400
2011-12-14,65.7955551147461,66.36850994623651,65.49222759887272,65.89666600094165,6347200
2011-12-15,66.15280151367188,66.58420311195586,65.96406395726171,66.40220765190685,5558600
2011-12-16,65.71466064453125,66.4763581419961,65.43829639439444,66.42243165421377,8867300
2011-12-19,65.546142578125,66.30784005642577,65.37088921131115,66.00450742731663,5169500
2011-12-20,66.61115264892578,66.67855817052981,66.0112347640401,66.10560352282808,5981100
2011-12-21,66.86731719970703,67.0695389722867,66.53028434054981,66.71902706155703,5414500
2011-12-22,66.46288299560547,66.96843231627597,66.42918279318894,66.89428467116053,4752500
2011-12-23,67.50767517089844,67.50767517089844,66.57072433860228,66.62464568157733,3516800
2011-12-27,67.77730560302734,67.95930107228142,67.40656742510409,67.52115735547565,3052100
2011-12-28,67.12347412109375,67.91212987898545,67.04258437308667,67.8986508256746,3111600
2011-12-29,67.95254516601562,68.08061926376378,67.13692648305042,67.23803734218255,3986200
2011-12-30,67.62899017333984,67.95928081531181,67.44698961562264,67.69639569213045,2957200
2012-01-03,66.62464141845703,68.4783218179829,66.56397798297449,68.30306846478065,8895900
2012-01-04,66.99535369873047,67.60875562633434,66.57069438611192,66.80661622645556,6754700
2012-01-05,67.29198455810547,67.67620182704981,66.51680792280696,67.04932047848658,8163800
2012-01-06,67.81097412109375,67.92556399793106,67.31890928869323,67.46719934787123,6775300
2012-01-09,67.16389465332031,68.03343987736582,67.07626797841799,67.99973454094291,4433700
2012-01-10,67.204345703125,67.70989495909448,66.96842374554849,67.56834178454858,5075400
2012-01-11,67.35938262939453,67.48071465574013,66.96842330642394,67.15042391729881,4622500
2012-01-12,67.79078674316406,67.84471323301739,67.45375389565052,67.6559756612439,4022700
2012-01-13,67.64244079589844,67.69636724535499,67.14363399519848,67.52785094783522,4134800
2012-01-17,67.77730560302734,68.21544417712015,67.44027276590182,67.80426370440998,4555800
2012-01-18,68.45809173583984,68.66705554155128,67.9053582218473,68.0132111722418,4844500
2012-01-19,68.2558822631836,68.61987829453523,67.87840204027509,68.59965200719992,4763300
2012-01-20,68.57942962646484,68.90298336273848,68.26261798584812,68.34350770559458,5630400
2012-01-23,68.04693603515625,68.68055949168847,67.4335388711906,68.55922744985706,6059700
2012-01-24,66.56398010253906,68.09410680007731,66.33480025980197,68.09410680007731,11654100
2012-01-25,66.88754272460938,67.07628030074036,66.092144980405,66.33480904763435,7544000
2012-01-26,66.85382080078125,67.21107471595286,66.52353012447134,67.09648480782461,4607100
2012-01-27,66.5235366821289,66.69205308459233,66.29435170056816,66.44264695756996,5135000
2012-01-30,66.5235366821289,66.60442126397535,65.85620802562076,66.08539300718151,6104900
2012-01-31,66.7662124633789,66.90776564923485,66.22695782350674,66.75947036613432,6574200
2012-02-01,66.32804107666016,67.06276994609014,66.30107784162907,67.04254880549463,6141300
2012-02-02,66.47637176513672,66.61118286950673,66.23370766309951,66.23370766309951,3984000
2012-02-03,67.41329956054688,67.58855290720268,66.75945513030396,66.85382389933777,5600900
2012-02-06,67.06278991699219,67.40656483762363,66.9616790411932,67.37960159456306,3486600
2012-02-07,68.01998138427734,68.20197688490866,67.10998845297915,67.11673055084368,6029900
2012-02-08,67.44026184082031,68.2761017015289,67.13692925091836,68.16151178972049,5433600
2012-02-09,67.39983367919922,67.71664540818405,67.20435399232105,67.44701807653439,3608800
2012-02-10,67.04930877685547,67.1773828917229,66.6920548171859,67.08300897259616,3874700
2012-02-13,67.17064666748047,67.3526421399854,66.92124051217596,67.21783105981235,2971100
2012-02-14,67.1032485961914,67.16391204620739,66.6988050252303,67.07628534861308,3520800
2012-02-15,66.46961975097656,67.23805424521916,66.26739798187558,67.1773908001168,5260500
2012-02-16,66.90775299072266,67.029085004603,66.30109292132094,66.30109292132094,3996300
2012-02-17,67.39983367919922,67.57509221617855,67.00887944815648,67.17739588759832,4931700
2012-02-21,67.73682403564453,67.9120824626037,67.40653346164139,67.4874231531711,4474800
2012-02-22,67.8514404296875,67.9121038604159,67.5076655607573,67.5076655607573,3918900
2012-02-23,67.95254516601562,68.10758250237981,67.67618096994718,67.95254516601562,4166500
2012-02-24,67.62227630615234,67.91886688389025,67.44028081517635,67.91886688389025,3661800
2012-02-27,67.64921569824219,67.91210083845799,67.06951894219921,67.42677284337906,4044500
2012-02-28,67.73067474365234,67.94789057361189,67.54061153979198,67.72388529241908,4365800
2012-02-29,67.39128875732422,67.79856787618618,67.3777150308573,67.78499414971927,5461000
2012-03-01,67.37091064453125,67.66279489780196,67.29624221842707,67.39127381913532,4086100
2012-03-02,67.5406265258789,67.63565814889495,67.17407376045915,67.38450018587538,4311700
2012-03-05,67.83929443359375,68.117599825834,67.09261006184883,67.4863154253444,6313200
2012-03-06,67.80531311035156,68.01573939578883,67.2690606350077,67.32336586313073,6713900
2012-03-07,68.00218963623047,68.17867910039406,67.56775801585349,67.88000541932236,5873500
2012-03-08,65.81646728515625,66.2848410840455,65.4770671825025,65.84361991482871,16841200
2012-03-09,65.73501586914062,66.25090552604826,65.52458944200144,66.14908444945878,7808700
2012-03-12,65.61282348632812,66.16943938946237,65.55851823264818,65.87755512447526,4503100
2012-03-13,65.69425964355469,66.0404490750373,65.41595435149306,65.83680701443983,6350900
2012-03-14,66.04047393798828,66.14229500662066,65.6264053900287,65.63319484229343,7209100
2012-03-15,66.54957580566406,66.65139687690258,65.94544400950633,65.94544400950633,5768200
2012-03-16,66.2916488647461,66.89578080019578,66.23055413638274,66.8075334346527,7337000
2012-03-19,66.3391342163086,66.59028693190645,66.06082369716829,66.08797632187712,4634500
2012-03-20,66.28484344482422,66.420601419187,65.89113806880349,66.15586974399524,4757100
2012-03-21,65.65354919433594,66.40022829920495,65.65354919433594,66.20337564066816,6038600
2012-03-22,65.029052734375,65.4906370172145,65.00868438081547,65.25305283519131,7721200
2012-03-23,64.85934448242188,65.12407607795558,64.57424453591133,65.10371290581195,6041500
2012-03-26,65.82324981689453,65.86397616770412,65.23269183598542,65.27342336562903,5644100
2012-03-27,66.07440948486328,66.40702531415474,65.8911357081561,66.0404725819058,4877500
2012-03-28,65.8979263305664,66.41381076689208,65.8843474260746,66.1965949045353,5055400
2012-03-29,66.27803039550781,66.3187567375499,65.79608302562232,65.80965674669206,4103600
2012-03-30,66.59030151367188,66.69212258391809,66.35951192135956,66.44096463448872,4429500
2012-04-02,66.76676940917969,67.07222734219803,66.30518519514843,66.40021678225783,4603000
2012-04-03,67.47274780273438,67.47953725550104,66.72606854228746,66.73285281621908,5422200
2012-04-04,66.16944122314453,66.90933090440977,65.94543592963271,66.6921150625046,7768300
2012-04-05,66.94325256347656,66.97040518278645,65.89111057525726,65.93183691480577,5469400
2012-04-09,67.11975860595703,67.54061657361012,66.27804784948513,66.34592683037518,6712700
2012-04-10,66.29839324951172,67.05186164668514,66.05402484076181,67.05186164668514,7581600
2012-04-11,66.90252685546875,67.01792679226618,66.18300050718135,66.71925313275078,6366600
2012-04-12,66.27803039550781,67.03149879628407,66.08117777758282,67.01113562526302,5763900
2012-04-13,65.82324981689453,66.38665517098592,65.81646036548159,66.1965867832618,5223700
2012-04-16,65.5584945678711,66.45451021481738,65.38200514653606,65.90467878274131,6236300
2012-04-17,65.91828155517578,66.23731844738936,65.78252359964551,65.7893078722382,7592700
2012-04-18,66.07440948486328,66.50884638069631,65.85719362636405,65.85719362636405,5388700
2012-04-19,64.67609405517578,66.00654206902438,63.89547264665094,65.95224197900836,13939100
2012-04-20,65.12406921386719,66.36626919319987,64.92721660583831,65.78250599755589,11021200
2012-04-23,64.61498260498047,65.11729322446621,64.38418788002731,65.01547217459962,5217500
2012-04-24,64.20765686035156,64.79142497777379,63.908988533850454,64.49275665127269,6223800
2012-04-25,64.63536071777344,64.64893444410374,64.33668695015737,64.58784490736497,5699600
2012-04-26,65.0494155883789,65.21232616421497,64.44528390660444,64.44528390660444,4741200
2012-04-27,66.10155487060547,66.2033759259887,65.02905459989293,65.32093886328005,7373300
2012-04-30,66.14905548095703,66.35269754495549,65.90468707569201,66.2576659627783,4507200
2012-05-01,65.9793701171875,66.52920174036727,65.93185431556297,65.99973847116998,5297900
2012-05-02,66.1897964477539,66.32555439057323,65.77572798967135,65.77572798967135,4348300
2012-05-03,65.87076568603516,66.23731838019589,65.70106565237745,66.16264995107977,3935200
2012-05-04,65.07655334472656,65.74177439837959,64.99509548600403,65.74177439837959,4688500
2012-05-07,64.83219909667969,65.18517287051334,64.6217675437624,64.98153594751331,5089700
2012-05-08,63.50175094604492,64.39776686411183,63.108045648103804,63.73932994348051,12379500
2012-05-09,62.40211868286133,63.18952442489138,62.15096067972254,63.12164542315642,8975700
2012-05-10,62.36137771606445,62.9451463162039,62.26634610011939,62.924777959500254,7129500
2012-05-11,62.38173294067383,62.856890959819616,62.22560663219222,62.2391855349301,5366500
2012-05-14,61.68934631347656,62.239177872319864,61.540014653582936,62.13735682965753,6050000
2012-05-15,61.777584075927734,62.273105132674964,61.668973599536116,61.7640051769625,4890300
2012-05-16,62.06269454956055,62.23918402904479,61.75723657019086,61.852268171720716,4949100
2012-05-17,60.83404541015625,62.16449251632108,60.75258756245279,61.96085048647841,9094100
2012-05-18,60.990177154541016,61.84546657923622,60.8815718507567,61.23454556159679,7990700
2012-05-21,61.9540901184082,61.98803219892469,61.01734773486493,61.09880562080388,6622500
2012-05-22,62.001583099365234,62.42244092020241,61.77079360908297,62.42244092020241,5063400
2012-05-23,62.09660339355469,62.15769288520087,61.546772074583515,61.75041407106634,4236500
2012-05-24,62.13058853149414,62.52429393511448,61.655430409080026,62.35459386584728,5010000
2012-05-25,61.80475997924805,62.31386012675805,61.641844203284,62.21203906148915,3681300
2012-05-29,61.70294952392578,62.26635502696918,61.26851773765592,62.049139133834245,5380300
2012-05-30,61.166683197021484,61.44498857128894,60.9901937042944,61.36353586605664,5375600
2012-05-31,61.11878967285156,61.74817900787988,61.06406447711926,61.49505475252177,6816400
2012-06-01,59.31958770751953,60.29102937303273,59.17592424031387,59.8395163645837,10832500
2012-06-04,59.052757263183594,59.36744927398858,58.84068346053605,59.244308468075424,7035200
2012-06-05,59.57270050048828,59.79845957068415,58.84069808873999,58.98436152812459,7237300
2012-06-06,60.65357208251953,60.65357208251953,59.81895186004933,60.14732377813029,5936000
2012-06-07,60.462059020996094,61.41982070370425,60.20893990685168,61.29667984136489,8321500
2012-06-08,60.03107452392578,60.386811928280316,58.77914317009142,59.10752057512635,12060100
2012-06-11,59.237464904785156,60.92039096485332,59.237464904785156,60.87250316440448,9511900
2012-06-12,59.86685562133789,59.921580809367,59.29219678231141,59.51795579833534,7762000
2012-06-13,60.181556701660156,60.84514863816551,59.435869141674445,59.48375695052639,8838500
2012-06-14,61.378753662109375,61.51557447410573,60.28417150800026,60.537290532131465,7646300
2012-06-15,61.91236114501953,62.09023237327121,61.38559528594793,61.66607951186469,9516800
2012-06-18,61.734519958496094,61.99448693076631,61.51560342464753,61.98080171149847,6343400
2012-06-19,61.29667282104492,61.7413483963072,61.02986851976369,61.549797125580234,7601600
2012-06-20,60.646766662597656,61.344561330887906,60.31155193504317,61.28983090452533,7917500
2012-06-21,59.95577621459961,60.988790258345645,59.88052322482737,60.94773985159308,5762200
2012-06-22,60.4415168762207,60.605702899806566,60.188397843896574,60.33206126695665,5325400
2012-06-25,60.28418731689453,60.42785077297876,59.99685518534528,60.20209167654035,4524400
2012-06-26,60.954620361328125,61.1803794710359,60.57836039786292,60.59204039570229,4488500
2012-06-27,60.4278564453125,61.22826944122222,60.22946254370233,61.06408336448257,5940300
2012-06-28,60.32521057128906,60.37994097827205,59.7779169402169,60.215749757323074,4922600
2012-06-29,60.564674377441406,61.016192590868975,60.24313962897892,60.94093955529771,6364700
2012-07-02,60.25680160522461,60.4825606248641,59.96263218491895,60.4825606248641,5088100
2012-07-03,60.598846435546875,60.70146462525035,60.16785108266786,60.34572226352869,4597000
2012-07-05,61.09143829345703,61.556636448703465,60.680965341654584,60.742538372177115,5794300
2012-07-06,61.33769607543945,61.522404656271185,60.961431089365824,61.03668408658055,4533200
2012-07-09,61.4334831237793,61.53609612149859,61.111948479247275,61.32402230037293,3785000
2012-07-10,61.74134063720703,62.165493554356345,61.33087293446449,61.590834595012765,6615500
2012-07-11,61.248783111572266,62.124449018923535,60.886203186126544,62.03551599437022,6230300
2012-07-12,62.89067459106445,63.28061982336288,61.01620147610201,61.07092669408396,11741900
2012-07-13,63.13692092895508,63.41056774291484,62.98641492030827,63.123235717598725,6163500
2012-07-16,62.6990852355957,63.123232819349056,62.59646703265007,63.041142432495434,3601300
2012-07-17,62.86326217651367,63.17795412602106,62.398064246942354,62.93167256216696,3753800
2012-07-18,63.08906173706055,63.09590434584165,62.25444092472695,62.555453078521026,5962700
2012-07-19,63.45846176147461,63.841564206926805,62.972741098310756,63.34215833106573,7430800
2012-07-20,62.65121841430664,63.13693917021265,62.528077573416354,63.00011311401214,7269800
2012-07-23,60.845157623291016,61.467699230298294,60.373116852486255,61.036708886985565,12127900
2012-07-24,60.243125915527344,61.207729941337014,59.942119061143046,60.995656099937655,7036800
2012-07-25,60.229427337646484,60.51675410883436,60.092601337524954,60.44834371846271,4262200
2012-07-26,60.8862190246582,61.20775382539514,60.605729442949176,61.01620251075573,4517500
2012-07-27,61.01617431640625,61.35823156859935,60.64675185771217,61.11878731656061,5932500
2012-07-30,61.11194610595703,61.34454251759364,60.96828269534987,61.10510349991503,4431600
2012-07-31,61.13246536254883,61.40611217609782,60.7562003414966,60.96143675650306,4596900
2012-08-01,61.18035888671875,61.467685719103336,61.091425882231896,61.22140408580817,4133600
2012-08-02,61.289825439453125,61.35824107599625,60.58518822585324,60.93408813857813,4332700
2012-08-03,61.289825439453125,61.81659661230565,61.08459418796457,61.686613166130044,4873000
2012-08-06,61.35820007324219,61.86444308520559,61.228216713928255,61.4129252387741,3490200
2012-08-07,60.89305114746094,61.65241888499229,60.8656859330278,61.37192935158838,5341900
2012-08-08,59.880550384521484,60.18840508759746,58.936474111058295,59.42903746047568,14424800
2012-08-09,59.620567321777344,60.17469828135368,59.57951691113508,59.91473670438493,6023500
2012-08-10,60.338863372802734,60.35939118070506,59.65474925193478,59.68895704572879,5747400
2012-08-13,60.133670806884766,60.530458503933495,60.01052997743447,60.516773289894644,4308100
2012-08-14,60.28418731689453,60.39364295131932,60.147361249637555,60.24997949523509,3828200
2012-08-15,60.07209014892578,60.468877795553496,60.03104495078472,60.386782179892144,4346200
2012-08-16,59.8326530456543,60.23628331137196,59.818973052295114,60.16103029944798,5568000
2012-08-17,59.76422882080078,60.106285988859675,59.7094984212606,59.98314519958335,6704300
2012-08-20,60.318382263183594,60.35259008050116,59.62743028391382,59.63426767187323,4823500
2012-08-21,60.55780792236328,60.88618515003629,60.236278519894235,60.379941925945246,4414200
2012-08-22,60.57835388183594,60.74938254302759,60.37996000852796,60.63307908668806,4269000
2012-08-23,60.37308120727539,60.85195908377477,60.29098562014232,60.653570548780316,3005900
2012-08-24,60.83146286010742,60.88619327525315,60.27048915331286,60.345742169293324,3508000
2012-08-27,61.25562286376953,61.44717411965019,60.8930429552268,60.97513336810122,4313800
2012-08-28,60.98197555541992,61.39928588259017,60.85883471757656,61.18721202495226,4428700
2012-08-29,61.330875396728516,61.440331019476865,60.89304246697469,60.94776766865875,4292200
2012-08-30,61.15848922729492,61.37912844445368,61.089540458267905,61.25501855602351,4567900
2012-08-31,61.703208923339844,61.95832521923377,61.29640740171852,61.392936754661044,6063800
2012-09-04,61.39982604980469,61.716994638258015,61.16539389110596,61.716994638258015,4287000
2012-09-05,61.406707763671875,61.68250809466233,61.26191377350399,61.57219111853841,3597800
2012-09-06,62.51679229736328,62.59953396422869,61.75144897533085,61.772133076933926,5925100
2012-09-07,62.75811004638672,62.79948350639563,62.34441226946614,62.79948350639563,4889600
2012-09-10,62.95118713378906,63.08908466822664,62.67538680446016,62.709858557842686,5008200
2012-09-11,62.88225173950195,63.50280134926095,62.861567629252534,63.34421966371189,5595500
2012-09-12,62.620243072509766,63.19252799417813,62.47544904301329,63.06841807454469,5363400
2012-09-13,63.137359619140625,63.357998866464705,62.42717720620546,62.42717720620546,5666500
2012-09-14,63.22697067260742,63.51656385884217,63.06838906296849,63.34418934200251,6395000
2012-09-17,63.53035354614258,63.730308623353345,63.240765611059246,63.261449712071915,5294600
2012-09-18,64.1784896850586,64.19227733359241,63.433830413349575,63.461410970870666,5272900
2012-09-19,64.0061264038086,64.43361196944144,63.95786173477087,64.28881796232828,3979900
2012-09-20,64.22675323486328,64.26122498582839,63.95095292487557,63.971637027545306,3981400
2012-09-21,64.61286163330078,64.75076439957036,64.3922224677221,64.55770052679294,7247700
2012-09-24,64.61286163330078,64.75765559254434,64.23364086207792,64.35085426806756,3722000
2012-09-25,64.02680206298828,64.81282957529923,63.99922150425498,64.7507772634896,4714600
2012-09-26,64.26123809814453,64.36466389305032,64.04059885722425,64.04749531300583,4392000
2012-09-27,64.30949401855469,64.5577137883771,64.20607349817345,64.38533924047007,3840400
2012-09-28,63.261444091796875,63.44071505206817,62.33062280575194,63.44071505206817,9523600
2012-10-01,63.42696762084961,63.77861334030227,63.358018820681075,63.5097093373256,4939800
2012-10-02,62.69607925415039,63.59242912867036,62.55128524558106,63.55105565446881,5979500
2012-10-03,62.29615783691406,62.91670723432966,62.240996721487456,62.813281458018146,6337400
2012-10-04,62.76504135131836,62.87536362533053,62.461660358240444,62.67540844902514,4478300
2012-10-05,62.74433898925781,63.13045631507719,62.53748741588085,63.08219164934977,4166200
2012-10-08,63.11665344238281,63.19249865029818,62.61331754080388,62.72363975611813,3894900
2012-10-09,63.50969696044922,63.84754969775311,63.03394138922674,63.06152195601045,7048900
2012-10-10,63.70964050292969,64.37845465918369,63.68205994117697,64.08197019590988,6712100
2012-10-11,63.68205642700195,64.12333486978567,63.68205642700195,63.88890799850544,4274400
2012-10-12,63.78548049926758,63.91648158127695,63.67515826130827,63.82684870827539,3411100
2012-10-15,64.46805572509766,64.63353375349763,63.881983543323464,63.97161637944602,5630700
2012-10-16,64.8748779296875,64.8748779296875,64.56460586865876,64.7921415189883,4678900
2012-10-17,64.59220123291016,64.92316273293712,64.29571675221368,64.78525991606982,5623700
2012-10-18,64.02680206298828,64.64045502855642,63.854427516245465,64.58529391108982,6817600
2012-10-19,61.17225646972656,62.227187448511046,61.055043085517546,62.103077612156895,19495400
2012-10-22,60.98611831665039,61.420505582324964,60.57242041732801,61.26881512513411,8142400
2012-10-23,60.64826583862305,60.93785384302341,60.20698737654987,60.689634050550474,7763800
2012-10-24,60.17939758300781,60.98610915456037,60.04839125139635,60.98610915456037,6498000
2012-10-25,60.213890075683594,60.53105867440796,59.9656702574724,60.52416221822022,4978800
2012-10-26,59.78639602661133,60.37246852035351,59.72434370560009,60.30351974352286,7684500
2012-10-31,59.84846115112305,60.35868847652207,59.55197663897461,60.3173202573007,6899300
2012-11-01,59.84846115112305,60.055307507685015,59.57266074858529,59.98635872216436,7374900
2012-11-02,59.88982391357422,60.606902790654786,59.82087513433573,60.22767661416109,7908400
2012-11-05,60.30352020263672,60.42073365018665,59.7795000259162,59.96566751127623,5039100
2012-11-06,60.65515899658203,60.765475975875844,60.42072686734504,60.49657209205813,5581600
2012-11-07,59.88982391357422,60.662063918227446,59.7795016584289,60.544845207021886,5971900
2012-11-08,58.69697189331055,59.986335245805336,58.57975847775277,59.565740980142174,11398400
2012-11-09,58.42808151245117,58.676301308726934,57.952331286634546,58.241919295471504,11030400
2012-11-12,58.524620056152344,58.814213371004044,58.331561353221296,58.57288473188511,4101900
2012-11-13,58.359130859375,58.8004093140034,58.276389176461876,58.441872542288124,4842300
2012-11-14,58.34532928466797,59.02793090931852,58.04194844684422,58.50391089683738,8157000
2012-11-15,57.95231628417969,58.42806638683611,57.64893544272411,58.18674310861141,7639100
2012-11-16,58.000572204589844,58.186734345339495,57.44207526143663,58.03504394745719,6909300
2012-11-19,58.63493728637695,58.641833742448085,58.172974678249524,58.290188129185495,5559800
2012-11-20,59.07622146606445,59.4140741996644,58.676311142767695,58.72457581899626,5822800
2012-11-21,59.30375671386719,59.476131307638084,58.80731704213418,59.338228476348284,3900700
2012-11-23,60.02080535888672,60.03459300482863,59.68294753810641,59.827741492532624,2474400
2012-11-26,59.462318420410156,59.758802832522804,59.15894281438917,59.66227351327249,5619200
2012-11-27,59.241668701171875,59.61399826376215,59.1727199511631,59.462307857471394,4633200
2012-11-28,59.65537643432617,59.751911013019146,59.08309697917767,59.23478741082666,7155400
2012-11-29,60.170188903808594,60.51108061170324,59.8988703984656,60.13540761022291,4873900
2012-11-30,60.552825927734375,60.74065979212667,59.79452147234249,59.88496452100859,7369800
2012-12-03,60.56671905517578,60.8241260506997,60.358015414311474,60.81716767036417,6638100
2012-12-04,60.664146423339844,60.78937079549103,60.017154718507314,60.27456184673248,6109700
2012-12-05,60.50411605834961,61.19980555138306,60.33715206617467,60.82413258822224,5349700
2012-12-06,61.28330612182617,61.492015165107716,60.594574771303385,60.60153315479716,6580200
2012-12-07,61.55461502075195,62.01376737346038,61.359817484173966,61.978980772148915,8086500
2012-12-10,62.20162582397461,62.73034623563162,61.9233488502283,62.59121040260437,9276400
2012-12-11,62.347679138183594,62.47985650053787,61.91634984646291,62.445075218944986,7333000
2012-12-12,62.13205337524414,62.60512264420974,62.05552707381648,62.5216432664282,4219500
2012-12-13,62.034637451171875,62.42422721814494,61.867673441149236,62.104205346373796,4639700
2012-12-14,61.8328857421875,62.18768890141687,61.568525622036454,61.805057523062644,4364600
2012-12-17,62.549461364746094,62.5633728228927,61.92333959432847,62.01377734150895,5956500
2012-12-18,62.97382736206055,63.168624930499846,62.55641461650124,62.60511268168831,5340500
2012-12-19,62.41031265258789,63.20339836274072,62.40335427051557,63.11991900863434,5152900
2012-12-20,62.639892578125,62.69554902028808,62.22943295178534,62.591194518154914,4298900
2012-12-21,62.737281799316406,62.74424018074424,61.992894217233896,62.36856719898907,10730000
2012-12-24,62.118125915527344,62.396402821073075,61.985943191162754,62.32682961391876,2375000
2012-12-26,61.73551940917969,62.17380743720575,61.49202900899445,61.99988496454593,3054000
2012-12-27,61.72158432006836,62.00681430604583,61.053722917631404,61.846808664755955,4576600
2012-12-28,60.92851638793945,61.59637798565363,60.85199008227189,61.38766891425263,3725600
2012-12-31,61.366798400878906,61.39462663060903,60.39283159109286,60.81720280601612,6236600
2013-01-02,62.6955680847168,62.855573769977006,62.14597249353921,62.19467056831737,7377200
2013-01-03,63.05034255981445,63.099040616434806,62.7233729269007,62.82772211416568,5473500
2013-01-04,62.50770950317383,63.16165942568406,62.38248516285677,63.04339346752084,5374100
2013-01-07,63.245155334472656,63.34255147118337,62.09030784534359,62.45206416631321,5820900
2013-01-08,63.266029357910156,63.27994081792044,62.591209432039214,62.98775238847892,6285200
2013-01-09,63.17555236816406,63.47469902082674,62.86249426296099,63.168599295738304,4822100
2013-01-10,63.586029052734375,63.75299306677679,63.32862199583082,63.551242450450815,4393300
2013-01-11,63.81560516357422,63.989527552182615,63.342536054251795,63.961699333082464,3692600
2013-01-14,63.67646789550781,64.08692751729417,63.60689999742092,63.83647883802903,3828100
2013-01-15,63.66253662109375,63.74601594973511,63.21033746276099,63.38425980768215,3910400
2013-01-16,63.3773078918457,63.53036042021698,63.24513050545265,63.39817772613464,2925800
2013-01-17,63.836490631103516,64.07302258983366,63.52342707034192,63.62082320719449,4044600
2013-01-18,64.184326171875,64.21215439374724,63.89909087845247,64.0521434449045,5579900
2013-01-22,64.66435241699219,64.9287178873434,63.87126662132045,64.10780386807201,6967300
2013-01-23,65.03306579589844,65.22089965151102,64.17736525708683,65.01219064955002,9368000
2013-01-24,64.9148178100586,65.1165685022541,64.71306711786308,65.10265704072337,5157200
2013-01-25,65.20002746582031,65.35308002072348,64.89392235601395,64.9147921939207,5461600
2013-01-28,65.64527893066406,65.79833151019699,65.14438150953485,65.35309053756905,4564600
2013-01-29,66.03485870361328,66.08355676562532,65.42961211970525,65.49918002148092,4929700
2013-01-30,65.86093139648438,66.16007812879032,65.6939673831037,66.00702557165374,4657600
2013-01-31,66.29227447509766,66.29227447509766,65.71485072999887,65.8122468667997,5740500
2013-02-01,66.75141906738281,67.00882614584789,66.4383608513689,66.49401729660849,5481100
2013-02-04,65.8122329711914,66.64010526689276,65.74266507497816,66.36878675627791,5933300
2013-02-05,66.02791595458984,66.46619858123893,65.74963899627818,65.80529014178731,4952800
2013-02-06,66.13919067382812,66.32007140296402,65.68003843240791,65.73568955025145,4482700
2013-02-07,65.83311462402344,66.132261408348,65.44353008916028,66.11139156650765,5619600
2013-02-08,66.00008392333984,66.42445506607118,65.64528068925323,65.66615053107752,5331600
2013-02-11,66.20877838134766,66.30617450135496,65.81223551912065,65.91659002132576,3557600
2013-02-12,66.16007995605469,66.32704397404672,65.9583293349562,66.12529866063866,4526900
2013-02-13,65.39482879638672,65.91659604742172,65.03307250438647,65.84006975932131,6663100
2013-02-14,65.08870697021484,65.31828577570488,64.83130525589836,65.29741594024026,5360900
2013-02-15,65.32525634765625,65.61048633171795,64.84522881162954,65.26264152188772,5094100
2013-02-19,65.29045867919922,65.73569953571428,65.23480224521242,65.49220927163412,4401900
2013-02-20,65.33221435546875,65.72875722409428,65.22090146926973,65.34612581239834,4023800
2013-02-21,65.49222564697266,65.70788774798245,64.90784886706572,65.00524499705021,4424600
2013-02-22,66.2644271850586,66.2644271850586,65.290460789567,65.58264911590753,4421300
2013-02-25,66.88359069824219,67.32883157088753,66.27138582527729,66.35486517159212,9028000
2013-02-26,66.93923950195312,67.1827297470922,66.82097356969834,67.02967721937927,6451100
2013-02-27,67.13565063476562,67.28993259830962,66.70084141793181,66.87616693835525,4326800
2013-02-28,67.2548599243164,67.4792763404665,66.98135258433689,67.12161083798968,3967600
2013-03-01,67.10054779052734,67.19872960183365,66.59560970351927,67.10054779052734,3823200
2013-03-04,66.67274475097656,67.09352465256974,66.53248656728108,67.04443375322565,4636900
2013-03-05,67.19173431396484,67.39511251001377,66.85511239330444,67.00238515240699,5643000
2013-03-06,67.89302062988281,67.90003514551718,67.27587701675148,67.28990069751248,5052000
2013-03-07,68.08938598632812,68.13848224650319,67.77380233139729,67.77380233139729,4566400
2013-03-08,69.22550964355469,69.39382060077182,68.74862413934875,68.81875325898015,8838100
2013-03-11,69.35172271728516,69.35172271728516,68.92392826438213,69.05016278082084,4853400
2013-03-12,69.26056671142578,69.33771033684857,69.0992649444941,69.33069582076249,3856000
2013-03-13,69.69536590576172,69.75848584545052,69.10627500470746,69.2465332143372,3896600
2013-03-14,69.64627838134766,69.6953692921541,69.35874743248364,69.68134561071282,3649900
2013-03-15,69.89875793457031,69.91979613514147,69.30265239951618,69.40784875288074,6388000
2013-03-18,69.1273422241211,69.66734244347253,68.87487306038251,69.3938350745074,3934500
2013-03-19,69.00812530517578,69.4218909615111,68.86786167975771,69.27461816770479,4648500
2013-03-20,69.2675552368164,69.35872786724397,69.14132073742218,69.14132073742218,3534900
2013-03-21,69.0992660522461,69.34472061411356,69.02212242558659,69.07822785415863,3523400
2013-03-22,69.61821746826172,69.86367734389144,69.09224119278208,69.09224119278208,4160000
2013-03-25,68.89588928222656,69.84966018523976,68.81173648817193,69.75147835850383,4932500
2013-03-26,69.07823944091797,69.19745948374965,68.90992847747857,68.97304308232745,4434000
2013-03-27,69.35875701904297,69.63226432426907,68.85381880923823,68.86083332618239,4401700
2013-03-28,69.91278839111328,69.97590299411091,69.1974574540867,69.34473021159009,3954700
2013-04-01,69.46395874023438,69.90577703270853,69.32369514305351,69.71642786465078,3155800
2013-04-02,70.31254577636719,70.42475132329122,69.44994189150026,69.70942557893407,5136800
2013-04-03,69.60418701171875,70.48081405216861,69.47093798940818,70.27743593672342,4454400
2013-04-04,70.57200622558594,70.69824077794792,69.80057522804438,69.80758974498357,5860600
2013-04-05,71.12601470947266,71.16108193348227,69.996918582855,70.24938761430411,5693000
2013-04-08,71.18214416503906,71.18214416503906,70.72629685151583,70.88759864571968,4163600
2013-04-09,70.87358093261719,71.18215553577284,70.52994443851827,71.18215553577284,3690400
2013-04-10,71.17510223388672,71.3504276445972,70.83848044160646,70.91562405035963,3159400
2013-04-11,71.5257797241211,71.86240699242175,71.06993241620707,71.06993241620707,4049400
2013-04-12,72.64786529541016,72.7250089367437,71.18214681109121,71.18214681109121,5714000
2013-04-15,71.63800048828125,72.54268071183483,71.62397145197271,72.3322879712839,5643600
2013-04-16,72.26213073730469,72.2691452527309,71.54679997804347,71.81329805916366,3199300
2013-04-17,71.91149139404297,72.31123322925833,71.53278775796917,71.92551507663455,4191500
2013-04-18,71.46966552734375,71.6940818783996,70.20030569278634,71.58888554341858,5696900
2013-04-19,70.07408142089844,71.14006325737174,69.74446868660088,70.53694322238232,8227700
2013-04-22,69.6532974243164,69.89174282837932,68.99407199306356,69.67433562309965,5620500
2013-04-23,69.96186065673828,70.29848248399185,69.57614257289828,69.6182189636781,5753500
2013-04-24,70.84551239013672,70.99979965726304,70.19330143851734,70.19330143851734,4593000
2013-04-25,70.7894058227539,71.27330042926974,70.72628587811644,71.02083135173619,3529400
2013-04-26,70.75434112548828,70.8244702383121,70.41070472729571,70.71226472789566,3113600
2013-04-29,71.65899658203125,71.8974365540614,70.93665680140205,71.22418767064468,3417700
2013-04-30,71.6310043334961,71.78529166938536,71.22424778442641,71.72217169083474,4205200
2013-05-01,71.09797668457031,71.84136025315266,71.06291480382639,71.51876205756376,2720100
2013-05-02,71.57488250732422,71.77124621700256,70.91566224633404,71.15410236508352,3821100
2013-05-03,72.17800903320312,72.47255462367526,71.9185306870535,72.17800903320312,4109400
2013-05-06,71.58187103271484,72.09382367605475,71.56784735162005,72.0657709633573,3314200
2013-05-07,71.73615264892578,71.89744904614615,71.38550179348114,71.59588909644346,4304200
2013-05-08,70.79644012451172,71.72917313931339,70.6631963727615,71.72917313931339,5228800
2013-05-09,69.91278839111328,70.99279396331362,69.75148659927116,70.67720489679876,10628500
2013-05-10,70.27044677734375,70.27044677734375,69.70940847932528,70.09512130599258,5036900
2013-05-13,70.39669036865234,70.6211067867733,69.98993928928336,70.14422122945258,3154100
2013-05-14,70.97172546386719,71.17510358621638,70.43874005754556,70.46679276585306,3810800
2013-05-15,71.49772644042969,71.55383187645423,71.04188448662971,71.04188448662971,3402600
2013-05-16,70.91563415527344,71.37849052323887,70.71926517287086,71.23823231488757,4251800
2013-05-17,71.21017456054688,71.4626435981074,70.69121280578682,70.90160010341572,4015300
2013-05-20,71.21017456054688,71.49069630789272,70.99978191241067,70.99978191241067,2233100
2013-05-21,71.6310043334961,71.96763173457367,71.12606590713524,71.28736776297703,4078600
2013-05-22,71.3504409790039,71.81330271802534,71.11901546000111,71.65901547168485,4648200
2013-05-23,70.8525161743164,71.18914337437367,70.3756307620315,70.92965979619395,13743100
2013-05-24,70.33356475830078,70.59304837481201,69.94083742564258,70.59304837481201,13161000
2013-05-28,70.99979400634766,71.49070848545092,70.74732492578215,70.8735594660649,14083800
2013-05-29,69.46395874023438,70.57902624764924,68.92395325447904,70.57902624764924,8770700
2013-05-30,68.60874938964844,69.6830779060295,68.410847193928,69.56292377183215,8028900
2013-05-31,68.25532531738281,69.06107274875866,68.24825584379435,68.48149994035799,5443400
2013-06-03,69.2377700805664,69.25897310836415,68.2553235814641,68.39668069506784,4224000
2013-06-04,69.52754974365234,69.7466548577496,69.01158610336468,69.27310265973342,4902300
2013-06-05,68.14930725097656,69.37913686333822,67.93727156750042,69.35792844180489,5394800
2013-06-06,68.33305358886719,68.43907409232126,67.25872578851865,68.12808205350312,5817300
2013-06-07,69.46395874023438,69.75374789186093,68.55926008845378,68.60166615262183,5036800
2013-06-10,70.34742736816406,70.80684599261674,70.05764372015459,70.53826536855587,5718400
2013-06-11,69.4286117553711,70.31917132413281,69.3155217446168,69.98697615807772,4812800
2013-06-12,69.4356918334961,70.04353730026612,69.31553771370963,69.78909010987728,4485200
2013-06-13,69.88801574707031,70.02230876877165,69.17415537127256,69.33671549945312,2927800
2013-06-14,69.56289672851562,70.26969309127419,69.42860908644275,69.85268582561223,3351100
2013-06-17,69.78907012939453,70.46052989773895,69.47808340206625,70.18487975247413,4884800
2013-06-18,70.50294494628906,70.70791656114417,69.93750563686606,69.95871405972326,3340100
2013-06-19,69.83854675292969,70.72911167828292,69.64064463450192,70.47466455675342,3518200
2013-06-20,68.41083526611328,69.74668024674446,68.29068115286549,69.52757505288912,5550100
2013-06-21,68.7218017578125,69.08933343513183,68.48148822875847,68.81368332903547,7227000
2013-06-24,68.76422119140625,69.06107437999258,67.86658675946333,68.23412390074702,4244500
2013-06-25,68.92677307128906,69.25896819636894,68.65819241751896,69.20242859039429,3211300
2013-06-26,69.85975646972656,70.07179755544584,69.29432256185652,69.5204972034903,3585500
2013-06-27,70.43225860595703,70.55241269340665,70.0647214776745,70.29089609799132,4497100
2013-06-28,69.97281646728516,70.75736059846399,69.92334095416697,70.33328400138998,5386400
2013-07-01,70.55239868164062,70.89166324095179,70.1565945228003,70.22020359443083,4053500
2013-07-02,70.6301498413086,71.03302349018269,70.24847921725512,70.55240182201469,3850500
2013-07-03,70.927001953125,71.07542851716114,70.47465278870224,70.64428237725393,1676300
2013-07-05,70.5807113647461,71.27336903710093,70.14956499234081,71.16735385735399,3933900
2013-07-08,70.59483337402344,71.03304915085555,70.36159462431176,70.87755305609483,4064300
2013-07-09,70.67254638671875,70.94113237813296,70.11417677434788,70.8492454263642,4120100
2013-07-10,70.66553497314453,70.93411577229935,70.2555916014629,70.78568911546925,3532400
2013-07-11,71.23802947998047,71.35818360698576,70.51002984968588,71.20975696907979,4064100
2013-07-12,71.79635620117188,71.95891630041864,71.03301504383184,71.0966241107301,4766800
2013-07-15,71.20974731445312,71.90241025653309,71.17440533251143,71.81052326045643,4480700
2013-07-16,71.30162048339844,71.47125550573618,70.30504034120058,70.80686514931847,4406200
2013-07-17,70.75032043457031,70.92701953924828,70.18488653505807,70.71498384909196,5377400
2013-07-18,70.80685424804688,71.22386148079435,70.67256122414547,71.01889529710931,3401600
2013-07-19,70.87046813964844,70.96942459037749,70.34744034685443,70.82099261049804,4508300
2013-07-22,68.96917724609375,69.2165548474932,68.60164018764833,69.08933131071244,13209600
2013-07-23,68.3896255493164,69.06814948963563,68.3330805395159,68.94799538813126,6989300
2013-07-24,68.3189468383789,68.84197469685189,68.06449968724525,68.70768164696777,5197900
2013-07-25,68.90557861328125,68.97625717385921,68.24825775429208,68.32600578865639,4208100
2013-07-26,69.28726196289062,69.32260394584716,68.50271739463506,68.73596154031742,4561600
2013-07-29,69.17415618896484,69.28724079350184,68.83489159049817,69.23776526793668,3592500
2013-07-30,69.52754974365234,69.64770381316197,69.1529431977963,69.2660331872836,4127400
2013-07-31,69.32257843017578,69.64770406247433,69.00451687792486,69.49220802258644,5343000
2013-08-01,69.97281646728516,70.14244602762946,69.49219488595422,69.70423588070447,3954600
2013-08-02,70.11420440673828,70.11420440673828,69.58410707888766,69.83855422765026,3224300
2013-08-05,70.19194793701172,70.28383491909072,69.85268868874186,69.9799122549502,3326400
2013-08-06,69.75371551513672,70.25554014710708,69.52754095717223,70.20606463106569,3507200
2013-08-07,69.4992904663086,69.96577328060845,69.45687901596968,69.69012311933388,3256400
2013-08-08,69.2942886352539,69.9657427572385,68.87021206387278,69.71836520663503,4862300
2013-08-09,68.99745178222656,69.54875199376663,68.60871168822912,69.1953538691971,4041800
2013-08-12,68.5875244140625,69.12469119664345,68.55925191051311,68.9055806422429,3256800
2013-08-13,68.1705093383789,68.62992806820704,67.93020115527315,68.57338306308975,5188300
2013-08-14,67.93019104003906,68.11395958309171,67.59799592497654,68.02207261535155,5448700
2013-08-15,67.42132568359375,67.78886292685588,67.27996852383446,67.53441572534517,4207500
2013-08-16,67.1668701171875,67.49906533292356,67.15273655994375,67.28702422726202,3324000
2013-08-19,67.48491668701172,67.84537893664105,67.18099404614527,67.23046957408036,3126200
2013-08-20,67.49903106689453,67.7817506001103,67.400080039133,67.50610053814223,2827800
2013-08-21,67.22338104248047,67.72520565281617,67.22338104248047,67.4354220406174,3430600
2013-08-22,67.47077178955078,67.63333730552952,67.29407272073495,67.40716271314234,15364400
2013-08-23,67.2375259399414,67.62626603798955,67.08203529314964,67.54851801837992,12274200
2013-08-26,67.36476135253906,67.81004652375636,67.21633475960944,67.40010332856306,3060000
2013-08-27,67.03255462646484,67.27993763109845,66.44591782964112,67.04669357140664,4513100
2013-08-28,67.90901184082031,68.08571097317522,67.14567029486403,67.14567029486403,5482500
2013-08-29,67.5883560180664,68.3863651250676,67.47435238735525,68.15123671372005,4796600
2013-08-30,67.23213958740234,67.78076741120073,67.07538722746129,67.68814348759706,3993000
2013-09-03,67.34610748291016,67.8876139087631,67.06110925077024,67.759362529903,3672100
2013-09-04,67.80213165283203,67.94463080050998,67.21787101376793,67.33187468070552,2898800
2013-09-05,68.15836334228516,68.72836518822068,67.74510833468709,67.9232349307905,4275300
2013-09-06,68.58584594726562,68.93497245103845,67.86621318823165,68.30796897381512,4485800
2013-09-09,68.72125244140625,68.96350748760828,68.55025239678878,68.55737898414591,3525200
2013-09-10,69.03473663330078,69.36961547211763,68.75685960449357,69.18436230758222,4984300
2013-09-11,69.44086456298828,69.44086456298828,68.66423529164987,68.87086277459107,3928600
2013-09-12,69.24137115478516,69.71874913115153,69.16299501705427,69.4551252460498,4277300
2013-09-13,69.36250305175781,69.57625716494991,69.20575076021599,69.3553764650533,2668700
2013-09-16,69.61902618408203,69.94677860048385,69.39815085554906,69.74015101353596,3490900
2013-09-17,69.76863861083984,70.08214322579495,69.46226058331375,69.52638899818797,3256900
2013-09-18,70.32440948486328,70.53103708126761,69.56915411841588,69.73303305211405,4279600
2013-09-19,69.76863861083984,70.18902029325632,69.11313390320049,70.1818937058273,6430800
2013-09-20,69.04187774658203,69.86126127091468,69.04187774658203,69.61187965864474,8077000
2013-09-23,69.31263732910156,69.52639147162873,68.98488496362191,69.0917620348855,3301600
2013-09-24,69.66888427734375,70.25313938635753,69.01337960596109,69.21288055499119,4810300
2013-09-25,69.55487823486328,69.81850212955091,69.40525253993428,69.68312960708708,4053200
2013-09-26,69.96099090576172,70.05361476193869,69.67598731661317,69.74723685490248,3604900
2013-09-27,69.19862365722656,69.81850074737626,69.11312093210586,69.74725119443856,3533100
2013-09-30,68.55023193359375,68.89223735672873,67.76647607406615,68.7283585123951,4404500
2013-10-01,68.49327087402344,68.67852414827155,68.29376985683086,68.52889838537712,3240700
2013-10-02,67.8875961303711,68.31509880261947,66.98271556471188,68.101350184491,7250300
2013-10-03,67.45297241210938,67.8377264795234,67.41022377217176,67.7949778395858,4855700
2013-10-04,67.47434997558594,67.54560496022967,67.2606013296311,67.41022701259712,3047700
2013-10-07,67.23213958740234,67.54564430728443,67.07538722746129,67.16088999724603,3037100
2013-10-08,66.93285369873047,67.38885736491447,66.93285369873047,67.16797668198699,3643900
2013-10-09,66.45548248291016,66.94711373420651,66.3628585898226,66.84736325365269,5159400
2013-10-10,67.28913116455078,67.28913116455078,66.62649974883401,67.1323788285326,4531000
2013-10-11,67.50289154052734,67.54564564426362,67.21076658430565,67.46726946274174,4132600
2013-10-14,67.48860168457031,67.60259987274436,67.10384760699792,67.2677264577386,3429700
2013-10-15,66.83311462402344,67.11811288695418,66.5837329899689,66.96848716811752,5878900
2013-10-16,67.84487915039062,67.8591268905173,67.07537071969577,67.18937438468491,4708700
2013-10-17,68.02300262451172,68.05862469116248,67.43874745870126,67.82350165608771,3860500
2013-10-18,67.83061981201172,68.18687307874706,67.34611515181192,68.18687307874706,7286100
2013-10-21,67.39600372314453,67.58125698056953,66.43412079989022,66.76187321779938,9137700
2013-10-22,67.77359771728516,68.03722155565312,67.1252144084519,67.46009322193797,5144000
2013-10-23,67.12523651123047,67.83061642203545,66.92573556158811,67.74511912132769,4581200
2013-10-24,67.46011352539062,67.5527374105332,67.14660893568804,67.26773916825051,3640900
2013-10-25,67.53135681152344,67.652481596839,67.23210542333469,67.53135681152344,3055900
2013-10-28,67.9517593383789,68.2011355719675,67.46012802359412,67.4672546119807,3836400
2013-10-29,68.43624114990234,68.47186320791937,67.90186135571568,68.12986318379563,3975100
2013-10-30,68.4219970703125,68.72124849018556,68.20824838582878,68.52174754360351,3404300
2013-10-31,68.7711181640625,68.89936953877596,68.47899335476626,68.54311632412666,4271300
2013-11-01,69.28411865234375,69.46937183264197,68.7711131905901,68.7711131905901,5127300
2013-11-04,69.3340072631836,69.46938524060621,68.99200718000148,69.29838519901516,5023900
2013-11-05,69.40526580810547,69.64751542639863,69.12738325183744,69.38388604532055,4338200
2013-11-06,69.75439453125,69.9610220895833,69.4480164876515,69.58339447593733,4365900
2013-11-07,69.25562286376953,69.88975315197621,68.95637146762556,69.79712927297717,4921000
2013-11-08,69.12024688720703,69.3268743940348,68.62861573523777,69.2342450836682,5052400
2013-11-11,69.17724609375,69.4622497505356,68.97062401447286,68.99199833743307,2573800
2013-11-12,69.58338928222656,69.65463884695596,69.00625530513375,69.16300760913443,3845000
2013-11-13,69.90400695800781,69.91113354445466,69.33399963409994,69.4480032732786,4164800
2013-11-14,69.51213073730469,70.32438769299083,69.24138023074033,69.9538867136926,6594200
2013-11-15,69.05613708496094,69.61901794082729,68.68563605167864,69.43376470618921,7096800
2013-11-18,69.57626342773438,69.67601390660478,69.04188353264577,69.04188353264577,4966700
2013-11-19,69.8114013671875,70.03227668096962,69.3696453036291,69.48364353668002,3836600
2013-11-20,69.49789428710938,69.86127417451209,69.24139147670675,69.51926861531061,3815100
2013-11-21,69.61189270019531,69.88976983953371,69.53351653925432,69.68314770904635,12884800
2013-11-22,70.01800537109375,70.18901083037437,69.37675392476595,69.71162738487354,16495500
2013-11-25,70.48116302490234,70.7305392882426,70.28878860346697,70.36003818785063,20420800
2013-11-26,69.96815490722656,70.60228542756742,69.93253283426041,70.39566327077763,5517400
2013-11-27,69.73104858398438,70.16211241880137,69.65202057968155,70.13337446439995,3501500
2013-11-29,69.95377349853516,70.119009901699,69.745427418768,69.86755962653343,2920300
2013-12-02,69.3359146118164,69.89629102422502,69.20659655655254,69.89629102422502,4810000
2013-12-03,69.24250030517578,69.50832221867675,69.01978805515266,69.50832221867675,4851900
2013-12-04,68.76117706298828,69.0629174113033,68.50972677272576,68.72525872506806,4951300
2013-12-05,68.56002807617188,68.84021637145094,68.39478615477869,68.51692387111545,5076500
2013-12-06,69.54427337646484,69.65203387453356,68.89768298202559,68.92642094191237,5811200
2013-12-09,68.76834106445312,69.32871738497643,68.57436127276213,69.06289545907539,5056100
2013-12-10,68.56002807617188,68.75400248013194,68.30139188342103,68.7468221000933,4190600
2013-12-11,68.4378890991211,68.76836742814544,68.37322731670025,68.61749724410426,5194500
2013-12-12,67.60448455810547,68.73960901210523,67.56138037012197,68.53844882657695,5719900
2013-12-13,67.8487548828125,67.97807292886274,67.56856669657097,67.66914679003183,3277500
2013-12-16,68.57439422607422,68.81147831598092,68.17925955743587,68.22954962367007,4868100
2013-12-17,67.8056640625,68.66778643622948,67.72663604121134,68.56720631480853,4460300
2013-12-18,68.91922760009766,68.93359383787882,67.9421589948343,68.00682076786156,5526800
2013-12-19,68.35166931152344,69.18505366322948,68.20079914051564,68.88330784000878,5476500
2013-12-20,69.3359146118164,69.3359146118164,68.49534451199908,68.5815583759098,8039500
2013-12-23,69.18505096435547,69.65202769778944,69.00544284189473,69.48679129460031,3296300
2013-12-24,69.35746765136719,69.50833780436079,69.07009358229172,69.07009358229172,1155900
2013-12-26,69.5729751586914,69.62327067720634,69.42210504675556,69.52268512137945,1978300
2013-12-27,69.6232681274414,69.88908453726846,69.54424014581639,69.5945301812866,1987100
2013-12-30,69.69513702392578,69.79571713350161,69.53708099996236,69.60173729274473,2293000
2013-12-31,69.70950317382812,69.74542699057619,69.42212908345823,69.65202725951318,2560900
2014-01-02,69.26408386230469,69.70950852945437,69.15631788498595,69.55145249354759,2925800
2014-01-03,69.35746765136719,69.70949800835228,69.3287296963392,69.61610376541465,2965300
2014-01-06,68.86174011230469,69.41493609498261,68.62465611972843,69.41493609498261,5022700
2014-01-07,69.24250030517578,69.74540618359359,69.06289223742726,69.24250030517578,4881800
2014-01-08,68.54563903808594,68.76116547289477,68.2510791182816,68.6462191372376,7669800
2014-01-09,68.58157348632812,69.22097804456564,68.4307033021468,69.1419500222032,7709000
2014-01-10,68.82582092285156,69.12756119261061,68.71086911654118,68.8473730162338,5512200
2014-01-13,68.12893676757812,68.84736907225059,67.95650906799023,68.84736907225059,5753200
2014-01-14,68.40914916992188,68.53846724983725,68.10740881052114,68.11458918964584,3842200
2014-01-15,68.58157348632812,68.73244367050944,68.35886114032792,68.60312558675322,3560600
2014-01-16,69.01262664794922,69.18505440054295,68.38759385871376,68.53846403132938,5058000
2014-01-17,68.20079803466797,69.06291484964939,68.08584620269443,68.98388683546884,5975300
2014-01-21,68.30854034423828,68.94075875747232,68.25825030547196,68.50970049930352,6462700
2014-01-22,68.16485595703125,68.48096792907411,68.02835754463385,68.30135985063222,4976400
2014-01-23,68.48098754882812,68.93359806294097,67.891873102006,67.92779692046796,7146000
2014-01-24,67.84159088134766,68.94079188630975,67.81285291949956,68.05712285460547,6944800
2014-01-27,67.58294677734375,68.02119105200389,67.47518080335755,67.74100280836284,6607600
2014-01-28,67.6619644165039,67.9924426664971,67.60448850836484,67.76973037396358,3682800
2014-01-29,66.92198944091797,67.7481879241303,66.72082921499603,67.50391802036432,8013500
2014-01-30,67.38898468017578,67.53266901751783,66.76394630220497,67.0944246630566,4987400
2014-01-31,67.65481567382812,67.9278236466616,66.77832677807136,66.85017444326373,5972500
2014-02-03,66.82857513427734,68.06427965972333,66.74955261807219,67.92059538145448,6904700
2014-02-04,66.87887573242188,67.15188357789523,66.51965949886618,66.71363933446091,6300400
2014-02-05,67.2309341430664,67.41772270071363,66.25386522150187,66.67055750771164,4958900
2014-02-06,68.20795440673828,68.38756245564484,67.3099141622055,67.43923217666634,5356900
2014-02-07,68.91204071044922,68.93359280740118,67.97808179490058,68.31574044915598,6591200
2014-02-10,68.15052795410156,68.9192507418288,67.90625798016227,68.78993263355663,6968200
2014-02-11,68.49533081054688,68.85454694984583,68.12893429492831,68.29417064953199,5343500
2014-02-12,68.17204284667969,68.73241918290702,68.10020071045633,68.56718281771364,4268900
2014-02-13,68.58157348632812,68.66778736923413,67.89187886669683,68.0283828109966,3617900
2014-02-14,68.81146240234375,68.94796632821357,68.33011395382002,68.46661787968984,3532900
2014-02-18,68.98387908935547,69.37901911588844,68.63903459456706,68.99106494834818,5454200
2014-02-19,68.64618682861328,69.44364686884786,68.58152509176094,68.81142313607711,4505500
2014-02-20,68.78992462158203,69.04856080800299,68.60313060223221,68.72526831557978,2975000
2014-02-21,69.29280853271484,69.68794857795834,68.99825407451898,68.99825407451898,5284300
2014-02-24,69.32872772216797,69.64483973726998,69.14193376040731,69.27843767260214,4472200
2014-02-25,69.41492462158203,69.48676674894767,68.89046667752717,69.29997283283463,4233600
2014-02-26,68.89046478271484,69.50113107033108,68.76114676453234,69.42210308804162,4265900
2014-02-27,68.89047241210938,69.12957613108715,68.57891452832276,69.00639797022383,4179600
2014-02-28,68.94120788574219,69.16581751042277,68.73108688643786,68.91222510708988,5104700
2014-03-03,68.33983612060547,68.6876239795571,68.10797939060454,68.28187055613012,5149300
2014-03-04,68.8180160522461,69.02813146512025,68.73106774050976,69.01364284377999,4655200
2014-03-05,68.84703063964844,69.27451982769567,68.78907059494985,69.07888740214652,3913300
2014-03-06,69.2527847290039,69.31799185282627,68.65140434576946,68.87601403169263,4362900
2014-03-07,69.19479370117188,69.404914680471,68.81078159441459,69.36868482863004,3724000
2014-03-10,68.97740936279297,69.32519706350817,68.81076535062162,69.02088628031859,4388900
2014-03-11,71.5713119506836,71.6727488823829,69.34693547202322,69.51358501861391,16354400
2014-03-12,71.5206298828125,71.78146941932701,71.11488194952372,71.30326728765108,6701700
2014-03-13,70.54971313476562,71.65827811300504,70.28887366601523,71.65827811300504,5480200
2014-03-14,70.70185852050781,70.9264681035999,70.28886367500691,70.52072033339516,5510700
2014-03-17,70.71638488769531,71.15111566322118,70.61494789100267,71.10764424403911,5554300
2014-03-18,70.5062484741211,70.99894471995475,70.44104135953602,70.86128341319719,3269500
2014-03-19,69.62953186035156,70.49175157131343,69.3976751558786,70.47725741784019,5556900
2014-03-20,69.9917984008789,70.24539077177177,69.41940103349269,69.51359643403795,4242600
2014-03-21,69.17304229736328,70.57142913130937,69.17304229736328,70.4410094333492,12625800
2014-03-24,69.6875,70.09324786588353,69.54983317640377,69.62228736275439,6393000
2014-03-25,69.49187469482422,69.91211119619571,69.43390913329016,69.87588686616208,4929800
2014-03-26,69.441162109375,69.97008827158493,69.441162109375,69.58607603705634,4127000
2014-03-27,69.67300415039062,69.81791250806818,69.20928524444355,69.39042345549025,3756000
2014-03-28,70.45551300048828,70.60042687779608,69.70922449802549,69.75269589726823,4344100
2014-03-31,71.02791595458984,71.33222682897934,70.49899546261281,70.60043242074264,4853300
2014-04-01,70.9337158203125,71.38293499055872,70.73808348083851,71.07862416015344,4494000
2014-04-02,70.7091064453125,71.1728253318116,70.5279682418626,71.1148597800118,3701200
2014-04-03,70.75983428955078,71.08588086229707,70.53521914611042,71.0279153073512,2575700
2014-04-04,70.9119873046875,71.31048804356301,70.56419951478401,70.83952759952886,5409000
2014-04-07,70.28886413574219,71.18006092655483,69.97005915540657,70.70185898395022,5994600
2014-04-08,71.06414794921875,71.16558491040391,69.93384169502733,70.2671408850926,5579500
2014-04-09,71.25979614257812,71.39746300024223,70.93374945936482,71.06416923823043,3669500
2014-04-10,72.04230499267578,72.34661592590173,71.12212511518763,71.40470034288325,8873000
2014-04-11,71.94087982177734,72.25968496294585,71.77423017219337,71.83944282738766,6553600
2014-04-14,72.5350112915039,72.57124115766862,71.96261367909045,72.20896460762731,6155900
2014-04-15,73.05667114257812,73.13637240480168,72.50600938391548,72.96247572655031,5882400
2014-04-16,73.05667114257812,73.2667921495402,72.81032027900537,73.17984381041451,3532700
2014-04-17,72.6364517211914,73.17986657197339,72.6364517211914,72.98423965796863,4545200
2014-04-21,72.21617126464844,72.7378501291039,71.91186043634902,72.31036666000216,6357000
2014-04-22,71.96257781982422,72.65090071074783,71.65101992092329,72.46976252598913,8934300
2014-04-23,71.8249282836914,72.44804423117321,71.7379854719777,71.98433080903327,4179100
2014-04-24,72.33935546875,72.52774076167165,71.8249235973752,72.10749877280784,4764900
2014-04-25,72.98421478271484,72.99870340818744,72.01331103905585,72.34660470392392,5047100
2014-04-28,72.67988586425781,73.31024875790894,72.20168391533883,73.16534041651504,7444500
2014-04-29,73.5421142578125,73.74498817130116,72.31761817267082,72.607440418183,6626100
2014-04-30,73.45513153076172,73.73046502262943,73.20878633056108,73.578309658759,4519800
2014-05-01,73.15084838867188,73.2088139380713,72.6943821249242,72.9479744936729,3531400
2014-05-02,73.49137115478516,74.10723976520305,73.17256623875335,73.25951454164321,4934000
2014-05-05,73.28128051757812,73.45517166731759,72.88277420786271,73.45517166731759,3483500
2014-05-06,73.14361572265625,73.39721366926399,73.03493720599594,73.22331698680723,3075100
2014-05-07,73.87541198730469,73.98409602636444,73.14361202072891,73.36822717555901,4322600
2014-05-08,73.8681640625,74.03481365753159,73.49139899637176,73.90439391773724,3384500
2014-05-09,74.5782470703125,74.59273569931048,73.77399272734584,73.7957284347934,3649400
2014-05-12,74.52749633789062,74.86803701499453,74.47677786648572,74.59270343202603,3817400
2014-05-13,75.01295471191406,75.07816734208367,74.26666617046985,74.86079927871762,3955400
2014-05-14,74.65066528320312,75.19407981902522,74.29563600094427,75.12887272811786,3826300
2014-05-15,74.26667022705078,74.62894666718273,74.01307782453837,74.46954414906071,3810800
2014-05-16,74.73037719726562,74.91151540174376,74.15797980776681,74.3028936880889,5081000
2014-05-19,73.96961212158203,74.50578531445802,73.71601968057344,74.4912911590286,3859800
2014-05-20,73.5638427734375,74.22318845577308,73.49863567671368,73.94061331417184,3123700
2014-05-21,74.31014251708984,74.32463667049184,73.57834807938445,73.69427366710121,2735600
2014-05-22,74.2304458618164,74.61446356019329,74.07104885980547,74.3753597653266,3376000
2014-05-23,73.90438842773438,74.52025722571895,73.73773884508238,74.28115346587454,4174300
2014-05-27,74.16522216796875,74.55648132811125,73.95510120078673,74.04929107108255,5093200
2014-05-28,73.39720916748047,73.93337675241953,73.08565120706321,73.78846285926046,8930700
2014-05-29,74.01803588867188,74.12759597084161,73.674755804144,73.9669085933203,4123700
2014-05-30,74.08375549316406,74.10566638958362,73.5578716892711,73.95228454219082,4232800
2014-06-02,74.52201080322266,74.86529646886821,74.00343234515758,74.05455964179899,3001400
2014-06-03,74.09838104248047,74.5000994942264,74.06917022095111,74.23715752080314,3363500
2014-06-04,74.82148742675781,74.84339833299059,73.966923076471,74.0326613676277,3589200
2014-06-05,74.82875061035156,74.93831066018578,74.3174778077327,74.74840694530351,2407800
2014-06-06,74.47088623046875,74.95294839282634,74.339415238231,74.7995664972919,2955500
2014-06-09,74.0472412109375,74.50008688238533,73.9011648381899,74.20062307405941,3802600
2014-06-10,73.68205261230469,74.21524201770902,73.53597622388386,74.21524201770902,5961200
2014-06-11,73.34609985351562,73.74051293650159,73.28036712591418,73.5798255057526,6606100
2014-06-12,72.864013671875,73.77700500246326,72.70332630609838,73.33877027827226,5609100
2014-06-13,73.39720153808594,73.47023973407154,72.60838122000139,72.60838122000139,4014600
2014-06-16,73.8427505493164,73.89387784982527,73.2146119588029,73.34608295617684,4038600
2014-06-17,73.96693420410156,74.38325820253144,73.63825941624715,73.70399771729355,6479700
2014-06-18,74.02533721923828,74.34671195621671,73.70396805471678,74.31019007339391,5441200
2014-06-19,74.43437194824219,74.52201556382208,73.7989278729992,73.7989278729992,3372200
2014-06-20,74.44168090820312,74.71923391779988,74.25178266974667,74.64619013266909,5418100
2014-06-23,74.43437194824219,74.49279916780954,74.14221356057445,74.23716266827192,2919000
2014-06-24,74.11299896240234,74.63157746617487,74.06917715354936,74.38324088027291,4586400
2014-06-25,74.2152328491211,74.42704748688351,73.79160357359626,73.83542537021734,3662000
2014-06-26,74.1422348022461,74.41978228519574,73.82085992649225,74.21527302697396,2783200
2014-06-27,74.10568237304688,74.2590642535218,73.87926229793489,73.95230049257194,2785500
2014-06-30,73.57980346679688,74.12029840332639,73.40451067323842,73.96691093994812,4265700
2014-07-01,73.76968383789062,74.03262573103005,73.21458366654565,73.35336010249581,3787700
2014-07-02,73.42639923095703,73.82811756525518,73.2949282826827,73.78429020085991,3216700
2014-07-03,73.75508880615234,74.0034197554617,73.57979047109772,74.0034197554617,2295800
2014-07-07,73.16346740722656,73.58709669581785,72.9078309649582,73.58709669581785,3951700
2014-07-08,73.10504150390625,73.45563263803102,72.84210511888396,72.88592692097818,3115100
2014-07-09,73.82081604003906,73.95228699537353,73.229199527262,73.25841591427589,5604900
2014-07-10,73.46296691894531,73.8062526964339,73.15620303915266,73.2000248584204,3274900
2014-07-11,73.3095703125,73.63093954360134,73.06123371726095,73.5213850173498,2812500
2014-07-14,73.38258361816406,73.572487353319,73.25841814890961,73.54327096541392,4159900
2014-07-15,73.2584228515625,73.30955014056434,72.93704813643288,73.27302826022449,3787000
2014-07-16,72.5061264038086,72.89323945873879,72.1336299050845,72.78367937045505,7128700
2014-07-17,71.8487777709961,72.37465616983826,71.83416678709465,72.27970706430932,4099100
2014-07-18,72.3016128540039,72.37465105097249,71.673474329651,72.04597637838522,4044900
2014-07-21,71.2498550415039,72.03867541983975,71.2498550415039,71.95833172638167,6510600
2014-07-22,70.31492614746094,70.73855539165017,69.46036774182315,69.67218236391777,12398100
2014-07-23,69.64295959472656,69.98624513795374,69.25585226213605,69.759825129636,9483200
2014-07-24,69.64295959472656,69.84016879177237,69.58452682727186,69.73791423495433,7781700
2014-07-25,69.91322326660156,70.00817235651328,69.62106493366053,69.65028132420031,4992500
2014-07-28,69.95703125,70.09580768454205,69.67217846406517,69.75252212906788,4863100
2014-07-29,69.98626708984375,70.42450183829997,69.90592340250677,70.03739438428936,6712700
2014-07-30,70.08121490478516,70.36606776469125,69.8036675360825,70.25651325892511,6049800
2014-07-31,69.06596374511719,69.65028040327331,69.06596374511719,69.54802582396448,6826000
2014-08-01,68.8760757446289,69.1901450196134,68.80303197222429,68.8760757446289,4576400
2014-08-04,68.88338470458984,68.91260110289474,68.30637337609905,68.87608478435726,7652700
2014-08-05,68.24063110351562,68.87607513963493,68.18219831508817,68.65695496926072,5494800
2014-08-06,68.26985168457031,68.62043729172083,68.18950798866963,68.21141889255931,3728000
2014-08-07,68.15298461914062,68.65695768747985,68.10185732035676,68.52548669454168,3261100
2014-08-08,68.32825469970703,68.54006372664128,67.86810362872251,67.97766367288337,6505900
2014-08-11,68.31365203857422,68.59850484459817,68.26252475473545,68.45973397272496,4288400
2014-08-12,68.33556365966797,68.40130192384636,68.03610544328387,68.2406145808059,3235900
2014-08-13,68.62773132324219,68.89067327092354,68.32827306599536,68.47434944917086,3595800
2014-08-14,68.40863037109375,68.57661768795221,68.1164719741067,68.40132487874314,5644500
2014-08-15,68.5035629272461,69.00023041036202,68.22601558203236,68.70807208397795,4281300
2014-08-18,68.83953094482422,69.1974219061596,68.60580543931562,68.7664927691882,4398800
2014-08-19,68.98561096191406,69.2047310729215,68.84684009256819,69.09517101741778,3331700
2014-08-20,68.79570007324219,69.13898558312063,68.65692365713264,68.98559819033909,4150400
2014-08-21,69.04405975341797,69.21205262049381,68.83224508295591,68.88337237772556,5981600
2014-08-22,68.98561096191406,69.28507474212716,68.85414000980077,69.04404373451017,3586900
2014-08-25,68.97830963134766,69.6575752746058,68.95639873518704,69.2777678329691,4614300
2014-08-26,68.73731231689453,69.23397997229046,68.69349050309619,68.94182154456487,6392400
2014-08-27,69.13174438476562,69.15365529769508,68.36482899747429,68.82498045883311,9027300
2014-08-28,69.35273742675781,69.80949213215777,68.88861978941821,68.99175704216034,5492400
2014-08-29,69.0433120727539,69.39692383522097,68.88860622410486,69.39692383522097,4635100
2014-09-02,68.36553192138672,69.02855519116872,68.28449474475896,68.68967500734173,6727100
2014-09-03,68.61603546142578,68.87387857790756,68.54236680251076,68.71180415595947,4855300
2014-09-04,68.52027130126953,68.68234573394301,68.36556542114269,68.5276342332574,4849800
2014-09-05,68.56444549560547,68.60128262387563,68.36553961639386,68.58654552434491,4004600
2014-09-08,68.14453887939453,68.38028192420904,67.92352731588699,68.36555044290206,5251900
2014-09-09,67.10578918457031,68.29187290274848,67.01002050926947,68.21820425862803,9795200
2014-09-10,68.51289367675781,68.55709374506748,66.69324925723636,66.92162377091365,12031400
2014-09-11,68.48340606689453,68.7265176161793,68.08558870094394,68.46867458840293,5960100
2014-09-12,68.76336669921875,69.13171558178297,68.38028633439745,68.46869208961371,7791300
2014-09-15,68.859130859375,69.18327962684636,68.69705647563931,68.70442502596106,6255000
2014-09-16,69.06539916992188,69.3306107523789,68.69705037434896,68.71178185312698,5826200
2014-09-17,68.9033432006836,69.1243547852694,68.64550009903887,69.0138489929765,5738600
2014-09-18,68.86649322509766,69.17590486413864,68.70441885591717,68.82965609735425,5488900
2014-09-19,69.51480865478516,69.9347261989002,69.10225966282891,69.21275984241828,9043100
2014-09-22,69.1980209350586,69.59583840057768,69.11698373168112,69.33799530826657,4875700
2014-09-23,68.88861846923828,69.36010465004068,68.83704984385547,69.0285872406724,4702700
2014-09-24,69.98628997802734,70.22203304576259,68.99911763831041,69.028580603789,7817900
2014-09-25,69.36746978759766,70.21466778852978,69.2937955087702,69.9420931908783,4569100
2014-09-26,69.76526641845703,69.89787222258241,69.2643117829342,69.28641743408602,3454400
2014-09-29,70.88505554199219,71.68069042879878,69.23485422238252,69.44112868476404,16489100
2014-09-30,69.84630584716797,70.98818950928084,69.50005703527991,70.892420833452,10036400
2014-10-01,69.38953399658203,70.0451942716029,69.25692823193987,69.5221397612242,5334600
2014-10-02,69.3379898071289,69.69160155694134,69.2495840593971,69.27168409119069,4116000
2014-10-03,69.88314056396484,70.19992078298023,69.6252975067563,70.19992078298023,3948600
2014-10-06,69.13172149658203,69.56637613788625,69.02122131880486,69.51480751473746,4278600
2014-10-07,68.37289428710938,68.91068594389014,68.36553135879,68.88858591782008,6093800
2014-10-08,69.12433624267578,69.21273635635032,68.37290155310275,68.5718130499836,5586600
2014-10-09,68.3066177368164,69.24958997764831,68.299249185403,69.08014701848731,5068600
2014-10-10,67.99718475341797,68.84438242253074,67.99718475341797,68.33606494517431,5844900
2014-10-13,66.840576171875,68.08559130229393,66.78900756434945,67.87194832238615,6173800
2014-10-14,67.11314392089844,67.58462989088957,66.76689518218954,66.8995009625343,5539500
2014-10-15,66.62692260742188,67.02473992537348,65.98599376951832,66.66375410948515,10468500
2014-10-16,66.2364730834961,66.51641610232203,65.81655012442361,65.853387246623,7526400
2014-10-17,67.06896209716797,67.14263074614816,66.03758414977237,66.60484455009089,7074500
2014-10-20,67.47411346435547,67.47411346435547,66.8258217633012,67.0099961168393,5403200
2014-10-21,67.04688262939453,67.37102590844131,66.08180448390152,66.26597897312149,11422200
2014-10-22,66.99528503417969,67.41520246324231,66.74480491443593,66.818473554164,6455600
2014-10-23,67.05422973632812,67.84986469091052,66.95109249635168,67.65832169357223,5966700
2014-10-24,67.5330810546875,67.62148680764469,66.7079831759848,66.81848334148408,5256600
2014-10-27,67.78355407714844,67.84248561902648,67.40783669232047,67.4225681726507,4071100
2014-10-28,68.21818542480469,68.21818542480469,67.54779364166738,68.12978532448875,5083000
2014-10-29,68.31398010253906,68.60129175550962,67.77618830921418,68.25504293768424,5295900
2014-10-30,68.7928466796875,68.80021523231558,68.13718600975896,68.19612318966597,3965500
2014-10-31,69.05067443847656,69.25694888486458,68.38764541754567,69.17591169227542,6795900
2014-11-03,68.9622802734375,69.08751754826218,68.5276256565262,69.08751754826218,4064900
2014-11-04,69.59580993652344,69.71367860741935,69.08011834225653,69.19799263370803,5802200
2014-11-05,69.72106170654297,70.03784190523633,69.53688730312953,69.98627329710284,4123800
2014-11-06,69.73579406738281,69.93469993650756,69.55898260532041,69.79472560084726,3597300
2014-11-07,70.05992889404297,70.05992889404297,69.29376284398343,69.54424290869314,4674600
2014-11-10,70.06732177734375,70.49460781106431,69.9715530955337,70.3988335086966,5123900
2014-11-11,70.08940887451172,70.29568330222249,69.93470305372864,70.14834603115955,3429000
2014-11-12,70.22938537597656,70.26621688459656,69.86103656643579,69.93470520423259,2725700
2014-11-13,70.33988952636719,70.88504417820263,70.1188779974994,70.35462100536527,4099800
2014-11-14,70.877685546875,71.59228322024903,70.18518790536905,70.26622510259028,7793400
2014-11-17,70.70086669921875,70.78190388157132,70.42828657489135,70.76716678265826,3596500
2014-11-18,71.02503967285156,71.42285155039359,70.2588732639796,70.75245945547957,6258600
2014-11-19,71.13551330566406,71.68067353698339,71.03974464800018,71.26811908888278,6631300
2014-11-20,71.19445037841797,71.68067345652628,71.09131317164764,71.12078174794719,4551900
2014-11-21,71.22393035888672,71.82802221836245,71.03238739254842,71.80592218773825,5483700
2014-11-24,71.58489990234375,71.76907429066134,71.11341391789524,71.33442543209885,5222900
2014-11-25,71.45968627929688,71.71016083230485,71.34918048568117,71.60702359041237,5369000
2014-11-26,71.51171112060547,71.6380555375086,71.28874571527986,71.6157601310252,3667800
2014-11-28,71.9502182006836,72.38871541435971,71.32592400253091,71.33335769638902,3442900
2014-12-01,71.18467712402344,72.04680373920762,71.08062814222455,71.4596669589172,5273700
2014-12-02,70.6867446899414,72.09141195377153,70.42662217261093,70.7610645991436,10389700
2014-12-03,70.97659301757812,71.02861751863459,70.4414806237142,70.45634800701339,5316700
2014-12-04,71.09551239013672,71.34076752242453,70.7090397915546,70.89484239888372,5149300
2014-12-05,71.57857513427734,71.80154047043256,71.08805933307755,71.18467462128132,6209300
2014-12-08,68.82868957519531,72.46298660353791,68.54627177125883,69.42325993850112,11792700
2014-12-09,67.8996810913086,68.37533514303193,67.63955866774795,67.85509029591064,10066800
2014-12-10,66.88892364501953,67.8476655643608,66.52475220395395,67.66186299868019,12020800
2014-12-11,67.6098403930664,67.74361847089794,66.90378722163825,66.95581171467026,8972700
2014-12-12,67.3497085571289,67.92197790085773,67.20849680844204,67.37943764476002,8691000
2014-12-15,65.7443618774414,67.70643600162865,65.58828844372682,67.60238704581893,10121600
2014-12-16,65.93763732910156,67.44635375658243,65.12010690246495,65.45454936373797,15106700
2014-12-17,68.11522674560547,68.41251200670976,65.77411311099567,66.09369377438995,14010000
2014-12-18,69.61650848388672,69.66853297885693,68.11522615028593,68.58344660501781,11277100
2014-12-19,69.28206634521484,70.09959655617527,69.0813963851937,69.49759801660123,10284300
2014-12-22,69.78001403808594,69.87662933500134,69.14085273173588,69.32665530520404,5342200
2014-12-23,70.02527618408203,70.4712012351966,69.86920269970416,70.12932517366728,3590000
2014-12-24,69.73542022705078,70.2630988325108,69.6685283549603,70.02527177553947,1729700
2014-12-26,70.44145202636719,70.55293467487076,69.82458628552476,69.93606893402833,3884300
2014-12-29,70.63470458984375,70.9468515417161,70.06242950783341,70.09959228935152,4183200
2014-12-30,70.04756927490234,70.60497698796523,69.91379119695748,70.49349431130375,3257700
2014-12-31,69.63880157470703,70.45633742602627,69.54218627875316,69.67596435712863,4589300
2015-01-02,69.3117904663086,70.60497473161932,69.15571699206801,69.9583797638418,6019700
2015-01-05,68.5462875366211,69.62394018894489,68.53885384605316,69.34152232005346,6211900
2015-01-06,68.67263793945312,69.72056159152767,68.28616537949677,68.87330224040527,6484100
2015-01-07,69.86921691894531,69.89894601776913,69.01452375605913,69.3118090740516,6400300
2015-01-08,70.12934875488281,70.59014134244948,69.89895529622277,70.03273342356492,5476700
2015-01-09,69.27464294433594,69.83948445427507,68.95506223518893,69.83948445427507,4283300
2015-01-12,69.12601470947266,69.7205797461748,68.8212956628437,69.51248169981673,3989600
2015-01-13,68.99219512939453,70.18876384723184,68.68747626585841,69.82458681467746,5971200
2015-01-14,68.03348541259766,68.41252433054183,67.72133838381811,67.96659352343303,7745500
2015-01-15,67.91456604003906,68.63548105363517,67.60985271680765,68.35306313573223,5737500
2015-01-16,67.99629211425781,68.14493754001708,67.43888452570775,67.66928351807383,6927000
2015-01-20,67.4834976196289,68.28616043556958,67.05986797473855,68.10779155094328,6967300
2015-01-21,67.14160919189453,67.23079646043094,66.54704441238401,67.007836794456,8682200
2015-01-22,67.55039978027344,67.60985797927431,66.77002651156347,67.34973544645297,7536400
2015-01-23,66.56193542480469,68.10781473851904,66.46532009404,67.57270223221434,11496000
2015-01-26,67.38687896728516,67.40917436984905,66.36125075763209,66.43557065626003,7753300
2015-01-27,66.56934356689453,67.11931757828094,66.56190987653618,66.85919511818226,6640800
2015-01-28,65.98223876953125,66.75517850452096,65.97480507556821,66.69572029331087,6921300
2015-01-29,69.31924438476562,69.49018530341507,67.82539528595412,68.0037642274062,19146900
2015-01-30,68.70238494873047,69.34154647434778,68.60576394842424,68.85845848355612,12385400
2015-02-02,68.75440216064453,68.8658848651828,67.95173349226403,68.41252602490748,6751400
2015-02-03,69.80229949951172,69.84689596655964,68.70977961585935,68.85099136606424,7373000
2015-02-04,69.89892578125,70.18134363294453,69.49015787857249,69.49015787857249,6464800
2015-02-05,70.1144790649414,70.47865630922607,69.86179020506687,69.93611012442724,5564100
2015-02-06,69.85433959960938,70.21851675572303,69.60165080091338,69.9732559779922,4662700
2015-02-09,68.91047668457031,69.45301716019732,68.77669857122122,69.34154012427805,8203000
2015-02-10,69.87663269042969,70.03271184945297,69.0962652465374,69.36382141879899,4697600
2015-02-11,70.0178451538086,70.10703243551825,69.34152669580631,69.98068803911323,5153900
2015-02-12,70.671875,71.0509138958828,69.69083748790281,69.89894116522258,7910100
2015-02-13,71.08807373046875,71.23671353784673,70.55296135151575,70.90227113612369,6762200
2015-02-17,70.12187957763672,70.89481884778671,69.9286433425383,70.69415459343952,5972000
2015-02-18,70.29283905029297,70.44891254955039,69.86177566934666,70.03271655153061,5617500
2015-02-19,70.00296783447266,70.27052394970376,69.66851985531197,70.23336117304915,6312200
2015-02-20,70.00296783447266,70.2259274836695,69.53474179769641,69.98067243657734,8155000
2015-02-23,70.0921630859375,70.16648865373163,69.82460691856382,69.95095698166702,5682000
2015-02-24,70.59012603759766,70.85024854262988,69.6313839445543,69.92123554591097,5643600
2015-02-25,73.32513427734375,73.80821645826886,70.50093273992309,70.53809552472265,16751600
2015-02-26,74.59957122802734,74.87694512518459,72.7179002489846,73.04025817990014,16098800
2015-02-27,74.14226531982422,74.44213406403539,73.8348982841396,74.34467343344242,7552500
2015-03-02,74.96691131591797,75.78404790389119,73.6999686844321,74.14227643534716,12363300
2015-03-03,74.77198791503906,75.29675967101016,74.62955468772874,74.94441430959891,8149700
2015-03-04,75.15433502197266,75.3267614493359,74.35218923106764,74.82447875372397,9179400
2015-03-05,74.29972839355469,74.90695872583532,73.81244218095472,74.22476260381387,9438800
2015-03-06,72.81535339355469,74.20973829610558,72.68791102664393,73.66997566034124,9677900
2015-03-09,73.25017547607422,73.65499752284778,72.57547206478495,72.57547206478495,8460300
2015-03-10,72.18563842773438,72.80786515430209,72.04319946828551,72.65043532942134,7838900
2015-03-11,71.18859100341797,72.54549051013863,71.17360013506898,72.19315076847401,9391100
2015-03-12,72.1556396484375,72.29807858552252,71.42845981945464,71.53341301956347,8765100
2015-03-13,72.23062896728516,72.75540085855052,71.78082857443079,72.14816489465092,5152800
2015-03-16,72.83036041259766,73.07025431625098,72.52299331004588,72.66543228142565,4772200
2015-03-17,72.09567260742188,72.83035080770154,71.9607319469428,72.64293354145398,4530700
2015-03-18,72.71791076660156,72.89782976909402,71.46596460340822,71.97573987673849,5831000
2015-03-19,71.9532470703125,72.72540537471743,71.9532470703125,72.6129538590371,3615400
2015-03-20,72.75538635253906,73.25766326242348,72.05819388078862,72.20812540867254,10014000
2015-03-23,73.93235778808594,74.30719228275771,72.56796045626155,72.56796045626155,9232000
2015-03-24,74.48713684082031,74.8469748764542,73.52006282583024,73.8124333746037,7549900
2015-03-25,73.57252502441406,74.67453951665694,73.55003586653504,74.23973006592469,6030500
2015-03-26,73.19767761230469,73.44506974454565,72.11815246763165,73.16769016722817,10445800
2015-03-27,72.68793487548828,73.3551400970728,72.54549587778276,72.9878037403575,4642400
2015-03-30,73.37759399414062,73.70745015891296,72.99526695172193,73.04024525800175,4074500
2015-03-31,73.04776763916016,73.78993853513677,73.04776763916016,73.33263987207997,5617000
2015-04-01,72.18563842773438,72.73289366857868,71.96823370208344,72.57546384369793,7484800
2015-04-02,71.84078979492188,72.14815114564945,71.00115836061609,71.9382447169533,6614300
2015-04-06,72.17814636230469,72.5829683981468,71.55591958205541,71.78082261958609,4501300
2015-04-07,72.23062896728516,72.56048525782211,72.0432116603023,72.14816489465092,4443700
2015-04-08,72.60543823242188,73.09272420435497,71.95322989232217,72.51548161697106,4445200
2015-04-09,72.38056182861328,73.04026864991586,72.12567133251599,72.60545915155822,4790000
2015-04-10,73.31766510009766,73.43011092756537,72.38807098319388,72.642961537675,5937800
2015-04-13,73.04776763916016,73.28016325760731,72.77038798007787,73.0252784786036,5197900
2015-04-14,73.15271759033203,73.2726616811,72.69541894776553,72.83785791760414,4961100
2015-04-15,72.29812622070312,73.13025979806396,72.1781763589641,72.71793929774131,6604400
2015-04-16,71.69083404541016,73.04773862849338,71.60087743890988,72.24559314325401,5071700
2015-04-17,71.12860107421875,71.48094646101822,70.8137414296614,71.31601834638688,6933600
2015-04-20,72.10316467285156,72.16313956555652,71.21855502377542,71.21855502377542,4382400
2015-04-21,71.1211166381836,72.38056108002425,70.87372443793302,72.11067971966398,5981700
2015-04-22,73.34764862060547,74.47965097393859,72.14817876915485,72.71792909341518,19254300
2015-04-23,72.71791076660156,73.10773622525554,72.38805449576377,73.04776703743936,6336500
2015-04-24,74.0223388671875,74.27722938194418,72.59796617284306,72.71041770230859,7741300
2015-04-27,72.29812622070312,74.17229991394389,72.16318548600883,74.0223625867701,7282700
2015-04-28,72.59043884277344,72.63541714521543,71.80328423292083,72.17062038174288,4357400
2015-04-29,72.73287963867188,73.22016560427166,72.02069641784776,72.40302918710545,5697200
2015-04-30,72.38056182861328,72.99529032923125,72.27560860066791,72.45552760292826,8300300
2015-05-01,73.31766510009766,73.44510751757657,72.51551912019609,72.51551912019609,6280300
2015-05-04,72.0656967163086,73.93986967936218,72.00572752832758,72.39555298805305,8426300
2015-05-05,72.0656967163086,72.3205872134353,71.64588380283162,72.26061230593231,7637000
2015-05-06,72.26058959960938,72.46300341894732,71.87825683382006,72.04318491786722,6614500
2015-05-07,72.55296325683594,72.9652834852783,72.05818470222553,72.17063047405486,5018900
2015-05-08,73.63998413085938,74.32967819831632,73.31012795967551,73.60999668624991,7543100
2015-05-11,73.10022735595703,73.75993403104867,72.83034605261939,73.52004017469528,4123700
2015-05-12,73.43008422851562,73.72995300495207,72.65792598986859,73.01027137321731,4848100
2015-05-13,72.98027801513672,73.83490024110158,72.92780141247293,73.5200406251189,6526900
2015-05-14,73.25017547607422,73.37012529120207,72.92781749732056,73.21269544848825,4744000
2015-05-15,73.49755859375,74.24722768705281,73.12272404709859,73.27265557795064,7607200
2015-05-18,73.48255920410156,73.654985605569,73.18269615384332,73.4450791825798,4100800
2015-05-19,75.47667694091797,75.77654569194223,73.20518073210629,73.53503121066434,10809200
2015-05-20,75.04939270019531,75.70160703822751,74.5321190624621,75.62663553398816,6185100
2015-05-21,74.42713165283203,74.93690676221526,74.26220357045507,74.8844301650517,4729500
2015-05-22,74.20973205566406,74.57707398048713,74.09728056274926,74.32968183997866,4559500
2015-05-26,73.81241607666016,74.36716958797733,73.49755643938727,74.10478655691658,7123100
2015-05-27,73.96234893798828,74.38216176279805,73.61749615244223,74.19474450607643,8129500
2015-05-28,72.95661926269531,74.264814072279,72.74488294180779,74.10601615853199,10204000
2015-05-29,72.54071807861328,73.93209361481667,72.47265853106799,73.79598028895111,6439100
2015-06-01,72.7600326538086,73.2818015119566,72.47267901286834,72.47267901286834,4919200
2015-06-02,72.8129653930664,73.32717079567591,72.44999449801342,72.82052884921222,4430300
2015-06-03,72.98686218261719,73.40276560506669,72.57096452939257,72.88099690585274,4165700
2015-06-04,72.82807159423828,73.32715575138737,72.6012198794459,72.8205139088697,4702800
2015-06-05,72.24581909179688,72.66171682473187,72.19288644326966,72.54073038633794,3959300
2015-06-08,72.07945251464844,72.62390587138694,72.02651986992251,72.59365782165418,4594600
2015-06-09,71.63330078125,72.26092901082151,71.45181249800574,72.23068096361413,7770900
2015-06-10,72.0643539428711,72.31389033516918,71.6938195445233,71.85261752843205,4828600
2015-06-11,72.28362274169922,72.84320303193775,72.21556895379838,72.21556895379838,4203900
2015-06-12,71.88286590576172,72.25340030574934,71.83749670136626,72.1550926705893,3702400
2015-06-15,71.30813598632812,71.83746234857513,71.09639967220467,71.6408529415014,5861800
2015-06-16,71.55767822265625,71.58792627005133,71.15690169081547,71.27033042624073,3094800
2015-06-17,72.00385284423828,72.2307046187486,71.48964741176378,71.48964741176378,3941000
2015-06-18,72.72220611572266,73.07005002620394,72.04920288925716,72.35924106531847,5101000
2015-06-19,72.65414428710938,73.45569730645124,72.57852705741719,72.88855942992261,8279300
2015-06-22,73.25151824951172,73.3725046434207,72.6995016013599,72.82805144777065,3893300
2015-06-23,73.48594665527344,74.07576913424637,73.44057747049858,73.79597903327655,4541700
2015-06-24,73.0776138305664,73.69012096182117,73.0776138305664,73.16079452360415,3927100
2015-06-25,72.43485260009766,73.28178059973216,72.42728914611901,73.12297691230538,4322300
2015-06-26,73.56913757324219,73.61450676432766,72.5407269343162,72.69196141741826,6039500
2015-06-29,72.17020416259766,73.52377424034525,72.15507725154674,73.0625015301375,8412800
2015-06-30,71.89042663574219,72.82053567515733,71.48964996084598,72.54074546380187,6656000
2015-07-01,72.41219329833984,72.4575624996076,71.63332457403266,71.9131090074865,4446200
2015-07-02,72.72220611572266,73.04736543170687,72.27606037267887,72.6919580666514,3250900
2015-07-06,72.32899475097656,72.80538855451738,72.02652002223492,72.51047728053132,3852500
2015-07-07,73.10784912109375,73.18346634632448,72.01894261625276,72.54071127802648,4794400
2015-07-08,72.47269439697266,73.03983257387846,72.32902331523148,72.32902331523148,4914300
2015-07-09,72.96420288085938,73.55402556133856,72.92639713703939,73.07763165077311,5482500
2015-07-10,73.84136199951172,73.93966383359857,73.31202978639455,73.53888727333413,5179200
2015-07-13,74.43119812011719,74.49169423023342,73.87918121145303,74.10603873977563,4578700
2015-07-14,74.69586181640625,74.90003474690651,74.0757911072444,74.19678332816702,5746100
2015-07-15,74.9151382446289,75.33859937966409,73.9925929696806,74.21945044586388,7572500
2015-07-16,74.00016021728516,74.94539013445953,73.50863950650937,74.94539013445953,7696200
2015-07-17,73.72794342041016,74.27239684874479,73.34985140286959,73.87917791973585,6429800
2015-07-20,73.72037506103516,74.26482845315451,73.65232127163321,73.93966910892911,4947000
2015-07-21,73.59178924560547,73.8942638457155,73.31956268242874,73.80351973491555,4206700
2015-07-22,73.78842163085938,74.29506342686625,73.67499289926344,73.88672345465588,5392600
2015-07-23,73.41790771484375,74.86222204061362,72.70709862056248,74.7866047883573,10380700
2015-07-24,72.6692886352539,73.65989369905354,72.66172517910155,73.65989369905354,5554600
2015-07-27,72.62389373779297,73.16078355009134,72.36678824263306,72.59364569311388,5818600
2015-07-28,73.59938049316406,73.6674342750483,72.83563313751964,72.9566253309476,4863000
2015-07-29,74.26482391357422,74.40093725328386,73.34984204022487,73.71281286919248,6006500
2015-07-30,74.99075317382812,75.11930304740645,73.79598127189698,73.79598127189698,5372500
2015-07-31,75.51252746582031,76.45019392058848,75.0890663125493,75.35372953334368,7647000
2015-08-03,75.17979431152344,75.7544956324894,74.87731962842427,75.618382313556,4427300
2015-08-04,74.96808624267578,75.25543410470524,74.68829606730198,75.21762836374756,2842100
2015-08-05,75.46715545654297,75.72425521307244,75.0588154586209,75.48984005044554,3560600
2015-08-06,75.1268539428711,75.75448783609359,75.02098868006539,75.40664400555711,6740200
2015-08-07,74.80171966552734,75.1798116643655,74.4463122635433,75.08150982158897,3463700
2015-08-10,75.15715026855469,75.58061159182377,74.76393700683737,75.2327675378202,3994500
2015-08-11,74.7185287475586,74.98319772593646,74.40849635090133,74.62779037254928,3585000
2015-08-12,74.3177490234375,74.43117775656596,73.5237594299884,74.3101855694356,4167100
2015-08-13,75.14201354980469,75.48229407559292,74.09847583483104,74.15897194539724,4636400
2015-08-14,75.06639862060547,75.28569271813213,74.65050079638091,74.900042952452,3185600
2015-08-17,76.11747741699219,76.30652340012293,74.80171322055978,74.86220931977576,5204100
2015-08-18,76.193115234375,76.70732067813451,75.61841367506095,75.61841367506095,4257300
2015-08-19,76.4501953125,77.04001786364496,75.76207092590609,75.95867459680399,5989000
2015-08-20,75.43690490722656,76.37457129587206,75.42177799897617,76.17040418829265,6668000
2015-08-21,73.4481430053711,75.15712030165592,73.4481430053711,75.14955684697675,10980000
2015-08-24,70.226806640625,72.50291621281612,66.16609668702569,69.25132863716061,15074800
2015-08-25,68.97156524658203,72.20047524808821,68.8354518498333,72.19291179014995,11468800
2015-08-26,71.95088958740234,71.98869531579592,69.16813297791039,70.27216063150985,16439800
2015-08-27,73.59938049316406,73.62962854152104,72.268495211583,72.50291037481804,10187100
2015-08-28,73.4239273071289,73.73669695993281,73.07301884645705,73.27136043555092,5606000
2015-08-31,72.48563385009766,73.14168196160169,72.3559514099304,73.05776842501021,5086600
2015-09-01,71.30321502685547,71.92111841122865,70.63953692582477,70.76921934623961,7308400
2015-09-02,73.26374053955078,73.32476962469453,72.12710147400443,72.95097084322948,6908100
2015-09-03,73.24083709716797,74.32407688735597,72.91281312464035,73.84348606158161,6313900
2015-09-04,72.35591888427734,72.91279884768555,71.9439814771092,72.50849152770142,4429100
2015-09-08,73.8282241821289,73.90450760699358,72.84415228723364,73.4696856832075,5771100
2015-09-09,72.79840087890625,74.29357848152007,72.63820390220337,74.21729503833589,5129400
2015-09-10,72.66107177734375,73.11877815208821,72.27964882838131,72.43984576853926,6210800
2015-09-11,74.30882263183594,74.31644690047204,72.66870276695128,72.8288997090955,6656300
2015-09-14,73.97317504882812,74.49954063343911,73.71380439117455,74.27068451315967,4557200
2015-09-15,74.90383911132812,75.20897280847471,73.79770908898902,74.21727665264389,5142600
2015-09-16,75.2852783203125,75.32341713067068,74.40037411123281,75.25476377999388,5198700
2015-09-17,74.63687133789062,75.49889129094129,74.29359286706563,75.1937516390664,7955000
2015-09-18,74.03424072265625,74.53008619496312,73.42396131358595,73.85878350103042,10492700
2015-09-21,74.6826171875,74.8885830263331,74.0036847801634,74.36222329595851,4543500
2015-09-22,74.14862060546875,74.81992873546149,73.77482773675618,74.08759735551233,6254500
2015-09-23,74.28591918945312,74.64445763353663,74.00366997861822,74.17912124696672,3035300
2015-09-24,74.21731567382812,74.32411368799099,73.46209948223209,73.86640708157083,4138800
2015-09-25,74.44612121582031,75.29288054657953,74.34695335385862,74.67497729118023,4825800
2015-09-28,73.20268249511719,74.56054709209225,73.06537001789209,73.99604282796756,6609800
2015-09-29,74.36223602294922,74.59871643764801,73.8511247427161,74.346975842615,6944800
2015-09-30,75.16319274902344,75.29287513304578,74.57580406724196,74.91908233554848,5517600
2015-10-01,75.35393524169922,75.52176231137754,74.50717562290674,75.1403392694009,4456600
2015-10-02,76.12439727783203,76.13965163585432,74.0952242777605,74.2477969582467,4400800
2015-10-05,77.17711639404297,77.53565488936817,76.43715495816792,76.49055393704282,6501600
2015-10-06,77.73399353027344,78.03913303527015,77.16948922906332,77.2457726502995,7252400
2015-10-07,77.63482666015625,77.7340003545165,76.543956762561,76.85672638315485,6497100
2015-10-08,78.53498840332031,78.93167155745317,77.63482994746835,77.69585902041997,8218900
2015-10-09,78.3900375366211,78.90877292334262,78.01623889703602,78.5731189025076,5756600
2015-10-12,78.75621795654297,78.8096169427551,78.19934364605263,78.32902606684594,3448200
2015-10-13,78.86300659179688,78.96218028305822,78.2908721700977,78.45869919833783,4697300
2015-10-14,78.43584442138672,80.04545033554524,78.13833487517302,79.45043124311782,9093000
2015-10-15,79.07659912109375,80.25137654183982,77.50513280155833,78.24509416531188,10168300
2015-10-16,79.96151733398438,80.10645993612364,78.88590750247295,79.88523389814115,7168300
2015-10-19,79.70977020263672,80.2132513138932,79.45040537808832,79.5190587186855,7064300
2015-10-20,79.21391296386719,79.60296599021062,78.89351909278538,79.37411571946025,4872200
2015-10-21,78.22221374511719,79.52667944333545,77.87130535437298,79.3207136257439,7979600
2015-10-22,84.57672882080078,84.67589669468377,82.67723829910389,84.21819030899327,25286600
2015-10-23,85.88886260986328,86.10246446391969,84.75222324604067,84.81325234719964,11677300
2015-10-26,85.5760498046875,86.93391452010027,85.30142482628357,85.61419442615275,11478600
2015-10-27,85.16410064697266,85.70572044113126,84.36311026656765,85.64469138318489,10013300
2015-10-28,86.15582275390625,86.16344702290621,84.98103930206541,85.20226532417044,4390300
2015-10-29,85.91172790527344,86.16346268925439,85.3548477042319,85.94224244697949,3752600
2015-10-30,85.62946319580078,86.42282373138873,85.62946319580078,86.11005407887437,6409500
2015-11-02,85.52266693115234,86.07954126107472,84.85136453533875,85.78966187152973,5663000
2015-11-03,85.49978637695312,85.67523770859962,84.88187712101275,85.37772821576124,4584900
2015-11-04,85.743896484375,85.84306437484658,84.91239127023194,85.58369951358857,6797100
2015-11-05,86.08719635009766,86.544902926525,85.55320631427489,85.89648479158168,5059100
2015-11-06,86.43807220458984,86.53724590231838,85.5608040234856,85.74388542075357,4615600
2015-11-09,86.148193359375,86.56776095986235,85.74388593711595,86.54487069251991,8423800
2015-11-10,86.36942291259766,87.71965773834084,84.48519240804497,86.02613872906592,12716500
2015-11-11,86.85001373291016,87.29246579849945,86.61353334132582,86.71270122359117,8387800
2015-11-12,85.52266693115234,86.76610383636887,85.4845223025042,86.58302242297484,5893800
2015-11-13,83.89018249511719,85.71338412042626,83.84441359374571,85.32433099860799,8602400
2015-11-16,84.72166442871094,84.72166442871094,83.60791010474152,83.79862158117571,6731800
2015-11-17,84.63011932373047,85.30142156748742,84.26395075983002,84.7064027436946,6027600
2015-11-18,85.84307098388672,85.88883988761988,84.55385920823291,84.90477353703346,5194500
2015-11-19,86.43045806884766,86.74322191668061,85.66761203406543,85.84306336283545,5323500
2015-11-20,86.89579772949219,87.0941335152043,86.34654763355863,86.47623006730583,6659400
2015-11-23,87.32298278808594,87.65100680177787,86.8957908893441,86.9720743255404,4968400
2015-11-24,87.17803955078125,87.39163549859758,86.47622263079812,86.8881601673238,6047700
2015-11-25,87.26959991455078,87.66627734804757,86.92631565820233,87.17042619113595,7477200
2015-11-27,87.8231430053711,87.9461523203363,87.28496038854924,87.42334953393924,2763700
2015-11-30,87.76933288574219,88.02304145272508,87.30803178427404,87.93846997516839,7872000
2015-12-01,87.99227905273438,88.36131872469392,87.48485610268742,88.04609672721946,5321900
2015-12-02,87.43103790283203,87.85388938104916,87.2234512555751,87.72319015318313,5692200
2015-12-03,87.17730712890625,87.98457795545266,86.80827339413709,87.34645003471105,6558600
2015-12-04,89.33775329589844,89.48383239815116,87.20041378100716,87.45412826417612,7778200
2015-12-07,89.5068588256836,89.5760563219922,88.99174602320588,89.03787377695437,4810700
2015-12-08,89.59143829345703,89.84515269312557,88.61503026915355,89.14551708174018,4814200
2015-12-09,89.6298828125,90.18343937471381,89.10708004437434,89.34541461644945,7604700
2015-12-10,90.10655212402344,90.34489256222771,89.33772486745093,89.65294685817516,5299900
2015-12-11,89.24546813964844,89.6529456415926,88.8918083103066,89.0763252069879,5736400
2015-12-14,89.38385009765625,90.0065982399793,88.14603786156002,89.31465260090596,7660700
2015-12-15,89.89896392822266,90.90612567421357,89.82976643068355,90.33719519368373,6118300
2015-12-16,90.59860229492188,91.2982379231679,89.56068665798527,90.32951392470669,6306300
2015-12-17,90.33721160888672,91.41357104800235,90.32952169316593,90.98302375294386,5275900
2015-12-18,89.69139099121094,90.16806013849957,89.09939071606756,89.75289271410571,11238900
2015-12-21,90.4832763671875,90.52171420833754,89.65294157128976,89.92202992208455,3344600
2015-12-22,90.50635528564453,90.75237979949719,89.67602035175912,90.69087220461225,4092000
2015-12-23,91.336669921875,91.37510776087076,90.52939904904866,90.736979803546,3641900
2015-12-24,91.15985107421875,91.48275712660167,91.1060333988216,91.2982402203381,1659300
2015-12-28,91.29823303222656,91.413558289194,90.76005632062689,90.79849416249188,2777200
2015-12-29,92.31307983398438,92.43609499906786,91.35204585309185,91.49043498096782,3213900
2015-12-30,91.821044921875,92.25158633401924,91.667281807734,91.98249795142908,2400800
2015-12-31,90.82923889160156,91.62881983025014,90.67547580811308,91.35204158742233,3723200
2016-01-04,90.39869689941406,90.51402214402377,89.08400318850877,90.1449825344098,9995000
2016-01-05,91.6441879272461,91.66725766741003,90.1757312171472,90.2679925807471,6314000
2016-01-06,91.02913665771484,91.69801253096976,90.575525584451,90.72160462145413,6543800
2016-01-07,88.92254638671875,90.69853513437045,88.86872285794351,90.29105770444909,7477900
2016-01-08,88.7841567993164,90.3141210981667,88.61501389745335,88.99173753707586,6103400
2016-01-11,89.71444702148438,89.99890932883409,88.86104836806328,88.91486603694182,6392400
2016-01-12,90.29106903076172,90.52171367335724,89.31465519348048,89.97584706048926,5639700
2016-01-13,88.50738525390625,90.62165995544562,88.47663146345612,90.4832708312629,6986000
2016-01-14,89.66062927246094,90.05272691721724,86.87747272484977,88.86873233726175,9204500
2016-01-15,88.55352020263672,89.52992819960743,87.80775685425569,87.84620056186375,10201900
2016-01-19,90.33721160888672,90.49866464490101,89.15321681242823,89.6683297176672,9195300
2016-01-20,89.01481628417969,90.72161368351495,87.93845698259395,89.9297225703805,11905200
2016-01-21,90.59860229492188,91.05990334750395,89.0225099175549,89.57606648810416,9839100
2016-01-22,91.02913665771484,91.29822498981083,90.23724562368136,91.05989044790948,9016600
2016-01-25,91.6441879272461,93.72002461560444,90.87536082763603,93.68158091434982,15141500
2016-01-26,92.58987426757812,93.25875614679718,91.490450966712,91.95174618500342,8326100
2016-01-27,92.92815399169922,93.50477444267993,92.12857292912358,92.93583804108464,7409000
2016-01-28,94.08908081054688,94.25822375136825,92.41303709846898,93.10498282651704,7460500
2016-01-29,95.16542053222656,95.60365175856472,94.37352953250019,94.38890349408861,10549900
2016-02-01,95.80355072021484,95.97269363011698,94.58111251317665,94.62724613040443,6189900
2016-02-02,95.29611206054688,95.59595414569837,94.64261023049067,95.3729994593529,7653000
2016-02-03,93.3894271850586,95.78047989459304,92.90506236626891,95.61133699696396,9327000
2016-02-04,92.7667236328125,93.21263909925582,91.27519649153304,93.05887595437027,7595000
2016-02-05,88.72264099121094,92.75898292400893,88.38435521887159,92.75898292400893,13261700
2016-02-08,89.22237396240234,89.46070845075171,86.65448878214849,87.6847199922838,11311500
2016-02-09,89.96048736572266,90.56786165922506,88.68423118466235,88.83031025412244,7525700
2016-02-10,90.36795043945312,91.1290877305153,90.15267976042028,90.73698421331342,5726300
2016-02-11,89.74518585205078,90.33718011102589,88.9456050008029,88.98404283463064,7568600
2016-02-12,90.66778564453125,90.97531767634693,89.26083055831234,89.73750550091091,8552800
2016-02-16,91.62882232666016,91.62882232666016,90.41407399067428,91.0445120352503,10835800
2016-02-17,91.21366882324219,91.79797920351628,89.73752184056875,91.62883626193535,12729000
2016-02-18,90.08348846435547,91.84410359007923,89.89897156472064,91.34436469895202,9707100
2016-02-19,89.59143829345703,90.2218764023481,89.03788173624802,89.95278803861771,10793700
2016-02-22,90.46791076660156,90.84464038265088,89.59144807720286,89.59144807720286,6223300
2016-02-23,89.87590026855469,90.83693426230381,89.83745656253032,90.22187016002998,5276700
2016-02-24,89.9989013671875,90.20648797570223,89.0301834130703,89.42997093713186,5349800
2016-02-25,91.00608825683594,91.1060336926997,90.0758079415777,90.28338872858296,6034000
2016-02-26,90.68071746826172,91.6180452267131,89.99127799377995,91.39340145603182,5193700
2016-02-29,90.78141784667969,91.69550692025004,90.40958249890431,90.47930421229073,6467700
2016-03-01,92.06735229492188,92.3307369431306,91.23072705019776,91.33918372425315,4731500
2016-03-02,91.78071594238281,91.9743788250253,91.14550192372033,91.84268357313557,4267700
2016-03-03,90.39410400390625,91.0060795238932,89.33282910315066,91.0060795238932,9132000
2016-03-04,90.7736587524414,90.98281204718612,89.78210582452846,90.41731978835529,5857400
2016-03-07,90.75041961669922,91.07577181109602,89.95252955943592,90.6574593139623,5640700
2016-03-08,91.73423767089844,92.24551054490429,90.02225840724188,90.02225840724188,6236200
2016-03-09,92.6793212890625,93.11312431412748,91.76523212187348,92.36945945253483,6428200
2016-03-10,92.94269561767578,93.62438685438543,91.92015580755015,92.88847024555254,6171200
2016-03-11,94.158935546875,94.5152746917456,93.23709794615291,93.33780055988005,7042300
2016-03-14,95.20468139648438,95.661722996782,94.08143304722964,94.36030809186374,7912100
2016-03-15,95.61524963378906,95.87088608666022,94.67017371235471,94.7398954313754,5061400
2016-03-16,95.68495178222656,96.10326430626185,95.02649918166289,95.53777201441335,6716700
2016-03-17,95.40609741210938,95.94060301694229,95.36736246663148,95.49130365393951,6108700
2016-03-18,96.11875915527344,96.14974592436454,95.08847124595118,95.61523450025624,14783800
2016-03-21,95.90961456298828,96.44412606858359,95.32088359087008,95.79342154883521,4050100
2016-03-22,95.91736602783203,96.35891722714521,95.71595494617881,95.89412742420339,3494500
2016-03-23,96.2040023803711,96.83146840439194,95.9483658853538,96.13428064985555,4143600
2016-03-24,95.50679016113281,96.05679205156824,95.01876181303096,95.81665196267846,5796700
2016-03-28,95.4138412475586,96.21173149253701,95.37511221156451,96.05680352831473,4784400
2016-03-29,96.03356170654297,96.49835149375737,95.54552740636348,95.61524912501316,7188200
2016-03-30,97.47441101074219,97.68356433963676,96.52158695436721,96.75398479547016,4853700
2016-03-31,97.35823059082031,98.34978386905198,97.30400520560839,97.72231785301057,7685900
2016-04-01,98.3962631225586,98.68288639897908,96.73076658074366,96.97865490544218,5212400
2016-04-04,98.82230377197266,99.05470161460221,98.28779227999829,98.4194875428871,4239300
2016-04-05,98.67510986328125,98.9849716576182,97.90820650264193,98.25679732744467,6282200
2016-04-06,98.7835693359375,98.91526459950327,98.25680601204243,98.74484030204859,5619900
2016-04-07,99.26386260986328,99.55823402127461,98.39625062852306,98.66738343590151,4720800
2016-04-08,99.1244125366211,99.72864571565773,98.59764924139182,99.3723007984865,3625600
2016-04-11,98.81456756591797,99.6899277570406,98.72935540731093,99.42654901961765,6973700
2016-04-12,98.85330963134766,99.37232488195815,98.29555942944585,99.21739689704044,5211400
2016-04-13,98.29556274414062,99.09345312260825,97.66809670090375,98.9307769599218,4985200
2016-04-14,98.77584075927734,99.22513425739274,98.41175351157078,98.48921750020286,4834800
2016-04-15,98.9849853515625,99.18639052214081,98.34977124484885,98.44273156904706,3103800
2016-04-18,99.8138656616211,99.86034286744048,98.90751877728343,98.98498275702335,4525600
2016-04-19,99.82162475585938,100.20120836780454,99.24837820684482,99.86035970732279,4606300
2016-04-20,99.58146667480469,100.54978118579997,99.55047399111537,100.17019764220144,5006700
2016-04-21,97.44345092773438,99.73641955349694,97.29626519404674,99.58149155707518,7947600
2016-04-22,97.21878051757812,99.46526553849151,97.11032976112531,99.28709897151461,9311300
2016-04-25,98.73709106445312,98.79131643940987,96.83919703084419,96.88567423505779,6979900
2016-04-26,98.93077087402344,99.41879933206087,98.40400746577133,98.70612116505025,4082300
2016-04-27,99.38780975341797,99.58921492853648,98.98498758293475,99.10893468465977,4436200
2016-04-28,99.09342193603516,99.81385400282211,98.72159251266616,99.04694473564456,3385800
2016-04-29,97.98567962646484,99.10117982622708,97.6835659740497,99.10117982622708,6276900
2016-05-02,99.31034851074219,99.32584485486926,97.99344294587475,98.1096418863333,4830800
2016-05-03,99.46527099609375,99.92232447073717,98.67512888285114,98.69062522612208,4048400
2016-05-04,100.18570709228516,101.03781688130326,98.82231842758445,98.82231842758445,6613700
2016-05-05,100.14698791503906,100.68924183349596,99.93008634765631,100.17022652438372,4519700
2016-05-06,101.15402221679688,101.15402221679688,99.61246105088799,100.22444252419106,4418400
2016-05-09,101.34766387939453,101.86667900035864,100.97583444442294,101.2082204536273,5006800
2016-05-10,101.94416809082031,102.22304317465282,101.36317931785646,101.36317931785646,4082600
2016-05-11,100.03853607177734,101.95966928549761,100.03853607177734,101.66530963016672,6890200
2016-05-12,100.79769897460938,101.12305134620384,100.05403978817908,100.50333929759513,4286800
2016-05-13,99.79837036132812,100.82865844197958,99.70541594871908,100.50330617760214,6568700
2016-05-16,100.42584228515625,100.49555809877701,99.19414896353679,99.55048211331837,4343600
2016-05-17,98.91524505615234,100.68144940786239,98.61313146494517,100.39483215524722,5826200
2016-05-18,97.76876831054688,98.74483088737536,97.39693888802695,98.41947866513989,7303200
2016-05-19,97.05611419677734,97.29625433747287,96.58357617725652,97.2032999140416,6255100
2016-05-20,94.94133758544922,96.83149016470428,94.61598519692583,96.63007901032667,9735900
2016-05-23,95.13496398925781,95.84764797455966,94.87158527413104,95.09623495415715,7081600
2016-05-24,96.0180435180664,96.65325746176106,95.289875184152,95.58424060338366,4494100
2016-05-25,95.48357391357422,96.04906636691713,95.30540141518446,95.86315160651489,5307400
2016-05-26,95.89411926269531,96.0413049533138,95.46031627155348,95.57650927980754,3716300
2016-05-27,95.4758071899414,96.5835591852235,95.37510461223303,96.26594920071459,3222800
2016-05-31,94.55397033691406,95.59975470214144,94.21312765925154,95.51454255519518,7995200
2016-06-01,94.48424530029297,95.08072436051896,94.12015814620665,94.55396109909827,5057200
2016-06-02,94.55448150634766,94.81980212467369,94.07067101094438,94.18771809624202,4740200
2016-06-03,94.69498443603516,94.94469491400748,93.9068333212982,94.49209281219281,4643000
2016-06-06,95.20217895507812,95.33483630017622,94.58570511462969,95.0383070663866,4901700
2016-06-07,95.12413024902344,96.27903840810608,95.12413024902344,95.46747826610948,4562100
2016-06-08,95.28804016113281,95.58456946556181,94.33601719222018,95.18659733546241,3925900
2016-06-09,95.81867218017578,96.05277237413827,95.25682218895915,95.25682218895915,4583400
2016-06-10,95.48310852050781,95.71721463201963,94.89784919529396,95.04611679615583,4347400
2016-06-13,95.97472381591797,96.73946528395633,95.08513012153469,95.16316350719597,5436700
2016-06-14,95.60014343261719,96.13077869157948,95.14754154482725,95.62355284861243,6351400
2016-06-15,95.39725494384766,96.23222454447739,95.30361132331885,96.09956721390182,4168100
2016-06-16,95.56893157958984,95.69378378626187,94.38280287159938,95.07731001561343,3931800
2016-06-17,95.41287994384766,95.75623400673724,94.7495871934559,95.38167135046321,8331400
2016-06-20,96.31025695800781,96.82528793543473,96.1932039219049,96.23222358512744,5951000
2016-06-21,95.69380950927734,96.76288546781043,95.444099075245,96.70045637091076,4749000
2016-06-22,94.12532806396484,94.77301066008106,93.68053112274434,94.66376270634738,6578900
2016-06-23,94.5857162475586,95.00710370532019,94.14091936773794,94.79641295322247,3832800
2016-06-24,93.20449829101562,94.50767426474202,92.30709948774594,92.67386294283956,6985900
2016-06-27,90.75421142578125,92.20565497018772,90.58253441138997,92.20565497018772,14150500
2016-06-28,92.4709701538086,92.5802180810806,91.16779419737436,91.45651831077943,6173000
2016-06-29,93.24349212646484,93.61025550336292,92.86112445746154,92.9859826085606,5020400
2016-06-30,93.90679168701172,93.99263018390451,93.09523745858587,93.39176665921975,4808100
2016-07-01,93.95364379882812,94.31260218406571,93.3761895228865,93.42300836987552,3798100
2016-07-05,94.23455810546875,94.26577265111177,93.71952703270755,93.73513728231198,5191100
2016-07-06,94.13311004638672,94.39062558468953,92.86114855815951,93.08744955058629,5102800
2016-07-07,94.3593978881836,94.60910826682444,93.96142587925183,94.33598847043056,3621300
2016-07-08,94.66376495361328,94.96030022384451,94.48428871974743,94.59353667607458,3809600
2016-07-11,95.20217895507812,95.29582258585849,94.78079154691468,94.96027368418568,4266300
2016-07-12,95.39725494384766,95.6625696049988,95.17095399274328,95.20216853291954,3742000
2016-07-13,95.84207916259766,95.99814595459678,95.32705398614732,95.48312077814646,3464200
2016-07-14,96.7082290649414,96.9267248772505,95.99031255205027,96.52874695993644,6011900
2016-07-15,96.45853424072266,97.10622261258038,96.28685723097094,97.0906123642946,3688400
2016-07-18,96.60680389404297,96.76287065884073,96.2868592865725,96.76287065884073,5254700
2016-07-19,98.71370697021484,98.7917403304667,96.56775681868844,96.82527226572691,6277700
2016-07-20,98.37037658691406,99.00246064944726,97.9802037386987,98.97904527755958,3353300
2016-07-21,99.2443618774414,99.28338154210347,98.26892979653935,98.65129750525477,3572100
2016-07-22,100.0871353149414,100.35246190267735,99.33020498603238,99.33020498603238,4304200
2016-07-25,99.41605377197266,99.84524037973655,98.9946663354578,99.84524037973655,6210100
2016-07-26,94.97587585449219,97.03598805704969,94.39842169484515,96.37269539283233,14563700
2016-07-27,93.23571014404297,95.03830686948068,93.0484228828703,94.96027348744144,9939200
2016-07-28,93.18890380859375,93.78196834596973,92.36173907873508,93.32156117969059,6239400
2016-07-29,91.80769348144531,93.37619035885083,91.6360164361933,92.97040716942492,7460900
2016-08-01,92.08861541748047,92.38514469717076,91.87791870400166,91.98716664670684,4208800
2016-08-02,91.84668731689453,92.63483814782913,91.38628620755397,92.22125587575972,4504200
2016-08-03,91.70621490478516,92.09638771589967,91.40968571162139,91.9013013103424,4120000
2016-08-04,92.31489562988281,92.50998204841295,91.75304579194564,91.96373650438957,4313200
2016-08-05,93.02500915527344,93.21229045420698,92.54899780724493,92.68946026983639,3883800
2016-08-08,92.30708312988281,93.14985781944243,92.23684892897057,92.99378512495109,3589300
2016-08-09,92.32269287109375,92.96257607236043,91.76864816847204,92.06518332872373,3491700
2016-08-10,92.70508575439453,92.81433369285854,91.80768687109787,92.08080671725786,2941700
2016-08-11,93.15764617919922,93.44637616533124,92.74406400552621,92.75967424994624,3490200
2016-08-12,93.26691436767578,93.65708721317128,93.07963306883617,93.30593403365138,3015700
2016-08-15,92.48656463623047,93.05621958533608,92.48656463623047,92.87673746468052,3391600
2016-08-16,92.03398132324219,92.49438246635039,92.01837107396337,92.3227054456776,3333900
2016-08-17,91.37849426269531,92.06520239406217,90.92589225857918,92.06520239406217,5184900
2016-08-18,91.40189361572266,91.58918087831782,91.14438404839389,91.4877321226874,3710500
2016-08-19,89.74756622314453,91.14438582771676,89.73976109865933,91.14438582771676,7065700
2016-08-22,90.06751251220703,90.30942376321151,89.46664885440116,89.73976869885837,4484700
2016-08-23,89.88803100585938,90.61375280892663,89.77878307452157,90.44988091191993,4305400
2016-08-24,89.6383056640625,90.05188790001841,89.52905775092565,89.85680149033621,4135400
2016-08-25,90.07530975341797,90.3484295739701,89.64611721143208,89.81779422822643,6694100
2016-08-26,89.3027572631836,90.3015987333526,88.92818873508782,90.23136452965005,5294500
2016-08-29,90.05970764160156,90.24698895829725,89.3495901373833,89.42762352320936,4983000
2016-08-30,90.72026824951172,91.1213390744238,90.12259490256096,90.75959115385258,5085300
2016-08-31,90.95620727539062,91.2235838654208,90.59445330089821,90.83824454456342,5394700
2016-09-01,90.7517318725586,91.07415691188068,90.32706967456129,90.83823746843768,3966600
2016-09-02,91.08988189697266,91.31007576155231,90.98764474568009,91.16852170577499,3410100
2016-09-06,92.20661163330078,93.77156651752847,91.93923499974322,92.08078309997862,6337900
2016-09-07,91.94708251953125,92.39533610999385,91.56960896958059,92.222324899669,2647700
2016-09-08,91.3572769165039,92.09650446832715,91.25504574437615,91.86844477681075,3085600
2016-09-09,90.10688018798828,91.03484444371449,90.10688018798828,90.90901593454248,4961100
2016-09-12,91.18428039550781,91.36515742131664,89.75301375591773,90.02039640278709,5014000
2016-09-13,90.22486114501953,90.91690008578921,90.0282585595905,90.91690008578921,4162200
2016-09-14,90.57874298095703,90.9562225831665,90.2956347792586,90.43718888010781,4530700
2016-09-15,91.33369445800781,91.41233429036221,90.2563101552651,90.34281577080533,3671200
2016-09-16,90.65733337402344,91.42801772497735,90.30345131481047,90.97189853767466,9500500
2016-09-19,90.6023178100586,91.54601364358473,90.40571526138652,91.08989429070544,3741500
2016-09-20,91.57747650146484,91.71903059463341,90.83038912075173,91.00340034571714,3841800
2016-09-21,91.95496368408203,92.04933508727318,91.19214467449957,91.60894120554939,4528900
2016-09-22,92.2931137084961,92.75709290768957,92.23019944424918,92.3717535388875,3808800
2016-09-23,92.14370727539062,92.41894972183793,91.49885097235607,91.60894795093499,2776000
2016-09-26,91.64038848876953,91.96281958180235,91.44378591979857,91.85272262316535,3022400
2016-09-27,91.91563415527344,92.16728521251541,91.51456922018541,91.9706826365503,3745400
2016-09-28,90.57874298095703,91.64039573740874,90.01252657756018,91.5224329867286,5638900
2016-09-29,90.27203369140625,91.19999803024344,90.22485099615771,90.59445877532809,4924400
2016-09-30,90.72026824951172,90.9955105803993,90.19337493040796,90.19337493040796,4188700
2016-10-03,90.154052734375,90.55512356243815,89.97318177258477,90.44502662921813,3085800
2016-10-04,89.25753021240234,90.83821590757049,89.19461597581723,90.42927936959903,4742900
2016-10-05,89.18679809570312,90.30349932046735,89.16320074602389,89.58000325933853,3720300
2016-10-06,89.58784484863281,89.8237702988346,88.39250403386622,89.06095147632671,3900000
2016-10-07,89.2182388305664,89.91814346027687,89.03736783628202,89.62717551299312,4153100
2016-10-10,90.20911407470703,90.4293079725709,89.77659206099837,89.81590897142621,3290300
2016-10-11,89.39910888671875,90.61804705725757,89.3047375058286,90.16192771603873,3943300
2016-10-12,90.20911407470703,90.61805074202599,89.28901557299,89.3361982654369,3340200
2016-10-13,90.75958251953125,91.01909326406106,89.70578998174238,89.76083844268292,4464700
2016-10-14,89.72154235839844,90.52368417165887,89.70581679335771,90.35853873947796,5312500
2016-10-17,88.40039825439453,89.96535331134307,88.15660694413475,89.58001388522551,5655700
2016-10-18,87.48815155029297,88.93514371623776,87.47242598320001,88.77786404596893,6198400
2016-10-19,87.49601745605469,87.89708241575127,87.38592048674565,87.84989971457163,6433400
2016-10-20,86.95335388183594,87.52743582454707,86.76461716087333,87.52743582454707,7250700
2016-10-21,89.59571075439453,90.04396431053223,88.66774651539309,89.07667716316486,10108000
2016-10-24,89.31262969970703,90.04399161834728,88.58126778106679,89.8473890165605,6173500
2016-10-25,88.64414978027344,89.2890058393632,88.60482687429855,89.25754871454991,4879000
2016-10-26,88.16444396972656,88.628423086586,87.60609347324315,88.29026647605848,3763100
2016-10-27,88.1408462524414,88.46327127647113,87.90492082035489,88.21162028216757,2960700
2016-10-28,88.15658569335938,88.35318825110542,87.70833210169175,88.28241421023712,3304700
2016-10-31,88.52619171142578,88.65202021728723,87.91279274493463,88.43968611360437,4181600
2016-11-01,88.27456665039062,88.68349741499058,88.03864113245997,88.58913200768644,3935600
2016-11-02,88.3846435546875,88.68347727634868,87.93638997227882,88.15658387243272,3512500
2016-11-03,87.85774993896484,88.74639131953901,87.70046429649568,88.65988571613941,3890700
2016-11-04,87.32301330566406,88.07796658498368,87.15786783829745,88.07010080087042,3457400
2016-11-07,88.72282409667969,89.08457217296667,87.98359637566452,88.07796778680542,3842400
2016-11-08,89.73726654052734,89.84736348625687,88.86435075664792,88.8722165384382,3300200
2016-11-09,90.42147064208984,90.76748713900614,87.92068532428398,88.14873906095904,5099500
2016-11-10,90.05183410644531,90.46863055443664,89.47775201781235,90.46076477244614,4437700
2016-11-11,89.82377624511719,90.40571812768347,89.7844533342026,90.17765844401325,4331200
2016-11-14,92.68631744384766,93.38622212335383,90.21698960832003,90.42931774711549,7093200
2016-11-15,93.04804992675781,93.1738784323259,92.02571431843386,92.46610808808882,4447900
2016-11-16,93.74795532226562,94.05465480752076,93.16601347842685,93.47271296368197,5371100
2016-11-17,93.93671417236328,93.97603708990805,93.01661550022997,93.49632629506901,2836600
2016-11-18,94.36921691894531,94.55795367282991,93.51203274518485,93.78727509456513,3655400
2016-11-21,93.97602081298828,94.76243102899655,93.55135857636375,94.21194627772428,3603300
2016-11-22,94.12545776367188,94.59730277897965,93.48846129316324,93.97603787555437,3699100
2016-11-23,94.47931671142578,94.96689317350227,94.1568916637973,94.1568916637973,2860200
2016-11-25,94.88824462890625,95.1477553995253,94.30629684065057,94.43212533535436,1709100
2016-11-28,95.80050659179688,95.83982950840773,94.55011704138961,94.66807379155279,5931700
2016-11-29,95.64199829101562,95.72917659861133,94.3264027738375,95.40423817093804,6370900
2016-11-30,94.5245361328125,95.49141843946285,94.5245361328125,95.27743916419176,5696100
2016-12-01,93.8905029296875,94.27883875639259,93.4149888087133,94.27883875639259,4445000
2016-12-02,93.70823669433594,93.91429506851647,93.28819904248074,93.5180322201261,3348700
2016-12-05,94.54036712646484,95.37251526922181,94.33430880452468,94.66716806162746,5191900
2016-12-06,94.5086669921875,94.82567840523284,93.99352420180006,94.54036873814101,3368000
2016-12-07,95.03966522216797,95.20609486684764,93.89050556040783,94.63548153358462,4059900
2016-12-08,95.45972442626953,96.01449608066021,94.70682738033632,95.14271896260817,3255100
2016-12-09,96.10163879394531,96.10955969505821,95.26948464389669,95.55479429268539,2623700
2016-12-12,96.4820556640625,96.88624537459332,96.10164679831931,96.34732777604887,4172000
2016-12-13,97.22706604003906,97.41727054030106,96.49794375029134,96.51379160594149,4308000
2016-12-14,97.35384368896484,97.79766214518214,96.99720958064741,97.37762453647787,4967400
2016-12-15,96.97342681884766,97.7659523691511,96.50583359999378,97.45686788825196,4402800
2016-12-16,97.67085266113281,98.14636680896302,97.11608716307933,97.39346991210607,10793800
2016-12-19,97.47273254394531,98.00372934952954,97.29837592537956,97.66294306228495,3545500
2016-12-20,97.74217987060547,98.19391920305125,97.25081184111573,97.62329982596388,2768800
2016-12-21,97.6233139038086,98.08298025124776,97.55991039799125,97.59953910074987,2762800
2016-12-22,98.05126953125,98.27317573482563,97.55197452671426,97.57575537408928,3037100
2016-12-23,97.59162902832031,98.13847377920648,97.53615246275884,97.77391262744642,2164100
2016-12-27,97.53612518310547,97.99579148147598,97.45687383253929,97.7184087312491,1919300
2016-12-28,97.22706604003906,97.75805687845369,97.17158947552548,97.42519749137216,1980200
2016-12-29,97.31422424316406,97.76596361694922,97.29044944135813,97.29044944135813,1943300
2016-12-30,96.46620178222656,97.60744040107704,96.24429561666997,97.31420379859755,3574600
2017-01-03,94.80191802978516,96.68812685229825,94.27884821171128,96.57717374782635,5123800
2017-01-04,94.69097137451172,94.89702369885578,93.66068556682696,94.31055638577686,3780800
2017-01-05,94.86531829833984,95.26158112506054,94.38980411557317,94.58000857938167,4261100
2017-01-06,95.70537567138672,96.29184281526928,93.93011429811023,94.25505263708571,4089200
2017-01-09,95.44384765625,95.94313655209581,95.36459631434445,95.70538252637915,3021800
2017-01-10,95.30120849609375,95.77672267222309,94.88909782251254,95.46763815541448,3108400
2017-01-11,95.80050659179688,96.29187471357423,95.5944542586408,95.84013529628378,3565200
2017-01-12,96.76739501953125,96.93382470515661,95.26159485171712,95.34085226567451,3480700
2017-01-13,96.2918701171875,96.87833742735286,95.97485863589854,96.87833742735286,2877400
2017-01-17,97.28250885009766,97.32213754521099,95.65782909429028,95.6974577894036,4077600
2017-01-18,97.25081634521484,97.48064949643572,96.52962118823743,97.33006769648296,3395000
2017-01-19,96.83078002929688,97.48065079272206,96.71982692674798,96.87832963139194,3155200
2017-01-20,96.89417266845703,97.44101117072456,96.70396218841708,96.89417266845703,4887100
2017-01-23,96.19676208496094,96.7515336728422,94.96042399472476,96.44244915028315,7022600
2017-01-24,95.93521881103516,96.73566525108869,95.51517519676676,96.66434085497086,3495200
2017-01-25,96.52168273925781,96.62470887898242,95.85595816564317,96.28392266729048,3968300
2017-01-26,96.59300994873047,96.98927271590091,96.49791075436315,96.57716209849924,2497300
2017-01-27,97.36970520019531,97.47273136151112,96.27602194221993,96.90211190639663,3592700
2017-01-30,97.49651336669922,97.64709519139247,96.9258999159232,97.33008368774478,3778000
2017-01-31,97.13988494873047,97.75012714098479,96.7673968634034,97.49651913236727,3733300
2017-02-01,97.02098083496094,97.08438433303,96.45036144532018,96.60887019049282,3233400
2017-02-02,97.6550064086914,98.25732756393366,96.89418255040724,97.11608875326213,3236600
2017-02-03,98.46339416503906,98.67737949635496,97.70257019628662,97.72634500054585,3183000
2017-02-06,98.62981414794922,98.98645431626112,98.23355132526322,98.34450443189603,2760300
2017-02-07,98.74073028564453,99.398527776179,98.74073028564453,99.02603989487662,2847200
2017-02-08,98.80418395996094,99.35102866321614,98.66152908287225,98.7328595446624,2835200
2017-02-09,98.6535873413086,99.06569798446823,98.55848209450697,98.80416309063155,2493600
2017-02-10,99.715576171875,99.94540933395034,98.68529041726012,98.8120974224703,3681400
2017-02-13,99.4936752319336,100.39715402921833,99.45404652908258,99.87408417474236,2993800
2017-02-14,99.70765686035156,99.91371523635742,99.27969225471996,99.4619758270504,2663100
2017-02-15,100.2386474609375,100.48432847900277,99.42234095759281,99.58877666598187,2974900
2017-02-16,100.41299438476562,101.30062526252647,100.10390987437825,100.45262308465762,3006000
2017-02-17,101.28478240966797,101.34817986753737,100.39715148809553,100.47640284530053,3677400
2017-02-21,101.47496032714844,101.69687859406304,100.77754610605794,100.77754610605794,4495200
2017-02-22,101.32438659667969,101.53044492504729,100.17522701043663,101.06285172373117,3670700
2017-02-23,101.65726470947266,102.15654762707152,100.99946699341702,101.3878028543755,3178000
2017-02-24,101.9583969116211,102.02973339460841,101.24512882557963,101.72856984615674,3537200
2017-02-27,101.38359832763672,101.99035281699732,101.21594368406245,101.9344679358059,5184000
2017-02-28,101.91053009033203,102.13406964130498,101.0562861828306,101.4554656927097,4619300
2017-03-01,103.02822875976562,103.78666735403145,101.88657517523146,102.20591998528914,5471600
2017-03-02,102.37355041503906,103.63495884127825,102.30968024614212,103.02821050974093,6738100
2017-03-03,102.1100845336914,102.71683888435948,101.7428402425221,102.37353828994746,4067700
2017-03-06,102.21388244628906,102.46137174032053,101.71091856425892,102.11009798869401,3271500
2017-03-07,102.245849609375,102.43744798532812,101.66303873053793,102.23785822238203,3332400
2017-03-08,102.26179504394531,102.4773553715337,101.76681639288168,102.24583663596901,3571700
2017-03-09,102.30171203613281,102.76476167390095,101.94245295672368,102.1500218914513,3265700
2017-03-10,102.17398834228516,102.66098173258344,101.96641329509524,102.63703193694533,3178900
2017-03-13,101.8785629272461,102.4054826380902,101.67098794197472,102.1979015618248,3130800
2017-03-14,102.03028106689453,102.37356958425787,101.79077093418053,101.91052600053753,2492700
2017-03-15,102.09415435791016,102.42946979212894,101.76683031076328,102.35762040043679,3529300
2017-03-16,102.17398834228516,102.9084710755049,102.13406795555775,102.42946298075127,3945700
2017-03-17,102.7009048461914,103.77070301973698,102.5252648855207,102.64502604888273,12532700
2017-03-20,102.81267547607422,103.37152436375908,102.56518612452751,102.98033623337574,3415500
2017-03-21,102.60509490966797,103.58707299998207,102.33364361035314,103.16394373415605,4062400
2017-03-22,103.06813049316406,103.10803868933128,102.51726094777892,102.65298048791904,3174200
2017-03-23,102.98828887939453,103.45931766454542,102.83659875285703,103.10005862810812,2774500
2017-03-24,103.25973510742188,103.53117420423739,103.11603635569242,103.29167628468828,3568200
2017-03-27,103.37948608398438,103.64294595157244,103.00425647093365,103.05215605013356,2540400
2017-03-28,103.34757232666016,103.60305305948692,102.94041361345833,103.3555637133059,3487400
2017-03-29,102.86056518554688,103.52320458227135,102.69291662634618,102.98830554245565,3197800
2017-03-30,103.24380493164062,103.41145352116662,102.6689854035652,102.78873439608378,2018000
2017-03-31,103.47528839111328,103.93833797411718,103.22779910305701,103.29964847404322,3041700
2017-04-03,103.47528839111328,103.5551291468684,102.8765192689169,103.38746843257826,3287100
2017-04-04,103.21983337402344,103.41144392626794,102.70888408336342,103.10008439261561,3414000
2017-04-05,104.1139907836914,105.04806926814666,103.50723020159054,103.69884072993668,4052200
2017-04-06,103.90641021728516,104.31358106943289,103.75473225294542,104.03415057019387,3856900
2017-04-07,103.75474548339844,104.10601322570406,103.48329415335522,103.80264507634956,2176600
2017-04-10,103.77067565917969,104.30557460491904,103.40343742514432,103.74672586922037,2709300
2017-04-11,104.74469757080078,104.7766387524743,103.62699985205714,104.28164789246657,3677600
2017-04-12,104.7925796508789,105.03208974544317,104.4812201825422,104.83250003030453,3195500
2017-04-13,104.3934326171875,104.69681297658339,104.24175461948278,104.58504318869961,2429200
2017-04-17,104.86446380615234,105.27960173207538,104.51318388268511,104.7846230300945,3236400
2017-04-18,105.62287139892578,106.02205079787713,105.22369199997442,105.39134052562044,3617400
2017-04-19,105.89432525634766,106.18173495101347,105.65481514712779,105.89432525634766,3132800
2017-04-20,106.39732360839844,106.53304319731006,105.89435346326036,105.90233266896335,2697300
2017-04-21,106.50907135009766,106.88430103435199,106.301490224856,106.62084111676974,3466100
2017-04-24,107.16368103027344,107.58681015147442,106.38927214460676,107.17167241345729,5041000
2017-04-25,113.12744140625,113.35897228401667,109.51885615923976,110.2852859800695,10893800
2017-04-26,112.44086456298828,113.36696381075375,112.04168511295042,113.12745370433302,7132200
2017-04-27,112.46480560302734,113.9976531100424,112.44884719730061,113.27115582582448,5183700
2017-04-28,111.71435546875,112.37699482019337,111.59460650607532,112.08160592426914,4779900
2017-05-01,112.68836212158203,112.92787224553469,111.64251383504606,111.65848442517382,3747200
2017-05-02,112.75221252441406,113.21526210097703,112.34505391250003,112.55262281979151,3774100
2017-05-03,113.8619384765625,113.92580864818939,112.88793967773427,113.52662921201355,4278400
2017-05-04,114.52456665039062,114.70020655976387,113.5745177356867,113.8619273890258,4178800
2017-05-05,114.9317626953125,114.94772110368083,113.83002341834079,114.50064202954482,2452700
2017-05-08,115.1552734375,115.36284233230539,114.69222388879128,114.90777198578563,2813000
2017-05-09,115.25108337402344,115.74606195978372,114.96367370248765,115.0355230748743,3053800
2017-05-10,115.37884521484375,115.47464439587901,114.74813478771769,114.85192535516687,2273300
2017-05-11,115.13134002685547,115.29100936726464,114.48465909791516,115.0275494736941,1941900
2017-05-12,116.0494613647461,116.1612311342279,115.3309431583618,115.36287215736036,2747900
2017-05-15,116.78392028808594,116.87971944256725,116.10531045854167,116.10531045854167,3332800
2017-05-16,117.59028625488281,117.89366655894304,116.78394808808028,116.99950841896471,3540900
2017-05-17,116.88775634765625,117.72603582179252,116.75203676529024,117.59030405743366,3875600
2017-05-18,117.36676025390625,117.55039160753428,116.40873182459963,116.88775213024915,2730900
2017-05-19,118.27690887451172,118.81979945719587,117.23106028695194,117.55839047783546,4071200
2017-05-22,118.30879211425781,118.85966163348155,118.10121103049902,118.39661206923533,3294500
2017-05-23,118.013427734375,118.58025577607648,117.8776959905401,118.33276644671463,3262300
2017-05-24,119.35464477539062,119.74584498659186,117.35874770556804,118.10920695293956,3348900
2017-05-25,119.57817840576172,119.71389793801215,119.17101980901045,119.60212819486543,3408100
2017-05-26,119.64205932617188,119.94543959140955,119.15505993396953,119.65003852926095,3258200
2017-05-30,119.69792175292969,120.01727256269004,119.37060392315851,119.71389233891465,3113900
2017-05-31,120.46439361572266,120.67196257811977,119.43451582653232,119.84965375132654,6415700
2017-06-01,122.42459869384766,122.42459869384766,120.78574207337891,121.13921181862524,4349800
2017-06-02,123.50911712646484,123.63764597867335,122.23175976006694,122.52901261053941,4316700
2017-06-05,122.74588775634766,123.44482224583669,122.72178783516037,123.4207223246494,2633700
2017-06-06,121.49268341064453,122.58525848344564,121.47662496338978,122.40851749678981,3661900
2017-06-07,122.06310272216797,122.11933181611954,121.09102709076049,121.4927090071776,2922900
2017-06-08,121.65336608886719,122.2317889662569,121.31595478678285,122.0630894443937,3709900
2017-06-09,121.69353485107422,122.11128742460383,121.22758241489846,122.01488769931152,4143100
2017-06-12,119.27542877197266,121.69354948627407,118.92997595086719,121.69354948627407,5902600
2017-06-13,120.35993194580078,120.70537238542262,119.39588588712019,119.58869755052727,4267700
2017-06-14,121.05084991455078,121.37220278535719,120.43226862267082,120.76165071836292,2675500
2017-06-15,121.4444580078125,121.72564013426445,120.22334206368001,120.42418293733023,2517500
2017-06-16,122.10326385498047,122.82628634487205,121.24365873678919,121.29185860166751,5443900
2017-06-19,123.0271224975586,123.05925165344048,121.98274718520882,122.42459969332117,3263800
2017-06-20,123.77427673339844,124.74634014669293,123.58949421817735,123.93494705494564,3614400
2017-06-21,123.5010986328125,124.05542154923296,123.40469891112453,123.86260984749971,2448500
2017-06-22,124.36072540283203,124.44909591593532,123.46094956259142,123.54129085027056,2003800
2017-06-23,124.2321548461914,124.88287744397611,124.06344308533484,124.52136625169089,2214700
2017-06-26,123.68586730957031,124.89091272963942,123.33238535834641,124.66595964020574,2360900
2017-06-27,123.49303436279297,124.37673908867116,123.28416427229166,123.71797515513398,2139000
2017-06-28,123.95904541015625,124.26431533969675,123.50916361221478,123.7501629622837,1302800
2017-06-29,123.01910400390625,124.18397907537027,122.23179864500986,124.18397907537027,1975900
2017-06-30,123.04317474365234,123.53322704124047,122.68969279019784,123.15564515990097,2508200
2017-07-03,122.512939453125,123.61354357668611,122.49686875003772,123.26810313961545,1100700
2017-07-05,122.97087860107422,123.37256042219222,122.10324439645659,122.77003769051522,2497300
2017-07-06,122.98695373535156,123.28420665899388,122.37640169741792,122.67364236270222,2019800
2017-07-07,125.5416259765625,125.77459601347326,123.03512335318688,123.21186431567986,4117800
2017-07-10,124.93910217285156,125.75049494173626,124.64989080580321,125.54965405512922,2402200
2017-07-11,124.44904327392578,125.22830685301878,123.72600876573573,124.59364282055125,2008800
2017-07-12,125.79071044921875,125.92728082983332,124.73830578926705,124.850776235559,2094900
2017-07-13,124.5534896850586,125.75853510958197,123.99113760528556,125.7183767354493,3169700
2017-07-14,124.74629974365234,124.92304071761905,124.30444730873559,124.51332969161759,2440200
2017-07-17,124.730224609375,124.8748364276463,124.28034296738497,124.86679494652518,2408700
2017-07-18,123.68586730957031,124.73827168176038,123.21187346132596,124.52136007380828,3890300
2017-07-19,123.6296157836914,124.0875388895888,123.30023378734644,123.82242744802004,3072200
2017-07-20,123.88673400878906,124.69812701424354,123.35651097154943,123.7421221539244,2240200
2017-07-21,123.65367126464844,124.2802936255462,123.14754848917313,123.7661416304929,3522400
2017-07-24,121.99076843261719,123.89473625551055,121.92649787315653,123.71799528158269,5307400
2017-07-25,127.79106903076172,128.52212067790774,125.75854760181092,126.73062306783086,9511400
2017-07-26,125.73444366455078,127.7348236172252,125.06765034699264,127.54201192328509,4679000
2017-07-27,126.0879135131836,126.47352460561709,124.95516790465742,125.66213178941514,4624100
2017-07-28,125.20421600341797,125.8549385271056,124.57759340591467,125.61392700690699,3964500
2017-07-31,124.63384246826172,125.66214701155216,124.40087239166687,125.26046516625567,4272400
2017-08-01,123.7500991821289,125.24435567422229,123.4850000336838,124.50526277876313,4185100
2017-08-02,125.79869842529297,125.84689827813352,123.4850196804597,123.52517805225665,3326000
2017-08-03,124.29641723632812,125.94331506884275,124.0473764815375,125.77460331907983,3666100
2017-08-04,123.57343292236328,124.37679676996666,123.09943893592408,124.20808496829177,4435400
2017-08-07,124.49728393554688,124.83469524663751,123.71802010099532,123.83049053802553,3252100
2017-08-08,124.45706176757812,124.72217317189275,123.79831012581259,124.25622090900825,4234300
2017-08-09,124.45706176757812,125.0676135646234,123.99915098438247,124.76234379527736,3006500
2017-08-10,125.82286071777344,126.28881329011418,123.91889203670839,123.9831626251376,3874500
2017-08-11,126.36910247802734,127.25279512319788,125.83085031255419,126.031691221687,2925000
2017-08-14,126.33696746826172,126.85111973135497,125.69428633316282,126.48960852827263,2809100
2017-08-15,126.62617492675781,127.39740942648375,126.40123408482869,126.8029159108959,2160100
2017-08-16,127.65447235107422,128.04009570875888,126.61010946782343,126.84307952036323,2921800
2017-08-17,126.84310150146484,128.1606175559817,126.77883093071306,127.53399481409916,3071600
2017-08-18,126.73863983154297,127.15639234481041,126.14415860018588,126.9234222895081,2595700
2017-08-21,127.22065734863281,127.44559817094698,126.56189332731604,127.06801630670061,2195100
2017-08-22,128.24896240234375,128.48997392985927,127.24475791965867,127.33312840446916,2122600
2017-08-23,127.5821762084961,128.0320578802748,127.23673573136463,127.97582880048056,2190700
2017-08-24,127.26087951660156,128.28114285300703,127.19660893300463,127.82323180012435,1634800
2017-08-25,127.59020233154297,128.00794254313442,127.35722004204514,127.64643140456867,2019600
2017-08-28,128.2730712890625,128.50605360999822,127.46167842338559,127.76694827176306,2027300
2017-08-29,128.0401611328125,128.34543112401704,127.51796716600839,127.89554923520015,3283400
2017-08-30,128.9209442138672,129.0098389838737,127.9431140748775,128.0077536066259,2236500
2017-08-31,129.2765350341797,129.30077794355748,128.775498465595,129.11491152796688,2717000
2017-09-01,129.1472625732422,129.4624328025632,128.8967442282801,129.19574840373988,1878300
2017-09-05,128.57347106933594,129.12299347834224,127.7410982649929,128.49265314750156,4000500
2017-09-06,127.86235046386719,128.7916951831766,127.86235046386717,128.67855745794688,4143300
2017-09-07,129.219970703125,129.35736364239676,127.95121312687206,128.06435082367858,2965400
2017-09-08,129.06646728515625,129.60791298747984,128.63814697564771,128.9209974509466,2984200
2017-09-11,130.53721618652344,130.6907628339403,129.23612660983713,129.3007784788065,2333600
2017-09-12,126.33492279052734,129.88261182939183,125.88237211247974,129.47047010425874,10324100
2017-09-13,126.87639617919922,127.50673652404865,126.06826626722979,126.66628684127735,4705600
2017-09-14,126.87639617919922,127.15924658082206,126.10867522904503,126.87639617919922,3109700
2017-09-15,126.81173706054688,127.68451879533356,126.77941729159174,127.51480609784039,7425100
2017-09-18,126.61774444580078,127.51476882789282,126.35107251938491,127.45820616598263,3831900
2017-09-19,127.2238998413086,127.60372192737813,126.33496424093632,127.09460841307539,3554600
2017-09-20,129.20379638671875,129.21187324553023,127.49055282536048,127.60369050413188,3641100
2017-09-21,128.51687622070312,129.37349180315746,128.09664528797927,129.19570226743127,2503400
2017-09-22,128.41998291015625,129.09073250743197,128.13713238598473,128.39573998878032,2442700
2017-09-25,126.27836608886719,128.2421280391282,126.14907468431916,128.06433848540638,3661500
2017-09-26,123.92671203613281,126.74707719798585,123.86206017121678,126.27028356669777,6420000
2017-09-27,124.4924545288086,125.00965734176475,123.99949463434352,124.05605733379349,3915900
2017-09-28,127.27238464355469,127.9350447611236,125.64803562390195,126.197570377795,4210200
2017-09-29,126.61774444580078,127.71680123529121,126.16519382620112,127.28849351809299,3670100
2017-10-02,126.84407043457031,127.02184766223387,125.90663682137487,126.06826032994019,2407000
2017-10-03,126.76327514648438,127.2481580898324,126.35921013738951,126.67438035124009,2188400
2017-10-04,127.04612731933594,127.21582772006415,126.59356414486086,126.73903396228498,1823100
2017-10-05,128.33103942871094,128.42801107744586,127.11884449518612,127.11884449518612,2796000
2017-10-06,128.9775390625,129.40584692995398,128.15324309843894,128.15324309843894,3548500
2017-10-09,129.39773559570312,129.6967519975163,128.89669908127067,128.9855938497424,2120000
2017-10-10,129.7694854736328,130.57761527805368,128.96943252806656,129.05025044094154,2909600
2017-10-11,131.8463897705078,131.91913083396886,129.76950231576023,130.0280974745739,3572500
2017-10-12,132.4605712890625,132.85654703746874,131.53930372120067,131.71709328088306,3023600
2017-10-13,133.640380859375,133.7535185040816,132.59789915679855,132.89690314686342,2957400
2017-10-16,133.3495330810547,133.93947688695465,132.88890537173248,133.69703540942865,2132300
2017-10-17,133.66464233398438,134.16569111395066,133.13936298151214,133.27674354552673,2379700
2017-10-18,133.9636993408203,134.3515982469652,132.44441115605065,133.57578810359152,2798300
2017-10-19,134.55361938476562,134.9172753493187,133.27677274811117,134.00409700830016,2478100
2017-10-20,134.39199829101562,135.6849986693933,133.74549193628525,135.143553142493,5577700
2017-10-23,131.99996948242188,134.2304164825555,131.79793695450175,134.2304164825555,6214800
2017-10-24,132.43630981445312,134.54552899403276,132.20194527723228,133.5515205048518,7855200
2017-10-25,132.1939239501953,133.4384388852245,131.72520700993874,132.0565433121853,3716200
2017-10-26,132.54139709472656,133.05859980239595,132.33128773354642,132.64645794085925,2934400
2017-10-27,133.65660095214844,134.02834612427222,132.3474344866946,132.606029637277,2298100
2017-10-30,134.33543395996094,134.60211831490113,133.07475325012288,133.34143760506308,2051000
2017-10-31,134.8849639892578,135.28902893752274,134.25462365645123,134.35159529808806,2873000
2017-11-01,134.44857788085938,135.75775680491276,133.8020837758921,133.92329833780232,2186100
2017-11-02,135.84664916992188,136.14565330468795,134.55363632089097,134.94962443453923,2291000
2017-11-03,136.29110717773438,136.93761358517938,135.44258061973966,135.7658276579201,1959500
2017-11-06,137.43861389160156,137.72145186715517,136.25066233346914,136.49309136077804,3087700
2017-11-07,138.00436401367188,138.0447729800239,136.9942015102977,137.46291839159355,2506000
2017-11-08,137.462890625,138.1255506811962,136.93759883069973,137.51945330159933,2605000
2017-11-09,134.9576873779297,136.73557061369775,134.2303754322783,136.34767173142257,4219000
2017-11-10,133.8182373046875,134.79607998333665,132.14541469730452,134.47282060023235,4226800
2017-11-13,135.25668334960938,135.72540012259026,133.40607149676006,133.72124163173729,2605600
2017-11-14,135.8546905517578,136.10520879720218,134.61017618271512,134.8283623332808,2180900
2017-11-15,135.21632385253906,136.32345805845065,135.0789308947485,135.51532802059734,2019300
2017-11-16,135.8385772705078,136.48508377732216,135.38602641506355,135.50724099024114,2293400
2017-11-17,134.7313995361328,135.5233632773997,134.27884882683745,135.3940595515776,2221400
2017-11-20,134.90109252929688,135.64458274668425,134.76371195225914,135.22435182622212,2442300
2017-11-21,136.00827026367188,136.7840680943643,135.36984071084947,135.4021728135941,2653100
2017-11-22,136.6143341064453,137.66490522768845,136.30724086133762,136.79212363455173,2719200
2017-11-24,136.66285705566406,137.02651306885755,136.42850479461012,136.4769906188913,963200
2017-11-27,136.54161071777344,136.71938792173574,135.83852943606993,136.49311257369465,2082400
2017-11-28,138.46493530273438,138.4972673950804,136.6062345874052,136.75978119834824,2909900
2017-11-29,137.72959899902344,139.0145351547803,136.61438791114213,138.7559276189269,4590300
2017-11-30,139.80258178710938,140.7781163007459,137.66452590457195,138.3961860932451,6023700
2017-12-01,140.53421020507812,140.76183448007274,138.51810416744328,140.45292290949013,4279200
2017-12-04,138.72947692871094,141.03011969326718,138.55062749792611,140.85940767589577,3943100
2017-12-05,140.63180541992188,141.65611489843982,140.20094419767733,141.16021638166464,3228700
2017-12-06,141.03016662597656,141.81060189317236,140.63995519467755,141.03016662597656,2618700
2017-12-07,140.56678771972656,140.87569940606357,139.76196504289118,140.27412605584072,2284800
2017-12-08,140.7618865966797,141.07893569742228,140.24160057483036,140.67246185520884,2241100
2017-12-11,140.8432159423828,140.8432159423828,140.0058806437225,140.59120409195492,2340800
2017-12-12,140.01397705078125,140.8025373017471,139.70506536398238,140.6399502448113,2805900
2017-12-13,141.0871124267578,141.42042404735258,140.15221488640182,140.1847397494163,2554000
2017-12-14,140.75375366210938,141.51792642718902,140.50174187885898,141.17648990750172,2666900
2017-12-15,141.50160217285156,142.33893688243944,141.1926782356708,141.69671398653276,7435200
2017-12-18,141.61546325683594,142.89992189731421,141.54230095313287,142.16013663650662,2426300
2017-12-19,140.9569854736328,142.18453189796278,140.7049736994972,141.7699330828941,3122500
2017-12-20,139.96517944335938,141.35532522428056,139.59123051359725,141.31467536549897,2749400
2017-12-21,139.705078125,140.4367261503404,139.55874107717287,140.31478894764982,2343300
2017-12-22,139.35546875,139.8594922659332,138.6482083447911,139.68065521559828,3234100
2017-12-26,139.24977111816406,139.53430770357392,138.86769720730834,139.08718409989888,1280200
2017-12-27,140.37164306640625,140.42855534550208,138.89208506964167,139.28229639560456,1596800
2017-12-28,140.72125244140625,141.0870764270714,140.33102861240573,140.85131464647557,1800100
2017-12-29,139.9245147705078,140.62365009190876,139.76192775719005,140.62365009190876,2201800
2018-01-02,140.81874084472656,141.8430500392395,140.36349231383193,141.23333952723587,3696900
2018-01-03,140.22532653808594,141.16021125323377,139.8269777752812,140.82689978259685,3789600
2018-01-04,141.20901489257812,141.55858885863157,140.42045462069223,140.83506589216483,2756400
2018-01-05,141.49356079101562,142.26585868581896,140.96513730170923,141.45291092189998,3737700
2018-01-08,141.39598083496094,141.62361759244948,140.58303317332025,141.2415311991106,2060800
2018-01-09,141.07894897460938,141.63988491439017,140.64808765368178,141.63988491439017,2674300
2018-01-10,141.05447387695312,141.452822497916,140.20901418900846,141.0463488700484,2172500
2018-01-11,140.9569854736328,141.90000767747898,139.90828851570802,141.0951850786557,3078000
2018-01-12,141.10333251953125,141.28216959404728,140.54239664454929,140.93260805143356,2901600
2018-01-16,141.19268798828125,141.78614847749864,140.54234004027134,141.14391313263968,3662600
2018-01-17,142.24954223632812,142.82674038753615,141.35530747837242,141.73739377468047,4129600
2018-01-18,141.91629028320312,142.63167584595433,141.3716043915001,142.42031390314568,2154800
2018-01-19,143.1763458251953,143.5990821050533,141.7618247575359,142.25772335373537,3746300
2018-01-22,143.24952697753906,143.75355060776178,142.76175337083455,143.05441505393762,3217900
2018-01-23,143.73727416992188,144.5014469571311,142.14390369857222,142.72922700772835,3197600
2018-01-24,143.1763458251953,144.13563056741947,142.4690852913656,144.13563056741947,2810800
2018-01-25,142.80235290527344,143.58277551540735,141.98940545037095,143.40392608296128,2815800
2018-01-26,144.99732971191406,145.02984215683344,142.27395037873308,142.8104987543692,3957700
2018-01-29,144.51768493652344,145.2737201802749,144.08682374080803,144.94854613223885,6091900
2018-01-30,140.2172088623047,144.4364092005984,138.892112612209,143.97303548499104,9613000
2018-01-31,139.12786865234375,141.69678635721007,138.42060812398148,141.12772544906815,7004200
2018-02-01,139.74569702148438,141.07893068034792,137.2987290440339,138.42060077811794,4751300
2018-02-02,137.6970672607422,140.42043425431578,137.38001819568152,138.85145135415792,4604500
2018-02-05,133.2014617919922,137.76209806978824,125.08011125533857,137.07108768649374,7309300
2018-02-06,134.28268432617188,134.98995720338448,128.64896317271976,128.7302628980166,7020000
2018-02-07,134.7135772705078,136.78658411179111,133.7461674621232,134.02256672034787,4974000
2018-02-08,129.2342987060547,134.72982077084254,129.0635742285949,134.69730832040133,5656000
2018-02-09,130.72198486328125,131.68125713800012,126.19386048948678,130.0553618347369,7187100
2018-02-12,133.24209594726562,134.85986600663009,131.29102682623693,131.99828721180572,5255900
2018-02-13,132.02268981933594,133.185211377713,131.46989138652742,132.51046335795223,5406000
2018-02-14,130.06350708007812,131.71378991987032,129.8114828730391,131.2422787649872,5865600
2018-02-15,130.70574951171875,131.30733536419515,129.10424131389584,130.99841122311275,5012100
2018-02-16,128.2749786376953,129.99029833308032,128.25059120542966,129.64073686754313,7165800
2018-02-20,127.76283264160156,129.3887276487853,127.04743486897048,127.6327580639242,5211100
2018-02-21,128.96603393554688,131.14474041289878,128.1205737114661,128.25063592737183,7833400
2018-02-22,130.60816955566406,131.2097428645011,129.17737378416746,129.2180236466934,4398200
2018-02-23,132.55921936035156,132.76245623841038,131.24224836000067,131.24224836000067,4272400
2018-02-26,132.98196411132812,133.93311127339805,131.94139222096464,133.32340059992282,4525200
2018-02-27,130.60816955566406,133.7298854859534,130.59190712973438,133.47787370472744,4907500
2018-02-28,129.0455780029297,131.8843525534727,129.02921270045505,131.24623058764354,6116800
2018-03-01,127.37669372558594,131.2462584585278,126.97583735284458,129.0946888412717,5609000
2018-03-02,121.29827117919922,123.08170231925413,120.12839537669252,121.82184855347003,11754300
2018-03-05,123.55618286132812,123.92432101714775,121.01192140852254,121.30643442979182,6397800
2018-03-06,123.69532012939453,124.11255440519744,122.81996950941705,123.73622716391482,5015400
2018-03-07,124.66065216064453,124.95516528196363,122.45179750921525,122.59906031141088,4492000
2018-03-08,126.345947265625,126.48502120598555,124.88155771857406,124.94700648163935,4291400
2018-03-09,128.6365509033203,129.03740724728075,126.67312627164038,127.31123584409211,5076500
2018-03-12,129.0455780029297,130.4445055293408,128.85740823214175,129.0455780029297,4461500
2018-03-13,129.43829345703125,130.8045032370648,129.43011704508075,129.71644126020826,4333100
2018-03-14,129.45460510253906,130.49357072780603,128.6365148560234,130.076349195987,3879000
2018-03-15,132.21163940429688,132.65340289267817,129.7410019786296,129.83918135177151,5925700
2018-03-16,132.82516479492188,133.53689948558952,132.187055248171,132.4324848776297,14293800
2018-03-19,130.08457946777344,132.8251879216123,129.43011698602535,132.53067481159698,4307600
2018-03-20,130.38726806640625,131.44259932032693,130.28091230667542,130.68995755724583,3105100
2018-03-21,129.7982635498047,131.2299221655192,129.49556152542146,130.89450200818584,3871900
2018-03-22,128.47293090820312,130.17456070287034,128.31750419380336,129.13559472106238,3669400
2018-03-23,126.78765869140625,129.07831452472604,126.73857526005376,128.92287533672982,3447400
2018-03-26,129.26646423339844,129.42190341224884,127.79391144718667,127.79391144718667,3477000
2018-03-27,128.83291625976562,130.70635089975954,128.0066491702799,129.66737224518437,3519100
2018-03-28,129.59373474121094,130.69814955965717,129.1110642838958,129.1274171080587,3913200
2018-03-29,127.9330062866211,130.75541623346209,127.9330062866211,130.0763995679376,5289500
2018-04-02,129.02920532226562,131.02534768570933,127.00852124804743,129.47915749157752,6960100
2018-04-03,131.2217254638672,131.32808123500516,128.68565212816785,129.24194773673497,4719400
2018-04-04,132.3097686767578,132.6533651773812,129.16012784617521,129.66733994475211,4888000
2018-04-05,134.1259765625,134.62501242154275,132.32617940110904,132.8579333977447,4503900
2018-04-06,131.9170684814453,133.9868360611444,131.63892075934325,132.8742326896681,4321900
2018-04-09,131.9007110595703,133.81505207345506,131.7616371902104,132.71062504556267,3581500
2018-04-10,133.16062927246094,134.13415922130932,132.5716029585875,133.20971271810478,3902600
2018-04-11,133.6269073486328,134.21593354287106,132.75973336352402,132.93971428304522,2711100
2018-04-12,132.21974182128906,135.31212195854272,132.1542931035137,133.83138060769124,5178900
2018-04-13,132.3097686767578,133.4796445441119,131.92526515587858,132.66155407127434,2452800
2018-04-16,132.22799682617188,132.89064826075295,131.5980635253041,131.95802541151426,3115200
2018-04-17,132.98060607910156,133.74142421107746,132.579737261878,132.8497086102445,2861900
2018-04-18,132.37522888183594,133.60236469741403,132.31796903497258,133.01333850729085,2503100
2018-04-19,130.5099639892578,132.6124623651272,129.8963961729165,132.21159356454598,3276600
2018-04-20,129.8882598876953,131.49171061921996,129.67554832315517,130.3463886681309,3961200
2018-04-23,130.06820678710938,130.64086761274993,129.38100131327096,130.05184148264257,3051900
2018-04-24,128.7020263671875,130.75542939388927,128.24388511983665,130.68998064426773,2904400
2018-04-25,127.5730209350586,128.71834251944335,126.81219036016304,128.5138199162983,3710200
2018-04-26,129.99459838867188,130.45273963527012,127.33580379464307,127.99846770232044,3680600
2018-04-27,129.5037078857422,130.77175045407506,129.430082748482,130.46904852911365,4141500
2018-04-30,136.9810791015625,137.3983007741834,133.96232307587437,134.7313301644104,12954700
2018-05-01,133.70867919921875,136.2120334931535,132.61244120487964,136.113866652785,6560100
2018-05-02,131.4507598876953,133.51235119734662,131.25442618025062,132.65335377806952,4318400
2018-05-03,130.95994567871094,131.58169004523333,130.1418550728842,131.38535628900098,3450100
2018-05-04,135.0094757080078,135.3530722238356,130.8126674020568,130.85357442412285,4283600
2018-05-07,134.98489379882812,136.8665039059706,134.69855721269482,136.4329170639288,3379000
2018-05-08,134.7967529296875,135.46758053775903,133.96229726216936,134.52678161128256,2808100
2018-05-09,134.3632354736328,135.15678453639433,133.38970543892077,134.98497997841434,2762500
2018-05-10,135.0421905517578,135.5084955962688,134.4204338483178,134.53496600688794,1675100
2018-05-11,135.3040771484375,135.78674786803268,134.86231347762194,134.9850221408822,2258500
2018-05-14,134.755859375,135.78664884390582,134.4286281895577,135.51667749853465,2537300
2018-05-15,133.3978271484375,134.69858797159625,132.80062461354623,134.3877220882243,3471300
2018-05-16,133.24237060546875,134.1177332672134,132.3179370033425,133.54507252185468,2522000
2018-05-17,131.96624755859375,133.53698066571593,131.49175331533647,133.04613359147112,2975500
2018-05-18,131.69622802734375,133.2178771204798,131.3444550432295,132.26888898001377,2318000
2018-05-21,132.10523986816406,132.50610867497514,131.3935051847293,132.3506694951286,2424000
2018-05-22,130.44454956054688,132.6043083426972,130.20730876839147,132.57976662223535,3224000
2018-05-23,132.21974182128906,132.24428353007153,130.20724680272923,130.6490100438798,3835100
2018-05-24,132.84970092773438,133.02150540605777,131.25442712788436,131.80254620357286,3378000
2018-05-25,133.52053833007812,134.1259172308092,132.6124574959128,132.89060523317133,2582100
2018-05-29,131.40171813964844,133.11971352312713,131.0663104553541,132.8824602406195,3197100
2018-05-30,132.38339233398438,132.6124566435566,131.56530194749251,132.04797227958625,2396500
2018-05-31,130.9027099609375,132.22802560158712,130.84545009371016,131.8598747395272,4881100
2018-06-01,131.03436279296875,131.76708772527206,130.91910311470855,131.64358713704578,3203800
2018-06-04,131.90711975097656,132.12941088585004,131.34727773766,131.79186000740694,3174600
2018-06-05,131.29782104492188,132.54099258551955,130.8861775016488,131.70123623978054,2952300
2018-06-06,133.68539428710938,133.69362263756443,131.17436553793922,131.55307065674495,3586200
2018-06-07,139.5307159423828,139.95882881858452,134.76388841770859,134.81328364143067,8342500
2018-06-08,139.06146240234375,141.24316874662622,138.69098562570278,139.1520245088442,5056600
2018-06-11,137.069091796875,139.16846412760447,136.87972669411155,139.16846412760447,3246500
2018-06-12,137.26666259765625,137.68654708283285,136.85501902386892,137.3407679883353,2985300
2018-06-13,137.1431884765625,137.99117331968313,137.11849086461655,137.480739256312,3140500
2018-06-14,137.5301513671875,138.2628765904078,137.22552651183972,137.52191045394952,2390000
2018-06-15,137.0443878173828,137.15964751866443,135.5048322673919,136.74800393374932,7384400
2018-06-18,136.89620971679688,137.14319841652394,134.86268910341917,136.27874424866278,4297700
2018-06-19,135.8177032470703,136.26227284971753,135.21670705163544,135.52954767484388,3350400
2018-06-20,133.83355712890625,136.2787209700328,133.6771305603871,135.76828695685654,3649500
2018-06-21,132.16226196289062,134.68975909923097,131.34720330514943,134.4345295751896,4655800
2018-06-22,135.47195434570312,135.957690933175,132.76333156157327,132.7715724761075,8703600
2018-06-25,131.56956481933594,134.1958537837329,130.8615371128288,134.1958537837329,6126800
2018-06-26,132.4751739501953,133.24906608930925,131.56132446542412,131.7342077784961,3375100
2018-06-27,129.6018829345703,132.12938093018496,129.5689569706023,130.94384522946453,4962100
2018-06-28,128.69625854492188,129.52777407774244,127.69184717613861,129.46190959558353,4136500
2018-06-29,129.00086975097656,130.038207071359,128.49043572128502,129.05849332092623,4024500
2018-07-02,129.14907836914062,129.14907836914062,127.98001187769238,128.4245940671418,3024000
2018-07-03,128.82797241210938,129.93118676360731,128.68801510116256,129.55246913923665,1437700
2018-07-05,129.51954650878906,129.8076894873092,128.84444498436682,129.17375483478,2248300
2018-07-06,131.24844360351562,132.19523141867717,129.62656681839422,129.89002475170147,3298800
2018-07-09,131.6765899658203,132.38461763876663,131.2073101136072,132.11293128680677,2477300
2018-07-10,132.2363739013672,132.5327577686462,131.28137038445885,131.58598260053063,2187500
2018-07-11,130.58982849121094,131.48722120237997,129.832405676981,130.81211958135071,3203800
2018-07-12,131.00143432617188,131.54480680637573,130.75445825550077,131.026131933239,2360800
2018-07-13,130.49923706054688,130.70505884084938,127.84002317650062,129.5853878535092,5186500
2018-07-16,130.72154235839844,131.13318596390098,130.04645337780454,130.5898133896698,2818200
2018-07-17,131.52015686035156,131.72597870207355,130.54044288377597,130.54044288377597,1877500
2018-07-18,130.02174377441406,131.6189229807482,129.9229533286172,131.60246628135934,3824000
2018-07-19,129.59365844726562,130.6062983208308,129.34666974185848,129.74184413308947,4869700
2018-07-20,130.05467224121094,130.3675253785303,128.66331494612007,129.42073761751408,2695500
2018-07-23,130.69683837890625,130.76270286006132,129.28901178924235,129.9147180790331,2754300
2018-07-24,130.02999877929688,131.3801894551084,129.68421961916596,131.10027478676915,3388400
2018-07-25,130.81210327148438,130.8944370167869,129.5936417276749,129.82416113968304,4193400
2018-07-26,128.54808044433594,130.8121205532368,127.37078561764385,130.26874791213243,7409800
2018-07-27,129.65126037597656,130.0876015723051,128.76210872241123,128.91030694585476,4234100
2018-07-30,130.60633850097656,131.74247935795498,129.3302402657629,129.57722904715445,3274800
2018-07-31,129.70068359375,130.90268865221222,129.44546652522456,130.65569993473446,3530000
2018-08-01,129.1902313232422,129.43722000605203,128.15289393028036,128.9020883286026,4252800
2018-08-02,127.94705200195312,129.19843935664042,126.06995840755788,128.9679199722315,6245900
2018-08-03,128.60572814941406,129.23142204058854,127.02500531273479,128.1858435424589,3673100
2018-08-06,129.0255889892578,129.59365924648742,127.98825149499125,128.4575187320282,2375200
2018-08-07,128.46572875976562,129.4207449237539,128.30107383275245,129.18199716393966,1929300
2018-08-08,130.83677673339844,130.84500508146363,128.57273734148788,128.83619522793558,2988000
2018-08-09,131.149658203125,131.41310358419747,130.04645633029958,130.77094055002348,2764500
2018-08-10,130.6392059326172,131.32253581121853,129.97234531536057,130.35929130158502,3343200
2018-08-13,130.1946258544922,130.89442493788903,129.4619008134322,130.47454046290508,2879600
2018-08-14,132.21986389160156,132.9031808744545,130.23573970684296,130.36746860860046,3111600
2018-08-15,131.6271514892578,132.1046595362224,130.38397987242013,131.56951535973022,3355500
2018-08-16,133.15025329589844,133.60306382944006,131.84945783698225,131.84945783698225,2822100
2018-08-17,132.67274475097656,133.29021023240344,131.9235628475778,133.29021023240344,2527400
2018-08-20,133.1090545654297,133.50424142506347,132.63155909417657,132.78797309345498,2659500
2018-08-21,132.58213806152344,133.33133227536015,132.5656813657904,132.92792966972743,1920900
2018-08-22,132.1787872314453,132.9691360565641,131.79184116997553,132.8868148585636,2361500
2018-08-23,130.94381713867188,132.37632866775957,130.38397537238,132.1869761502387,2755500
2018-08-24,131.21554565429688,131.610720076252,130.32639378312157,130.68864223756725,2199400
2018-08-27,132.12112426757812,132.15406278998663,131.06731767308548,131.91530247080433,2627100
2018-08-28,133.07614135742188,133.10083896821956,131.8576798293963,132.1787613321316,2138000
2018-08-29,134.286376953125,134.47572949343734,133.11731062565153,133.3066631659639,3168200
2018-08-30,134.03114318847656,134.43454582995926,133.67712320094466,134.22049570513914,3038400
2018-08-31,134.39569091796875,134.95902777676866,133.81579462272703,133.81579462272703,3649700
2018-09-04,133.97320556640625,134.18859201982912,132.60630617357643,134.0477609571151,3296300
2018-09-05,135.23240661621094,135.36494530822046,133.53412900697995,133.8737870569843,2749200
2018-09-06,135.6466064453125,136.11052342279223,134.78503550931623,135.06669758267327,3133800
2018-09-07,135.77911376953125,136.02764427601534,135.14951410845336,135.5140238325251,2868300
2018-09-10,136.7483673095703,137.53536995000778,136.06077180327247,136.25958607155178,3080100
2018-09-11,136.37559509277344,137.46083201369623,136.02765740642482,136.59099411821867,2946400
2018-09-12,136.4750213623047,137.03834546002852,135.6465946486248,136.12708365945375,2613300
2018-09-13,134.53648376464844,137.07147994813258,133.9565876340949,137.06318759147553,3663600
2018-09-14,133.244140625,135.12467267788392,132.75537193062013,135.03354523988196,3939800
2018-09-17,131.00738525390625,132.39914854948825,129.69846967668508,132.17546982254368,5360000
2018-09-18,130.7008819580078,131.78611889553972,130.54347886493895,131.03224757651947,3722800
2018-09-19,131.8689422607422,132.12576512917147,130.65944648395185,131.47959338194661,2822000
2018-09-20,133.2026824951172,133.41808146086342,132.0263184604159,132.72220628103184,3218700
2018-09-21,136.9389190673828,136.9389190673828,134.62760178198184,134.79329721407788,8805500
2018-09-24,135.29037475585938,135.92826691275243,133.4761180940295,135.77914351987314,4375300
2018-09-25,137.85855102539062,138.49643076455467,135.92003472560538,136.35080769836176,5282900
2018-09-26,137.32005310058594,138.76980033085695,137.1460905117973,137.85024586773906,3092600
2018-09-27,137.95787048339844,138.57091067274132,136.9389093801809,137.2039992993658,2390700
2018-09-28,138.58755493164062,139.03491261522254,137.94138284717215,138.13193016907985,3390200
2018-10-01,138.07386779785156,139.9626795425592,138.0655880820615,139.48219057019847,3118200
2018-10-02,136.83949279785156,138.38036670153178,136.83949279785156,137.8087629947095,3071200
2018-10-03,136.4087677001953,138.84434465360502,136.16851683565326,137.60170438274625,3830300
2018-10-04,137.35316467285156,137.5768434461633,136.27620731484984,136.5992932581714,3230400
2018-10-05,137.9910888671875,138.75324017598513,137.34490418978837,137.71770644542434,2822500
2018-10-08,138.98513793945312,139.31650353200288,137.61822642841443,137.7259259343473,2560500
2018-10-09,140.69175720214844,141.2965053653128,139.01833114324106,139.3082856460036,4157900
2018-10-10,139.4822235107422,142.48941699588266,139.35796454060846,142.48113727813723,4190500
2018-10-11,135.00872802734375,138.90233178853686,134.05604218307414,137.8585184829274,5430700
2018-10-12,135.712890625,136.65729671438402,134.08916846109554,135.80400544199188,3446100
2018-10-15,135.58859252929688,137.07976307409248,135.5637407402826,136.43359127814568,4265900
2018-10-16,135.91995239257812,136.24303824683423,134.9506821890236,135.39803961232357,4094700
2018-10-17,138.15670776367188,138.95199022165016,135.95308997161413,136.25132405355268,3608400
2018-10-18,138.1898956298828,139.16744599081622,137.32833717553424,138.04906456719084,3378600
2018-10-19,138.75320434570312,139.29995640724889,137.7673744662536,137.8419298418113,3510000
2018-10-22,138.040771484375,140.67516282696795,137.67626164408875,139.15914015893608,5703500
2018-10-23,146.75579833984375,147.35226662993972,141.24676533471748,141.82666154986927,12918300
2018-10-24,146.92149353027344,147.45996587744273,144.50247622456902,145.9108118540076,7866400
2018-10-25,145.2314910888672,147.68363982353537,144.64331517695499,147.0954512708342,4646400
2018-10-26,143.5994873046875,144.91668278040655,142.98645961049286,144.64331308157256,4741600
2018-10-29,143.50836181640625,145.93565875787013,142.6716553527776,144.97468069774146,3485200
2018-10-30,147.86587524414062,147.94871032351128,143.68231819190922,143.74030148338994,5582900
2018-10-31,146.5487060546875,148.25527599962587,146.10964083141806,148.13100438651014,5424700
2018-11-01,144.8752899169922,146.92150522436526,144.72616651248572,146.35816839959364,3701200
2018-11-02,146.42445373535156,146.6232807408963,144.1462797734154,146.17592313861846,4190900
2018-11-05,149.4398651123047,150.02805352578739,146.63149960848548,146.97115752837286,4747300
2018-11-06,151.3618927001953,151.4861516856427,148.6943569257271,149.14170191412975,4864700
2018-11-07,152.63763427734375,152.82816889740053,150.67426685299446,151.6021008019208,4363900
2018-11-08,153.65660095214844,154.120517942536,152.49680847617952,152.6707710271799,3318600
2018-11-09,154.03768920898438,154.56788188286944,153.3169619006318,154.08739279703758,3237000
2018-11-12,152.73703002929688,155.26373404862323,152.2482612992207,154.0459457612887,3080800
2018-11-13,152.4387664794922,153.19263768151876,151.8671627723853,152.38078319360574,2358100
2018-11-14,152.30624389648438,153.3334848472388,151.90031028933268,152.6127577103982,3407500
2018-11-15,152.06600952148438,152.41394723344396,150.37602454328228,151.57724078140703,3351100
2018-11-16,155.4045867919922,155.5537101953574,151.95004841031295,152.01632407394303,3759500
2018-11-19,154.683837890625,156.48980206938867,153.91339446920477,155.5288366829215,3745900
2018-11-20,152.19029235839844,154.60929708746545,151.62695556352546,153.8140018008182,3708300
2018-11-21,151.37014770507812,153.7311691694358,151.35357562946015,151.7760813925837,3410600
2018-11-23,150.71566772460938,151.6020903862496,150.00323287762345,151.2044490984278,1747700
2018-11-26,152.3394317626953,152.50511462500762,150.83170128262344,151.1050710530031,3843300
2018-11-27,152.95245361328125,152.96073333111033,151.75951692478364,151.87549617834364,2194200
2018-11-28,155.6199493408203,155.78563214062078,153.02696991322642,154.0625032129636,3279500
2018-11-29,156.78802490234375,158.13008468540843,156.24955263040948,157.9975333862042,4617100
2018-11-30,157.12977600097656,157.72992259174742,155.67108884371956,156.98807648909215,6635700
2018-12-03,154.51248168945312,157.0547676747852,153.9290093449695,156.78804291105408,4401700
2018-12-04,154.2373809814453,156.7713356568809,154.12068653709898,154.86253251588798,4436200
2018-12-06,154.57919311523438,154.8292563691355,151.7868561497839,152.3203184893584,4878000
2018-12-07,152.50372314453125,156.03790697220177,152.26199062801751,154.47919901872436,3088000
2018-12-10,153.91236877441406,154.27912653375265,150.4948798834096,152.50370406240313,3084900
2018-12-11,153.02882385253906,155.7294842359193,152.4286771006768,155.5127695217036,2889100
2018-12-12,152.9371337890625,154.07074290254542,151.9952470529948,153.31222232776176,3024600
2018-12-13,155.39599609375,155.67106429770948,153.2121374498023,153.37051120833112,2737500
2018-12-14,152.77874755859375,154.42081384814875,151.87019672959994,154.42081384814875,4450000
2018-12-17,150.6949005126953,153.05380786497653,150.20311754492582,152.37031526411363,4566700
2018-12-18,149.79469299316406,152.2119412218483,149.25288720484224,151.9035371101267,4269000
2018-12-19,149.3363037109375,152.5204044231269,148.85285133415235,150.82832746375348,3883800
2018-12-20,144.76846313476562,149.04450501683195,143.81823301861138,148.54439126655018,5775300
2018-12-21,145.16024780273438,148.07762296848696,144.64345970051417,144.64345970051417,8536900
2018-12-24,141.93443298339844,146.09377997267265,141.8427435637954,145.23523937036398,2400900
2018-12-26,145.06024169921875,145.0685724788973,140.90089326506293,141.77610844371767,4065500
2018-12-27,146.46055603027344,146.46055603027344,142.30953929687686,144.44338854587465,3934500
2018-12-28,146.33554077148438,147.95260223371432,145.74373748504772,146.95236183278504,2896800
2018-12-31,148.01089477539062,148.2026043661067,146.3688289345502,146.6689022028952,2482600
2019-01-02,146.75228881835938,146.9523419589888,145.17690690229463,146.21049571742913,2571500
2019-01-03,145.78536987304688,147.0773525836844,145.37694557318773,146.24381699214325,3728200
2019-01-04,148.6027069091797,149.36955803770144,146.44385303139907,146.7272520469684,3194300
2019-01-07,150.21975708007812,151.60342895437097,148.48600184941142,148.48600184941142,3283000
2019-01-08,150.5365447998047,151.94520937693284,149.96140316125351,151.67015380251203,2941400
2019-01-09,150.27810668945312,150.78656384302104,149.36122528905898,150.50316483119423,2680700
2019-01-10,151.32838439941406,151.60345266216763,149.46960365034474,149.9030329867352,2498500
2019-01-11,152.01190185546875,152.03690690902116,150.41985833140086,150.52820932387954,2348900
2019-01-14,151.05332946777344,151.49510233879968,150.61155659674722,151.22003405177014,1886200
2019-01-15,150.88662719726562,152.71207230906776,150.6532382323429,151.26171569669538,3860200
2019-01-16,149.49461364746094,151.31171513466197,149.3195655767359,150.81993218743716,3375600
2019-01-17,150.96163940429688,150.96163940429688,149.22788375678016,149.41126261402914,3061000
2019-01-18,152.1786346435547,152.75376365248204,150.81996724158526,152.5703847619556,3498000
2019-01-22,153.8456573486328,154.60416500715243,151.9118488332487,151.9118488332487,3190300
2019-01-23,155.1126708984375,155.17935528736686,153.46227360836272,154.02074105705603,2530700
2019-01-24,156.17955017089844,156.60466143659633,154.98760045284718,155.7544516239435,3214200
2019-01-25,153.37057495117188,157.8883371001145,153.31222134483372,157.3465439608832,4405600
2019-01-28,153.0371551513672,153.13717536245628,151.561793444078,152.58703876397624,4138700
2019-01-29,151.8451690673828,153.13715170895287,150.84492895475356,152.7703940332821,3666700
2019-01-30,151.5117950439453,156.52967104200647,148.9278291620564,152.47035605759174,9489900
2019-01-31,149.0194854736328,151.57844573193404,147.42742951142384,150.24478375672106,10440100
2019-02-01,147.3024139404297,150.44484674975095,147.1023608153854,149.66132124175758,6529200
2019-02-04,147.9941864013672,148.18589594790552,146.41880528527358,147.77745909605216,4533800
2019-02-05,148.01089477539062,149.5529277142884,147.7191522827319,148.12758922870583,4495900
2019-02-06,146.85231018066406,147.9942627124358,146.69394908501232,147.9942627124358,3965200
2019-02-07,146.1021270751953,146.91898844737244,145.29359648073367,146.7022737580688,4176300
2019-02-08,145.66033935546875,146.26048597717957,145.36859682147977,145.67701362794497,4051600
2019-02-11,145.25192260742188,146.61892061000754,145.17690744893278,146.06879672900905,3216400
2019-02-12,145.01019287109375,146.1021224986124,144.86849334190183,145.69368546594563,4692800
2019-02-13,145.16024780273438,145.58535918117028,144.82683858557547,145.03522252598637,5283000
2019-02-14,146.5938720703125,147.06899337062293,144.54338203408153,144.97681130038356,4428800
2019-02-15,150.01136779785156,150.01969857315163,147.54409740375124,147.76915552426243,4648600
2019-02-19,149.41128540039062,151.62015008310706,149.3362702342787,150.9616624271027,4765400
2019-02-20,150.44482421875,150.80323837219026,149.4862507800583,149.59461446307148,3707400
2019-02-21,152.378662109375,152.82043502107243,150.36983798260252,150.41151731212497,4391000
2019-02-22,152.67868041992188,152.87873349824326,151.7034455107446,152.5203066560934,3073500
2019-02-25,152.21200561523438,153.96243625841913,152.0453009632048,153.31226649362932,3090800
2019-02-26,152.7120819091797,153.21219570027702,152.0952609095396,152.90379155982973,2219100
2019-02-27,152.8370819091797,153.4205542617023,152.40363985355862,152.59536219125727,2261700
2019-02-28,154.2127685546875,154.3302059671316,152.67768557792112,152.7783553598146,3297900
2019-03-01,155.22781372070312,155.73111156206167,154.40575162001258,154.84194052257905,2691000
2019-03-04,151.48654174804688,154.95934867586496,150.73997254471485,154.80836319191232,4899800
2019-03-05,152.12408447265625,152.45961633507375,151.28524201689243,151.49495263083338,3362500
2019-03-06,152.69448852539062,153.89403987198602,152.58543491214016,152.66932427613588,2083900
2019-03-07,151.4278564453125,152.9964878737248,150.94971006141202,152.76999680768134,3268100
2019-03-08,150.57225036621094,150.99167167642324,149.54047752701103,150.78196102131707,2757200
2019-03-11,151.89756774902344,151.9311158097062,150.82385061112373,150.99161651397344,2071500
2019-03-12,152.52671813964844,152.75320917604196,151.54527404823585,152.39250028106565,2191800
2019-03-13,152.71963500976562,153.65913433857642,152.41765125411666,153.10550811965197,2612100
2019-03-14,153.29006958007812,153.32361764525132,151.55365961388364,152.6609377603937,2375300
2019-03-15,155.46266174316406,155.57171534982223,152.76158822219642,153.73464846695774,6010500
2019-03-18,154.30508422851562,156.2428084674933,153.85211488422692,156.00793357790334,3669200
2019-03-19,153.6004638671875,154.657400899982,153.11393363947266,154.39736175062382,4102800
2019-03-20,155.16073608398438,155.48788422676864,152.93780803682512,153.82697925568883,3522400
2019-03-21,156.33506774902344,156.55317498403642,154.70771130186674,154.71610791842593,2830200
2019-03-22,156.70416259765625,158.2476296983475,155.9743737315108,155.99115416513501,3319600
2019-03-25,155.78981018066406,156.41055815909897,154.3553840574139,156.23439562477313,2651600
2019-03-26,157.2661590576172,158.44054601896173,156.3182759127755,156.56991837618224,2609600
2019-03-27,157.2913360595703,158.25601251316118,156.88869528574875,157.40038966903592,1684800
2019-03-28,158.86837768554688,158.91870618668,157.6436620258521,157.67722289308787,1977100
2019-03-29,159.2961883544922,159.81627941719722,158.46574245711068,159.58978835440183,2952000
2019-04-01,158.02952575683594,160.09308377801838,157.4842832941837,159.79948380599348,3195100
2019-04-02,157.99595642089844,158.4992541341157,156.61185891018536,158.46570607312177,1797700
2019-04-03,157.99595642089844,158.74252557526438,157.38359231022628,158.4405418274468,2512300
2019-04-04,159.27098083496094,159.99238571330844,158.4573027931137,158.58313681591378,2324900
2019-04-05,159.97561645507812,160.42020183840134,159.43875790919438,159.67363272303618,2438400
2019-04-08,159.25425720214844,160.6383422373073,159.0445465725958,159.97566227979829,2290100
2019-04-09,159.4471893310547,159.6149552767871,158.07148809649502,158.87676975589906,2279500
2019-04-10,158.72573852539062,160.47053201782506,158.33986544160365,159.84978411772167,2406800
2019-04-11,158.44058227539062,158.94388011709367,157.74434143463284,158.77611416985934,1740400
2019-04-12,160.7222442626953,161.29265107612053,159.01939484064022,159.0361624765254,3238800
2019-04-15,160.9319305419922,161.35135177061377,160.093088084749,160.86482160944632,1973500
2019-04-16,160.80609130859375,161.9553141417714,160.5460522031882,161.47716781269435,1559200
2019-04-17,160.73065185546875,161.351400067535,160.52932499756847,161.05779999972924,1875000
2019-04-18,163.49876403808594,163.57425677697367,160.7725264251364,160.86479959479416,2918400
2019-04-22,162.6683349609375,163.3477953333746,162.21536564588632,162.7354438964489,1738400
2019-04-23,163.7924041748047,164.3712076263251,162.83612410699084,162.99550625158022,2192900
2019-04-24,165.78048706054688,166.30894925825632,163.85953010780545,164.05247314479703,3070100
2019-04-25,166.03204345703125,166.10754898870698,164.0943198717921,164.82412134654294,2040800
2019-04-26,165.60426330566406,166.59410398296023,164.86607790562755,166.48505037621325,2302100
2019-04-29,165.35260009765625,166.39276922057124,163.909790230269,166.07400503134988,3456100
2019-04-30,165.73008728027344,167.7684680228867,163.99367749237177,166.80380445164246,6162300
2019-05-01,162.87803649902344,165.41134427445593,162.6934901365914,164.30406609986372,4059600
2019-05-02,163.2471466064453,163.7001159444616,162.16504536579893,162.89483427693904,2418000
2019-05-03,165.68812561035156,166.0656020647454,163.3645289826215,163.85944284059826,2915200
2019-05-06,166.8457794189453,167.08065431085936,164.3628126187907,164.85772665534375,2371300
2019-05-07,166.12437438964844,167.44974716594027,165.02549268771398,166.05727824883004,3072500
2019-05-08,166.115966796875,167.00513773225623,165.04224950135205,165.84754387285417,2040900
2019-05-09,165.86428833007812,166.3508184115868,164.75702312366235,165.35259400294987,1923600
2019-05-10,167.76010131835938,168.07046891994833,165.26873829013127,165.30228635528158,2668800
2019-05-13,166.95480346679688,167.69298888186438,165.48682925256355,166.0907968103971,2809400
2019-05-14,166.09915161132812,167.44130434977345,165.78878407044596,166.78700840970356,2787700
2019-05-15,166.9883575439453,167.5419837830252,165.67136887283795,165.80558672461683,1899000
2019-05-16,167.76010131835938,168.2969599588017,166.83736953023057,167.23162649427474,2520500
2019-05-17,167.11419677734375,168.07886049149025,166.76188447827144,166.81221297817888,2239600
2019-05-20,166.9212646484375,168.33889764494396,166.3256808737958,167.1141948290735,2217400
2019-05-21,167.63427734375,168.73315893943237,166.98837785298306,168.5150645035563,2264600
2019-05-22,167.7349395751953,167.9110893193751,166.5102239835404,167.36584685443026,1760300
2019-05-23,166.90451049804688,167.29037092008073,166.17472154353607,166.77029261224288,3560400
2019-05-24,165.89781188964844,167.68453692549528,165.52871930392527,167.6593726855337,2105800
2019-05-28,164.97515869140625,167.248427577548,164.73189998980143,166.32569567548578,3675100
2019-05-29,164.42994689941406,165.00035378204677,163.44850249272645,164.28734517875588,2925100
2019-05-30,167.13096618652344,167.2819516762867,164.22856581934255,164.42149598950206,2685000
2019-05-31,167.29129028320312,168.77629429588941,166.43065666663307,166.56566054269862,3669100
2019-06-03,167.72158813476562,167.99159586674233,166.48971326298454,167.3672126425542,3211800
2019-06-04,168.4387969970703,169.0041112424596,167.7300330870991,167.90722728326145,3829900
2019-06-05,168.8607177734375,169.22352629838738,168.11820914139673,168.81852744212947,4294600
2019-06-06,171.32440185546875,171.6028424635304,168.7762589458208,168.85219378219884,4657600
2019-06-07,173.37474060058594,174.14256059350143,171.70410962535692,171.70410962535692,4345000
2019-06-10,169.847900390625,173.8979273546089,168.53164452413344,173.8979273546089,4647500
2019-06-11,171.5016326904297,171.8306966178162,169.92381499689432,170.69163511902258,2991400
2019-06-12,172.91067504882812,173.38318857906017,171.8728601893291,172.53943372994743,2874000
2019-06-13,172.5394744873047,173.30728179661435,171.83915625215033,173.13853336186543,2277800
2019-06-14,173.2144317626953,173.65318790042363,171.94036654266372,172.12599364421504,2715800
2019-06-17,171.96571350097656,173.60260034669741,171.35820883916924,173.60260034669741,2694400
2019-06-18,172.5563201904297,173.30726158094606,172.05850785985024,172.969764750816,2470900
2019-06-19,172.590087890625,172.9697750658336,170.95320113005326,172.6491440458141,2328400
2019-06-20,173.07098388671875,173.298801292144,172.21036324342663,172.96973742860834,2162200
2019-06-21,172.3453826904297,173.7628977114476,172.1091323327065,173.45914541227796,4267400
2019-06-24,172.05845642089844,173.18065171387138,171.81377322340697,172.7587743649947,2486800
2019-06-25,173.56884765625,174.14259487951566,172.7335255668348,172.80102751216245,3020900
2019-06-26,172.590087890625,173.5350893710872,172.134452980631,173.3832196508756,2576000
2019-06-27,174.0413360595703,174.10883800011217,172.29475714408122,172.69132299809047,2253500
2019-06-28,175.21414184570312,175.49258250166037,174.0835133940061,174.572879895737,3658200
2019-07-01,174.06661987304688,176.7075636734926,173.9738063289624,176.22663012663796,2689500
2019-07-02,176.83419799804688,176.83419799804688,174.08356096656578,174.44636948504316,3120000
2019-07-03,179.55947875976562,179.61010199397242,176.9354004977304,177.036659840822,2306000
2019-07-05,178.2347869873047,179.7282238677155,177.39946501418504,179.12916510768935,1876200
2019-07-08,179.0110626220703,179.3232478499618,178.2263637827946,178.2348095725297,1818000
2019-07-09,178.95196533203125,179.45822339836775,178.428841438247,178.86759757076013,1618800
2019-07-10,179.71981811523438,180.10795108682123,178.83387277494163,179.08700185426525,1842300
2019-07-11,179.458251953125,181.23857550762793,178.54699501352982,180.96013481430612,1922800
2019-07-12,179.71139526367188,180.0573250542835,178.26013552727218,179.45826617017323,1960100
2019-07-15,180.74075317382812,181.15418485877763,179.45824204726347,180.25137375876162,2408500
2019-07-16,180.32728576660156,181.32291029978865,179.00258448551892,180.16697028675824,2380400
2019-07-17,180.31883239746094,181.32288973027815,180.02351308654806,180.54663690907014,1698400
2019-07-18,182.1751251220703,182.20886965350337,179.99823591631073,180.63105209677533,2259800
2019-07-19,180.45387268066406,182.47044655924935,180.39481652714994,181.89669935515008,2860500
2019-07-22,181.4072723388672,181.68571295299958,179.31476415121648,180.38632342038179,2580000
2019-07-23,180.82510375976562,182.4619902641648,179.41603467471003,182.0316799162292,2503600
2019-07-24,179.53414916992188,181.36509558028436,179.10383884756357,180.4285272171824,2971600
2019-07-25,180.934814453125,181.0698183357308,179.13761228063746,179.17980260328662,3789000
2019-07-26,181.8966827392578,184.748578418839,180.97699298892735,183.89637773073704,5029300
2019-07-29,181.3904266357422,183.44919067255918,180.81667947777188,182.2510602473758,4278600
2019-07-30,179.16293334960938,181.58451895087097,178.52168418542627,180.8082530222815,2808500
2019-07-31,177.7960205078125,179.47509727045298,176.6569463265489,178.94352760257303,4048800
2019-08-01,178.2432403564453,179.82950384614207,177.28136018974564,178.18417132772373,3231800
2019-08-02,180.9685516357422,181.48324265192664,177.93947456288086,178.28541717000186,3517800
2019-08-05,177.56822204589844,181.07824563676053,176.70758841431584,180.25980232651915,3685600
2019-08-06,180.6310577392578,181.02762358804432,177.08728959289286,177.6104135318544,2970300
2019-08-07,182.951416015625,183.56735362071106,178.31919597953186,179.9392041923697,3767200
2019-08-08,183.947021484375,185.4067268927907,182.39451538637348,183.35639556390478,3724300
2019-08-09,186.59637451171875,187.25450224564258,184.00605389223432,184.00605389223432,3784000
2019-08-12,183.2298583984375,186.17455542216496,182.5632846676467,185.997374063121,2338200
2019-08-13,185.39825439453125,185.81169891663916,183.97230660109602,185.62607181485012,2913300
2019-08-14,182.65606689453125,185.40671625511362,182.5716991248358,184.7401426387222,3233700
2019-08-15,184.16639709472656,184.34357842493876,181.972629068264,182.251069747562,2774100
2019-08-16,184.3351287841797,185.47420301661668,183.34793712425054,184.93418753630226,2475900
2019-08-19,184.59671020507812,185.80328649981124,183.18764095854797,185.6176593775446,2721100
2019-08-20,184.3351287841797,185.55857077940755,184.23388231895956,184.66419267082273,2333800
2019-08-21,186.2251434326172,186.29263249264952,184.55449951657064,185.54169117168308,2053200
2019-08-22,185.19578552246094,186.37703734667735,183.8373394872724,186.08171795328363,2550600
2019-08-23,181.12045288085938,185.17891240431882,180.470757920601,184.92578332729923,3662300
2019-08-26,183.01885986328125,183.2466643933794,180.74072443956246,182.31854182243748,2553100
2019-08-27,182.29322814941406,183.85416681346618,182.29322814941406,183.5841719707658,2070000
2019-08-28,183.99766540527344,184.11579059437923,181.74482814749575,182.7742103131377,2146100
2019-08-29,186.08169555664062,186.48670716877876,184.25074901213677,185.48263680170427,2729800
2019-08-30,184.88571166992188,186.6075897581793,184.01204989874708,186.43794908331355,2733700
2019-09-03,184.1732177734375,185.47946524029334,183.45222870840237,184.85178049023034,3183100
2019-09-04,185.33529663085938,185.97993648148758,183.6388637097531,184.48708017030626,2252200
2019-09-05,186.1750030517578,186.88750164785048,185.25043743482993,186.78571983205262,2752100
2019-09-06,186.63304138183594,187.3200945505443,186.1410743485345,186.4464327504887,1976500
2019-09-09,184.28350830078125,187.03173436305931,184.19869441819787,187.03173436305931,2569600
2019-09-10,177.85400390625,182.7312480791942,176.66650615428722,182.7312480791942,6407600
2019-09-11,178.29507446289062,179.44017171429994,176.88703221340697,177.86248878309937,3393300
2019-09-12,179.94908142089844,181.54373219375674,179.22810533734807,179.7370273476036,3439100
2019-09-13,177.9642333984375,180.48343647067074,177.23476697107785,180.24593697736776,3791800
2019-09-16,175.9200439453125,178.00666160174924,175.8606755384245,177.53166257563427,3437700
2019-09-17,177.9982452392578,178.8379713264509,175.9964536967837,176.42903947070872,3667900
2019-09-18,178.4901580810547,178.87186578797446,176.6749756325136,178.67676671113637,2534800
2019-09-19,178.56649780273438,179.67765907682153,178.0151494460876,178.4477480393072,2552000
2019-09-20,177.6080322265625,179.63526891339316,177.59106427451957,178.41383522140637,5979300
2019-09-23,179.43165588378906,180.2205037091707,177.3280832540256,177.3280832540256,2812100
2019-09-24,179.8388214111328,181.11114584600097,179.44015871945388,180.24596160631967,3049800
2019-09-25,180.35623168945312,180.7972948361029,178.97363501189815,179.83881924113987,2414500
2019-09-26,180.33079528808594,182.93481266717055,180.2290005283429,181.7049015884545,3053100
2019-09-27,180.80580139160156,181.20446411398996,180.06784436146,180.72097457897465,2333200
2019-09-30,182.1205291748047,182.67186459787084,180.508910424047,180.80579130893108,2488000
2019-10-01,177.294189453125,179.56740311440493,176.81919035630557,179.08392651326898,4811900
2019-10-02,174.9616241455078,176.8361753954192,174.38483018516496,176.36965372369116,4171400
2019-10-03,178.15090942382812,178.15090942382812,175.0125109806258,175.42814172260174,3499900
2019-10-04,179.5589599609375,179.57592791557133,178.15939491568255,178.8294932247687,2220300
2019-10-07,179.75401306152344,180.55981603112613,179.05848236261278,179.05848236261278,3057000
2019-10-08,179.06690979003906,180.7887875184048,178.09994390838168,178.9566375501852,2555900
2019-10-09,180.52589416503906,181.06875213190162,179.49954664783155,179.5674055115337,1745900
2019-10-10,179.61830139160156,180.78036666835447,179.39776978553604,179.61830139160156,1853100
2019-10-11,177.294189453125,180.89910902911726,176.99730854623553,180.69553244072836,3945700
2019-10-14,176.7513427734375,178.14241719265058,176.2508852462209,176.42901639027352,3088000
2019-10-15,175.76739501953125,177.88793591790147,175.1736461565385,177.7522181941447,3766800
2019-10-16,176.6834259033203,177.2177932745409,175.4195791856533,175.58074232432742,2891400
2019-10-17,175.4535675048828,177.69285828301665,175.4450770575201,176.85311938768328,3340500
2019-10-18,176.85313415527344,177.31965580274746,175.3517873780411,175.4111687435179,3518800
2019-10-21,177.9982452392578,178.77011245044667,176.80225681735328,177.87100499321596,3684200
2019-10-22,169.02403259277344,174.09636144852132,168.92223785565486,173.96064376086392,10265400
2019-10-23,168.9731903076172,170.61024170416428,167.96381074724658,169.7365798704958,7943700
2019-10-24,166.26739501953125,169.2615981042328,166.07229591388335,169.25310765622265,4955600
2019-10-25,165.07142639160156,166.80178249105742,164.89329521796637,166.33527373406352,4773700
2019-10-28,162.67092895507812,165.6736220522559,162.43342941485272,165.38521865962142,7711400
2019-10-29,163.38343811035156,163.8754051733263,162.55218966596564,162.85754808633772,4454600
2019-10-30,167.00537109375,167.09867544038644,162.58615677434528,163.95178606088317,6332600
2019-10-31,166.84417724609375,167.94686124687192,165.9365923524171,167.43792618720317,4961000
2019-11-01,164.50311279296875,167.9214243089052,164.29953617022002,167.76026110040706,4192400
2019-11-04,160.02450561523438,161.79727474603328,159.08298491420518,161.29683018728704,17662100
2019-11-05,163.01023864746094,163.70578238098096,160.69461125640643,160.86425196565926,10496000
2019-11-06,164.70664978027344,165.63121546717466,163.74817407587824,163.96022817000843,6473500
2019-11-07,163.77357482910156,166.25036441936192,163.1289352182945,166.01286493418291,4820200
2019-11-08,164.22317504882812,165.2155866675451,163.89237117592245,165.06291393055244,3499400
2019-11-11,163.40042114257812,164.76605018433875,163.28167135384922,164.24016011179017,2746700
2019-11-12,163.94325256347656,164.43521959201766,163.51066689104152,163.70575302456075,2930600
2019-11-13,165.4021759033203,165.47851226286102,164.13832897677037,164.35887349467032,3405000
2019-11-14,164.55397033691406,165.82629484982834,163.84147171594307,165.59727281353258,3173900
2019-11-15,164.5285186767578,165.22404932068628,163.96869280592875,165.03745363983035,2991300
2019-11-18,164.79150390625,166.01293776171127,164.43525452219995,164.72364503175137,3420300
2019-11-19,164.07899475097656,164.89327530789734,163.7142549414813,164.72363460376852,2910500
2019-11-20,164.66424560546875,165.37674423943113,164.16378811810412,164.20620152452545,3131300
2019-11-21,163.15438842773438,165.1137657450353,163.07803913456215,164.79143945292455,3509500
2019-11-22,163.82452392578125,164.06202349533217,162.98478498452596,163.86693733664873,2417700
2019-11-25,162.76425170898438,164.82542438278327,162.51827463686925,164.5030979947825,3999600
2019-11-26,164.5624542236328,164.57942217510097,162.8151305622998,162.85754396959283,3877200
2019-11-27,166.50486755371094,166.81870345297264,164.48610855407202,164.77449899894788,4133000
2019-11-29,166.01828002929688,167.77680151765298,165.83902035756302,167.7511929931196,2815500
2019-12-02,166.6158447265625,166.9658452853637,165.4207367522413,166.78658560206551,3197500
2019-12-03,164.85733032226562,166.49634119819223,164.20002742054177,165.8646468237719,3745300
2019-12-04,165.8731689453125,166.0097564334006,164.66098429635497,165.25853827461574,2217200
2019-12-05,165.78781127929688,166.03536470358816,164.87439710802607,166.03536470358816,2819600
2019-12-06,166.76095581054688,167.09387963420338,165.70242243563214,166.0780314727212,3095100
2019-12-09,166.1890106201172,167.61462131314664,165.85608676997063,167.02559918772596,2227500
2019-12-10,166.4194793701172,166.7950883896949,165.8475340087412,166.1377726054339,2470100
2019-12-11,166.2231903076172,167.1024512054929,165.83050448663025,167.03415745289948,2490300
2019-12-12,167.58042907714844,168.31457034902283,166.38532143721167,166.6755600032397,3024700
2019-12-13,168.2719268798828,168.4511995831879,166.75242692119997,167.3499808893843,2077900
2019-12-16,168.9207305908203,169.15975220592173,167.72560948961214,168.6731641158003,3650100
2019-12-17,167.75975036621094,169.63778278438576,167.69998845404214,168.68169639528588,3338200
2019-12-18,167.00001525878906,167.99024209628547,166.2146566511258,167.828059089568,4287700
2019-12-19,168.22071838378906,168.32315249048708,166.6756098211595,166.85488253358128,3345700
2019-12-20,168.2889862060547,169.8767797437833,167.87069195864024,169.4926388771405,6415500
2019-12-23,167.48655700683594,168.6304478148173,167.34143769767698,168.6304478148173,2388900
2019-12-24,167.88778686523438,168.289004465796,167.03413461309466,167.25607950939911,1152500
2019-12-26,168.22071838378906,168.3060888231709,167.45243653215346,167.83657745797126,1809600
2019-12-27,169.1682586669922,169.42435693781815,168.32313828097622,168.45119392923877,2263900
2019-12-30,168.09268188476562,168.85243193046935,167.26463809020416,168.66462737753577,2242400
2019-12-31,168.69024658203125,168.9804852637711,167.7939089818803,167.998790241421,2278700
2020-01-02,171.40484619140625,171.4133910511838,168.8609658865646,169.02316191392748,3554200
2020-01-03,170.7987518310547,171.19996944960985,169.74876316102961,170.20972966655032,2767600
2020-01-06,172.71946716308594,173.09507624993606,170.17558701901024,170.3890000887478,4660400
2020-01-07,172.9755401611328,173.01821234828117,171.16578873688627,172.32675618754138,4047400
2020-01-08,175.77554321289062,176.44139094587052,172.60848753878363,172.96701993148818,5284200
2020-01-09,177.8584442138672,178.72916009470467,175.93772673002715,176.5864977242059,5971600
2020-01-10,176.9364776611328,178.37060696311562,176.9364776611328,177.93524907337746,2336400
2020-01-13,176.28775024414062,177.37189242586527,175.64751095209644,177.03043668038904,2784200
2020-01-14,176.9791717529297,177.26086550262085,175.39137821708837,175.39137821708837,2622700
2020-01-15,179.07064819335938,179.56576809479864,176.97920264510242,176.97920264510242,3369400
2020-01-16,179.99258422851562,180.2145291268603,178.6011268765131,179.3608768668734,2726700
2020-01-17,180.9571990966797,181.63159166405782,180.41940704025478,180.4791559239911,3540400
2020-01-21,180.2572021484375,181.19621175546797,179.45476699423224,180.43646181651383,4100500
2020-01-22,180.4962158203125,182.3913246683387,180.47060729742282,181.96449858591296,2757400
2020-01-23,182.18646240234375,182.2547561457165,178.08892897987624,179.7279397437233,3378200
2020-01-24,180.32553100585938,182.83525802758595,180.03527930104488,182.83525802758595,3106300
2020-01-27,178.70359802246094,179.78774026456907,176.9621527824162,177.42311936705372,3389300
2020-01-28,179.59988403320312,181.15353727393483,179.14744941380295,179.17305793748983,3855200
2020-01-29,183.0571746826172,184.74740234368986,179.94988128339443,180.7096311989113,5734800
2020-01-30,184.54254150390625,185.0205977167658,181.68281421439784,182.68158580736346,3560700
2020-01-31,182.65599060058594,185.32792656914765,181.94745760162962,183.9791543209092,3920800
2020-02-03,183.6888885498047,185.1401078241783,182.87792150134285,183.5267055606722,3539200
2020-02-04,183.2108612060547,184.97792780376793,182.8950140081972,184.482807883042,3367900
2020-02-05,182.99746704101562,184.20112009210385,181.83649921651892,184.081609273069,2911400
2020-02-06,181.71694946289062,183.38158176338013,181.52061309347937,183.29621132848854,2903300
2020-02-07,180.641357421875,181.69134606704728,180.19745459416563,181.4523244734422,2421600
2020-02-10,182.00721740722656,182.06696629643577,180.33405312385784,180.41087870671285,2318800
2020-02-11,184.15841674804688,184.26939572112627,182.38281830728184,182.6816018383259,2694500
2020-02-12,185.63522338867188,185.64375522189115,183.62913539767464,184.38888537657795,2844900
2020-02-13,185.60105895996094,186.42910263244346,184.55107040568782,184.99497319496786,2853400
2020-02-14,185.3193817138672,185.95962096316484,184.71329585225791,185.6693822963181,1720400
2020-02-18,184.51693725585938,185.27668727285987,184.107187803894,184.3206008763739,2712600
2020-02-19,184.07305908203125,185.1742648743457,184.05598238795707,185.08036259548936,2229500
2020-02-20,183.60354614257812,184.94377353784768,181.64014316300594,184.5169473694929,2869400
2020-02-21,184.2778778076172,184.70470386491056,182.93765076107871,183.74008583290185,2791200
2020-02-24,182.27182006835938,183.68887281054398,179.36086296131788,179.76208053446197,4218800
2020-02-25,181.05963134765625,185.0974024841938,180.24865136165425,183.17668509235457,5053700
2020-02-26,179.35235595703125,183.1596379740645,179.05357243755844,181.73404017614394,4190800
2020-02-27,171.58409118652344,179.2669609411439,171.52432928054097,177.30355828760113,6406200
2020-02-28,166.79092407226562,170.45883345637452,162.1867140333358,168.36288523688373,11324000
2020-03-02,173.98928833007812,173.98928833007812,165.9405032775051,166.48167385046733,6154200
2020-03-03,171.37794494628906,176.66935288343754,169.35931624246223,173.51684543284492,5115200
2020-03-04,177.8289794921875,177.94923815355796,172.5719261776239,173.45668913782313,4260400
2020-03-05,170.35574340820312,175.15751804828605,168.64634015762664,174.0665916970532,4107200
2020-03-06,170.8195343017578,171.4380109830397,164.24823594714678,165.69992468608157,6360100
2020-03-09,160.51171875,167.04866766183903,158.14089856062955,161.20750222366217,7788500
2020-03-10,171.67855834960938,171.79881699721903,161.39639810374905,164.02491790665297,5835200
2020-03-11,161.70567321777344,168.13954509387924,159.626908632939,165.7343584883211,5625100
2020-03-12,146.1407012939453,154.48152842658882,145.49645558287304,150.13501945970847,9079300
2020-03-13,152.15367126464844,154.16371486957829,144.4828450115456,153.1243259535583,8042600
2020-03-16,127.99874877929688,139.08836945175676,126.81334543915173,134.94802332569313,9341300
2020-03-17,126.80474853515625,128.40247863590332,115.96424345263345,127.148354157863,13708200
2020-03-18,117.93991088867188,121.72807860438436,106.71285651824007,118.1117071139407,12627600
2020-03-19,128.41966247558594,133.00668941426673,110.13167751295941,116.13603996517399,12773400
2020-03-20,127.55205535888672,138.76191934854208,126.93357847718292,131.9329179792085,12000000
2020-03-23,117.76811981201172,131.60651804387592,117.252718006461,122.79322843367547,10660400
2020-03-24,139.11410522460938,139.998868183945,125.4990552972724,127.99013318346209,11678400
2020-03-25,139.99887084960938,147.1972464298201,136.7690573807358,141.73404280119468,9708700
2020-03-26,143.752685546875,146.82787326850917,138.29806709855072,140.8664644918342,8259900
2020-03-27,140.88368225097656,145.80573013909358,136.76910439163933,139.82712269331222,6441400
2020-03-30,144.42274475097656,146.29534640820486,140.50573205637227,141.66536672907685,5621700
2020-03-31,142.0347137451172,145.6081200967245,141.73406049512116,143.31460687248716,4519900
2020-04-01,135.86712646484375,138.67604148773248,134.30376365911985,137.62806739618898,4668900
2020-04-02,138.72755432128906,139.1140990648289,133.14409238266134,133.14409238266134,4803200
2020-04-03,137.72254943847656,139.3546332677845,134.13194666390228,137.70536588348673,5050400
2020-04-06,152.07632446289062,152.7892912079823,144.51718613469336,145.34181321072418,8330900
2020-04-07,150.830810546875,159.0771613188281,150.4614492781812,158.51022191797352,7848300
2020-04-08,152.46290588378906,154.12075862240636,149.55091567648705,150.3325905426592,5665700
2020-04-09,157.79727172851562,159.30911029054576,154.29257293546573,155.2460572623044,4901300
2020-04-13,154.72207641601562,157.06714070589865,151.96471156663162,156.92110011478854,3182500
2020-04-14,158.04635620117188,158.4758533246095,156.19951070606288,157.84019286332548,3863800
2020-04-15,152.76356506347656,155.4522218021781,152.27394505804486,153.5366679086212,4961500
2020-04-16,154.1894989013672,154.54168976046674,147.97897289419018,152.04201284424508,7120800
2020-04-17,159.8588409423828,160.46871954187438,154.816535599838,156.61184360867017,6467600
2020-04-20,156.0363006591797,159.58395111484472,155.95040909829248,158.44148718662697,3856500
2020-04-21,152.54022216796875,154.0949998842909,151.26891416730078,152.35982758265646,4758300
2020-04-22,160.1852264404297,161.25896913475648,155.26319359965464,155.26319359965464,4243600
2020-04-23,156.3712921142578,160.91537858961098,155.7528283737562,159.91035698888106,5050100
2020-04-24,158.07211303710938,158.35558269002655,155.35768827633686,157.4192690701931,3319600
2020-04-27,159.678466796875,161.80876921624383,158.71639727339505,159.04280622902476,4048200
2020-04-28,159.71278381347656,163.20889646607975,159.40355848730567,163.20889646607975,3805000
2020-04-29,161.33628845214844,163.5610801674347,160.52883184945193,161.94616696204173,3465200
2020-04-30,161.1129913330078,161.75723714806765,155.27182665502244,156.3369844545186,7127200
2020-05-01,156.90386962890625,159.3777637898649,156.46577423762878,158.05491860781973,3764800
2020-05-04,156.22531127929688,156.73212794957988,153.64832801421292,155.74427650030222,4027100
2020-05-05,153.9661407470703,157.93469015938774,153.85446729543298,157.65122047176325,3828400
2020-05-06,152.01622009277344,155.58104114266916,151.92173019686905,155.1343735504054,3916900
2020-05-07,155.58103942871094,155.95899900816468,153.15868238063132,154.18947289273353,3039600
2020-05-08,155.67550659179688,157.56529110590623,154.5416411262155,157.36772612084482,3411600
2020-05-11,155.37490844726562,157.0928972160953,153.34768117575803,154.07781853818216,2631300
2020-05-12,151.64682006835938,156.84373724913627,151.56092851848175,156.31116507537953,3610600
2020-05-13,148.451416015625,151.6726449617285,146.89662516757917,151.33762456840816,4729100
2020-05-14,150.6761474609375,150.89089597059373,144.1821546260861,146.20078275252948,4868400
2020-05-15,149.30177307128906,150.07487568074868,147.47211131349977,148.648942227328,6879600
2020-05-18,154.47296142578125,155.60682719528182,152.9954900388456,154.67052646379761,4653000
2020-05-19,154.24964904785156,155.87314813268236,152.9611572945822,154.7220855382776,3365000
2020-05-20,158.14083862304688,158.57033572619778,155.10859012337843,156.33694554692852,4920800
2020-05-21,158.98268127441406,159.32627378320674,156.43146691962556,158.20957846880947,2913600
2020-05-22,158.40713500976562,159.2145917132435,157.35056263025533,158.4672577923585,2475200
2020-05-26,158.77647399902344,163.7758261949557,158.26108537835265,162.85669617191664,3990900
2020-05-27,161.25039672851562,162.13515973038795,159.14586350180193,162.12657450674678,3993400
2020-05-28,162.1179962158203,163.62123629318066,160.39142233127748,162.7107044006194,3567600
2020-05-29,161.11488342285156,163.1729112016659,160.58740288742177,162.07471142568582,5717200
2020-06-01,162.05747985839844,162.42930381674122,160.49233585773771,161.45217737120984,2168200
2020-06-02,162.21307373046875,163.0518544895938,160.91599171465896,162.91349590786996,3125500
2020-06-03,167.14202880859375,167.59168772580213,162.64547922032258,162.9740776438138,3881500
2020-06-04,167.09878540039062,167.98079181966875,165.69792761490848,166.30324321331082,3469100
2020-06-05,170.48854064941406,173.07405019570223,169.71893883209987,171.21490374100367,4728300
2020-06-08,175.23582458496094,175.30500389537502,169.1741310012497,169.20871405915457,4443900
2020-06-09,172.5292510986328,174.30193295356452,172.0882346540055,173.26425651533836,3728600
2020-06-10,169.31248474121094,172.56383306931804,169.20006671570326,172.19200913049102,3459900
2020-06-11,162.14390563964844,166.8134091358686,161.12354071680494,165.07531067008046,5796000
2020-06-12,163.579345703125,165.74114920376564,160.36258103860357,165.74114920376564,4108600
2020-06-15,163.8560791015625,164.40084466531079,159.22981387448633,159.62759156359715,4499000
2020-06-16,164.5738067626953,167.32361487529838,162.1439281970601,166.02653258944335,5434800
2020-06-17,164.98019409179688,166.78747188941804,164.66025138832885,165.95733351970958,3154100
2020-06-18,163.8560791015625,164.9369809588604,162.47251944638006,164.30572477408444,3153300
2020-06-19,161.3224334716797,166.33782057876232,161.29649288344703,166.27728374315123,6267700
2020-06-22,162.10067749023438,162.36873900985796,159.8783371856882,160.83817845587018,3223200
2020-06-23,161.37429809570312,164.06358208832964,161.11489223998433,163.90793857489837,2951900
2020-06-24,159.3595428466797,160.58745916836813,156.80861668575096,159.93891794806737,4146600
2020-06-25,158.03648376464844,159.17792238542555,155.93521702358407,158.68502483701673,3145200
2020-06-26,155.425048828125,158.07973700042237,154.6813878023597,157.69925742520246,5107400
2020-06-29,158.07113647460938,158.09707707120208,154.9321923408279,156.14281069178202,2622200
2020-06-30,159.51513671875,160.14637956317964,157.28415421703184,158.17481608623797,3163100
2020-07-01,159.67947387695312,161.21867707712107,158.86663356334924,159.93023730400398,2193800
2020-07-02,158.69369506835938,161.70292222599056,158.1229757055629,161.70292222599056,2690200
2020-07-06,162.99996948242188,163.190209229163,159.22978398411607,160.83816617363644,3171500
2020-07-07,160.68255615234375,162.4379397493018,160.189658561821,162.022863927408,2399600
2020-07-08,160.70849609375,161.90180279172375,159.7572971656667,160.40583829083178,2776400
2020-07-09,159.3941192626953,161.3483851465844,157.91543965881849,161.0284424066627,2333500
2020-07-10,159.86968994140625,160.35393179393688,158.25265201897605,158.91849116350613,2714100
2020-07-13,159.90426635742188,163.38909225297496,159.7226822675555,160.49228372153274,3221600
2020-07-14,164.919677734375,165.0234400871938,159.73999144433256,160.05129169739124,4138600
2020-07-15,165.82765197753906,167.75597730047306,164.1933288089423,167.66949986938403,3735400
2020-07-16,165.0926055908203,166.6836897758889,164.42676642847047,165.26554722926667,2111100
2020-07-17,165.57687377929688,165.94005523615226,164.40950763824807,165.4558132936784,1972600
2020-07-20,165.68927001953125,166.69235002257207,164.61701072028742,165.07531201235577,2157100
2020-07-21,166.87396240234375,168.53422620869964,166.02653897083584,166.31189866804445,3505400
2020-07-22,171.75100708007812,172.64166930938245,166.9345144298736,167.07287305830658,3484400
2020-07-23,170.82569885253906,172.31302057369768,169.49402063506903,171.6125984178986,2702200
2020-07-24,171.8374481201172,172.00174730725126,169.25192622672805,170.25500627847123,2199900
2020-07-27,174.0251922607422,175.12339219955948,171.82880557770986,172.11415204569488,4541700
2020-07-28,169.69296264648438,172.8491910433369,169.0530639459411,171.73370604338578,6051000
2020-07-29,169.66700744628906,171.61263077686087,169.23464670616198,169.7448292128073,3342900
2020-07-30,168.97525024414062,169.83131617964938,166.82208872000385,168.62071122306912,2705700
2020-07-31,167.99806213378906,168.34394539453098,165.7151983069308,167.88564413647765,3194700
2020-08-03,168.10186767578125,169.13954411389423,167.4014453162778,168.04134402716696,3143500
2020-08-04,172.39088439941406,172.68488655231374,168.0499786331174,168.57745929313316,3699900
2020-08-05,172.30442810058594,173.3766876771759,171.13706181104376,172.94432686002582,2259600
2020-08-06,175.69412231445312,176.05731698521893,171.5348136725815,171.889352683098,3158900
2020-08-07,176.9220428466797,177.4062848266405,175.78924647868038,175.84978332347765,2980000
2020-08-10,176.5069122314453,177.40622979635654,175.1406509577304,176.70580763585085,2783600
2020-08-11,177.2678985595703,179.36052290067735,176.6193574672792,177.2678985595703,2478400
2020-08-12,178.14990234375,179.34320887543046,177.59648118851527,178.87626513600787,2167100
2020-08-13,178.55633544921875,179.2135189955994,177.57055353234668,178.09803414016608,1795000
2020-08-14,179.02328491210938,179.28270399207855,177.44084303836027,178.0893841409819,2060200
2020-08-17,180.44142150878906,181.15914188816603,178.86763534737372,178.94545711035866,2619000
2020-08-18,181.8682403564453,181.9633470588848,179.19624077390995,180.95162444193792,2921500
2020-08-19,181.1678009033203,182.60324179321066,180.41549740320093,181.7817589881396,2711100
2020-08-20,181.4877166748047,182.44755787736625,179.94851376541413,179.96579869187445,2084900
2020-08-21,182.94912719726562,183.48525028479852,180.9516095240396,181.55692510692157,3484800
2020-08-24,183.85711669921875,184.61807598879997,182.39573497018458,183.54581637117238,2463900
2020-08-25,183.88302612304688,185.21470465407677,183.51120220250684,185.01582239877868,2302400
2020-08-26,184.84286499023438,185.4135843528064,182.97507655893068,183.3987816537407,2316700
2020-08-27,183.48526000976562,186.86632429331678,183.40743824027697,185.34440598543324,3226800
2020-08-28,185.8373565673828,187.39385837396145,183.12213076936501,184.03009125608645,3212500
2020-08-31,185.7155303955078,186.99410875314294,185.09798041980645,185.7155303955078,2900900
2020-09-01,184.99362182617188,185.79381831586596,183.15838438913295,183.3845225475908,2926700
2020-09-02,188.0726318359375,188.85544224084543,184.9936147376647,185.48068968909342,4092000
2020-09-03,185.95907592773438,189.70782780709172,184.30648499356423,189.70782780709172,3126700
2020-09-04,184.1586151123047,189.420789607744,183.31492699504895,187.25503146059322,3828600
2020-09-08,185.76768493652344,188.13348850175717,183.5758347833639,183.68020417624945,4107600
2020-09-09,187.62034606933594,189.75999853683408,186.51572118549953,187.00279611235126,3213200
2020-09-10,188.95111083984375,190.8994105652775,187.62904083201622,187.62904083201622,3325600
2020-09-11,189.6121826171875,190.6385174186883,188.116158830207,189.34255273787116,3616500
2020-09-14,191.83877563476562,193.60442890222598,190.77764241458397,191.10816323549855,2543800
2020-09-15,193.41310119628906,194.5177262368201,192.5694129812423,192.88253451746377,2640700
2020-09-16,195.5353240966797,197.19660779914966,192.48239975645836,193.2391044361844,3463700
2020-09-17,193.59576416015625,194.59600652397108,191.78661895113066,194.56991416817058,3376600
2020-09-18,191.5865478515625,194.45682605705008,191.46477911662893,192.76074352303692,3861400
2020-09-21,188.2292022705078,189.6556417678225,185.61115445653223,188.86413832304862,2831800
2020-09-22,188.2292022705078,188.70758420261276,186.61141000035119,188.24658832491363,2475600
2020-09-23,186.97674560546875,191.08211129598126,186.34180945314012,189.32515068366718,2777700
2020-09-24,187.9769744873047,189.96877944543027,185.77643068416918,186.7853793410451,1727000
2020-09-25,189.7687225341797,190.69939413485642,185.8286175278237,187.26376346272727,2196800
2020-09-28,191.57785034179688,193.07387388063947,190.49933100342008,191.3517121870592,2111700
2020-09-29,190.20358276367188,192.1866944031458,190.02962932773107,191.71700552712952,1731700
2020-09-30,190.9081268310547,193.2652245551843,189.96876229790658,190.36885389592695,3034100
2020-10-01,190.9951171875,193.96107219417624,189.42950946610208,192.73467837309798,2443000
2020-10-02,193.67404174804688,194.26549944864402,188.8293707789573,189.18597073312188,3833100
2020-10-05,196.6312713623047,197.0052705827943,194.839512499203,195.5788311853846,2913800
2020-10-06,194.90908813476562,198.8839909634916,194.48290422947,197.29229122675727,2453600
2020-10-07,196.98785400390625,198.66653701526982,195.81365847033018,196.2050569815222,1972500
2020-10-08,196.39642333984375,197.5097412261843,195.08304639932612,196.6486538244288,3195800
2020-10-09,195.55274963378906,197.63152447906094,194.06541915268963,197.38798700301382,3237700
2020-10-12,196.66603088378906,197.0139377069591,194.06538292008116,195.53531380079454,2412400
2020-10-13,197.74462890625,198.8144553508015,195.63974813049322,196.30948292277947,2098900
2020-10-14,197.9794158935547,199.5972080133088,197.74458473473265,198.66654986082335,1862600
2020-10-15,199.7363739013672,200.04949538153184,196.21376056746365,196.7008354762096,2177300
2020-10-16,199.5015411376953,201.71079095241467,199.31018837352917,199.84946128699588,2162800
2020-10-19,196.5703887939453,200.93669052662193,195.8484694017767,199.65811215723613,2009500
2020-10-20,197.83155822753906,200.04950100169978,196.94437846351553,197.21402154795712,1883200
2020-10-21,198.47523498535156,199.60595240688085,197.62285372312735,197.640239779235,1518200
2020-10-22,199.31021118164062,199.52765632291312,197.33581885458113,198.10121672703752,1961300
2020-10-23,198.927490234375,200.40611432773616,198.13598684889357,200.40611432773616,2278100
2020-10-26,195.06565856933594,197.65760050562812,192.19538052809634,197.24880264635905,2537800
2020-10-27,193.93495178222656,195.9006508597338,193.71750666548385,195.2396224826828,1801900
2020-10-28,186.7332000732422,191.86490033023858,186.53315425034336,189.95138565500935,3272900
2020-10-29,186.95933532714844,189.30774026781117,185.32415684136325,186.73319715140119,2477600
2020-10-30,185.26324462890625,187.19415838114847,182.57562609628158,185.78511823235436,3450900
2020-11-02,184.8805389404297,188.15092207871706,183.34102375611457,187.76821653940283,2983200
2020-11-03,188.56838989257812,189.69910704605937,186.08951048963058,187.51594978842058,2615000
2020-11-04,186.8896942138672,190.89068901818638,185.5241460047451,187.00276990310843,3360800
2020-11-05,188.1422119140625,189.78609647648713,186.72446549667836,187.93347309457795,3622000
2020-11-06,188.35964965820312,189.5164592341473,186.35045896854078,187.87257473607846,3916100
2020-11-09,185.45458984375,198.17948215882708,180.19241543190483,197.25750372738827,7981200
2020-11-10,185.5415496826172,187.86386161261316,183.8193750427412,187.65510955183566,4255600
2020-11-11,189.6295623779297,190.69938875610217,186.3939776164244,186.83756092644757,4126900
2020-11-12,185.3241424560547,189.45559994141894,183.41932098668335,189.22944851142753,4253200
2020-11-13,185.5067901611328,186.47224707918303,184.6891943403951,185.92428109894442,3072100
2020-11-16,188.50753784179688,188.52493716917317,185.81122605758887,187.437711464622,3702100
2020-11-17,187.8812713623047,189.08157263753478,186.1504167502922,187.52467146221449,2443100
2020-11-18,187.455078125,189.47296177966393,187.35940174880068,187.95955235661495,3095200
2020-11-19,187.09848022460938,187.4202947563368,185.55027202664948,186.86363577810175,2840500
2020-11-20,186.21128845214844,187.19414458174376,185.81119688788922,186.472225234637,3932600
2020-11-23,188.7423553466797,189.26422891902956,186.69836600540498,187.1245631985506,3010300
2020-11-24,191.09950256347656,192.43895885558044,189.8296170405895,190.49064552253967,3870900
2020-11-25,190.77764892578125,191.86487453505802,189.5425622262585,191.3343079068591,1889200
2020-11-27,189.89913940429688,191.69957777054117,189.3163881808364,190.4992899503098,1394400
2020-11-30,190.2491455078125,190.36289328921987,187.61553725058928,189.39169817672237,3413600
2020-12-01,189.1117401123047,191.55284535303826,188.57801994380782,191.50910852256084,4224800
2020-12-02,184.4919891357422,187.58930679198502,182.9783291146564,187.23933207230868,6223700
2020-12-03,185.0607147216797,186.56563015590137,184.2295146895723,184.56200004268754,3732500
2020-12-04,184.38694763183594,186.69681484507836,183.826980227131,185.1394050835341,3151100
2020-12-07,182.76834106445312,182.96083117052592,180.40597826799956,182.45335846821396,3826000
2020-12-08,182.33078002929688,182.95200023345544,180.59838324195465,180.72087567437939,2709400
2020-12-09,182.59336853027344,183.3283235309645,181.4034356645769,183.29333139550926,3010900
2020-12-10,182.0246124267578,182.65457756507152,181.17592311472748,182.4270953459445,2956400
2020-12-11,181.7796173095703,182.8120653093771,180.87841982747398,181.52588766974867,2770800
2020-12-14,185.41944885253906,187.88681487903324,183.92329145407416,184.37825595557226,4745000
2020-12-15,187.9917755126953,189.17296346592968,186.13688560751896,186.5568579094935,3798200
2020-12-16,187.06434631347656,190.31040392089747,186.94185382547352,188.00929408550581,2682000
2020-12-17,187.4580535888672,188.80547083021318,186.8280884667453,188.45549614044708,2558800
2020-12-18,188.18426513671875,189.73293051921004,187.0818328402402,188.24550470007264,7929100
2020-12-21,185.20069885253906,185.9706592659201,181.99837806126428,184.28199851396943,4342500
2020-12-22,185.41944885253906,186.28565437580036,184.06327334263005,184.78948362665463,2772800
2020-12-23,185.50694274902344,186.74061236859103,185.3056945931297,185.75192773380851,1658800
2020-12-24,184.95567321777344,186.1368610149482,184.7369357257542,185.5943829562801,1047700
2020-12-28,187.2568359375,188.0092936049325,185.6556755515443,186.35563834577826,2550100
2020-12-29,186.11062622070312,188.7967158627306,185.8831306691231,187.79927336542443,1665700
2020-12-30,185.10447692871094,186.67939008436755,184.85949192124008,186.3294153167468,1855000
2020-12-31,187.74679565429688,188.05302018148973,184.42198257592906,184.83321019447524,2610900
2021-01-04,183.93203735351562,187.8693133657151,182.1821369036492,187.66807855217112,4055400
2021-01-05,185.0344696044922,185.44569727776258,183.40706165407857,183.89703164333326,2576100
2021-01-06,184.61444091796875,185.23566126170618,182.89078843470892,184.87692857519127,3083400
2021-01-07,185.47190856933594,186.55685144172475,184.2294810956711,186.55685144172475,3142000
2021-01-08,188.87545776367188,189.09419527008302,185.69064020435283,186.27685511945333,2639100
2021-01-11,187.4405517578125,189.09420687372906,186.46935663572316,188.193009360068,2545400
2021-01-12,185.13946533203125,187.52807560980247,184.56199500312997,186.96810802287163,2952000
2021-01-13,185.56814575195312,186.47810124528,184.52695309645304,184.53571114104975,2069800
2021-01-14,182.42709350585938,186.0756337738951,181.98961846148083,185.57691916565653,3666700
2021-01-15,183.66075134277344,184.35195594453435,181.48212111198995,181.96334626545743,3593700
2021-01-19,182.94332885742188,184.61448689556872,181.88464662222154,184.33449643128685,3331600
2021-01-20,186.91558837890625,187.59804836783468,183.4157880866872,183.87075251218707,4077700
2021-01-21,186.82814025878906,188.95427647302245,186.64440816846562,187.2918628590866,2674900
2021-01-22,186.69686889648438,187.36182620999986,184.76322317393502,185.93565318092806,2196400
2021-01-25,186.66183471679688,187.2830551074722,184.22947472072684,185.68189496317956,2615300
2021-01-26,188.44676208496094,188.56049652268268,185.6381663110478,185.93564614921146,2907800
2021-01-27,181.11468505859375,186.49562325991764,181.11468505859375,185.8306659374449,5464000
2021-01-28,180.95721435546875,184.05453231896465,179.47854631939524,182.5408721477242,5401600
2021-01-29,181.84962463378906,183.2145446465796,177.7111144205092,179.4610146114056,5203300
2021-02-01,181.9283447265625,183.46826525097674,180.7646729902867,182.40956989044196,2812500
2021-02-02,183.52957153320312,186.04068799197887,181.68342585197792,182.06840612304777,2786000
2021-02-03,182.61083984375,183.73077489510013,181.92836648836334,182.29585727614037,3020700
2021-02-04,184.6407012939453,185.5856489157914,182.57581871672852,183.73950384314978,2777500
2021-02-05,185.99691772460938,187.39683005381917,185.49818969529363,186.0056624204869,2600200
2021-02-08,185.1219482421875,186.35563111721996,183.70453331808685,185.95314818717642,2696200
2021-02-09,188.9717254638672,189.14671281984673,185.2881928905178,185.55068059982685,3047300
2021-02-10,187.58926391601562,190.1353714743562,187.0730466497433,189.75914940422857,3161600
2021-02-11,187.4755401611328,187.939262592888,185.8393745833446,187.71176704854793,2583600
2021-02-12,187.15187072753906,187.85183366347383,186.35567607171228,187.23937110103685,2781200
2021-02-16,188.1405487060547,189.8117068656595,187.09061109004978,187.5630783445136,2892900
2021-02-17,186.758056640625,188.01798665402293,186.04060465285332,187.20428964159788,3280000
2021-02-18,188.4905242919922,188.86675983853866,186.05816368643164,186.61813130748124,2191000
2021-02-19,185.69943237304688,188.75299997923406,185.4631920845217,188.36801976109828,3181600
2021-02-22,185.54193115234375,186.36438644930868,183.46830351899865,185.0519611926234,2910800
2021-02-23,184.89443969726562,188.72671160406694,184.11572138360998,187.67677427824023,3243000
2021-02-24,186.60061645507812,187.32682665919,184.10700326446113,184.47448071400945,2887100
2021-02-25,184.5707244873047,186.2943772856276,183.5120423222511,186.101887191858,3131400
2021-02-26,181.471923828125,186.3137574558048,181.471923828125,185.53026127882038,5334000
2021-03-01,183.32945251464844,185.20456717980832,182.5371577328525,182.5371577328525,2827500
2021-03-02,183.69921875,184.78202536425908,181.5159950875192,183.1093968240922,3016600
2021-03-03,181.1902313232422,183.98088665841897,181.00535539422188,182.68679545374283,3488600
2021-03-04,180.3275146484375,182.66040653141624,178.470010387679,181.489561340244,3926200
2021-03-05,182.5547637939453,183.3118511835489,178.67250305102914,181.12862774278526,3608100
2021-03-08,184.08653259277344,185.38942236820054,182.35227458089327,182.84525917522663,3157100
2021-03-09,183.5935516357422,185.92643000615323,183.35585783275707,185.424646902988,3646700
2021-03-10,187.783935546875,188.06564871284658,183.3206517152004,183.7432080313347,3447200
2021-03-11,186.25218200683594,189.47419270135507,186.18175370848246,189.0076169784846,3618000
2021-03-12,186.93003845214844,188.60268039704857,186.12013313019864,186.66593567844578,2818200
2021-03-15,194.07827758789062,194.15750435789477,187.95115215066485,188.08319676733842,5479700
2021-03-16,193.55010986328125,194.81779216094267,191.17321227157717,193.3036175757162,3583400
2021-03-17,197.2915802001953,197.9870378921511,193.6822067639807,197.6877276668955,5240600
2021-03-18,196.22633361816406,198.38316145966124,194.91464528786264,196.91299267998147,3254600
2021-03-19,195.82142639160156,198.23353208349798,194.55374374015113,196.10312618479833,7719400
2021-03-22,198.13668823242188,199.75649881973067,196.00626911638852,196.6577208110522,4220700
2021-03-23,197.52041625976562,199.3074921282841,196.97461380716078,197.15948974620392,2794000
2021-03-24,197.23875427246094,199.85334625184086,197.22994233907312,198.35678175386664,2442500
2021-03-25,197.37075805664062,198.35674066122036,195.82137601061888,198.2070721528863,3249600
2021-03-26,198.2599334716797,198.3215498378355,195.80379523620414,197.37078794986024,3263100
2021-03-29,200.14381408691406,200.61038973812202,197.45879439319302,197.925370044401,3621300
2021-03-30,198.05743408203125,199.8533220080047,197.38838543415656,199.06982570257398,2419000
2021-03-31,197.3179168701172,199.38670561929385,197.19467073821863,197.20346923591822,3564100
2021-04-01,198.2599334716797,199.14906556067456,196.56088265999048,197.78454581127977,2441200
2021-04-05,201.46437072753906,202.0365822540388,199.12267988363575,199.48361992112692,2866300
2021-04-06,204.15817260742188,204.47509324726636,201.3499062162937,202.22144133407227,3230900
2021-04-07,204.77435302734375,204.95041702105112,203.56830056598537,203.95563597901295,2551300
2021-04-08,202.69676208496094,204.94161490536518,201.77240934328609,204.77434941280805,2772200
2021-04-09,203.77960205078125,203.89404970834633,201.48193099692585,202.6439777059211,2728900
2021-04-12,203.3218536376953,204.5719257345055,202.90809577214534,203.7796174368711,2292700
2021-04-13,203.63877868652344,203.9380888923583,202.20383059263128,202.8640808052332,2570900
2021-04-14,202.7496337890625,203.61235697511455,202.11579250829874,203.55074060680906,2129200
2021-04-15,203.60354614257812,203.6739744398222,201.77245071270517,202.30945472546995,2063000
2021-04-16,205.18812561035156,206.22691265117626,204.5102650811898,205.68990870027562,2694300
2021-04-19,204.07009887695312,205.38180057886242,203.20737584031042,205.22333356970285,2254800
2021-04-20,205.12648010253906,205.3025575282851,203.4274430932271,203.5682996606953,1885700
2021-04-21,204.4662322998047,205.87477112431114,204.1053058118337,205.3817865655804,2065500
2021-04-22,205.08250427246094,206.03325266032869,204.1845603141152,204.96805661549644,1839500
2021-04-23,206.5086669921875,207.0896904187724,205.2057769654906,205.81319589383807,2137500
2021-04-26,204.51031494140625,207.18653684954745,204.15818684272628,206.68474020446126,2490100
2021-04-27,206.8607635498047,207.43298838859536,204.598313423675,204.739170008561,2623800
2021-04-28,204.5983428955078,207.27455122972611,204.46628479084583,207.05446782144804,2777000
2021-04-29,207.06324768066406,207.58264121986812,204.78317371513978,205.989239740005,3146700
2021-04-30,207.8291473388672,208.01400986309136,205.88360427128927,205.9980519319774,2640400
2021-05-03,207.371337890625,209.67780714834748,207.21288432306633,209.51055508242064,2458000
2021-05-04,205.87477111816406,207.87313171343666,205.32896870427447,206.55263160280947,2529700
2021-05-05,206.91360473632812,207.1865194376192,203.85004755023024,206.10369943116777,2070000
2021-05-06,206.75515747070312,207.45061512994997,205.26739148249413,207.35377789305988,1832600
2021-05-07,206.73751831054688,207.5122160980228,205.9892428865743,206.87837489605585,1406800
2021-05-10,208.73587036132812,209.4489383253465,206.9664049160669,206.9664049160669,2031500
2021-05-11,205.87477111816406,209.34328689132965,204.41341443852608,209.29046903615605,3028500
2021-05-12,200.66322326660156,205.61950524734897,200.3375041650286,204.3342124068754,3198200
2021-05-13,202.27426147460938,203.42749637808217,200.61043145493775,200.7160671917978,2819200
2021-05-14,203.99090576171875,204.80081107327416,202.89048874610134,203.10177364891683,1943100
2021-05-17,203.9556884765625,204.5015044602149,202.69681783634474,203.1898025187468,1630900
2021-05-18,204.17575073242188,205.33779744869724,203.9292584167557,204.14054330139402,2913000
2021-05-19,202.6087646484375,203.0225224986886,200.87450645044643,202.6791929455892,2967000
2021-05-20,204.39584350585938,206.0156674968485,202.9697074093039,203.1105640055333,1890200
2021-05-21,203.56829833984375,205.46980825703974,202.7495813004661,204.60708529433276,2601100
2021-05-24,204.15817260742188,204.8096108878397,203.3746762245876,203.81484303365912,1823300
2021-05-25,204.3606414794922,204.91525594630224,203.10177087855317,204.3870504128808,2681900
2021-05-26,204.54551696777344,205.81318606593638,204.37825143482024,205.81318606593638,1564200
2021-05-27,206.75515747070312,206.94883194448332,204.58953082426353,205.12653487741306,5242900
2021-05-28,207.03839111328125,207.49869659116953,205.76370733267518,207.25084291238642,2853600
2021-06-01,206.4630126953125,208.89730043129333,206.02041492513416,208.88843983140205,2574300
2021-06-02,206.9410400390625,207.42790035281786,206.08239916944314,207.10922937536105,3172000
2021-06-03,205.76368713378906,206.03809557214635,203.72773482334858,205.8699197764195,3249400
2021-06-04,206.58697509765625,206.95875566777207,205.4273709012681,206.6400846780993,1615200
2021-06-07,205.0909423828125,207.197711941914,204.6217898602075,207.13574177511168,1877000
2021-06-08,205.93191528320312,207.11807421141094,204.78115823787618,204.92279278342704,2106200
2021-06-09,204.89622497558594,207.41903781823564,204.87851728176378,206.23286545838246,1982200
2021-06-10,207.6580352783203,207.93244375678728,205.30341170984056,205.40964436799882,2534000
2021-06-11,209.7293701171875,210.2339380518777,207.76424847005873,208.02094923027897,2654300
2021-06-14,209.7736358642578,210.47294790670813,207.85276315801553,209.9506722713424,1836800
2021-06-15,209.21597290039062,210.50835083486228,208.6051858119434,210.26049716230574,1948300
2021-06-16,208.53440856933594,210.03923858638294,206.9410535778095,209.97728190985913,2951700
2021-06-17,207.02955627441406,209.1451732694751,206.49843349871966,208.0917883187896,1895600
2021-06-18,203.25860595703125,206.1531993026793,202.55046029446174,204.89622319250188,4408200
2021-06-21,206.1620635986328,206.4541797869733,203.12584897132993,204.15267917755455,2193000
2021-06-22,207.02955627441406,207.89704420150255,205.7460118176548,206.68433052231669,1758300
2021-06-23,206.4630126953125,207.53409173521732,205.98499953959316,206.51612226661197,1701500
2021-06-24,206.54269409179688,208.1626036851317,206.0204319215833,207.22429849606644,1839800
2021-06-25,205.73719787597656,206.61354654498112,205.6663805940051,206.02046700386245,3000100
2021-06-28,204.55987548828125,206.02930362369338,203.60386249079679,205.95848634532254,2901700
2021-06-29,203.9225311279297,205.10870364313374,203.63927552474195,204.94936139189127,1932100
2021-06-30,204.47132873535156,205.58667028643703,204.1261030047528,204.4093585623406,2450700
2021-07-01,205.60438537597656,205.71945161897384,204.25888428474832,204.8431166212437,2210500
2021-07-02,206.80825805664062,207.23314817440087,205.75487310245282,206.32139776180423,1851500
2021-07-06,206.02926635742188,207.0472358474678,204.48017412917056,206.8347975577955,1762700
2021-07-07,207.69342041015625,208.01209132418109,205.11749831403966,205.29453470916212,2069400
2021-07-08,206.10894775390625,206.98529629228418,205.31227708775427,206.20631981372603,1932600
2021-07-09,208.62289428710938,209.109754572625,206.30368611776052,207.1977423258019,2560500
2021-07-12,208.5609588623047,209.11863647406534,207.5783910976387,207.65805546874324,2158600
2021-07-13,209.05667114257812,210.20742827761975,208.19803021537885,208.6052261888298,1884600
2021-07-14,209.90643310546875,211.60600700549676,209.47268240688894,209.81790814428504,1993200
2021-07-15,209.68515014648438,210.1365950660025,207.95016072731124,209.42843584374788,2165800
2021-07-16,207.79966735839844,210.5703339120879,207.47214930823532,210.49065604265897,1680900
2021-07-19,202.93994140625,206.53384694149472,200.42598910661184,205.81682714895922,3774900
2021-07-20,207.37481689453125,208.48131160742966,203.78092422815973,204.17039902120692,3275600
2021-07-21,208.8441925048828,210.77392594651113,208.21571118955924,208.88845498651435,2146600
2021-07-22,211.2696533203125,212.17255670440488,208.16262131669004,208.59635855949784,2538300
2021-07-23,215.06712341308594,216.917178928039,212.09286573295032,212.56201830837836,3996400
2021-07-26,215.9700164794922,216.49229214343762,213.86326015798062,214.21733299152513,2638400
2021-07-27,218.06793212890625,218.68756632098163,216.04082672774462,216.13819877985733,3135200
2021-07-28,214.02256774902344,215.81066644800111,211.87154915895073,214.65990959208455,4948500
2021-07-29,216.0054473876953,217.0499717766128,215.08483634311045,215.38581313096344,2572300
2021-07-30,214.84585571289062,217.23588141731554,214.40325785995952,215.8549782772929,2336800
2021-08-02,212.5354766845703,216.58966079369415,212.17254323370125,216.20018606143475,2693900
2021-08-03,209.74708557128906,212.40267225547592,208.242255818319,212.05744652681213,3300000
2021-08-04,207.8704833984375,209.43728338508683,206.29483631835416,209.30449594149894,2240600
2021-08-05,209.27793884277344,209.62316458106838,207.4367304028628,208.6760123275977,2230500
2021-08-06,209.1362762451172,209.91525257859712,208.61401416108444,209.5080567205478,1558600
2021-08-09,207.7377166748047,208.9681516425178,207.16234488290775,208.7202844245005,2093100
2021-08-10,206.64892578125,208.10950673616034,206.46304225508845,208.10950673616034,2027500
2021-08-11,208.50778198242188,208.85300765279567,206.9144275395389,207.30391568191143,1969100
2021-08-12,209.49923706054688,209.5789014213539,208.06522453796967,208.90615764062898,1490800
2021-08-13,211.4023895263672,211.56171822827844,209.14513836688084,209.60543028818734,1699700
2021-08-16,213.3055877685547,213.37640503837764,211.17226310130792,211.56175133182754,2175300
2021-08-17,212.69479370117188,213.1905010667594,210.86244586715995,212.75676387537666,1652000
2021-08-18,210.74737548828125,212.2344976511569,210.48181410004966,211.9512420755196,2215500
2021-08-19,209.99497985839844,210.78280352011558,208.96816307393502,209.5081195040755,1455400
2021-08-20,211.11029052734375,211.9069611155588,209.18941781428165,209.75594242317086,1989700
2021-08-23,212.14598083496094,212.50891427281044,210.66770580312462,211.96894441628234,2086900
2021-08-24,211.0571746826172,212.7921639545008,210.95981613599835,212.7921639545008,1687700
2021-08-25,211.41128540039062,212.09288985442365,210.53493681663392,210.61460118597157,1668000
2021-08-26,209.74708557128906,211.49092190779942,208.83533522361256,211.37584216257403,2008000
2021-08-27,210.21624755859375,211.00407110325975,209.23367990113277,210.17198507713798,1784000
2021-08-30,209.4284210205078,210.4640982381073,208.78223202293125,210.09231771181615,2245600
2021-08-31,211.35092163085938,211.59122494618148,208.86767872403274,209.828932728508,2938100
2021-09-01,211.96502685546875,212.75716941000596,211.12839274455692,211.72472355922548,2197100
2021-09-02,213.49595642089844,213.56716193965497,212.16979267961733,212.89962548000963,2140200
2021-09-03,212.56137084960938,213.30009908919124,211.39539600766315,212.1786429656579,1339300
2021-09-07,210.22061157226562,212.3745278677094,210.0069949880236,212.3745278677094,1820000
2021-09-08,212.38339233398438,213.13104347870552,210.05146935069254,210.7635109460602,2718400
2021-09-09,212.37449645996094,214.88442644355246,211.6268588972795,212.20538505341216,2992200
2021-09-10,212.8817901611328,214.78650695719008,212.7571839164532,213.8964584720323,2035200
2021-09-13,214.68861389160156,215.21373926972535,213.46923815904987,214.3503911011191,2294800
2021-09-14,214.61741638183594,215.61426643592966,213.16663286441758,215.15143737607326,2013800
2021-09-15,214.48388671875,214.74200839274496,211.9917481677792,214.02996686660154,2507200
2021-09-16,216.4686737060547,216.80688285725623,213.56710727888105,213.86972047034686,3410700
2021-09-17,215.827880859375,217.7325842403199,215.28495069288277,217.029438270388,4756600
2021-09-20,212.8016815185547,215.35612981559,210.62106552337747,213.50482740231558,4549900
2021-09-21,214.05665588378906,215.7032509768583,213.07759713962975,213.61163165118242,2008300
2021-09-22,216.39752197265625,218.82735086489905,214.92003802689996,215.2137556966754,3361900
2021-09-23,217.8660888671875,218.90744406908746,216.75352814963668,216.94044432585315,2941700
2021-09-24,219.3257598876953,220.1802124628952,218.27550912801385,219.5215716532398,2508800
2021-09-27,220.82994079589844,221.53307315725715,218.31110183226653,218.95193785882617,2463300
2021-09-28,216.96714782714844,220.47394143243736,216.20170549918657,220.10010907461051,3007500
2021-09-29,217.42108154296875,218.69385816529962,216.41532222989497,217.5100918397426,1719000
2021-09-30,214.59957885742188,218.43568544200718,214.34147078675684,217.85715939127374,3136800
2021-10-01,216.21951293945312,217.78600726195535,213.83418906628242,216.34413278880186,2076000
2021-10-04,216.35299682617188,217.89277696986994,215.26713654049456,215.44514352906765,2236500
2021-10-05,218.25772094726562,219.73520489740238,216.29070754605172,217.14516018621035,2463100
2021-10-06,219.9309844970703,219.98438523281703,216.29958507461217,217.67025375600502,2107900
2021-10-07,221.01683044433594,222.46760013559341,220.44718641701874,220.73200843067735,2423900
2021-10-08,220.4650115966797,222.1828122705555,219.93988623907933,221.84458949329178,1687500
2021-10-11,219.46817016601562,221.7466922507019,219.3524595101164,220.82104774669668,1504000
2021-10-12,217.63467407226562,221.26607376636355,217.33204724529355,220.49172229692644,2346700
2021-10-13,215.9702606201172,217.05612086417108,213.52262727313803,216.522099918922,3214300
2021-10-14,217.66136169433594,218.4356995373593,215.42733128487245,216.17498234065116,2512000
2021-10-15,215.61427307128906,219.2901781304779,215.3828653247712,218.27552327103203,2564700
2021-10-18,215.62315368652344,216.68231361853373,214.61740807482647,215.7655647118999,2484900
2021-10-19,216.0770721435547,217.1095180532587,214.97340714503986,216.477591241213,2071600
2021-10-20,213.3624267578125,215.97026233475188,212.97969884200305,213.9676532167789,3040200
2021-10-21,214.85772705078125,215.3116605295985,212.9975287323994,213.76297107322088,2702400
2021-10-22,212.22315979003906,215.6053466991086,211.83153628947517,214.24357362373263,3283700
2021-10-25,211.24411010742188,212.94410602100487,210.49647261846457,212.92630124810708,3178400
2021-10-26,210.42527770996094,212.18757004588343,210.17606520108555,211.35983140877516,3066400
2021-10-27,216.04153442382812,217.72372605810014,212.5881544268068,214.54625900717144,5249400
2021-10-28,218.5069122314453,219.0231420041229,215.86346703364708,216.63780490213213,3448500
2021-10-29,218.55140686035156,219.0320270636207,215.81005591372758,216.28178052138392,4329400
2021-11-01,223.0283966064453,224.01635117005728,218.36453670218495,218.7739650646732,4456200
2021-11-02,221.83570861816406,224.48804953185362,220.87445454088672,224.07862121741456,2624300
2021-11-03,222.86813354492188,223.51787871247765,220.6519215257249,220.72312703371986,2399000
2021-11-04,225.59173583984375,226.2325583705236,222.69016856137202,223.50901168614217,2711000
2021-11-05,226.70425415039062,229.2141837999997,226.62413946564217,226.68644937810632,3224300
2021-11-08,225.27127075195312,227.54088346104606,224.22990210198645,226.76654564646432,2471300
2021-11-09,224.87075805664062,225.7964161430516,222.9126539860891,225.1021793687748,2258900
2021-11-10,225.2979736328125,225.82309897083428,223.23305466280834,223.23305466280834,1794300
2021-11-11,222.654541015625,225.4759931942084,221.8534891990127,225.4759931942084,1640500
2021-11-12,223.1084747314453,223.4110879875795,221.52418935396227,222.6456456696108,1625200
2021-11-15,225.12889099121094,225.8587237678772,223.10847690300113,223.10847690300113,1709200
2021-11-16,224.70166015625,226.24144032619125,224.63045464339464,225.62730466124384,2195500
2021-11-17,224.90640258789062,225.48492879609026,222.9749985866066,224.65719004456784,1412000
2021-11-18,225.60952758789062,225.61843676625574,223.47341626421178,225.3247190825636,1751200
2021-11-19,224.2477264404297,225.46710217265345,222.71684186853315,225.4403882219347,2743100
2021-11-22,225.60952758789062,227.3629245116784,224.4791755828184,224.88859035567563,2438700
2021-11-23,227.5408935546875,227.66549980142426,225.2267756037102,226.79325607426694,2770000
2021-11-24,228.8403778076172,229.44563148640185,226.11684490159476,226.517364047155,2642800
2021-11-26,222.5210418701172,225.32470306180082,220.97236602393468,224.74616333285167,2573300
2021-11-29,222.77914428710938,224.57704607611615,222.36082040182964,224.15872219083641,2084600
2021-11-30,218.91282653808594,221.8662592333993,218.3310794493458,221.4008779500338,3836100
2021-12-01,218.5369110107422,224.551196999811,218.47426931104087,219.95098558649366,3275300
2021-12-02,222.67176818847656,224.05003596908523,219.2708301326981,219.86152217711177,3290500
2021-12-03,223.14610290527344,224.35432170664598,221.57093781302257,224.03214095136494,3229900
2021-12-06,228.9276580810547,229.94793798775967,225.86681836093967,225.8936667540355,3616800
2021-12-07,232.61500549316406,233.03564854266278,229.51837235096448,229.9658637945712,2596200
2021-12-08,232.3196563720703,235.21046106133267,231.88112347753233,232.69556121932533,3453100
2021-12-09,234.789794921875,235.46999062020794,231.22775338680074,232.2480469343002,2955100
2021-12-10,237.14361572265625,237.41209966260996,234.8703515511114,236.1680876572111,2529600
2021-12-13,235.46102905273438,237.94012165489582,234.84348871610464,236.47236401888765,2878800
2021-12-14,234.950927734375,235.90856610108497,234.2618006557583,235.380529407696,3695500
2021-12-15,236.74082946777344,237.77008149030877,233.95744619867963,234.6286832676168,2641800
2021-12-16,237.66268920898438,238.86199028495074,236.35602187181047,237.67164777771399,2347700
2021-12-17,234.21702575683594,237.03621630774464,233.4831332554271,236.2754754130018,5943200
2021-12-20,234.24386596679688,234.44969453759714,231.29040623968862,232.3643965609477,2824500
2021-12-21,236.62451171875,238.49502246252732,235.75637732448905,236.5350079776774,2851800
2021-12-22,237.11676025390625,237.56425168228418,236.33812953856216,236.56187525275112,1795100
2021-12-23,238.0207061767578,239.29156656224714,237.57321473992442,237.9938577830562,1509800
2021-12-27,240.07020568847656,240.0881228267108,238.06545272141628,238.48609577925953,1485500
2021-12-28,239.74807739257812,240.94735147002527,239.18423366908593,239.47956607473023,1304000
2021-12-29,240.29396057128906,241.39479941892347,239.81068944934282,240.25818091887868,1318500
2021-12-30,239.14837646484375,240.98310782358078,238.69195375199143,240.7504035262017,1714600
2021-12-31,239.9180908203125,240.85781201175865,239.14839126511444,239.85543545749272,1519200
2022-01-03,240.37448120117188,242.29871617376196,237.67164283387868,241.18891887004804,2750600
2022-01-04,240.3118438720703,242.6745842959137,240.09702942429698,241.1978681169231,2506000
2022-01-05,239.13047790527344,241.89597172709924,238.8709252225005,241.01887867207577,2473000
2022-01-06,241.36788940429688,242.32552745967837,239.67635897118163,239.9627599936199,2908400
2022-01-07,239.01414489746094,241.79755607987545,238.96044810537558,240.35661932501924,2209100
2022-01-10,236.6424560546875,238.70986457998868,234.49450233767877,238.7009060100056,3122400
2022-01-11,234.59291076660156,236.23074475048796,232.98195248961812,235.8190329559193,3206200
2022-01-12,233.51895141601562,236.2307485236345,232.9461492471417,235.7116431440037,3044000
2022-01-13,233.9574737548828,236.14123412805134,233.2235812513553,233.9574737548828,2371300
2022-01-14,230.6460418701172,233.80533050170715,230.15381218663114,233.71585405940883,3460100
2022-01-18,229.54525756835938,230.10014267741184,227.60313237396113,229.97483194299892,3076500
2022-01-19,228.41757202148438,230.86088554748738,228.2922749424348,230.5028704821616,2304700
2022-01-20,226.5469970703125,231.0039938660358,226.34114119688516,229.67047825449058,2602200
2022-01-21,227.85369873046875,231.3172782669943,227.0482195635786,227.36145539232228,3738100
2022-01-24,226.97662353515625,227.2540660610204,221.75887136595193,225.8757983447947,5153100
2022-01-25,224.35430908203125,226.01003292628957,221.1234338905134,224.48856471219986,3908600
2022-01-26,223.6114959716797,227.51362218781523,221.83047498129432,226.4306868073313,3839000
2022-01-27,222.6180419921875,225.94737933106697,219.4945468877721,223.38772779969952,5199000
2022-01-28,229.19618225097656,229.42888655993593,221.2039909975636,223.74573931869853,3833200
2022-01-31,232.20333862304688,232.24807684571647,227.71946527798073,228.23855703069538,3174200
2022-02-01,231.79161071777344,232.60604842792787,228.73972943147638,232.47180645652008,2496500
2022-02-02,234.7361297607422,235.03146212008014,231.34413669327336,231.6484276222833,2371500
2022-02-03,233.26834106445312,235.2014799681176,232.75819428942918,234.48550461955364,2242200
2022-02-04,232.74928283691406,234.2439165033072,230.71768120675267,232.57923387748266,1989700
2022-02-07,232.5613250732422,234.10962809696062,231.95274322215388,233.59055000343523,1959300
2022-02-08,232.76715087890625,234.82562802730672,231.89008507836442,233.14305573107544,2920000
2022-02-09,232.5702362060547,235.27310196193275,232.16751030093724,234.47655409507314,2379300
2022-02-10,229.8942413330078,233.08933667678326,229.08876222696344,231.4425715029766,3246600
2022-02-11,228.36386108398438,231.5858052834107,227.97901130021785,229.89427433644448,3592700
2022-02-14,226.7797088623047,229.33936041652478,225.24928214594854,229.03506951827777,2825800
2022-02-15,227.1555938720703,229.93900472468306,226.9318481606552,228.05953528625426,2171500
2022-02-16,226.51121520996094,227.86264810711106,224.81969810264783,227.11981067339562,2941800
2022-02-17,224.57803344726562,226.32326087896237,223.74570597608457,225.07027673168383,2831900
2022-02-18,224.28274536132812,225.7952551606546,223.75469501226436,224.05004104115727,2813500
2022-02-22,226.1621856689453,227.95215154468903,223.38774675535612,223.7546793810531,3980500
2022-02-23,221.76779174804688,227.19139922570628,221.13236157968313,226.90499816207156,3497200
2022-02-24,219.29762268066406,219.7898659256483,214.44681780246688,217.41815343848907,4856000
2022-02-25,223.2534942626953,223.32509453749537,218.04470059228314,220.16580581485573,4549700
2022-02-28,220.28358459472656,221.13854529031858,218.11467404069916,219.98659564592288,4410400
2022-03-01,215.65780639648438,219.23065510992865,214.46085579954712,218.06070226288043,3910700
2022-03-02,216.83677673339844,218.45671055882605,215.63982601050822,216.75578347520855,4482000
2022-03-03,212.97593688964844,218.09672130594961,212.10297291715108,216.89977056291377,4707400
2022-03-04,212.21995544433594,212.74193485156388,208.46711699482685,211.14899887884454,4184100
2022-03-07,201.88836669921875,210.86997870230448,201.76237263741555,210.86997870230448,5425000
2022-03-08,200.50244140625,206.7571855927329,199.97146735116357,201.88838997821642,5258800
2022-03-09,200.21449279785156,204.51630888954946,199.80050434819466,204.10232043989257,5630500
2022-03-10,199.79150390625,199.8365047391806,195.90366264412532,198.1715700470314,5444900
2022-03-11,204.17425537109375,206.19017401806025,201.7713598815205,202.2573467679596,6126300
2022-03-14,203.55332946777344,205.5872516860047,200.83545503769423,204.0933119773965,4436100
2022-03-15,209.30409240722656,211.10401574915124,205.17325790094222,205.17325790094222,5087400
2022-03-16,214.3168487548828,214.37985265659935,210.9149951026088,211.373970561866,4173200
2022-03-17,213.7138671875,213.7138671875,211.0769727445463,212.78690790342034,3752800
2022-03-18,215.0188446044922,215.26183810502692,212.38196345316797,213.4979071563302,5336500
2022-03-21,211.7789764404297,216.0717835095529,210.65402440783092,215.61280802388944,3704000
2022-03-22,214.29884338378906,214.58683767599737,212.81391229502057,213.32688324607156,2938100
2022-03-23,212.49891662597656,214.19984340485746,212.34592481047466,213.40788657945487,2200500
2022-03-24,216.22476196289062,216.92673088922393,212.813913653262,213.7948684692504,2337500
2022-03-25,217.41275024414062,217.65574374943273,215.4778243398641,216.47678238125852,2134800
2022-03-28,218.63668823242188,218.64568290539944,215.86480466724407,217.70972881970343,2041800
2022-03-29,223.34349060058594,223.77546836604074,220.28362635243232,221.70556746822683,2657400
2022-03-30,224.11744689941406,225.44039161345626,222.7495013567485,222.7495013567485,2227300
2022-03-31,222.54251098632812,226.20536141554052,222.54251098632812,224.73841956285625,3803400
2022-04-01,224.31541442871094,224.47740091481725,221.55252590220618,223.29845349152114,2023000
2022-04-04,222.13751220703125,222.5334974882934,218.13268603485466,222.10150605474004,2500700
2022-04-05,223.64942932128906,224.75639186296516,220.8775462298629,221.4805325244293,2532500
2022-04-06,226.3043670654297,227.1323301520665,221.3725672377786,222.866506902337,2886000
2022-04-07,228.9142303466797,229.92218293210118,224.57640889581754,225.7013608821626,4041800
2022-04-08,226.3043670654297,229.55322923602938,225.81838007463347,227.7262944163476,2551000
2022-04-11,225.39537048339844,227.63627971668302,224.92738662605183,226.1153424795493,2326700
2022-04-12,224.24343872070312,227.05131462474978,223.91045731043022,225.64737667272647,2724900
2022-04-13,226.1873321533203,226.48432110501,224.10842322381563,224.414406847136,2133800
2022-04-14,225.44937133789062,228.34724873533293,225.3773727633321,226.18734642787265,2105900
2022-04-18,225.94436645507812,227.2313187371788,224.20744708666874,224.65742790530223,1426600
2022-04-19,229.85018920898438,230.35417924465787,225.02639444041867,225.02639444041867,2324500
2022-04-20,230.25515747070312,232.00108499457747,229.32819821542103,230.39014620406545,2278700
2022-04-21,229.71519470214844,233.6390140319533,229.38221330985238,231.87509701444964,2476900
2022-04-22,225.14340209960938,229.4902184738759,224.9364147672133,229.4902184738759,2643600
2022-04-25,227.58230590820312,227.8072963201711,223.127484765377,224.49543031519335,2523000
2022-04-26,223.71246337890625,227.15931806576597,223.4874729716621,225.10740665028507,2948500
2022-04-27,222.41651916503906,225.86337389419137,222.33552591319528,223.17248364689718,2706500
2022-04-28,228.76124572753906,230.7321638668468,223.2624796958489,224.9364088535312,3547400
2022-04-29,224.23443603515625,229.35521974736739,223.91044930916485,228.84223504274587,3388000
2022-05-02,221.9665069580078,226.38532128142037,218.0246711377726,225.76434564044382,3418700
2022-05-03,221.27354431152344,223.04646968289805,218.04268560763063,222.6414897274567,2562000
2022-05-04,228.87826538085938,229.292240071392,221.5345746373148,221.5345746373148,3289300
2022-05-05,224.0184326171875,229.03122515943576,222.09251540443947,227.59128115283076,2925900
2022-05-06,225.69236755371094,227.19530176853775,222.92048419497362,223.36147031988324,2964500
2022-05-09,222.73150634765625,224.9004034159734,222.10152222759802,222.2905202100804,2918900
2022-05-10,221.10255432128906,225.78236552184447,220.4275831364771,224.08143868541129,3070800
2022-05-11,219.97763061523438,222.10154076567264,218.87968998058534,220.73360887593833,2833200
2022-05-12,219.76161193847656,221.73252991980596,216.9987234029595,220.7785728789836,2861000
2022-05-13,220.52658081054688,222.45249805371606,218.04269177885848,222.4255003047441,3255200
2022-05-16,219.6266326904297,220.92257964983335,216.64776185774969,220.0046286638598,2147100
2022-05-17,217.45774841308594,222.29053831324424,215.50483318590534,221.39057661966837,3204900
2022-05-18,207.93612670898438,216.06277871311022,207.32414569111677,215.5048069254294,3946100
2022-05-19,206.09121704101562,208.9260907344577,205.4972390585892,206.54119786424928,3518300
2022-05-20,210.51004028320312,210.6450290425414,205.72223754456533,208.23313832686105,3208200
2022-05-23,214.19088745117188,214.99185282554078,210.14105974726317,212.17496827269997,3053500
2022-05-24,220.05862426757812,221.21057406929,213.6958888751982,213.74088970370605,5258200
2022-05-25,219.59963989257812,221.12057729639415,217.42173432147578,218.3127013092416,2641700
2022-05-26,223.271484375,224.38744177424485,221.030588635895,221.3905678060642,1972300
2022-05-27,226.67330932617188,226.67330932617188,223.89243145546905,224.54040486468648,2063800
2022-05-31,226.9793243408203,228.84223773796847,223.75746012004984,224.99040313488518,3924700
2022-06-01,224.34243774414062,228.06827840476774,223.3614828469486,227.8612910714898,2264100
2022-06-02,225.3323974609375,225.38639296160082,221.588553781934,224.63042848766491,2089700
2022-06-03,224.75326538085938,226.4817222937822,224.5813227611483,224.81660466744904,1838900
2022-06-06,224.4907989501953,225.81201731006976,223.8211314390769,225.40479285143533,1569300
2022-06-07,225.27809143066406,226.04729008638677,222.1922108600941,222.61753815555358,2782000
2022-06-08,222.26463317871094,224.8618336606179,221.61306847527817,224.33696132682857,2101300
2022-06-09,219.14256286621094,222.61756545192443,219.02491501861508,220.4637813349512,2682600
2022-06-10,214.81687927246094,216.74441198163464,214.6177893125003,216.44577704169367,1992300
2022-06-13,215.8032684326172,217.27834026333568,210.56360406455894,210.66314904347428,4697000
2022-06-14,216.0657196044922,219.8122096692712,215.9390272374101,217.15166996054717,3564800
2022-06-15,216.1923828125,218.6176541232319,213.67662485658957,217.06114021848333,3152100
2022-06-16,212.8350372314453,214.76258374205645,211.59526105581412,213.64044159075257,3272000
2022-06-17,212.10203552246094,213.10652986490476,210.10209136014254,211.95724031076438,7236300
2022-06-21,216.81683349609375,217.27836654891348,211.88486179884984,213.76715829523337,3263500
2022-06-22,219.95700073242188,221.30538032035548,215.7037412797319,216.09286289682956,3054300
2022-06-23,220.4276123046875,221.79408114955555,217.60417413688202,220.53620183162332,1937000
2022-06-24,224.33697509765625,224.42747557085661,221.25110780296646,221.9479089745619,3104800
2022-06-27,223.54966735839844,225.12428441349599,223.1333983332656,224.33696898173065,2059200
2022-06-28,219.74888610839844,226.20118038476866,219.46835397610988,223.5768185811606,2381700
2022-06-29,224.19215393066406,225.21473729270448,221.8121327534135,222.7442294667273,2997200
2022-06-30,223.4138946533203,224.96135027243471,222.119809933097,224.6536708147481,2786200
2022-07-01,228.916015625,229.07889989558802,222.6175614687115,222.93429929498717,2531400
2022-07-05,228.3096923828125,228.95221257285786,225.9296847011373,227.27805055438674,2390700
2022-07-06,227.55860900878906,228.82553279467479,225.6672540455569,228.47260303943278,1948600
2022-07-07,228.8979034423828,230.68969938799864,227.305183661007,229.18748006999442,2396700
2022-07-08,229.16937255859375,230.41819324021927,228.33682083469978,228.5902055416053,1450300
2022-07-11,229.20559692382812,231.1240853502829,228.11966033920152,228.11966033920152,1478100
2022-07-12,227.57666015625,231.32314993735324,226.92509551532498,228.9250396675815,2112800
2022-07-13,228.65354919433594,230.58109571662106,224.66271927147704,225.29619485930695,2205300
2022-07-14,228.5902099609375,229.0426846332209,225.8934509720581,226.13779116145184,2371000
2022-07-15,230.77113342285156,232.01998177814698,229.3594146177523,229.875242385694,2627200
2022-07-18,228.42730712890625,231.29599483427216,228.11058314997985,230.97927085534576,2164400
2022-07-19,232.11952209472656,232.22811160449368,228.92505180371154,229.74855907526427,2181300
2022-07-20,230.38201904296875,232.49055279405428,229.37752466040752,232.3729049537983,2183700
2022-07-21,229.37750244140625,230.5810866793066,228.3368162594988,229.848079948415,2056500
2022-07-22,229.84808349609375,230.33675005475376,228.45445380609624,229.63089068756105,2226600
2022-07-25,226.58120727539062,230.5810814735854,225.02469339448203,230.372947003589,2860400
2022-07-26,232.65342712402344,234.5809736751772,225.0609025630727,225.83915956325592,5272300
2022-07-27,234.28233337402344,235.20537170156737,230.4815353347523,231.48602959225732,2718300
2022-07-28,238.4179229736328,238.90660330402082,233.07872789286185,234.2008561315917,2849100
2022-07-29,238.33653259277344,239.22339299720312,237.1872567315851,238.58991733448684,2653800
2022-08-01,239.11476135253906,240.22783130683982,237.46774701315366,237.58539483980417,2384000
2022-08-02,236.23703002929688,240.21882948626097,236.09226242801094,239.467706018162,2375200
2022-08-03,237.17820739746094,237.9293309360511,235.06968724716236,236.2370521995929,2305300
2022-08-04,235.8660125732422,237.25961469243296,234.10135028851204,236.82525667787482,2089600
2022-08-05,234.5900421142578,235.31399058507483,232.63534810281516,234.96107468103233,1818500
2022-08-08,232.39096069335938,236.11031654108848,231.06974249640513,235.28680939418564,2253500
2022-08-09,235.3411865234375,235.47692343761614,231.9928620170599,232.4815425249726,2315800
2022-08-10,236.51756286621094,238.6441994880205,235.73931963521824,237.0967437406034,2967900
2022-08-11,234.6352996826172,238.24603926446284,234.04708804496093,238.18271378978582,2007000
2022-08-12,237.2595977783203,237.55824650890108,234.87957673139488,234.87957673139488,1530800
2022-08-15,240.2097625732422,240.37264683151776,236.41802251004776,237.28676617104725,2342700
2022-08-16,240.97894287109375,241.73909692503875,239.14189700317846,239.84775631161736,1828000
2022-08-17,241.4586181640625,242.49930450511644,240.33646206990747,240.68034727859052,1699100
2022-08-18,241.24134826660156,241.9472075457747,240.19163148576624,240.71648987618389,1591900
2022-08-19,241.20521545410156,242.30019647107167,240.30026607419094,240.6622403027825,1833800
2022-08-22,237.95645141601562,240.52650435089382,237.43156530819073,239.35911191356521,1986700
2022-08-23,235.77554321289062,238.3184490203498,235.7664848807717,237.65782596359105,2211100
2022-08-24,236.06507873535156,237.09673427033198,235.16012936790756,235.92934185360755,1777200
2022-08-25,237.60350036621094,237.71208987007947,235.46783314516333,237.08767260597293,1330400
2022-08-26,232.52676391601562,238.18269777642791,232.01999445147186,237.8206959158699,2357800
2022-08-29,231.35934448242188,232.30953021353395,230.39104209027366,231.21454927843942,2017500
2022-08-30,229.3956298828125,232.3186125976383,228.56307808635938,231.6670479206868,2051300
2022-08-31,229.55029296875,232.64395714667293,229.47749907369092,231.27000882297475,3119200
2022-09-01,233.36280822753906,233.41740018251855,229.0771592694266,229.13176510842314,2577800
2022-09-02,231.57936096191406,235.28265820750397,230.5329782759453,234.2180874616857,1791300
2022-09-06,231.47019958496094,233.5993829357771,230.55120264861148,231.54299348348613,2645700
2022-09-07,235.13714599609375,236.4110046452937,231.98887550018821,232.1526513762205,4185200
2022-09-08,236.6475372314453,237.55744014381605,234.1453042224258,234.61847150839984,2448900
2022-09-09,236.13796997070312,237.2480525223922,234.94599949733583,236.81131694010824,2007000
2022-09-12,236.9114227294922,237.84862164176712,236.04703160211204,236.5747630864469,2204300
2022-09-13,231.4155731201172,235.6193333579192,230.8150339598577,234.51833101342905,2604900
2022-09-14,232.6803741455078,235.00061546766534,231.45199965870484,232.02524293708177,2745200
2022-09-15,230.63307189941406,232.23449588522226,229.74137101172664,232.04342406558266,2289500
2022-09-16,231.943359375,232.77137437402288,229.06806278209544,229.1590586287636,4304100
2022-09-19,233.8541717529297,234.34549936489472,230.5239235427693,231.11535492104684,2195800
2022-09-20,232.3892059326172,233.38099680765743,230.0052646664427,233.02614909950336,2140200
2022-09-21,228.45840454101562,233.76313971339374,228.45840454101562,232.14351378445676,2438800
2022-09-22,225.60130310058594,227.86695219331548,225.33742351278065,227.83056219017766,2300500
2022-09-23,223.79058837890625,226.65679049724142,222.18916446707206,224.9370747798462,2672100
2022-09-26,221.7979278564453,224.0635910956175,220.5968632375706,223.78152341557936,3179100
2022-09-27,215.37403869628906,222.8625365465061,215.24665283083763,222.54407882488658,4193800
2022-09-28,215.5924072265625,217.0391495851139,212.69890862544247,214.85538805839545,4202400
2022-09-29,213.28126525878906,216.24755803043294,211.51606503836095,215.0282912990794,3053200
2022-09-30,209.95101928710938,213.67251915526347,209.80543147767108,212.29857064923584,3629300
2022-10-03,214.13653564453125,215.51049784828732,210.8335977053382,212.4805196597596,3286700
2022-10-04,217.01182556152344,219.33208056131136,214.92815418396657,215.3831056002381,3685700
2022-10-05,217.5486602783203,218.74973865608533,214.86444975615254,215.5650788098488,3033000
2022-10-06,213.59970092773438,218.26750714169208,213.33583520168958,217.7761518117933,2999200
2022-10-07,212.1802520751953,213.46321845163115,211.17025933604606,212.88088117129385,2294300
2022-10-10,213.7816925048828,214.9736631322122,212.38044808933955,212.38044808933955,2668700
2022-10-11,215.69247436523438,217.575966053743,212.85356801899545,213.0628556719531,3169200
2022-10-12,215.70156860351562,218.41307522412575,215.70156860351562,215.89265431204907,2709300
2022-10-13,224.5185546875,226.8388100051469,213.3358534525593,213.3358534525593,5026900
2022-10-14,221.25198364257812,226.95706460079265,220.56955649488603,226.63860692894585,2918300
2022-10-17,224.27285766601562,224.94619079453415,221.58864695051543,223.65413037279544,2758200
2022-10-18,226.73870849609375,227.85788518851942,224.97349462822538,226.90248435566096,3123600
2022-10-19,228.1581268310547,229.7686586726804,226.6749808259182,227.4756997318591,3021300
2022-10-20,227.2664337158203,229.0680374315311,226.61130256755905,227.06625398251742,2410700
2022-10-21,231.6157989501953,232.3528181190509,227.02078627091444,227.6668234750818,3254900
2022-10-24,232.31640625,233.72674458410717,230.26912480292273,232.28000236033637,4125100
2022-10-25,232.68946838378906,234.09982067774146,231.4792958417017,231.6339915550656,2689000
2022-10-26,233.4901580810547,237.20257727618412,233.04431456827928,234.6093485881806,3582600
2022-10-27,241.22434997558594,242.93497190936932,238.63114886604498,239.3044681415852,4145700
2022-10-28,249.7864990234375,250.05037860241893,242.0250294874299,243.40809947268795,4647600
2022-10-31,248.09414672851562,248.9767537187003,246.41082068314876,248.45810236231617,3336100
2022-11-01,248.35797119140625,249.12228618300438,245.36438331495867,249.03129035276035,2740900
2022-11-02,246.0104522705078,251.74285742596282,245.95586031581112,248.4035014341693,3069900
2022-11-03,248.35797119140625,249.93208520571014,244.1997088847098,245.06409985195623,3225400
2022-11-04,249.87753295898438,250.86932379974314,247.61188359651868,250.76924780819584,3256500
2022-11-07,251.5062255859375,253.02574764722965,250.28695921794517,250.28695921794517,3029500
2022-11-08,253.3169403076172,254.33602702624296,251.58813049794625,251.91568218549148,2628800
2022-11-09,252.76190185546875,255.00025492651952,252.66179810996715,253.4170329699262,2610800
2022-11-10,251.0239715576172,256.2923161805492,248.02127586432758,256.1285125841677,4510900
2022-11-11,246.93853759765625,252.04307904680897,244.9276323891747,251.43343194453865,4742800
2022-11-14,247.73927307128906,249.9594385523102,246.2015348216957,246.52000641663568,3357400
2022-11-15,243.7083740234375,246.61096631269797,242.34351975957324,245.9012432062098,5429100
2022-11-16,247.95765686035156,249.70465493951835,244.69110866696155,244.69110866696155,4132700
2022-11-17,248.7310028076172,249.63182541381158,246.18328621076955,247.55724825122755,2467400
2022-11-18,248.74012756347656,250.3142694265622,247.6027490471509,249.24059077147797,2699200
2022-11-21,249.7864990234375,250.20507429162294,248.49445263703257,249.90479082670603,2974200
2022-11-22,250.0049285888672,250.49625615971996,249.58635326372675,250.2232963981351,2770400
2022-11-23,248.64915466308594,250.8147280007997,248.2943069726381,250.72373215749448,2514800
2022-11-25,250.2232666015625,250.514442157935,248.2760613073544,249.7774231213873,1596600
2022-11-28,248.2943115234375,251.07861221780578,247.83936006660565,250.11411735076493,3160500
2022-11-29,246.95672607421875,247.42078539511772,245.19151239365695,246.5836625883237,2873500
2022-11-30,249.61032104492188,250.08612521874335,245.98679259821597,246.70967203056037,5196500
2022-12-01,250.16847229003906,250.93709191429147,248.32928630231388,249.94887466151516,2599600
2022-12-02,250.16847229003906,250.2142404122607,246.7096700186939,246.8835274494149,2807500
2022-12-05,248.5122833251953,249.40902021234183,247.05739313875299,247.9907110155972,2586900
2022-12-06,248.67694091796875,250.1409900748178,247.08480246926848,248.7043906179665,3573000
2022-12-07,247.3684539794922,250.69916644617905,246.7554013830466,249.34491611504023,2766400
2022-12-08,250.15939331054688,250.32409156637632,247.62474914555443,247.97246407969956,3022700
2022-12-09,248.92404174804688,250.86389521253938,248.63122630167345,250.3606134282567,1677400
2022-12-12,253.11489868164062,253.19724780444088,248.17375584266733,249.06133362096685,3230500
2022-12-13,250.97373962402344,256.11618966597587,250.3881365492945,254.99985500771257,3390100
2022-12-14,251.20249938964844,253.53580835353262,249.16197800428847,251.83387060094384,2660900
2022-12-15,248.64041137695312,251.06522845982383,246.3345244024022,250.52536563189568,2735300
2022-12-16,243.50706481933594,247.99069308199296,243.17766838935952,247.43253982306038,5932500
2022-12-19,243.24169921875,245.6116445415857,242.18029210527075,243.62602297836102,2160800
2022-12-20,244.5410614013672,245.1724325122784,242.06134508026918,244.2391146600013,1785600
2022-12-21,245.3737030029297,247.0024503397887,244.59592427997916,244.75149119433516,2366800
2022-12-22,243.18679809570312,245.3371178588195,241.24694466665088,244.55933906053264,2366700
2022-12-23,244.8339080810547,245.54762839426715,242.29013281863868,243.30579991172385,1269000
2022-12-27,244.16595458984375,246.0234594488065,243.94635690781482,245.8313114770312,1674700
2022-12-28,242.58290100097656,245.35546083488532,242.54632001050015,245.22734359495732,1427800
2022-12-29,243.33323669433594,245.0534927231234,242.37246906680426,243.34239590441064,1393900
2022-12-30,241.13714599609375,242.8299521052408,239.1881333570078,242.6652538912267,1720100
2023-01-03,241.8691864013672,241.88750482145403,237.4587754456775,241.13717563283686,2743800
2023-01-04,241.924072265625,243.9005065867329,240.55153136660138,243.6260095766946,2584100
2023-01-05,239.88356018066406,242.2626367441762,239.16984000405213,242.2626367441762,1945600
2023-01-06,246.57241821289062,246.95674198210133,241.00906427726056,241.34761992485997,2855400
2023-01-09,244.5410614013672,247.01164643749092,244.10183821677973,246.99332801870466,2654600
2023-01-10,246.06007385253906,246.2339313294938,244.2757588730251,244.2940772965526,1718400
2023-01-11,245.968505859375,246.81947461425628,244.2756996347357,246.61816747525452,2391400
2023-01-12,244.02867126464844,246.9842199614431,243.57115754266655,246.5998961482329,1933000
2023-01-13,246.04168701171875,246.0965864119523,243.28744609420303,243.75411892060342,2168900
2023-01-17,250.818115234375,251.9893769644984,247.07565699641802,247.07565699641802,3640200
2023-01-18,243.43392944335938,251.05609640459159,243.1411139348526,250.2691861404565,3276500
2023-01-19,241.18287658691406,246.2704539206639,241.13713639298197,244.0560756309074,2845400
2023-01-20,245.758056640625,245.8221152630495,240.49664888006063,241.96069836353672,2588600
2023-01-23,246.40773010253906,248.12798603872707,245.00773933309577,245.99595661323596,2434000
2023-01-24,246.65475463867188,247.20377659884676,239.02343037305013,239.02343037305013,2517100
2023-01-25,249.8025360107422,249.86659464491495,245.9777273260664,247.35940002015323,3097400
2023-01-26,251.3763427734375,251.40379248002532,248.6129699207164,249.80249443875127,2222500
2023-01-27,249.308349609375,251.91618320083012,248.85999513353306,251.63252694985835,2203200
2023-01-30,247.87179565429688,249.4090350456137,247.11230724439616,248.58551593772407,2862400
2023-01-31,244.67831420898438,244.77898174081682,240.88095619198137,242.56460320911657,5477900
2023-02-01,243.6443328857422,245.6482451021774,241.10971707028028,244.33060342768798,3557700
2023-02-02,240.8443603515625,243.37900418661275,239.75547548350383,242.3816276458,3735600
2023-02-03,241.77769470214844,242.68356287265394,239.14241137949298,240.31364530907103,3008500
2023-02-06,245.1541748046875,245.4103813821904,241.8966512844043,242.47312306489144,2863900
2023-02-07,244.62342834472656,245.01688343544853,241.2286844182555,242.5005580177667,2514000
2023-02-08,240.48748779296875,243.29662837714278,240.14893215128077,242.5645897639087,2801800
2023-02-09,238.5110626220703,241.52151080384127,238.08099859610303,241.28359472688254,3534600
2023-02-10,240.12152099609375,240.3685683602346,238.17250801682687,238.70321166275167,3049900
2023-02-13,243.580322265625,244.1201851188512,240.6522232089037,241.2927536039434,2418300
2023-02-14,243.95545959472656,244.7881379407009,242.10711416401506,243.992068512248,2202100
2023-02-15,243.90969848632812,244.93452469371624,242.61950651739204,243.64433272478018,1862000
2023-02-16,243.24169921875,244.96195504139604,240.9083907318229,242.54629744692747,2785400
2023-02-17,247.0482940673828,247.05745327924663,242.7842620783728,243.67183997194567,3055600
2023-02-21,245.73060607910156,247.2770046755598,244.8704780577193,246.40774536844958,2824300
2023-02-22,245.8129425048828,247.49658935327588,244.9162057154969,245.41032826674356,2192000
2023-02-23,244.11097717285156,245.10835355929285,241.53059353577413,244.9528145590275,4217000
2023-02-24,241.27439880371094,243.65347543802747,239.9659164283831,243.3149197950535,2645300
2023-02-27,242.2809295654297,243.67176102120223,241.14630463899465,242.50968639249592,2024800
2023-02-28,242.879150390625,243.49574270519042,241.8668032111356,242.17052140780638,2853400
2023-03-01,241.7839813232422,242.52943059877862,240.82685051693497,241.6183321699337,2058900
2023-03-02,246.24749755859375,247.06655933342648,241.4066551380551,241.53551209457302,2385900
2023-03-03,247.6279754638672,247.91326949792435,244.98668858270258,247.02977920167157,2725800
2023-03-06,249.07284545898438,249.20167432354657,247.47148610194466,247.70156372533538,2217600
2023-03-07,245.8425750732422,251.3828347744426,245.55728103409245,249.88272400272913,2766600
2023-03-08,244.18600463867188,244.94987818183645,242.1705502180883,244.67376814422886,2314000
2023-03-09,240.78085327148438,246.28429237609842,240.081408267293,245.80574100176432,2339300
2023-03-10,241.1489715576172,245.3363733130868,240.44034254711204,242.7135107221053,3093100
2023-03-13,242.1153106689453,246.09105937192783,239.62127670001703,239.62127670001703,3552400
2023-03-14,244.71058654785156,245.66771745001205,241.67357275712348,242.1521241653782,3194400
2023-03-15,245.11550903320312,245.17993751239467,241.64594836322613,243.49575347438244,3419400
2023-03-16,249.00845336914062,249.10967405711222,244.35168383811404,244.60015759685012,3097900
2023-03-17,245.90695190429688,248.4562016200217,244.5356703000766,248.08808307447094,5075300
2023-03-20,249.16485595703125,249.75386815855447,246.4959611222923,246.4959611222923,2108900
2023-03-21,248.67706298828125,249.28447121686318,246.29346244490858,248.48380567007382,3120100
2023-03-22,246.52359008789062,250.30608116881774,246.37633702510112,248.52067640026382,2240800
2023-03-23,248.13412475585938,249.84591697483268,246.63401407316073,246.63401407316073,2263800
2023-03-24,249.7078399658203,250.16799522385205,247.4162757682296,248.8243497343808,2229200
2023-03-27,252.0178680419922,253.0394274802578,249.00846229130894,250.3244997960034,2799100
2023-03-28,253.86767578125,254.208186197681,251.71415242256643,252.15588352035812,2036000
2023-03-29,255.33099365234375,255.98440636181076,254.41989507959028,254.92605471208606,2053400
2023-03-30,255.65304565429688,256.21442154304214,254.46583731963855,255.1652822432583,1788800
2023-03-31,257.3280334472656,258.27598032772005,256.3065021621303,256.6930449719103,2902500
2023-04-03,259.6564025878906,260.3282112383269,257.39241867017864,258.5980231069942,2352700
2023-04-04,259.7852478027344,260.8344152578279,258.0458755556684,258.9845821583986,2282300
2023-04-05,259.5459289550781,262.27006796135,259.3250634464351,260.8987863668058,2600800
2023-04-06,260.3466491699219,260.89881299789124,259.1318325770945,259.92328612094883,1731000
2023-04-10,261.165771484375,261.52470614145983,259.5184074537559,260.6135794426735,1941800
2023-04-11,261.80999755859375,262.78552465192223,260.21784993972756,260.60439279069436,2732900
2023-04-12,262.5646057128906,263.9358876195849,260.9080578496926,261.2301721802175,2557400
2023-04-13,266.0341796875,266.466726773098,263.3100402147066,263.733403292968,3229300
2023-04-14,265.9513244628906,266.83481463260745,264.6996876439495,266.2366184560872,2054700
2023-04-17,266.2550964355469,267.359480551558,265.2151408115282,266.7428600015599,2371000
2023-04-18,267.7274475097656,267.9851332460529,265.9696516321622,266.3377701003385,2086700
2023-04-19,268.0588073730469,268.36252554125156,267.0648844717526,267.7275091011639,2254000
2023-04-20,267.8104248046875,268.42704535694315,266.7796812716526,267.7736045111777,2274200
2023-04-21,268.785888671875,269.2184357404211,267.3594185977592,269.02517839488087,2171200
2023-04-24,269.8350524902344,270.04670593250324,268.4637707334966,269.4945140099385,2995200
2023-04-25,268.2797546386719,271.4916296769331,266.3654928438327,271.4916296769331,5845200
2023-04-26,266.6691589355469,268.27049009484716,266.6691589355469,266.87162835338387,3290000
2023-04-27,271.23394775390625,271.53763790160804,266.8900804928042,267.5527052643503,3142300
2023-04-28,272.181884765625,272.57761161914846,270.4885164775137,271.33518657874276,2838200
2023-05-01,273.8659973144531,274.9887772933129,272.0898047181339,272.1542331962965,2124400
2023-05-02,274.3170166015625,274.6759231693841,272.0254238643946,273.6727878784471,2083800
2023-05-03,271.694091796875,273.571533252666,271.16950802331354,273.11137796055596,2425500
2023-05-04,271.63885498046875,272.6972064556,270.0835279632509,272.46712882684767,2005300
2023-05-05,272.9641418457031,273.35065658711096,270.99466359207116,272.2002682854059,1815800
2023-05-08,273.0469665527344,273.67277104857953,272.0162231276595,273.4242972861371,2969600
2023-05-09,273.01934814453125,275.0440146292944,272.68802172134946,274.8323611644222,1637500
2023-05-10,272.9365234375,274.25256086485234,270.4240653697494,272.7616621753314,1849300
2023-05-11,271.2983093261719,273.2769710591692,269.98224411564934,272.87203223833836,1955100
2023-05-12,272.540771484375,272.8076413141061,270.8565875010396,271.66646525415734,1801700
2023-05-15,272.31988525390625,273.00093415696193,271.17870916297636,272.2002403890864,1700500
2023-05-16,270.7093505859375,272.5867920268505,270.5529135158239,272.35671438261875,2859500
2023-05-17,270.0743408203125,271.97017840951867,269.3288914811417,271.97017840951867,2802100
2023-05-18,270.6173400878906,270.96706263465546,267.93004867128656,269.8811027893929,2410700
2023-05-19,271.9977722167969,272.41192319916337,269.16322807632906,270.4240490379727,2371200
2023-05-22,266.2918701171875,273.00094206344147,266.09861276069245,271.9977788227368,2514700
2023-05-23,263.54937744140625,265.5096437765112,262.6934952089576,265.1875294060986,2943900
2023-05-24,263.13519287109375,264.23954862958226,261.9019520746941,263.6229563170303,2262100
2023-05-25,262.7670593261719,264.0463044776304,262.0216100241167,263.9358717048295,2748100
2023-05-26,263.24560546875,265.73963889098417,262.9142791066359,262.9142791066359,2148200
2023-05-30,262.21490478515625,263.5309421839069,261.0737005591236,261.30377820585556,3385200
2023-05-31,262.38970947265625,262.9327173753665,260.7699821137443,262.1780560354563,3104900
2023-06-01,264.9298095703125,265.0862747309685,261.0000933947906,262.2149101348761,2605300
2023-06-02,268.2234802246094,268.49179487478085,264.7355027113043,265.2536100280093,2869400
2023-06-05,266.85418701171875,268.76934887296676,266.48411438138737,268.30675102636957,1974500
2023-06-06,263.2552490234375,268.51961594785155,260.88674978063034,268.17726974802036,2771500
2023-06-07,260.81268310546875,263.4402357160834,260.2668209868475,263.1719492705685,3614800
2023-06-08,264.4024353027344,264.66148897844334,259.05480509830863,259.95224608821707,3043700
2023-06-09,265.3368835449219,265.79022040423627,263.44021541310536,264.16186693199035,1975900
2023-06-12,266.9837646484375,267.15029311976,265.0686025240216,266.60443097393465,1885000
2023-06-13,266.9652099609375,268.01994661958895,266.04001425393756,266.91896146948045,2027800
2023-06-14,266.86346435546875,267.899679077782,265.81798864054184,266.54890118867604,1964500
2023-06-15,270.7215576171875,271.5265017640103,266.69697805676395,267.98298567033635,2619200
2023-06-16,271.72998046875,274.3852875328472,271.21187315062036,272.4793867051422,4891200
2023-06-20,271.1192932128906,274.949587844141,270.7862081557631,271.68364890686917,2729800
2023-06-21,272.4886474609375,273.08078630520396,270.9065706031852,271.37842948003913,2837100
2023-06-22,271.3598937988281,273.00674105356785,269.7130465440884,272.58115892743945,1799400
2023-06-23,268.2234802246094,270.57348513341975,267.97368755807594,269.5557642489167,3720600
2023-06-26,267.46478271484375,268.07541517640686,265.5958978365284,267.97365721684366,1851800
2023-06-27,269.5094909667969,270.6104760875398,267.9829237379102,268.59355627641116,1815000
2023-06-28,269.91656494140625,269.99059640349645,267.42778642981085,269.6482785368368,1666500
2023-06-29,272.4424133300781,272.61820279406675,268.50107011499557,269.74082912146486,1744000
2023-06-30,276.0876159667969,276.72600317473655,272.83093769499743,273.06223658962114,2644700
2023-07-03,272.7846984863281,276.0783929399129,272.7476827523743,275.51403711209514,1601300
2023-07-05,274.6905822753906,275.06991587928127,272.5533825870468,273.0344741595584,2356000
2023-07-06,272.8587341308594,274.39453417929866,271.4894343009304,273.2288067718656,2569600
2023-07-07,270.24969482421875,272.34061810162973,269.74082020091475,271.74850748046185,2586500
2023-07-10,272.46087646484375,273.5063521380088,270.4624503367529,270.5272208129936,1703700
2023-07-11,272.6921691894531,273.3953269503957,269.9443368551817,273.20104376082594,1529600
2023-07-12,273.4971008300781,274.8756616907716,273.1177954209116,274.6258407692065,2156000
2023-07-13,273.1363220214844,274.4686063142875,272.9420387972488,273.293617740452,1656900
2023-07-14,272.8772277832031,273.9041814792333,272.01680254035637,273.1640361974854,1550000
2023-07-17,272.63665771484375,274.6535775320699,272.5163777582211,273.00673034194546,1669900
2023-07-18,271.8409729003906,273.62659359876625,270.58269222578974,272.44234438223344,1991600
2023-07-19,272.1278076171875,273.3027959565313,271.2858761672081,272.93272333454934,1969200
2023-07-20,274.9033508300781,275.3011781294493,272.10924227466535,272.2942926735354,2104300
2023-07-21,273.4971008300781,276.957352118569,273.2288143928368,275.39376904957805,2835500
2023-07-24,273.2195739746094,274.7369086644697,272.803224563804,273.8579613459853,2034400
2023-07-25,270.4902038574219,272.86796360524465,269.83332280993454,272.192588808086,2780600
2023-07-26,269.9258728027344,270.6937728881957,267.8441822669806,270.38847069956853,2896900
2023-07-27,273.1085510253906,276.5410195447609,269.7038372506883,270.15717415851026,4698300
2023-07-28,272.0353088378906,275.4307897085426,271.0361098379696,273.67289517252624,2843000
2023-07-31,271.2673645019531,272.22954760861097,268.3529757388443,271.6466698559892,3296000
2023-08-01,269.2967529296875,271.92430565886394,268.5380855842585,271.0823740781662,1916200
2023-08-02,267.9552001953125,271.4987158826368,267.7331622408168,268.54733905361405,2388300
2023-08-03,269.2504577636719,269.48175670182746,267.0577483475141,267.19652206346075,1910700
2023-08-04,265.5497131347656,270.91586621641994,265.3091814039371,270.5365325148492,2520500
2023-08-07,269.6020812988281,269.6020812988281,266.3268798866222,266.3454018749704,2176800
2023-08-08,267.9181823730469,269.7870959246244,266.9559990878967,269.2782213032188,1948400
2023-08-09,266.6691589355469,268.04769145290436,266.34533480312075,267.38154943909933,1895800
2023-08-10,266.0862731933594,268.6490549659342,265.32760598799746,267.2057520182717,2436300
2023-08-11,267.02996826171875,267.34453139958856,265.30911787783134,265.7624547184774,1761800
2023-08-14,267.2057800292969,268.16799150685006,266.10479483736907,267.187286278958,1712400
2023-08-15,266.7339172363281,267.45556877517873,265.642193053019,266.410121319135,1883800
2023-08-16,264.0508728027344,267.2705643162399,263.7085548780131,266.0585600901936,1829400
2023-08-17,260.7756652832031,265.10560293031847,260.7016620451405,264.7447630285863,2148400
2023-08-18,260.6646728515625,262.51506457362314,259.3323885528999,260.6461790988472,2624500
2023-08-21,259.0918273925781,261.1735178433902,257.8335464824701,260.62765573556754,2682600
2023-08-22,259.34161376953125,259.8134726286779,258.21287384539846,259.7579631434528,2052300
2023-08-23,260.784912109375,261.9691614971832,259.6561722057818,260.9236858199126,2308800
2023-08-24,261.22906494140625,263.4495294283588,260.6646807669763,260.6646807669763,2006400
2023-08-25,263.2922058105469,264.73553722063315,262.3022677724586,263.458762511345,3725200
2023-08-28,262.4595031738281,264.79101435275055,262.30223572000864,263.29217363712985,2317600
2023-08-29,262.3762512207031,263.28295319209957,259.45262935316697,262.709336362439,2348500
2023-08-30,262.9776916503906,264.587551826628,262.09877242584196,262.57060316764006,2410700
2023-08-31,261.51727294921875,263.9822176128698,261.2661372845752,263.43342075466325,2979800
2023-09-01,261.32196044921875,263.3683457911336,259.63835503058965,262.81023811728994,2136400
2023-09-05,259.6662292480469,261.97306078861743,259.5732065819735,261.3777384349739,2410300
2023-09-06,256.2060241699219,259.1918618878835,255.79674710363324,258.5872570720365,2705800
2023-09-07,258.8941955566406,259.50811114392815,256.81993468854637,257.88962447796496,3732800
2023-09-08,259.7220764160156,260.773173089754,258.44774801919533,258.6616689583034,2351300
2023-09-11,260.2243347167969,260.5684930305574,259.1081195061656,260.1592160124281,2433200
2023-09-12,261.10797119140625,261.84281332267193,258.2988684576819,259.9731628365714,1450200
2023-09-13,262.093994140625,263.13580839906746,261.01499351999735,262.00099984862595,1724300
2023-09-14,264.8752136230469,265.65655300291445,262.83813908796765,263.54504897268487,2219700
2023-09-15,258.8011169433594,264.03794832944857,258.33603210936553,264.03794832944857,5730700
2023-09-18,258.32684326171875,260.698765680047,257.5920009289288,259.25701336875557,2884800
2023-09-19,258.70819091796875,258.82911756181323,257.13620132106286,257.13620132106286,2128100
2023-09-20,257.8431701660156,260.6987708777831,257.7873622294038,259.27561172110387,1979300
2023-09-21,252.2807159423828,257.83383214088286,252.0946705823063,257.60128963405543,2370100
2023-09-22,253.21083068847656,254.53168432896234,251.91788100725657,252.4480846198373,1958300
2023-09-25,250.9412384033203,252.78298505321868,250.13199511953457,251.56446473612218,1895500
2023-09-26,249.0250701904297,250.49472604454732,247.96466294946592,250.04826268964106,2251600
2023-09-27,245.22999572753906,249.22971477437778,243.97426073814924,249.02507626953997,2735000
2023-09-28,247.04380798339844,247.7135314133762,244.75559809202903,245.77879060817997,2182400
2023-09-29,245.04396057128906,248.69952146319952,243.47197117036487,248.49488294986818,3367100
2023-10-02,239.7512969970703,243.76963786620044,239.4815397719093,243.70451915900065,4425000
2023-10-03,236.71893310546875,240.26286381273854,236.1422181400575,239.2489820703325,3408100
2023-10-04,237.94677734375,238.3560544007658,236.27246856198872,237.50029973303612,2820000
2023-10-05,234.61676025390625,239.84432497396145,234.0121554695383,238.12350490573434,3799600
2023-10-06,230.8867645263672,233.30521184744254,228.57063645795117,232.54246574702475,5130700
2023-10-09,232.4680633544922,232.53318206128236,229.99380797526317,230.421692381018,2782300
2023-10-10,233.95632934570312,235.732943008009,233.00755210553024,234.14236048078692,3129600
2023-10-11,233.39825439453125,235.04465926651395,231.97509543183583,234.9516365893273,2919400
2023-10-12,228.99855041503906,234.54235556619966,228.7101999911949,234.11448532219467,3528300
2023-10-13,230.97048950195312,231.435574459814,228.82179926755845,229.58454541121824,2646500
2023-10-16,232.48666381835938,232.99826009484204,230.74725067158445,231.81694036428502,2774700
2023-10-17,233.6028594970703,233.8446985525693,231.96576564306372,232.62617829946183,2627500
2023-10-18,238.15139770507812,239.13737552543768,234.71906851261667,235.19346424399944,4559200
2023-10-19,240.3372802734375,244.2253832700908,238.36532481624607,238.36532481624607,5646200
2023-10-20,240.086181640625,242.16047110290566,239.57459945993963,240.8768318724877,3779200
2023-10-23,236.96078491210938,239.27689890763827,236.76544298569218,238.69088732165315,3409800
2023-10-24,239.30482482910156,239.7606274303235,236.89568794406057,236.89568794406057,2468000
2023-10-25,240.01171875,241.31395082737225,238.9978370473841,240.0954306278457,2759100
2023-10-26,237.96539306640625,241.4163300152612,237.82585905029123,240.31870784028,2702600
2023-10-27,237.9002685546875,241.26749352775718,237.0724178416816,238.63509659255084,3209000
2023-10-30,241.98367309570312,243.76030085902102,236.82124194718162,241.93717595929598,6305100
2023-10-31,243.86270141601562,245.27654971296764,241.61167734108645,245.06260037624534,3990600
2023-11-01,243.67660522460938,244.99745894767426,241.68602805076398,244.63467906800759,3543000
2023-11-02,248.21585083007812,248.74605450151986,245.1090866786197,245.1834877827448,4109700
2023-11-03,249.16464233398438,249.85295907508868,246.9508331123891,248.8762918945198,3126500
2023-11-06,250.13198852539062,250.3180054714706,248.63440024149918,249.29484130170007,3090600
2023-11-07,249.90878295898438,250.9505688028356,249.3878616505235,250.02968121263456,2360800
2023-11-08,248.81112670898438,251.20167006138766,248.61579898665926,250.0575509147064,2223300
2023-11-09,248.27162170410156,249.60175768915306,247.36935587361666,249.5087350329788,2501700
2023-11-10,249.0901641845703,249.40641849176984,246.69031034386822,248.66226566318753,2664900
2023-11-13,250.4017791748047,250.88545736303098,248.59724707635147,248.72745611733944,2591900
2023-11-14,252.53182983398438,252.6899712150535,250.54128090834968,251.1458856966088,2647800
2023-11-15,251.50868225097656,254.0294350260534,250.234325494504,253.40620863021536,2575900
2023-11-16,256.8385314941406,256.8757462417383,252.10396968097115,252.1411844285688,3593700
2023-11-17,256.4943542480469,257.7686824906797,255.93624662133382,257.23847882597556,2604800
2023-11-20,259.5452880859375,260.2615086401817,255.81529796157892,256.1222699037769,3499400
2023-11-21,260.8847351074219,261.0707804292834,258.9871806932511,260.3266275283681,2940800
2023-11-22,262.2428283691406,262.68932020035106,261.56382241818676,261.61031956482816,2285000
2023-11-24,262.8101501464844,262.8566472760175,261.40558484166144,262.30785056950697,1218000
2023-11-27,262.15911865234375,264.0752666490939,261.4614911277055,262.9218648920504,3703900
2023-11-28,262.3916320800781,263.7403898328459,261.70331541574524,261.84283522790275,2199600
2023-11-29,260.8010559082031,262.7451077031732,259.98250180789273,262.503254431754,2433400
2023-11-30,263.72991943359375,264.1416488188139,260.1928104835642,262.40117978216534,5030400
2023-12-01,267.585205078125,268.427368522509,264.8154122952035,265.04934817178935,4967400
2023-12-04,267.74420166015625,268.9325852228029,266.67744072380566,266.67744072380566,3522900
2023-12-05,268.12786865234375,270.20521973059437,266.8833141854757,268.1372066659885,3005300
2023-12-06,268.4273376464844,268.9045759179451,265.1896734828055,268.3057149922149,2765100
2023-12-07,268.3618469238281,269.6344441896338,267.285747768291,269.01685014359714,3131900
2023-12-08,267.18280029296875,269.40050748590113,266.7336332000299,268.86712691740263,3623600
2023-12-11,270.5701904296875,270.7199127960725,267.21087514942263,267.21087514942263,3353000
2023-12-12,272.6943054199219,272.9563123827955,269.97128918615476,270.542078850887,2252200
2023-12-13,276.9145202636719,276.9519579931947,272.8159598578485,272.9469776328681,3312300
2023-12-14,271.38427734375,276.2969299540069,269.5034526200396,275.6699978983104,4626800
2023-12-15,268.8109436035156,273.00308349506435,267.360553040156,271.74919101137544,6328500
2023-12-18,271.5808410644531,271.9176950107972,269.0823934025687,270.10235037116576,2490100
2023-12-19,272.0487060546875,272.97508294077085,270.9819448044862,271.99256373169,2054200
2023-12-20,270.42047119140625,272.9282851615869,270.16783075830875,272.0486840967888,2398500
2023-12-21,272.6663513183594,272.79734057772004,270.7012839749134,271.89903468460716,2313100
2023-12-22,272.95635986328125,273.67687199736173,271.8334563661423,272.02061646787286,1700300
2023-12-26,274.0417785644531,274.219572082103,272.1983916143507,272.50717434906784,1381500
2023-12-27,275.62322998046875,275.69810545040724,273.6675295385402,273.7049672735094,1892100
2023-12-28,276.830322265625,277.41984517292894,275.1085578473884,275.54835838485144,1907100
2023-12-29,277.4573059082031,277.775455261759,276.3344023196092,276.82097864446683,2227800
2024-01-02,277.9532165527344,278.17778582174475,276.09106784178584,276.09106784178584,4458400
2024-01-03,275.4734802246094,278.8421332156632,275.34246245712984,277.91575649878524,3114800
2024-01-04,272.9937438964844,278.1684032542585,272.22645608594706,276.3437209352328,4615400
2024-01-05,270.42047119140625,271.6743638981857,268.745511096131,270.6263358779893,3407300
2024-01-08,273.1435241699219,273.2371042320114,269.0449630373816,269.97136852845443,3097000
2024-01-09,272.1796875,272.1796875,269.04494129143825,271.0193747824257,2176400
2024-01-10,275.1927795410156,275.4735197015811,272.1796845800002,272.3013357939162,2199700
2024-01-11,275.2489318847656,275.99754378357727,271.9738297886027,275.529672055554,2047400
2024-01-12,274.6125793457031,276.746072864916,274.0230565149201,276.4746993200153,1714800
2024-01-16,272.38555908203125,275.3425118287199,271.34689755342526,274.61263307556806,2859000
2024-01-17,272.4510498046875,273.55522015513003,271.48723525190763,271.49660182395917,2008200
2024-01-18,275.44537353515625,275.55768671441643,272.59136800207204,273.3212466058632,2221200
2024-01-19,281.21893310546875,281.73358049836776,277.46659333036456,278.85150369621863,4250900
2024-01-22,279.2351379394531,282.95940623853556,278.60817741661975,281.6119337160845,3250200
2024-01-23,280.7698059082031,280.9195282844162,278.03745107302973,278.32752925299764,1874000
2024-01-24,281.134765625,282.6319608628351,280.0773709528423,280.7230362206798,3209700
2024-01-25,278.1123046875,281.94885857015737,277.06427658536654,281.4154779464067,3219600
2024-01-26,273.48040771484375,276.96137471868894,272.95639363311443,276.353118591123,4210500
2024-01-29,273.5271301269531,273.94822604751494,269.78415681216427,272.9001980884332,3899700
2024-01-30,275.716796875,275.9694658781974,271.5527557313255,273.36810027622346,2524200
2024-01-31,273.9107971191406,278.32750691476315,272.909544871676,276.8864541464154,3476200
2024-02-01,278.92633056640625,278.9731348620666,271.62754476540755,272.95631272231617,3380600
2024-02-02,277.9625549316406,279.0106114871769,274.5003216178407,277.0455447109006,3971600
2024-02-05,267.59454345703125,272.7130610396982,265.1241671533878,268.56772459694736,7581900
2024-02-06,266.359375,266.38744616204326,263.4492264938926,264.7873328123286,5927200
2024-02-07,268.8671569824219,271.8615474902749,265.85406188567106,266.73366302647946,3954700
2024-02-08,273.1715393066406,274.3131472940925,265.9382617523063,267.8097483837606,4605000
2024-02-09,270.8696594238281,273.71432752669205,270.35501194553854,273.37744503299643,3323000
2024-02-12,270.8415222167969,272.4790728659175,270.2052236752981,270.4297929119172,2392300
2024-02-13,268.6612243652344,271.27195596605395,267.31378038959724,270.08357234740106,2756100
2024-02-14,269.6531982421875,269.79355404611977,268.17470762310535,268.8578106110735,2139300
2024-02-15,273.10601806640625,273.330615870522,268.82032643916114,269.4004826996082,2401400
2024-02-16,273.2557373046875,274.8278076891189,270.6731053180279,272.104791367754,2837500
2024-02-20,273.84527587890625,276.51215004241595,273.0873260770251,273.23704843446853,2264000
2024-02-21,275.0243225097656,276.2314393879881,273.47098517232604,274.2570061340509,2076400
2024-02-22,276.90521240234375,277.6070199850623,274.40676484295136,275.1085724256699,3146600
2024-02-23,278.6175842285156,279.5439610127688,276.109798888209,276.980033355636,2199000
2024-02-26,278.028076171875,279.4878336004438,277.35433977741076,279.04803305743764,2595300
2024-02-27,274.88397216796875,277.7286113553323,274.4722428146308,277.7286113553323,2811200
2024-02-28,276.2220764160156,277.0736062748018,273.9107892440589,275.13661072426464,2507300
2024-02-29,275.05511474609375,277.3795518338895,274.51869955988906,276.8619763715391,3601700
2024-03-01,273.5965576171875,275.42223081802763,272.4672651584265,274.217665597596,3028900
2024-03-04,273.7941589355469,274.0764676754162,271.4979521209475,272.31667618566723,2832000
2024-03-05,275.2998352050781,276.21267163226133,271.8931761837639,274.3775789148112,2969600
2024-03-06,275.6668395996094,277.7466190277342,274.93280824824035,276.0432607789354,2348000
2024-03-07,273.9541015625,277.5395945756477,273.87882881115263,276.86202493713665,2237700
2024-03-08,275.30926513671875,276.18447967306344,271.80849314863633,272.9472054165959,2482300
2024-03-11,277.44549560546875,278.0383726579191,274.66933530939394,274.93283303058325,2893300
2024-03-12,276.9655456542969,278.89472234681205,276.24093409135804,278.25480340402726,2233100
2024-03-13,266.1903381347656,276.1750792013096,265.94568011479294,275.0363955724919,5441300
2024-03-14,265.1269226074219,265.8703451579122,261.45673685981836,265.77626139543804,4659300
2024-03-15,262.6895751953125,267.47960494948506,261.9743547611237,265.2775106179603,5071700
2024-03-18,262.1625061035156,263.78114294842646,261.6825813272465,263.00006975471024,3319400
2024-03-19,266.19970703125,267.6395388756924,262.16252020503094,262.7460060648801,4055400
2024-03-20,267.6866149902344,267.82776934669783,264.788111515071,266.79258953413944,2867300
2024-03-21,266.82080078125,268.74997718891996,265.9832658484355,267.73363717803727,3653300
2024-03-22,265.9739074707031,267.6301954318627,265.49395386398066,267.1502418251402,2556100
2024-03-25,262.2001647949219,264.044648649363,261.27793722724863,263.4988422553785,2985500
2024-03-26,262.2001647949219,262.9812667314433,260.83563445041335,262.76481091500233,2572100
2024-03-27,265.3997497558594,265.66324741152994,261.7107825764717,261.7107825764717,2605000
2024-03-28,265.333984375,266.6797039631002,264.675225659053,265.616293128063,3453900
2024-04-01,263.7059020996094,264.957509077312,262.2190282771501,264.91046719599956,2408800
2024-04-02,261.3720703125,263.95061471308435,261.09918142355025,263.4988919879433,2907700
2024-04-03,259.3017272949219,261.5790943892377,258.93469721263284,260.2710255975304,2748000
2024-04-04,254.17286682128906,259.96042504557556,254.0129014609616,259.96042504557556,4095100
2024-04-05,250.97323608398438,254.6716236148176,250.66266779779863,253.5423601062999,6816000
2024-04-08,251.79197692871094,252.8553876252974,250.20157081561908,251.49082848525177,3753200
2024-04-09,253.56118774414062,253.77764357237365,249.85338010716944,250.5309497443595,3934900
2024-04-10,252.83660888671875,253.1377286495135,249.48638228406548,251.2367827058658,3817500
2024-04-11,252.7895050048828,253.97525904681373,251.40613486232883,253.61764886152687,2519200
2024-04-12,251.6320037841797,252.42249688450244,250.86971283551966,252.12134845035223,2708400
2024-04-15,250.5403289794922,252.6953521724108,250.37091505834522,252.07424437911604,3686700
2024-04-16,249.78749084472656,251.25555356046118,249.5239931449561,250.44624945370032,2912900
2024-04-17,254.04115295410156,254.20111832741472,249.87220259750248,250.794458976893,3383100
2024-04-18,255.01043701171875,255.3021655883094,253.0059589912698,255.01043701171875,3402700
2024-04-19,255.96090698242188,256.1773628182625,254.53991477045972,255.97974671020634,3017100
2024-04-22,259.3393249511719,260.20511954047555,256.2714649513979,257.61718435517247,3129300
2024-04-23,260.5627136230469,261.0520582707901,258.07828221351764,260.50625188365706,3275700
2024-04-24,260.4403991699219,260.7038968893335,256.8078928438117,259.30171567379637,4071600
2024-04-25,259.35821533203125,263.3295214316743,258.5300713159386,260.69451513327937,4179800
2024-04-26,256.99609375,259.8381069694125,254.43638926397028,255.24572216483088,3636500
2024-04-29,257.428955078125,258.25709891857554,256.5349583514852,257.69245278016876,3148900
2024-04-30,256.9490051269531,260.5532799899585,247.15249179324195,248.7522888565619,6894400
2024-05-01,258.2571105957031,260.1392453294297,254.13523093378652,255.38686661440892,4843200
2024-05-02,257.1748962402344,260.0263292948101,256.6384809331613,258.33241947353457,3084000
2024-05-03,254.38931274414062,258.4358905401731,253.04359343308408,257.9841966282627,2642100
2024-05-06,253.4293975830078,255.85736715772472,253.18473962829873,255.0856851242663,2481300
2024-05-07,251.73553466796875,254.71873102361494,251.25558109400427,254.12585395438788,3160000
2024-05-08,252.66717529296875,253.0812472436403,250.38038841932672,251.73552776350667,3259800
2024-05-09,252.15896606445312,252.65773052839972,251.28375174771608,252.63889080430525,3140000
2024-05-10,258.79345703125,259.15106713056565,252.055413030982,252.3659812621095,4983500
2024-05-13,255.33038330078125,260.43095191561315,255.16099808163798,259.1511141899605,3840700
2024-05-14,254.70932006835938,256.6949586074086,252.87422704886032,256.0832705072754,3143200
2024-05-15,257.7301330566406,258.20066677273167,254.3046625374294,255.13277775370656,2982500
2024-05-16,257.391357421875,259.3205341316512,256.8361310942765,258.3324248352484,2339900
2024-05-17,256.3279113769531,257.90889752128066,254.95396118384193,257.90889752128066,2454500
2024-05-20,252.08370971679688,256.0926658698693,251.52848341939193,255.72563581344582,2651100
2024-05-21,250.2015380859375,253.2223558316529,249.7968860724648,252.68596934083456,2362600
2024-05-22,250.107421875,251.09555967621318,248.95931873089853,250.20153433974775,1906100
2024-05-23,242.72950744628906,249.96631804554966,242.41896784087524,249.50520420993288,5636200
2024-05-24,242.89891052246094,245.11042481737516,242.34368416230802,243.4917876227039,3382900
2024-05-28,238.5982208251953,243.55765001367567,237.76067141867634,242.22135039650598,4324700
2024-05-29,234.67396545410156,238.84290137002924,234.47634934775525,238.42882942971514,4029300
2024-05-30,237.21484375,238.0523930816089,235.3609400003352,235.84087915905013,3597800
2024-05-31,243.63290405273438,243.97167446354652,238.56994350270875,239.20987667318366,6125400
2024-06-03,246.02926635742188,246.21871335090955,242.0984869397517,244.30539699556365,4342800
2024-06-04,248.84239196777344,249.1928429024169,245.5556859694529,245.64092844769965,4592700
2024-06-05,246.25657653808594,247.91413654088896,244.99684365439873,247.68682327599564,4136800
2024-06-06,246.9480438232422,247.96153037722806,245.2525885205201,247.1280098059333,3354300
2024-06-07,242.67626953125,247.5921216578029,241.85222996764662,246.33238866280507,2290100
2024-06-10,240.4030303955078,242.47735066875111,239.7778900071486,242.47735066875111,2866200
2024-06-11,240.84820556640625,241.23655166821823,238.78336630798884,239.64528653403133,2729400
2024-06-12,241.03765869140625,242.77099476561253,240.02418656550412,241.41653825703412,3169600
2024-06-13,240.29884338378906,241.283915726951,237.9119528860406,240.19465331773878,3153000
2024-06-14,240.18519592285156,240.22307665160005,237.37207848482524,239.50322718316173,2806600
2024-06-17,240.11891174316406,241.07557006444102,238.57502257447646,238.97283530551871,2532900
2024-06-18,237.5425567626953,240.9145196375627,236.17863377445178,240.53564009684783,2956300
2024-06-20,240.39358520507812,242.18374960164965,236.3301867721637,237.05005072075556,4046500
2024-06-21,245.68829345703125,247.64892817848906,242.10795055323956,244.63691179544722,8425800
2024-06-24,246.6260223388672,247.5637185869647,244.1822887936557,245.31891308057587,3901200
2024-06-25,243.7844696044922,246.38920687504122,242.08901434210702,246.38920687504122,3903800
2024-06-26,244.21066284179688,244.53272849778202,241.22706071065977,243.09300078343023,2796100
2024-06-27,244.53274536132812,245.15785686345131,243.39612118272422,244.37171252223035,2651000
2024-06-28,241.37863159179688,245.78299974347198,239.5032248026785,243.93602156660378,8958700
2024-07-01,236.78482055664062,241.85220962945252,236.5290786797681,241.36915448671675,3817600
2024-07-02,234.7010040283203,237.769862993197,234.34108656314785,236.49116814463787,3944900
2024-07-03,236.79429626464844,237.72252585922834,235.07042685050888,235.37353048706055,2026100
2024-07-05,237.82672119140625,238.1392914037268,235.66715831789818,237.7414787115308,2814300
2024-07-08,234.75787353515625,239.23801762021904,234.00959545763624,238.46132538307444,3163900
2024-07-09,232.83509826660156,234.3316254729008,230.66605445933735,234.17060708874905,4927300
2024-07-10,237.25843811035156,237.32473300340038,232.91088348360083,233.9527842553228,4092700
2024-07-11,241.34075927734375,242.14585124511515,236.67116805315982,237.9498630851427,5546400
2024-07-12,240.48826599121094,243.34875940510997,238.50866927081,240.81978376570575,4543000
2024-07-15,238.2434844970703,242.2216259222777,237.92144771160372,240.24202900524324,3393600
2024-07-16,243.6802520751953,243.71814725429917,236.88900817760697,237.74146182135394,4173000
2024-07-17,247.21327209472656,248.20779668460904,244.23912153662081,245.29050335687876,3711500
2024-07-18,245.81138610839844,248.47295139847233,243.99282229663334,244.40010150488223,3421800
2024-07-19,243.68975830078125,246.68284183740548,241.55860951821649,246.63549453779282,3470600
2024-07-22,245.8303985595703,246.06719287881398,242.85624803520258,244.65587908034323,2759500
2024-07-23,240.63037109375,246.3986912388819,240.1188873110402,245.96296891389926,2653100
2024-07-24,239.9862823486328,240.89557881913302,233.11924765408324,233.30869465615456,5983300
2024-07-25,238.1771697998047,242.56259012673237,237.8361854515568,240.76295934323173,3323100
2024-07-26,238.6886444091797,240.63036047846046,237.50467295873733,239.5410980723876,4002900
2024-07-29,247.61106872558594,249.98846376867712,237.0121394184022,240.15677456300187,9381000
2024-07-30,252.3658905029297,253.24675834422294,246.55968975655904,247.21324432411308,4936600
2024-07-31,251.3808135986328,253.53092426092988,249.29704118071587,251.39977564147088,4652100
2024-08-01,254.5538787841797,254.57281192264756,248.5392976345867,252.7258336803837,4936000
2024-08-02,262.074462890625,262.18811953021776,254.60122087630137,255.16953297981965,9585900
2024-08-05,254.26971435546875,263.1921068117284,253.54036945937662,259.5644310902454,6794900
2024-08-06,255.794677734375,258.76882807999965,253.9192564326754,255.60523072814297,3369300
2024-08-07,255.14108276367188,258.71195881772104,254.3928047846927,255.32104871944597,3540000
2024-08-08,256.864990234375,259.19503808052235,253.91925407646426,254.7243604871472,3227200
2024-08-09,253.7582550048828,257.34806479797265,252.8584250747036,257.34806479797265,2664900
2024-08-12,255.22634887695312,255.29265821533954,251.31450258989514,253.33199456113255,3008100
2024-08-13,256.0314636230469,257.63219538475676,253.40779321575297,256.0314636230469,2603600
2024-08-14,256.8271179199219,257.1681167772264,254.31710386770217,255.6052511150462,2242100
2024-08-15,260.3505554199219,261.1935568830455,257.4900910875515,257.6321618662942,2445200
2024-08-16,263.7793273925781,264.73598546280994,260.1895471852391,260.2368944755171,3286000
2024-08-19,272.3607482910156,273.0900931167262,266.8387188256829,267.4164829496645,5268800
2024-08-20,270.542236328125,274.93712363628697,270.1444091738184,271.3662758918082,3697600
2024-08-21,274.40667724609375,274.6529525487795,271.14838561823626,271.9819061145094,2686300
2024-08-22,273.93310546875,275.1549721304575,272.3607878736238,274.2551422428524,1746400
2024-08-23,274.22674560546875,275.42019818411654,271.9630070204851,275.0413330671737,2145900
2024-08-26,273.43109130859375,276.7746254745558,272.66388013351127,273.97098921863034,2018500
2024-08-27,274.3404235839844,274.965535111632,272.84386739086375,273.80997774823754,2897600
2024-08-28,271.8871765136719,275.5906424640546,270.1917503071848,274.63401324347814,2603800
2024-08-29,272.6543884277344,273.83835981270624,269.73709565360633,272.5786269775388,1797100
2024-08-30,273.4121398925781,273.6205200067897,271.1673348336698,272.37023932152033,2528500
2024-09-03,272.01171875,274.574454164975,270.2873542018394,272.81197392093446,2902800
2024-09-04,274.4029235839844,275.2984532829433,272.4594305060574,272.99293384921356,2558300
2024-09-05,274.34576416015625,275.8509995030515,272.69760225427115,275.32703235126087,2412500
2024-09-06,275.81298828125,278.3661876993893,273.9647693852251,274.20294162364314,3863600
2024-09-09,277.50872802734375,277.9374205420631,274.18382435316164,276.30833083862007,3208600
2024-09-10,277.4896545410156,282.21501189200455,277.27055472561506,278.9568034243169,2497100
2024-09-11,276.4988708496094,277.65161611509654,272.3070170228309,277.0704608498484,2747500
2024-09-12,278.5185546875,278.8424653652881,274.62206128943546,276.4417002438133,2274200
2024-09-13,282.5008239746094,282.70088049277416,278.7758070763638,280.557330576882,2205500
2024-09-16,282.65325927734375,285.9114388866125,281.0813284782224,283.34873260942766,2916200
2024-09-17,279.8523254394531,283.32012650838556,278.34708997932836,282.94856393367684,2997400
2024-09-18,278.2137756347656,281.13853792791207,276.6323083597135,279.9762561510068,1788200
2024-09-19,279.94757080078125,281.119359254778,277.13712760174275,280.3286404530871,2271400
2024-09-20,282.7865905761719,283.9488720211343,278.9758355531806,279.0806464346647,5817300
2024-09-23,284.9111022949219,286.01622476110185,282.8437839375992,284.8539432944086,2312400
2024-09-24,286.0638732910156,287.18806824094867,283.6154850188789,284.911127912013,2408100
2024-09-25,286.2544250488281,287.52148844956645,284.28235211630977,286.1210346520362,1986200
2024-09-26,289.2839660644531,289.89370088928723,286.51163799740874,286.9022439182387,1971100
2024-09-27,289.32208251953125,292.43736462841156,289.1601126207102,289.1601126207102,3402800
2024-09-30,290.103271484375,290.5986591864681,287.8072880216134,289.37921870352363,2286500
2024-10-01,288.6457214355469,290.7892716688304,287.95024800441655,290.1033344312292,3036200
2024-10-02,289.38873291015625,289.693571202418,285.40647199175993,286.3591607052395,2352400
2024-10-03,289.09344482421875,289.63645537578606,287.007053904822,289.14106763749,1802500
2024-10-04,289.38873291015625,291.41796452166807,287.1213291202745,288.71230299048415,2432400
2024-10-07,286.6164245605469,290.684395174416,285.8066332848224,289.3887523922602,2091800
2024-10-08,287.61676025390625,288.99817072673306,286.1496112727584,288.3217697785848,2038300
2024-10-09,289.4554138183594,290.57960865377555,287.67389048489775,288.60753593837796,1854100
2024-10-10,289.6554870605469,291.28457663385825,288.59798746120265,289.6459508697299,1739500
2024-10-11,290.6081848144531,291.0464134993659,288.6361121217157,290.0175224404939,1775600
2024-10-14,295.1811218261719,295.7336976629974,290.0937666486717,290.7130086116595,2376300
2024-10-15,298.5155334472656,300.4399545394381,296.2957811249518,297.23893382290277,3067100
2024-10-16,298.1153869628906,298.88706255172264,295.4383047330638,298.49645666158784,1821300
2024-10-17,299.8111572265625,300.14457502558037,297.6961870670268,299.1252201728279,3095200
2024-10-18,301.5831604003906,302.17382279714406,299.3634083168246,300.6400078038814,2531200
2024-10-21,299.9922180175781,302.85979180144864,299.5349168846027,302.12623182394833,2404100
2024-10-22,299.8016357421875,300.80194733581675,298.4773843771167,299.230016657076,5889100
2024-10-23,284.4443054199219,287.33095135574223,277.0704742489484,278.9186928691112,18792000
2024-10-24,287.3118896484375,288.08359436226294,284.16802808324894,284.9682832257741,5522600
2024-10-25,278.7662658691406,287.33095826026675,278.3756890319548,286.7593391448945,8863200
2024-10-28,282.74853515625,285.73045594255296,282.5103629410342,285.0445187997812,6656000
2024-10-29,281.043212890625,288.37892872100156,281.043212890625,283.5202097342428,9048900
2024-10-30,277.72784423828125,281.39570214075763,276.12733394133915,280.5668674896182,4924000
2024-10-31,278.2899169921875,280.45253921875025,277.3944162500876,278.4233073822643,4277400
2024-11-01,281.2432556152344,282.83425872126793,279.4045731886171,280.5763908921181,4131800
2024-11-04,278.99493408203125,281.0050935896433,277.9945933504951,280.7955008807863,2583100
2024-11-05,283.2535095214844,283.31066853741254,278.71870043277227,279.8524027049503,3032100
2024-11-06,280.0904846191406,286.12099144450974,278.8710442164019,286.07336863785105,4646400
2024-11-07,280.7193298339844,282.51038971394325,279.9095384107571,280.89080686748866,3357400
2024-11-08,284.82537841796875,287.5500544948414,281.28137483541565,281.6148217380326,3279100
2024-11-11,287.2642822265625,289.4364117508675,285.82571268710234,286.27347763207456,2872400
2024-11-12,284.5204772949219,287.140371246208,283.44393440132035,285.94000324231564,2452900
2024-11-13,283.2820129394531,284.97779779527536,281.2527811977732,284.7586689105679,2327100
2024-11-14,284.4347839355469,285.91144004018554,282.557985716946,283.9012804994351,1932600
2024-11-15,278.78533935546875,285.3303070216605,276.01301134764293,283.63452205272904,4039400
2024-11-18,277.3277282714844,281.4623943651215,277.03239705577863,279.1473674521674,2865000
2024-11-19,276.9752197265625,278.2518192040671,273.9932991906637,276.2797464499817,2353300
2024-11-20,277.1466979980469,277.5373038888388,274.622078531957,276.87041010968096,2524600
2024-11-21,274.8221435546875,274.94599775240624,270.0491632891743,271.5163122045451,4475700
2024-11-22,276.5464782714844,276.8513456371518,274.5077395453072,274.822114027947,2879100
2024-11-25,282.1769104003906,282.577023432674,277.9660129268574,277.9660129268574,5021800
2024-11-26,282.31024169921875,283.21530763225684,280.881208588371,282.9485559478488,2254200
2024-11-27,281.11944580078125,285.3303438005763,281.0242001636954,282.94862139823425,2240300
2024-11-29,282.0054016113281,282.9961769621355,280.1095312594648,280.24292163770014,1655900
2024-12-02,280.2802734375,281.9958529759959,278.84264381553857,281.2961960304608,3149900
2024-12-03,282.2546081542969,282.5900609067567,278.2196693139369,280.16526017982534,3031000
2024-12-04,282.820068359375,283.7305787821925,279.68604644111883,280.1269113175444,3742500
2024-12-05,287.0179748535156,287.2767376665551,282.6667408298419,283.25139210935424,2594800
2024-12-06,286.5483703613281,291.1679316977729,286.19373045652577,288.06266081834536,4158700
2024-12-09,288.8389587402344,290.0369834416812,284.7369233324265,285.2065396558257,2391600
2024-12-10,288.2064208984375,290.2287019631316,283.53892097359,287.65055026257005,3523000
2024-12-11,283.7880859375,289.34690863354564,283.66348669367903,288.8101959283543,3037600
2024-12-12,284.29608154296875,286.13623125473686,282.82010680117907,283.8839680318454,2040700
2024-12-13,284.26727294921875,286.7591698793886,283.14590909361607,283.97016519875024,2547600
2024-12-16,285.33111572265625,289.55775003580305,284.8135901527059,284.82315446045845,3179900
2024-12-17,283.7688903808594,287.5259084540642,282.56130145443285,285.244864900545,3295800
2024-12-18,278.78515625,286.54836248380184,278.5838962815168,282.75299901478246,3800900
2024-12-19,278.16217041015625,280.6827897460771,276.83954649516136,278.7851373886055,3438500
2024-12-20,280.51031494140625,283.7881237008876,277.2708511655836,277.4817047027275,7678000
2024-12-23,279.1781005859375,280.91283801478914,277.6829680975201,280.1077689247682,2492200
2024-12-24,281.7658386230469,282.0341950075589,278.6989126927173,279.1685290534502,1461000
2024-12-26,282.5421142578125,283.15551690168405,280.4336084789619,280.81697050705765,1433900
2024-12-27,281.41119384765625,284.15228945947547,280.56777981325035,281.142837495677,1617200
2024-12-30,277.5583190917969,279.3505590451721,276.9832614881134,279.3505590451721,1936700
2024-12-31,277.8363037109375,279.13014692023796,276.58074698235356,278.0183765470415,1915600
2025-01-02,280.3473205566406,283.4621841899882,278.18128294742354,278.85218835252533,3117000
2025-01-03,282.52301025390625,282.69551881213937,278.6126700240217,280.6540797937538,2240100
2025-01-06,280.03106689453125,283.3088752077952,279.6093598776517,281.0853344367301,2838900
2025-01-07,277.3091735839844,282.66673660471406,276.29325096459166,281.56455971559745,3419500
2025-01-08,274.9705810546875,277.1174608763767,274.63512834048805,276.9545166728014,2724200
2025-01-10,270.57147216796875,275.80443571442765,270.0635108800168,275.54567291633293,3946000
2025-01-13,271.83660888671875,272.6704294216864,268.6929931550721,271.17529689374777,3394300
2025-01-14,269.871826171875,273.48508742665155,267.7633202254659,273.16879252306757,2238900
2025-01-15,270.5618896484375,272.8141819599726,268.9421578955878,272.50748061358263,2867800
2025-01-16,268.1083068847656,269.26801573479605,265.0317879594075,268.5875167157593,3403700
2025-01-17,269.26806640625,272.2678959439214,268.3575558565614,269.29681783157423,3312800
2025-01-21,270.8589782714844,271.13692817502306,267.1403343920772,269.08592521955177,3858600
2025-01-22,269.6513671875,271.7407149491164,268.7408568448184,271.5202679059815,3660600
2025-01-23,272.60333251953125,273.1496388168411,268.9805069009592,269.0763547292215,2279400
2025-01-24,273.59051513671875,274.9227327332202,271.5011669372702,272.6800338518875,2523000
2025-01-27,280.9031982421875,281.22905739772824,273.9259046946242,274.69262867840894,4343000
2025-01-28,279.04388427734375,282.24500250209104,277.94170749390776,280.24190887861056,3180100
2025-01-29,278.04718017578125,280.951220520429,277.9417680272627,279.2643921549012,2358300
2025-01-30,278.2484130859375,279.93521186135337,277.3283091190038,278.8138771965844,2125200
2025-01-31,276.69580078125,279.1397595083869,275.4019282350862,277.7787905582875,2556500
2025-02-03,277.9896240234375,278.8042866232601,272.3732985856772,275.08561348422853,3048800
2025-02-04,277.7213134765625,278.5551633271555,276.3795315166216,277.7117491670061,2976900
2025-02-05,276.8203430175781,278.20046969523696,274.4338873764231,277.9417069114187,2362900
2025-02-06,282.1203918457031,284.794390837129,278.2483975501435,279.46557996625535,3590000
2025-02-07,282.06292724609375,284.50691521428206,281.60290447459494,282.1204300925311,2858000
2025-02-10,295.5958557128906,297.3785025505524,288.9731712029601,289.7015503819043,8052000
2025-02-11,297.31134033203125,298.6339640794135,293.43934614967924,294.5894321375346,4180400
2025-02-12,294.8099060058594,297.1963617028224,293.05598157302177,296.7075582955319,3110200
2025-02-13,297.1292419433594,298.57646493828514,292.921794994227,294.7140350151864,3096800
2025-02-14,295.7203674316406,298.06850724281907,294.982394840327,297.30178323232815,2674400
2025-02-18,292.1550598144531,294.5702961406582,290.91871947938375,294.5702961406582,3367800
2025-02-19,289.38525390625,291.1583362460035,287.05630099578644,290.70787780561903,2990700
2025-02-20,290.4490661621094,290.5257561141248,285.7528156794788,288.3213733477065,3020000
2025-02-21,292.1358947753906,293.23807153673886,289.04978229442736,291.2829164856791,3036700
2025-02-24,294.7811584472656,297.5318183465929,291.4745987345891,292.31801276267174,3397600
2025-02-25,297.8002014160156,298.7490276584156,295.1837048325885,296.3242267344425,3891600
2025-02-26,291.6183776855469,301.4709319132767,291.0529135217829,298.73945892276373,4140900
2025-02-27,297.0622253417969,298.81612068650725,291.57046942054006,292.5001377859469,3350400
2025-02-28,295.50958251953125,295.69168463279584,291.2446316923705,294.8195190504899,4972900
2025-03-03,293.3213806152344,298.33392051300484,291.52841204123655,297.00366014915664,4371300
2025-03-04,294.7480163574219,301.6499261338723,293.6105584217209,293.6105584217209,3954500
2025-03-05,296.36749267578125,297.3410656324044,292.43454622275885,293.04184158811705,2327500
2025-03-06,299.1822204589844,300.1269054078408,293.4081488443256,296.70485309115844,2954900
2025-03-07,309.7085876464844,311.52082469568893,299.1629353857067,299.61599464800787,7607600
2025-03-10,305.8142395019531,314.5573045677785,304.35866034319776,308.5518638368951,4707600
2025-03-11,295.7023620605469,306.24801488323266,295.2685712522962,306.1708821354208,4513100
2025-03-12,288.6076354980469,295.38422656888207,285.6675894620708,292.74300372669285,4546200
2025-03-13,286.7761535644531,292.5213079334088,286.55443367895145,289.6005301343105,4178600
2025-03-14,289.0220947265625,289.8318413572106,285.0506119784694,286.2652025069224,2696800
2025-03-17,293.012939453125,294.2275302472256,289.2149604019926,290.43917072694165,2758400
2025-03-18,292.65625,293.976861414539,291.3741755397746,293.976861414539,2435400
2025-03-19,295.8565979003906,296.97475798504615,292.6851828978529,293.0321920101548,2812200
2025-03-20,295.93365478515625,298.49777402121464,294.4973738221179,296.9265254795588,2723500
2025-03-21,294.4299011230469,295.93366593203604,290.7668903150005,295.3456685338187,6016100
2025-03-24,294.6516418457031,296.8494543697139,293.5527208749365,295.25890776281244,3443400
2025-03-25,295.8565979003906,297.53386744489785,293.07075838402966,295.8662174307164,2657100
2025-03-26,302.2764892578125,302.73919747251233,296.6952203442047,296.8012410960502,2624400
2025-03-27,301.4186096191406,305.2262375513611,299.48105375184326,303.7995758409226,3119500
2025-03-28,296.02044677734375,298.8255547080935,294.9600921513265,297.8616013058093,3211600
2025-03-31,301.1101379394531,301.9102357859867,293.4659940530739,294.00580563789237,4418800
2025-04-01,302.32470703125,303.4332475485142,299.74131900096825,301.79451501515115,2411200
2025-04-02,300.34857177734375,302.61386803280544,298.6616534152479,301.4378437693863,2776800
2025-04-03,306.7973937988281,308.1951377943343,300.0786383927238,300.1557711274171,7023900
2025-04-04,289.2920837402344,303.60679974079903,288.5112837236152,303.2308731560512,8831100
2025-04-07,289.0799865722656,293.890104413768,280.0284504227013,282.0527583574542,7725900
2025-04-08,289.0220947265625,297.1385941678985,284.28911007913945,292.82972189328854,5562500
2025-04-09,293.0032958984375,300.4161006232069,286.0146330645737,286.6894122776123,8265700
2025-04-10,295.7216491699219,296.54101551628196,286.2170819212173,290.4777398542484,6049500
2025-04-11,298.7291259765625,299.683459760862,293.0032409408479,295.42277317139144,4439900
2025-04-14,304.6767578125,306.7299832587044,299.9148256691265,301.16795332053084,4068300
2025-04-15,301.2161865234375,305.76604801249243,300.5992421911809,304.73461075435876,2901200
2025-04-16,297.9580078125,302.9609284124612,296.29035780667164,302.2668807738098,3098900
2025-04-17,300.0786437988281,301.7077271927252,296.0589751017122,298.07363392346525,2728500
2025-04-21,297.5916748046875,300.05939298927376,294.1214369146377,299.7894872321322,2669900
2025-04-22,307.5782470703125,308.4650971683822,299.9726698153671,300.5221303299041,4200700
2025-04-23,306.9998779296875,308.3686752326332,303.4428876634425,307.01914640665785,3210100
2025-04-24,304.8213195800781,307.3950878844128,302.22828279967916,306.95164817724816,2479500
2025-04-25,305.32257080078125,310.1809038601931,303.6742188300513,305.0912314133164,2282900
2025-04-28,305.39007568359375,306.5564510659693,302.92235732182024,306.24800833389014,2578300
2025-04-29,303.16339111328125,305.3130181175264,301.71746079000644,304.6671562960848,3164500
2025-04-30,308.1277160644531,309.4290591124497,301.8138327000408,305.3708233030532,5564600
2025-05-01,302.3343811035156,307.74214596147107,300.3679077835658,301.8620238982793,5186900
2025-05-02,300.7148742675781,304.5803365560502,299.48101517499526,302.2475565407264,3994600
2025-05-05,304.33935546875,305.9587900505397,299.5003202002397,301.71740115739067,3534100
2025-05-06,305.3708190917969,305.80458049013066,301.5921086558952,303.7513549521108,2691700
2025-05-07,306.6624755859375,307.73244965487095,304.72491999162776,305.07195848528244,2725900
2025-05-08,302.1897277832031,308.13733292603973,301.89090459661634,306.6142701516407,2131500
2025-05-09,302.37286376953125,302.922324210165,299.9533609929596,301.6209813730135,1917800
2025-05-12,300.6763610839844,300.92696896707935,294.0154394798584,300.7631133609238,4137900
2025-05-13,297.5627746582031,300.91734304960863,297.3314352579417,300.4160684590116,3018600
2025-05-14,296.4156494140625,297.7748271414783,294.6708962375798,297.1289654657124,2656600
2025-05-15,303.14404296875,303.7706067273408,296.7048125972908,296.7048125972908,2928500
2025-05-16,307.12518310546875,307.17339842668156,302.0740766298587,303.03803004383155,2636900
2025-05-19,309.6507263183594,310.01700385829383,306.5660640195525,306.64316733913876,2748600
2025-05-20,308.27227783203125,310.1230812573864,307.35653977548066,309.641104569458,2035000
2025-05-21,305.0334167480469,307.18304342386926,303.809206518354,306.0744734780385,2386700
2025-05-22,302.98016357421875,305.2068933747187,301.3607290679498,304.72491671803004,2642000
2025-05-23,303.2308349609375,304.27189171278854,301.74633845443384,303.71281167184566,2701500
2025-05-27,303.59710693359375,304.24293917786963,300.907668960175,303.1729651235377,2526700
2025-05-28,301.56317138671875,304.2718780267841,300.9366075742255,303.597128312377,1935600
2025-05-29,300.6184997558594,302.1993974867277,298.8641268869387,301.1101254141823,2248800
2025-05-30,302.5367736816406,303.92486889988015,299.38462730719056,300.753454048171,4062900
2025-06-02,303.118408203125,303.67098501273387,299.92903591826075,301.2280558954059,2577000
2025-06-03,302.8372802734375,304.7761212483275,299.6963377767472,302.3040812547235,3028100
2025-06-04,302.0423583984375,304.64039829077274,300.01627306255443,303.428622641247,2069500
2025-06-05,299.53155517578125,302.45919442011717,298.3585350761651,302.45919442011717,3813500
2025-06-06,297.9610900878906,300.38464149575424,297.4279206119077,297.7575200532531,2622800
2025-06-09,295.4599914550781,295.8962425325001,290.6807552857299,294.44211172024967,4059800
2025-06-10,291.2430114746094,293.16247483202903,290.29299826067216,290.83587140702707,4698700
2025-06-11,292.49359130859375,293.92834447979845,288.1021170734771,291.0200826132478,3312100
2025-06-12,293.8895263671875,293.908904127082,290.8940205311631,292.44509926934296,2584700
2025-06-13,292.677734375,295.779862093692,291.940965359042,292.5807864122111,2435500
2025-06-16,287.2296447753906,294.7038694977799,286.70614935515925,293.87018196219805,4045700
2025-06-17,283.3713073730469,286.9581750996374,282.86721935739735,286.9484714275244,3379000
2025-06-18,280.7732849121094,284.14684956759544,279.7747829066433,284.0402275052062,4008700
2025-06-20,278.66961669921875,281.72328544558883,276.8374272851434,280.9089757521812,7085000
2025-06-23,280.6665954589844,280.6665954589844,277.1282167658159,279.69717501787716,5172500
2025-06-24,282.5569763183594,283.16771592795135,279.75533705133944,280.76354259073514,4461200
2025-06-25,276.8180236816406,282.17891809063184,275.61595167765546,281.9656443882119,4259800
2025-06-26,276.8955993652344,278.0201307652791,274.8016474049133,277.205821044771,5354900
2025-06-27,282.6345520019531,283.25499535990065,276.51751064445875,277.26398340851233,7422200
2025-06-30,283.2356262207031,284.6024832155756,281.98506537852626,281.98506537852626,5054800
2025-07-01,288.3929138183594,290.4868657845525,283.41010750843674,283.5555146760124,5121900
2025-07-02,285.620361328125,288.9648442402064,283.652438933157,288.9648442402064,4021500
2025-07-03,285.087158203125,285.81422355410155,283.66210893183637,285.6591423134676,1678600
2025-07-07,284.55401611328125,286.6382644027505,283.545810446125,285.1259706942,3404300
2025-07-08,282.75091552734375,284.0596096518358,281.38402895003327,284.0499355633398,3123600
2025-07-09,284.0595703125,284.8351244250403,282.43095105271186,283.31312721452156,3265800
2025-07-10,289.265380859375,291.582280339659,285.99840910800833,287.2392660945569,5366800
2025-07-11,290.7389221191406,293.4823692719043,288.19904499924735,289.0230583876412,4524100
2025-07-14,292.6487121582031,292.8329044494615,285.8142787876518,290.0312645551204,5707500
2025-07-15,290.457763671875,293.5308396549028,290.08937915066525,292.0863830015085,2937600
2025-07-16,289.7597961425781,291.2914971770501,287.15205249934854,290.612890959089,2804700
2025-07-17,291.1848449707031,293.20125627572133,289.2944926546617,290.6031867256261,3134300
2025-07-18,287.9857482910156,291.21390546329565,287.36530498505,290.5740843981555,3481300
2025-07-21,286.6963806152344,289.6628046826898,286.250455513322,288.99390223763976,3037500
2025-07-22,290.02154541015625,290.9230993792855,286.02750807989815,286.81273632196115,2672000
2025-07-23,289.003662109375,290.70985181803223,287.840375149774,290.33176358671307,2467600
2025-07-24,285.4749450683594,288.3637990784222,285.40707853654015,287.83062966410387,4426000
2025-07-25,289.3429870605469,289.507801590717,285.8821481863122,287.73374520655227,3401000
2025-07-28,290.0700378417969,290.7389404334455,285.96937798660764,287.9760857615536,3070500
2025-07-29,293.41448974609375,293.5695709781066,289.178097685708,289.8082446223492,3147700
2025-07-30,294.3257751464844,296.0901277446135,291.87314220368455,293.31759901986976,2805900
2025-07-31,290.8940124511719,294.1900361880234,290.8261459168769,291.81494416262274,3639600
2025-08-01,293.6277770996094,294.4130053048444,292.16394273916075,294.2191093792506,3344800
2025-08-04,294.9267883300781,296.98195490999734,291.33992090216077,291.33992090216077,4734500
2025-08-05,289.6337890625,295.28552786533305,289.24602672993404,293.7344489506997,4222900
2025-08-06,298.2519226074219,300.9081253819151,292.51294007583914,297.6121015100775,6474300
2025-08-07,298.4942626953125,300.6851624408587,295.0431281631079,299.7060382918553,3603300
2025-08-08,296.1094970703125,299.1146768869695,294.59720349019955,297.612086978641,2622000
2025-08-11,295.05279541015625,297.9028939138988,294.49054456351604,296.15794892907724,2649000
2025-08-12,292.4159851074219,296.15793366949475,290.7194993990041,295.8380379530271,3438300
2025-08-13,295.7411193847656,295.9737708380435,292.1833331284399,292.47417702940317,2999100
2025-08-14,299.5024719238281,299.83207133997917,293.4435938673044,296.1579594028808,4699400
2025-08-15,299.48309326171875,300.6754912278108,297.1274083479847,300.6754912278108,3416600
2025-08-18,299.2601318359375,300.50098894087773,297.1855576846649,298.9402064912358,3272600
2025-08-19,301.42193603515625,304.6113380502157,299.0177919132366,299.2601470600023,2893600
2025-08-20,303.5061950683594,306.4823234756939,302.83732205735095,304.0781792691129,3879900
2025-08-21,303.6418762207031,304.0102607272497,301.6545761208989,302.3331526890534,2282200
2025-08-22,304.4659118652344,307.1124109686467,303.5740319637122,305.00878499333777,2796700
2025-08-25,303.85516357421875,305.90062662661927,302.41073649770146,304.136303802552,2944300
2025-08-26,303.3704833984375,305.48381319551464,302.75004001707424,303.8454900230402,2807600
2025-08-27,301.9066162109375,306.0654383981818,301.81937191692947,303.7775906570745,3234400
2025-08-28,302.6725158691406,302.96333022976097,299.89028334318135,301.6061472395821,3471700
2025-08-29,303.95208740234375,304.30106455377484,301.9065949280222,302.6821490162526,2492500
2025-09-02,307.8420715332031,308.20278872287105,304.49805895214695,305.20000555853386,3228700
2025-09-03,308.456298828125,308.92424342828855,305.1318035536032,307.1206276089526,3219500
2025-09-04,309.0412292480469,311.420046804093,308.5440381109044,309.85043303884333,2881300
2025-09-05,306.4966735839844,310.06489971261453,305.4144922549146,309.41168741008994,2533100
2025-09-08,304.956298828125,305.2292764328022,301.99255047800943,304.9758163549553,2873600
2025-09-09,304.68328857421875,305.83372169781285,302.93819574489953,303.40614030144354,2310800
2025-09-10,298.2683410644531,304.2641195256637,296.97167509135585,304.2641195256637,3479500
2025-09-11,300.69586181640625,301.1930826757622,297.59561002209045,298.551046442417,2761500
2025-09-12,297.7418518066406,300.77388161191897,297.59561912362983,299.9061847721782,2072600
2025-09-15,294.495361328125,298.0440699580934,292.97448195066346,297.4883857737973,3584500
2025-09-16,295.6847839355469,298.3268203208084,295.1095821986716,295.8895096972724,3578500
2025-09-17,297.3226318359375,298.8922455029468,296.28921457325833,297.2543800019827,2681600
2025-09-18,293.58868408203125,295.0998046716087,290.4104217102844,293.91039597285817,4654100
2025-09-19,294.7975769042969,297.1568767473548,293.20844573809586,294.1346356056132,5696900
2025-09-22,295.39227294921875,296.6206869582699,292.88674037451847,294.7390903984847,3657900
2025-09-23,295.5872497558594,296.8156636820692,292.78922225933553,296.1234461271574,2976900
2025-09-24,296.6986389160156,298.3072874864196,294.4368376107948,294.90478213833995,2427300
2025-09-25,294.7195739746094,298.64851731338973,294.3783743062202,298.20981927446417,2558400
2025-09-26,297.5858459472656,298.11231333293136,294.43685990042405,295.7627424986048,2284700
2025-09-29,295.39227294921875,298.43403168370224,294.28087483576917,298.2098181598646,3073800
2025-09-30,296.26971435546875,296.84491603394395,294.42709343003946,295.1582865428624,2640100
2025-10-01,292.98419189453125,297.1276194902747,290.81985911325,295.6555042701906,3055300
2025-10-02,292.3602600097656,294.79757039433105,291.45358768726504,292.08728243678723,2690400
2025-10-03,293.43267822265625,293.83240069013704,291.17084707841923,291.40481935115974,2599100
2025-10-06,288.6165771484375,292.1360393347989,287.5149080090486,291.5413498360924,3814200
2025-10-07,288.8895568847656,290.5956742985493,286.75447042675887,287.60264975209617,2515700
2025-10-08,287.0177001953125,289.22103857437753,286.07202245983416,288.9480609678646,2464600
2025-10-09,286.4424743652344,287.7196226760953,284.7168692568706,286.2864829242931,2802700
2025-10-10,289.5622253417969,290.478656404087,285.5455426869882,287.310152981918,4016200
2025-10-13,292.5845031738281,292.8867570642824,286.6277302714134,287.21269077345306,3369300
2025-10-14,296.92291259765625,297.85883150097783,292.58448799758173,292.6332520590798,2992800
2025-10-15,297.59564208984375,301.34910658919034,296.0162694867911,296.0162694867911,2522100
2025-10-16,297.673583984375,299.574698018397,297.0691357588407,298.12207052462423,2021600
2025-10-17,300.3644104003906,300.59838270103893,298.6290464151525,299.1067497797518,2194200
2025-10-20,300.0523986816406,300.95910076422945,298.1708021892015,300.2279076425985,2329600
2025-10-21,299.7696838378906,300.8128300509132,298.7070201006747,300.8128300509132,2461100
2025-10-22,302.333740234375,304.94655979594006,299.44797282942983,300.491148901437,2735700
2025-10-23,299.2724914550781,304.1471125950101,298.5412982840883,304.1471125950101,2081500
2025-10-24,298.1221008300781,299.9842097559083,297.3713901007486,299.91595791645517,1994500
2025-10-27,302.22650146484375,302.31424107240935,297.6833511306093,298.2293063014565,2139700
2025-10-28,298.716796875,302.79197327168157,298.64854503405684,300.803149139298,2336500
2025-10-29,294.768310546875,297.1373689931185,293.6666415424354,297.05938815535694,2502300
2025-10-30,294.8463134765625,296.75718629660815,292.57475322156193,292.96471694423406,3128400
2025-10-31,290.9466247558594,293.16945076384906,289.5524902765674,292.47726290562366,3582700
2025-11-03,288.93829345703125,290.4494438867482,287.0566968065191,290.2057128257287,3899300
2025-11-04,291.70703125,292.2334985939638,288.9870144362187,290.7321071512712,4151300
2025-11-05,298.0050964355469,302.3922553816337,291.70706461571217,292.04829403976186,6070300
2025-11-06,290.9271240234375,298.7265173535044,290.04969822426983,296.6304363465138,3544900
2025-11-07,292.1457824707031,294.96329787122295,290.84911665389984,292.8087237705519,3250100
2025-11-10,291.599853515625,292.4967671778253,288.6165876458968,291.5023551386917,3824300
2025-11-11,299.135986328125,299.58447289249386,293.3059585145914,293.3156875252421,2755800
2025-11-12,299.2432556152344,301.3393368298675,298.11233990006474,299.08726416290125,2818600
2025-11-13,299.8671569824219,302.3239848820439,298.81425199138664,299.59417941049986,2294300
2025-11-14,299.3309631347656,302.9576821937589,295.72373184810175,300.71536853058353,3112500
2025-11-17,297.25439453125,299.98420025194343,296.4744670409528,299.46749159534806,2435700
2025-11-18,296.9521484375,300.7056124306779,296.53293818627435,298.01481220918396,2773800
2025-11-19,295.1485290527344,297.19587572792767,294.466099995886,296.9521446892695,2008300
2025-11-20,296.532958984375,297.97585756348207,294.3003741548471,294.86584687263394,4205100
2025-11-21,301.5927734375,302.7529354857303,298.4827632076823,298.58999057655495,3348900
2025-11-24,297.25439453125,302.5579847717855,296.406215203662,301.2418310986232,3687300
2025-11-25,302.66522216796875,303.64987535358784,299.0579908178907,299.0579908178907,4189600
2025-11-26,304.5663146972656,305.0245302622128,301.9535249769533,303.7571407007805,2786600
2025-11-28,304.0008850097656,305.4437538498955,302.8992158532924,304.53708144322036,1850700
2025-12-01,297.73370361328125,303.5496888528057,297.53753675314846,303.53008413913665,3354100
2025-12-02,294.9385070800781,297.97891399813676,293.83022711274293,297.95927935250177,3947800
2025-12-03,301.79412841796875,302.81414233067187,296.252758196309,296.5862179516254,4986900
2025-12-04,302.6081848144531,307.7670385395168,301.4116386789634,302.59836749118125,4632200
2025-12-05,305.2464904785156,306.0507029055487,302.2747446285462,302.7258925653012,3147200
2025-12-08,303.83416748046875,307.7180264617017,303.10837393359475,306.0016709356205,3575000
2025-12-09,304.8149108886719,306.68819374866047,302.49048014575857,304.71682745389813,2355100
2025-12-10,304.55987548828125,305.33469565065496,300.1267859425891,303.5496790460409,4103900
2025-12-11,303.7556457519531,306.96279735100126,303.1181483472558,305.51124039360394,4844000
2025-12-12,310.6308898925781,311.68032575400963,304.4029660508381,304.5598935570124,3771900
2025-12-15,312.6022644042969,313.51437749784895,309.72857239717507,310.6112933840832,3814900
2025-12-16,308.4535827636719,314.4166786026873,308.2672332126843,312.97493887870365,2972300
2025-12-17,312.5630187988281,313.0632233573001,308.94395860357446,309.48337259069643,3328600
2025-12-18,313.50457763671875,315.60344953193317,312.2295826992887,313.2397792844148,3335200
2025-12-19,309.7677917480469,313.19068492389414,309.67952564123004,312.57282217617626,7128600
2025-12-22,310.1405334472656,312.15110932866907,308.4241779623578,308.9439872834096,2514600
2025-12-23,304.86395263671875,308.08089191184695,304.6579983651666,306.0997381277588,2922800
2025-12-24,307.3060607910156,307.3747221893948,304.3147105395716,304.70701435324025,1011500
2025-12-26,304.70703125,307.23744636057637,303.9126062557378,306.96283068269395,1308900
2025-12-29,302.5983581542969,305.1189558265816,302.2943204508857,304.49124577382133,2148300
2025-12-30,302.10797119140625,302.7062592067001,300.8721857306302,301.176223434335,1678300
2025-12-31,299.7541198730469,302.284504952713,299.47950420602217,301.86277909457914,1903600
2026-01-02,297.4296875,299.67563957782625,294.51678600787426,299.4206585581962,3124300
2026-01-05,294.09503173828125,296.51754598787215,293.85965543252763,295.45832268111786,4573300
2026-01-06,296.9490966796875,298.37123173493234,292.59445532792637,293.32024884046234,3769100
2026-01-07,298.3124084472656,301.09780474308735,297.4787440440514,299.4598979776727,4100200
2026-01-08,302.9416198730469,303.0593080192622,296.81177950048897,297.6062044183036,3268300
2026-01-09,301.41162109375,303.56930699636376,298.74391330457183,303.0985544005959,2972000
2026-01-12,300.8525695800781,301.5685457204481,298.3221846094238,301.52930636088854,3206600
2026-01-13,303.4908752441406,303.70664683960075,299.33240078348734,299.36182282237445,2967900
2026-01-14,302.2060852050781,305.1974357916168,300.04836909189675,303.4908975490152,2949000
2026-01-15,302.6866149902344,302.99065268432594,297.9592748169513,302.99065268432594,3189200
2026-01-16,301.5195007324219,302.5983586806912,299.96007285164006,300.9899040467046,2590600
2026-01-20,297.01776123046875,300.65642643155405,296.635274719889,300.5485555978324,3018000
2026-01-21,299.8129577636719,299.83256247846094,297.3119947738281,297.5081317143059,3630900
2026-01-22,300.14642333984375,301.71566854850863,299.0872000342411,300.26411149259263,2809400
2026-01-23,303.3045349121094,303.55954587746265,299.4893074788171,300.21510101154615,2350200
2026-01-26,306.93341064453125,308.3162764355122,304.0106916794757,304.0401137190526,3385000
2026-01-27,308.0906982421875,308.51242409346327,305.06010863117064,306.31549879299183,2506600
2026-01-28,306.7862854003906,310.19939181123476,305.6191612224381,308.94400151026895,2184500
2026-01-29,309.4441833496094,311.29783165811136,306.2566661084502,306.8941635705093,3211300
2026-01-30,308.9439697265625,309.9737709866393,305.57992035072476,309.5912844929312,2983200
2026-02-02,312.4060974121094,313.37705458029586,309.1499189186751,312.86706262010074,3309800
2026-02-03,313.3378601074219,316.68230487298047,309.44418399517144,309.44418399517144,4043400
2026-02-04,317.4669189453125,320.66425358097814,313.553638038349,314.93650382541017,4805900
2026-02-05,317.2609558105469,321.75288998937276,316.741146506765,318.8301711142076,3936800
2026-02-06,320.87017822265625,321.2428773090625,315.06398020830636,316.6920694152664,2831900
2026-02-09,319.3401794433594,321.0271127608222,316.96669201159824,319.6736391777476,2673900
2026-02-10,319.70306396484375,321.69403499639793,317.29036708301226,319.17343735585456,3502900
2026-02-11,316.9961242675781,318.94788591560524,314.642271405461,317.3590060510847,4553200
2026-02-12,325.6955871582031,326.9706119838195,313.9949543996973,323.4888445036093,6499700
2026-02-13,321.2820739746094,329.21656543677904,320.2522727974895,326.1074973302475,3587900
2026-02-17,321.3213195800781,325.69556523364076,318.75169531753295,323.6555675531873,3367200
2026-02-18,321.586181640625,322.47866014217095,317.60420943031005,320.9780762775588,3661800
2026-02-19,320.8211364746094,326.59791272108475,320.6642388917405,322.14518805289447,4032300
2026-02-20,322.900390625,323.93019184963737,319.69323894150466,321.72344928467595,3862700
2026-02-23,328.1279296875,329.1283089492243,323.9007937890671,324.07732602392485,3806200
2026-02-24,326.6469421386719,329.54023894701015,325.94078328655087,328.86350213327495,2756900
2026-02-25,326.6077575683594,327.72582504298435,323.6556164585424,325.6171656492003,2812500
2026-02-26,328.0984802246094,330.4621502744081,326.7057673162356,328.4319399506456,2425900
2026-02-27,334.5029602050781,334.7873932006084,329.11851759075506,329.11851759075506,4269100
2026-03-02,328.3829345703125,335.17969486432975,327.9808134222245,334.5029580457016,4555400
2026-03-03,327.6037902832031,327.6037902832031,323.1952365809543,325.55236644920046,2901100
2026-03-04,327.1796569824219,328.2546694573761,325.0789326578172,327.1796569824219,2455900
2026-03-05,322.94866943359375,326.2624662213533,319.6644289441592,325.2663407128366,4321400
2026-03-06,323.5502624511719,323.8165400128452,316.9029246913742,321.8046049062987,3341200
2026-03-09,326.2525939941406,327.1402460817511,320.11809699358105,321.3213272765867,3407500
2026-03-10,323.4319152832031,325.11840002832855,322.2188128676216,323.8264105905106,2391400
2026-03-11,320.73944091796875,323.14590148024587,317.98781576444924,322.5344292239082,2200500
2026-03-12,319.45733642578125,322.820464068594,317.58346102047176,318.80640558219835,2639600
2026-03-13,321.9722595214844,322.46538619542446,320.0194971554425,320.5126238293825,2449800
2026-03-16,322.1596374511719,324.1913168604088,322.0215776388675,323.33328129703995,2584300
2026-03-17,321.814453125,325.94685703158274,321.63693474715745,322.84016502708477,2437800
2026-03-18,311.3898010253906,320.0392326249746,310.90651638617527,319.3192567979415,3038400
2026-03-19,305.3243103027344,312.37604609819977,305.0777469559857,311.6461981251395,3362300
2026-03-20,304.6043701171875,307.0897178621847,303.39126759388006,305.5412927929855,6436600
2026-03-23,304.2295837402344,309.6736916056165,303.81534407420764,309.16085067926105,3003200
2026-03-24,303.6082458496094,306.91220078975135,300.5903128255685,302.17819646523463,2954900
2026-03-25,307.4151916503906,308.63813621444734,303.8745155176257,305.7977216545152,3714000
2026-03-26,304.6832580566406,308.4112947343063,304.5550402979326,306.47824648242255,3025700
2026-03-27,301.69488525390625,305.7089434989622,301.13271363669384,305.49196656414665,3137200
2026-03-30,304.28875732421875,306.5176996178158,303.411007457791,304.4564336437287,3569600
2026-03-31,306.5176696777344,307.3954194584251,303.3123464721505,305.96537024092487,3021300
2026-04-01,303.0657958984375,306.7247873457474,299.8210139971293,305.9062103204162,3887300
2026-04-02,302.9178466796875,303.2728834131993,298.86433005039225,302.6120804728592,2649100
2026-04-06,305.5018615722656,306.0442889008324,301.60614861889155,301.8527119678883,1816000
2026-04-07,300.6593322753906,306.0343948401185,300.03798786468286,306.0048084442783,2033700
2026-04-08,302.7896728515625,304.0126174639944,298.93341835809395,302.9376048453138,4155100
2026-04-09,305.2947082519531,306.8234189822539,299.81114210926046,300.9946581521989,2484700
2026-04-10,301.4779052734375,304.4564095392754,299.9985253050213,303.07563082363697,2708600
2026-04-13,300.32403564453125,300.70865882360886,297.94716131360246,300.03801372804526,2872100
2026-04-14,299.0517578125,299.40679459021294,297.38498715497303,298.8544950928382,3150100
2026-04-15,302.0499572753906,302.7206023224684,298.8347617584247,299.10103932468877,2976500
2026-04-16,302.7403259277344,304.0323154341624,300.3831960252064,302.3655448315679,2334400
2026-04-17,307.079833984375,308.2436358322758,302.97704646285155,303.08551988617984,3225500
2026-04-20,302.7206115722656,308.2337642947297,301.74423036806667,307.858983198716,2395200
2026-04-21,297.6907043457031,301.94145383057173,296.83266875613555,301.34969580733303,2708100
2026-04-22,295.945068359375,298.74602443576583,295.7083470739728,297.8978308510336,2845600
2026-04-23,298.3712463378906,300.69882006312105,297.76964619797747,298.3416599391747,3064300
2026-04-24,295.24481201171875,298.4304214221892,295.10675218267494,298.1345574327624,3847800
2026-04-27,286.2205810546875,294.4262162872214,286.2008668226613,293.69639842741697,4985000
2026-04-28,288.3706359863281,290.59954812568003,287.02931575825147,288.18324543903753,4087100
2026-04-29,286.0923767089844,288.4889953763427,285.32310025101145,287.29560707638467,3493000
2026-04-30,289.5541076660156,290.47131602709976,286.2403109686552,286.5558891555019,4137700
2026-05-01,282.6996765136719,291.5167538292981,282.4234966797502,290.6488761580763,3761800
2026-05-04,280.194580078125,285.76690543278403,279.79021259672,282.38406369813305,3750500
2026-05-05,281.2498779296875,282.6207544199236,279.1294091723573,280.4904435958864,4007100
2026-05-06,280.194580078125,284.5340887570602,278.51793735991527,283.22238505723794,4807900
2026-05-07,279.8000793457031,287.39421186233204,278.27136863855725,283.87328028108067,6613800
2026-05-08,271.9593505859375,282.56157368221614,271.0519842964108,281.0821937152935,6044100
2026-05-11,270.8251953125,272.9357619815596,268.24121616625547,272.0382677570585,5849000
2026-05-12,271.0618591308594,275.4112398882207,270.9928141748546,274.37568594039965,4366600
2026-05-13,271.9100646972656,273.68530871456693,269.483859749406,270.7265486203554,3451000
2026-05-14,271.1900634765625,273.9811469939042,270.529260541003,273.9811469939042,3428200
2026-05-15,272.590576171875,273.6853029365507,271.23938380833744,272.2059229206775,3866400
2026-05-18,278.5870056152344,278.9124560016947,271.36762333491095,272.02842637150906,3969300
2026-05-19,276.93994140625,281.3978260164958,276.43697264124904,279.50420625406184,4087500
2026-05-20,276.417236328125,277.1569263961757,272.6004403926739,276.43698065936854,4056900
2026-05-21,280.2734680175781,281.23013496498675,276.1016356360643,277.18649023579366,5116300
2026-05-22,278.38970947265625,279.82966096807286,276.5552927730481,279.10968522036455,3056200
2026-05-26,275.4211120605469,278.1431507598905,274.878654675146,277.15689743886645,4227400
2026-05-27,277.05828857421875,279.652109454885,276.0029903261778,276.3876134598186,3808100
2026-05-28,274.14886474609375,276.36793494420823,273.70503866724454,276.160830153176,4115700
2026-05-29,275.3619384765625,277.5514220468564,273.60640877411515,273.96144552159177,4901300
2026-06-01,272.3144226074219,275.0562360621085,269.64168421507065,274.29680165128195,4594600
2026-06-02,274.4095153808594,276.047894393123,271.02360885440544,271.40090146892226,4211600
2026-06-03,271.3612060546875,274.89607817165677,271.3612060546875,273.82368353264275,5011100
2026-06-04,270.79522705078125,276.5344323704757,269.9313720924454,275.8393606350222,3541600
2026-06-05,277.8649597167969,278.77847993328396,272.4633513726649,272.4633513726649,5428100
2026-06-08,275.8194885253906,278.20254379179346,275.19393007874413,276.14714612486694,3842300
2026-06-09,280.2579650878906,283.29636611161214,274.09180186941984,275.65069825583004,5431700
2026-06-10,280.5260314941406,284.4283175375529,280.3075829886626,282.3133457122863,4152700
2026-06-11,282.7601623535156,284.2297278376757,279.056507040074,280.8437910243767,4565400
2026-06-12,282.7998962402344,285.62978787770203,282.02540245229324,283.98150001060793,4028800
2026-06-15,284.10064697265625,286.20567980730715,281.59844327712307,282.2240017765549,4388500
2026-06-16,285.8978576660156,287.2482748968351,283.0779052837137,285.96737089674605,3874300
2026-06-17,281.81689453125,285.2624055692407,280.9728875048118,283.48503034446304,3591000
2026-06-18,276.6436462402344,282.75026577228687,275.9684527326959,282.372942840958,8106400
2026-06-22,268.1937255859375,275.59112765810073,268.1738473462148,275.0450215052318,4891100
2026-06-23,269.7427062988281,272.3144231952014,268.6008287250847,271.9569785156409,3783500
2026-06-24,271.947021484375,274.111628262771,269.30579152909695,270.2490987639077,4698700
2026-06-25,262.6729431152344,271.4108225221019,262.6630039963424,270.7654161401501,6192700
2026-06-26,267.8561096191406,268.87883891906404,262.68285870682627,262.9013072127416,7422800
2026-06-29,265.2943115234375,270.57677173403766,263.72547605148605,268.2830774877338,4522000
2026-06-30,268.4022216796875,269.27601572270896,265.5028472302361,266.3071280420642,4752600
2026-07-01,267.5284423828125,270.52714758685124,267.00218416455726,268.3426623588889,3902100
2026-07-02,278.6493835449219,278.6493835449219,267.955376307874,269.8816866630309,6871800
2026-07-06,277.5273742675781,279.03663566249736,271.64914248858736,278.0834195342428,6744000
2026-07-07,280.2182312011719,285.07373347544586,279.3941024451281,281.79700578361246,3688500
2026-07-08,276.28619384765625,279.6324045366515,274.29037013609775,279.2848686726307,4735900
2026-07-09,274.5386047363281,275.62090819880984,270.9938237820326,274.11164682311124,3605400
2026-07-10,272.6619567871094,276.43512533907005,270.5767719337864,276.2464638812526,2980800
2026-07-13,270.68597412109375,274.07191085354395,269.4150092442901,274.07191085354395,4169600
2026-07-14,267.0419006347656,271.87752471586197,266.426281266226,270.08030160363097,3834500
2026-07-15,263.080078125,268.3724473238403,262.2261319781115,266.10854006078404,6050900
2026-07-16,271.5299987792969,271.65908612945566,264.1127184248796,264.8673642859957,4812000
2026-07-17,265.820556640625,274.4095008933363,265.3042375883925,273.05911400187017,3782000
2026-07-20,265.7510986328125,268.0944279767408,264.3808333748024,267.84619239528087,3693400
2026-07-21,262.0473937988281,264.98649438503827,261.7892191161757,264.6389585358198,3539500
2026-07-22,261.7098083496094,264.0928638006665,260.00194638761616,263.8247802894131,4524400
2026-07-23,260.9452209472656,262.1566117497002,259.118210775137,259.7338301448311,5105700
2026-07-24,262.89141845703125,264.5794022204664,261.04452998386705,261.9282631941143,3703500
2026-07-27,268.75970458984375,269.2561757378411,264.9169924505013,265.6120641785752,4874400
2026-07-28,271.09307861328125,276.73301354861496,269.71290466111174,274.2605667732101,5261500
2026-07-29,269.6036682128906,271.10302070376486,268.34264246697853,270.7058498650848,3650700
2026-07-30,266.5454406738281,269.8817123473665,264.4304686690481,268.58096032322203,4040200
2026-07-31,268.72991943359375,269.15687735136447,263.64602938830313,265.2347431335693,4965200
2026-08-03,263.35809326171875,274.37972838774834,263.35809326171875,273.76410901916006,7440500
2026-08-04,266.4461364746094,269.61362487535825,262.4445801677033,268.4220819795939,7486000
2026-08-05,272.0661926269531,273.3570055075901,267.1114202024565,269.7228633231028,4775300
2026-08-06,274.31024169921875,274.8761957644676,269.8420014761994,274.0520670118535,4214900
2026-08-07,272.5428161621094,274.9159325259076,271.3612123890142,272.5726032193221,4909700
2026-08-10,271.78814697265625,273.8038184768259,268.45184534033194,272.2051960400188,4742100
2026-08-11,272.2151184082031,272.27469252047894,269.4051051052162,271.30162848517847,3030600
2026-08-12,273.75421142578125,274.2506825888297,266.8631892584935,270.0107994629913,4351700
2026-08-13,270.3285217285156,276.4053233190208,270.2292214452201,275.42232020943675,4023300
2026-08-14,270.9044189453125,273.39671367305345,269.3554314697184,270.4079478235915,2735400
2026-08-17,263.6559753417969,268.90864874551687,263.2687435907245,268.3128772878258,4911800
2026-08-18,265.10565185546875,268.3029272358699,264.9567165726631,265.58227506264063,3089200
2026-08-19,265.5624084472656,269.95119608361927,264.21199127302407,264.47016594652433,5351600
2026-08-20,267.2305603027344,269.9611515690353,265.02622723203285,265.68157277220826,3526300
2026-08-21,269.0377197265625,269.33559028618606,266.2177370185577,267.39934074205325,3776000
2026-08-24,270.6164855957031,271.4902796120944,268.6802361138274,270.22922357845107,4115900
2026-08-25,266.20782470703125,270.6760648558924,266.0886764847458,270.53703839509745,3192700
2026-08-26,265.04608154296875,267.161053495718,264.23186158236393,266.6050082304743,4182300
2026-08-27,258.2245788574219,263.85457517841604,258.016069453591,263.6162484147,5980400
2026-08-28,263.12969970703125,263.2289999937744,258.4827371885051,259.48558826868964,3887300
2026-08-31,261.6800231933594,264.1921660095524,261.53108790824797,263.12971047210067,5244100
2026-09-01,261.1099853515625,264.5,260.739990234375,262.75,3701000
2026-09-02,260.95001220703125,262.7799987792969,260.17999267578125,261.9599914550781,5106800
2026-09-03,259.6300048828125,262.0899963378906,256.1199951171875,261.57000732421875,4576000
2026-09-04,255.69000244140625,258.5,255.49000549316406,258.010009765625,4225500
2026-09-08,255.80999755859375,256.80999755859375,254.27999877929688,254.38999938964844,4197600
