Date,Close,High,Low,Open,Volume
2012-05-18,37.8972053527832,44.60827259469764,37.66920796885579,41.683951746080545,573576400
2012-05-21,33.7337646484375,36.340871326058476,32.712732099058826,36.212001928669224,168192700
2012-05-22,30.730140686035156,33.29759452686994,30.670663523793337,32.32612601702567,101786600
2012-05-23,31.721435546875,32.21708297729492,31.087007440975867,31.096920616473653,73600000
2012-05-24,32.742469787597656,32.92090317457285,31.493439860261315,32.6631681608809,50237200
2012-05-25,31.632219314575195,32.663166892282185,30.839184170758223,32.61360290482297,37149800
2012-05-29,28.588943481445312,31.414134167882406,28.40059693148421,31.205961267242266,78063400
2012-05-30,27.944602966308594,29.292762706291445,27.617475734234347,28.450163577831507,57267900
2012-05-31,29.342327117919922,29.411717452961017,26.596440006399085,28.30146642006899,111639200
2012-06-01,27.478694915771484,28.89624697524988,27.15156766287224,28.638510065276986,41855500
2012-06-04,26.66583251953125,27.409303696975865,26.209837771589473,26.963222124956083,35230300
2012-06-05,25.644798278808594,27.51834491670046,25.52584206637735,26.46757291832805,42473400
2012-06-06,26.576614379882812,26.933481130663242,25.2978450074944,25.84305641830239,61489200
2012-06-07,26.080965042114258,27.11191251730319,25.922358029122844,26.764958967355195,26159500
2012-06-08,26.864091873168945,27.518346348725334,26.20983739761256,26.318878549708657,38034000
2012-06-11,26.77487564086914,27.82564771193513,26.606355431200964,26.943395850537318,28219600
2012-06-12,27.161479949951172,27.528259895798563,26.725309663448996,27.240783466520206,15816800
2012-06-13,27.032609939575195,27.855384556765756,26.864089746138824,27.41921431068136,17102800
2012-06-14,28.043729782104492,28.073467414948922,27.141649807347605,27.409299847415756,16855000
2012-06-15,29.748760223388672,29.83797691579072,28.103210838020853,28.2618178710145,43563800
2012-06-18,31.136571884155273,31.800741417028814,29.153982133412523,29.69919355856881,42978900
2012-06-19,31.632219314575195,31.89986938464277,30.432753423208908,31.265441269589193,30849000
2012-06-20,31.32491683959961,31.652044056130535,30.878833412173424,31.64213088099386,15553600
2012-06-21,31.562828063964844,32.21708251139827,31.235700840248132,31.394307864429273,21875300
2012-06-22,32.762290954589844,33.15881036988924,31.780911263032415,32.12786291530234,74834000
2012-06-25,31.780914306640625,32.73255645670916,31.275351814642505,32.57394943169774,24352900
2012-06-26,32.811859130859375,33.148899542504914,32.217083713362484,32.40542837988886,24858700
2012-06-27,31.949426651000977,32.613596044002726,31.62229948665008,32.17742397054216,28568000
2012-06-28,31.087005615234375,31.909778335035266,30.631009022841404,31.681780984211173,17713300
2012-06-29,30.82927131652832,31.711523159565747,30.492230904206057,31.64213282010145,19526900
2012-07-02,30.50214385986328,31.45378603549847,30.28405777655485,30.977964947680874,14122000
2012-07-03,30.92840003967285,31.166310576501733,30.531880587546503,30.640923625955736,8763600
2012-07-05,31.196044921875,31.354651929700488,30.749963421395066,31.04735108838169,10032100
2012-07-06,31.453786849975586,31.6223070592845,30.987878925766232,31.16631231100449,10945600
2012-07-09,31.889955520629883,32.593777782450964,31.71152402460221,31.82056517927273,17785200
2012-07-10,31.196044921875,32.19725284048881,30.8887440805562,32.1476888595726,14269500
2012-07-11,30.700401306152344,31.285265428100477,30.28405738698155,31.20596191448437,13030300
2012-07-12,30.541793823242188,31.12665793646426,30.33362281213512,30.432752675362483,11300700
2012-07-13,30.45258140563965,30.79953503021471,30.29397435853307,30.76979739059794,8108300
2012-07-16,28.004079818725586,30.234493255615234,27.96442711673444,30.234493255615234,24672100
2012-07-17,27.84547233581543,28.341119758110832,26.913654652491505,28.232076720167488,30438600
2012-07-18,28.856592178344727,29.035025544525695,27.904948188961146,28.06355520540095,16841800
2012-07-19,28.7475528717041,29.243200335009345,28.38077291693041,29.1539836403548,13685100
2012-07-20,28.509641647338867,29.21346012116233,28.469988943647135,28.747552197254333,11869100
2012-07-23,28.49972915649414,28.74755288828974,27.766171137268564,27.875214184297036,12390700
2012-07-24,28.20233726501465,29.193632045637383,27.855383713647743,28.569115275028004,11539800
2012-07-25,29.084592819213867,29.2332866776086,27.835561005357107,28.14286189813889,17230200
2012-07-26,26.616268157958984,27.984254273373395,26.497311939305796,27.508433180250552,64597400
2012-07-27,23.503602981567383,24.326379627048524,22.08605275362083,22.988131030834598,123102300
2012-07-30,22.948476791381836,23.83073054710495,22.82952246098332,23.791077843142116,29285900
2012-07-31,21.521011352539062,23.16656262457904,21.421883375222112,23.16656262457904,56179400
2012-08-01,20.69823455810547,21.392141673264646,20.658583749357824,21.31283816502458,44604400
2012-08-02,19.865550994873047,20.658586170204405,19.647464903598173,20.589195828706035,56374500
2012-08-03,20.906410217285156,21.96709548947659,19.726768721609577,20.182765372429603,80647000
2012-08-06,21.72917938232422,21.957176704117597,21.114575851028437,21.203792523164026,27778900
2012-08-07,20.539630889892578,22.254572607605475,20.321546679367597,22.006748867613187,36782900
2012-08-08,20.539630889892578,20.965888025198527,20.043983409908,20.52971771340348,29537400
2012-08-09,20.827104568481445,20.985711589742312,20.43058701532928,20.569367686246327,15610700
2012-08-10,21.62013816833496,21.630051342816138,20.946057429572544,21.223620642811394,25794700
2012-08-13,21.41196632385254,22.25456721375369,21.213706623612985,21.95717766339436,24973100
2012-08-14,20.202587127685547,21.411967989907843,20.07371963602396,21.223621449099575,39308800
2012-08-15,21.015451431274414,21.223622440780325,20.222414422300083,20.460324957768922,47861100
2012-08-16,19.697031021118164,20.301719640565356,19.518597631832264,20.2620688266935,157565300
2012-08-17,18.884164810180664,19.905199114653126,18.834600827458935,19.835808782544806,129293400
2012-08-20,19.8358097076416,19.95476402801941,18.586777999205605,18.88416569089496,101186600
2012-08-21,18.99321174621582,19.806073330749307,18.923821399840296,19.409555715214086,70640600
2012-08-22,19.270774841308594,19.35999154030848,18.79495181639416,19.19147131894704,49892200
2012-08-23,19.270774841308594,19.558249400839806,19.19147131894704,19.33025201039348,32813700
2012-08-24,19.241031646728516,19.508681692751296,19.08242463221385,19.35007467823663,29622200
2012-08-27,18.983293533325195,19.35998658620799,18.933729553561758,19.32033388980154,20704000
2012-08-28,19.17164421081543,19.21129502506246,18.78503979086797,18.933733653098145,25417000
2012-08-29,18.933732986450195,19.2112943486417,18.90399345875326,19.151817183992804,16124700
2012-08-30,18.923818588256836,19.280685334590054,18.894079062480785,19.102251961423445,30647500
2012-08-31,17.902788162231445,18.537218283079405,17.873050520661174,18.51739192820238,58764200
2012-09-04,17.575658798217773,18.110958972333666,17.39722540684581,17.922612404691588,46622400
2012-09-05,18.41826057434082,18.586780795853027,18.021742962178312,18.11095966125802,60781800
2012-09-06,18.794950485229492,19.09234009108134,18.557039934995004,18.576866286867457,46066500
2012-09-07,18.814773559570312,19.250943771058562,18.616515747617218,18.93372975933789,36371700
2012-09-10,18.646257400512695,19.03286371506938,18.38852048772326,18.89408113695503,24797800
2012-09-11,19.260860443115234,19.409554301769603,18.685909469772017,18.75529981109439,50508200
2012-09-12,20.747800827026367,20.97579818120923,20.103459573979453,20.57928063246842,121584000
2012-09-13,20.529712677001953,21.293010062702958,20.43058471791943,20.777536356197505,65041600
2012-09-14,21.808486938476562,21.887790451713954,20.718062213403755,20.946059577618144,72819800
2012-09-17,21.332666397094727,22.551958652901376,21.312840045599103,22.47265513766383,50667600
2012-09-18,21.67962074279785,21.788661898343904,21.183973282558483,21.41197066048979,36760500
2012-09-19,23.087261199951172,23.1665647234365,21.580492362984785,21.798576579883154,78782800
2012-09-20,22.393352508544922,23.037693831690095,22.34378851858953,22.81960962884335,57248900
2012-09-21,22.66100311279297,23.037694361046537,22.40326619946366,22.770044271349363,51218100
2012-09-24,20.60902214050293,21.788661725160036,20.18276502556591,21.590403877087116,79106500
2012-09-25,20.10346031188965,21.025362937521738,20.0439812593367,21.01545165284113,46291700
2012-09-26,20.440500259399414,20.599107281194893,19.62763690926653,19.97459047847346,38271900
2012-09-27,20.143110275268555,20.817191049879046,19.9845032566243,20.807277874870678,30215900
2012-09-28,21.47144317626953,21.758919548507617,20.321541468806398,20.39093179569294,65486000
2012-10-01,21.798574447631836,22.393351760965583,21.54083754882905,21.887791139169146,51262700
2012-10-02,22.076135635375977,22.294219810565576,21.630052219369095,21.88778909409032,29341400
2012-10-03,21.639963150024414,22.294217498486873,21.61022362845991,22.10587097673417,32000100
2012-10-04,21.75892448425293,22.205006068602252,21.223624314139705,22.125702549779373,46892100
2012-10-05,20.72797966003418,21.441711426239692,20.6982401274128,21.302930722163833,40529300
2012-10-08,20.222415924072266,20.56936952309271,19.984505370935533,20.222415924072266,32236700
2012-10-09,20.05389404296875,20.371108087407517,19.79615715917604,20.212501065188135,27161800
2012-10-10,19.469030380249023,19.766419971701364,19.280685718815253,19.75650679624513,39321800
2012-10-11,19.578073501586914,19.78624451480573,19.439292826107703,19.70694100156834,21817300
2012-10-12,19.35007667541504,19.627638034091248,19.310423972321324,19.578074045969053,18809400
2012-10-15,19.35007667541504,19.70694154953373,19.32033714809475,19.5086837063,20189700
2012-10-16,19.310422897338867,19.5185957955023,19.131989524840165,19.508682620280723,21834700
2012-10-17,19.706939697265625,20.30171695255321,19.20138101555319,19.330248507005525,44074500
2012-10-18,18.814773559570312,19.617723653825994,18.72555688243079,19.528506976686472,52157400
2012-10-19,18.8346004486084,18.894077604827064,18.6363407402199,18.8346004486084,34835000
2012-10-22,19.151817321777344,19.260860366705625,18.88416724281428,19.03286299162375,32447300
2012-10-23,19.33024787902832,19.627635551638562,18.933730351966425,19.082424188271546,78381200
2012-10-24,23.027780532836914,24.03890180479686,22.65108929524625,23.919945582494805,228949900
2012-10-25,22.363609313964844,23.1070803858855,22.27439263407479,23.087255927600264,76142000
2012-10-26,21.749008178710938,22.680823918119664,21.689529130093117,22.205002873645665,73175800
2012-10-31,20.926237106323242,21.31284153375763,20.54954396458377,20.638760661798642,99378200
2012-11-01,21.02536392211914,21.253363186092656,20.82710607655974,20.89649641704278,37713900
2012-11-02,20.995624542236328,21.501185126172718,20.88658150724667,21.074928052025676,38344400
2012-11-05,21.065013885498047,21.293011229068235,20.73788668667069,20.916320047984655,31806700
2012-11-06,20.985715866088867,21.183975628437587,20.807282458124067,21.055106215687353,29062700
2012-11-07,20.291805267333984,20.767628240941107,20.19267729312971,20.668498375991916,33396800
2012-11-08,19.81598472595215,20.549542721429074,19.806071550111856,20.341371701017835,34254600
2012-11-09,19.042774200439453,19.82589808224575,18.96347068374027,19.786245378523667,42295500
2012-11-12,19.895288467407227,19.994418336188645,18.705735714265195,18.983297077959175,67349200
2012-11-13,19.687116622924805,19.934940339162043,19.38972702899317,19.439292906687562,71775100
2012-11-14,22.165353775024414,22.30413445101458,19.756506951795654,19.925027154388673,229751000
2012-11-15,21.977005004882812,22.30413220154231,21.461531273557323,22.14552519047981,78857700
2012-11-16,23.354907989501953,23.721687945028954,21.986921819897653,22.0563121623837,107182200
2012-11-19,22.72047996520996,23.910034642428403,22.621350093650918,23.75142571348691,85021300
2012-11-20,22.898910522460938,23.691945615316676,22.502392976033068,22.532130610299653,46655300
2012-11-21,24.108293533325195,24.316466461641248,22.849348459006794,23.017868680693077,89862400
2012-11-23,23.79107666015625,24.465157468046527,23.672120444927714,24.366027603813563,29520900
2012-11-26,25.714191436767578,25.862885300565512,24.594027088616663,24.722896490454588,123865000
2012-11-27,25.922361373901367,26.269314968617003,25.238367360404254,25.813320220115582,85760600
2012-11-28,26.130531311035156,26.2593988020126,25.525840883134233,25.714187422942594,49205600
2012-11-29,27.082176208496094,27.28043594364485,25.93227428242122,26.26931469772713,88759700
2012-11-30,27.756254196166992,27.756254196166992,26.527048880083253,27.022696276443376,127049600
2012-12-03,26.804615020751953,28.628595898436608,26.74513596537742,27.756257217804816,123526100
2012-12-04,27.22095489501953,27.51834447596217,26.447746144207287,26.824437344507505,72869200
2012-12-05,27.468780517578125,27.65712707624603,27.022698951147756,27.508433220769245,58976300
2012-12-06,26.73522186279297,27.50843253915634,26.586528011000564,27.439042201036212,46001500
2012-12-07,27.250696182250977,27.53817260667471,26.60635488466547,26.83435225460812,51751900
2012-12-10,27.59764862060547,27.92477584364249,26.86409066260563,26.933480999197595,50608500
2012-12-11,27.736431121826172,27.994168025258006,27.419217053216222,27.825647814965844,77099100
2012-12-12,27.339914321899414,27.895038957922864,27.131743292420012,27.756258271603265,46704200
2012-12-13,27.99416732788086,28.49972794616306,27.191219000371458,27.349826030725293,81051600
2012-12-14,26.576614379882812,28.083383004572546,26.527050393716586,27.934689155328993,91631600
2012-12-17,26.51713752746582,26.76496124267578,26.090880434785504,26.536963878461393,57742500
2012-12-18,27.468780517578125,27.66704025204381,26.6658321854075,26.725309349449226,60512900
2012-12-19,27.1713924407959,27.974340762155833,26.71539770470715,27.587736364972333,61390300
2012-12-20,27.121826171875,27.359736695571915,26.893826932263785,27.25069366318154,35574800
2012-12-21,26.031404495239258,26.774875675789996,25.892623813241514,26.427922080050653,54555200
2012-12-24,26.695571899414062,26.725309536270323,25.971927077822144,26.269314790854583,28230100
2012-12-26,26.27922821044922,26.943395873743487,26.15035881372698,26.7947020158482,33175400
2012-12-27,25.823230743408203,26.566701899829688,25.297845669613775,26.318878181022527,43481700
2012-12-28,25.684452056884766,25.882711803596877,24.931067666421843,25.258194924975278,56574800
2012-12-31,26.388273239135742,26.755051323468994,25.8827125716875,25.97192927128102,60374500
2013-01-02,27.756254196166992,27.9346875613758,27.181303292019038,27.201129641652187,69846400
2013-01-03,27.528257369995117,28.22216260361995,27.349824001400368,27.637298513557063,63140600
2013-01-04,28.509641647338867,28.67816185653878,27.587737084700827,27.76617046982367,72715400
2013-01-07,29.163894653320312,29.53067458088863,28.40059716266793,28.440249864348775,83781800
2013-01-08,28.80702781677246,29.342327943426277,28.60876998118373,29.25311125565064,45871300
2013-01-09,30.323713302612305,30.333626479207947,29.23328845677816,29.411721854009485,104787700
2013-01-10,31.02752685546875,31.176222589846223,30.016407584319722,30.333621621601363,95316400
2013-01-11,31.443870544433594,31.681781070823675,30.82926882394541,31.00770219142417,89598000
2013-01-14,30.680574417114258,31.929604185007776,30.353447213000287,31.800738585356925,98892800
2013-01-15,29.83797836303711,31.433961946289593,29.619892264034174,30.373276652668263,173242600
2013-01-16,29.59014892578125,30.085796305138576,29.272934905511715,29.947013753212126,75332700
2013-01-17,29.87763023376465,30.155193510148386,29.76858907115454,29.818153064091394,40256700
2013-01-18,29.401803970336914,30.17501460430394,29.015199598725804,30.046145219937035,49631500
2013-01-22,30.46249008178711,30.6210971054605,29.481108413778664,29.49102158910136,55243300
2013-01-23,30.551706314086914,31.225787100035422,30.531879963736703,30.82926954675537,48899800
2013-01-24,30.8094425201416,31.215873239675656,30.541792468523138,30.997789062844756,43845100
2013-01-25,31.265439987182617,31.652044367593025,30.85900736555892,31.136570599882585,54363600
2013-01-28,32.18735122680664,32.22700015455755,31.533094759540248,31.602485109967454,59682500
2013-01-29,30.521970748901367,31.79082700543453,30.44266534212308,31.721436665248493,72976500
2013-01-30,30.968053817749023,31.215877553701638,30.611187032938844,30.7103169054689,87682100
2013-01-31,30.710315704345703,31.19604998092567,28.489815343946564,28.89624610375317,190744900
2013-02-01,29.4711971282959,30.749968465751788,29.37206725945711,30.74005528979341,85856700
2013-02-04,27.86530113220215,28.945812758901397,27.766171260893543,28.807030182771335,92362200
2013-02-05,28.39068603515625,28.707900108505143,27.795910592999583,28.013994795740693,47948200
2013-02-06,28.797115325927734,29.035027759481515,28.410510930206453,28.48981444447607,38375900
2013-02-07,28.400598526000977,28.89624597633518,28.023907295674768,28.856595163495832,34540100
2013-02-08,28.301467895507812,28.91607154929616,28.261817083736425,28.63850830391676,37708800
2013-02-11,28.013992309570312,28.43033621657753,27.79590812618362,28.3609458805338,37361800
2013-02-12,27.131742477416992,27.914864471940103,26.864092398344734,27.42913019366729,93498700
2013-02-13,27.667041778564453,28.07347255497335,27.072264433095683,27.121830314819363,50164000
2013-02-14,28.25190544128418,28.380772949965735,27.76617115356905,27.776084329736097,35615800
2013-02-15,28.073471069335938,28.499728175876943,27.845473697707714,28.27173080424872,33109300
2013-02-19,28.678163528442383,28.826857394465105,27.875215139323604,27.98425629934289,49396400
2013-02-20,28.212249755859375,28.79711385270631,28.083382260793275,28.66824635764021,42098200
2013-02-21,27.042526245117188,28.301469363387415,26.913656846000183,28.033821170500214,49642300
2013-02-22,26.893831253051758,27.389478729737707,26.58653034691509,27.379567444059653,36350200
2013-02-25,27.032609939575195,27.39938796069007,26.91365373037225,26.923566905367895,34652000
2013-02-26,27.151567459106445,27.220957801512036,26.46757532046988,27.121829821358347,31611700
2013-02-27,26.636093139648438,27.102001033026763,26.398180714577745,27.102001033026763,44319700
2013-02-28,27.012784957885742,27.062348944629775,26.110706785781076,26.606354216200998,83027800
2013-03-01,27.538171768188477,27.875212170339246,26.57661454821633,26.814525086661895,54064800
2013-03-04,27.478694915771484,27.815735344909495,27.20113354406609,27.518347620726562,32400700
2013-03-05,27.280433654785156,27.934688078840406,26.973130902013143,27.6372985010686,40622200
2013-03-06,27.21104621887207,27.885125173981436,27.111916349056134,27.85538753655816,33532600
2013-03-07,28.331207275390625,28.430337140422115,27.23086936595643,27.329999230987916,74540200
2013-03-08,27.716602325439453,28.22216291172899,27.488604970076963,28.18251210202217,44198900
2013-03-11,27.895034790039062,28.39068218511862,27.587733934498274,27.766167299246074,35642100
2013-03-12,27.587736129760742,28.07347038870108,27.35973876366026,27.85538619818039,27569600
2013-03-13,26.84426498413086,27.40930275709408,26.685657956307672,27.379565121092803,39619500
2013-03-14,26.804615020751953,27.191219426961556,26.59644210843103,26.864092185381516,27646400
2013-03-15,26.418010711669922,26.82444150025368,26.32879401263982,26.794703861073724,31597400
2013-03-18,26.259401321411133,26.55679092186377,25.555582859421957,26.140446993826036,26653700
2013-03-19,26.318876266479492,26.66582982571968,25.98183588215986,26.299051807383176,25254200
2013-03-20,25.634885787963867,26.457660449450394,25.555582274474016,26.447747273921053,44006500
2013-03-21,25.515932083129883,25.88271205082723,25.33749868753361,25.43662856183655,24336100
2013-03-22,25.50601577758789,25.78357901343609,25.406885915446047,25.57540611386373,18456300
2013-03-25,24.911237716674805,25.575405314292805,24.861673732525844,25.525841330143844,39199000
2013-03-26,24.990541458129883,25.258191512810487,24.81210997908763,24.861673963697452,26957200
2013-03-27,25.862884521484375,26.0512310850188,24.50480965401775,24.782372911292423,52297400
2013-03-28,25.357322692871094,25.94218681729001,25.297845530093976,25.862883303338883,28585700
2013-04-01,25.30776023864746,25.664625127671453,25.059936506195648,25.406888219032165,22249300
2013-04-02,25.19871711730957,25.892624322434326,25.07976089415432,25.545670719871946,35153300
2013-04-03,26.0214900970459,26.16027077252511,25.476278679881943,25.605146179863368,48195200
2013-04-04,26.834352493286133,26.992959525156525,25.88271030206377,26.38827092518001,82016800
2013-04-05,27.151567459106445,27.557998228120642,26.378358625735544,26.62618235760981,64566600
2013-04-08,26.616268157958984,26.963221747390413,26.398182072218965,26.953308571607234,27256000
2013-04-09,26.358530044555664,26.655917741359968,26.190009845501258,26.348616869229538,21311100
2013-04-10,27.329998016357422,27.597648072823766,26.665830408132514,26.77487344389543,45949400
2013-04-11,27.776081085205078,27.855384594532964,27.012783626208684,27.240780979183253,33368500
2013-04-12,27.161479949951172,27.756257269591412,27.002872916813104,27.756257269591412,28697400
2013-04-15,26.289142608642578,27.240784856012137,26.130535567414316,26.923570773555618,30275400
2013-04-16,26.68565559387207,26.87400213176745,26.170181853708264,26.57661256286768,27365900
2013-04-17,26.39818000793457,26.96321963892106,26.160269479977273,26.418006357950546,26440600
2013-04-18,25.466365814208984,26.586528188658193,24.931065675285435,26.586528188658193,39059000
2013-04-19,25.50601577758789,25.734013136992736,25.109498219765364,25.396974630902232,20380900
2013-04-22,25.743928909301758,26.130535221580907,25.47628071248702,25.585321870172635,25687600
2013-04-23,25.753841400146484,26.100794998036587,25.545670375859423,25.991751952508128,25191500
2013-04-24,25.882709503173828,26.17018403053643,25.575406734008236,25.70427612514088,19729900
2013-04-25,25.912446975708008,26.170183865604056,25.773666300665866,25.843056638186937,17150000
2013-04-26,26.616268157958984,27.37956567655914,26.368444435614386,26.368444435614386,33018000
2013-04-29,26.74513816833496,27.17139531323776,26.626183829277746,26.92357156766591,29201100
2013-04-30,27.528257369995117,27.607560879287806,26.77487308634217,26.8938274049088,36245700
2013-05-01,27.191221237182617,27.67695554394195,27.072265009259162,27.607565198797058,64567600
2013-05-02,28.717811584472656,28.767377462214633,27.736429894120437,27.76616942076562,104257000
2013-05-03,28.063556671142578,28.8169409839528,27.904949646418835,28.787203348532646,58506400
2013-05-06,27.329998016357422,28.212249805363335,27.240781330868643,28.083382310071112,43939400
2013-05-07,26.65591812133789,27.607562168018028,26.616267310213036,27.310172576229597,41259100
2013-05-08,26.88391876220703,27.06235025758929,26.418008944931447,26.646006320207377,34654900
2013-05-09,26.804615020751953,27.310173756220678,26.616268460222543,26.844265833590004,33457200
2013-05-10,26.44774627685547,27.062348010545428,26.33870324088845,26.903740989545128,30847100
2013-05-13,26.58652687072754,27.092087457734586,26.29905235502441,26.368442690168447,29068800
2013-05-14,26.834352493286133,27.042525404331627,26.586528769645522,26.6559191097457,24930300
2013-05-15,26.368444442749023,26.75504884467282,26.17018470852172,26.68565850491675,30299800
2013-05-16,25.902536392211914,26.318880349745225,25.674539005900716,26.24949000528052,35499100
2013-05-17,26.0214900970459,26.368443676488823,25.971926110301865,26.170183948022895,29462700
2013-05-20,25.53575897216797,25.96201611709673,25.466368625922847,25.95210294038384,42402900
2013-05-21,25.436628341674805,25.852972297547495,25.367237997486868,25.644801264983688,26261300
2013-05-22,24.94097900390625,25.624972999811828,24.703068459840164,25.426713267717624,45314500
2013-05-23,24.84185028076172,25.3077601053948,24.554375735818667,24.584113373479486,37663100
2013-05-24,24.098377227783203,24.75263167626638,23.8703798665001,24.75263167626638,58727900
2013-05-28,23.89021110534668,24.326381457160622,23.71177769366165,24.326381457160622,50079700
2013-05-29,23.116994857788086,23.602729091814254,23.057517698104935,23.582904632416415,64237800
2013-05-30,24.33629035949707,24.564289635837373,23.721688546958184,23.91994640327118,60733200
2013-05-31,24.138029098510742,24.732806365046443,24.058725589022302,24.415590436347877,35925000
2013-06-03,23.642383575439453,24.1082914944663,23.50360100471734,24.058727506115876,35733800
2013-06-04,23.315258026123047,23.72168881043577,23.116998276862898,23.6820361042857,34760800
2013-06-05,22.700651168823242,23.503599449591437,22.591610023518072,23.14673459744159,53819700
2013-06-06,22.770042419433594,22.88899863542806,22.472654715564797,22.789868770556822,31260700
2013-06-07,23.087261199951172,23.196302363027787,22.6610040521881,22.82952427593757,38699200
2013-06-10,24.11820411682129,24.385854185559452,23.78116370968692,23.850554048083126,58393000
2013-06-11,23.820817947387695,24.13803202378444,23.791078418696113,23.820817947387695,29885900
2013-06-12,23.563079833984375,24.04881409999783,23.374733276715503,23.949684233501323,26445800
2013-06-13,23.523427963256836,23.62255783326018,23.067433208284463,23.513514787182,31189300
2013-06-14,23.424297332763672,23.682034230106716,23.057519283627567,23.35490699323765,30677100
2013-06-17,23.8109073638916,24.03890476978493,23.543257248758437,23.701864304227296,33664500
2013-06-18,23.999250411987305,24.47507343645386,23.870382897300498,23.8802960739295,36709100
2013-06-19,24.098377227783203,24.970717752924017,23.890206217240774,23.98933608019926,31790600
2013-06-20,23.69194793701172,24.534548987457228,23.444124209865684,24.068641061090883,42765600
2013-06-21,24.316463470458984,24.4849836714155,23.840640503158603,24.3759406323422,45833900
2013-06-24,23.731599807739258,23.90012001191192,23.176473317085236,23.741512983366462,40626000
2013-06-25,24.038904190063477,24.21733759584916,23.830733143810313,23.92986113302885,24713200
2013-06-26,23.949684143066406,24.435418407245713,23.781163937882162,24.296637729121606,29890300
2013-06-27,24.44533348083496,24.62376687555924,23.999249994024254,24.028989523393328,34694100
2013-06-28,24.66341781616211,24.76254769048512,24.207423041319377,24.46515995826117,96778900
2013-07-01,24.59402847290039,24.841852223427484,24.405683783836317,24.752635521978117,20582200
2013-07-02,24.197507858276367,24.554374619948625,24.08846481648875,24.484984280900115,18394100
2013-07-03,24.306550979614258,24.494895646006643,23.93977104105683,24.00916138033244,10404400
2013-07-05,24.15785789489746,24.445332436874658,23.989337683826346,24.435419260841652,20229500
2013-07-08,24.49489402770996,24.822023132531104,24.207419513882794,24.256983498449433,27064600
2013-07-09,25.258197784423828,25.2681109619562,24.812116139938848,24.851766959323047,30387900
2013-07-10,25.575408935546875,25.60514846469399,25.248281677908896,25.35732472736991,26721800
2013-07-11,25.58531951904297,25.773666069730332,25.2284546591686,25.73401336821936,26777400
2013-07-12,25.684452056884766,25.70427840970499,25.327585269100993,25.51593183940299,16537900
2013-07-15,26.051231384277344,26.19992524530419,25.426714520921553,25.704277781384686,24234000
2013-07-16,26.090883255004883,26.517140393760247,25.783582344336292,26.16027360024504,30817600
2013-07-17,26.418010711669922,26.54688011726679,26.071057092191197,26.140449328683033,21518500
2013-07-18,25.952098846435547,26.536962945017926,25.89262168628585,26.517136594719748,24806900
2013-07-19,25.654712677001953,25.882711954271688,25.377151298883273,25.595235508940103,46539700
2013-07-22,25.823230743408203,25.9025342577967,25.49610351021255,25.763753580303064,27526300
2013-07-23,25.902536392211914,26.071056610516948,25.743929350365423,25.87279875358137,28221600
2013-07-24,26.27922821044922,26.299054562367253,25.823231570059356,26.09088164871786,82635600
2013-07-25,34.06089401245117,34.5763678239673,32.4649085882645,33.248032481615354,365457900
2013-07-26,33.71393966674805,34.42767324254188,33.267859963367044,33.4760309958102,136028900
2013-07-29,35.12158203125,35.319841786863506,33.71394116973539,33.773420230866535,124718800
2013-07-30,37.302433013916016,37.62955840723226,35.012540134740554,35.33966930954723,173582800
2013-07-31,36.47964859008789,37.97650588470694,36.01374259647907,37.62955042909481,154828700
2013-08-01,37.16364669799805,37.956681845336085,36.59860513768671,36.97529825073098,106066500
2013-08-02,37.71876907348633,38.15494123674377,37.173557650904364,37.332164678955294,73058500
2013-08-05,38.84884262084961,38.977712006221545,37.91702685171242,38.095460221769066,79994800
2013-08-06,38.214412689208984,38.90831978563281,37.609722273489496,38.76953912264594,63950800
2013-08-07,38.5316276550293,38.60101798821811,37.371814559025154,38.273892671969335,68854800
2013-08-08,38.20451354980469,38.848853087279274,38.09547048522682,38.78937780223001,41301000
2013-08-09,38.164852142333984,38.40276457279106,37.67911599666695,38.25406883106916,43532300
2013-08-12,37.88728332519531,38.16484462145669,37.76832524266411,37.86745697810678,31161000
2013-08-13,36.69773483276367,37.98641734747277,36.449911126800785,37.90711572793927,65379200
2013-08-14,36.330955505371094,37.22311854598619,36.30121409030793,36.50938886979202,48423900
2013-08-15,36.24174499511719,36.74730375941327,35.706444810692986,36.04348524738709,56521100
2013-08-16,36.75720977783203,37.16364045895418,36.578776426950185,36.64816675434988,45840800
2013-08-19,37.48086166381836,37.946767697064445,36.81669211207826,37.10416854165965,57609600
2013-08-20,38.07563781738281,38.244159920562346,37.3619042631919,38.01615876070356,57995200
2013-08-21,37.98642349243164,38.51180862398638,37.81790516023116,38.04590255282077,46116900
2013-08-22,38.214412689208984,38.41267239982857,38.00624169472867,38.0359793278003,21931200
2013-08-23,40.19700622558594,40.27631163030773,38.5911095948679,38.660499933254556,86442300
2013-08-26,40.98012924194336,41.57490463922676,40.266395740011475,40.543960869368185,94162400
2013-08-27,39.294925689697266,40.84134695566994,39.07683962127443,40.32587320034572,72695100
2013-08-28,40.19700622558594,40.49439393031301,39.53284047774515,39.61214210097711,57918200
2013-08-29,40.920650482177734,41.416297910620735,40.44482940465122,40.534046093030554,58303400
2013-08-30,40.930564880371094,41.89211830444438,40.702567520787134,41.65420966030882,67735100
2013-09-03,41.505516052246094,41.79299247836609,41.14864928623367,41.47577841557503,48774900
2013-09-04,41.41630172729492,41.80290615206921,41.079261293634495,41.64429911161078,42581900
2013-09-05,42.288639068603516,42.3976821095112,41.406387237971984,41.42621358918155,50035400
2013-09-06,43.567413330078125,44.22166783862955,42.03090693075932,42.71489907740715,117535700
2013-09-09,43.6566276550293,44.40009881898488,43.31958724277651,43.97384171579782,75794700
2013-09-10,43.220455169677734,43.874709637920446,42.85367712362239,43.85488706807085,54540300
2013-09-11,44.64791488647461,44.697478865943765,42.73471578334912,43.01227709356778,72328300
2013-09-12,44.360443115234375,45.222868548266526,44.26131514600848,45.13365186336737,68072300
2013-09-13,43.92427062988281,44.6875680219775,43.54757757553325,44.64791532541665,52765300
2013-09-16,42.13994216918945,44.5487889434635,42.06064054801663,44.45957225621299,70424200
2013-09-17,44.67766189575195,45.04443995859794,42.06064390297727,42.13003424509705,91934600
2013-09-18,44.83626174926758,45.074174156627926,44.01348906102062,44.44965739611026,79317000
2013-09-19,45.579734802246094,45.649125136262846,44.83626369650406,45.113825032571086,63972400
2013-09-20,47.076595306396484,47.1856345662617,45.34182927408554,45.91677833556244,115508400
2013-09-23,46.779205322265625,47.136072093993924,45.88704217443484,46.8684220151977,75177000
2013-09-24,48.028236389160156,49.227702253857785,47.74075997420261,48.08771166019291,136716100
2013-09-25,49.029449462890625,49.108754877472926,48.03815446955362,48.80145206820195,87879700
2013-09-26,49.95134735107422,50.15951836395294,49.06909553140649,49.57465424575335,98220100
2013-09-27,50.79395294189453,50.83360186443212,49.42596490486317,49.85222201943461,81410500
2013-09-30,49.792747497558594,51.15082059150523,49.36649034417186,49.70353079611741,100095000
2013-10-01,49.981082916259766,50.585773360372656,49.01952951406238,49.535003273281724,98114000
2013-10-02,49.84230422973633,50.65516571044401,49.51517889310508,49.693612269991135,62834000
2013-10-03,48.75188064575195,50.27847561041763,48.63292632349571,50.030651899848124,82045000
2013-10-04,50.5956916809082,50.7146460079218,49.13848699440461,49.33674672708719,74447000
2013-10-07,50.0802116394043,50.84350905701778,49.9612573272341,50.288382631074505,57204000
2013-10-08,46.72963333129883,50.15951221626847,46.67015806718852,50.15951221626847,136081000
2013-10-09,46.36286163330078,47.42354684418952,44.86600425842725,46.96755211046891,147297000
2013-10-10,48.62301254272461,49.24752936868517,47.413635374590136,47.45328429539713,99774000
2013-10-11,48.682491302490234,49.43587373413591,48.36527724900892,48.75188164034616,58428000
2013-10-14,49.079002380371094,49.19796047539872,47.49293226156388,47.8894516820104,68781000
2013-10-15,49.0691032409668,50.556045763420336,48.75188913869594,49.55483946215739,81167000
2013-10-16,50.694820404052734,50.79395216260076,49.465616849976634,49.60439753045394,64678000
2013-10-17,51.7555046081543,51.76541967455623,50.50647472729049,50.674993041224795,71522000
2013-10-18,53.748008728027344,54.35269920001425,53.13340318976764,53.70835602591578,88260000
2013-10-21,53.381229400634766,54.332875388340625,53.04418897991373,54.204005991199935,58235000
2013-10-22,52.22141647338867,54.283307932135514,51.74559536752401,53.85705459725906,83204000
2013-10-23,51.448204040527344,51.79515572416991,50.684906555023964,51.29950830097211,57207000
2013-10-24,51.9934196472168,52.3800240634836,51.14090540545408,51.924029304886346,46775000
2013-10-25,51.497772216796875,52.77654358025523,51.428381874422236,52.71706452329552,45085000
2013-10-28,49.792747497558594,51.24995236060118,49.17814565512506,51.091345311538,73472000
2013-10-29,48.969974517822266,50.34787396293086,48.821278755210265,50.288394901588,102143000
2013-10-30,48.5833625793457,49.77291724488349,48.32562756286603,49.56474621832413,127073000
2013-10-31,49.77291488647461,51.54733362457027,46.09521179889457,46.749466266716055,248809000
2013-11-01,49.31692123413086,51.63655144946817,49.287183597232286,50.40734411063124,95033000
2013-11-04,47.80023956298828,49.31691949517523,47.6019798338454,48.94022638795272,80371000
2013-11-05,49.67378616333008,49.74317650118368,47.09641725201835,47.37398238492256,76835000
2013-11-06,48.692405700683594,50.01082976722667,48.2859749323301,49.822481311154775,67889000
2013-11-07,47.14598846435547,49.435877343780746,46.888249663651536,48.81136425747753,97128000
2013-11-08,47.116241455078125,48.2264943731004,46.83868011631737,47.39380657532851,70731000
2013-11-11,45.797821044921875,47.11624117776524,45.33191127346742,46.6305088377928,80910000
2013-11-12,46.20425796508789,46.957640459001766,45.43104911850653,45.599567443944984,68196000
2013-11-13,48.285972595214844,48.31571401296511,45.65904343765943,45.82756175178822,79245000
2013-11-14,48.563533782958984,49.13848279901104,47.61188790363114,48.27605738418818,75117000
2013-11-15,48.5833625793457,49.04927240387476,48.285974858333766,48.68249434067637,42453000
2013-11-18,45.43104553222656,48.41484141557823,45.40130411482803,48.048063373908114,85910000
2013-11-19,45.95642852783203,46.59085660852682,45.32200044713724,45.85729677679244,75602000
2013-11-20,46.025821685791016,47.13607089510361,45.90686735873714,46.204255067116776,53933000
2013-11-21,46.29347229003906,47.046854745362154,46.283557223468144,46.58094871675692,34886000
2013-11-22,45.82756042480469,46.858507975531744,45.55991036174152,46.630510613994176,40545000
2013-11-25,44.429832458496094,46.24390375046645,43.656623727618,45.95642735204117,82565000
2013-11-26,45.49052047729492,45.76808182775542,43.17089035583137,44.271228254428024,82016000
2013-11-27,46.08530807495117,46.26373770318572,45.133661962587524,45.56983420035559,44993000
2013-11-29,46.60077667236328,46.79903643030448,46.09521788202904,46.34304163408296,22953900
2013-12-02,46.65034103393555,47.126162149278024,45.85730206020801,46.491733995488055,50774000
2013-12-03,46.32321548461914,46.789125350614036,45.887047040415446,46.34304183864982,32086000
2013-12-04,48.196754455566406,48.34545019537657,45.85729800902362,46.05555773494059,60890000
2013-12-05,47.91919708251953,48.276063862470096,47.45328725519629,47.73085240709676,43855000
2013-12-06,47.52268600463867,48.96006466416302,47.29468858411271,48.55363382209662,42938000
2013-12-09,48.41484451293945,48.54371391260471,47.324421602975114,47.67137331573921,36056000
2013-12-10,49.812564849853516,50.328038611531255,48.11745161028169,48.216579579974095,68479000
2013-12-11,48.95014190673828,50.328041175709835,48.58336008091187,50.10995509348763,65776000
2013-12-12,51.378814697265625,51.616723347366545,50.218997738181756,50.60560213071311,92723000
2013-12-13,52.85584259033203,53.0342759708841,50.89307918574912,51.21029324417728,82641000
2013-12-16,53.341575622558594,54.02556768698415,52.449408772012546,52.786449162053316,85119000
2013-12-17,54.382442474365234,54.69965656116765,53.767840653871836,54.28331070880811,78751000
2013-12-18,55.08625411987305,55.40346816709591,53.28209780823433,54.38243568894041,76003000
2013-12-19,54.570777893066406,54.70955855979758,53.480355127473295,53.85704820966473,89753200
2013-12-20,54.640174865722656,54.66991628470002,53.75792299302447,54.451830192486085,239824000
2013-12-23,57.26710510253906,57.81231652482545,54.967301306302424,55.016865293512126,98297000
2013-12-24,57.4554443359375,58.070049820013764,56.414585576954686,57.76274707797563,46617800
2013-12-26,57.227455139160156,57.871798348194936,56.87058836378643,57.812319291802645,55101000
2013-12-27,54.95738983154297,57.17789214965635,54.76904515524146,56.97963240637104,60466000
2013-12-30,53.24245071411133,54.699655496778995,52.96488933893277,54.45183175994382,68307000
2013-12-31,54.17426681518555,54.382437832852936,53.44070693863254,53.64887795629993,43076200
2014-01-02,54.233741760253906,54.739304264665485,53.718267970937525,54.352699868050664,43195500
2014-01-03,54.085052490234375,55.165564110161476,54.055311071059656,54.54104724835295,38246200
2014-01-06,56.70206832885742,56.76154360196182,53.57948792022017,53.9462659698269,68852600
2014-01-07,57.41579818725586,58.040315026485565,56.7218947897672,57.19771588296938,77207400
2014-01-08,57.72309875488281,57.90153213068997,56.73180390328292,57.098581939557754,56682400
2014-01-09,56.72189712524414,58.44674818643514,56.15685931745846,58.139449178177344,92253300
2014-01-10,57.43562316894531,57.792489925707905,56.56328640962544,56.632676747719294,42449500
2014-01-13,55.42329788208008,57.742928106636306,54.897912793504204,57.40588768831652,63010900
2014-01-14,57.23736572265625,57.27701464232213,55.6116390086844,55.9685057561053,37503600
2014-01-15,57.09858322143555,58.06014045915137,56.77145787943821,57.47527633231749,33663400
2014-01-16,56.6921501159668,57.51492664215304,56.335287152676415,56.76154045173074,34541800
2014-01-17,55.80989456176758,57.316663059657486,55.5818972193979,56.8011893276302,40849200
2014-01-21,58.00066375732422,58.070057880278654,56.00816264393539,56.107290622744586,48669200
2014-01-22,57.009368896484375,58.79370276863537,56.60293813260331,58.33770423381345,61352900
2014-01-23,56.13703536987305,56.18659936221623,55.2052156752642,55.87929655930413,47951800
2014-01-24,53.97600555419922,55.92885384507939,53.92644156779937,55.66120756222228,55200700
2014-01-27,53.083839416503906,54.46173867776235,51.398637384878896,54.253567663073625,73924100
2014-01-28,54.659996032714844,54.798776703144135,53.52992053751672,53.54974688779086,48191200
2014-01-29,53.06401443481445,54.47165514984876,52.72697401979131,54.13461473482561,92995600
2014-01-30,60.54829025268555,61.95592710131231,59.93368473316795,61.57923400571922,150178900
2014-01-31,62.025325775146484,62.81836099235225,59.64621634203902,59.9436078572951,87794600
2014-02-03,60.94480895996094,63.21487514984551,60.171600161210165,62.48131527248692,74866600
2014-02-04,62.20375061035156,62.59035498918632,61.281846115519606,61.50984347274293,45985500
2014-02-05,61.648624420166016,62.610181620081235,60.73663498718681,62.193839604544564,51685100
2014-02-06,61.6188850402832,62.23348676169064,60.92497791921566,60.92497791921566,42086500
2014-02-07,63.76008605957031,64.00790977832844,61.678368334598034,61.727932322051686,60704300
2014-02-10,62.99679183959961,63.928607709422025,62.917490211833254,63.74026681616319,43666100
2014-02-11,64.28546905517578,64.43416479421988,62.798526790693785,63.19504624048488,45675600
2014-02-12,63.888954162597656,64.4936446649914,63.49244224750274,64.35486398211218,47282100
2014-02-13,66.743896484375,66.743896484375,63.49244998146856,63.62131561327343,61911700
2014-02-14,66.50597381591797,66.99171378129073,66.13919952885794,66.91240837106902,36694900
2014-02-18,66.71414184570312,66.95205047572016,65.4948459362802,66.35727511918807,43809900
2014-02-19,67.467529296875,68.47865434247834,66.41675911021034,66.46632688100696,62087100
2014-02-20,69.02385711669922,69.49968196850752,65.15781328379181,67.14040296753076,130928900
2014-02-21,67.99291229248047,69.35098900282068,67.85413161410757,69.0833427125243,70932400
2014-02-24,70.16385650634766,70.8181148143522,67.94335789941603,68.1416138674887,76620300
2014-02-25,69.24195098876953,70.38194169788056,68.84543149477696,70.33237392501388,52077000
2014-02-26,68.65708923339844,70.60002639611078,68.25065468030537,69.57899382436207,55322700
2014-02-27,68.33987426757812,69.4005595304309,68.27048392563374,68.73638618555744,41653700
2014-02-28,67.86405944824219,69.27169662969749,66.7934589596785,68.86526958456459,66783700
2014-03-03,66.82320404052734,67.45763227783553,65.9310369683811,66.37711672296363,56824100
2014-03-04,68.20108795166016,68.30021592296902,67.03135973906492,68.06230727923186,42013500
2014-03-05,70.94697570800781,71.34349518070175,69.01395367772223,69.08334401822017,74567700
2014-03-06,70.22332763671875,71.26419031507697,69.63846727136047,71.2542752483648,46026500
2014-03-07,69.1923828125,70.56036696814381,68.86525370039622,70.46123899680373,38927000
2014-03-10,71.40296936035156,71.52192746923075,69.89620446278083,70.15393568754938,59871600
2014-03-11,69.48977661132812,71.95809899481443,69.3509959191148,71.86888607681179,59408300
2014-03-12,70.26297760009766,70.72888739865778,68.39934596883681,69.25186016131285,46340500
2014-03-13,68.23082733154297,70.72888706211172,67.55674652123399,70.6694117904014,57091000
2014-03-14,67.1304931640625,68.8256065689874,66.87275436733718,67.8937869244282,48227000
2014-03-17,68.14161682128906,68.34978786568328,66.04007624189178,67.58649403623781,52197000
2014-03-18,68.58768463134766,68.99411153696546,67.70543292871196,68.16142759590737,40827000
2014-03-19,67.64595794677734,68.68682055678202,66.8826642456255,68.56786245298795,43981000
2014-03-20,66.38703155517578,67.63606545173874,66.23833578318335,67.41797932788064,44439000
2014-03-21,66.6546630859375,67.3287438812947,65.60389297313753,66.9421394977936,59999900
2014-03-24,63.54199981689453,66.77362321899278,62.80844372885297,66.60510490577697,85696000
2014-03-25,64.32512664794922,65.6138130670214,63.22478868352083,64.32512664794922,68786000
2014-03-26,59.864288330078125,64.38458989310315,59.84446198163634,64.17641890669844,97503900
2014-03-27,60.439247131347656,61.3611516278439,57.4752739191143,59.98324863458813,112650000
2014-03-28,59.48760223388672,61.41071666139926,58.823436500068496,60.806026198376856,67052000
2014-03-31,59.715606689453125,60.98446295667987,59.348824852247304,60.25090306375818,53011000
2014-04-01,62.07487869262695,62.11453139178548,59.715599815036924,59.93368209742982,59291000
2014-04-02,62.17401123046875,63.35365068425155,61.66844876349786,62.659743566118905,66277000
2014-04-03,58.97213363647461,62.62009528877372,58.61526687729028,62.00549352656173,83859000
2014-04-04,56.2559814453125,59.67594935555454,55.82972436708435,59.41821058284049,125214400
2014-04-07,56.454246520996094,57.495105432001566,54.95738907228716,55.41338760999062,108488000
2014-04-08,57.683448791503906,58.198922592584246,56.67232754109516,57.1778900570445,78836000
2014-04-09,61.8667106628418,61.916274648423446,58.67474007571964,59.110912224413426,100215000
2014-04-10,58.64500427246094,62.630010097831274,58.16918318933326,62.530882123571686,114988000
2014-04-11,58.020484924316406,59.78499228505484,56.8111078086636,57.098580434115945,91452000
2014-04-14,58.377357482910156,59.92377892604653,57.277019511975624,59.566912148285056,72325000
2014-04-15,58.575618743896484,59.160482915627504,55.393562862109654,58.77387849018482,108623000
2014-04-16,59.20013427734375,59.666040321831645,57.23737077477312,59.269524619745994,78774000
2014-04-17,58.42691421508789,60.05264086533172,58.208831930260324,58.78378094851971,88040000
2014-04-21,60.7068977355957,60.7068977355957,58.635091366342365,58.942390346943995,60364000
2014-04-22,62.48131561279297,62.88774636582302,61.67836917325232,62.104626277831386,60631000
2014-04-23,60.82585525512695,62.927399370009056,60.72672349690757,62.897661733288196,95908700
2014-04-24,60.34011459350586,63.09591676264278,59.24969180484403,63.04634899648481,138769000
2014-04-25,57.20762252807617,59.487599832806794,57.06884185983451,59.44795091437317,92502000
2014-04-28,55.65129089355469,57.80240263107193,54.18417500572465,57.54466385883077,107758000
2014-04-29,57.64379119873047,57.77265679349918,55.35389896594165,55.6017226533283,75557000
2014-04-30,59.25960159301758,59.32899192609923,56.662410290775654,57.07875607075509,76093000
2014-05-01,60.61768341064453,61.737843902114015,59.68586380350548,59.90394988713204,82429000
2014-05-02,59.933692932128906,61.35124504064798,59.65613155082118,60.76638085754228,54189000
2014-05-05,60.68707275390625,60.81593836348935,58.66483032479672,59.1505626902803,46057000
2014-05-06,58.020484924316406,60.617680089703974,57.980836005229996,60.44915800300051,55901000
2014-05-07,56.890411376953125,58.78378440718166,55.77024712699379,58.258399341766925,78587000
2014-05-08,56.26589584350586,58.307964661945185,56.00816083801831,56.73180564816436,61251000
2014-05-09,56.741722106933594,57.14815286730331,55.889207882380056,56.35511391698097,52584000
2014-05-12,59.30916976928711,59.378560102850045,57.47527211822358,57.47527211822358,48575000
2014-05-13,59.30916976928711,60.35993983837702,58.991951953941395,59.14064768671315,48525000
2014-05-14,58.714393615722656,59.923774544941566,58.43683226730773,59.01178131495147,47429000
2014-05-15,57.41579818725586,58.86309159992199,57.019282500332324,58.74413349050401,56814000
2014-05-16,57.514930725097656,57.94118783590136,56.81111225153431,57.80240715452154,47933000
2014-05-19,58.69457244873047,59.04152794638151,57.068849353307606,57.3860634313662,43034000
2014-05-20,58.05022430419922,59.666032090353035,57.673531224919586,58.9820400461125,53931000
2014-05-21,59.96342849731445,59.97333978218325,57.742926319209495,58.050229091,58992000
2014-05-22,59.993160247802734,60.94480232442013,59.87420593359793,60.409502238264295,54200000
2014-05-23,60.81593704223633,60.915068795327116,59.62638625706464,59.88412125212125,38294000
2014-05-27,62.927398681640625,62.95713631803618,61.03402560749613,61.083589595318685,55682000
2014-05-28,62.957130432128906,63.581647208478174,62.07487867430428,62.838176116177934,47795000
2014-05-29,63.27435302734375,63.74026282381791,62.957135191677004,63.28426431213499,42700000
2014-05-30,62.74897384643555,63.611399452774286,62.01541765117881,63.39331712035519,45253500
2014-06-02,62.530879974365234,63.03643867609661,61.50984372343373,62.679571930644016,35996000
2014-06-03,62.32270812988281,62.86791955831181,61.777496701453806,62.07488440955237,32217000
2014-06-04,62.78861618041992,63.03643989382836,61.52967126252632,61.90636436572427,36514000
2014-06-05,62.63991928100586,63.7997362046766,62.27314125076352,63.10582906367159,47352000
2014-06-06,61.95592498779297,62.927393437822815,61.60897332045715,62.81835040480597,42442000
2014-06-09,62.332618713378906,62.788613418434295,61.25210721918879,61.85679765834421,37617000
2014-06-10,65.19746398925781,65.24703176077566,62.947227833777326,62.976965471495994,69338000
2014-06-11,65.2073745727539,65.22720470518964,64.33503782007095,64.75137984546649,44242000
2014-06-12,63.73033905029297,65.89136186255178,63.502337934857565,65.27675640775169,55730000
2014-06-13,63.93852615356445,64.4044360038301,63.274360332666,64.13678212419727,29419000
2014-06-16,63.631221771240234,64.31521010640505,63.19504959700539,63.60148413444783,31046000
2014-06-17,63.83938217163086,64.31519940711343,63.373472438111015,63.541990727220316,27715000
2014-06-18,65.02894592285156,65.17764167501035,63.492443318491105,63.92860794504872,35570000
2014-06-19,63.779911041259766,65.00912217812926,63.65104542530505,64.89016406595415,34245000
2014-06-20,63.93852615356445,64.24582517693946,62.79853541497457,63.89887344684179,46466000
2014-06-23,64.80096435546875,65.08844084622235,63.66097346123385,63.76010146008438,34560000
2014-06-24,65.14790344238281,66.58527805317442,64.70181618997917,64.79103666565192,57335000
2014-06-25,66.85293579101562,66.89258849772563,64.99921145797029,65.00912652539292,44308000
2014-06-26,66.54561614990234,67.40804533494838,66.31762258477296,67.40804533494838,47714000
2014-06-27,67.01154327392578,67.11067126545167,66.25815692496334,66.72406680441405,46461000
2014-06-30,66.70423126220703,67.32874429408085,66.54562045621905,66.87274957133464,27102800
2014-07-01,67.467529296875,67.84422620377741,66.80336352088808,66.9917119743393,33243000
2014-07-02,65.87155151367188,67.7054533638594,65.21730072865442,67.44771453922544,41895000
2014-07-03,65.71294403076172,66.41676254721183,65.18755891024122,66.2779818573755,25203200
2014-07-07,64.72164154052734,65.99049773602883,64.55312323146406,65.72285145475065,28745000
2014-07-08,62.213661193847656,64.98928593151992,61.6684497995443,64.49363852188237,68926000
2014-07-09,64.40442657470703,64.5531223124021,62.600270279355996,62.858005272339135,51432000
2014-07-10,64.30530548095703,64.77120774985717,62.501145211172556,62.75888401320895,44422000
2014-07-11,65.76249694824219,66.01032066160694,64.2259944631684,64.71172682372905,39212000
2014-07-14,67.30892944335938,67.5765757554316,66.31763448119791,66.54562808722605,38537000
2014-07-15,66.58528900146484,67.49727866396216,65.6832144074459,67.3684130256684,44213200
2014-07-16,67.07100677490234,67.34856809631418,66.48613893651701,66.95204868159207,29541600
2014-07-17,65.83190155029297,67.25936114176676,65.4651196945012,66.44649958169825,38188000
2014-07-18,67.82439422607422,67.86404692903734,65.58407323100622,66.2185013524566,42456000
2014-07-21,68.79586791992188,69.35099064657093,67.90370099282167,68.21099999321954,49539000
2014-07-22,68.66698455810547,69.16263193709938,68.01273395058249,69.15272443486424,40398000
2014-07-23,70.6694107055664,70.70906340709112,69.00403505642561,69.13290066414633,78435000
2014-07-24,74.3272933959961,76.07196693864991,73.86138359253319,75.29875814268155,124168000
2014-07-25,74.53547668457031,75.01129406982125,74.01009152198947,74.33721313823162,45917000
2014-07-28,74.26781463623047,74.84276751303524,73.20712935942586,74.51563836971734,41725000
2014-07-29,73.06834411621094,74.26781000391534,72.78086769573935,74.06955405468375,41324000
2014-07-30,74.02989959716797,74.53546208759643,73.48468440523732,73.56398980824169,36853000
2014-07-31,72.017578125,73.52434308979878,71.8094070974082,73.35582476693591,43992000
2014-08-01,71.73009490966797,72.58260907332962,70.9271485129785,71.59131423772114,43535000
2014-08-04,72.87008666992188,73.2368609247632,71.7300960778112,71.7300960778112,30777000
2014-08-05,72.05723571777344,72.94939516426413,71.55167315190958,72.56279072065666,34986000
2014-08-06,71.83914184570312,73.07826045746707,71.16506101838435,71.39305460768023,30986000
2014-08-07,72.53305053710938,73.35582717048824,72.06714069500374,72.36453220872488,38141000
2014-08-08,72.42398834228516,72.79077010385829,71.92834099241902,72.76103247294287,27202000
2014-08-11,72.80069732666016,73.26660712342068,72.42400043754502,72.82051989625481,24591000
2014-08-12,72.19599914550781,72.6916465252304,71.59130873720794,72.45373033761881,27419000
2014-08-13,73.12782287597656,73.60364776499685,72.41409688691618,72.48348722875456,29266000
2014-08-14,73.6532211303711,73.73251898208072,73.04853057857412,73.32609196700933,22207000
2014-08-15,72.98904418945312,74.0001692701705,72.36453109581963,73.67304012270428,38846600
2014-08-18,73.940673828125,74.0695469895146,73.31616084093332,73.35581353959327,23974000
2014-08-19,74.63459014892578,74.92206656292504,73.86138137615927,74.15876529331128,26679000
2014-08-20,74.15876770019531,74.52554952919778,73.9704268154468,74.31737851154116,22917000
2014-08-21,73.92086791992188,74.53547354319721,73.76226465251638,74.26781965766575,20102000
2014-08-22,73.92086791992188,74.07947875030801,72.92957291895043,73.69286674198695,20897000
2014-08-25,74.366943359375,74.62468216240859,74.13894975756008,74.28764551173255,19734000
2014-08-26,75.29875946044922,75.32849709727924,74.07947097253931,74.34711726698934,23993000
2014-08-27,73.98033142089844,74.83284559103757,73.81181311267963,74.61475951546996,36323000
2014-08-28,73.21703338623047,73.78207111086104,73.08816778692139,73.3558140510184,21947000
2014-08-29,74.1686782836914,74.1686782836914,73.36573189797963,73.65320830393331,26241000
2014-09-02,76.01248168945312,76.03230425673125,74.16867285045946,74.35702127300596,34979000
2014-09-03,75.16989135742188,76.80552939573066,74.94189021097512,76.46848520919801,32389000
2014-09-04,75.28885650634766,76.26032898930501,74.8725143977864,75.22938122311922,26676000
2014-09-05,76.58743286132812,76.70638338847256,74.94187998136333,75.43752734574136,29476000
2014-09-08,77.21195983886719,77.48952120324532,76.33962304182451,76.58744676901641,28183000
2014-09-09,76.00257873535156,77.4895210964537,75.53666891879611,76.91456823504568,28882000
2014-09-10,76.7559585571289,77.27142853811486,75.84396913378029,75.85387663667936,29909000
2014-09-11,77.24169158935547,77.67786373612549,76.37926992476123,76.45856776355447,32219000
2014-09-12,76.8055191040039,77.61838048109963,76.42882226582729,77.34081160345107,26676800
2014-09-15,73.93077850341797,76.57753418036182,72.7907878088489,76.47840619887326,49679000
2014-09-16,75.41771697998047,75.56641272594565,72.43391724607056,72.87999692098629,37742000
2014-09-17,75.7646713256836,76.5775328606496,74.91215708620948,75.29876150143843,28693000
2014-09-18,76.32970428466797,76.65683340386022,75.85387942375382,76.10170313896379,23031000
2014-09-19,77.2317886352539,77.61839303794186,75.77458393451631,76.7262261229005,76671000
2014-09-22,76.1314468383789,76.85508783727222,75.28884017287544,76.32970278145064,31961000
2014-09-23,77.60847473144531,77.94551135029066,75.3780613184456,75.66553773256754,36814000
2014-09-24,77.85630798339844,77.93561339624823,76.83527537264368,77.42013577570496,30680000
2014-09-25,76.54779815673828,78.2528267010324,76.45857767743061,77.91578248128619,37533000
2014-09-26,78.1041259765625,78.15368618370985,76.65683633201009,76.914567560328,28872000
2014-09-29,78.31229400634766,78.51054995332379,77.23178623826243,77.43995725148125,34031000
2014-09-30,78.35194396972656,79.01610968815977,77.91577182604895,78.65924294569251,35899000
2014-10-01,75.88362884521484,78.13386497683024,75.23928563721695,78.09421227263252,55090000
2014-10-02,76.40902709960938,76.80554664689424,74.98155975457638,75.90346448774665,36488000
2014-10-03,76.765869140625,77.38046705557024,76.58743578012954,77.08308316339705,23340000
2014-10-06,76.88483428955078,77.21196343981565,76.1810157790593,76.51805999650863,25729000
2014-10-07,75.6258773803711,77.27142273252018,75.57630961768267,76.37926350795846,25317000
2014-10-08,76.84517669677734,77.03352514640267,74.44624487335713,75.51684517178559,32976000
2014-10-09,75.24919891357422,77.08309295194896,75.18971607720295,76.60726807587787,32487000
2014-10-10,72.27530670166016,75.8340513642081,72.12661097070315,74.93196947592025,52146000
2014-10-13,72.3546142578125,74.12903307620789,71.8887044342755,72.59253048449952,43938000
2014-10-14,72.94937896728516,73.53424681812815,71.42279166700376,73.35581345585152,50299000
2014-10-15,72.57270050048828,73.15756843857527,69.70785877429799,71.06593554326263,61528000
2014-10-16,71.99774932861328,72.7114829010325,69.96559922362108,70.17377025507999,53529000
2014-10-17,75.28885650634766,75.33842428435875,73.10801040751917,73.58383536228996,76342000
2014-10-20,76.28014373779297,76.4189244264104,74.72381096145726,74.94189706156473,34701000
2014-10-21,78.0050048828125,78.05456509433327,76.47840969653461,76.88483670811934,32252000
2014-10-22,77.68778228759766,79.15489447131701,77.33091552658922,78.13386195736834,41862000
2014-10-23,79.3432388305664,79.92809914804467,78.32220636922007,78.68898061476429,35056000
2014-10-24,79.9677505493164,80.11644628348985,78.62950406771388,79.5018407782966,32248000
2014-10-27,79.5811538696289,80.09663145618626,79.0656838460515,80.03714861898044,30169000
2014-10-28,80.06687927246094,80.45349121014766,78.87732851381946,79.48201895897301,74212000
2014-10-29,75.19963073730469,76.21074819439336,74.12903044416625,74.79319620338036,106120000
2014-10-30,73.46485900878906,74.69406245613466,72.26539319568083,74.39667855078191,83270000
2014-10-31,74.33719635009766,75.04101476394419,73.80189624034551,74.27772108111829,44544000
2014-11-03,73.23686981201172,74.86259296112709,73.05843641452441,74.8130327503131,40727000
2014-11-04,75.10050964355469,75.11041714798777,73.00887663514123,73.5838295374402,39326000
2014-11-05,74.17859649658203,76.1314485889585,73.77216197206607,75.84397217080861,35913000
2014-11-06,74.60486602783203,74.94190270758615,73.66313121214439,74.23808414429294,21383000
2014-11-07,74.94189453125,75.19963332840028,74.36694166183014,74.73372350535247,20774000
2014-11-10,74.34712219238281,74.82294710212543,73.96051776202086,74.70398898394468,21575100
2014-11-11,73.96051788330078,74.32729974272425,73.38556498895493,74.297554540895,18715700
2014-11-12,74.06954193115234,74.48588389418062,72.89981387099309,73.63336983865887,26536600
2014-11-13,73.60364532470703,74.58502514473545,72.99895483888655,74.08937770147143,26448500
2014-11-14,74.22815704345703,74.27772481208247,73.39547298400312,73.62346656852898,19476900
2014-11-17,73.59373474121094,75.00137931369285,73.23686795528371,74.22816290219704,28701200
2014-11-18,73.6928482055664,74.14885044673518,73.256683657677,73.80189123328346,20690500
2014-11-19,72.69165802001953,73.89112396106324,72.47357192837886,73.36573886555435,25441200
2014-11-20,72.95929718017578,73.3459015546236,71.87878945748298,72.16626586260713,19154900
2014-11-21,73.10800170898438,73.85147291280455,72.86017797437765,73.85147291280455,23060400
2014-11-24,73.36573028564453,73.70276688750648,72.7114720872361,72.8998205194408,22103800
2014-11-25,74.97162628173828,75.08066931954782,73.48468401667658,73.5639894192616,32250200
2014-11-26,76.94430541992188,77.10290865583491,74.85267277815079,74.87249534652274,32695300
2014-11-28,77.02361297607422,77.58865078321682,76.55771071223884,76.99387533827411,15992000
2014-12-01,74.44624328613281,76.63700404309176,74.14885936267403,76.58744383733847,31789900
2014-12-02,74.80310821533203,75.2491954340805,74.38676619488372,74.67424260794931,16773900
2014-12-03,74.22815704345703,75.07076373221162,73.75233974176327,74.72380447779284,16689900
2014-12-04,74.58502960205078,74.89233617806583,74.01008428136954,74.17860260703507,14362800
2014-12-05,75.69527435302734,76.0917938003953,74.70397951609716,75.14015166449985,24306400
2014-12-08,75.8538818359375,76.57753043507391,74.74363639679756,75.51684520276426,25733900
2014-12-09,76.17109680175781,76.26031727587747,74.12903171944006,74.54537376405204,25358600
2014-12-10,75.51683807373047,76.87491467073427,75.40779504082612,75.98274783923466,32210500
2014-12-11,77.05335998535156,77.83647634240204,75.81424129472954,75.85388643740679,33462100
2014-12-12,77.15248107910156,78.1933361484985,76.34952709644722,76.48831533534643,28091600
2014-12-15,76.31979370117188,77.89595655523468,75.89353658345476,77.77699844227408,29396500
2014-12-16,74.0398178100586,76.716310989884,73.94068227060002,75.52676014617933,31554600
2014-12-17,75.44744873046875,75.74484019919781,74.24798291575887,74.35702595009424,29203900
2014-12-18,77.71751403808594,77.71751403808594,75.84396746617048,76.220656768494,34222100
2014-12-19,79.18462371826172,79.30358181365462,77.64812135840951,78.06446334781626,43335000
2014-12-22,80.74097442626953,81.1771466448106,79.30359970677645,79.38290512159858,31395800
2014-12-23,79.90827941894531,81.4546969832813,79.7001084055139,81.30600124140754,19865800
2014-12-24,80.06687927246094,80.72113748379924,80.0470567037746,80.324618043259,7685500
2014-12-26,80.0768051147461,80.57245259137908,79.80915880507563,80.31471378589544,10647400
2014-12-29,79.32340240478516,80.2552218880294,79.0161034530679,79.78931214640728,14134700
2014-12-30,78.53038024902344,79.88844937088965,78.41142214280276,79.15489328997785,14370800
2014-12-31,77.34082794189453,79.10533928915702,77.18222468414005,78.84760048695325,19935400
2015-01-02,77.76708221435547,78.24290709611357,77.02361103615712,77.89595539221699,18177500
2015-01-05,76.51805877685547,78.56012393144991,76.19092963180485,77.30118268637959,26452200
2015-01-06,75.48711395263672,76.91457357558359,74.70399001385606,76.55771434208222,27399300
2015-01-07,75.48711395263672,76.68657996631937,75.15998479536496,76.09180449317647,22045300
2015-01-08,77.49943542480469,77.54900319489448,75.41771765169077,76.07196835159291,23961000
2015-01-09,77.0632553100586,77.93559957069412,76.52795521275381,77.51925000858212,21157000
2015-01-12,76.05213928222656,77.32099543310338,75.54657680983748,77.16238463275415,19190200
2015-01-13,75.78448486328125,77.40030023672344,75.18970949251431,76.55770116455535,25179600
2015-01-14,75.61597442626953,76.52796392716691,75.3681506990922,75.75475510845044,25918600
2015-01-15,73.4053955078125,75.90345550293978,72.89983295579397,75.73493717326042,34134000
2015-01-16,74.52555847167969,74.66433916677002,73.19721923769703,73.39548277566942,21791500
2015-01-20,75.57630920410156,75.64569953369838,74.16867248200678,75.06083926466499,22821600
2015-01-21,76.07196807861328,76.62709836230351,75.18971622763577,75.49702278772602,25096700
2015-01-22,76.97404479980469,77.07317276987104,76.01248760790453,76.49821995531516,19519500
2015-01-23,77.15248107910156,77.5093478351747,76.36935722899551,76.974047701065,16746500
2015-01-26,76.82535552978516,77.78691280262184,76.61718450622979,77.30118041432598,19260800
2015-01-27,75.12034606933594,76.2107692335323,74.97165028263146,76.04225087132545,20110000
2015-01-28,75.57630920410156,76.96412335901668,75.33840058305228,76.23056736571047,53306400
2015-01-29,77.32099151611328,77.34081408366313,73.56398345668313,76.18100102603636,61293500
2015-01-30,75.24919891357422,77.47961242151156,75.09058810055724,77.32100160849458,42649500
2015-02-02,74.33719635009766,75.47718690440429,73.10799289232196,75.44744926991461,41955300
2015-02-03,74.74363708496094,74.92207046974838,73.21704202910837,74.53546606320558,26957700
2015-02-04,74.97162628173828,75.6853597790446,74.35702831915296,74.43632615875853,20277400
2015-02-05,74.95181274414062,75.31859460305834,74.55529324641506,75.05094072782693,15062600
2015-02-06,73.82173156738281,75.04102004514603,73.6036454818044,75.02119747508426,21211000
2015-02-09,73.7919921875,74.17859657989936,72.81060482558195,73.40538779510064,16194300
2015-02-10,74.53547668457031,74.68416489059813,73.8514806849185,74.198432437285,15811300
2015-02-11,75.84397888183594,76.08188755263969,74.37685902542225,74.43633430237811,20877400
2015-02-12,75.56641387939453,76.20084201308207,75.22936967919682,76.1909269464051,17235000
2015-02-13,75.08067321777344,75.81423688530275,74.84276456064548,75.79440675213716,18621900
2015-02-17,74.94189453125,76.24049602086794,74.42642449992947,74.64451059267356,25254400
2015-02-18,76.04222869873047,76.23057714450246,74.79319504278403,75.27893497525078,22426400
2015-02-19,78.7286376953125,79.1449797305421,76.28013812725594,76.31979083008443,45851200
2015-02-20,79.20445251464844,79.64061706444994,78.51054164768173,78.85750086265448,36931700
2015-02-23,78.1536865234375,79.49194069289109,77.69769177560839,79.26393953748658,24139100
2015-02-24,77.76708221435547,78.788122318651,77.42013051045889,77.81664998476066,18897100
2015-02-25,78.86741638183594,79.5018444851092,77.81664625384826,77.81664625384826,25593800
2015-02-26,79.71002960205078,80.6616718350596,79.026033674615,79.1846369319597,31111900
2015-02-27,78.2825698852539,80.52289877515524,77.93561813665835,79.97768348237587,30739200
2015-03-02,79.0557632446289,79.16480628172881,77.83646726750237,78.31229211693648,21662500
2015-03-03,78.90707397460938,79.00620195383146,77.83647364785872,78.9169890414256,18635000
2015-03-04,80.19576263427734,80.44358637074731,78.16360497003151,78.6096922334656,28126700
2015-03-05,80.50305938720703,81.2762682132085,80.34445613306879,80.52288952083683,27825700
2015-03-06,79.31349182128906,80.62200053525316,79.13505847106767,80.19574350766752,24488600
2015-03-09,78.74846649169922,79.21437628830196,77.94551250826441,78.98637514165267,18925100
2015-03-10,76.87492370605469,78.5700371036457,76.87492370605469,77.81665085038969,23067100
2015-03-11,76.89472961425781,77.7472436617149,76.58743067725992,77.12273072308031,20215700
2015-03-12,78.24290466308594,78.36186277057135,77.23178721988889,77.42012810301617,16093300
2015-03-13,77.37055969238281,78.68897598638132,77.0037779054329,77.91576727717019,18557300
2015-03-16,77.39038848876953,77.4399562563664,76.68657005417496,77.28134545044,19305400
2015-03-17,78.66915893554688,79.0855009523221,77.6580339656877,77.67786409771284,22170000
2015-03-18,80.20567321777344,80.53279478376231,78.48081466301844,78.56012006937081,36912400
2015-03-19,82.02965545654297,82.27747918904008,80.29488932906321,80.41384744333466,42099500
2015-03-20,83.07051086425781,83.86354220082876,82.3468623011946,82.66407634841887,44466300
2015-03-23,83.69502258300781,84.22040763147263,82.5748621506768,83.18946010338082,27357300
2015-03-24,84.56735229492188,85.3207384189263,83.78422853863732,83.97257696038311,32576500
2015-03-25,82.19817352294922,84.77553882027803,82.19817352294922,84.7557162494514,37436100
2015-03-26,82.28739166259766,83.04077034029963,81.42496237801527,81.99991523440353,32794800
2015-03-27,82.57486724853516,83.21920287576444,82.15851764744356,82.65416509176136,18372600
2015-03-30,82.47573852539062,83.60581418679047,81.69262215407109,83.08042906247059,24527700
2015-03-31,81.50425720214844,82.77311329771341,81.49434213681401,82.1783379482897,19734300
2015-04-01,80.95904541015625,81.99990798703809,80.166014099037,81.78182191851205,22058200
2015-04-02,80.85000610351562,81.84130096035315,80.73105556100204,81.53400197488698,19664100
2015-04-06,81.72235870361328,82.08913299752324,80.09663557860715,80.09663557860715,19062900
2015-04-07,81.60338592529297,82.69380866987153,81.50425795996382,81.93051501756023,17467000
2015-04-08,81.56372833251953,82.376589700211,81.12755623566804,81.910679971843,18966700
2015-04-09,81.45470428466797,82.0792249439222,80.99870951489932,81.7818334335173,15927300
2015-04-10,81.32582092285156,81.89085861897598,81.19695533004376,81.4943392125953,12529700
2015-04-13,82.28739166259766,83.20929622095127,81.20687629021421,81.21679135683605,26883100
2015-04-14,82.79293823242188,82.96146409600945,81.7223455980429,82.44598656558706,19634200
2015-04-15,81.98999786376953,82.931732528903,81.55382570042435,82.82268948806671,22390900
2015-04-16,81.59349060058594,82.34687693272382,81.43488733028263,81.75210143387004,13769700
2015-04-17,80.0768051147461,81.39522921770508,79.67037811665682,80.77071611982043,24215000
2015-04-20,82.36669158935547,82.42617442761068,80.53279749289824,80.83018899523404,28796800
2015-04-21,82.8920669555664,83.75448851902264,82.8127615630941,83.26875622534212,27171900
2015-04-22,83.89328002929688,84.00232306731073,82.92181531623818,83.58598104742843,45548000
2015-04-23,81.69261169433594,84.84492203664057,81.69261169433594,83.36789483725603,73728100
2015-04-24,80.82026672363281,82.21799607183827,80.77070651964827,82.04947020194854,29660400
2015-04-27,81.19696807861328,82.2080855388078,80.91939915648123,81.15731537545156,25446000
2015-04-28,79.97766876220703,81.18704968870442,79.53158910511252,81.11765935175683,23775300
2015-04-29,79.76949310302734,80.68148249633184,78.82775851306764,79.3134984063751,26430300
2015-04-30,78.08429718017578,80.25523546566228,77.63821749331308,79.31350832096102,28999000
2015-05-01,78.30237579345703,79.06567704089836,77.43003907364621,78.55019949870798,24136400
2015-05-04,78.12393951416016,78.99628376446793,77.94550615050439,78.63941703715639,14692000
2015-05-05,76.88483428955078,78.11404547909507,76.54779763508175,77.86622174034538,22311300
2015-05-06,77.42012786865234,78.12394631910614,76.3792727924797,77.29126225816802,28663000
2015-05-07,77.74724578857422,78.25280821728674,76.88481665288563,77.32098875318495,19749400
2015-05-08,77.82656860351562,78.5403021772383,77.35074370004043,78.41142899349488,19943600
2015-05-11,77.3309097290039,78.3420271007367,77.25160432961881,77.79681949666734,18874100
2015-05-12,76.78569793701172,77.2119550237184,76.12153220467182,77.19213245449043,21285300
2015-05-13,77.75717163085938,77.84638453847927,76.97404777995075,77.04343811798167,21512300
2015-05-14,80.66166687011719,81.13748417584368,77.98516616423179,78.25282001631018,49438000
2015-05-15,79.71993255615234,80.81035541322058,79.48202390222357,80.70131993419554,27069900
2015-05-18,80.1759262084961,80.6715736425414,79.53159059462091,79.63071856883404,21613700
2015-05-19,79.92809295654297,80.97887053419386,79.84879512442,80.54269842411315,17955400
2015-05-20,79.84880065917969,80.39400827159317,78.76828537421387,79.76949525858087,23056900
2015-05-21,79.7794189453125,80.21558356977908,79.38289946245007,79.49194250931174,13402700
2015-05-22,79.83889770507812,80.60219150344187,79.55142125653114,79.65054924082793,19567900
2015-05-26,78.63941955566406,79.89836064406938,78.39159585170418,79.72984234049169,16321300
2015-05-27,79.84880065917969,79.95784369425823,78.73854773973413,78.90706604377216,14160900
2015-05-28,79.45228576660156,80.36427523674763,79.30359002271304,79.551413741534,11982000
2015-05-29,78.50064086914062,79.3729776064391,78.19333432564298,79.25401950286135,16134600
2015-06-01,79.591064453125,79.68027735943863,77.9752565695045,78.60968466877755,18119000
2015-06-02,79.73976135253906,80.64183574684672,78.86741703112197,79.06568054188932,18923300
2015-06-03,81.72235870361328,81.8115716195437,80.54271528421992,80.64184326735828,31775000
2015-06-04,81.33574676513672,82.22790609398459,80.80044663004023,81.42495967282966,20863900
2015-06-05,81.4249496459961,81.74216366147465,80.80043668011045,81.15730339289615,16143100
2015-06-08,79.9677505493164,81.28617446241944,79.43245044407956,81.10774109400715,16915500
2015-06-09,79.9677505493164,80.48322808605377,78.62950406771388,79.89836021509937,16497500
2015-06-10,81.44478607177734,81.88095064991396,80.10653201389526,80.12636214557105,21531200
2015-06-11,81.1176528930664,82.17833799508603,80.6517431408092,81.59347014768478,18656800
2015-06-12,80.82026672363281,81.37538941132777,80.4931376128214,80.66166348271113,11417900
2015-06-15,80.00740051269531,80.22548657362631,79.37297246070275,79.84879728118665,18805100
2015-06-16,80.3543701171875,80.80045740407289,79.74967956337309,80.11646143530366,13693700
2015-06-17,81.0780258178711,81.50428300645753,80.6319384923376,81.04828817543178,18350300
2015-06-18,82.18827056884766,82.4658319536666,80.85993136052491,80.92932170672965,26782600
2015-06-19,81.791748046875,82.25765788120033,81.40514362328169,82.10896212682285,23353200
2015-06-22,84.00231170654297,84.23031281782158,82.58475996705695,82.68389548855627,29383100
2015-06-23,87.11498260498047,87.20420306799227,84.02214772951235,84.22040366046016,50667900
2015-06-24,88.08647155761719,88.47307599052053,86.68874202098172,86.8969206199116,41370200
2015-06-25,87.21412658691406,88.62176349682812,87.07533834622338,88.48298281911714,27302000
2015-06-26,87.24385833740234,87.5709798768069,86.07413015919488,87.35290137153027,38214600
2015-06-29,85.0531005859375,86.73829879446679,84.98371024942111,85.85604698891,35957900
2015-06-30,85.02336120605469,85.94526577599143,84.82510524900634,85.84613779746725,23016500
2015-07-01,86.15345001220703,87.18439013203741,85.73710037433577,86.0146617575963,25260000
2015-07-02,86.53014373779297,86.67883950430752,85.58840892518806,86.63918679570492,16908800
2015-07-06,86.78785705566406,87.42228508088851,85.63795153308311,85.73707949396595,24635900
2015-07-07,86.46074676513672,87.08525986107982,84.48807193190477,87.03569965135878,33059900
2015-07-08,84.90441131591797,85.99483421410602,84.70614779435104,85.5388394589721,24399300
2015-07-09,85.13239288330078,86.83742111296607,84.90439931943796,85.97499949568997,23307400
2015-07-10,87.18438720703125,87.45204107689597,86.01465887183411,86.58961175385886,23245900
2015-07-13,89.31565856933594,89.43461666614635,87.65028302888508,87.88819922250592,29976700
2015-07-14,88.89933013916016,90.00958318985529,88.86959250116496,89.67253897895598,26627800
2015-07-15,88.97863006591797,90.19791852646472,88.64158587578866,89.21653871819885,30886600
2015-07-16,90.05913543701172,90.06905050312695,88.98853518595193,89.49409767611564,21804100
2015-07-17,94.14327239990234,94.55961441862667,91.73442563016955,91.74434069622855,54001600
2015-07-20,97.05768585205078,97.74167418009631,94.52988086928924,95.0156132454624,54860500
2015-07-21,97.53350830078125,98.3761074851051,96.29438962884025,98.08863104565715,39453300
2015-07-22,96.19525909423828,96.7305592538652,95.08500607097724,95.89786759567444,28299500
2015-07-23,94.60918426513672,96.60168149695419,93.9846636603459,96.11594913110103,29418800
2015-07-24,96.10603332519531,96.90898730189261,95.0453481311192,96.50255278044366,33444900
2015-07-27,93.3502426147461,95.7690046866876,93.0132059656291,95.73926704858671,38585400
2015-07-28,94.46049499511719,94.72814129909489,92.49772770168688,94.0144077378475,35236000
2015-07-29,96.14568328857422,96.43315969636683,93.91526992468135,95.48151756866339,64648300
2015-07-30,94.38119506835938,94.97597054962473,91.0008830859966,94.083811109217,86211300
2015-07-31,93.19164276123047,95.49144680179329,93.13215991987578,94.12345489534216,46509000
2015-08-03,93.32049560546875,94.25231517495165,91.99216415048451,92.71580514820594,29343100
2015-08-04,93.2412109375,93.90538437566576,92.51756977886035,92.97356459897135,20136000
2015-08-05,95.60047912597656,96.24481473733888,94.35144547941924,94.42083581739578,29813200
2015-08-06,94.29197692871094,97.88045975267885,93.59806593650498,96.33404207441555,42271300
2015-08-07,93.47911834716797,94.56954129750056,92.79512240026808,94.54971116290557,23199100
2015-08-10,93.3304214477539,95.06518761755238,92.81494383631625,94.84710151755802,21624200
2015-08-11,92.8050308227539,93.93510639838303,92.09129728804501,92.91407386627775,22491000
2015-08-12,93.37007904052734,93.61790279204124,90.39619402236065,91.89304403615844,27050500
2015-08-13,92.6166763305664,93.90536263560897,92.53737092899901,93.23128184824475,17451800
2015-08-14,93.59806823730469,93.89545975027194,92.39860224416938,92.72573139583729,15929700
2015-08-17,93.11233520507812,93.63772031990659,92.57703502308865,93.5980676142429,18313500
2015-08-18,94.3415298461914,95.01561065233241,93.22136937902192,93.26102208091017,22278800
2015-08-19,94.4803237915039,95.26344774708602,93.34034059476423,93.80624289068516,23251300
2015-08-20,89.77166748046875,93.94501827655093,89.67253949891658,92.72572973379681,44598200
2015-08-21,85.31082153320312,88.40366379496989,84.8647419325636,86.75811092278607,62778700
2015-08-24,81.3753890991211,81.3753890991211,71.37322787810069,76.35943967117464,83710700
2015-08-25,82.2774658203125,86.9068105760513,82.2774658203125,86.19307713235268,52021200
2015-08-26,86.43099212646484,86.6986383826595,82.5352034359906,85.2017811846661,45124300
2015-08-27,88.94888305664062,89.27600458293857,86.43099343280676,88.32436251111596,42431400
2015-08-28,90.21774291992188,90.68365269144317,89.00836203971235,89.09757494252491,33215900
2015-08-31,88.65150451660156,90.2574050009518,88.11620435515148,89.81131775158674,32850700
2015-09-01,86.47064971923828,88.61184257894236,85.74700117926312,86.09395285062962,36097400
2015-09-02,89.10749053955078,89.10749053955078,86.86716213437882,88.0368903215416,27190500
2015-09-03,87.38264465332031,89.03810527774017,86.96630262136675,88.9786300054553,27048200
2015-09-04,87.49168395996094,87.62054956540419,85.9452588797451,86.44090629557519,27328700
2015-09-08,88.75061798095703,89.45443634767227,88.05671467940081,88.90922877158631,27012500
2015-09-09,89.65270233154297,91.1792972004399,89.38504850565029,89.98973892654385,32551100
2015-09-10,91.1792984008789,91.25859623646615,88.84974958661279,89.28592171574842,26437400
2015-09-11,91.24868774414062,91.27842537753567,90.3366907964783,90.8819059519841,21185000
2015-09-14,91.50641632080078,91.81372283736371,90.80259795302429,91.50641632080078,20127900
2015-09-15,92.09129333496094,92.43824502083466,90.99095544334749,91.56590827306938,18859400
2015-09-16,92.63650512695312,92.78520087414323,91.82364361369106,92.09129747122923,16321200
2015-09-17,93.51876068115234,94.67858150474673,92.09130111538875,92.5572109456304,27841800
2015-09-18,93.5782470703125,94.36137100743154,92.24000036783531,92.3886885635702,62300000
2015-09-21,94.7182388305664,95.65005097352773,93.69719864323538,93.7963341921079,28790000
2015-09-22,92.1507797241211,93.85580828667739,91.11983204529682,92.95372623158848,36888900
2015-09-23,93.1519775390625,93.49892922126436,91.99216438871079,92.58693978148247,21701400
2015-09-24,93.5881576538086,93.94501686945539,91.43704191514651,92.24990345246773,29106000
2015-09-25,91.9624252319336,95.01561536184566,91.25860675523606,94.95614008755514,28961600
2015-09-28,88.43340301513672,91.48659263522748,87.41237064108176,91.27842164699112,41199900
2015-09-29,85.91551971435547,89.27600852878066,84.97379266624617,88.32436641489717,42281800
2015-09-30,89.1174087524414,89.23635929443464,87.24386208625276,87.6701191753474,36169100
2015-10-01,90.15824890136719,90.15824890136719,87.59079928816865,89.26608973202575,29283700
2015-10-02,91.26850128173828,91.39736686802618,87.60071397498919,88.12609894759602,37881700
2015-10-05,93.19164276123047,93.4493740095058,91.85339605694693,92.13095744000064,27292500
2015-10-06,91.99217224121094,93.35024145075224,91.53616991941594,93.26102853756197,22172800
2015-10-07,91.59564208984375,92.84467566989494,90.57460964413508,92.29946049841011,24129300
2015-10-08,91.66503143310547,92.40850253364913,89.68244183165572,91.09007863357006,27290500
2015-10-09,92.42832946777344,92.92397689154761,91.43703462022509,92.09129284983716,20012900
2015-10-12,93.4394760131836,93.77651270890726,91.86331290905713,92.50765622127258,18449600
2015-10-13,93.3006820678711,94.53980073745777,92.73564425705878,92.84468730502083,19480300
2015-10-14,93.2511215209961,94.37128216241967,92.79512672281531,93.26103658875545,19253400
2015-10-15,95.12466430664062,95.46170852881131,94.07389405977632,94.16310697674537,27557500
2015-10-16,96.69091796875,96.74047818237689,94.51997943660092,95.34275612521223,25412900
2015-10-19,97.61280822753906,97.71193620312984,96.07629813545302,96.33403692237282,23729900
2015-10-20,96.1556167602539,98.72306722702372,95.7194445321154,97.87056046935967,30881800
2015-10-21,96.26465606689453,97.32534139246908,95.63022788503577,96.52239487920606,21917800
2015-10-22,98.80236053466797,98.86184337129369,96.70082019406267,96.93872885162594,26392100
2015-10-23,101.30043029785156,101.95468101232065,99.2881028202708,101.02286893032043,42809700
2015-10-26,102.86666870117188,102.9063214048281,100.66600037060077,101.31033600681965,25961200
2015-10-27,102.79727935791016,103.19379883533972,101.50860050998907,102.04390067007198,23795500
2015-10-28,103.29292297363281,103.57049189159979,102.0240667434169,102.99553904885204,24081500
2015-10-29,103.96700286865234,104.20491908194121,102.61884124526726,103.05501340665056,20316700
2015-10-30,101.08232879638672,103.80838941090425,100.76511477285293,103.60021841698948,33487100
2015-11-02,102.4106674194336,102.56927822393857,100.29921213457236,100.83451225530747,24003900
2015-11-03,101.6870346069336,102.74771986775272,101.508601218993,102.32146275006018,21242300
2015-11-04,103.03519439697266,103.23345035191697,101.58790474953548,102.29172322146164,43469300
2015-11-05,107.813232421875,109.68677912536012,107.01027843253875,107.85288512432194,63232900
2015-11-06,106.16767883300781,107.79340181122612,104.98804308310504,107.09949842893036,35084300
2015-11-09,105.56298828125,107.30766936500352,104.93847523764136,106.06855078111202,26383500
2015-11-10,106.97063446044922,107.20854311474754,104.32387137483384,105.03760490070856,25031700
2015-11-11,108.06105041503906,108.91356456503446,106.17758874497996,107.32748680310304,25057100
2015-11-12,107.07966613769531,108.43774280193067,107.05984356844917,107.53566842313103,20924700
2015-11-13,103.04511260986328,107.30768415098379,102.92616204972641,106.77238394142582,30278400
2015-11-16,103.13432312011719,103.26318873546472,99.59540060161719,102.42058957638947,49309200
2015-11-17,104.21482849121094,105.27551371517187,103.23344867313001,103.70927354543034,26807200
2015-11-18,106.83185577392578,106.94089882585277,104.47257646391898,104.87901103255241,23836500
2015-11-19,105.33499908447266,106.79220380990097,105.02769252004154,106.42542197111929,25520600
2015-11-20,106.3857650756836,106.9309802790157,105.69186169233332,105.90994021068651,22129600
2015-11-23,106.01898193359375,106.53445949451512,105.15656024828922,106.25689814462494,19897200
2015-11-24,104.81952667236328,105.56299789037442,103.48127999253929,105.0772654789083,23577300
2015-11-25,104.49240112304688,105.67203693474518,104.18509455509215,105.40439063411885,15150800
2015-11-27,104.53205108642578,105.03761363646356,103.94719068701336,104.85918024015496,5913100
2015-11-30,103.33257293701172,105.17638196109883,102.84684057866001,104.91864318273731,20383200
2015-12-01,106.18750762939453,106.21724526497876,103.59031238566503,103.91744150305064,22781900
2015-12-02,105.14664459228516,106.98053855489798,104.86908324395192,106.06854910666601,24429100
2015-12-03,103.47134399414062,105.91984325356124,102.45031160469321,105.34489047949106,23236500
2015-12-04,105.25569152832031,106.79220163017443,103.20371141232935,103.89761480885585,21224700
2015-12-07,104.6906509399414,105.90003188118547,103.7489238466013,105.55308019221698,15474900
2015-12-08,105.56298828125,105.97933787330206,103.04509841122491,103.09466617977243,20401800
2015-12-09,103.68944549560547,105.51343205259109,102.6485903836935,105.2556932597929,23517300
2015-12-10,104.50230407714844,105.47377638393765,103.50110169711736,104.13552981310961,17454300
2015-12-11,101.23104095458984,103.43170934585865,101.02286992688794,103.24336845202176,26427700
2015-12-14,103.7489242553711,103.82822209674805,100.5767761479249,101.39955270142016,24648100
2015-12-15,103.6398696899414,104.8789881340441,103.3722158707471,104.38334075640303,21764300
2015-12-16,105.86038970947266,106.15777365975052,103.28302432549621,104.45275268107527,22680500
2015-12-17,105.29534912109375,106.81202916034714,105.20612864426582,106.55429035981999,21675700
2015-12-18,103.13432312011719,105.66212059734293,103.06493277908699,105.15656563968575,35994200
2015-12-21,103.85796356201172,104.23466046510491,102.69815034170668,103.99675180624283,16138800
2015-12-22,104.59152221679688,104.74021795756902,103.8976112808534,104.30404580143195,14597100
2015-12-23,103.71917724609375,105.18629694916336,102.95588354067894,104.96821087247928,19599700
2015-12-24,104.10580444335938,104.40319598817973,103.5903343370494,103.828243035117,6501800
2015-12-28,105.00786590576172,105.05743367446499,103.62005157484671,104.10578394362409,13069700
2015-12-29,106.3262939453125,106.80211126586403,105.32508397063957,105.4936022898774,17179900
2015-12-30,105.29534912109375,106.31638169324576,105.13673830139084,106.06855795969507,13115000
2015-12-31,103.7489242553711,105.24577405695834,103.7092715531928,105.07725574493534,18391100
2016-01-04,101.33016204833984,101.34998461787755,98.88166252804486,101.0625082002134,37912400
2016-01-05,101.8357162475586,102.80718089831636,100.78493863617415,101.99431947987499,23258200
2016-01-06,102.07362365722656,102.86665493528578,100.02164378624275,100.24963734803046,25096200
2016-01-07,97.06758880615234,100.54703580818862,96.45299084636537,99.62513130552874,45172900
2016-01-08,96.48273468017578,99.62513770613984,96.18534318421922,99.0105321438869,35402300
2016-01-11,96.66117095947266,97.74167880537391,94.55962298047022,97.05769044496105,29932400
2016-01-12,98.5049819946289,99.08984238543545,96.70082548649138,98.1382001401192,28395400
2016-01-13,94.60918426513672,99.70443926239523,94.38118311864586,99.70443926239523,33410600
2016-01-14,97.513671875,98.00931927335482,91.64520093061479,95.0156047520234,48658600
2016-01-15,94.14327239990234,95.54099419504242,92.7257204726443,93.16189262348661,46132800
2016-01-19,94.4307632446289,96.57195649888621,93.10242401993932,95.68970455927817,30998300
2016-01-20,93.52867889404297,94.17302213705045,88.59203417939084,92.02191386756155,59051400
2016-01-21,93.34033203125,95.15439596237702,91.81373696760096,94.08380321116466,30518900
2016-01-22,97.08741760253906,97.21628320714557,94.658740742954,95.57073773002386,30495400
2016-01-25,96.16552734375,98.61402713447325,96.08622193088097,97.86064083817831,32482000
2016-01-26,96.4926528930664,97.02795310741043,94.82728453241494,96.90900254621003,26877100
2016-01-27,93.6278076171875,96.99821205391373,93.40972907500033,96.93873677540637,58699400
2016-01-28,108.16018676757812,109.37947525506556,103.89761568722238,106.26680988493783,107475300
2016-01-29,111.23319244384766,111.85770546675377,107.89252612974619,108.04122186747985,62739500
2016-02-01,114.08812713623047,114.71264776750878,111.03494457268067,111.29267580297402,46132700
2016-02-02,113.61229705810547,116.56635131188823,112.21456776694868,113.80064548930567,59778600
2016-02-03,111.7090072631836,114.33593228773213,108.79459829197434,114.26654195808328,56919300
2016-02-04,109.5281753540039,110.96555754890012,108.29897175107693,110.82677686290741,38890200
2016-02-05,103.1640625,108.62609965214851,102.28181062214956,108.55670930994611,76894700
2016-02-08,98.88166046142578,101.78615465018032,96.61159436633275,99.53591868719016,71229700
2016-02-09,98.67349243164062,101.50859636959922,95.97716917067473,96.29438322708369,62709000
2016-02-10,100.12078857421875,102.35120218107016,99.36740230493672,100.66600381441894,45179400
2016-02-11,101.02288055419922,104.19502163809034,98.01925024800681,98.73298388262755,43670600
2016-02-12,101.12199401855469,103.33257739174645,100.20999697033862,102.83692994590331,36176800
2016-02-16,100.72547912597656,103.02528307666645,99.36740233998626,102.89641745756467,45687200
2016-02-17,104.28421020507812,104.79968773768238,99.52599969053391,101.1318924303892,44073400
2016-02-18,102.56929016113281,105.07726518615958,102.13311796096109,104.87900922043443,29593500
2016-02-19,103.65970611572266,104.10578579004502,101.1715538296864,101.65729377005853,32404500
2016-02-22,106.22715759277344,107.3076653270373,104.4229937420573,104.57168947912481,35709700
2016-02-23,104.54196166992188,106.53446658274626,104.20492502633908,105.91986100782579,25319300
2016-02-24,105.94959259033203,106.01898292845573,101.8456324487776,103.30283711235468,34412400
2016-02-25,107.12924194335938,107.12924194335938,104.69065734222019,106.1775997255719,29906300
2016-02-26,106.98055267333984,108.49723278616267,106.2271739321474,107.75376154944712,26686200
2016-02-29,105.98924255371094,107.96192473207113,105.82072424590513,106.66332334791363,32779000
2016-03-01,108.86399841308594,108.86399841308594,106.6633226706049,106.8913238102316,26817300
2016-03-02,108.99286651611328,109.58764948077418,107.82313828218219,108.72522023239954,25670200
2016-03-03,108.62609100341797,109.33982450237566,107.59514345636568,109.29025673490047,21353100
2016-03-04,107.44644927978516,109.09200237775968,106.99045455170271,109.09200237775968,24938900
2016-03-07,104.80960845947266,107.12923479243477,103.80839853721264,107.12923479243477,31436400
2016-03-08,105.00786590576172,106.4353329390434,103.49118596438977,103.8678752924037,25617000
2016-03-09,106.5741195678711,106.5741195678711,104.5716995829094,105.77116553531633,20493300
2016-03-10,106.3857650756836,107.71410413335653,104.84925500300558,106.9706329813471,24854300
2016-03-11,108.45758819580078,108.46749570032826,106.98055321930865,107.5356835550494,20697600
2016-03-14,108.93339538574219,109.36956755961258,107.82314238088112,108.32870489486909,17249400
2016-03-15,109.70660400390625,109.86521481703205,107.89253253442398,108.16018639082881,17618500
2016-03-16,111.20346069335938,111.52067475458657,109.14156551389276,109.52816991467029,24744800
2016-03-17,110.0535659790039,111.70903435290239,109.76609708858867,111.17373415309446,24241200
2016-03-18,110.47982025146484,111.44137757260816,109.31009189630808,110.58886330208813,36256900
2016-03-21,110.87632751464844,111.39180507217146,110.06346603976627,110.6879866358815,18448000
2016-03-22,111.27284240722656,111.89735541476833,110.2022421974585,110.39059063148599,19001100
2016-03-23,111.56033325195312,112.20467647437552,111.02503307777054,111.03494814478694,18562000
2016-03-24,112.0658950805664,112.10554022242134,110.70781830114113,111.1538979953203,17839100
2016-03-28,112.70030975341797,113.59246903507731,111.96674614617112,112.33352794979454,21351800
2016-03-29,115.12898254394531,115.30741591833308,112.65074543465947,112.83909387511862,29825300
2016-03-30,113.70152282714844,115.97158907212416,113.36448618894119,115.71385784160564,33235200
2016-03-31,113.10674285888672,114.00882481846006,112.77961373752629,113.7015182667368,21207500
2016-04-01,115.04967498779297,115.1587180235988,112.36326691916976,112.7597863618292,24760500
2016-04-04,111.57023620605469,113.55282586719841,110.63841664516374,113.07700102081299,48487900
2016-04-05,111.24310302734375,112.33352578848697,110.92588899568429,111.13405999493152,22962400
2016-04-06,112.72014617919922,112.81927416012773,111.441374805175,111.49094257712933,20814600
2016-04-07,112.65074920654297,113.88986780267528,112.08571142922581,112.79944495067478,20714500
2016-04-08,109.66695404052734,113.334749774409,108.94331298575607,113.25544436586475,48497800
2016-04-11,108.04122924804688,109.9445212076935,107.82314315953676,109.73634262285753,39762300
2016-04-12,109.64712524414062,110.19234044320017,108.04122484571221,108.38817653466846,26248100
2016-04-13,109.5479965209961,111.66936690521838,105.59272460501998,111.2530248813197,88227400
2016-04-14,109.8751220703125,111.06468047710662,109.3001767814908,109.65704354723107,28473300
2016-04-15,108.6855697631836,110.00399376536308,108.2493975969336,109.82556038489533,20922800
2016-04-18,109.488525390625,109.84539218153662,108.24940668967642,108.78470687604386,21167200
2016-04-19,111.31250762939453,111.47111088406582,108.20975724814582,110.1328642527979,30210500
2016-04-20,111.44136810302734,112.28396723471552,110.58885390494856,111.45128316941795,21027900
2016-04-21,112.45250701904297,113.04728250538314,111.33233883073866,111.57025507565925,20875200
2016-04-22,109.59754943847656,110.77719265739766,108.06104705349918,110.2418925638447,38458200
2016-04-25,109.14155578613281,109.70659351867519,108.12052335390528,108.9135622177798,21017900
2016-04-26,107.813232421875,109.53808338192898,107.20854194477349,109.52816831557233,22521500
2016-04-27,107.94210052490234,107.99166829485043,105.38455788036991,107.00037339972747,52213100
2016-04-28,115.71385192871094,119.73850662600852,115.21820450045342,118.53904075718287,87110100
2016-04-29,116.55644989013672,116.81418110493357,114.83159141153295,115.80306368901023,37140600
2016-05-02,117.53782653808594,117.6964373395608,115.55523689752584,116.8042704887129,28095200
2016-05-03,116.40774536132812,117.13139387249223,116.00131087463814,116.49695826056511,24117500
2016-05-04,117.03226470947266,117.27018091300097,115.5552375367194,115.59489023730747,23448400
2016-05-05,116.7844467163086,117.94426746705629,116.22932400687702,117.01244786509925,22056700
2016-05-06,118.44981384277344,118.59850957575642,116.09053493530308,116.14010270062379,26395600
2016-05-09,118.20199584960938,119.2329434016313,117.86495923068772,118.49938732993513,21138100
2016-05-10,119.45103454589844,119.45103454589844,117.96409220715282,118.57869776317375,23220000
2016-05-11,118.47955322265625,120.02597828029617,118.38042525353325,119.3618125678949,22038400
2016-05-12,119.23294067382812,119.78806335722469,117.8649565341812,118.9355567632854,22035500
2016-05-13,118.76703643798828,119.5898129985525,118.6381708270364,119.33207421366907,18124300
2016-05-16,117.63695526123047,118.56877481841735,116.32844639259623,118.34077368058124,31247800
2016-05-17,116.32845306396484,117.97400620077451,116.17975731884665,117.78565775275949,21328600
2016-05-18,116.6258544921875,117.2404525320105,115.71386493678666,115.78325528202411,21642300
2016-05-19,115.79314422607422,116.46722499875376,114.87123975112982,116.0310604255935,20544100
2016-05-20,116.32845306396484,116.96288118435466,115.93193359797627,115.94184866444542,18944800
2016-05-23,114.9604721069336,116.57628009014918,114.93073446966274,116.39784670354415,20441000
2016-05-24,116.67540740966797,116.70515260975077,115.10916720607071,115.22811775448218,20183600
2016-05-25,116.8637466430664,117.63695539866552,116.35818416325954,117.10165528410167,20019800
2016-05-26,118.43001556396484,118.71749202323113,116.89350527964035,117.21071937900648,18481300
2016-05-27,118.34078216552734,118.80669197752617,117.97400789368305,118.5192155496337,13493600
2016-05-31,117.7757339477539,119.05450516012246,117.09174567172734,118.42007708680492,23547600
2016-06-01,117.74600219726562,118.04339368029719,116.79436003973605,117.46844084669195,15029500
2016-06-02,117.89470672607422,118.40026925971819,117.19088823095191,117.65679805970417,13228300
2016-06-03,117.43870544433594,117.94426794991213,116.83401496352397,117.94426794991213,14135100
2016-06-06,117.75592041015625,118.3903485321291,117.3296633066764,117.58740209465904,12744700
2016-06-07,116.73487854003906,118.26147344972381,116.64565807469805,118.2019906185034,17103000
2016-06-08,117.35939025878906,117.56756125833019,116.24913736492404,116.73487726016573,14505600
2016-06-09,117.5279312133789,117.64688933446641,116.68533198720559,117.10167406654104,13859200
2016-06-10,115.60480499267578,117.08183216146162,115.24793825132119,116.51679441481339,18510800
2016-06-13,112.95806121826172,114.47474890765056,112.32363302895342,113.99892398417906,31718200
2016-06-14,113.9394302368164,113.94933773977618,112.59126866230997,113.07700101161646,17618500
2016-06-15,113.6023941040039,114.43508575331492,113.07700901672644,114.29630507225973,19819400
2016-06-16,113.39422607421875,113.50326912120767,111.95685145551776,112.87875603998215,19236300
2016-06-17,112.03614807128906,113.43387753298815,111.58015331751646,113.4239624661944,24644300
2016-06-20,112.38309478759766,113.72134126201469,111.76848928570443,112.77960665929221,20785400
2016-06-21,113.3843002319336,114.20707675811984,112.97787328331036,113.12656902079861,19166300
2016-06-22,112.91841125488281,113.7411803145717,112.62101974503268,113.65196739940481,14846300
2016-06-23,114.07823181152344,114.08813931629864,112.55163658527901,113.37441326046581,16176900
2016-06-24,111.10432434082031,112.690394527378,110.03372412877667,110.04363919453056,40643100
2016-06-27,108.02140045166016,110.5987655356332,107.2878443841171,110.5987655356332,36130400
2016-06-28,111.71893310546875,111.76850087606032,109.58765510367063,109.6669529484452,26813800
2016-06-29,113.16622924804688,113.25544215868553,112.05597623900451,112.3831053706393,20968300
2016-06-30,113.28518676757812,114.1773537437714,112.6804962372127,113.67179119676516,23192700
2016-07-01,113.19597625732422,114.1277883962817,112.81927932438052,113.20588376178446,14980000
2016-07-05,113.20587158203125,113.20587158203125,111.98658312231841,112.94814036014478,14207000
2016-07-06,115.68411254882812,115.77333302315148,111.9865867833163,112.37319119176435,24337600
2016-07-07,114.84151458740234,115.95176761678209,114.35578219585247,115.61472341235358,16630200
2016-07-08,116.21940612792969,116.47714490663395,114.84150689109383,115.41645971936506,18142600
2016-07-11,116.84392547607422,117.6666944451465,116.47714366271902,116.68531467149485,17711600
2016-07-12,116.90340423583984,117.68652809012278,116.54653747786332,117.59730761913882,15217700
2016-07-13,115.7634048461914,117.36930513532349,115.66427687937613,117.35939006974824,16207700
2016-07-14,116.26898193359375,116.6159336425777,115.68411399875222,116.47715295898412,14579700
2016-07-15,115.84272766113281,117.25036466528553,115.56516628712865,116.71506448842882,16646000
2016-07-18,118.33087921142578,118.56878787838798,115.87246444288259,116.2987215678041,20868400
2016-07-19,119.56006622314453,119.79797485709273,117.62704439172971,117.95416592729129,21541300
2016-07-20,120.8586654663086,121.13622681232438,119.51050387453519,120.19449973648801,20046500
2016-07-21,119.56006622314453,121.03709335491739,119.2031994907327,120.85865998871147,17801700
2016-07-22,119.94668579101562,119.95660085788897,118.27139494948335,118.85626288732968,18422400
2016-07-25,120.5711898803711,120.78927595744338,116.75470622054475,120.3332812340102,18487400
2016-07-26,120.16475677490234,121.0073558416672,119.69884700917919,120.93796550823902,17612000
2016-07-27,122.26631164550781,123.91186484082438,120.45224769210297,121.35432213539455,52654200
2016-07-28,123.91184997558594,127.21286347405054,122.55377337718103,126.40990954338294,78955800
2016-07-29,122.86109161376953,124.74454586246482,122.6330904603804,123.564910081131,35058800
2016-08-01,123.22785949707031,123.49551333991383,121.79048500009996,122.77186477690745,25006900
2016-08-02,122.01847839355469,123.71359922771306,121.00736098307196,122.98003559975676,23968400
2016-08-03,121.44353485107422,122.84125666442029,121.24527134220914,122.01848011933413,18525300
2016-08-04,123.27742767333984,123.70368475970729,121.44353372054206,121.86979080690949,21066000
2016-08-05,124.06056213378906,124.74455049338866,123.53517703040818,123.89204381062541,20184000
2016-08-08,124.16960144042969,124.35794232882907,123.46578296814388,124.15968637378344,15233900
2016-08-09,123.9713363647461,124.99236889006391,123.44595128379459,124.24889772351446,19621000
2016-08-10,123.79290771484375,124.38769072120564,123.4558710700201,123.98125617105703,10670100
2016-08-11,123.81272888183594,124.28854617688953,123.66403314101436,124.11011280049955,11729500
2016-08-12,123.79290771484375,123.91186582871215,123.099004291395,123.6144743255312,12159000
2016-08-15,122.82142639160156,123.83254375296734,122.62316289517166,123.82263625038014,19295100
2016-08-16,122.22666931152344,122.841267334943,121.71119170667714,122.42492527463035,14222400
2016-08-17,123.28733825683594,123.29724575959207,121.78056591019082,122.58351984921087,13794200
2016-08-18,122.83135223388672,123.17830392935534,122.56369838096826,122.93048020930922,12400800
2016-08-19,122.48438262939453,123.07916555764872,122.20682129646477,122.52403532881009,11688300
2016-08-22,123.06925964355469,123.74334045778592,122.03831207102574,122.25639815253874,14386400
2016-08-23,123.28733825683594,124.00106416721714,123.16838015694947,123.42611892521388,13309500
2016-08-24,122.40509033203125,123.60455618245257,122.01847838598128,123.3864701072888,12243700
2016-08-25,122.81150817871094,123.28733299496955,122.02838440458505,122.04821453520938,10730800
2016-08-26,123.8722152709961,124.10021643578379,122.83136011778326,122.9701408048783,17504800
2016-08-29,125.4384536743164,125.6268021196452,123.26751549030008,123.26751549030008,15925900
2016-08-30,124.74453735351562,125.49792353939242,124.06054906596344,125.49792353939242,17804300
2016-08-31,125.0220947265625,125.12122268748713,124.01096986138668,124.50661722898853,14200600
2016-09-01,125.07167053222656,125.52766525976276,124.50663276517307,125.2798415450379,13536100
2016-09-02,125.4087142944336,125.75566598128341,124.9031518004641,125.74575091509355,12118800
2016-09-06,128.60067749023438,128.80885606550805,125.36906170359678,125.56731764969224,26278400
2016-09-07,129.90919494628906,130.83109190930534,128.8187645455566,128.9079774530822,27990800
2016-09-08,129.13600158691406,129.93894810246945,128.67999923960699,129.7803372750617,15676600
2016-09-09,125.99358367919922,128.81877270788263,125.99358367919922,128.58087160607363,27100700
2016-09-12,127.56974029541016,127.63912307138507,124.65533093335553,124.86350195021947,21252800
2016-09-13,126.10261535644531,127.23269842900757,125.55740773367009,126.91547682058349,18016200
2016-09-14,126.65773010253906,127.67877007392111,125.7853934230152,125.7853934230152,15691100
2016-09-15,127.23271942138672,127.97619067209378,126.55863095524576,126.86593754836487,15077200
2016-09-16,127.94645690917969,128.05548484166428,127.0840199465722,127.0840199465722,24119200
2016-09-19,127.53008270263672,128.8088615928508,127.1434782970752,128.77912395595837,14958800
2016-09-20,127.52017211914062,128.0455571928311,126.91548164033243,127.53007962254557,11083800
2016-09-21,128.80885314941406,128.87823592229512,127.27234313153065,128.00590675403183,14068300
2016-09-22,128.94764709472656,129.59198275276609,128.43216949271877,129.3639891527466,15538300
2016-09-23,126.8460922241211,127.4805279066973,126.19184153459089,126.44957275862836,28326300
2016-09-26,126.20173645019531,127.04434306643977,125.69618155602345,126.261219280023,15064900
2016-09-27,127.56974029541016,127.88694679093449,126.32070663124678,126.49914001184155,15637100
2016-09-28,128.10504150390625,128.34295773604612,127.28226488446138,128.08522649569827,12047600
2016-09-29,126.9749526977539,128.16450348311392,126.4396601384275,128.05546044544167,14532200
2016-09-30,127.15339660644531,127.47060309784037,126.34052755644433,126.91548039342958,18402900
2016-10-03,127.64904022216797,127.96624670407802,126.6874830215089,127.26243584130208,13156900
2016-10-04,127.07408905029297,128.15459680493566,126.43966095228672,128.0455537665615,14307500
2016-10-05,127.35164642333984,127.67877552825308,126.71721834513316,127.13356035339768,12386800
2016-10-06,127.61930084228516,127.93650731985815,126.96504262947019,127.31198674162945,11682700
2016-10-07,127.86710357666016,128.12483474279082,127.21284547114836,127.9166562088712,12804400
2016-10-10,129.1062774658203,129.5622647349113,128.07532210568286,128.55113951176642,15138700
2016-10-11,127.75809478759766,129.5027684104335,127.11374401070454,129.0963338609108,17537900
2016-10-12,127.92662048339844,128.53131102760392,127.34176007410687,127.88696021357062,11073000
2016-10-13,126.70730590820312,127.13356299112138,125.64662073391528,127.09391785301777,17139300
2016-10-14,126.76678466796875,127.82746987145508,126.46940074612881,127.37148270389643,13345300
2016-10-17,126.42974853515625,127.35165306610313,126.21166245383856,127.08399921612971,11351700
2016-10-18,127.45079040527344,128.26364434407367,126.89565256482409,127.55981832151438,13504000
2016-10-19,128.97738647460938,129.33425326144047,127.48053654632476,127.61931723420571,16752300
2016-10-20,128.86834716796875,129.52260548382137,128.37269967886118,128.9377450769051,13167500
2016-10-21,130.92030334472656,130.97977860887002,128.57092452935868,128.65022992353573,19088800
2016-10-24,132.11981201171875,132.24868521726427,130.99964368896286,131.56468916623504,17470200
2016-10-25,131.1383819580078,132.33785531705215,131.06899918775932,132.33785531705215,13336800
2016-10-26,129.8992919921875,131.10867311946592,129.80017156635444,130.49407505103184,13084700
2016-10-27,128.56101989746094,130.65265244696005,128.14467791320453,130.59317718148878,16741400
2016-10-28,130.1470947265625,131.81247794678538,128.79893312008076,129.36397844732252,24545500
2016-10-31,129.84970092773438,130.969853676629,129.74065790340407,130.86081065229865,15669000
2016-11-01,128.37271118164062,130.79147356537146,127.53010432427195,130.2660883899174,22077800
2016-11-02,126.0629653930664,129.0963252411919,125.18071357367069,129.0963252411919,39640900
2016-11-03,118.95537567138672,122.20682139632797,118.45972827275594,120.93796526590984,63766300
2016-11-04,119.69886779785156,120.8685961666355,118.21192534073539,118.54896200078444,30545500
2016-11-07,121.08666229248047,122.13743236865687,120.29362342100221,121.76074306434325,23008900
2016-11-08,123.1386489868164,123.52525337801801,120.48197845372516,120.96771081854621,19460800
2016-11-09,122.10769653320312,122.7322095486807,119.46094117234864,120.44232092895032,31916000
2016-11-10,119.74842071533203,123.09899458034711,114.26655385062068,122.85117086824003,67846700
2016-11-11,117.9839096069336,119.64928525586684,117.12148792856176,118.48947209758641,32840100
2016-11-14,114.07823181152344,118.09297207287865,112.56155165303497,118.09297207287865,51377000
2016-11-15,116.17975616455078,117.45852745909441,114.82168702798108,115.71385392684638,34681400
2016-11-16,115.32723999023438,116.85383497700384,113.21578466828272,113.48343851484168,32397900
2016-11-17,116.7646255493164,116.7646255493164,115.00012186201369,115.79315323316041,18597800
2016-11-18,116.00132751464844,118.09296038833645,115.82289412759988,117.35940426957241,22879300
2016-11-21,120.70997619628906,120.88840958014455,116.77454181083064,117.17105371897185,35415400
2016-11-22,120.41258239746094,121.90943968586116,119.8475446553863,121.33448687800157,26089200
2016-11-23,119.78807067871094,120.25398048631503,118.89591132957436,120.1746826431112,15672100
2016-11-25,119.33208465576172,120.08547094358737,119.0247856380743,119.95660532135918,8658600
2016-11-28,119.36183166503906,120.6306880239727,118.77696369657345,119.07435521450246,18101300
2016-11-29,119.81781005859375,121.0370984767809,119.35190027361935,119.52041858133963,18891000
2016-11-30,117.38914489746094,120.72981156559388,116.92323506591045,119.27260679473773,30188900
2016-12-01,114.09803771972656,117.41887401276296,113.00761487823426,117.34948367456744,43277000
2016-12-02,114.39543151855469,115.46603181206181,113.30500865501065,114.10795509365111,25070400
2016-12-05,116.40774536132812,116.54652602434936,114.0682890947145,114.94062577127356,20201500
2016-12-06,116.2887954711914,116.77453538901771,115.31733076149767,116.66549235138156,19131200
2016-12-07,116.9232177734375,116.9232177734375,115.55523368218789,115.98149074556683,21913700
2016-12-08,117.8748779296875,118.45973827924597,116.61592919555154,116.95297338784029,22442800
2016-12-09,118.63816833496094,118.89590711443039,117.914519764405,118.18217361004085,17464700
2016-12-12,116.74478912353516,118.20199373773286,116.6258385839137,118.18217116878908,17805500
2016-12-13,119.26268768310547,120.46215361142971,116.5861944629413,116.83401818936315,29768000
2016-12-14,119.1635513305664,120.63067101558892,117.81538974853905,118.95538032255946,25913100
2016-12-15,119.52042388916016,121.43362331824433,118.58860427782989,119.03469151352151,20139600
2016-12-16,118.8265151977539,120.44232306433953,118.23173224334894,119.84754767291399,25324300
2016-12-19,118.20199584960938,119.31224880478212,117.47835484405194,118.80668631342012,15918100
2016-12-20,118.05330657958984,118.727387417357,117.76583771262703,118.45974112077853,13684400
2016-12-21,118.00374603271484,118.16234928427329,117.44862330779038,117.88478792181107,10767600
2016-12-22,116.37801361083984,117.95416874752807,115.9121038344414,117.82530314334566,16258600
2016-12-23,116.2491455078125,116.53662192626203,115.28759584152499,115.98149922193446,10890000
2016-12-27,116.98271942138672,117.64688522421496,115.84272871381299,115.94185669643238,12051500
2016-12-28,115.9021987915039,117.22062283384116,115.63455249413994,117.1611475595336,12087400
2016-12-29,115.33716583251953,116.5068941751525,115.0496893896797,115.9815090621274,9934900
2016-12-30,114.0484848022461,115.81298856881557,113.77091586874674,115.58498740704327,18684100
2017-01-03,115.84272766113281,116.81419247014742,114.50448100048115,115.019951043206,20663900
2017-01-04,117.65679168701172,118.61834893035878,116.26897734289162,116.52671612923757,19630900
2017-01-05,119.61955261230469,119.89711397154653,117.29001113240511,117.82531128079145,19492200
2017-01-06,122.335693359375,122.80159555661197,118.98511213721517,119.9268467231566,28545300
2017-01-09,123.81272888183594,124.33811394482323,121.96891984679928,122.47448234040083,22880400
2017-01-10,123.26752471923828,124.4075154169297,123.19813437570821,123.73343455278888,17324600
2017-01-11,124.99236297607422,125.02210817423183,122.98003565723667,123.26751206892482,18356500
2017-01-12,125.51776123046875,125.62680427300404,123.71360483985741,124.5165512776356,18653900
2017-01-13,127.2227783203125,128.14469040284416,126.26122866190143,126.38017920443747,24884300
2017-01-17,126.75688934326172,127.22279162187208,126.290979501671,126.9254001084796,15294500
2017-01-18,126.80643463134766,127.31198955645034,125.73583438469585,127.29217455026046,13145900
2017-01-19,126.43966674804688,127.23270568839588,126.34053120826837,127.11374001546973,12195500
2017-01-20,125.9341049194336,127.36156443165372,125.67636612797139,126.984882655558,19097200
2017-01-23,127.8076400756836,128.12486169391622,125.84488047223688,126.20174722976896,16593600
2017-01-24,128.24378967285156,128.76917465039173,127.26241760678354,128.25371230039997,15162700
2017-01-25,130.33543395996094,130.59318028440399,128.64032834992364,128.8683219149665,18731300
2017-01-26,131.6241455078125,131.98101230368118,130.29581387217496,130.48416233748912,20020100
2017-01-27,131.0293426513672,131.79264390155546,129.938927419914,131.5249900636528,19539500
2017-01-30,129.8397979736328,130.43458094664092,128.47182133724908,130.43458094664092,18956100
2017-01-31,129.18556213378906,129.5225987787039,128.39252316707874,129.0368588191783,19790500
2017-02-01,132.07022094726562,132.32796731291714,129.54241581882755,131.09875613893414,50139800
2017-02-02,129.70098876953125,134.31051798159893,129.2648167020541,132.06027488399974,54366400
2017-02-03,129.8397979736328,131.69352966813113,129.62171189192713,130.09754432071733,24804900
2017-02-06,130.91041564941406,130.91041564941406,129.1657418898348,129.83981523127633,17058500
2017-02-07,130.6923065185547,131.84221214948707,130.51388070994037,131.08883352540656,14596400
2017-02-08,133.03176879882812,133.26968501345638,131.28709526943223,131.44570607918442,22390600
2017-02-09,132.97230529785156,133.32917208840541,132.14952866613126,133.31926458415361,16470600
2017-02-10,133.0218505859375,133.7653216800901,132.51628056130053,132.93263768486915,15061900
2017-02-13,132.88308715820312,133.527422806338,132.53612788553968,133.527422806338,13526200
2017-02-14,132.68482971191406,133.06151149194216,131.3961433041297,132.93265343933567,14364900
2017-02-15,132.2783966064453,132.5361278404195,131.50518777856269,132.2883041103043,13226500
2017-02-16,132.67491149902344,132.70464913722722,131.86205751151937,131.9116252838458,12831100
2017-02-17,132.3675994873047,132.92272218053802,132.01073273794628,132.3378618520214,12276500
2017-02-21,132.55592346191406,132.74427186791695,131.74305457831343,132.33783742611664,14759100
2017-02-22,134.93505859375,135.5992243697369,132.29822562331302,132.43700630596757,27360100
2017-02-23,134.18167114257812,134.93504978122027,133.1606386598825,134.70705620159785,18422500
2017-02-24,134.260986328125,134.43941215318864,132.99213004113886,132.99213004113886,12625700
2017-02-27,135.2225341796875,135.9858203238411,133.8446349426047,134.08253602609818,14306700
2017-02-28,134.36012268066406,135.61907161312115,133.57700625673425,135.5992414771087,16112100
2017-03-01,136.22373962402344,136.28321489624622,135.11349420663987,135.28201251992422,16257000
2017-03-02,135.56948852539062,136.62027385191215,135.1234088342414,135.8966176658228,12294800
2017-03-03,135.97589111328125,136.13450189426203,134.8953835290182,135.44059863491682,11160600
2017-03-06,136.22373962402344,136.63017415215825,135.32165765941963,135.68844704805903,12748200
2017-03-07,136.10479736328125,137.1654750763817,135.79749835412093,135.83714349602923,13527100
2017-03-08,136.5211181640625,136.78877198964133,135.85695247729558,135.95607287961366,10184500
2017-03-09,137.03659057617188,137.36371965613898,136.20389149718403,136.52111307507604,15535300
2017-03-10,137.581787109375,138.27570551200208,137.01675698621398,137.70075276105916,16314100
2017-03-13,138.384765625,138.464055901305,137.46285355889685,137.5025138230082,10955500
2017-03-14,138.1072235107422,138.24600420253864,137.31418450363623,138.24600420253864,12944000
2017-03-15,138.5037384033203,138.8804353430656,137.2844497904096,138.07747368845676,19344800
2017-03-16,138.77137756347656,139.02910879039848,138.51363121059498,138.97954102053976,13612900
2017-03-17,138.62269592285156,139.1183434469973,138.48391522112922,139.1183434469973,20592800
2017-03-20,138.7218017578125,138.96962546679075,138.03780590087916,138.493808180821,12099500
2017-03-21,137.30422973632812,141.07115279393864,137.19518670929875,139.92124725907567,29894800
2017-03-22,138.37484741210938,138.57310336111672,136.4021802994412,136.7292942960257,17055400
2017-03-23,138.31536865234375,139.16788282494235,137.87919649995018,138.26580088485196,13022800
2017-03-24,139.1183319091797,139.79242035161244,138.54337901373904,138.86060066334525,16664700
2017-03-27,139.09849548339844,139.42560946099263,137.56198549736328,137.83954683505186,12800500
2017-03-28,140.5259552001953,140.71430364548038,138.79118917924654,139.13814843382002,14679400
2017-03-29,141.408203125,141.61638169718904,140.19882220799045,140.75396002517493,16527600
2017-03-30,141.1702880859375,141.70558059213468,140.61516544959747,141.1603654578874,12404000
2017-03-31,140.81341552734375,141.38836826995765,140.65480474470058,141.07114670467132,11478300
2017-04-03,141.04144287109375,141.2297913298714,139.59416072904716,140.6944835916654,13564000
2017-04-04,140.49618530273438,140.85305197870807,140.04019823818547,140.6250584464336,12948600
2017-04-05,140.6151885986328,142.1913438704237,140.0600507449448,141.02160801474525,17158100
2017-04-06,139.9410858154297,140.98194838593602,139.68335461145867,140.87290535234092,15103400
2017-04-07,139.5544891357422,140.3177904129647,139.01919656693676,139.9708311616929,11818300
2017-04-10,139.81222534179688,140.19882974582623,139.4058059305576,139.77258020141733,9039400
2017-04-11,138.70196533203125,139.8023031550036,137.6016275090589,139.57430958835764,16638100
2017-04-12,138.36492919921875,139.1777830650213,138.2261485330594,138.5037098653781,11612500
2017-04-13,138.17657470703125,139.35621788061988,138.1170994421373,138.40456826444395,10965600
2017-04-17,140.18893432617188,140.31780751394345,138.53347352386427,138.54338102832324,11519700
2017-04-18,139.73294067382812,140.6746678367567,139.38598139624168,140.04023968348227,14807500
2017-04-19,141.03152465820312,141.7948108134509,140.04022979334803,140.11953519765154,15563900
2017-04-20,142.54820251464844,142.9942821721427,141.44786462565114,141.70559584141338,15968200
2017-04-21,142.42922973632812,142.91496963412595,141.0315155627533,142.64731580260812,12382000
2017-04-24,144.20367431640625,144.4019302767182,143.0835062080014,143.69811934871674,14407200
2017-04-25,145.2147979736328,145.86904112374023,144.52087943031032,144.52087943031032,17767500
2017-04-26,145.2841796875,146.3052122354123,144.81826986940877,145.80956478007778,12395000
2017-04-27,146.41424560546875,146.4638133729187,144.867828067167,145.393213125027,11275100
2017-04-28,148.9420623779297,150.2109186709727,147.772341627702,148.19859118469543,30652200
2017-05-01,151.13282775878906,151.24187080329597,150.10187258782193,150.4190942176456,25218300
2017-05-02,151.45004272460938,152.10430102820618,150.3397972101135,152.00516548185732,21870400
2017-05-03,150.47857666015625,152.26291059801594,150.0225743270519,152.26291059801594,29782500
2017-05-04,149.53683471679688,150.20100045359757,147.42537183830993,148.86274635084632,36225500
2017-05-05,148.93214416503906,150.31004340571673,148.4860493804069,150.13160246667204,17148500
2017-05-08,149.7449951171875,149.76482524912447,148.43649380256366,149.39805100106364,15827500
2017-05-09,149.17005920410156,151.2616921447133,148.90242045943538,150.1712767799433,17453900
2017-05-10,148.9817352294922,149.20974399518406,147.5641904845287,148.9222599431249,12080700
2017-05-11,148.73388671875,149.33857723953253,148.10938118978214,149.00154058885647,11841900
2017-05-12,149.02137756347656,149.15025075239907,148.32747409612668,149.09076034723097,9598200
2017-05-15,148.88258361816406,150.16134738517624,148.46624157481222,148.86275348487308,15064700
2017-05-16,148.47613525390625,148.90239988719412,147.73266414729665,148.80326435592949,14550800
2017-05-17,143.58905029296875,147.37578836469336,143.16278568584636,146.7116226986724,28300100
2017-05-18,146.37460327148438,146.86032807430684,143.25201537381787,143.46019395071266,23031600
2017-05-19,146.77108764648438,148.08951138371603,146.67196725422988,147.15769196597662,16187900
2017-05-22,146.94956970214844,147.29651386112334,146.40435445123288,146.79095887898018,12586700
2017-05-23,146.78103637695312,147.51458488872268,145.96816733574363,147.22711603631876,12817800
2017-05-24,148.73388671875,148.92223517823382,147.12799375003203,147.21720666474738,17862400
2017-05-25,150.6371612548828,151.2616666799294,148.6446490687096,148.99160829170276,19891400
2017-05-26,150.80569458007812,150.9246451250914,149.8342147092718,150.90481499226937,14996200
2017-05-30,151.05352783203125,151.5689903102576,150.31996413091787,150.64709327630788,13226000
2017-05-31,150.1415252685547,152.01507193790442,149.77473588685828,151.37072120711613,18023900
2017-06-01,150.21090698242188,150.96428562093,148.99161855566456,150.4289930588772,14530600
2017-06-02,152.27281188964844,152.29264202313797,149.98292306530328,150.52813829156642,16854400
2017-06-05,152.29266357421875,153.36326404475713,152.0745774528519,152.30257107938556,12520400
2017-06-06,151.47976684570312,153.17488773085245,151.1526377230968,152.07454981879818,13457100
2017-06-07,151.78707885742188,152.41159952015332,151.01387000164038,151.93578217643255,12066700
2017-06-08,153.36322021484375,153.38303521951443,151.76723503330314,152.73869967068853,17799400
2017-06-09,148.2977294921875,154.2355765189017,145.33375216789125,153.42272253131102,35577700
2017-06-12,147.14781188964844,147.9011905402127,143.30158298075054,146.88015804135935,33170200
2017-06-13,149.36830139160156,149.86394881877195,147.60379776095178,148.8429163288777,20483400
2017-06-14,148.9420623779297,151.07334041481715,147.7525114939469,149.9432648061395,20808800
2017-06-15,148.4959716796875,148.73387276327318,145.0958224758382,146.38450880711042,18994200
2017-06-16,149.3286590576172,149.51700750363304,147.30642417220145,148.28779641581758,22882400
2017-06-19,151.5392608642578,152.23317946069758,150.38937016716244,150.38937016716244,19026500
2017-06-20,150.92465209960938,152.50080739770982,150.88500695809267,151.5491727417081,14743900
2017-06-21,152.57020568847656,152.7387240107787,150.5578781988052,151.03369552800885,15039800
2017-06-22,152.06463623046875,153.20463447568622,151.57891139532308,151.67803181275923,13005500
2017-06-23,153.72010803222656,153.848966084101,151.32116105356948,151.39055895731403,18027000
2017-06-26,152.25299072265625,155.13766271389278,151.86638628962172,154.88983897153832,18049700
2017-06-27,149.26918029785156,151.97541100253437,149.0808318562363,151.50950121305212,19360800
2017-06-28,151.90602111816406,152.13401468767745,148.55543984236974,149.60620991381904,16719100
2017-06-29,149.72518920898438,151.17248655536358,147.62364866242396,150.95440044664943,23973500
2017-06-30,149.66567993164062,150.59749943430077,148.75369055962113,150.57766930366012,17666000
2017-07-03,147.13790893554688,150.82552752923323,146.51340337397633,150.39927794158922,13862700
2017-07-05,149.03126525878906,149.5368353167702,146.84051209406786,147.7029337798581,14334300
2017-07-06,147.52452087402344,148.73388679020908,146.71165175922079,147.73268434179258,14951800
2017-07-07,150.12167358398438,150.66688870069785,147.89126048230304,147.95073574486145,13615900
2017-07-10,152.1637725830078,152.63958991672814,150.19109021622765,150.36953117009799,13378700
2017-07-11,153.91839599609375,154.06708421223863,151.57893893098216,152.03492621113512,13667700
2017-07-12,157.5167694091797,157.77451578972875,154.84027593505903,155.12775995552357,22739400
2017-07-13,157.87362670898438,158.3891043130857,157.0409425895625,157.35816423084344,13929200
2017-07-14,158.57745361328125,158.92441289452822,157.9430254533134,158.7360644347633,16371200
2017-07-17,158.33953857421875,159.38040129984262,157.42754903276526,158.85501618493964,12858800
2017-07-18,161.44229125976562,162.3047129997704,158.03223431515994,158.2701505412813,23722900
2017-07-19,162.7111358642578,164.25755340811133,161.74957865092037,162.1659206722687,26273600
2017-07-20,163.09774780273438,163.56365761328536,161.39271937390092,163.3654016595521,18523100
2017-07-21,162.9986114501953,163.61322456745162,162.32453818567117,162.7309727206717,14744000
2017-07-24,164.554931640625,164.72344993622636,162.87964106099793,163.20677014985625,17367000
2017-07-25,163.84120178222656,164.0989329824407,162.4335649946729,163.57354795349312,15383200
2017-07-26,164.16836547851562,164.56487742794627,162.6715154745594,164.56487742794627,35236900
2017-07-27,168.95628356933594,173.96232519933488,166.04187451588885,173.17919385794744,68910700
2017-07-28,170.94882202148438,171.92028689926673,167.578425026588,167.5982551621236,24557600
2017-07-31,167.77667236328125,171.21646709241622,167.0827689148882,170.5027335095089,25478900
2017-08-01,168.38134765625,168.9860381335434,167.57840122963862,168.34170251677014,14385000
2017-08-02,167.82620239257812,169.06532081673188,165.4570085706344,168.81749713190112,17433800
2017-08-03,167.12242126464844,168.2227593252496,166.78538459317528,167.82624737362957,10793800
2017-08-04,168.14344787597656,168.57962008268356,167.22155081485926,167.49911219622538,10777700
2017-08-07,170.48287963867188,170.56218503972664,168.1830835119181,168.47055235552784,12787800
2017-08-08,169.73941040039062,171.54357426096124,169.13471994586473,170.38376111886248,14393500
2017-08-09,169.68984985351562,169.95750370568328,168.08395699242854,168.50029902582298,10815000
2017-08-10,165.9427490234375,169.10498196142535,165.39754896595718,168.57959690991828,20832700
2017-08-11,166.61683654785156,167.35040016610378,165.397548144369,166.48796337987193,13791200
2017-08-14,169.2635955810547,169.59072469656067,167.81629844511536,168.6093373500427,12954200
2017-08-15,169.51141357421875,170.0070609823305,168.53002626081243,169.99715347951332,8729200
2017-08-16,168.52011108398438,169.8881027083844,167.76673250330668,169.7592295478372,15779900
2017-08-17,165.45704650878906,168.38136363512615,165.3975712309456,167.8658860172147,17216000
2017-08-18,165.9526824951172,167.20170862118172,164.76313164277576,165.38763714282814,15093600
2017-08-21,166.3194580078125,166.53754409706403,164.37652846388428,165.70486000680907,11907500
2017-08-22,168.1632537841797,168.39124735903576,165.6949242205302,166.81509221492692,11391000
2017-08-23,167.24134826660156,167.88568382043434,166.73577825037296,167.3702063017934,9856500
2017-08-24,166.27981567382812,167.81631070227277,164.96139161235615,167.40989127995266,14030400
2017-08-25,164.87217712402344,166.91424222382497,164.7333813153379,166.3987646340044,12614500
2017-08-28,165.7841339111328,166.24012101040233,164.88205208846193,165.4570048394184,8553700
2017-08-29,166.5871124267578,166.9637942063987,163.5636599301301,163.81148365729695,11121000
2017-08-30,168.44082641601562,168.6985576428694,166.17076776629847,166.70606035313617,11138300
2017-08-31,170.4729766845703,170.65140249723558,168.57959988950745,168.9166365085145,17226500
2017-09-01,170.52256774902344,171.41472718615427,169.8187416534496,170.89924955809857,11677600
2017-09-05,169.23385620117188,170.8893167679402,168.07404305412913,169.77907138806177,13210900
2017-09-06,170.59193420410156,170.97853860664867,168.0938819688554,169.42221349289323,13906300
2017-09-07,171.7021942138672,171.80131462709602,168.78778482285844,170.44324547078008,18049500
2017-09-08,169.4618377685547,171.9797349528443,169.31314960355868,171.58320796959194,10998500
2017-09-11,171.99957275390625,172.37626965643292,170.70097885430292,170.8992348092265,12372000
2017-09-12,171.45436096191406,172.48530093275699,170.2548875586265,172.24738472750457,11186300
2017-09-13,171.54356384277344,171.66251437546958,170.56217657015668,171.50390358123616,9119300
2017-09-14,169.47178649902344,170.78028793039803,169.01578417953888,170.76045779669172,15615700
2017-09-15,170.14585876464844,170.83976218060525,168.77786694036217,169.39248007388963,15660500
2017-09-18,168.53004455566406,170.57212480456852,167.86587877181054,170.49281939554658,12954000
2017-09-19,171.01820373535156,171.05784887670634,168.8770030791521,169.1347343128583,13168600
2017-09-20,170.67124938964844,171.54359378423464,169.21404460594667,170.99837853761827,12264100
2017-09-21,169.6204833984375,170.77038919709977,168.53005287798862,170.19543629776865,11161400
2017-09-22,169.055419921875,170.2350632334732,167.74691856325026,168.72830592668825,12097100
2017-09-25,161.45217895507812,167.8262123734979,160.1535851894885,167.7667371057546,41251600
2017-09-26,162.780517578125,164.0592811504017,161.36295821990763,163.0679864002482,23363300
2017-09-27,166.22030639648438,166.87456460098434,164.12868886935962,164.45580284565122,19242500
2017-09-28,167.2611846923828,167.59823645502036,165.7048595606887,166.47806837469517,12178700
2017-09-29,169.38255310058594,170.1656845346237,167.34048804629552,167.36031817937436,15340400
2017-10-02,167.9947509765625,170.37385272956294,167.28101742547034,169.89803540415485,13392300
2017-10-03,168.48046875,169.2437548457354,167.7270750308373,167.82621055997706,8190300
2017-10-04,166.95388793945312,169.18430150047783,166.8250147600645,168.351617401259,12127900
2017-10-05,169.74932861328125,169.81871138444345,167.13231092140677,167.70724860003665,14580600
2017-10-06,170.73072814941406,170.86950883993305,168.2723208633801,168.76796834751377,13124500
2017-10-09,170.9983673095703,173.35765397130794,170.5027198680933,171.1966232609692,14570400
2017-10-10,170.09629821777344,171.69228370523675,169.3131818563541,171.4940277388233,11341100
2017-10-11,171.23626708984375,171.27591222593418,169.90792057846417,170.45313573694557,11283700
2017-10-12,171.04795837402344,172.3366449225625,170.7902119887387,171.10743365494713,10351000
2017-10-13,172.22755432128906,173.12962104288104,171.692246688827,171.94007037490383,13658300
2017-10-16,173.0007781982422,173.4765954820101,172.5447759204105,172.97104056337912,11498800
2017-10-17,174.57691955566406,174.59674968599217,172.8421537379161,173.1891129518487,15990100
2017-10-18,174.49765014648438,175.201476221683,174.2200887684806,175.11224817978413,12752400
2017-10-19,173.0404510498047,174.49765589531262,171.127258979394,173.4072253558301,14048400
2017-10-20,173.45675659179688,174.34893097051693,173.10981249392628,173.9722341133268,12602200
2017-10-23,169.77906799316406,173.81363004355651,169.75923786150307,173.67484937384677,13852700
2017-10-24,170.30445861816406,171.73192562535988,170.00706713733842,170.80010604422043,12267900
2017-10-25,169.1149139404297,170.75054445521923,167.41979302655508,170.40358519404103,15868200
2017-10-26,169.1446533203125,170.79019135559645,168.90673709939878,169.88812449396312,11833100
2017-10-27,176.33154296875,176.65867210330742,172.38617834660397,172.63400207345416,30285300
2017-10-30,178.30421447753906,179.11708358177958,176.06389337783372,177.69952396432316,24353200
2017-10-31,178.49256896972656,179.2261326891395,177.3823234492839,178.99813908246875,20174200
2017-11-01,181.06993103027344,181.30783212692842,178.9981283084503,180.77253953349484,40918300
2017-11-02,177.3624725341797,180.35618721285795,175.79622485794295,179.05759338106873,35529900
2017-11-03,177.3624725341797,178.29429211221563,175.17171938884402,177.72924678793294,17822100
2017-11-06,178.6016082763672,178.87916965065853,176.75779907516872,177.00562281121174,13312700
2017-11-07,178.680908203125,179.17655565999914,177.40214441981212,178.92873193156206,12928200
2017-11-08,177.99688720703125,178.78001854906174,177.5508075839034,178.22488076979297,10494100
2017-11-09,177.73915100097656,177.83827140001213,175.54838295667363,176.7577637569926,12610300
2017-11-10,176.90650939941406,177.54093758377465,176.41086190769605,176.79746634619764,11070200
2017-11-13,177.2137908935547,177.48142962191474,175.75658620197834,175.9548421538612,9523400
2017-11-14,176.51988220214844,177.41204152183005,175.63761525971873,176.57935747333266,9585900
2017-11-15,176.40093994140625,177.01555311910414,174.86442968610316,175.12217606338203,10253700
2017-11-16,178.02662658691406,178.2645427803636,176.94611890283537,177.20385010127052,15607600
2017-11-17,177.4417724609375,178.4132371475223,177.34263692873233,177.73916393159448,13018000
2017-11-20,177.1840362548828,177.93741485012896,176.54960819416024,177.31289429196397,10052400
2017-11-21,180.27688598632812,180.3066236224047,177.43187454463632,177.59047022839147,14504000
2017-11-22,179.29551696777344,180.14803124978954,178.86926738974583,179.72178167176193,10376300
2017-11-24,181.18885803222656,181.55563225921216,178.72052859348346,178.82957162393294,9426300
2017-11-27,181.4366912841797,182.13059463906762,180.40575131776887,180.97078150462093,12344500
2017-11-28,180.8319854736328,182.6460566711532,180.50485639283826,181.91249311489045,14379700
2017-11-29,173.60548400878906,180.38593762467534,172.48531590998596,180.30663221603828,41933500
2017-11-30,175.63763427734375,176.72806478698746,173.6748744859458,175.31052025041137,25307600
2017-12-01,173.57571411132812,175.93498529446674,170.83973096270745,174.4976109542192,20182500
2017-12-04,169.97732543945312,175.03293511478452,169.30323709062822,174.7553586469446,24459400
2017-12-05,171.32550048828125,173.85330552479402,167.5387466853713,168.96621377074135,20184900
2017-12-06,174.5273895263672,175.23121560858777,170.40359883208157,170.99838186285845,20255800
2017-12-07,178.57183837890625,178.81966207017962,174.26962272863028,174.26962272863028,20404500
2017-12-08,177.4417724609375,180.69321825461432,177.184041253546,179.94974714095116,19883800
2017-12-11,177.48143005371094,178.65116588679692,177.24352896125654,177.73917640514932,13168600
2017-12-12,175.41954040527344,177.62020101993312,175.06267366014723,177.04526332730197,16854100
2017-12-13,176.74786376953125,177.60037789246152,175.70700121668088,175.75656898128483,14615700
2017-12-14,176.83709716796875,178.7899493372519,176.1332711313096,176.73796162726978,13591000
2017-12-15,178.61148071289062,178.91879479105444,176.80733213421325,177.46159029914398,28463100
2017-12-18,179.24594116210938,179.72175845251718,178.18524841732895,179.43427447688407,17265400
2017-12-19,177.9473419189453,178.51238727197827,176.66857815433568,178.38351409476869,14920600
2017-12-20,176.34144592285156,178.24473028084086,175.81606084556094,178.24473028084086,11860500
2017-12-21,175.9052734375,177.12456190467773,175.5087615358687,176.3910133740639,11600700
2017-12-22,175.65744018554688,175.984569293323,174.69588299401184,175.5979649161255,8509500
2017-12-26,174.4580078125,175.4592102902794,173.1494911871621,175.09243599043208,8897300
2017-12-27,176.0737762451172,176.88664523561903,174.72561472196054,175.01309868238997,9496100
2017-12-28,176.37115478515625,177.38227963492668,176.13323860698762,176.4008924166827,12220800
2017-12-29,174.9239044189453,177.29309862097264,174.9239044189453,176.45049190698796,10261500
2018-01-02,179.84072875976562,179.999339582654,176.0044221276621,176.13328018604338,18151900
2018-01-03,183.06243896484375,183.17148201579,179.75151741932805,180.29673267405926,16886600
2018-01-04,182.72537231445312,184.58901137891618,182.4973787457023,183.29040248500226,13880900
2018-01-05,185.22348022460938,185.2730328747564,183.32018047857713,183.97443882090312,13574500
2018-01-08,186.6409912109375,187.25558917125224,184.70796929869047,185.57039096893325,17994700
2018-01-09,186.23455810546875,187.15647017887486,185.47127196380572,187.05733464377002,12393100
2018-01-10,186.204833984375,186.25440175552492,184.01408068357387,185.312674607517,10529900
2018-01-11,186.1354522705078,186.7599577874975,185.7488478548627,186.7599577874975,9588600
2018-01-12,177.8085479736328,179.9001806600527,175.85569595771645,176.50995417264406,77551300
2018-01-16,176.83709716796875,180.16784864759262,176.49013790148217,179.920024921805,36183800
2018-01-17,176.05397033691406,177.75899867859457,174.26963659260204,177.69950828215173,27992400
2018-01-18,178.2348175048828,179.4045381703737,175.5384942960032,176.57935691632113,23304900
2018-01-19,179.7118377685547,180.78243802802905,178.6015923702668,179.2756807377695,26826500
2018-01-22,183.75631713867188,183.7761472704693,178.83950327001827,179.2261076472953,21059500
2018-01-23,187.7017059326172,187.89996189858664,183.93478207535492,184.43042955325888,25678800
2018-01-24,184.9260711669922,189.000293911204,184.89633352933782,188.2369925841679,24334500
2018-01-25,185.8479766845703,186.97805234499282,184.97564739688542,186.3138865304074,17377700
2018-01-26,188.34600830078125,188.34600830078125,185.18377553073591,186.1155950445878,17759200
2018-01-29,184.36102294921875,187.19612699413045,184.0140788066284,187.10691408254664,20453200
2018-01-30,185.4910888671875,186.54185899582595,180.25705323045165,185.98673629586293,20858600
2018-01-31,185.26309204101562,188.17750129074471,183.6076314733445,186.7302041689349,43275100
2018-02-01,191.40914916992188,193.6197479250521,186.25441816144698,186.58154732869892,54211300
2018-02-02,188.6235809326172,192.51937751905749,188.32618945544513,190.3682544055563,26677500
2018-02-05,179.6820831298828,188.95069520574518,179.0377475849117,185.30272261578048,33128200
2018-02-06,183.6968536376953,184.15285594249758,176.1927591862232,177.0155357600023,37758500
2018-02-07,178.61148071289062,183.46883406124465,178.38348715576294,182.5469220786682,27601900
2018-02-08,170.08636474609375,180.25704401733483,169.9872292150419,179.43426751267143,38478300
2018-02-09,174.57691955566406,175.36003575511182,165.7246495458865,173.23866558873263,39887600
2018-02-12,174.87435913085938,176.00443485522808,170.3441336025112,175.51869484724193,32092100
2018-02-13,171.6427001953125,174.43815898111436,171.59314755272283,174.09119972723084,21809400
2018-02-14,177.95726013183594,178.24472899006133,171.70219189296904,171.94009298227024,28929700
2018-02-15,178.3934326171875,178.9287251950358,175.3005823170835,178.9287251950358,20922100
2018-02-16,175.8160400390625,178.3141070809034,174.76527000883195,177.43185534552515,20645300
2018-02-20,174.47781372070312,176.40092828892864,173.58565434156927,174.23991262011282,21204900
2018-02-21,176.36129760742188,179.69204942241686,174.8644324723321,175.17174662905825,23200800
2018-02-22,177.43190002441406,178.64128115172917,175.86565208697382,177.144415999778,18464200
2018-02-23,181.6944122314453,181.79354775909775,177.9473192007431,178.333923557055,19007300
2018-02-26,183.32015991210938,184.04381608499364,181.62505409148218,182.97321577019545,17599700
2018-02-27,179.88035583496094,183.09214121299286,179.88035583496094,182.8443175201962,15849800
2018-02-28,176.76768493652344,181.28798652154552,176.5892440181898,180.71303375840398,18783000
2018-03-01,174.40841674804688,178.55202192302252,172.89173685137314,177.45168404445934,23201600
2018-03-02,175.08248901367188,175.56822892843414,171.48409904629506,171.78147539619158,20025900
2018-03-05,178.82958984375,179.57306100184647,174.35885539174205,174.66615438360174,16189300
2018-03-06,178.21498107910156,180.79235365497092,177.55081536649521,180.19757071409077,15086800
2018-03-07,182.11077880859375,182.21982184429373,176.51987660516284,177.1840423222596,19097300
2018-03-08,180.75271606445312,182.7947812244851,179.870464171256,181.96209710357192,17225900
2018-03-09,183.61752319335938,183.89508451462225,181.61511867938526,182.3090219825425,18526300
2018-03-12,183.15162658691406,184.4799731493412,182.61633403635287,183.61753636516113,15301200
2018-03-13,180.2967071533203,184.3709294787594,179.53340590474082,183.9942326059095,18067500
2018-03-14,182.58660888671875,182.6460841601859,180.2669824657424,181.01045363600093,16821700
2018-03-15,182.25949096679688,182.3982716554093,180.60403020764838,181.64489293522192,15614300
2018-03-16,183.478759765625,183.7166759744637,181.81339168163106,182.88399193246673,24403400
2018-03-19,171.05784606933594,175.6277161779473,168.57960881143305,175.46910536321113,88140100
2018-03-20,166.6862335205078,168.71839111673953,160.54020808694554,166.01216024033104,129851800
2018-03-21,167.91542053222656,171.89050711569357,161.87843901146795,163.36538116688382,106598800
2018-03-22,163.45462036132812,168.78779192368677,162.29480710863663,164.68383151956297,73743000
2018-03-23,158.00250244140625,165.1497457300234,157.63572814797135,163.99983995076295,53609700
2018-03-26,158.66664123535156,159.69759628468182,147.7227534389627,159.420034954314,126116600
2018-03-27,150.8948974609375,161.43236615058495,149.43769287752772,154.94928961093362,79117000
2018-03-28,151.69786071777344,154.52305729612175,149.48727727677547,150.32986888497823,60029200
2018-03-29,158.39901733398438,160.01483298287022,152.7982067779469,153.79940925693478,59434300
2018-04-02,154.03732299804688,157.81415436982158,152.76846666122913,156.43625498252916,36796000
2018-04-03,154.75106811523438,156.01992454664773,149.49720141824625,155.18724034965055,42543900
2018-04-04,153.74984741210938,154.2058346026059,149.19979225519137,150.7065647617034,49885600
2018-04-05,157.95291137695312,160.16350969368824,155.28632591820733,160.153587064976,41449600
2018-04-06,155.83154296875,160.01480832701012,155.44493859326903,156.35692801425085,41644800
2018-04-09,156.55519104003906,159.13256374388507,154.6816443469837,156.44616312562118,34915200
2018-04-10,163.60328674316406,164.53510627307665,155.64319072838225,156.5551801270742,57889300
2018-04-11,164.87217712402344,167.18188095953568,161.82889448188192,163.92052735250545,56144600
2018-04-12,162.4434814453125,165.99231880630245,161.68019530518626,165.52640901897402,38263000
2018-04-13,163.08786010742188,164.25758096469156,162.34438884615204,163.14733538816964,19990600
2018-04-16,163.39515686035156,164.33688408628456,161.96768963849212,164.2774088063673,18119400
2018-04-17,167.19180297851562,167.52883961733787,164.21791825158064,164.38643657099175,22743000
2018-04-18,164.91180419921875,166.6564776089216,164.32694389508612,165.42728173256938,20969600
2018-04-19,166.63665771484375,166.8646512778077,163.76189379199397,164.7531885669164,22235000
2018-04-20,164.83250427246094,166.9637821214487,164.3665944890333,166.32935403086026,19119400
2018-04-23,164.39634704589844,166.98362741013062,163.6528758507278,165.81390665685637,23088100
2018-04-24,158.2998809814453,164.65408475932338,156.81293866920322,163.98990388234432,35079900
2018-04-25,158.2998809814453,159.65795011965272,154.8303489195471,158.74596064992605,41083600
2018-04-26,172.6439208984375,174.73555371199632,169.31316947793533,171.71210128586256,77556900
2018-04-27,172.07888793945312,175.5583429188155,171.0975156127289,175.2708589107742,29804700
2018-04-30,170.5027313232422,174.19034974565892,170.21526244329425,172.27714262752073,20750500
2018-05-01,172.34652709960938,172.5051379094044,168.7481218729266,170.50271803213053,26025900
2018-05-02,174.53729248046875,176.52978969481686,172.6835608149028,172.73312858287306,30424500
2018-05-03,172.50514221191406,174.58685242004674,170.62167283203053,173.60548015262694,24026100
2018-05-04,175.07260131835938,175.43937560870106,171.55350122883178,171.57333136305473,17677800
2018-05-07,176.42076110839844,177.93744115159146,175.62772213378423,175.8061630879036,18697200
2018-05-08,177.3624725341797,177.48142307573013,175.5682312779849,176.69830680059127,15577200
2018-05-09,181.06993103027344,181.41687517154858,177.22370195744594,178.10595381811453,23282800
2018-05-10,183.91493225097656,184.50971521116793,180.91131006652415,181.55564566843228,21071400
2018-05-11,185.36219787597656,186.68062161703787,182.5766471161057,183.24082786332644,21207800
2018-05-14,185.0153045654297,186.22468571714813,184.57913233025755,186.075997512413,15646700
2018-05-15,182.71546936035156,183.6770114244875,181.60520887096772,183.27059204206418,15429400
2018-05-16,181.60520935058594,182.715469842902,181.06991679922325,182.1008567642753,16975500
2018-05-17,182.16033935546875,182.45773084082737,180.63375191536812,181.0897390837533,14840700
2018-05-18,181.0897216796875,182.58658646594765,181.02033891114894,181.892683150773,13130500
2018-05-21,182.88400268554688,183.68694913939493,181.53584100811065,182.17026914302417,13532900
2018-05-22,182.199951171875,183.80584358944543,181.83316188288336,183.3201037883242,12731400
2018-05-23,185.27301025390625,185.28293288349343,180.59409712860074,180.91131875619556,16628100
2018-05-24,184.31143188476562,185.17386863229166,183.41927262976128,184.26187924634382,12354700
2018-05-25,183.31024169921875,184.70797106682298,182.84433191001733,184.40067208372395,10965100
2018-05-29,184.1231231689453,185.1838008637145,182.1107956992606,182.73530121077513,16398900
2018-05-30,186.0363006591797,186.36342977123363,183.63736896340973,184.91613265056702,13736900
2018-05-31,190.11053466796875,191.04235429390687,185.8479635737623,186.23456797963453,30782600
2018-06-01,192.30128479003906,192.85640746104005,190.3980005783392,191.38929538397196,17307200
2018-06-04,191.59747314453125,192.29137653515178,189.8032318323698,190.1700060975636,18939800
2018-06-05,191.2604217529297,193.30248662740433,190.94320015544014,192.60858329034377,15544300
2018-06-06,189.6743621826172,190.8540055315744,187.4637787950018,189.36706318434292,22558900
2018-06-07,186.5418701171875,189.30759140462192,185.14415578072197,189.089505312926,21503200
2018-06-08,187.45387268066406,187.83055445910182,184.80710197213114,185.8975324185664,12677100
2018-06-11,189.8726043701172,190.92338959177852,187.1564662267254,187.16637372964308,12928900
2018-06-12,190.7251434326172,191.59748783396952,189.89245930003216,190.49714982806762,11562700
2018-06-13,190.73504638671875,192.80684900024443,190.2393989599829,191.0621755034795,15853800
2018-06-14,195.0967254638672,195.5626352258746,191.2306818280166,191.41903025852488,19120900
2018-06-15,194.14512634277344,195.35450741885344,192.94565277106884,194.08563593863826,21860900
2018-06-18,196.5836639404297,197.8426125369401,192.44005905128915,193.1042247338374,16826000
2018-06-19,195.7708282470703,196.2367380434897,192.1030251474352,194.53170966637177,19994000
2018-06-20,200.2415771484375,201.7780873250161,197.07934388123675,197.36682788332428,28230900
2018-06-21,199.74594116210938,201.61948809452198,198.3482115912406,200.99496740839737,19045700
2018-06-22,199.98382568359375,200.47947310165225,197.5749713663308,199.4088728635308,17420200
2018-06-25,194.64076232910156,198.2589827132341,191.4289613638016,198.2589827132341,25275100
2018-06-26,197.26768493652344,197.3668204768252,194.52179383053024,195.87987812805744,17897600
2018-06-27,194.1351776123047,199.00243890134223,194.09553247417213,197.44609874387024,18734400
2018-06-28,194.52178955078125,195.62212746969882,191.5776425549196,193.4809269043523,18172400
2018-06-29,192.62844848632812,195.87989482267386,192.2715816871701,195.6023334373244,15811600
2018-07-02,195.6419677734375,195.7311806868084,190.54671244391182,191.68669556176678,13961600
2018-07-03,191.05227661132812,193.69903238382457,190.8441131367732,192.85644072926257,13489500
2018-07-05,196.72247314453125,196.92072910262948,192.34095142893256,193.04477747503526,19684200
2018-07-06,201.4608612060547,201.8672957511645,195.97900153983116,196.72247272558616,19740100
2018-07-09,202.9577178955078,204.00848804152199,200.3605150406485,203.14605121571313,18149400
2018-07-10,201.76812744140625,203.12621153914668,200.49927136719506,202.71977706004344,13190100
2018-07-11,200.77687072753906,202.71981546763925,199.99375437944363,200.45966421186662,12927400
2018-07-12,205.1187286376953,205.27733944399571,201.42120308082687,201.65910416431842,15454700
2018-07-13,205.5152587890625,206.61558156891698,204.65282197037004,206.00098359257464,11486800
2018-07-16,205.42604064941406,206.9030755155876,205.0394362382626,205.69369451127582,11078200
2018-07-17,208.16201782226562,208.62792762711905,203.05684010179664,203.1163153745933,15349900
2018-07-18,207.53750610351562,209.1533216715766,206.62551658762877,207.99350842443914,15334900
2018-07-19,206.27853393554688,208.16200315517008,205.9514048322551,206.95262227365197,11350400
2018-07-20,208.11245727539062,209.65887492561032,206.68499017489245,207.03194944619355,16163900
2018-07-23,209.073974609375,209.77778539537113,206.9823421292905,208.7468455341818,16732000
2018-07-24,212.80128479003906,214.3179648512432,210.74931211204074,213.2374569875546,28468700
2018-07-25,215.60662841796875,216.716873802159,212.40475030937498,213.84212480696965,58954200
2018-07-26,174.72561645507812,178.56193762666325,172.23747194598047,173.36754741586827,169803700
2018-07-27,173.36756896972656,178.3636887403823,171.49402216498564,178.30421346498736,60073700
2018-07-30,169.57090759277344,173.77400352364938,165.11008042652668,173.77400352364938,65280800
2018-07-31,171.07766723632812,172.72322031956105,168.52012470510036,169.1842904402936,40356500
2018-08-01,170.15576171875,173.55591105496342,169.41229055168418,172.41591285655338,34042100
2018-08-02,174.8346710205078,175.25101304993282,168.78778140157203,169.19420080170357,32400000
2018-08-03,176.23240661621094,177.2930994227068,174.61659108428015,176.143193705186,24763400
2018-08-06,184.07354736328125,184.17266777499256,176.8271842627591,177.4120446075218,49716200
2018-08-07,182.20993041992188,186.66085038815535,182.12071750069603,184.8765163738323,33398600
2018-08-08,183.5679473876953,185.22342286649513,182.16031071269038,183.14169792227327,22205200
2018-08-09,181.4961700439453,184.94588700479872,180.8914795817807,184.23215350434344,19732100
2018-08-10,178.6907958984375,180.514789833268,177.8581118934252,180.45529943923142,21500400
2018-08-13,178.4826202392578,181.0203323432258,177.3426222173009,178.5321880012485,17423300
2018-08-14,179.53338623046875,180.40573041896323,177.06505694763698,179.1368743953114,19102000
2018-08-15,177.96719360351562,179.29552529913687,173.258542261876,177.77884512969618,33020200
2018-08-16,173.17919921875,178.92871210664836,172.49520338389536,178.84940670722017,31351800
2018-08-17,172.28704833984375,174.68598006708459,170.54235971933474,172.9809517112012,24893200
2018-08-20,170.9983673095703,173.0503549777457,169.42221207590367,172.52495477389732,21518000
2018-08-21,171.1173095703125,172.65381958969067,169.89802115858143,171.3056580091081,19578500
2018-08-22,172.12844848632812,172.72323148588757,170.63159860958226,170.71090401792085,16894100
2018-08-23,171.39488220214844,174.0218227633762,171.32549942463032,171.58323065334875,18053600
2018-08-24,173.12965393066406,173.2981873800535,171.4147179325106,172.18792676987275,14631600
2018-08-27,175.9152069091797,177.11466531741482,174.25973104663964,174.4580021356349,17921900
2018-08-28,174.72561645507812,176.68839105485034,174.29936695043438,176.54961038752933,15910700
2018-08-29,174.3687744140625,175.25102630824728,173.22879128005718,174.76530146681773,18494100
2018-08-30,176.09359741210938,178.2248750576106,174.17048319194907,174.36873911521192,24216500
2018-08-31,174.20025634765625,176.0738031875716,173.45678513934126,175.60789335361738,18065200
2018-09-04,169.67002868652344,172.37625936831316,167.3305722557498,171.98965498520033,29809000
2018-09-05,165.7246551513672,169.64028165892103,165.2191002555826,168.0145588140527,31226700
2018-09-06,161.11514282226562,165.5264016622307,158.60716818541047,165.5264016622307,41514800
2018-09-07,161.62069702148438,163.19686724418932,158.76577829223478,158.9144664613776,24300600
2018-09-10,162.7507781982422,163.57355472361868,160.7483735290191,162.08661247615825,20197700
2018-09-11,164.49545288085938,165.73457131569054,162.29477733052263,162.51286338512952,20457100
2018-09-12,160.5897674560547,163.0580971048912,160.39151150907855,161.8288860321045,24078100
2018-09-13,159.95533752441406,161.89828208490528,159.45969009965148,160.58976562307177,25453800
2018-09-14,160.906982421875,161.42244483751762,158.9442077878408,160.31219947956913,21770400
2018-09-17,159.18212890625,160.6492410497016,158.3791824975093,160.51046037567184,21005300
2018-09-18,158.90457153320312,160.35185358058038,157.48701199604824,158.0024895664645,22465200
2018-09-19,161.64053344726562,162.01723032504097,158.0916961212628,158.68647907291242,19629000
2018-09-20,164.5747833251953,165.0010328711957,163.03827320694597,163.0680108438316,18936000
2018-09-21,161.51168823242188,165.79408992318628,161.39273767188777,165.18939936386894,45994800
2018-09-24,163.9700927734375,164.25756163854922,159.47952809379342,159.62821627816848,19222800
2018-09-25,163.47447204589844,164.1485454265296,159.74719293806226,160.57989228455554,27622800
2018-09-26,165.49668884277344,167.82623802517153,162.78055036095498,162.86976327620582,25252200
2018-09-27,167.37020874023438,170.2747103408988,165.75440851792655,166.09144511635068,27266900
2018-09-28,163.0283660888672,167.3206596997471,161.1448967012182,166.86467251578267,34265600
2018-10-01,161.0259552001953,164.436012271687,159.8562192856903,161.61081559446748,26407700
2018-10-02,157.94302368164062,160.8673407123467,157.28876539483633,160.17343728359683,36031000
2018-10-03,161.01602172851562,162.23532533395408,158.1412725977874,158.60718240618235,23109500
2018-10-04,157.4672088623047,160.05448928691575,155.98026643726294,160.05448928691575,25739600
2018-10-05,155.96043395996094,159.4993490128948,154.84026584295069,157.82407327832271,25744000
2018-10-08,155.88113403320312,156.9616419202774,153.04602981395192,154.1860129790727,24046000
2018-10-09,156.5254364013672,159.19202172332666,156.04961915229816,156.31727297250595,18844400
2018-10-10,150.06222534179688,156.31729367976462,149.99282743901162,155.45487196546546,30610000
2018-10-11,152.01507568359375,153.4623577358115,147.86154772210898,148.8231049644271,35338900
2018-10-12,152.4016876220703,155.5242605937799,149.98292557845363,155.36564977512566,25293500
2018-10-15,152.18357849121094,154.21573581046638,151.22202134686995,151.9853225608841,15433500
2018-10-16,157.3977813720703,158.0718696768923,153.66059587760898,154.04720023041824,19180100
2018-10-17,158.03221130371094,159.09290397401355,156.57500677356987,158.1709919672502,17592000
2018-10-18,153.57139587402344,157.27884404695308,151.94567293006756,157.13014074433553,21675100
2018-10-19,152.70896911621094,155.98024502748095,152.21332170922938,154.50321030933083,19761300
2018-10-22,153.43263244628906,155.9703451195602,153.1154259251105,153.4128023118527,15424700
2018-10-23,153.0460205078125,153.42271741381617,149.536843182799,149.90361745909107,19095000
2018-10-24,144.76869201660156,153.3037412080965,144.33253499208868,152.9369669569993,27744600
2018-10-25,149.635986328125,150.88502778472744,145.72037386510544,146.44401502386,22105700
2018-10-26,144.10450744628906,147.70291209123408,142.5481826139126,144.55060216746438,31303300
2018-10-29,140.85305786132812,147.53438946933767,137.81969855184383,147.20726040886984,31336800
2018-10-30,144.9471435546875,145.3634856035084,138.52355674637076,138.72181270400546,50528300
2018-10-31,150.4686279296875,155.0384974683667,147.6632770144559,153.65069082740558,60101300
2018-11-01,150.4290008544922,151.42029575303908,148.04989914836352,150.20100726309514,25640800
2018-11-02,149.04119873046875,152.78829235465014,147.66329938322704,150.4785733533387,24708700
2018-11-05,147.3856964111328,148.88256116669925,146.15650059973072,148.7933482692828,15971200
2018-11-06,148.63473510742188,149.65576747522903,146.7116208997984,148.01021458355558,16667100
2018-11-07,150.21090698242188,151.67801912097306,148.52570876741538,150.25056724684592,21877400
2018-11-08,146.582763671875,149.62604610195993,145.46261078434273,149.17996644756505,24145800
2018-11-09,143.69813537597656,146.47374938184026,142.8158833971209,145.47254683872242,17326900
2018-11-12,140.3177947998047,143.7774042876356,139.26702463584598,143.22228156901284,18542100
2018-11-13,140.92247009277344,143.61879311473893,140.38716243899432,140.76385929713828,15141700
2018-11-14,142.96453857421875,144.3127001195929,140.31778324911562,142.44906103823376,22068400
2018-11-15,142.59776306152344,143.57913523312448,139.60404852960136,141.0909907299261,30320300
2018-11-16,138.31536865234375,140.53587455272964,136.57069516872846,139.8419711857212,37250600
2018-11-19,130.40484619140625,136.55087150244032,130.06780955803708,136.41209082246715,44362700
2018-11-20,131.2771453857422,132.9920960489741,125.7457268961533,125.92416023859023,41939500
2018-11-21,133.6464080810547,135.99577254756178,132.9624120652457,133.23005084241785,25469700
2018-11-23,130.58328247070312,133.32917377934606,130.1173726236278,132.48656700247514,11886100
2018-11-26,135.1927947998047,135.80739275884446,131.6241273338603,131.84221340822126,24263600
2018-11-27,133.82481384277344,135.4207992647516,132.54605005480934,134.56828503078884,20750300
2018-11-28,135.56948852539062,135.5992261630699,130.70224193837456,135.09367119656213,29847500
2018-11-29,137.4727783203125,138.77138742870687,134.4790784203067,134.73680966555068,24238700
2018-11-30,139.38597106933594,139.74283782448558,136.1642627697202,137.05642209461473,25732600
2018-12-03,139.8617706298828,142.42922036511973,139.53464155198645,141.75514720530225,24819200
2018-12-04,136.72926330566406,142.1417387299604,135.96597731869036,139.50489134053512,30307400
2018-12-06,138.41452026367188,138.4839030454518,132.50639563988096,132.65509895962774,28218100
2018-12-07,136.22373962402344,139.64370391046762,135.47036096593592,138.03781105661508,21195500
2018-12-10,140.6151885986328,141.80473946175877,137.79989956721752,138.3847750580367,26422200
2018-12-11,140.84320068359375,142.62753477553204,139.87173578252361,142.62753477553204,20300300
2018-12-12,143.24212646484375,145.90871241572717,141.26944398375352,141.83448939013158,23696900
2018-12-13,143.74765014648438,144.58034925477108,141.9435015181053,144.30278792732813,18148600
2018-12-14,142.80593872070312,144.7389607213662,141.26942862367775,142.0922051933876,21785800
2018-12-17,138.96961975097656,143.6584398967254,137.21502372830864,141.83446110389585,24334000
2018-12-18,142.40943908691406,144.65966777917276,138.6127775349263,139.85189624800478,24709100
2018-12-19,132.0801239013672,143.64853234129407,131.34656030788761,139.98074462581263,57404900
2018-12-20,132.23870849609375,134.3898313314175,128.8683125265513,129.56221579957983,40297900
2018-12-21,123.8623046875,133.7256867102573,122.34562457864595,132.22883673626617,56901500
2018-12-24,122.98003387451172,128.610596359982,121.94908634639599,122.02839174770781,22066000
2018-12-26,133.01194763183594,133.0714380339725,124.79411924435239,124.90316229266219,39723400
2018-12-27,133.3489990234375,133.8149088534254,128.54121253354535,131.2871037414817,31202500
2018-12-28,132.0404815673828,134.73680498535606,131.04918663800913,134.1618521112041,22627600
2018-12-31,129.94883728027344,133.4679369965346,128.81876176479938,133.27958855629578,24625300
2019-01-02,134.49888610839844,136.31295760854468,127.44087119055204,127.867135867288,28146200
2019-01-03,130.5932159423828,135.9759408285652,129.97860272285757,133.51753332835068,22717900
2019-01-04,136.7490997314453,136.7986674912349,132.58566505038166,132.84339622494832,29002100
2019-01-07,136.8482666015625,137.66112056969328,134.72689607981036,136.36252664587698,20089300
2019-01-08,141.2892608642578,141.8939513581992,138.32528366838775,138.672242933716,26263800
2019-01-09,142.97445678710938,143.44036659235024,140.04023240299622,141.70560054652648,22205900
2019-01-10,142.94471740722656,143.30158416591036,139.61396603483087,141.8344719917478,16125000
2019-01-11,142.54820251464844,144.09462006114,141.3289140839084,141.90385178630427,12908000
2019-01-14,144.12435913085938,145.29409493148682,140.04022914681872,140.76387015955348,20520300
2019-01-15,147.65338134765625,149.36831739412628,144.7191567349876,144.73897174350674,24069000
2019-01-16,146.25564575195312,148.34727863691265,145.72035315090284,147.70294298969063,18025700
2019-01-17,147.00904846191406,147.7029519222627,145.2247144739026,145.6707941894152,15787900
2019-01-18,148.73388671875,151.10308102949585,147.25686693303894,148.4464178404582,31029600
2019-01-22,146.28538513183594,150.2109041829542,145.09581923662802,147.9011854169663,22378700
2019-01-23,143.04383850097656,147.50466497111537,141.8146275394157,146.98918745485338,20098400
2019-01-24,144.56051635742188,145.16520676476975,141.27933312897716,143.380873175386,20955500
2019-01-25,147.7128448486328,148.5257139119325,145.26434528122348,146.1961648899975,22237200
2019-01-28,146.18626403808594,147.6632989240889,144.93723787589587,146.76121691063824,15508500
2019-01-29,142.93479919433594,146.81076548069362,142.18140546803033,146.80084285211072,17632100
2019-01-30,149.11058044433594,149.63596554324403,144.43166719952566,144.94714479455325,44613200
2019-01-31,165.2389373779297,170.18548889138478,163.56364669766086,164.15842964512674,77233600
2019-02-01,164.26748657226562,167.62797571991626,164.21791880145875,164.39634462521155,30806500
2019-02-04,167.77667236328125,167.82624013658665,162.1956768854242,164.25757222204984,20036000
2019-02-05,169.67002868652344,170.4828825909837,167.22152921815598,167.6775163746691,22557000
2019-02-06,169.00587463378906,170.96863432011753,167.79649363363717,169.7096855492788,13281200
2019-02-07,164.931640625,167.76674447768966,163.81147261341835,166.7357893716431,17517600
2019-02-08,165.8733673095703,165.91301244772862,162.78053225061998,163.03826346354623,12561400
2019-02-11,164.34678649902344,166.8349465555215,163.64297554052686,166.43841949175643,12811200
2019-02-12,163.60328674316406,166.87456260048933,163.06799420787289,165.40745053528556,16292300
2019-02-13,162.64178466796875,164.77306295613545,162.3047328582342,163.94037875176946,14205100
2019-02-14,162.52279663085938,163.43478612823927,160.83759831774523,161.7694179484916,12755200
2019-02-15,161.08541870117188,163.26626442147275,159.45969569593382,163.0779159732994,15504400
2019-02-19,160.87725830078125,162.72106759901422,158.9343285784909,159.10284691275353,14345400
2019-02-20,161.14488220214844,162.29478781418132,159.8462884187141,160.8375832306131,11770700
2019-02-21,158.6468048095703,160.82766535586853,158.20072519817566,160.5203512781938,15607800
2019-02-22,160.48074340820312,160.99622103211192,158.91449552760557,159.18214940697604,15858500
2019-02-25,163.18698120117188,164.62437107961182,161.48195255827181,161.65048602236217,18737100
2019-02-26,162.70123291015625,164.79286570447985,162.37410378581643,162.90939636367105,13784100
2019-02-27,161.39271545410156,162.50296086881065,159.01361381516514,161.48192836222083,12697500
2019-02-28,160.04454040527344,162.07669774469517,159.45968011092006,160.95652979459345,11114200
2019-03-01,160.86734008789062,161.70994682907624,160.2824797092118,161.18456172606506,11097800
2019-03-04,165.9130096435547,166.0418828108191,162.40383262643738,162.4732153985315,18894700
2019-03-05,169.7691650390625,170.38377818411251,165.10017436805197,165.9130283488519,28187900
2019-03-06,171.00828552246094,172.05907087000372,169.77908947123353,171.39488994598577,21531700
2019-03-07,167.65769958496094,170.24497969856398,166.1509272067736,170.0070634938106,18306500
2019-03-08,168.1236114501953,168.14342645636808,164.52520632922034,164.75319990787847,13184800
2019-03-11,170.5721435546875,172.78272724256647,170.08640354326832,170.10623367919365,18884000
2019-03-12,170.4234161376953,172.2870553762765,169.72951273799794,170.59193445433897,12155300
2019-03-13,171.8607940673828,172.51505233958744,170.62167542728005,170.81994651046446,11973300
2019-03-14,168.6886444091797,169.66010913612425,166.69614718712864,168.282209886595,18037400
2019-03-15,164.53512573242188,166.12120364657443,161.095331167797,165.7048615974504,37135400
2019-03-18,159.07310485839844,162.4732393410278,157.89346142533574,162.14612531215909,37524200
2019-03-19,160.16351318359375,162.39392655443643,159.42004205997952,160.0742851530314,25611500
2019-03-20,163.9998321533203,164.6739054309311,159.8363965610117,160.0941277919876,20211500
2019-03-21,164.63424682617188,164.9415458026552,162.3245280621421,163.4546035608646,16223000
2019-03-22,162.90940856933594,165.96259883263585,162.66158483165862,164.20800253461144,16389200
2019-03-25,164.8424072265625,165.09023092895288,160.5897591489653,161.5810539585268,12631200
2019-03-26,166.22030639648438,167.97490244456756,164.90189761069288,165.8931924201928,15437900
2019-03-27,164.42608642578125,167.4693691440519,163.35548607827695,166.38886129251935,10620300
2019-03-28,164.10887145996094,165.26868466187196,161.90819560219353,163.13740670660943,10443000
2019-03-29,165.2389373779297,165.734584792165,163.37529826009805,164.94154590419674,13455500
2019-04-01,167.2314453125,167.42970126577598,165.82380838049292,166.36902359647164,10381500
2019-04-02,172.68359375,173.37749725605119,168.07407784283805,168.65893828894104,23946500
2019-04-03,172.02931213378906,176.41084894957973,171.4444517667529,172.98096190340783,27391100
2019-04-04,174.4877166748047,176.4504761631489,174.00197677260604,174.4877166748047,17847700
2019-04-05,174.19033813476562,175.45919437554022,173.57574014731654,175.34024382982997,9594100
2019-04-08,173.40719604492188,173.9722413542248,172.71329269434176,173.68477251111253,7297400
2019-04-09,176.0341339111328,177.63011915787962,174.0218066599249,174.09118943102257,19751000
2019-04-10,176.27206420898438,177.23360633426717,175.00319283671809,176.62891584767104,11701500
2019-04-11,175.96473693847656,176.84698871765096,175.4591820288233,176.68839304318382,8071000
2019-04-12,177.54092407226562,178.06630916342613,176.4009258524956,176.4504936230873,12329800
2019-04-15,178.08612060546875,178.9287273107787,175.3303220264931,176.94613753448198,10834800
2019-04-16,177.31289672851562,178.6015829987426,176.74786655580616,177.4417698933258,11215200
2019-04-17,177.22366333007812,179.1666075763856,176.8073213757172,178.0365322357041,9973700
2019-04-18,176.72804260253906,177.32282555603885,175.79622303417014,177.24352015384164,11655600
2019-04-22,179.8605499267578,180.0885435195673,176.69831676064928,176.69831676064928,13389900
2019-04-23,182.18014526367188,182.61631736740568,179.9001643470362,181.14920539426612,19954800
2019-04-24,180.9906005859375,183.52831277227625,180.0686885860498,182.88397722335475,37289900
2019-04-25,191.57765197753906,196.75221270198747,190.44757636679515,195.26527031280025,54148800
2019-04-26,189.8230743408203,191.2207887166378,187.4439573987803,190.82427678927803,22075000
2019-04-29,193.08441162109375,193.70893222320188,188.99035900897894,189.28775049217137,19641300
2019-04-30,191.71641540527344,195.67168724983304,190.6061700282569,192.49954679695807,23494700
2019-05-01,191.34963989257812,194.47221255780033,191.3298097607027,193.0844058456924,15996600
2019-05-02,190.85401916503906,192.31122397949665,188.09822036138914,191.3199290105302,13209500
2019-05-03,193.76841735839844,194.4524132667719,192.02374376132806,192.6879095362235,14575400
2019-05-06,192.1922607421875,192.5887726532269,188.89124689822324,189.57524280183202,13994900
2019-05-07,188.1180419921875,191.22078481914016,186.21475755292488,190.8639180414059,16253000
2019-05-08,187.8900604248047,189.0597964698697,186.90868798866725,187.7413722150755,12505700
2019-05-09,187.0077667236328,188.1180272372568,184.63857264576686,185.57039222153955,12967000
2019-05-10,186.7004852294922,188.3460384588898,182.98312920727724,186.61127231518952,12578500
2019-05-13,179.95962524414062,183.81576085199924,179.26572200994167,181.90256942585378,16833300
2019-05-14,179.15670776367188,181.89269113496795,176.5496126846514,180.93113395389048,17628100
2019-05-15,184.6484832763672,185.64968556083124,178.45289088893566,178.8494027513481,16746900
2019-05-16,185.36219787597656,186.93835278879587,183.4390837743677,183.4390837743677,12953100
2019-05-17,183.6869354248047,185.9470864320573,182.67581046073104,183.23093314658834,10485400
2019-05-20,181.12939453125,182.62624429559708,179.7911404457111,180.29671049516125,10352000
2019-05-21,183.21112060546875,184.08344978385523,182.28920853365662,182.96329689409416,7502800
2019-05-22,183.70675659179688,185.1143933696589,182.0116358561002,183.12188117363468,9213800
2019-05-23,179.29551696777344,182.299139526583,178.10596602508983,180.83202720147187,12768800
2019-05-24,179.4838409423828,182.03147593642154,179.2558473649186,180.742789621871,8807700
2019-05-28,182.70558166503906,183.10210874633503,179.87047731910943,179.95969024016546,14843300
2019-05-29,180.60401916503906,182.95338322360334,179.77133508427698,181.902613056076,12797700
2019-05-30,181.41685485839844,181.88276462179326,179.3153147348018,181.48625275445895,8581500
2019-05-31,175.9250946044922,178.96836186561143,175.61779562749524,178.71063065528207,15226500
2019-06-03,162.72105407714844,173.52617771495474,159.60838865233333,173.47660994406445,56059600
2019-06-04,166.04188537597656,166.81509413959097,159.43985812423,162.28488459513008,46044300
2019-06-05,166.70606994628906,167.25128519404626,163.1968924782927,166.0220740105537,19758300
2019-06-06,166.8646697998047,168.22273895188772,165.77423937596896,166.83493216333275,12446400
2019-06-07,171.84095764160156,172.35642004094598,167.37020846472998,168.68863234858634,16917300
2019-06-10,173.2981719970703,176.31170166929564,172.28704702028858,173.22877409748656,14767900
2019-06-11,176.54962158203125,178.41324564337222,175.25101260252274,176.9263033452393,15266600
2019-06-12,173.5162353515625,177.70942325144773,171.37505007663788,176.82717148339296,17699800
2019-06-13,175.9250946044922,176.4802172888684,173.08999078703468,174.00198021507543,12253600
2019-06-14,179.7515106201172,180.2570655866755,178.43308655435038,178.9386415209087,16773700
2019-06-17,187.3646240234375,187.85036391902162,182.80467703554277,183.3994448378117,29459900
2019-06-18,186.82936096191406,192.8366059556519,185.6497175479434,192.31122084075142,37571400
2019-06-19,185.8479766845703,186.46258985143928,182.94348968380297,185.3721593343821,21417100
2019-06-20,187.88011169433594,189.49592714000448,186.00656503303472,189.28774856610033,14635700
2019-06-21,189.47610473632812,190.3286189470669,187.10691055343167,187.10691055343167,22751200
2019-06-24,190.9233856201172,192.2913621662736,189.9023531803661,190.7449446896004,15509000
2019-06-25,187.19613647460938,191.4587078245781,186.4923255240796,191.20097658051884,16750300
2019-06-26,186.0264129638672,189.09941821704652,185.67945368281707,187.89003717436265,12808600
2019-06-27,187.8503875732422,197.1487387746946,186.6310990553971,188.22708448361715,11159000
2019-06-28,191.31993103027344,191.51818700096754,188.2865708133669,188.89126135585855,16378900
2019-07-01,191.31993103027344,193.5800823733003,190.2592381418205,193.51069959023982,14181800
2019-07-02,193.302490234375,193.302490234375,191.03243174807002,191.3199005909455,9050000
2019-07-03,195.48333740234375,195.68159334310286,192.4698077753127,192.4698077753127,10246100
2019-07-05,194.69032287597656,195.35450380586803,192.47973936427107,194.47223677606365,11164100
2019-07-08,194.05587768554688,194.96786714791654,191.9543374081715,193.49084747695187,9723900
2019-07-09,197.47586059570312,197.72368431682693,193.19345943422346,193.2727648400982,14698600
2019-07-10,200.9652099609375,201.19321867762923,197.93185000038574,198.25897913106715,20571700
2019-07-11,199.4782257080078,202.02586031505652,198.4671160175598,201.49055271333083,13678500
2019-07-12,203.0865478515625,203.512812453808,197.42626337598364,197.94172574833814,15366300
2019-07-15,202.13494873046875,203.54258568756845,200.06314599877723,202.47198536964194,16030300
2019-07-16,202.06558227539062,203.68139807049724,201.33203360842919,202.11515005379778,12132700
2019-07-17,200.04330444335938,202.5810168479359,199.83512586872124,202.40257590882334,12083700
2019-07-18,199.0321807861328,200.70747151973183,197.64437403247877,198.4076601840089,11937900
2019-07-19,196.63328552246094,200.5687280570094,196.34581661513946,200.4200247248401,12098300
2019-07-22,200.55877685546875,200.8066005624614,197.07932232867844,198.16975268982955,13589000
2019-07-23,200.5984344482422,202.46207368084626,199.21062765329847,201.07425175994294,14583700
2019-07-24,202.87841796875,203.0271061534427,195.50318148879686,195.90961602823657,32532500
2019-07-25,198.96279907226562,206.84359022630701,196.53411455148293,204.90064563487275,39889900
2019-07-26,198.0111541748047,201.11391201920256,194.5416220616041,198.447326346332,24434000
2019-07-29,194.23434448242188,197.89222544809863,193.59991628823684,197.2677047585554,16530800
2019-07-30,195.32473754882812,196.9802133181637,191.8155603102032,193.68910703842727,11903600
2019-07-31,192.5391845703125,197.02974879960814,191.0026746067043,195.2355076336105,14593500
2019-08-01,191.05227661132812,196.74231522255104,189.2183899801325,192.4797437978343,17777000
2019-08-02,187.37457275390625,190.94322544251955,186.43284559132607,189.4364680327754,15297000
2019-08-05,180.1480255126953,184.0537300029914,177.7788312071651,183.082265195433,23086700
2019-08-06,182.90382385253906,184.17268016509672,181.49618685348165,182.09096986760073,18035700
2019-08-07,183.53823852539062,184.74761947288266,179.642456959587,182.00174358272056,15833200
2019-08-08,188.504638671875,188.68306449043996,182.44782632880313,184.99544631383543,14828900
2019-08-09,186.21475219726562,189.31749493498137,185.49109603275392,188.34603017251814,11058800
2019-08-12,183.75631713867188,185.95699286346687,182.85425034233126,185.22344437250766,10930900
2019-08-13,186.80950927734375,189.7140110194485,183.7563193598577,183.90502266119785,13577000
2019-08-14,178.1455841064453,184.3709138539806,177.74905713548162,184.1825654335175,18903700
2019-08-15,181.0005340576172,181.6052245579926,178.46282150717607,179.37481100961836,12925900
2019-08-16,182.10089111328125,183.4887132089663,180.77255942426567,182.15045888919173,12654600
2019-08-19,184.54934692382812,185.86777079310215,183.24084568294282,184.39073612918813,9691200
2019-08-20,182.20993041992188,184.38086887685148,180.80229334361178,183.8356536049804,10083400
2019-08-21,181.95220947265625,184.2817437648346,181.54577487188075,183.38958427012153,8398200
2019-08-22,180.45529174804688,182.50727916503908,178.34384419146897,181.83319086164633,10821400
2019-08-23,176.20266723632812,181.53583860114406,175.12215943315425,179.2657648255648,17323400
2019-08-26,178.78994750976562,178.92872818974976,176.68840717687456,177.8382977570461,8773600
2019-08-27,179.7217559814453,182.4378941392219,179.43427200976495,180.34626143965681,14399600
2019-08-28,180.17774963378906,180.36609807872819,177.36247584090782,178.95846118228755,9386100
2019-08-29,183.95457458496094,184.46012946367452,181.87284955316147,182.1702410042696,10128700
2019-08-30,184.05372619628906,185.17389429750483,181.86297289106756,185.15406416381285,10774500
2019-09-03,180.80227661132812,184.05372268054123,180.5247152487826,182.39826200894478,9779400
2019-09-04,185.5109405517578,186.1156310900315,182.28923189107817,183.04261062484505,11308000
2019-09-05,189.23818969726562,189.69419200509188,186.30396527407314,186.88882563279574,13876700
2019-09-06,185.85784912109375,188.55417192057794,184.72777376586558,188.55417192057794,15226800
2019-09-09,187.1168212890625,187.33490737878313,184.2321646040486,186.09578874444315,14722400
2019-09-10,184.54934692382812,186.46255371002326,182.94345422448225,185.80829552660163,15455900
2019-09-11,186.84918212890625,187.79090926366644,184.46015777711304,184.83685468140106,11761700
2019-09-12,185.83804321289062,189.2679148582642,185.60012700806035,188.20723725439157,11419800
2019-09-13,185.5605010986328,186.33370993700524,184.9161503160156,185.6992817843417,11441100
2019-09-16,184.5989227294922,186.15524773256575,184.15284308534797,185.3027335816854,8444800
2019-09-17,186.44273376464844,186.68064996960592,183.92483642154767,185.03509691872384,9671100
2019-09-18,186.5022430419922,187.43406277387243,184.39077982511293,186.45267526617613,9681900
2019-09-19,188.4848175048828,189.4364672937098,186.51213514758413,187.0177052428198,10392700
2019-09-20,188.27664184570312,191.41906013557502,186.48240041347879,189.00029804702226,19934200
2019-09-23,185.1937255859375,188.4451717375327,183.59774014788326,187.6917779121405,13327600
2019-09-24,179.70191955566406,186.4030669367556,178.81966779154138,186.3435916691003,18546600
2019-09-25,181.2086944580078,181.82329240046013,176.32160317476445,179.87044041290727,18068300
2019-09-26,178.54212951660156,179.8208933142129,176.12336747985688,179.7515105349739,16083300
2019-09-27,175.558349609375,179.1864777941973,174.13088239687255,178.918839036324,14656200
2019-09-30,176.52978515625,177.11464547576873,175.31049675051665,176.3216065865108,10740000
2019-10-01,174.279541015625,178.27445795608688,173.35764408749932,177.5904621056924,17073000
2019-10-02,173.08009338378906,174.9932852559371,171.5832284232583,173.3179944761418,16151700
2019-10-03,177.8184814453125,178.27446862221802,172.11853585227658,174.04165035077614,16086300
2019-10-04,178.87916564941406,179.40455074799638,176.54963165829395,177.98700626999957,10430200
2019-10-07,178.11585998535156,179.6028023321276,176.5397047279993,178.43308161312447,9178300
2019-10-08,176.20266723632812,178.79985501576326,176.17292959961395,176.70822218642866,9466900
2019-10-09,178.28439331054688,179.14681503079768,176.3910164266779,177.60039741133014,7556900
2019-10-10,178.46282958984375,180.029077434309,177.6103153232604,178.75031359741428,8605000
2019-10-11,182.58660888671875,184.86659016737028,180.55445132948677,180.56435883307805,14930500
2019-10-14,181.68450927734375,183.01284067577564,180.98069844164908,182.5964986759369,7006000
2019-10-15,187.2456817626953,188.7227165199571,182.06121398365255,182.19999465624394,15039100
2019-10-16,187.89993286132812,188.0486210313374,185.27299255881692,186.680644489377,10516900
2019-10-17,188.7326202392578,189.17869988321854,187.12672747061578,188.6434073356574,9603000
2019-10-18,184.2321319580078,189.82303364040027,182.3189252601091,188.57399259770204,16874200
2019-10-21,188.10812377929688,188.25682709698793,185.1243314328732,185.41180031220577,8122600
2019-10-22,180.75271606445312,188.99037461097063,179.92003194353995,188.3460389491603,19537600
2019-10-23,184.529541015625,184.7575497350842,180.41567319910627,180.42558070283758,12300400
2019-10-24,184.7575225830078,185.10446667413535,181.20868551991097,183.01283412126412,11413500
2019-10-25,186.25439453125,187.35473245387462,183.47876584007477,184.21232949714437,8061200
2019-10-28,187.75125122070312,187.88012440021436,183.46886504496106,185.57040542859633,13657900
2019-10-29,187.6620330810547,190.85400383481056,186.82934900423825,190.02131975799415,13574900
2019-10-30,186.61126708984375,188.79211286995138,184.36102340547032,187.90986100375494,28734600
2019-10-31,189.98162841796875,196.36556888130576,186.61123239586325,194.98766981553263,42286500
2019-11-01,191.93450927734375,192.42024921250243,188.25681375358042,191.17122311261366,21711800
2019-11-04,193.0249786376953,195.65190454182547,192.12289648723458,192.85646028969097,16371300
2019-11-05,192.62844848632812,194.04599305250838,191.91471488801213,193.66929611840797,9942000
2019-11-06,189.88253784179688,192.67798154603338,189.6842818904118,192.3409449160828,10973000
2019-11-07,188.76239013671875,191.7561052410906,187.82066292163034,190.23942511682074,13473000
2019-11-08,189.1787109375,190.66565325489464,188.04863538131843,188.34602686998926,10760800
2019-11-11,187.95944213867188,188.42535199028035,186.8987492474897,188.27664866740642,8631200
2019-11-12,192.77713012695312,193.36199051719342,188.08830924895616,188.3460404905975,17615500
2019-11-13,191.50823974609375,193.99638418266886,191.06216012313234,193.00508940899556,10860700
2019-11-14,191.4685821533203,192.34092640661814,189.78338403977884,191.25049608999586,9040500
2019-11-15,193.40162658691406,193.59988252690587,191.69659827625904,192.5689274374147,11524300
2019-11-18,195.6815948486328,196.90089838930183,191.36947138160062,192.8663211407008,16167200
2019-11-19,197.5849151611328,198.2589884614407,195.1463229476345,195.6816155610578,19056800
2019-11-20,195.7906494140625,197.85254461233583,193.72875421578917,196.8513422129747,12355400
2019-11-21,196.20697021484375,197.3568757996604,195.14629265671454,195.70141531808585,12131000
2019-11-22,197.08926391601562,197.56508124394298,195.89969790725704,196.65309172959883,9959800
2019-11-25,198.05081176757812,199.22054767621862,197.51551914902097,197.78317302127982,15272300
2019-11-26,197.23793029785156,198.4076509175924,196.31601825558465,198.25896274591634,11735500
2019-11-27,200.2415771484375,201.37165277087047,197.68403439746598,198.15985173165873,12736600
2019-11-29,199.8847198486328,202.02592064301706,199.45847026623022,199.8450747047195,7985200
2019-12-02,197.9615936279297,200.420000808283,196.3259630509845,200.3704481627684,11503400
2019-12-03,197.08926391601562,197.19829183665968,193.381815457433,195.87988289948183,11595300
2019-12-04,196.98020935058594,198.28871070735886,196.32595110921986,198.25897307147488,8456300
2019-12-05,197.62457275390625,199.53776485263074,196.4845895488173,198.12022025628602,9740400
2019-12-06,199.2998504638672,199.81532806729382,198.31846302914425,198.75463522235444,12270600
2019-12-09,199.58731079101562,201.3716446295494,198.46715784384807,198.90331489241436,11954800
2019-12-10,199.1213836669922,200.2911194084233,198.4076501936345,199.90451503751777,9475700
2019-12-11,200.49929809570312,200.86608748899027,198.53653845768358,198.53653845768358,8036800
2019-12-12,195.03726196289062,201.88711301453668,192.41033665773847,200.58851917968943,23734800
2019-12-13,192.42025756835938,195.08684332389672,191.4884379232018,194.69031628023387,18798000
2019-12-16,196.19708251953125,197.38663336055586,193.114154811215,193.57015711535357,14911500
2019-12-17,196.6630096435547,197.26770018383,194.42268844359683,197.10908935747165,10175700
2019-12-18,200.73719787597656,202.5215315489547,198.34817376732136,198.34817376732136,23274400
2019-12-19,204.2662353515625,204.50415158534474,200.74713524741477,201.01478911967473,16514600
2019-12-20,204.50411987304688,205.90184916859667,201.65909351685073,205.67384047434393,27306900
2019-12-23,204.38516235351562,206.77418654233378,203.8895149347214,204.90063990433006,13348900
2019-12-24,203.33441162109375,204.98987234249637,203.21546106955543,204.5041475064081,6046300
2019-12-26,205.98114013671875,206.0108928966437,203.52273326440485,203.7804795933937,9350700
2019-12-27,206.28846740722656,207.11122883413438,204.79160248082297,206.85349761464175,10284200
2019-12-30,202.63058471679688,206.09019407630888,202.1250146606919,206.0505489375747,10524300
2019-12-31,203.46327209472656,203.77057108431418,201.8276416093914,202.22415350706075,8953500
2020-01-02,207.95382690429688,207.9637344071887,204.4743875184786,204.95020479858297,12077100
2020-01-03,206.85348510742188,208.56842088449835,205.14845683304864,205.4062031629161,11188400
2020-01-06,210.74929809570312,210.9277239141144,204.7222233942496,204.90064921266088,17058900
2020-01-07,211.2052764892578,212.7120488834595,209.90668266717276,210.96737540793467,14912400
2020-01-08,213.34649658203125,214.35762164844684,210.7592162031763,211.14582062181162,13475000
2020-01-09,216.39967346191406,216.4789788667449,214.39725358632398,215.6462796790009,12642800
2020-01-10,216.16177368164062,217.96593774529924,215.52734552071945,217.2918493159677,12119400
2020-01-13,219.97824096679688,220.0377162368791,217.3017479313842,217.68835231287758,14463400
2020-01-14,217.15306091308594,220.44416728003057,216.72681136156237,219.68086596283632,13288900
2020-01-15,219.22482299804688,219.7502079936934,218.22362076833417,218.6895305004671,10036500
2020-01-16,219.83944702148438,220.69196113509528,218.47145538835204,220.63248586860396,10015300
2020-01-17,220.2062530517578,220.3549412394602,218.61026762459173,220.09721000545602,15905900
2020-01-21,219.5123291015625,220.4342260310125,217.2125178404662,220.2260625876987,14275800
2020-01-22,219.39337158203125,220.8109158803091,219.35371131964186,220.37474374977492,12212800
2020-01-23,217.8469696044922,219.56192073379037,217.36124476665748,218.82835703609265,11195000
2020-01-24,216.0428009033203,219.84936947725353,214.22872952215866,218.8779047645845,11905800
2020-01-27,212.99952697753906,214.17917031016634,210.6501629417429,211.24494592278575,13810700
2020-01-28,215.89410400390625,216.83584623519565,211.66128578161968,214.25847351180462,13413800
2020-01-29,221.2867431640625,222.24830037009562,216.54835503324057,219.5123320537504,33181300
2020-01-30,207.7060089111328,209.58946307756923,202.96762073363075,204.7321243582591,48775500
2020-01-31,200.15232849121094,206.87330574954822,199.30972189537775,206.61555943150353,31359900
2020-02-03,202.41249084472656,203.35421789448145,200.737200185984,201.6690197329266,15495600
2020-02-04,208.00341796875,208.7667193037582,203.4137175806596,204.82135457285582,19628900
2020-02-05,208.28097534179688,210.8781631806116,206.89316851020735,210.66007708908182,12538200
2020-02-06,209.0145263671875,209.35156298788317,207.5176614545207,208.63782948172818,10567500
2020-02-07,210.4816436767578,210.967383613283,208.1025268892811,208.4693162805183,12242500
2020-02-10,211.2052764892578,211.93884011724154,208.82617492027316,209.67868908891847,11856400
2020-02-11,205.38641357421875,209.0244644109467,204.7123251083773,208.36029857572555,25030800
2020-02-12,208.92530822753906,209.38131053815937,205.59455674975018,206.04065155669,13813700
2020-02-13,211.2845916748047,212.46423501084925,207.35905726566108,207.69610902307352,15396600
2020-02-14,212.31553649902344,213.05900768129823,210.79885649725966,212.13711067573826,10741700
2020-02-18,215.90402221679688,216.0824480300486,211.54231578381527,211.6910190874841,15609200
2020-02-19,215.59674072265625,216.41951733330308,214.22874887291087,216.09238818984397,12135100
2020-02-20,212.71206665039062,216.86559480295082,211.09625108363406,214.63518122349623,13109200
2020-02-21,208.35037231445312,212.3750426521671,207.01213316267163,211.62164878429857,14092300
2020-02-24,198.97271728515625,201.87720413639323,196.44491221736035,200.0433176124331,23080100
2020-02-25,195.0570831298828,201.7284929361897,194.24421412884456,200.48937442921064,21433500
2020-02-26,195.48333740234375,199.45843935027182,193.7882317140009,195.47342989939133,16524500
2020-02-27,188.0981903076172,194.1748323367813,187.85036660497212,190.15017782597852,21682600
2020-02-28,190.79452514648438,191.06217899708437,180.2372408143527,181.1095700157063,32568900
2020-03-02,194.72996520996094,194.8588383823931,187.20604083380425,192.34094096110195,24949000
2020-03-03,184.27178955078125,195.5229915679651,182.36850535212912,194.511866637883,27984100
2020-03-04,190.0907440185547,190.160141936414,184.7674941413975,187.52329332509208,23062500
2020-03-05,183.55809020996094,187.34484430595603,182.28923384163906,185.15407573782906,19333400
2020-03-06,179.51358032226562,182.18016588247215,174.7256243932262,176.77761198822552,24559600
2020-03-09,168.02447509765625,173.47659670849464,163.75199676458902,168.12361063187322,29949000
2020-03-10,176.63882446289062,176.73794486823076,168.02447015120921,173.14946249940837,24517800
2020-03-11,168.75804138183594,174.34894375307698,166.2004988435292,172.49521209053785,20373900
2020-03-12,153.1253204345703,165.14973209945882,152.99644726061157,158.15117758148926,43266300
2020-03-13,168.7976837158203,169.30323863758935,156.22807243704884,162.10644356283814,35028600
2020-03-16,144.7389373779297,157.74473445791898,141.85428122338843,150.99401979960834,39120400
2020-03-17,148.11927795410156,152.5999350106582,138.78128207529338,149.42779444555768,34255600
2020-03-18,145.68069458007812,146.8900603543709,135.9065269708406,138.53345221468916,37553100
2020-03-19,151.7969970703125,158.53779047574193,143.53950851010524,145.34365741244116,39862300
2020-03-20,148.42660522460938,157.8835685755813,146.71166900462208,154.66185962784465,32568400
2020-03-23,146.810791015625,150.98413436617852,141.0117093943652,148.35720874770473,29830800
2020-03-24,159.5786590576172,159.9057882108282,151.2418799067256,153.85889800645307,30440400
2020-03-25,154.85018920898438,161.5711676910729,151.72760107288883,157.53659002543301,35184300
2020-03-26,161.9180908203125,162.57234902589062,155.65311547944728,156.87240386187312,26556800
2020-03-27,155.4251251220703,158.69640141000696,153.4028901241598,156.822854600928,24879900
2020-03-30,164.50540161132812,165.29844063356296,156.68408469553412,157.79433025108614,22515200
2020-03-31,165.34800720214844,169.44204522135595,162.77063418018074,164.03949055611406,23676300
2020-04-01,158.21067810058594,162.72105796616114,156.66424529203292,160.21308298396346,19507600
2020-04-02,156.81297302246094,159.94546914338855,154.56272892836822,157.71505518640524,20886300
2020-04-03,152.8378143310547,156.53535456754975,149.5169860585192,155.78196089154505,25983300
2020-04-06,164.10887145996094,164.75320708570277,157.13014698953972,158.75586999811065,28453600
2020-04-07,167.36033630371094,171.8806390737958,164.56487714928613,170.29456102683633,31411900
2020-04-08,172.76287841796875,173.47661197445476,166.27981626017447,169.75925600357357,21664200
2020-04-09,173.66494750976562,175.53849417465915,170.07646498649927,174.36875838401778,23534300
2020-04-13,173.26844787597656,173.47662648317942,167.97493616094914,172.15820230679188,19355400
2020-04-14,176.61900329589844,179.65236314571018,175.08249323853468,177.42194971191222,21011800
2020-04-15,175.42945861816406,176.6388395990374,171.31559085805145,173.6649549167508,17423000
2020-04-16,174.71575927734375,176.5000934611134,171.00831020250916,176.4009579019185,23593200
2020-04-17,177.67971801757812,178.71065814342688,175.12217514892365,177.64005774776027,20974800
2020-04-20,176.68838500976562,178.92870574157294,175.23118048977148,175.86560853667004,16110700
2020-04-21,169.31317138671875,173.85330382885846,166.87457928534005,173.72443065197643,24850500
2020-04-22,180.69322204589844,183.17145914344033,176.5892620174074,176.89656099734918,33242000
2020-04-23,183.5184326171875,185.42171704056207,181.5556577930537,182.4775699303214,21426600
2020-04-24,188.41542053222656,188.7524571530218,179.25585061783767,181.63495222175106,28792000
2020-04-27,185.8677978515625,192.06339111328126,185.77858493882417,190.98288327866794,29197800
2020-04-28,181.31776428222656,187.55300290864224,180.97080499676386,187.01771028708674,21731000
2020-04-29,192.49957275390625,195.19589628391623,188.3460444070909,189.26794146925386,45954500
2020-04-30,202.927978515625,207.86462270917676,199.81531324385696,205.118731697235,46230100
2020-05-01,200.5092010498047,205.4755824934736,197.3172306216393,199.845035356808,30415600
2020-05-04,203.47317504882812,204.11752577558354,197.02975853702785,198.45722553825703,19250700
2020-05-05,205.26742553710938,208.5486089695455,204.7023802295266,205.21785777094198,21071200
2020-05-06,206.65524291992188,209.7580007057453,204.86100162397798,206.30828366476794,21857000
2020-05-07,209.4209442138672,209.75799595802985,207.2202684404872,209.3218238046091,15152000
2020-05-08,210.50144958496094,211.35396368865588,209.01450743614123,210.39240655567585,12506000
2020-05-11,211.32424926757812,213.12841332924486,208.53871289026586,209.05419049730784,12911900
2020-05-12,208.27105712890625,213.4059572677164,208.17192159205015,211.43327504157023,14704600
2020-05-13,203.3145751953125,208.9451225557358,200.3505982153826,207.6068684880649,20684600
2020-05-14,205.0096893310547,205.1286398749658,198.94296957623862,200.79668613999704,17178900
2020-05-15,209.04425048828125,209.50023762187058,202.34308801660057,203.48308610249018,19383200
2020-05-18,211.33413696289062,212.77151137138245,209.1037237037267,210.3031819192295,20151900
2020-05-19,214.99203491210938,218.57060997564648,210.97728768832476,211.41345984857227,31843200
2020-05-20,227.96812438964844,229.3261937710043,221.2471451450683,221.55444419113024,50162900
2020-05-21,229.375732421875,235.1351535242866,229.18738396569944,232.67674634200608,47782600
2020-05-22,232.8650665283203,233.93566673401017,226.74877938987345,229.4946551120467,33925600
2020-05-26,230.1786651611328,238.8029274814234,229.65328009154226,237.6827745670303,33178300
2020-05-27,227.1453094482422,228.5529463704739,219.20504286108883,227.07592667175928,34697600
2020-05-28,223.4973602294922,229.6136480957041,222.05006298497125,222.3474544873753,29377200
2020-05-29,223.1305694580078,225.50968633673713,220.93981615980846,223.23961250402408,23241500
2020-06-01,229.8911895751953,230.41657462940574,221.55439635505033,222.63490409854282,18223800
2020-06-02,230.6941680908203,230.9717294741029,224.58778740668208,228.9296642431122,20919000
2020-06-03,228.15646362304688,230.62477852264576,226.5406479129604,230.08948587151633,15380300
2020-06-04,224.3201141357422,229.61364034721157,222.65474598001492,227.56165266323373,17041500
2020-06-05,228.76112365722656,229.3360765026521,223.34864695784768,224.73646886520714,16750400
2020-06-08,229.3856201171875,229.534323418887,225.43036338289795,227.03625618473225,15466500
2020-06-09,236.5923614501953,237.68279193428225,228.40427069337295,229.50460868151143,27462900
2020-06-10,234.66925048828125,239.11026277787252,233.23187582856167,238.86243903909462,20720700
2020-06-11,222.47630310058594,230.8626644574939,221.60397389010276,227.93834758086746,26708200
2020-06-12,226.59017944335938,229.64336940745946,222.54569462569273,227.8986807845685,22091400
2020-06-15,230.47605895996094,231.73500768933346,222.84309143034983,223.13056028932934,15340300
2020-06-16,233.5986328125,236.38418413576704,230.9717074264881,235.07566763151695,15236700
2020-06-17,233.4796905517578,235.52175566028157,229.71276684259786,232.95430545591276,19578100
2020-06-18,233.88612365722656,234.0843796141801,230.12910747503136,232.94439651722732,15782500
2020-06-19,236.71133422851562,238.73358456598012,233.49954800283712,235.7200391957088,30081300
2020-06-22,237.1375732421875,238.60468549637406,234.8476843848803,236.48331496125397,18917800
2020-06-23,240.1312713623047,243.055588162307,237.7719847647225,239.17962164512457,24017900
2020-06-24,231.9828338623047,241.1027438042469,230.65448721701455,239.10032389575963,20834900
2020-06-25,233.62835693359375,235.23426483463246,230.7139628559192,232.5775868399755,18704300
2020-06-26,214.19900512695312,231.06092603450634,213.52491672530047,230.61484635194967,76343900
2020-06-29,218.7193145751953,218.8283576234436,205.30709527045812,207.9241133024566,58514300
2020-06-30,225.09335327148438,225.51960284277004,216.56821058616464,218.6697510558646,33927100
2020-07-01,235.48211669921875,236.91949134115922,225.57907477480111,226.51089444123383,43399700
2020-07-02,231.3880615234375,237.91078399988285,230.58511504759153,236.91948906655,30633600
2020-07-06,238.18832397460938,238.30727451561665,230.24805771723553,231.72507735460576,26206200
2020-07-07,238.76327514648438,245.49416043715738,236.7410403335655,237.32590065741434,27887800
2020-07-08,241.45960998535156,244.8399291745789,234.53045329150478,236.03722575248477,29791300
2020-07-09,242.37158203125,244.38390929366182,237.15737675477754,242.86722943826686,22174900
2020-07-10,242.93661499023438,243.35295697585602,237.23667009919834,241.56862337607927,22982700
2020-07-13,236.91946411132812,247.9723954033769,236.34451129544084,244.85973024561372,24674900
2020-07-14,237.6431121826172,238.237895148075,230.01014479769046,234.6989652429233,23378100
2020-07-15,238.18832397460938,242.6888110381981,235.9777407071234,239.44727266211922,19133600
2020-07-16,238.83267211914062,239.65544869823316,234.27272467146835,235.92818533327153,18880700
2020-07-17,239.92312622070312,242.03458939852078,235.7894279102706,238.90209358681977,18152400
2020-07-20,243.28359985351562,243.9081204995895,233.58873665026343,237.97025842481224,20872200
2020-07-21,239.64552307128906,244.760607979897,237.99006253468102,244.0766121329838,19364200
2020-07-22,237.7819061279297,239.79423359282484,236.04714002881593,238.1685105392652,15427900
2020-07-23,230.57516479492188,240.3096713699716,229.73255820742426,237.54396567415787,21771800
2020-07-24,228.70164489746094,231.45744341133576,224.92479875703089,228.18616733253234,18325800
2020-07-27,231.46734619140625,232.90472069074355,228.82059077169882,229.44511136404245,13163100
2020-07-28,228.11676025390625,232.91463870190316,227.8292914101219,232.587509594588,14170100
2020-07-29,231.25918579101562,231.66562033942958,228.30513115753575,229.12790775824203,13588300
2020-07-30,232.45863342285156,232.84523779450794,227.00651195664395,228.21589283740667,20615300
2020-07-31,251.46177673339844,253.6228074917732,246.83243134221584,253.59306985470033,53005100
2020-08-03,249.76666259765625,253.1767042514364,248.15084711603382,250.45064335351154,23124900
2020-08-04,247.65521240234375,250.59935953342313,245.27609551181612,249.37014838368583,17183500
2020-08-05,246.95135498046875,250.07394266649422,245.61311608013628,248.01204767368492,13050100
2020-08-06,262.97076416015625,264.27928095879963,246.50535186633766,246.87212621476215,45241600
2020-08-07,266.1031799316406,276.4622227468874,261.1367832769081,261.7811188499135,72766400
2020-08-10,260.7105407714844,271.4759881242458,257.42935729827803,265.70667519444817,30248800
2020-08-11,253.90036010742188,263.60514536343936,252.9090652365863,257.9250148628608,28238300
2020-08-12,257.6276550292969,261.6027271450453,255.86312100417206,256.7156503787785,21415700
2020-08-13,259.0252990722656,262.85171243482586,257.31037856234894,259.27312275306645,17374000
2020-08-14,258.9658508300781,260.3635801658666,256.42813849404035,260.02654355504006,14792700
2020-08-17,258.8865661621094,261.80097543570025,257.14187754882556,260.2148976283439,13351100
2020-08-18,260.0563049316406,262.8418412286436,257.00312989770174,258.67842072781787,18690400
2020-08-19,260.30413818359375,265.57783459615337,259.0749421219901,259.1146023906641,23291500
2020-08-20,266.66827392578125,267.282871976935,259.18397862860735,259.2236388985947,20299700
2020-08-21,264.6856994628906,268.13538685587196,264.10083901697624,266.35106787687636,15538600
2020-08-24,269.0275573730469,274.836531396704,266.4303391309209,268.7103357210728,23685600
2020-08-25,278.37542724609375,280.6256556665897,267.9073560424017,270.03863392111543,42127200
2020-08-26,301.2644348144531,302.01782861437897,281.5277498480447,281.5277498480447,69015200
2020-08-27,290.66748046875,298.60776198914965,289.4779145343069,297.547069226995,30301300
2020-08-28,291.1036682128906,294.64259831800206,288.4470051025773,292.4319997680473,17157400
2020-08-31,290.64764404296875,294.29560160361154,289.0119834406697,291.3911151342261,17345100
2020-09-01,292.8681335449219,298.8654548902185,290.1618878926202,292.1444774615667,17295900
2020-09-02,299.86669921875,300.9571296299292,290.4989505638761,296.2782166171665,24341400
2020-09-03,288.58575439453125,295.00935596893214,281.1609655842515,293.413355515593,32294100
2020-09-04,280.2688293457031,286.48423773033767,268.77972461851283,284.74947158491176,30333700
2020-09-08,268.799560546875,276.86868625746473,267.0747168972243,268.9185111086546,24864000
2020-09-09,271.3371887207031,276.05576121203666,268.98782510273014,273.36933077161376,22918800
2020-09-10,265.7561950683594,276.72983476417016,264.70542509632884,273.11161512448666,24814700
2020-09-11,264.28912353515625,269.0275422844676,260.3537117530146,267.7091031026115,18913900
2020-09-14,263.8331604003906,274.2318656084392,263.3870957978233,268.5913945912352,24093800
2020-09-15,270.0484924316406,272.13018692240206,266.9556278200616,268.3137268547322,18478500
2020-09-16,261.22607421875,270.0684398336966,259.5111530546358,264.96327611209614,29183400
2020-09-17,252.60174560546875,259.2235875410871,248.01204588823967,256.0316171077512,31281400
2020-09-18,250.33169555664062,256.9436457361105,247.87328848243533,256.1505916786772,28130800
2020-09-21,245.9898223876953,247.7741562256559,242.0048277965363,245.38513189610754,24709400
2020-09-22,252.5323486328125,253.0973939255421,246.0591948416241,251.10488171008313,30293100
2020-09-23,246.8522491455078,255.74415008323095,245.9898123355929,253.03791936305436,19641300
2020-09-24,247.3577880859375,250.04420362603108,243.48182182136534,244.3541660780968,20006800
2020-09-25,252.60174560546875,253.5236424995527,244.46320872552587,247.22891453373578,18351300
2020-09-28,254.58436584472656,257.3401644822639,252.60177602629912,257.1418933996532,18826300
2020-09-29,259.5110778808594,261.0376501133525,254.66363171848434,255.56571362963953,20200200
2020-09-30,259.6201171875,263.76372243232544,257.8357985443643,259.69943771719215,20142500
2020-10-01,264.3089904785156,265.9941738260117,262.4949036888926,263.04013408960924,20009800
2020-10-02,257.6771545410156,262.84179161387306,256.92376086558943,258.9360879574492,16367600
2020-10-05,262.3461608886719,262.5642469531849,258.56933014790394,259.9175067972345,12822300
2020-10-06,256.4083251953125,263.3771266628919,255.99196805450927,259.50116023470514,18696900
2020-10-07,255.8729705810547,257.9150351428016,252.601710332174,256.95347812085964,23133400
2020-10-08,261.46392822265625,262.3164272365639,256.89404342705984,257.48882636220674,16312800
2020-10-09,262.1479797363281,262.4453561411012,259.8878283042834,262.2173473961597,14107800
2020-10-12,273.34954833984375,277.74097715969367,265.53814026864677,267.84787415489484,31019300
2020-10-13,273.7362060546875,276.6704306794632,271.01014490194666,275.16364297199124,18063300
2020-10-14,269.4537658691406,276.32343172750234,269.1365442655314,275.20326373795046,15577800
2020-10-15,264.3981628417969,266.69797414764406,261.374725658758,265.2705071475953,15416100
2020-10-16,263.61505126953125,269.00769806378014,262.9905306285475,265.0524410067769,16622700
2020-10-19,259.12451171875,266.2122650488142,257.61775418171055,263.21856498440786,13587000
2020-10-20,265.2308654785156,267.3522511210666,260.591612529058,260.77003835359403,18763200
2020-10-21,276.30364990234375,280.586021057658,273.9641781096813,277.12641139284636,28998600
2020-10-22,275.69891357421875,279.9912371337842,272.6457388053963,277.4336795285745,16720000
2020-10-23,282.3108825683594,282.75694712146,274.41026101852475,276.3730055560065,17535200
2020-10-26,274.69769287109375,282.7470322158828,271.87252683746,280.69504467935377,21322900
2020-10-27,280.8239440917969,282.033325094517,273.9046947153265,276.3333793505012,16287200
2020-10-28,265.33990478515625,276.3630986342593,264.9334702679964,276.3630986342593,23121800
2020-10-29,278.3852844238281,281.13119017441704,271.39666871050906,274.1425442091837,32368100
2020-10-30,260.819580078125,274.2913040530158,256.84450820010375,272.1104432269322,47247800
2020-11-02,259.0848083496094,268.1155201945895,255.0998139298487,262.29662424575497,27165700
2020-11-03,262.990478515625,267.699128460698,258.6089727709659,260.86912353452436,17961900
2020-11-04,284.87835693359375,286.42477468626174,276.1946032055948,278.5538901044381,35364400
2020-11-05,292.11474609375,294.7912541700032,286.43464621811086,289.3589477438813,23823600
2020-11-06,290.8558654785156,292.0355089320338,285.55243125292134,291.39117324150493,13891000
2020-11-09,276.3432922363281,290.03307356687975,276.1053911204067,287.34667262652647,25117700
2020-11-10,270.0584716796875,271.6148119869349,261.701862644346,270.722652596486,29067700
2020-11-11,274.07318115234375,275.9764501158663,270.10800218443785,271.08937429838187,14957000
2020-11-12,272.6853942871094,277.3147548914051,272.04105863712016,274.7671196771608,12899500
2020-11-13,274.5391540527344,275.34210055831124,270.7226623677045,275.30244028897164,10391200
2020-11-16,276.5316467285156,276.9777415825095,272.23935265833245,272.65567962026546,12970400
2020-11-17,272.6060485839844,275.2627111788162,270.910943079689,275.2627111788162,15040300
2020-11-18,269.60247802734375,274.9753097532695,269.4736048486675,272.13026794843125,12152900
2020-11-19,270.56402587890625,271.08941095311593,266.8466700938607,268.66072640611867,12963700
2020-11-20,267.35223388671875,270.6234948000177,267.06474990888495,270.1873226446554,18114700
2020-11-23,266.09326171875,268.5913440305697,262.22721796464464,268.53186876142325,20990800
2020-11-24,274.5093994140625,275.4015587814631,265.5381623396327,266.1527603426882,16930400
2020-11-25,273.19091796875,277.74095726511155,270.27650896816573,275.7187377457832,12467000
2020-11-27,275.3916320800781,276.70014860060974,272.4276700276529,274.9753051656759,7808400
2020-11-30,274.5589904785156,275.2826467537841,268.65088046676425,273.6271707138394,16693300
2020-12-01,284.0555114746094,286.78157216151317,276.53158760898486,276.72985866879895,20738900
2020-12-02,285.01708984375,289.24001566629744,278.3853247499967,282.8758892964831,17361600
2020-12-03,279.396484375,284.15468797747155,278.62327553330033,283.7581760525857,12921700
2020-12-04,277.26513671875,280.99238417949636,276.86859464146977,277.85988933084406,10880300
2020-12-07,283.0939636230469,285.9786352022847,275.7782332052152,276.759605404161,13007700
2020-12-08,280.9329528808594,283.93657504961703,279.09905136815115,283.5202481560011,10747700
2020-12-09,275.5007019042969,285.1261672616319,269.38439883876845,281.190725155916,25189700
2020-12-10,274.7076416015625,276.30364214337,269.4934206756961,273.1414089490046,20065100
2020-12-11,271.1686706542969,274.0731873049459,267.8974100331047,272.1401504139316,14391400
2020-12-14,271.8031311035156,274.806753220003,269.19602086754435,270.9902620847114,16376900
2020-12-15,273.1512756347656,273.6766606794515,265.1416267975304,272.43754215406807,23979500
2020-12-16,273.2702941894531,275.4412023141703,270.13779849415783,272.3682121480805,15885000
2020-12-17,272.0906677246094,277.998777567719,271.2282156464043,274.658118193766,16377800
2020-12-18,273.9939270019531,275.58000502369697,268.77973596741606,273.3694063229228,26693200
2020-12-21,270.415283203125,272.27892203476966,265.4588098219052,270.6036316117644,16553700
2020-12-22,264.76495361328125,269.1365677921802,262.32637660769075,269.1365677921802,17312900
2020-12-23,265.7760925292969,269.80077813072745,263.91248330865534,264.56674165021036,14329000
2020-12-24,265.07220458984375,268.0460887780288,263.88266906571835,266.53933168003755,6702000
2020-12-28,274.5887145996094,274.8860909984067,263.34743294623155,266.4006082309336,23299700
2020-12-29,274.3706359863281,278.0681773226546,273.87498847350855,274.5391694515331,16383000
2020-12-30,269.50335693359375,275.6592901874679,269.34474610917545,275.53044725380437,11803800
2020-12-31,270.7821960449219,274.6779788569065,267.46135112870957,269.632290001449,12900400
2021-01-04,266.5989074707031,272.6061533758496,262.8914734654078,272.3880672430719,15106100
2021-01-05,268.6111755371094,270.0287199587083,265.8751919806323,265.9545125123116,9871600
2021-01-06,261.017822265625,265.41917344429424,257.7465616404671,259.7192285430629,24354100
2021-01-07,266.40057373046875,269.24558516756673,262.4750545151092,263.5852999293993,15789800
2021-01-08,265.24078369140625,266.6087754939091,260.88898455886226,265.97433223689694,18528300
2021-01-11,254.60415649414062,261.17644595376123,253.6723369484737,258.21248413938997,30412300
2021-01-12,248.90423583984375,257.45911577126066,248.1211195147358,254.39601812321422,26383500
2021-01-13,249.44943237304688,251.73932102815726,247.03067054871875,249.36021946787713,19528900
2021-01-14,243.50167846679688,252.809936966483,242.48064593056202,251.19412144026523,29739400
2021-01-15,249.17185974121094,251.6500967233896,245.00842463634237,245.74197310245407,24942900
2021-01-19,258.82708740234375,259.9175177709469,250.52003184687254,254.66363699564707,28028500
2021-01-20,265.1515197753906,267.96679312000975,261.30529146240366,266.5888789529504,25199900
2021-01-21,270.49462890625,271.21828505891534,265.16145761467874,266.91606891247517,20838700
2021-01-22,272.1103820800781,276.0458230601288,269.632145449112,269.6420680762477,21954000
2021-01-25,275.58990478515625,277.6617074955917,269.1464879361957,275.7187779624426,19087000
2021-01-26,279.5947265625,282.90567829369337,275.3916456849432,275.7187899571974,19373600
2021-01-27,269.7709655761719,280.9825066866827,265.7859413525884,280.07050221331053,35346200
2021-01-28,262.6931457519531,284.2934698675285,262.39576938583184,274.76711024718605,37758800
2021-01-29,256.0812072753906,264.23957548201406,252.63152026244686,262.9905341831644,30389500
2021-02-01,259.7292175292969,261.8704183999122,252.69101684616678,257.26087236143474,22914300
2021-02-02,264.7550354003906,266.5096467798123,260.9782041542652,261.7018603405953,17320800
2021-02-03,264.3287658691406,266.8565858893887,261.5432297590339,263.30773338307216,14223400
2021-02-04,264.1701965332031,265.82567250447573,261.7018816482722,264.6856892976803,16060000
2021-02-05,265.76617431640625,266.8268671421213,263.35733491932723,264.4774727682164,12454400
2021-02-08,264.25933837890625,267.510783914806,262.6931060011381,266.41046127473913,13755200
2021-02-09,267.1044006347656,271.010104635264,263.43659770981697,264.1205935539394,14613400
2021-02-10,269.50335693359375,271.41654895302236,265.3894888847332,270.0783249536004,14687200
2021-02-11,268.0362548828125,271.1984579277582,266.1527702844874,269.5231973013296,12828600
2021-02-12,268.1452941894531,268.8193675206695,266.0040933856579,268.16510919851635,9097600
2021-02-16,271.5850524902344,274.1921627978071,267.6991633498535,268.44263449070877,15417200
2021-02-17,271.1885986328125,271.58511060907136,267.23331074573196,268.87886418653466,12763200
2021-02-18,267.044921875,269.5826341540799,263.71415560125973,267.22334767932983,15249100
2021-02-19,259.2830505371094,267.9172192773767,257.8853213193672,267.51078480255114,25622600
2021-02-22,258.06378173828125,260.779950269616,255.2881681864634,255.7045253451955,17434900
2021-02-23,263.5456237792969,265.131701526364,252.74053152198047,257.24100330589897,21924600
2021-02-24,262.0091247558594,264.061112241261,256.1406765125581,260.046350171747,15736100
2021-02-25,252.47288513183594,264.6162469176073,251.828534410485,260.0166243406885,19053100
2021-02-26,255.37734985351562,263.23830999745786,254.23736693604718,254.23736693604718,26619500
2021-03-01,262.60394287109375,264.3287863643085,255.6549557487879,258.549550247898,22157300
2021-03-02,256.74542236328125,264.3882988596184,256.39846303943244,263.4664017077334,15191700
2021-03-03,253.18663024902344,258.71804239737355,252.87933125477727,258.02415412891276,15513500
2021-03-04,255.39723205566406,264.17016770191015,251.29325665679738,254.2374037140958,31626500
2021-03-05,261.97943115234375,263.13925956786613,253.38490565331423,258.4008708631088,26820100
2021-03-08,253.08749389648438,263.2680814436607,252.82976267251672,263.2383438072783,18391800
2021-03-09,263.4267272949219,266.19244885404976,257.54835512336365,258.90642445200484,22039700
2021-03-10,262.593994140625,266.62857135494477,260.58166684791667,266.3014573722322,14210300
2021-03-11,271.4958801269531,275.4808751463395,265.4886348319139,265.7760886012566,21834000
2021-03-12,266.06353759765625,267.3918690959222,261.72166121793634,266.79711637424987,20600200
2021-03-15,271.3669128417969,273.5576655671715,266.1626158831871,266.7375534744397,16844800
2021-03-16,276.84881591796875,279.68393483210156,272.4078042369118,273.6766603955113,22437700
2021-03-17,281.53765869140625,283.7383344580266,273.0125169715293,273.3098933243491,21315000
2021-03-18,276.1945495605469,282.7073635915674,275.85751296216336,277.4336680480965,18728300
2021-03-19,287.58453369140625,290.2511192513727,278.7521232217431,278.7719382280029,38930500
2021-03-22,290.98468017578125,297.10095206901144,284.2537801031509,287.9215829149258,28273100
2021-03-23,288.10003662109375,295.4058750668356,287.287167556758,290.59808883499494,23000900
2021-03-24,279.6839294433594,289.1805203182288,278.71244964849427,288.4667868520234,18675000
2021-03-25,276.3135070800781,285.55238201726075,275.33213489374356,278.53402803720337,24505600
2021-03-26,280.5563049316406,282.0234324480734,275.3520060903317,275.8773912394726,17629200
2021-03-29,288.28839111328125,290.62783256475734,282.2216711438117,283.2823336991601,21718800
2021-03-30,285.49298095703125,289.92407114237886,284.20430946320346,287.3070376293488,17474500
2021-03-31,291.9660339355469,293.918885752478,286.097555856898,287.46554741672674,19498200
2021-04-01,296.0601501464844,299.76758353816194,294.01808499206,295.8024037816997,17616000
2021-04-05,306.2209167480469,308.0647107745958,298.0625486822573,298.2707423964187,28237000
2021-04-06,303.593994140625,308.6396816907689,302.59277658335463,306.1515217424256,17335200
2021-04-07,310.3645324707031,311.5144382436948,302.84060742545347,303.6732915537741,22855200
2021-04-08,310.295166015625,313.13028559287204,307.3510185036767,312.10925290027984,20894100
2021-04-09,309.739990234375,312.00014135434753,307.62852729625877,308.68922008003193,15988600
2021-04-12,308.8280334472656,309.43270883850846,305.24944299017716,308.3422783563518,10881900
2021-04-13,307.0634765625,311.69280618114584,306.62730444507133,309.4921305893615,14036900
2021-04-14,300.1838684082031,305.3485053262802,299.3214468592399,304.6248493043654,17421400
2021-04-15,305.1404113769531,307.44022286569765,301.4527930422147,303.67328399580504,14558300
2021-04-16,303.5146789550781,306.2605853135544,301.9583386311956,305.4873764666447,13059200
2021-04-19,299.60894775390625,305.02143945188504,297.9435796554135,302.3548538676935,14553500
2021-04-20,300.015380859375,302.4440653471533,294.6227344452051,299.3611226269296,16796400
2021-04-21,298.84564208984375,299.35121211426787,294.8011726501994,299.32147448059095,14863500
2021-04-22,293.93878173828125,300.28309392317766,293.4629795007598,298.70690825562025,16375400
2021-04-23,298.5086364746094,299.9559185503014,294.56327190310105,296.1592724145303,17536800
2021-04-26,300.40203857421875,303.13799214192375,298.93491111623064,300.6994149668208,16172600
2021-04-27,300.92742919921875,302.68201045146435,298.48882172764996,301.63124017584755,15309300
2021-04-28,304.4267272949219,308.2134817880578,302.71177590356757,304.68444344625544,33907200
2021-04-29,326.64154052734375,328.92150633604183,318.81028785417476,327.24621579980425,56526800
2021-04-30,322.2501220703125,326.94888031144205,321.67518435826673,323.30092246115237,26332400
2021-05-03,319.7718505859375,325.68988151721123,319.0383021436549,323.3306253984266,18719500
2021-05-04,315.588623046875,319.3852993731885,310.3942475633502,317.2341761756683,24032600
2021-05-05,312.2777404785156,318.26517075805026,311.7523553378031,315.42015894408314,15577600
2021-05-06,317.23419189453125,317.45227798871764,310.54295113207814,311.7820697917917,19012200
2021-05-07,316.3023376464844,320.1287513801617,315.9752236669433,319.57362870148063,15916700
2021-05-10,303.3065185546875,311.8415535952815,302.1764277852022,311.6135751168887,24239200
2021-05-11,303.8616027832031,304.1689017601003,297.08114978173637,298.1319198805301,18920100
2021-05-12,299.9162902832031,302.30531486450104,295.59425860219534,298.508668323651,24645500
2021-05-13,302.6026916503906,306.17132909823965,300.13434677159415,303.41553047906933,18079200
2021-05-14,313.1897277832031,314.0918098146502,306.38942871995596,306.8454461766793,19245700
2021-05-17,312.7138977050781,312.93198380502577,308.8676684434134,310.82052071278764,15401300
2021-05-18,307.26171875,313.7447950229054,307.1130305847325,312.8427131510615,14522400
2021-05-19,310.8601379394531,311.9208306537847,300.92737476678593,301.54197271283465,19106200
2021-05-20,315.83642578125,316.470868982354,310.43388720270923,310.85021408300645,17320200
2021-05-21,313.4772033691406,317.14497642113264,313.0608461919929,316.5105634034792,13600900
2021-05-24,321.8039855957031,323.112501788168,315.2614348852905,315.43986066101434,16445400
2021-05-25,324.9365234375,326.3144074465937,321.97253148283835,324.23268236442,16437000
2021-05-26,324.80767822265625,326.9587711328472,322.9836993061915,325.4916740978203,9686900
2021-05-27,329.85333251953125,330.874364915751,323.9154865674109,325.1446823934072,20477700
2021-05-28,325.8683776855469,329.97232276898853,325.4718355309257,328.1186061786188,12037400
2021-06-01,326.2649230957031,328.5349970807944,323.79660826486094,327.27603308922255,11765900
2021-06-02,326.2846374511719,328.98096018737397,324.27231046344144,327.50394079668934,11654300
2021-06-03,323.20172119140625,324.5300524128697,320.66400926802646,322.94397489777924,12610800
2021-06-04,327.47430419921875,329.56592209571414,322.3492958182066,323.06302941716547,13289400
2021-06-07,333.6500549316406,334.7504081032165,326.06665429697244,326.61188469345643,20136700
2021-06-08,330.7752380371094,335.3550151234234,329.34777112034703,333.76896766205743,14580500
2021-06-09,327.3751525878906,333.8681223174045,327.1273288539104,332.817352105482,13727900
2021-06-10,329.5658874511719,331.03301476478316,325.6899208387667,327.91044194205926,13240200
2021-06-11,328.3763732910156,329.93268336382044,326.0666391271776,329.6848596274726,13587900
2021-06-14,333.83837890625,333.887961803341,326.9389747420912,329.0107774921073,12250800
2021-06-15,333.81854248046875,336.9609604822202,332.11351411948954,334.05644356509714,15795200
2021-06-16,328.1978454589844,334.6115235635903,325.8584044202295,333.7689472457477,17232200
2021-06-17,333.5806884765625,335.03789332941386,327.2760365768242,327.6130732449223,17794100
2021-06-18,326.7903137207031,333.2238085977751,326.1360553896907,331.6179155361639,23039500
2021-06-21,329.3973388671875,330.0218593960487,324.79771673532474,328.20777307393615,11337500
2021-06-22,336.0787048339844,336.9609718056598,329.70468596146765,329.79389887120124,15345300
2021-06-23,337.6251220703125,340.43050354273737,335.2559430204176,336.3959260905471,14817800
2021-06-24,340.1925964355469,341.8976249734317,338.8147121748872,338.87418745221515,12329100
2021-06-25,338.3982849121094,341.1243454822214,336.7229943597782,339.6076657205629,14594400
2021-06-28,352.54412841796875,355.0223656374678,338.79484291257626,339.4788388053115,29156100
2021-06-29,348.8267822265625,353.6345383636902,346.0114780457379,353.1686285434748,21417300
2021-06-30,344.6831359863281,349.8478041184627,344.1478585298199,349.1043329547267,15107500
2021-07-01,351.3050231933594,351.5825845624419,343.4836917096973,343.80091334634034,17137000
2021-07-02,351.6123352050781,353.33717875875,349.55042474255595,352.0088471395874,11521300
2021-07-06,349.70904541015625,355.6667379814897,346.14037739528163,353.39666398353967,13488500
2021-07-07,347.4389343261719,353.386703632117,346.95320951346713,352.1674302856265,14218900
2021-07-08,342.6410827636719,345.29774588660945,339.5779850936406,342.72040329828144,14406500
2021-07-09,347.36956787109375,347.65702160715523,342.26437499772095,342.3139578932592,13018700
2021-07-12,350.085693359375,351.1067258462657,346.5963463730506,348.1725015565857,10018600
2021-07-13,349.0249938964844,355.36927477322456,345.76362542747296,348.4401335756202,11456000
2021-07-14,344.6038513183594,352.10796098033563,343.71169195773086,351.4735177226943,13894200
2021-07-15,341.4614562988281,346.18995265869313,337.2583753139895,346.18995265869313,14781600
2021-07-16,338.190185546875,342.9781267988666,337.17907559820964,341.9075415739222,11026100
2021-07-19,334.0168762207031,336.8321505073757,331.627851541269,334.63147430591647,14372300
2021-07-20,338.68585205078125,340.4602785646163,331.5881762473633,335.8507326304917,11024300
2021-07-21,343.2160339355469,343.50348766663694,338.27937458931103,338.5271983069589,9279700
2021-07-22,348.13287353515625,348.479832815673,342.2049188839143,343.6621236605478,12385400
2021-07-23,366.5709533691406,372.0627053911015,354.0806314483372,357.7682497249188,33694300
2021-07-26,369.2176818847656,371.1804566344037,365.0146012815734,366.3627477950808,14925200
2021-07-27,364.6081848144531,369.9016960963588,361.3765536706244,368.67250006703915,15705400
2021-07-28,370.0306091308594,374.26342803591217,363.735879613734,371.29946556447186,29676900
2021-07-29,355.2007751464844,362.3380798597548,353.6345123546069,357.8574380633364,33413200
2021-07-30,353.1983642578125,357.58982369964633,349.86762788183586,350.91839806606083,15976200
2021-08-02,348.88629150390625,356.2714211906652,347.6868027582433,354.9827497760939,13180400
2021-08-03,348.182373046875,350.69034766045326,344.6732112647218,349.6594228581962,12406100
2021-08-04,355.7955322265625,357.34194964790186,348.4500343492428,349.35211622034336,14180600
2021-08-05,359.810302734375,360.73219970957473,353.79313557019657,356.5093041046294,10247200
2021-08-06,360.3455810546875,361.9712887894924,358.2539333036659,358.2539333036659,8925000
2021-08-09,358.46209716796875,362.59580978398236,357.6095981631221,360.59340518391826,7798900
2021-08-10,357.9862976074219,360.93044438701185,355.91449509614256,358.6801858194568,7469900
2021-08-11,356.82647705078125,359.2055785824935,354.6951992255373,358.9478624990702,8400300
2021-08-12,359.4930725097656,359.8400317588148,354.00129055177996,355.32965227693023,7170700
2021-08-13,360.0184631347656,361.48559043105394,358.3332800092168,359.810299682887,7195700
2021-08-16,363.3690185546875,363.75563804663585,354.2689395740163,359.3641791022152,11222100
2021-08-17,355.3296813964844,361.495537099571,351.979099677339,359.82024623999826,12328700
2021-08-18,352.35577392578125,356.72735768431033,352.05836731339076,353.1487977216519,10042400
2021-08-19,352.028564453125,354.45724853735754,347.94443518245754,348.2913943733355,12004500
2021-08-20,356.24163818359375,356.85623617233426,350.23439359725023,351.5131724701607,8697700
2021-08-23,360.1869812011719,362.50660746457834,355.97397818922514,356.3110147999508,10942000
2021-08-24,362.3282470703125,364.75690168216056,358.6901810899904,360.4943452601103,9235100
2021-08-25,365.18316650390625,367.63163602444916,362.21917398865673,362.4174450823312,9684500
2021-08-26,361.2080383300781,366.2239880737597,360.96021460656846,365.17321790623237,7888700
2021-08-27,369.38623046875,370.48655330780355,360.9106407610319,361.9217809395353,11219100
2021-08-30,377.3463439941406,378.1691055020364,367.2945985551023,369.3168487488116,13547300
2021-08-31,376.07745361328125,379.4280351230296,375.5024856460896,376.6424989511328,12345400
2021-09-01,378.72418212890625,380.984333157656,375.51239652276655,376.28560528913044,11567200
2021-09-02,372.01318359375,378.4268634056196,370.80380249276317,378.1790396574823,14832900
2021-09-03,372.98455810546875,373.8767172960958,369.86195556040315,371.4876934093842,7509600
2021-09-07,378.85302734375,379.62623605306027,369.90163679477064,372.60788240331436,10793800
2021-09-08,374.2832336425781,377.554494807856,371.5274349497435,376.8506838787292,11067200
2021-09-09,374.7095031738281,376.5235596799351,373.2919586101133,374.35265150125184,9098900
2021-09-10,375.3934326171875,380.4490421796912,374.9671831109393,378.0401728089301,11549600
2021-09-13,373.23248291015625,378.426858929052,371.0912821213487,378.3574610199331,13026300
2021-09-14,373.25225830078125,375.2943233243702,371.84460626658046,374.114680002249,8711600
2021-09-15,370.6650085449219,374.27330631053246,364.4694153158542,373.7181835773616,17940300
2021-09-16,369.81243896484375,370.30808636926264,366.49159530485406,369.54480025714764,11934200
2021-09-17,361.5450744628906,368.17683971497365,358.4423166085418,368.17683971497365,26299000
2021-09-20,352.60357666015625,357.88716469623876,346.7549130689674,356.1722137811243,19822800
2021-09-21,354.3680725097656,356.90578475265596,352.0979989695533,355.37918230513225,11751900
2021-09-22,340.2223815917969,346.79467292175644,337.7243288393646,344.2074072408722,43692900
2021-09-23,342.9483642578125,346.6260900015658,340.0141399174007,342.3535812862905,21806300
2021-09-24,349.8874206542969,351.2653350122628,339.38961185696587,340.2520335333708,18801900
2021-09-27,350.5019836425781,352.05832365720045,344.0585677813947,346.7648133337811,15205800
2021-09-28,337.6846008300781,346.55670226470806,335.96968001839247,344.9408867412506,21710300
2021-09-29,336.65362548828125,342.22472789071014,335.9299996176052,340.1628176861306,14452200
2021-09-30,336.4355773925781,339.8158662468685,335.2063511936451,337.4863475250749,16547100
2021-10-01,340.0240783691406,342.0165605763661,335.69212443224353,338.6362412870357,14905300
2021-10-04,323.3901672363281,333.01563287337103,319.8908972208889,332.6091983075989,42885000
2021-10-05,330.0615539550781,332.2622299266424,323.320760480119,325.71967728805225,35377900
2021-10-06,330.735595703125,331.46914413926925,322.9638182228242,326.8695219673327,26443000
2021-10-07,326.35406494140625,335.89031577540686,326.11616387754583,334.066337031341,28307500
2021-10-08,327.1768493652344,330.4976931247865,325.84851791179705,328.6241616109095,15946100
2021-10-11,322.616943359375,327.58331033025894,322.4781475498492,324.77795902146374,14708200
2021-10-12,320.95147705078125,321.5561825542825,314.6071969633952,320.21792864671414,31658700
2021-10-13,321.71484375,324.15342064578897,319.8512045646959,324.1236830099349,14761500
2021-10-14,325.67010498046875,327.6427721065974,324.25256056573227,325.5015715404052,14302200
2021-10-15,321.93292236328125,326.2054007094238,319.70250897020327,325.8187812003698,21596400
2021-10-18,332.4208068847656,332.96603719606185,324.6490589958284,326.0864486097068,21585000
2021-10-19,337.0303649902344,339.4788647603777,334.3439641094444,336.6933283328445,18786300
2021-10-20,337.8134460449219,340.98560155556015,336.4950372510375,340.46021651337685,13639500
2021-10-21,338.9039001464844,339.33014968660194,334.8594000743426,337.3178222799958,16354400
2021-10-22,321.78424072265625,326.7605607564553,318.31470838122334,323.5091145151321,35224500
2021-10-25,325.8287048339844,326.6911265083267,316.9367888694215,317.51172656834376,38409000
2021-10-26,313.0608825683594,327.3355250212981,306.90494887183974,325.40251785429393,65654000
2021-10-27,309.50213623046875,316.4709390982643,309.34352539505164,311.45498865440186,29971800
2021-10-28,314.16119384765625,322.68630580861134,305.42785792385024,310.2653818889196,50806800
2021-10-29,320.7533264160156,323.16216597555615,316.81788410494806,317.4027445174339,37059400
2021-11-01,327.1075134277344,330.5473080610597,323.16214869712104,323.20180896504496,31518900
2021-11-02,325.2239990234375,331.875609206315,320.9812583023062,328.4952901589308,28353000
2021-11-03,328.73321533203125,329.2586004276397,320.3865290771259,324.63916248704476,20786500
2021-11-04,332.9263610839844,334.33398274391686,329.7542056570082,331.10238230164373,22495300
2021-11-05,338.1604309082031,343.77116361985196,336.6834112016594,337.34756183736033,26872800
2021-11-08,335.67230224609375,341.7886056010098,335.39474086097783,341.42183129766966,18342500
2021-11-09,332.4505920410156,338.33888663242817,331.55843261090627,337.04029263097436,17556700
2021-11-10,324.7878723144531,330.2895468537602,322.67640935822544,329.59562832992003,21872600
2021-11-11,324.886962890625,329.56587577012334,324.15341438577855,326.94887310974923,12376600
2021-11-12,337.9225158691406,338.88404283160503,326.9092143568686,327.30572624640484,25414300
2021-11-15,344.534423828125,350.57140562732303,340.21239295129374,341.34245331053467,25076600
2021-11-16,339.9744567871094,343.6323370262524,337.9026542813804,340.8368784244507,18181100
2021-11-17,337.8035583496094,344.2767129547134,337.1394076955589,341.2433529254867,13602800
2021-11-18,335.74169921875,339.4788704029074,332.38119471540324,336.76273183814124,17487200
2021-11-19,342.2940673828125,349.0348898794245,336.94108174709265,339.2210778386189,26488500
2021-11-22,338.0414733886719,350.74985063397304,337.5458259535409,346.01146236419726,27116800
2021-11-23,334.314208984375,338.42807681771274,330.59685306534936,335.9795771756377,17225000
2021-11-24,338.091064453125,338.8047980509013,329.91288084406926,333.07511425972456,13566200
2021-11-26,330.2201232910156,334.8098231158565,329.0107424089883,332.8767861295948,14750700
2021-11-29,335.08740234375,337.7044353109097,332.3910790981545,333.95734192750814,16650900
2021-11-30,321.6355285644531,332.8867315122885,320.61449604727216,332.08378507896754,25390000
2021-12-01,307.89617919921875,327.62294019861577,307.5888802231193,327.414776755562,30329600
2021-12-02,307.68804931640625,311.8613925211447,304.5258160544162,308.68923662919264,24396200
2021-12-03,304.1689147949219,311.0187659884353,296.89281406704816,310.9989509816925,27471000
2021-12-06,315.1028747558594,317.31347306121404,303.6732468667955,305.4476730378926,21758300
2021-12-07,319.9998474121094,323.6973876230622,318.20560638194684,318.7706516350471,18794000
2021-12-08,327.6824035644531,329.85334157604603,320.2576152633846,322.1708069488053,19937700
2021-12-09,326.9489440917969,333.2040135029622,325.14477982135065,326.6713826849532,16879200
2021-12-10,326.87945556640625,332.1134908245347,323.5288743506199,329.6649914939151,14528000
2021-12-13,331.5782165527344,338.120768847072,326.72087766442525,328.0690544396318,22948700
2021-12-14,330.834716796875,332.77767638581724,324.79773509646463,325.194246965992,20461000
2021-12-15,338.68585205078125,339.1319166479426,321.15976377745073,329.5956636242752,24681300
2021-12-16,331.98468017578125,341.46145769089816,330.8347743776726,336.0291806038767,22635000
2021-12-17,330.8843688964844,334.1754453286551,327.870823604307,329.90296626812994,40012600
2021-12-20,322.616943359375,327.02818759599614,319.722348886216,326.90923704607127,17901800
2021-12-21,331.2907409667969,333.0750595421487,320.9316979963412,323.5685458479466,16116800
2021-12-22,327.57342529296875,331.59808033252256,325.402486952431,330.8942391431612,16764600
2021-12-23,332.3216857910156,333.73926046044926,325.50157217835203,327.2264458403401,13987700
2021-12-27,343.1664733886719,344.8417642492237,335.0676107095978,335.90029482489064,17795000
2021-12-28,343.2061462402344,349.63964092460617,342.19503626000375,343.6125808087769,16637600
2021-12-29,339.95465087890625,346.64589097074906,338.6659797027257,343.8900925578149,10747000
2021-12-30,341.3622741699219,344.2073157522339,340.2322137913024,341.0054225509634,10593300
2021-12-31,333.42205810546875,340.4503355784657,333.3427375694343,340.03397839408666,12870500
2022-01-03,335.59295654296875,338.11082360220985,334.2547024867432,335.35502521507095,14537900
2022-01-04,333.6004333496094,340.1033247300431,328.9809960134747,336.99067483088044,15998000
2022-01-05,321.34808349609375,332.8371878445383,321.0209392355223,330.1210192265055,20564500
2022-01-06,329.5658874511719,336.2174978797131,319.9106849971609,320.0098205355799,27962800
2022-01-07,328.9017333984375,334.0663712007667,326.01706169641426,329.8434453738167,14722000
2022-01-10,325.2140808105469,325.48171950640443,312.6841004601609,322.47809757856305,24942400
2022-01-11,331.45928955078125,331.7170359199198,322.44842203223953,323.9353644660303,16226800
2022-01-12,330.3589782714844,333.4418911715471,327.1570845609265,332.26224771249537,14104900
2022-01-13,323.63800048828125,332.70834363177676,322.9242668826204,332.0640079361479,14797100
2022-01-14,329.01080322265625,329.8335950106645,318.41385729202096,318.98882533095343,16868500
2022-01-18,315.38043212890625,321.38767615026325,314.8748923561218,320.47570188239416,22645600
2022-01-19,316.80792236328125,324.25255648211686,316.5501760176956,316.7979997340146,20814700
2022-01-20,313.8043212890625,324.96631190525255,313.2293835392829,321.08042246053043,16925000
2022-01-21,300.5308532714844,315.5390405849981,300.40198010913116,312.0695088375882,28710700
2022-01-24,306.0226135253906,306.83548253324034,286.4941238429113,295.24724373871493,38878100
2022-01-25,297.5371398925781,303.56422945511866,294.98950489574133,297.3388990759173,25108500
2022-01-26,292.0652160644531,304.83309899106166,288.3181226187675,304.33745154982324,28348800
2022-01-27,292.0751037597656,299.08353474916333,291.69840690917283,295.1580159546106,21629900
2022-01-28,299.0835876464844,299.27193610509295,290.47915483437316,293.046605096765,21871600
2022-01-31,310.53302001953125,311.0584050556387,296.71436802993236,298.0625144426168,21579500
2022-02-01,316.2230529785156,316.8773112011151,309.40293966017686,311.821701482423,18023800
2022-02-02,320.188232421875,325.1447066079721,314.1115902294131,324.96628079773285,58458300
2022-02-03,235.6902313232422,245.8410948797507,233.6977343463759,242.52025145901632,188119900
2022-02-04,235.02610778808594,240.49805995464288,228.1068735160375,232.92456740840566,89342200
2022-02-07,222.9521484375,236.22558707024265,222.05997391651653,235.63080405625365,88613800
2022-02-08,218.26329040527344,223.80464005138572,214.26837341391084,218.927471258292,94729700
2022-02-09,229.9804229736328,231.33849218278192,220.27565229753864,222.24831952087897,86563300
2022-02-10,226.08465576171875,232.95432278596698,224.7265713389725,226.28291173464223,49310400
2022-02-11,217.6387939453125,228.41416445140362,216.86558514893198,226.471234956997,46156900
2022-02-14,215.8048858642578,219.0761618951234,212.9103067167767,217.4008711781249,38184000
2022-02-15,219.07618713378906,219.2248753280657,213.187892625062,218.5508020127306,42685500
2022-02-16,214.65499877929688,215.56700343123342,210.51139320740756,210.5609609793981,45817500
2022-02-17,205.90188598632812,215.60665713962692,205.3566707246909,212.15695486066195,38747500
2022-02-18,204.3653564453125,208.91539632217007,203.39387657053754,207.56723467799455,37128400
2022-02-22,200.3208465576172,205.67383220165968,198.31842691073064,200.57857774941147,39852400
2022-02-23,196.72247314453125,205.13857243054682,196.32596122833482,202.38277377288952,44481400
2022-02-24,205.79281616210938,206.53628729690607,188.56410689144704,189.3967909321892,49957200
2022-02-25,208.64772033691406,209.48041944495978,201.41126544277088,203.15595393014488,37627600
2022-02-28,209.1929473876953,211.29448759324586,205.02951211449042,205.87210364692402,34239800
2022-03-01,201.7185821533203,209.90667166894585,200.4596335354331,208.04303262444745,27094900
2022-03-02,206.29837036132812,207.32931034252405,200.2613883982864,202.99735671935014,29452100
2022-03-03,201.203125,207.25993738193364,199.66661489556296,207.20046210869705,27263500
2022-03-04,198.31845092773438,204.09770188319834,197.05950219705525,200.60833967639832,32130900
2022-03-07,185.83804321289062,199.1412180323185,185.6496947748115,199.0420824988162,38560600
2022-03-08,188.6334991455078,194.9877030604823,184.48989373978588,186.2147523045471,37508100
2022-03-09,196.77203369140625,197.36681666982452,192.23190132562794,194.03606526779308,31894700
2022-03-10,193.51068115234375,194.57135881377323,189.40672093356542,193.1438917592487,24853000
2022-03-11,185.9768524169922,191.8750545422777,185.04503271256127,190.96306497278132,34694500
2022-03-14,185.00535583496094,190.616072982161,184.2024094563913,185.40186770987287,31010500
2022-03-15,190.35833740234375,190.60616109995925,184.2916181250228,189.13904904534374,31721700
2022-03-16,201.8573760986328,201.95649650852528,192.8266793674669,193.0051051808488,40640300
2022-03-17,206.03073120117188,206.22898715868908,199.35932066827604,199.9441810370378,29499700
2022-03-18,214.60543823242188,214.91273723110518,204.2067492915965,204.9006526960362,52128000
2022-03-21,209.64895629882812,212.8409269719916,205.82255751754292,212.63274839506389,30142300
2022-03-22,214.7640380859375,217.54958951329053,208.3503587518727,209.53000212527914,31998800
2022-03-23,211.60182189941406,214.9127433273441,210.3131354683512,211.47294871851972,23717300
2022-03-24,217.65863037109375,218.74904569512475,212.9202267914641,213.12840537772053,31502300
2022-03-25,219.88902282714844,223.5369804809676,216.98452115761796,218.59041391544503,40039000
2022-03-28,221.6436309814453,222.0897106771945,217.628883467782,220.1963488462626,26224100
2022-03-29,227.8590087890625,228.88004115781453,223.32878458176148,224.10200839228912,31417900
2022-03-30,225.86654663085938,229.1378076655561,224.73647106182824,226.9173167936126,25588000
2022-03-31,220.42433166503906,226.50097416228894,220.3251961259612,226.46131389627396,24192300
2022-04-01,222.89266967773438,225.30150908222552,220.76137651588385,222.59527817538776,19544800
2022-04-04,231.8539581298828,232.3099604286333,223.89386147924975,224.01281202415882,28054800
2022-04-05,229.82177734375,234.79808135683643,229.0089234925527,232.04228308836034,29727200
2022-04-06,221.3561248779297,226.9965945320376,219.48257837010783,224.93469959800777,28995100
2022-04-07,221.0092010498047,223.55683627381228,216.6574169233372,221.9806658434369,21037200
2022-04-08,220.39459228515625,223.17022097182485,218.11461103803705,220.44416005430307,18375700
2022-04-11,214.57569885253906,218.6895666015548,213.34648774183083,216.51862836918798,20516600
2022-04-12,212.27589416503906,220.09721050095476,211.27469173834876,218.32279924455113,20128800
2022-04-13,213.11849975585938,214.72439268188097,209.49035672762682,209.97609668254103,19231800
2022-04-14,208.35037231445312,213.11851388958831,208.17194647793335,213.01937834088108,18379500
2022-04-18,208.93521118164062,211.52249123883075,206.48671179270767,208.17190994324702,16580800
2022-04-19,215.41827392578125,216.5285192787811,207.18061642952617,208.687388784282,20089900
2022-04-20,198.67532348632812,212.29572095663042,197.18838112552498,211.7505057324773,43036500
2022-04-21,186.43284606933594,201.20313458082896,183.96451623076376,199.8450653573932,49954100
2022-04-22,182.50729370117188,191.04234288346137,181.67460966532872,188.71279395775377,36426800
2022-04-25,185.36219787597656,185.5505311595941,180.07859541026406,181.13927285361092,29281100
2022-04-26,179.37478637695312,185.5604712136734,177.93741197946932,185.00534856024166,31747400
2022-04-27,173.4270477294922,179.6325637703488,167.5288458276173,172.91157012244597,71062900
2022-04-28,203.93910217285156,206.71473100829363,191.22078637719784,201.15356583343285,100890600
2022-04-29,198.72486877441406,210.63031381765938,198.15982348077375,202.68014045202173,49193400
2022-05-02,209.29209899902344,210.03557018084996,199.240369225767,199.41879504894462,49915300
2022-05-03,210.18426513671875,213.0292767771703,206.2785606489031,208.6180173147746,41556300
2022-05-04,221.46522521972656,222.3474771871542,205.1584250796747,208.81629101701284,41375900
2022-05-05,206.46688842773438,218.25338349099627,204.36534820355035,216.83583912776692,41129200
2022-05-06,201.99615478515625,207.55731947021067,199.27009396161898,205.53506951603146,34747200
2022-05-09,194.50198364257812,200.80661996260716,193.87746300031426,198.10037393010384,36303200
2022-05-10,195.92941284179688,201.19320098052617,192.4995412750609,197.7732217905714,34452500
2022-05-11,187.0970001220703,198.92314071841457,186.6310903208202,194.62092459185249,31153400
2022-05-12,189.5752410888672,196.3259569009474,183.17146941432156,185.4316205639354,38262200
2022-05-13,196.8909912109375,198.14993998847334,189.61489016381347,190.90357657872764,24549800
2022-05-16,198.2986297607422,203.58223351596016,194.22440702177838,195.33466762129902,27112600
2022-05-17,200.85618591308594,203.67147517872874,196.63327470356344,200.36053841838304,24872700
2022-05-18,190.56654357910156,199.25028175657994,189.96185306425463,198.25898682246762,23960000
2022-05-19,189.62477111816406,193.58995022368106,187.9494956518878,189.53555821851984,24446900
2022-05-20,191.855224609375,196.18719397649576,186.23458386341042,193.2727843024487,31465600
2022-05-23,194.52178955078125,195.27518333819546,189.57523779332573,193.49084953374,25059200
2022-05-24,179.70191955566406,182.08102101762512,174.57692727127068,178.97827858926098,50406300
2022-05-25,182.22975158691406,183.83564455779268,177.75901682951374,178.82960205945918,28030200
2022-05-26,189.96185302734375,191.15140392285537,180.67340921086296,181.2880223555462,23056500
2022-05-27,193.431396484375,193.62965245743428,188.14779236585744,189.69421013206528,22562700
2022-05-31,191.95436096191406,195.87989577167042,190.3385452904036,193.19347969749913,26131100
2022-06-01,186.99786376953125,197.79306430443702,183.38955104588305,194.79934956020318,36623500
2022-06-02,197.12890625,199.19080147626636,186.0957890702157,186.80952261492175,31951600
2022-06-03,189.1192626953125,194.89851447671586,188.12796767536602,194.27399377384188,19465000
2022-06-06,192.5590362548828,195.2057918492942,186.75995498137883,192.30130502364528,30574200
2022-06-07,193.9468536376953,194.81919804623945,189.82307808357928,190.2592351618906,18828700
2022-06-08,194.92823791503906,200.27131707822286,192.71765441688768,192.97538565794966,22267200
2022-06-09,182.39825439453125,197.713756969315,182.0810327786021,192.5887643538881,23501600
2022-06-10,174.04165649414062,181.50610603720847,173.4964412625436,181.44661563615782,27450800
2022-06-13,162.83009338378906,171.0776741390652,162.60209979408089,169.1049918602242,31749300
2022-06-14,162.30470275878906,165.29841746325724,159.9553387871744,164.58468395588787,27244300
2022-06-15,167.8757781982422,170.6613141290513,162.55251490737075,165.74448533100573,30008300
2022-06-16,159.46961975097656,163.64297830252244,158.22059351244727,162.29481651488845,26944100
2022-06-17,162.31463623046875,164.45582176964723,158.5080522282356,160.2725559821109,31374200
2022-06-21,155.682861328125,166.2996208450085,154.61226106049688,164.4855494298019,50724900
2022-06-22,154.49331665039062,159.39030076437285,154.08688211001586,157.00129154437553,47267800
2022-06-23,157.36805725097656,158.3593520998016,152.90723043126386,154.90965026115896,40499200
2022-06-24,168.67872619628906,168.7679390977407,159.89585369459297,160.32210319661192,68736000
2022-06-27,168.0146026611328,170.254924018003,166.54747510350194,169.8286744090165,29174600
2022-06-28,159.28125,169.8088116430463,159.21186722566654,168.42098977082756,27744500
2022-06-29,162.51287841796875,164.88207247948387,158.92439593906067,162.1461041676376,28595200
2022-06-30,159.8463134765625,163.7916632111336,157.11034481217,160.73847289674504,35250600
2022-07-01,158.6369171142578,159.2217774583534,153.6507051194892,158.9144784682679,31423900
2022-07-05,166.72589111328125,166.7853663869358,155.65312893111812,156.76337437522923,28618600
2022-07-06,168.29212951660156,170.09627826306044,164.01965116887757,166.7357893546175,23085900
2022-07-07,170.6910858154297,171.21647094718156,166.3194713031898,167.9749321123274,24083400
2022-07-08,169.39247131347656,170.89922861706972,166.686225442263,168.50029685970665,19249200
2022-07-11,161.46212768554688,166.03199804940502,160.5005703656967,165.61565598193803,21885600
2022-07-12,161.84872436523438,164.46574232541377,160.68891113440077,163.3654043690906,16639700
2022-07-13,162.06678771972656,163.5438072493945,158.22055916405765,158.76577431384956,16555100
2022-07-14,156.67416381835938,161.17463606202577,155.91086250108654,159.81656687331278,23765200
2022-07-15,163.26626586914062,163.54382722913314,158.42875707644262,159.14247548359506,23342800
2022-07-18,165.7742462158203,170.19542824056563,164.1980909139379,165.29842888667773,23574300
2022-07-19,174.2498016357422,174.95362761088478,168.0343789009671,168.88689304820255,25933700
2022-07-20,181.4961700439453,182.00174009691054,175.16179657187416,175.9449279721321,24784300
2022-07-21,181.57550048828125,182.24958894321327,177.31292902991436,179.05761788317767,27195800
2022-07-22,167.79647827148438,174.07137629177012,166.94396412198364,171.5634016094168,42583900
2022-07-25,165.1992950439453,169.08518450414397,163.37531599182617,167.52884419406948,26166300
2022-07-26,157.76458740234375,164.55496395320677,156.57503647124767,164.49548867554608,28468400
2022-07-27,168.103759765625,169.38252329392938,160.60957413231748,161.1746042549776,43846600
2022-07-28,159.3209228515625,160.1040391932578,153.50202643480458,159.6579594985726,73214300
2022-07-29,157.71502685546875,158.74596691052585,153.81922997825376,156.3172973966075,42065400
2022-08-01,158.53775024414062,163.75196991958916,153.87866829295712,155.88108777339025,40596700
2022-08-02,158.79550170898438,160.8276588857589,156.63447137985204,156.93186281747023,27374500
2022-08-03,167.33056640625,168.0641148826389,160.1635091886448,161.27375453190913,31721900
2022-08-04,169.0851593017578,170.65139175643768,165.3479737145772,166.83491589703567,23938200
2022-08-05,165.65528869628906,170.1161156749895,164.3566948181987,165.53633815049744,25832700
2022-08-08,168.76792907714844,175.96472342681173,165.67509433612906,166.53751591753854,27299100
2022-08-09,167.06292724609375,168.05422213991784,165.14973536147394,167.47926928638472,18655100
2022-08-10,176.7875213623047,178.90889175358808,172.43573754030913,174.4579875213586,30262100
2022-08-11,175.94491577148438,181.50608008675786,174.83465533334396,178.14559139095888,24079100
2022-08-12,178.92868041992188,179.88032991857295,177.35252559105052,179.2359793345622,21274000
2022-08-15,179.31533813476562,179.86055336796744,176.64875236998225,177.40214619257392,15878700
2022-08-16,177.90771484375,179.4144874788809,175.4988601284712,177.87797720382963,21156700
2022-08-17,173.32791137695312,176.5892647931606,172.65382301032733,175.2212730535076,20118100
2022-08-18,173.13954162597656,174.22995675626117,170.36391334950784,172.8223200510854,18844500
2022-08-19,166.4978790283203,170.81992490333863,165.59579714220007,168.71836966989872,26240800
2022-08-22,161.6306610107422,164.04942335413892,160.84752945030104,164.04942335413892,19499700
2022-08-23,159.70753479003906,163.61323943034614,159.30110021811734,161.0656040719676,18111800
2022-08-24,161.83880615234375,164.01966711697898,158.3791964989149,159.20197311267086,20891500
2022-08-25,167.31076049804688,167.409896043459,162.59220198006366,163.74209262665752,15550500
2022-08-26,160.37167358398438,169.43210756676726,160.2626305495521,167.01334580369445,24023600
2022-08-29,157.78440856933594,161.6306376497114,157.62579775394812,159.2614434264603,20052700
2022-08-30,155.79188537597656,160.2527117176402,154.55276694773664,158.95411802499797,19567900
2022-08-31,161.51168823242188,166.37895034709413,160.7285718323034,165.61566408238514,40953000
2022-09-01,163.92051696777344,165.9031066673711,158.95413521562654,162.15601334520824,30145700
2022-09-02,158.92440795898438,166.46814773768705,157.83397750261,165.99233041397824,22634200
2022-09-06,157.15988159179688,160.2824694990789,156.31729003024532,158.70631429044778,19339800
2022-09-07,158.9938201904297,159.55886565684867,155.44498192386595,156.3867092419348,16831200
2022-09-08,160.6492462158203,160.8177645307071,156.36686018950508,157.3284174354753,22530800
2022-09-09,167.67752075195312,168.06412514515839,161.60089350110928,161.82888708531772,22086800
2022-09-12,167.48916625976562,169.8980052223089,165.82378322774733,165.93282625440304,23220400
2022-09-13,151.7969970703125,160.22300395305948,151.3409947482943,160.13377591386535,44444100
2022-09-14,150.1514434814453,152.20341611044483,147.75251157835422,151.995252646758,43064200
2022-09-15,148.24815368652344,152.85766887034347,147.4055469804249,148.49597740879247,34606300
2022-09-16,145.0165252685547,147.28659907579265,143.03393545484252,146.7612139852357,40122800
2022-09-19,146.73146057128906,147.28658323928715,143.83688156961458,143.97566223661408,22169500
2022-09-20,144.81825256347656,147.54431324204933,143.955830934562,144.51095359804532,23217400
2022-09-21,140.88284301757812,148.29774063763287,140.7638924558105,145.11567697669463,38338600
2022-09-22,141.57672119140625,143.32139447816127,139.64368435905283,140.3177726437709,34418500
2022-09-23,139.18771362304688,141.37846677265173,137.68094121464907,140.188915976952,31710700
2022-09-26,135.18287658691406,141.00178775969545,135.0044507707675,138.90023234956038,30497000
2022-09-27,133.23001098632812,138.20631496508062,132.9524496609116,136.71937281065303,30826500
2022-09-28,140.37725830078125,140.79360030483306,133.10115804366748,133.44810215073147,32658500
2022-09-29,135.2225341796875,138.6226682562599,134.0230607552248,138.14685096331397,38985400
2022-09-30,134.49888610839844,139.76267478552438,134.32046028508566,134.8656755106968,33166400
2022-10-03,137.40335083007812,138.40455297240655,134.91520672585978,135.94614649734956,27723100
2022-10-04,139.058837890625,141.15047059220228,138.12701832793766,139.26701646086826,34670700
2022-10-05,137.77017211914062,138.98947583553354,133.60673622730505,137.03662351437458,27979300
2022-10-06,137.85935974121094,140.2186308167756,135.4108606478565,136.52110585988694,36231100
2022-10-07,132.28829956054688,137.08616318033515,131.28709717066118,135.56948321426967,33214800
2022-10-10,132.62533569335938,134.92514708155127,130.72205133380032,132.3874346021392,24024000
2022-10-11,127.42105102539062,131.50519665914558,125.88454833270393,130.47424140170796,38481400
2022-10-12,126.39008331298828,128.54119115112186,125.15096484913546,127.20295228573549,34605200
2022-10-13,129.15579223632812,129.99839886279543,121.46335006942364,122.4546448648166,34325700
2022-10-14,125.65654754638672,130.64275227527537,125.41863131764799,129.8596359353625,23559400
2022-10-17,132.87315368652344,133.61662481645823,129.0467549994207,129.1657206658623,29612200
2022-10-18,131.6439971923828,136.64011802643662,130.2561749252832,135.8966466738358,25445000
2022-10-19,132.07022094726562,135.80740711556882,131.06901850073749,131.73318429706333,30691000
2022-10-20,130.38502502441406,135.57941606596407,130.1669389228935,131.7728319195805,26356300
2022-10-21,128.87823486328125,128.987277899163,124.3480253746499,125.21044703283174,46348600
2022-10-24,128.5907745361328,132.31803788284694,123.485604332285,126.14227494403816,63563400
2022-10-25,136.31295776367188,137.1456569846256,129.45319879479754,129.74068278951964,38433200
2022-10-26,128.68991088867188,134.37002641761245,127.411132000014,130.53370487759855,82791500
2022-10-27,97.08741760253906,101.60771958540467,95.54099253236453,97.12707030310553,232316600
2022-10-28,98.33644104003906,99.97207897105858,96.66115797247939,98.71313790398267,95928300
2022-10-31,92.34904479980469,98.45541799892014,91.79391446317196,97.36499502368316,121361400
2022-11-01,94.37126922607422,96.64133540102044,92.73563873008625,93.50884752374887,110189600
2022-11-02,89.75183868408203,94.37126885823125,89.69236341187202,93.38988905186778,71821100
2022-11-03,88.13603210449219,89.67253464279368,87.64038466059239,89.29584530810257,60664000
2022-11-04,89.99966430664062,90.59443973026505,87.32316355586093,89.56349213325879,55638100
2022-11-07,95.8780517578125,96.03665502199851,92.28956120446537,93.95493707481127,81987300
2022-11-08,95.63021087646484,96.94863477985906,93.96483530454036,95.08499570950359,52088300
2022-11-09,100.5866928100586,103.98683455524989,99.86304421903829,100.83451653036997,107677300
2022-11-10,110.89615631103516,111.76849304628479,103.69935366554259,106.18750582793226,80671000
2022-11-11,112.03614807128906,113.89978735355452,107.86279738275933,108.27914699531694,59961700
2022-11-14,113.2257080078125,115.25785807460645,109.83548116552747,110.02382205922324,53395000
2022-11-15,116.06080627441406,117.70635184117295,113.41405076200675,115.05959632876564,50670500
2022-11-16,112.24433135986328,115.06952047600194,111.67929353663554,113.50327262811443,33287800
2022-11-17,110.47982025146484,111.35216465645112,108.84418961807627,109.44888014863072,35093800
2022-11-18,111.07459259033203,113.32482860499377,109.65704063160446,112.80935860317447,33357700
2022-11-21,108.90365600585938,111.39180826964389,108.23949025208182,110.54920157215746,24351100
2022-11-22,110.46990966796875,110.64834305828951,107.37706675673539,108.90366185992863,29029000
2022-11-23,111.26293182373047,111.68918891166292,109.76608204588022,110.74746182954631,21343100
2022-11-25,110.44017028808594,111.74867927547221,110.05355831267225,110.33112724222208,12007600
2022-11-28,107.83305358886719,111.06467694794803,107.4365341325355,109.81564330754605,23309400
2022-11-29,108.50712585449219,109.97424545853981,107.59513647080314,108.58643125211184,23899200
2022-11-30,117.07191467285156,117.13139750383256,108.42782278422197,108.55669594886484,43348600
2022-12-01,119.39155578613281,120.14493443708561,117.36931335693296,118.16234470998532,36551400
2022-12-02,122.41500854492188,122.960223780531,116.58619709077205,116.80428318501569,39950500
2022-12-05,121.36421966552734,123.58471784498659,120.29361949288526,120.69013891567629,35474900
2022-12-06,113.12657165527344,119.5005978799502,112.74987476980014,118.8661697773399,43689200
2022-12-07,112.93822479248047,114.87124676294755,111.89736215424148,112.7697064797689,29461100
2022-12-08,114.32604217529297,116.31853947098587,113.59247850687862,115.37681234494076,30619400
2022-12-09,114.89108276367188,116.51680582776,112.8787552857445,114.29630732414842,26033400
2022-12-12,113.7114486694336,114.71265873818632,112.15511582021473,114.17735853003083,24747100
2022-12-13,119.10408020019531,122.22666055478824,117.6072228281434,121.06683980846766,44701100
2022-12-14,120.53153991699219,123.05934486705796,118.35069422268502,118.35069422268502,36922000
2022-12-15,115.13890075683594,117.59730780116884,113.01753033834721,117.29992387771452,34531000
2022-12-16,118.39035034179688,122.2365718354215,117.78565984708287,119.1833892878749,67064000
2022-12-19,113.48344421386719,116.77454300063903,113.33474846530926,115.81298573134167,29769900
2022-12-20,116.07071685791016,116.30863308058215,111.48102416799355,112.27406311760701,28742500
2022-12-21,118.71746826171875,119.29241350219432,114.61350836378021,115.68410100799696,20392800
2022-12-22,116.10044860839844,117.5873907944349,113.38429543656028,116.17974644378964,23618100
2022-12-23,117.012451171875,117.15123185315484,114.53421391619223,115.01994630067168,17796600
2022-12-27,115.86254119873047,117.56756957808179,115.03977220793341,116.9034038330725,21392300
2022-12-28,114.61351013183594,117.1214848233782,114.50446709629242,115.23802314751119,19612500
2022-12-29,119.21311950683594,119.97641320548192,114.76220023247431,115.38672082161865,22366200
2022-12-30,119.29241180419922,119.37171720278398,116.71504685402691,117.1313964151074,19583800
2023-01-03,123.65411376953125,125.26992916696545,121.21552941909272,121.75082952962498,35528500
2023-01-04,126.26123046875,127.92660615490277,124.75445802924148,126.27113797211675,32397100
2023-01-05,125.83497619628906,127.40122394307504,123.45586693938299,125.03202218975811,25447100
2023-01-06,128.88816833496094,129.1954673366725,124.94281126846515,127.84730565506447,27584500
2023-01-09,128.3429412841797,131.79264301521917,128.15459284862445,130.01823194659175,26649100
2023-01-10,131.83229064941406,132.27837024954658,126.04312553468338,126.16207606113016,28684400
2023-01-11,131.733154296875,132.68480388032555,129.20534974410532,129.81996275410842,25423000
2023-01-12,135.5199432373047,136.4814854510704,130.61302099038483,132.27840442063882,30757700
2023-01-13,135.7875518798828,136.19398636138445,133.66618170023415,133.79505485923653,22423800
2023-01-17,134.18167114257812,135.55957037535876,133.08133325697926,134.99452505190794,21147600
2023-01-18,131.86203002929688,136.05520252766846,131.6439439772816,134.62773568755287,20215500
2023-01-19,134.96478271484375,136.25346899669938,130.98969596078695,131.33665519565676,28625200
2023-01-20,138.15675354003906,138.72179884510555,133.43819566551292,134.70705181876295,28688600
2023-01-23,142.0228271484375,142.50855197768175,137.45295697105522,138.07746248379212,27470100
2023-01-24,141.89395141601562,143.73776053550952,140.1294477036565,140.45657683585247,21970200
2023-01-25,140.26820373535156,141.92366411273167,139.088560591205,139.99064242213555,26622000
2023-01-26,146.0177459716797,146.22590943609623,142.05256625826522,143.14298160387807,25482100
2023-01-27,150.41909790039062,151.85647252156616,146.1069589109038,146.94956565053786,35771900
2023-01-30,145.77981567382812,149.80447027435721,145.67077263719494,148.1093645810106,28040100
2023-01-31,147.67320251464844,148.5752845041938,146.23582793433843,146.66207748102659,29842100
2023-02-01,151.78707885742188,152.24308119270972,145.77983384283002,146.74139116044864,55661000
2023-02-02,187.12673950195312,195.4437029742972,178.591689945036,181.78366068183163,150475700
2023-02-03,184.90621948242188,195.05708377026508,181.29790698329094,181.8728597875318,76809700
2023-02-06,184.44032287597656,189.03993051222616,183.90503029642124,184.90623267945966,42483800
2023-02-07,189.95193481445312,192.0931355517408,182.7947840150465,183.96451992977168,47080700
2023-02-08,181.83323669433594,189.16882885482534,181.32768168382998,188.34605218018598,36139100
2023-02-09,176.37115478515625,185.02515345636516,175.72681926747376,184.509691092602,37118800
2023-02-10,172.6339874267578,177.33273033452983,171.84096366888724,174.8148481387777,33433600
2023-02-13,177.86802673339844,179.42436690011945,174.28946686476417,176.66856844178548,31463200
2023-02-14,177.91758728027344,179.9299145233757,174.34893505957058,175.61779119928158,24034600
2023-02-15,175.61781311035156,176.63884567632195,173.80374157662817,174.88424941813702,25308900
2023-02-16,170.9388885498047,174.3192076619539,170.29453781345282,171.2461875370984,25827500
2023-02-17,171.37506103515625,171.67243739377372,168.22273550017792,168.73821306504692,24171300
2023-02-21,170.58200073242188,176.61898207084855,170.38374480954582,172.79258376810682,34592600
2023-02-22,169.63037109375,171.25609405423205,168.21282670866515,169.58081845166606,22433200
2023-02-23,170.5423583984375,172.17800396749618,167.9055256077023,170.50271326007802,20017800
2023-02-24,168.90672302246094,169.23385212671894,166.20049241118272,167.17195709518748,19791300
2023-02-27,168.0641326904297,171.61297028977367,167.58831536803652,170.3837742797613,19277000
2023-02-28,173.41712951660156,176.00440977021506,170.37384696069057,170.40358459714915,46051100
2023-03-01,171.9103546142578,176.3017987557463,171.54358035250698,173.07016779754176,30998400
2023-03-02,173.0106964111328,173.48651372435538,169.93767619340952,170.8794184422329,17352000
2023-03-03,183.6373748779297,184.99544401107892,175.50875995980698,177.36247652852418,45877700
2023-03-06,183.29042053222656,188.00899392583824,183.03268930417306,186.36344076544492,33209400
2023-03-07,182.90382385253906,188.70290529933874,182.40817638275996,187.35474357650114,36701500
2023-03-08,183.3598175048828,183.64728636833115,179.76141220423,181.2780921799188,19432400
2023-03-09,180.10838317871094,187.28534898762197,178.73048379335697,184.72782130910593,26582800
2023-03-10,177.9473419189453,183.16156276961232,177.2435310110156,179.4342842678197,25665000
2023-03-13,179.32522583007812,182.1801597351484,173.29816667086516,176.41083178227044,24728000
2023-03-14,192.3310546875,192.62844620426867,184.935987541542,185.9471126481711,41642600
2023-03-15,196.02857971191406,196.05831735084533,189.17872786014453,191.27036084542135,42123600
2023-03-16,203.1460418701172,203.96881839258782,194.38299921959626,196.53410718154342,50447100
2023-03-17,193.9071807861328,200.14241856268836,193.72873985262865,198.81408713109815,50141100
2023-03-20,196.08802795410156,197.62453796620042,191.95433032702135,196.7521936752625,25186300
2023-03-21,200.40016174316406,201.77806091937316,196.226803951734,201.43110168666132,31827000
2023-03-22,198.0706329345703,205.56482001084692,197.93185225263778,200.7372186543796,28477800
2023-03-23,202.501708984375,206.07037646367976,200.39024613195645,201.0742419926531,27389700
2023-03-24,204.21664428710938,205.77298444441905,201.7780674543026,203.3938677558255,27716400
2023-03-27,201.07424926757812,204.06796403208844,199.6071370845429,203.02710138580258,18527200
2023-03-28,198.93304443359375,199.2800036835634,196.17724594410166,198.40765937001166,19127300
2023-03-29,203.56239318847656,203.9291674240944,200.7768420952451,201.78796702630524,18851100
2023-03-30,206.03073120117188,206.27855492955837,201.0544416258621,201.60956435729426,22608300
2023-03-31,210.09506225585938,210.32305586791597,204.97006898108796,205.4359788357,25440300
2023-04-03,211.2152099609375,211.63155200058463,206.387593549827,207.02202167585494,17924600
2023-04-04,212.850830078125,214.35760247602127,210.6897994530681,211.53240612071065,21026400
2023-04-05,209.63905334472656,213.31676429191103,208.11246576583304,212.28580906573094,19396600
2023-04-06,214.2188262939453,215.0515103499927,206.8336674517872,207.4284504209406,26104400
2023-04-10,212.88058471679688,213.7826667269681,208.8261921119088,212.84093957529885,16106100
2023-04-11,211.98841857910156,214.1395266783531,211.5522464067262,213.60421896645255,16710100
2023-04-12,212.13710021972656,214.95237399428152,210.7294633324491,212.96978427260183,18972200
2023-04-13,218.43182373046875,219.224847500562,213.81238615247736,213.85203129059846,23310400
2023-04-14,219.5618896484375,220.17648758119475,215.6561857349428,215.983314832495,21591200
2023-04-17,216.95480346679688,219.0563438246389,215.23986751678353,217.87670046778837,15481900
2023-04-18,215.99325561523438,218.52106075783294,214.32788736305116,217.99567564546845,12281000
2023-04-19,213.82229614257812,215.4381115885571,211.07640517251718,211.61171286211123,15898100
2023-04-20,211.2152099609375,214.8631679041083,210.91781846805821,211.62162937104753,16475400
2023-04-21,211.03677368164062,211.55225127229988,207.75558993575115,208.38011057201217,17717200
2023-04-24,210.93763732910156,212.05780541816344,208.87575722630933,211.8198891943213,15750900
2023-04-25,205.74327087402344,209.42096668543763,205.32692880816302,208.98480961117474,19198200
2023-04-26,207.5771484375,212.24615412653236,207.06168597416203,210.65016871382687,41992700
2023-04-27,236.4833221435547,239.5860801943098,234.7089108287852,237.80174624937138,71196500
2023-04-28,238.2279815673828,238.3370094781109,233.69775691934507,236.92937263012743,39554000
2023-05-01,241.06307983398438,241.87594888989452,234.4015922066699,236.54277763553986,29143900
2023-05-02,237.15740966796875,242.78795773263934,236.90958593006684,241.06309907149617,24350100
2023-05-03,234.9666290283203,239.6455421682171,230.72388806474677,237.38539100541473,34463900
2023-05-04,231.4871826171875,236.12643535513135,230.9023071473006,234.00506493525833,17889400
2023-05-05,230.75360107421875,232.6370551335535,227.84911458653457,230.2183085405626,27000500
2023-05-08,231.23939514160156,233.56892937905184,228.26551006114116,229.40549329159964,16400500
2023-05-09,231.33847045898438,233.82663017174102,229.06841194563827,229.44510882268386,16865600
2023-05-10,231.05101013183594,234.6890604898904,228.71155363342422,234.1141076501327,19119000
2023-05-11,233.73741149902344,236.13635840303854,230.2778020721307,231.02127322703902,20449000
2023-05-12,231.774658203125,234.89724621443213,229.43520163353872,234.67916012630428,16161400
2023-05-15,236.78070068359375,238.16850749476043,233.2814308927608,234.8575861552915,20653200
2023-05-16,236.7410430908203,237.55389700147478,233.46976706403657,233.73740578256724,18163800
2023-05-17,240.37908935546875,241.71732830364155,236.06695078411929,236.37424976201174,21193100
2023-05-18,244.70115661621094,244.93905771597244,239.09042374878152,239.19946679482555,22943300
2023-05-19,243.50167846679688,246.52513093495048,241.29109507655596,245.31574994768903,21733600
2023-05-22,246.15835571289062,251.36265391430516,242.98619994649877,243.2736839367334,27738500
2023-05-23,244.59210205078125,249.41970323490676,244.50287401661294,244.66148482629066,17748100
2023-05-24,247.0406036376953,247.41728540634753,242.81767776935007,243.14480689478242,17724300
2023-05-25,250.49029541015625,253.3947820293933,247.00093333989307,251.19410627565514,22371400
2023-05-26,259.75897216796875,260.0266109498383,250.51018722318975,250.72825822568853,25727200
2023-05-30,260.2347412109375,266.31138413742116,259.015467775104,262.94098733413506,23816500
2023-05-31,262.4155578613281,262.6931191922848,256.20015042244955,257.7366452452606,25473700
2023-06-01,270.23687744140625,271.6147918186333,263.5754050196668,263.5852973969688,25609500
2023-06-02,270.23687744140625,272.9530459308971,268.7598577796487,270.2864603355899,19416900
2023-06-05,269.0275573730469,273.17116310172264,267.21347063050644,267.94701923026497,20742900
2023-06-06,268.7598876953125,274.16245738799296,267.3423431472537,267.7884379849693,19419000
2023-06-07,261.30535888671875,271.8626442161029,260.5123047633767,269.3051165166383,26163600
2023-06-08,262.2767639160156,265.32004620136956,256.6264017277857,258.35124499287787,20899400
2023-06-09,262.6435852050781,265.61746978448156,259.42187691072445,260.1950856912926,16949800
2023-06-12,268.6905212402344,269.3844399019294,263.0203121323136,264.8443217141534,15442500
2023-06-13,268.9581298828125,273.3198212360052,266.7475314444002,272.4871371800981,16164000
2023-06-14,270.970458984375,272.59616684149415,265.9842469943128,269.5231769435399,19175100
2023-06-15,279.37664794921875,281.5178487136144,269.0572939381977,269.9296080997618,25973500
2023-06-16,278.5538330078125,285.3442082969982,277.69141139005217,282.2711884305146,43127700
2023-06-20,281.8548583984375,282.3207681995998,273.81547148594564,276.3036313019316,20701600
2023-06-21,279.18829345703125,281.52773476017416,275.93681733767835,281.06182497496616,20556200
2023-06-22,282.4001159667969,282.7768128958016,275.37183825791345,276.6505869881599,17563100
2023-06-23,286.2165832519531,287.1484028647073,276.5217204794401,279.05943296679476,51092000
2023-06-26,276.0458984375,287.26736422711815,275.183476694736,286.18685639120184,24232700
2023-06-27,284.5511779785156,286.8311743118034,278.2068969133884,279.555073656432,26108300
2023-06-28,282.8065490722656,287.02944505240964,281.5872453744649,282.340639228578,16722100
2023-06-29,279.0792541503906,284.0753889556589,278.2465700581659,282.0234012362909,15395700
2023-06-30,284.4817810058594,286.533738166813,281.94406884139056,282.2811054294308,19694900
2023-07-03,283.5301208496094,286.88070203171793,282.37032290313533,284.2042242885285,8629300
2023-07-05,291.8074951171875,295.52485125008354,283.8672127367066,285.14599171696096,33865500
2023-07-06,289.44818115234375,295.5248235823149,288.7741078971482,293.3142553701415,47600500
2023-07-07,288.0009460449219,293.6216022185909,286.1472291650395,289.63657680646963,25586000
2023-07-10,291.539794921875,295.5347115939885,284.55114871379277,292.9771541725064,37058300
2023-07-11,295.6933288574219,297.5668602635445,289.35894068243334,291.3415302455222,27585900
2023-07-12,306.6471862792969,306.7562444583795,297.4876303209256,299.12326099178875,36677100
2023-07-13,310.68170166015625,313.48705258601495,307.58886677660786,310.88986509411,30281000
2023-07-14,306.18121337890625,312.1389046779914,304.68434858283683,309.07580744281717,23054100
2023-07-17,307.9159851074219,308.9964928062854,302.05742922495097,304.86281044247795,25323100
2023-07-18,309.33355712890625,311.4648653357093,304.9421280436291,308.17375905316084,20731900
2023-07-19,313.2591552734375,315.9058960891806,307.8169249324872,310.30508516352205,21763700
2023-07-20,299.8865051269531,312.7931833489161,299.5891287747079,310.7709333978952,23836900
2023-07-21,291.69842529296875,302.800909197342,288.66506554438087,301.9186725328554,42139300
2023-07-24,289.0715026855469,294.93005940617286,285.7903188571034,293.2052158926609,24915700
2023-07-25,291.9066162109375,295.703262442502,289.31932073955034,292.62034976319046,19585600
2023-07-26,295.9709167480469,299.1430421825214,289.358966650914,298.56810446847095,47256900
2023-07-27,308.99652099609375,322.51779778619095,307.14280439627186,322.28978907131307,64229200
2023-07-28,322.64666748046875,323.3604010020382,311.51441512024616,314.12152548725567,39220300
2023-07-31,315.8265686035156,322.8251083416329,314.8253510504006,320.87225613271846,25799600
2023-08-01,319.9007568359375,321.31833148178566,311.92084528786495,314.7757793342165,22817900
2023-08-02,311.5738525390625,315.61835208722226,307.9457100995338,315.2317326112138,20461100
2023-08-03,310.4636535644531,313.1996371815222,307.23202249512775,307.23202249512775,15180200
2023-08-04,308.0250549316406,315.6381920030264,307.4996698792332,312.21821272193796,17612800
2023-08-07,313.8043212890625,314.30989138505396,307.75741615279827,310.50332247597623,16236500
2023-08-08,309.91845703125,315.1227553397813,307.4104518521526,311.66311551194724,15183500
2023-08-09,302.5530700683594,310.8997853919067,300.21362891825964,310.156314310015,19955800
2023-08-10,303.0785217285156,309.621074738082,301.22480493038836,305.2593828156786,14358900
2023-08-11,299.0141906738281,302.0673654764671,297.745304234176,299.93608761646493,14046300
2023-08-14,303.52459716796875,303.5444121758859,295.6537130002151,298.3599590509755,15641900
2023-08-15,299.3214416503906,304.5554763668649,297.4181425480759,303.47496879256033,11623600
2023-08-16,291.7281494140625,298.45901919205147,291.71822678564473,297.58670519685023,18547700
2023-08-17,282.6082763671875,293.47286065252206,282.4695108038598,290.4989757740898,23950100
2023-08-18,280.7843017578125,283.20306391773346,271.991520167081,276.60103575190874,35347900
2023-08-21,287.3763427734375,287.97112567547384,279.39643211452176,280.98250976931354,20181500
2023-08-22,285.0964050292969,290.35025563572106,284.2537983560618,290.0032963876927,12980200
2023-08-23,291.6785888671875,294.81108424364885,285.1658046520825,285.9885660720524,18287000
2023-08-24,284.2537841796875,296.8531326295478,284.1447562725001,295.9014980911481,18360900
2023-08-25,283.0146484375,285.8795047587146,273.6270860340675,283.639168964376,23701400
2023-08-28,287.7332763671875,288.91291975529066,283.3120791933217,285.49294014239996,14239300
2023-08-29,295.39593505859375,296.5458406851911,285.67133525084813,286.0678471302465,20844500
2023-08-30,292.53106689453125,295.6932993522744,290.8755914636973,294.5830541480347,17717000
2023-08-31,293.314208984375,298.47884600085996,293.0862003082704,293.2249658379628,17229900
2023-09-01,293.7999572753906,299.1132828754372,291.906580579667,296.7639190428538,12842300
2023-09-05,297.5371398925781,298.7663660643128,292.9375475703508,294.43438220602286,14956000
2023-09-06,296.56573486328125,300.6597577520027,293.0862797748744,299.08360235135336,15418100
2023-09-07,296.070068359375,304.3770944136162,289.6762039967024,295.40588744923144,33748700
2023-09-08,295.29681396484375,302.59272896122013,294.196461037625,296.61522269992525,17548000
2023-09-11,304.8826599121094,306.34978726869906,298.65732909121135,298.78620226973936,19489300
2023-09-12,299.03399658203125,305.9730602651931,297.6164522615025,303.66332641243866,13480400
2023-09-13,302.4044189453125,304.5059592872475,298.69698571008445,299.7279106218778,13210900
2023-09-14,309.0064392089844,310.1464222632418,302.37467408444013,304.06977984776057,19343100
2023-09-15,297.6957702636719,309.2840101140606,296.14935263325515,308.89739058049656,28131100
2023-09-18,299.9162902832031,300.9571681848217,295.2076390310998,295.59425860219534,14234200
2023-09-19,302.414306640625,303.5047369520571,297.2000864026327,299.8468567834762,15924400
2023-09-20,297.06134033203125,305.3782883735429,296.8234089972703,302.39448120124234,19379500
2023-09-21,293.1556701660156,297.6462351362966,290.7170627767557,293.1259325272159,21319600
2023-09-22,296.4764709472656,302.7216470856656,295.6735244833445,296.6945570394368,25369600
2023-09-25,298.211181640625,298.33016242036194,291.1432755959158,293.06638980081726,18987000
2023-09-26,296.3575439453125,297.6858756115671,293.43324185420363,295.06887254949135,19417200
2023-09-27,295.1481018066406,298.67710884740836,284.29344198108106,297.83453247540683,36429800
2023-09-28,301.31396484375,303.66332872549503,294.11718502598364,296.33767574089586,22167100
2023-09-29,297.5966491699219,307.93587851423496,296.754042410053,304.70424728900844,25373700
2023-10-02,304.1490783691406,304.5059299768926,299.00425592730016,300.104578636452,16265600
2023-10-03,298.3202819824219,304.0995177904984,297.03161074620874,301.61138822655596,17362300
2023-10-04,302.9198913574219,304.2284079253051,295.9015365648199,296.1295452893803,16880500
2023-10-05,302.1368103027344,303.54443225598413,296.8928513033326,301.978199473143,19130000
2023-10-06,312.6841735839844,313.5565180214866,298.29058112096453,298.8159662591981,21803900
2023-10-09,315.588623046875,317.5414751678971,309.10557632186953,309.7796495788927,22503700
2023-10-10,319.0383605957031,321.83381959341597,315.3904024685447,316.34203714260326,19038000
2023-10-11,324.96630859375,325.9774185235088,320.13870716386896,320.1981824390359,22036300
2023-10-12,321.338134765625,327.66260060248845,319.88093015978995,325.1447032712535,20530500
2023-10-13,311.9505920410156,322.22039260310345,309.65078063069194,320.71363525767725,21341000
2023-10-16,318.35430908203125,319.0184898882461,312.77331469106156,315.8661797826119,16536100
2023-10-17,321.1795349121094,321.57604680606164,314.5378472437151,315.4101915615611,16387800
2023-10-18,314.2107238769531,323.10263972349975,312.8129945346358,318.5922603419994,16851000
2023-10-19,310.0869140625,319.08788750004817,309.03614402821887,317.09537533508325,18709200
2023-10-20,305.963134765625,312.55523915239206,303.80211935646275,311.40536380308697,22312300
2023-10-23,311.2765197753906,314.59733347334077,304.5852792316508,306.80577011666287,17796800
2023-10-24,309.82916259765625,315.5786903096783,307.9258936151293,314.02235028877544,19525500
2023-10-25,296.9225769042969,308.17378070314754,296.2385809646329,307.3014363017255,42192500
2023-10-26,285.83984375,292.4319477072552,276.96774374421744,292.4319477072552,66684100
2023-10-27,294.14697265625,296.70450041423834,290.419693821055,291.9165589334296,29596300
2023-10-30,300.02532958984375,306.7066477918955,296.4467391323724,296.4863994004334,28435100
2023-10-31,298.6473693847656,301.03639345003336,294.2757557468523,300.66961921940054,19434200
2023-11-01,309.1353454589844,310.017582259887,299.22239566233213,299.22239566233213,20434600
2023-11-02,308.163818359375,316.0446243432361,305.64592102556026,314.53783684335446,21631800
2023-11-03,311.86138916015625,312.8031011868626,308.31253639094047,309.82921641467783,16764300
2023-11-06,313.0508728027344,315.5588473330183,311.7126490795683,313.22932885081644,12887700
2023-11-07,316.0447082519531,318.20572429041033,312.37690431356765,314.3000192107416,14055600
2023-11-08,316.99627685546875,318.53277182519207,312.13893797333276,315.37056897639883,13609700
2023-11-09,317.7595520019531,321.35795714702647,316.0247860148068,316.63941423329265,16103100
2023-11-10,325.90802001953125,326.2351642842686,316.67906673273416,317.1548991851157,19096200
2023-11-13,326.3243103027344,329.4369599830557,322.8647014210874,323.36034877957724,16908900
2023-11-14,333.38238525390625,335.1568115946723,330.4283155624995,331.62780417236013,17179400
2023-11-15,329.813720703125,335.4541911554932,327.1471349777592,334.9882813381861,14531200
2023-11-16,331.2808532714844,331.667442561079,323.5388423305294,326.5028044744622,18932600
2023-11-17,332.1234436035156,332.5794307757708,326.4829733409951,327.38505530805384,14494400
2023-11-20,337.0105285644531,338.89398282519466,331.2808452491062,331.97476378028864,16960500
2023-11-21,334.04656982421875,336.94113402174503,332.9759543798253,335.3847937518308,12027900
2023-11-22,338.5173034667969,339.9348782395706,335.6326315263406,336.2571521863876,10702700
2023-11-24,335.28570556640625,338.8840808634013,333.83839314189083,337.1691599420157,5467500
2023-11-27,331.7864074707031,336.9411226805428,331.2907600321463,333.25350452760324,15684500
2023-11-28,336.0390625,336.42568204806275,330.4977274078799,330.4977274078799,12637200
2023-11-29,329.30816650390625,336.9411188190531,327.90051448369286,336.7329553677821,16024500
2023-11-30,324.3020935058594,330.59682164758357,319.593443122573,329.00085151227404,23146400
2023-12-01,321.992431640625,324.01465154921027,317.96777657976315,322.64668993525703,15276400
2023-12-04,317.23419189453125,318.0668760036283,310.92957067483053,314.52797610294596,19037100
2023-12-05,315.5192565917969,319.078001589407,312.644507483201,316.2032524808111,16952100
2023-12-06,314.68658447265625,319.4447879881586,314.2801499252027,319.12756635327975,11294300
2023-12-07,323.7469787597656,325.38260919838507,315.0037509944529,315.0037509944529,15905100
2023-12-08,329.85333251953125,330.2696896309997,320.18820857643453,320.27742147491017,14087400
2023-12-11,322.4483337402344,327.0182179664361,317.214299016538,326.5324629997662,25802500
2023-12-12,331.3105773925781,331.55840111361704,321.73466518140424,321.77432544730783,18485500
2023-12-13,331.8260192871094,335.4244243340028,329.74432436086573,331.02307290083434,16353300
2023-12-14,330.2697448730469,331.786424904649,325.779180053839,330.94381816444326,19607300
2023-12-15,332.0044860839844,335.7119191603619,328.33668302041815,329.0999691679317,31776900
2023-12-18,341.6199951171875,344.5344041297469,334.08614889595844,334.5421662666255,18993900
2023-12-19,347.3100280761719,350.52184376682237,342.1156530575935,342.5716401904211,17729400
2023-12-20,346.2394104003906,351.869957016327,344.7623909831456,345.61488990125895,16369900
2023-12-21,351.0075988769531,353.30741024884486,346.17007504363573,349.90727608593943,15289600
2023-12-22,350.3137512207031,354.0905827144297,348.16262778042943,352.4846594181729,11772800
2023-12-26,351.7411804199219,353.8724888040851,350.3732187747808,351.8997912451386,9898600
2023-12-27,354.71502685546875,355.87485515386163,352.21697469605425,352.9703684711443,13207900
2023-12-28,355.2007751464844,358.7495973710055,354.6952050963075,356.5687668691386,11798800
2023-12-29,350.8786926269531,356.86612158180657,348.757337524102,355.86490417120007,14987100
2024-01-02,343.2754821777344,350.0856725621482,337.05015209068665,348.2616937741124,19042200
2024-01-03,341.47137451171875,344.921091847354,340.19259554865863,341.97694461960975,15451100
2024-01-04,344.0982666015625,345.11929909621364,340.41064851615806,341.5010789113967,12099900
2024-01-05,348.88629150390625,350.4227866714276,343.2458204666084,343.9694464639919,13920700
2024-01-08,355.5378112792969,355.8550328888557,348.98533664973183,351.61229217973874,13890200
2024-01-09,354.31854248046875,357.500621013295,352.266554698049,353.2975099042569,13463900
2024-01-10,367.24505615234375,369.69355598770045,355.9541916954143,357.03472985619703,22117200
2024-01-11,366.4519958496094,369.5349084412359,359.7706477096314,368.8905728121484,17205400
2024-01-12,371.22998046875,373.7776153686232,366.32308935332577,366.9376872898426,19310000
2024-01-16,364.26123046875,372.3402781857288,364.0332519935997,370.3973485723364,15306900
2024-01-17,365.16326904296875,365.3318024736922,355.48822189160364,363.1112814992652,12724800
2024-01-18,372.8557434082031,373.5694769229854,367.7208432542545,368.25612070140227,16354300
2024-01-19,380.112060546875,381.0141123293726,374.6797533320612,375.7007859201314,21670800
2024-01-22,378.45654296875,386.9519470116833,377.8419450079911,384.5728454450382,17680500
2024-01-23,381.8467712402344,384.9990814617669,378.75390603497135,381.2718033118794,15506100
2024-01-24,387.29888916015625,392.70142765086376,384.434032676857,386.60497070171994,15698500
2024-01-25,389.75726318359375,392.0471516396951,382.3027375420606,386.7734865525037,15091100
2024-01-26,390.708984375,393.3359097959545,388.18116424199445,390.91714783237995,13163700
2024-01-29,397.529052734375,399.422429541813,389.6780144066085,391.55154595567524,18742400
2024-01-30,396.5774230957031,402.8225686731587,396.09169829023307,400.0766927751704,18614700
2024-01-31,386.7437744140625,394.5353371545359,383.7302296999333,385.61368380179516,20180800
2024-02-01,391.3434143066406,397.01362256052823,389.6284631736777,390.5107301891786,29727100
2024-02-02,470.8551330566406,481.72963881592403,449.0664915252919,455.59912098341835,84707600
2024-02-05,455.4107971191406,467.79206083413476,455.22244866654785,465.7896560115249,40832400
2024-02-06,450.7615966796875,463.05364680414374,449.05656832277816,459.96081170368444,21655200
2024-02-07,465.50213623046875,467.415327994543,452.2088689116338,454.01303276517825,23066000
2024-02-08,465.9085388183594,466.4933990985611,460.98180263396944,464.2431708762343,18815100
2024-02-09,464.0350036621094,469.4673101663156,463.40059070831603,468.83289721252225,18413100
2024-02-12,464.81817626953125,474.9789490756288,462.5183648227148,464.1143653554513,19382000
2024-02-13,456.1145935058594,463.8169740536251,451.1283814896447,452.892885158852,20916600
2024-02-14,469.1600341796875,469.982795609744,462.03262165462274,463.85660058253393,16858400
2024-02-15,479.81646728515625,484.3665072274175,468.1092769839316,471.1426369454391,24212300
2024-02-16,469.1997375488281,474.79062539009806,465.1254995337819,473.94801862403494,23324600
2024-02-20,467.64337158203125,472.0348007521129,462.49854860329634,465.63104413431995,18015500
2024-02-21,464.4480285644531,465.41060608263723,458.25579479701133,462.9297393124739,12921800
2024-02-22,482.40948486328125,486.23992842019754,472.41654676636847,476.5645485214587,21625800
2024-02-23,480.3255615234375,490.57648938610384,478.65842637192833,484.31478426826664,18374300
2024-02-26,478.0531005859375,482.41945039379345,476.921841069552,479.76987131875444,12101400
2024-02-27,483.3223571777344,483.54067462201573,476.24695197664295,476.30649034471855,10809600
2024-02-28,480.31561279296875,487.29180850441577,479.0553434545367,481.2881234084936,12715500
2024-02-29,486.3788757324219,487.93686726454155,478.91640943030325,484.70180744595217,17732000
2024-03-01,498.4557189941406,500.39080710945973,488.0857144887077,488.3437040291378,16273600
2024-03-04,494.3771667480469,500.5594971142455,492.62072412682585,499.1503515840117,12324100
2024-03-05,486.4681701660156,491.7871336101802,484.15601582408954,491.2115858850194,15325300
2024-03-06,492.2932434082031,499.120593170195,490.50703156108455,493.8214657207925,11757900
2024-03-07,508.2700500488281,515.8713989915751,497.5427848270461,499.42823746816646,18586400
2024-03-08,502.07781982421875,519.5629636532714,495.52832561465306,510.2547468573878,18597100
2024-03-11,479.888916015625,493.51384651254926,472.3570085263561,493.2062214717345,20428300
2024-03-12,495.92523193359375,498.46563690206807,481.0201963453091,489.48491194914317,15448200
2024-03-13,491.7772216796875,497.14582052729384,487.27195954593,491.5986065562737,12090700
2024-03-14,488.06585693359375,497.5130167599525,484.4239615573876,496.4313625069967,12620000
2024-03-15,480.39508056640625,488.06590176707334,477.6164914217597,485.26750687316405,29153600
2024-03-18,493.1764831542969,493.61311813323977,483.0843037003027,488.14527802239974,11755300
2024-03-19,492.44207763671875,492.82910735533255,477.59658066238825,484.4338634191074,10903100
2024-03-20,501.6510925292969,504.31060469928195,491.3803284187274,495.6771763017406,11711100
2024-03-21,503.87396240234375,511.09821477284595,502.1373557038148,510.7707839758228,9712500
2024-03-22,505.6799621582031,506.06699186474566,500.48007571593536,503.11972128020517,8120600
2024-03-25,499.1701965332031,503.33806453967446,496.4114740821437,501.91901611098194,8380600
2024-03-26,492.0948181152344,506.09681547367757,491.41999934541593,501.2640919046953,11205400
2024-03-27,490.080322265625,496.0642018848251,484.3346567294072,495.4786906872178,9989700
2024-03-28,481.8636779785156,489.1177599265289,481.4369761827551,489.06812442310434,15212800
2024-04-01,487.5895080566406,493.6229620607857,478.0927438247273,483.4712757226848,9247000
2024-04-02,493.5634460449219,493.7222251422253,480.94079550745505,481.3873636113719,11081000
2024-04-03,502.8616943359375,503.3578676240407,494.93285488293304,495.11146999848677,12099200
2024-04-04,507.00970458984375,525.9436631378403,506.6722801182768,512.4675802440537,26476300
2024-04-05,523.3040771484375,526.6383471527769,510.4729824465434,512.9042437043852,19263300
2024-04-08,515.2760009765625,527.4223143515474,514.9187707168354,525.2292670059732,13260600
2024-04-09,512.9440307617188,521.8453515412855,502.8617544246005,518.2331950359386,10863800
2024-04-10,515.8515625,518.5606494016819,501.928910292975,505.3922206037786,11418500
2024-04-11,519.156005859375,519.8506605732492,513.3309363282792,517.1217075007655,10369500
2024-04-12,507.98223876953125,516.2088008915841,505.43190063751956,513.787472668167,11984500
2024-04-15,496.40155029296875,514.5615112314049,493.4741157112928,512.7653057412805,13512900
2024-04-16,495.9352111816406,500.9068477028601,493.30546812148475,494.2978148508964,9847900
2024-04-17,490.3879089355469,499.3090947473016,483.4117138862231,499.2495563769016,12193700
2024-04-18,497.9595642089844,508.28992732102284,495.22070789767196,495.99473711582823,14808700
2024-04-19,477.38824462890625,498.95191950753076,472.0891167696375,498.95191950753076,25215400
2024-04-22,478.04315185546875,488.2444739766785,469.7768874878293,485.9719917197624,17271100
2024-04-23,492.30316162109375,494.9428072503399,485.2277254126733,487.4902744828821,15079200
2024-04-24,489.72308349609375,506.09680361298444,480.87133784126775,504.17164864318624,37772700
2024-04-25,438.0019836425781,442.35836983181287,411.32769996695043,418.17488602057387,82890700
2024-04-26,439.8973693847656,443.023255377978,428.6540645124844,438.0813579966591,32691400
2024-04-29,429.3089904785156,436.3943598912081,425.28006561859786,436.195878453334,21502600
2024-04-30,426.8778076171875,436.2554660770885,426.4312394735651,427.751047303974,18429500
2024-05-01,435.8287658691406,446.5163293249573,423.8412003264866,425.3198175578289,20344900
2024-05-02,438.29962158203125,440.56217052865486,428.97156996995193,435.4813609842379,15221300
2024-05-03,448.5010070800781,450.69411509659585,440.4530898609674,442.5171576767287,16489100
2024-05-06,462.115966796875,462.592304076786,449.8704131384758,452.093259876696,15094600
2024-05-07,464.6564025878906,467.92123166453916,457.779447321688,462.72134472049225,13406800
2024-05-08,468.9830322265625,471.9402058578811,459.4564983423583,459.9526716667021,11683900
2024-05-09,471.78143310546875,472.4363552104369,464.0510446249137,466.40290121752565,9437700
2024-05-10,472.55548095703125,473.8455194723548,466.0059870918143,473.4386537168411,10750000
2024-05-13,464.42816162109375,469.7272890553807,459.30764931420595,469.13187501336745,14668800
2024-05-14,468.2387390136719,468.9234605753996,456.55880040566063,459.8236291276941,10478600
2024-05-15,477.8545837402344,478.80722798374535,467.5937236699598,471.3447925555496,13100500
2024-05-16,469.60821533203125,474.0340729044409,469.1318780385458,471.36465799748123,16608200
2024-05-17,468.29833984375,469.1815126685142,464.83505951456476,467.2265884372279,10807300
2024-05-20,465.2518310546875,469.5784784874787,463.46561907811537,466.35335165798784,11745100
2024-05-21,461.0740661621094,467.09761808342193,458.7321121308233,463.54499982976347,11742200
2024-05-22,464.19989013671875,470.094431348203,462.0861870387401,464.28919769640606,10078600
2024-05-23,462.2152404785156,470.7295617615154,458.00770019996276,469.26090804074687,11747900
2024-05-24,474.56005859375,476.17758862327844,462.73127214344584,464.04117710669794,12024300
2024-05-28,476.2470397949219,477.17981782811154,471.205901618862,472.9325751794718,10175800
2024-05-29,470.72955322265625,476.17755705003367,470.07463106847433,471.0272753949379,9226200
2024-05-30,463.47552490234375,468.11973058222674,461.1534372044116,468.06019220156327,10719600
2024-05-31,463.2572021484375,465.52968459800337,450.98187816881347,462.23508624663583,16919800
2024-06-03,473.8355712890625,475.9294383757683,464.65636518199324,467.2563084447153,11279400
2024-06-04,473.3393859863281,475.2248687174636,469.6081834348504,473.34931914302285,7088700
2024-06-05,491.2711486816406,492.84897628065335,480.2064891730306,480.7423648637953,15690500
2024-06-06,489.9811096191406,498.9717681761462,487.13307947431673,489.20708041502814,10667300
2024-06-07,489.1871643066406,495.0916386039483,486.4185391375969,492.11459884745994,9380700
2024-06-10,498.75341796875,498.8129563433123,489.6337500954303,490.0802879046476,11220900
2024-06-11,503.5861511230469,503.71516103182034,494.4565499121785,496.332099600009,9673700
2024-06-12,504.94561767578125,510.07606269277613,500.6090680736091,510.05619637989713,11983200
2024-06-13,500.2419738769531,505.46169688773693,497.5229233456596,501.8396375159677,9954600
2024-06-14,500.7982177734375,503.76827047428316,497.41095233353604,499.29827689365226,10243300
2024-06-17,503.25177001953125,507.3442927979167,492.70258957460356,498.3248520419291,11266600
2024-06-18,496.1593322753906,502.6259325307895,491.71913754817786,501.19553219490325,13060400
2024-06-20,498.3546447753906,500.31150990328194,493.45749528868265,498.652632230771,11801200
2024-06-21,491.4807434082031,500.09294409403304,489.1066959926516,500.09294409403304,22359200
2024-06-24,495.58319091796875,504.41389519417567,490.99400267681284,495.87126563892224,13525300
2024-06-25,507.19525146484375,507.3045034181857,492.1959343844585,493.7355866348011,12063200
2024-06-26,509.698486328125,510.383887800089,501.3147622286422,503.27162738652333,8882300
2024-06-27,516.0953979492188,519.3932663556366,510.4731673961837,510.82080922801384,10121200
2024-06-28,500.8578186035156,518.4000638324243,500.48034762615777,513.7016232829023,15855100
2024-07-01,501.3147277832031,503.2020522993896,489.8814984155555,501.58294679281164,10328200
2024-07-02,506.10260009765625,507.0959319918616,496.11962668652535,497.42088904280774,7739500
2024-07-03,506.5595397949219,507.87074521081,502.6458095867641,502.9934818232005,6005600
2024-07-05,536.309814453125,537.2634349299381,508.18862031678924,508.18862031678924,21354100
2024-07-08,525.79052734375,539.1905669814913,523.1383477493558,538.7336124129018,14917500
2024-07-09,526.4660034179688,533.8961079897183,524.6680747748195,530.1909987251714,8753200
2024-07-10,531.1245727539062,535.2866353441332,524.8367656001964,527.2505545542191,10983300
2024-07-11,509.28131103515625,531.8895562792189,504.9801666469837,527.3500219197413,16458300
2024-07-12,495.5434875488281,504.70200901700827,490.93444322689584,494.4409036740209,19750500
2024-07-15,492.8515625,503.30140324613546,490.0801579921721,495.3050935222818,12539200
2024-07-16,486.5240783691406,500.5896628261979,482.5507504540652,498.15598735257976,14075800
2024-07-17,458.9093933105469,475.9748583365877,456.0585356169319,475.9748583365877,28076600
2024-07-18,472.677001953125,476.04438141112735,461.4424203212603,471.83266375516723,19267200
2024-07-19,473.6107482910156,483.46458424586564,472.5379328105717,472.88560505542085,15149400
2024-07-22,484.14996337890625,488.77889368380687,480.67330171898413,483.3354239432015,12023100
2024-07-23,485.4313659667969,491.9178220255653,484.4678328165319,486.5736915826986,9455500
2024-07-24,458.1941833496094,473.1239602274661,457.5087819303117,469.16057574428834,17649700
2024-07-25,450.3866271972656,460.45899705158166,439.69836609184694,460.1709526223855,18240500
2024-07-26,462.5947265625,466.6375647815951,456.35660278759616,461.10472855593935,14222400
2024-07-29,462.60455322265625,470.7995407344392,461.91915184199877,466.746760248626,11339600
2024-07-30,460.1014099121094,469.57780482339075,453.6546955153981,463.88600206485654,11390400
2024-07-31,471.663818359375,473.32269613102295,463.6377091692654,467.8792258794459,24285800
2024-08-01,494.4209899902344,523.6547393365818,488.81861406662085,517.525898740057,43083100
2024-08-02,484.88507080078125,497.8082988081169,472.97500015148046,485.7393217238086,24044700
2024-08-05,472.5578308105469,480.256153607523,447.7940416649235,448.340392438967,21396200
2024-08-06,490.7953796386719,499.2089024694643,475.4583319023931,475.80600414778166,20955000
2024-08-07,485.65985107421875,506.7482681354804,483.61355944940226,499.77508903606014,20105300
2024-08-08,506.23175048828125,506.55953668319745,491.4211679453795,494.18262946631637,16156800
2024-08-09,514.3173828125,514.8835891668995,502.3278617059284,504.3244378446913,13696600
2024-08-12,512.5096435546875,514.5658480140165,505.7053134773553,513.4135489736507,9767400
2024-08-13,525.0155639648438,527.9558478978068,514.6948927145733,516.5424752985086,13743800
2024-08-14,523.24755859375,530.4392723612109,519.6417586898049,524.5388780300436,11444200
2024-08-15,533.7470092773438,536.1707413680679,523.1878870724586,528.2439121362164,13482100
2024-08-16,523.9031372070312,530.1015190770014,521.1615312349661,528.3533057155574,14776700
2024-08-19,525.750732421875,528.1148065447744,519.2741890909025,523.3567686125551,9879700
2024-08-20,523.2176513671875,527.5486241898866,522.3733435694845,524.8268440690854,7944400
2024-08-21,531.591552734375,535.8033315503418,523.4164493710769,523.6350139485368,13423300
2024-08-22,528.383056640625,540.6010274942679,525.0653618809546,533.4192569001465,15708300
2024-08-23,524.479248046875,536.2700929585844,521.55884980876,533.3397517008707,11323900
2024-08-26,517.6451416015625,524.479270276633,511.5163004380435,524.081913244852,9584000
2024-08-27,515.638671875,520.5159664663109,511.8739650201228,515.5194768725571,6282700
2024-08-28,513.3341064453125,517.615364659823,509.0329621910887,514.2181257900095,9106100
2024-08-29,514.764404296875,523.684565573268,512.2413632137636,515.5888867116108,8317400
2024-08-30,517.8338012695312,520.0489117955093,511.76455848669906,517.8735127156259,9157500
2024-09-03,508.3475341796875,521.9859615332059,505.22845751609213,516.1749942685213,12459100
2024-09-04,509.32098388671875,513.1453480424364,500.70881337108693,502.6954771522908,8335200
2024-09-05,513.4135131835938,518.1517257651456,507.74159650154314,508.307802962019,8640900
2024-09-06,496.93414306640625,521.0820696565472,494.9276235238455,518.4000613773472,14744500
2024-09-09,501.4240417480469,507.9204108518389,498.7320903469637,502.78490166446124,11047800
2024-09-10,501.4240417480469,510.751412962104,496.69577198232815,504.77156555740726,9899000
2024-09-11,508.41705322265625,509.69845986206315,492.29529588084,503.6292165016286,10782500
2024-09-12,522.0952758789062,523.1979204782829,511.7844848502824,513.6022993894097,11970500
2024-09-13,521.121826171875,524.0621107021185,513.6618931917054,516.8703967615143,10321400
2024-09-16,530.2294921875,531.0447481141917,514.4403261539426,521.5394368849483,9527600
2024-09-17,533.2520751953125,538.9989800805172,527.5349671432173,534.5247216049645,11690800
2024-09-18,534.8726196289062,541.0868659284195,530.8458001640214,533.9976488950548,10323500
2024-09-19,555.9017333984375,558.8547755441265,543.393738974814,546.8538127706381,15647000
2024-09-20,558.1387329101562,561.2707373843093,553.1176339334665,556.7964799560907,22066800
2024-09-23,561.1812744140625,570.6965366558616,559.1927153838685,566.2421838477487,12830700
2024-09-24,560.1075439453125,564.5022427843289,551.0198138385321,563.4383563302257,12993000
2024-09-25,565.0590209960938,573.580004208347,560.4952510598988,560.8233803106601,16543400
2024-09-26,564.591796875,574.0971081324976,559.1331504876267,572.436617382725,14400800
2024-09-27,564.1143798828125,567.574513670228,561.2807076961036,566.8386958935577,9398400
2024-09-30,569.1653442382812,571.3925205491627,561.5690344960939,564.4524692436476,12792300
2024-10-01,573.1723022460938,579.7047261626475,566.8387463764593,574.6736740742251,15259300
2024-10-02,569.5332641601562,572.705018338464,566.0831432657689,571.5715250916941,6524700
2024-10-03,579.436279296875,580.0228702133212,565.4765563823341,566.8884769556879,11581000
2024-10-04,592.5308837890625,593.4356513652355,578.1038796024136,580.3907101459058,14169500
2024-10-07,581.434814453125,599.5008565761534,580.698996622439,594.7978731184487,12014200
2024-10-08,589.4984741210938,590.1646244921006,582.6180152740485,586.3167671153983,7857400
2024-10-09,587.1320190429688,590.9898285010107,578.2829068901802,590.5920924118491,9529700
2024-10-10,580.490234375,586.8535869486327,579.1877306195246,584.2088301034865,7740400
2024-10-11,586.5751953125,587.8279971754954,579.3766215385939,581.4844891955055,8587100
2024-10-14,587.0425415039062,596.6671607014488,586.5852117292404,590.8207918278077,8252000
2024-10-15,582.9163208007812,587.2314602827565,576.821381994876,586.7840223253323,9564200
2024-10-16,573.490478515625,578.7502561624128,570.7463179400054,578.074153352245,11268400
2024-10-17,573.629638671875,581.6236236428501,571.9095546343025,579.9930514580655,8701200
2024-10-18,573.1723022460938,580.6293988605148,571.9593103260983,577.7758214109436,7694300
2024-10-21,571.8698120117188,573.937930513858,565.8544327374575,572.7348910706112,8171900
2024-10-22,578.6806030273438,580.1919272386083,568.8471645216868,571.0047339757137,8544500
2024-10-23,560.4654541015625,581.6535493433651,559.2822589840049,576.6522939692993,14248400
2024-10-24,564.5320434570312,565.6257266322763,558.3078440792799,563.885737507838,7184700
2024-10-25,569.9707641601562,577.9647500652169,568.4494872870167,570.6468669862153,11337900
2024-10-28,574.8526611328125,580.410710743533,570.8357934356153,578.67072146079,10925100
2024-10-29,589.8862915039062,590.2740144668209,572.108565553997,576.8313941446783,13019100
2024-10-30,588.41455078125,597.7608016379978,586.0084115680872,597.5420286080739,26864900
2024-10-31,564.3331909179688,586.5255172425846,559.7893261973286,581.6535232859577,26838400
2024-11-01,563.91552734375,570.3882965161611,559.3418659763402,564.3629652502584,15303200
2024-11-04,557.47265625,565.4368452329544,554.6986381254013,560.87307535209,12064600
2024-11-05,569.1554565429688,570.1994379718212,563.4283964137084,564.0547974082218,9775400
2024-11-06,568.777587890625,569.7221655728422,551.9941447200907,559.5308004818795,18305400
2024-11-07,588.3152465820312,591.3974890420855,571.9195858236583,573.5899682554951,14653700
2024-11-08,585.9686889648438,589.7071287920577,581.1762546419226,588.156055247851,9415700
2024-11-11,579.833984375,583.6420920185832,573.2121093173138,583.0057385461188,10209100
2024-11-12,581.474609375,596.2296848177605,577.0600054748132,585.1733003985561,16287700
2024-11-13,576.68212890625,582.2898800347385,571.8797417717248,579.2771839216865,10757600
2024-11-14,573.8583984375,577.4378414789874,569.7321744285508,573.6993404002395,11053700
2024-11-15,550.9104614257812,569.2946816423462,548.3452030486293,567.9523677618081,17712900
2024-11-18,551.2285766601562,556.6971138862053,546.9432344613651,553.8534284072965,14327300
2024-11-19,557.88037109375,558.2183921757821,547.4503270456743,548.7031290595829,9522400
2024-11-20,562.2850341796875,563.110242576314,551.0297815177419,559.709823243458,9797300
2024-11-21,559.8688354492188,566.739279664007,545.9091133005595,566.2620449532839,11154700
2024-11-22,555.9415283203125,560.6047022245103,551.4175681293176,560.3262747981044,9164000
2024-11-25,561.8773193359375,569.3145718667378,553.207230520728,558.8845280879963,13599800
2024-11-26,570.259033203125,574.1964018053228,561.9667762936829,562.7621877433986,10356600
2024-11-27,565.9439697265625,571.6908743519631,560.8731072719025,571.601423170664,7200200
2024-11-29,571.0346069335938,575.1509386081322,563.6570700717043,565.7450327371056,7130500
2024-12-02,589.4387817382812,591.0992116485587,572.2775064388576,574.196458750282,12522400
2024-12-03,610.1396484375,610.6864900333547,587.8677630350062,591.5963112149323,14907200
2024-12-04,610.2688598632812,614.2459775975443,601.6384609762498,609.4535434454373,14697000
2024-12-05,605.4467163085938,616.3539959197653,603.5774656613376,613.550119948881,8081200
2024-12-06,620.2017822265625,626.1873039273537,605.0489714012239,606.6099369109293,16935500
2024-12-09,610.06005859375,622.8166811211822,602.7023662786942,620.3508267816162,11426000
2024-12-10,615.7771606445312,622.0113122599781,609.2347848248279,614.0272190903004,10938900
2024-12-11,629.060791015625,634.7481017123007,617.9746102226054,619.804050647096,10837200
2024-12-12,627.1815795898438,633.0179957315453,623.6221024715439,627.8875399219128,7474700
2024-12-13,616.8013305664062,627.4699920270454,613.3611619616729,623.6320266186848,8453300
2024-12-16,621.169677734375,628.0457250425881,615.5375430599308,626.8814359361309,10885600
2024-12-17,616.3933715820312,629.2597698587709,613.5076105410767,623.0902515630854,12897800
2024-12-18,594.2527465820312,624.2743396016706,593.3870305020766,617.9456355913278,17075500
2024-12-19,592.6407470703125,608.512310503509,592.0735432784724,607.3878634532757,14958100
2024-12-20,582.3714599609375,600.143601343373,577.1472819775203,587.6752614717944,48989400
2024-12-23,596.899658203125,598.1336103729398,583.3665730831542,586.7000720639313,10205800
2024-12-24,604.7608642578125,604.99967413285,596.3325519539701,599.7555744761255,4726100
2024-12-26,600.3824462890625,603.3179490935831,595.994163249834,602.5019749107529,6081400
2024-12-27,596.85986328125,598.8898077827639,586.8990872280444,596.4618063664631,8084200
2024-12-30,588.3319702148438,594.0039468527602,582.6998357068834,585.8542270232425,7025900
2024-12-31,582.6302490234375,591.0486006579675,580.9783795227164,589.3570104919964,6019500
2025-01-02,596.2926635742188,601.9347590067932,584.9288491785778,586.8194676993116,12682300
2025-01-03,601.6560668945312,606.5021084147011,593.4764662702436,601.7854323342851,11436800
2025-01-06,627.1004638671875,627.8865565009487,602.6413400646944,608.8208189352832,14560800
2025-01-07,614.8509521484375,628.9910220723464,605.2384303850833,628.5930258941997,12071500
2025-01-08,607.7161865234375,613.4080846789525,599.8251969713253,610.3830585744919,10085800
2025-01-10,612.8308715820312,626.8117543633127,594.4020036952091,607.0295902270824,19256600
2025-01-13,605.3379516601562,605.9747576676493,595.5065414878209,604.1139601037415,10785000
2025-01-14,591.3272705078125,602.5119785361296,585.6552929558646,602.0940612489228,13598000
2025-01-15,614.0847778320312,619.3985405217896,603.5170156565779,607.2087904116609,15524300
2025-01-16,608.2933349609375,613.2190007447427,606.7111893194766,608.4923634164871,8355300
2025-01-17,609.756103515625,621.896049094774,600.7008255237737,620.9805911305821,17280600
2025-01-21,613.4280395507812,618.443229069153,606.0146693079478,614.7912965163201,11674000
2025-01-22,620.433349609375,630.5831936184607,616.3833603918935,620.2343211513619,12274000
2025-01-23,633.3197021484375,633.4689279487995,618.0949656788501,624.27438359991,9910200
2025-01-24,644.305419921875,648.7932479651176,631.0808064099955,633.2699982280365,19065300
2025-01-27,656.6343994140625,660.6047649681485,622.0254349357211,623.5280177511174,28399200
2025-01-28,671.013427734375,679.2228513674787,656.2264682196907,662.7243805632816,20950100
2025-01-29,673.1627197265625,677.7002892439266,662.3959298804792,671.6800579089199,21377800
2025-01-30,683.6210327148438,707.294001197109,672.774619401076,693.3927409364592,29322900
2025-01-31,685.7903442382812,701.8310551092019,682.2080746968453,687.6014000766061,19303900
2025-02-03,694.0296020507812,700.5374135449807,671.9288188867163,672.5855459885331,21415700
2025-02-04,700.7264404296875,704.2291467274541,688.2082982161528,699.0447502736523,13826300
2025-02-05,701.4031982421875,714.6079511816394,695.5720343457091,700.0896831751202,17778200
2025-02-06,708.4881591796875,715.364207246352,700.0399258686745,702.4082250040422,13080700
2025-02-07,711.0057373046875,721.4441337624995,708.2493417869568,713.2744918121093,16427100
2025-02-10,713.87158203125,717.6528800590577,707.8314292796238,715.0258499928055,12904300
2025-02-11,716.259765625,720.100766250331,706.5477589206668,709.8116559132554,12998000
2025-02-12,721.8123168945312,723.5238281436095,709.0951445232752,711.7818770685368,12016500
2025-02-13,724.9766845703125,725.4145229257568,714.5084061760308,717.9713316181679,12569100
2025-02-14,733.0467529296875,737.2658892402018,722.0511132817282,722.5685751543255,16901200
2025-02-18,712.8466186523438,733.375157429416,702.9654654069245,732.3800758046814,21938700
2025-02-19,700.30859375,703.5226878675882,691.9698051227019,700.6369269472729,17535500
2025-02-20,691.4225463867188,702.1594553078776,690.2284362839436,693.8505479928752,12587400
2025-02-21,680.18798828125,700.4080528713276,679.0038387952945,693.1539301625503,15660400
2025-02-24,664.8439331054688,683.8898111914191,659.1918764054572,682.9046900378296,15677000
2025-02-25,654.26611328125,664.7144694629277,638.703023401866,662.6944247816905,20579700
2025-02-26,670.386474609375,679.6506817176414,654.763681609393,656.4055905153153,14488700
2025-02-27,655.0025024414062,685.2629678985895,654.3358147754243,679.0934498337167,12500000
2025-02-28,664.91357421875,666.336533697634,639.4394474020801,654.8035105893175,17534200
2025-03-03,651.8281860351562,677.8993359462462,647.6389313945824,670.3665609910959,10843800
2025-03-04,636.8522338867188,646.5542796373367,620.5826737681288,642.3351433054311,21495200
2025-03-05,653.2410888671875,656.2562148067185,634.5236092639633,637.8472080229061,13770000
2025-03-06,624.841552734375,647.3602531536812,621.040333910999,644.812846805576,13446500
2025-03-07,622.5827026367188,631.6678021460568,597.6559216844704,622.294150848658,21375700
2025-03-10,595.0488891601562,607.1092743654041,583.983585643361,605.0793295855486,21999900
2025-03-11,602.7308349609375,611.9054572036264,590.4117211785095,592.1232321992892,17401500
2025-03-12,616.5126953125,630.2149870827395,606.352891273559,626.8018648059933,15747000
2025-03-13,587.7349853515625,617.4481060645986,583.6252936627146,617.1993356753703,16480300
2025-03-14,605.1494140625,606.4043419789234,592.381172955088,600.3687854957838,12364500
2025-03-17,602.4603271484375,610.62720608086,595.5881320780952,605.0099996635669,15473900
2025-03-18,580.01123046875,597.8290917063831,572.34227369431,597.6298861819188,20297700
2025-03-19,581.7044067382812,589.9311027976759,572.4518964146898,581.9235510596104,20537500
2025-03-20,583.6365356445312,607.7389439842362,577.172720940167,580.4096129893901,24336500
2025-03-21,593.8452758789062,595.1300513212973,578.6069941650959,581.0670032780688,25015900
2025-03-24,616.3540649414062,620.0291850741187,609.7309218178737,612.4897086743648,15741300
2025-03-25,623.7839965820312,631.3234729455945,618.674681768664,624.2321938231848,15312500
2025-03-26,608.5157470703125,624.2221622117868,604.1633772244318,622.3696786412489,12609800
2025-03-27,600.149658203125,611.7725730959737,597.6796193390965,599.5719804701281,10436500
2025-03-28,574.4140014648438,599.3231460176767,571.605367212507,597.8889510971005,17602800
2025-03-31,574.0354614257812,576.3660506926756,551.0684674021583,561.2273418254761,21124700
2025-04-01,583.6365356445312,587.5307390242879,567.70106709451,568.537705940541,12836600
2025-04-02,581.5748901367188,590.2696609066593,571.0475136953103,572.5912500878843,13470800
2025-04-03,529.475830078125,550.3313759122457,528.1611466950332,544.0169200737723,34777500
2025-04-04,502.6943664550781,515.9108358048159,492.2068365877987,504.5767280238223,38589800
2025-04-07,514.1678466796875,537.1945936136326,479.9563819403582,483.14348777248983,36606100
2025-04-08,508.3912658691406,545.2220987278512,500.83185110030036,541.0589647931961,28034200
2025-04-09,583.407470703125,585.5189153793327,500.08485719899596,507.2159828753818,39216600
2025-04-10,544.0867309570312,578.9555415344041,533.141064552052,573.1689763297147,28173500
2025-04-11,541.377685546875,545.1922554454453,526.4581222037267,533.3501954996136,17642300
2025-04-14,529.33642578125,555.520432371149,526.149380590007,553.9268489865372,14130900
2025-04-15,519.4166259765625,535.7703838427552,515.4128199804695,529.9638803667925,15558700
2025-04-16,500.2840881347656,511.29947867102186,493.6310371089192,506.459094542153,18735100
2025-04-17,499.45745849609375,505.25396236597624,496.0014523688267,503.21224251554713,14593500
2025-04-21,482.7052917480469,491.50963495584347,477.8648771062618,489.3483735420339,16166000
2025-04-22,498.2622985839844,504.8356859267328,484.3984265448332,489.886213659528,17399400
2025-04-23,518.1717529296875,533.1809824042,514.4368768066369,526.3984497963002,18173900
2025-04-24,530.999755859375,531.7467310045646,515.4128501808216,516.6378699664548,13910000
2025-04-25,545.0628051757812,547.6423253119987,534.0872308807745,544.5946691393716,17098900
2025-04-28,547.5228271484375,556.2375374162976,538.409766598872,553.3990561017924,15179000
2025-04-29,552.2039184570312,554.3253329246786,541.9255322333729,543.7979549633997,11835000
2025-04-30,546.7858276367188,546.8854000110363,527.3644731031741,536.2286028212618,29244000
2025-05-01,569.9022827148438,590.558627980007,568.1991573093333,589.6921415778174,31159000
2025-05-02,594.6121215820312,601.9026058918658,575.9974995584959,581.1068141330562,24739300
2025-05-05,596.8530883789062,600.7772002962906,585.6783084359005,588.8355064073843,13887700
2025-05-06,584.9413452148438,593.6262086030198,584.2143087960085,590.1403242884969,10600700
2025-05-07,594.4030151367188,600.6477471780503,584.3038959778277,587.9790163444538,13139100
2025-05-08,595.5982055664062,608.8345844494372,594.2137969163823,603.8447803031055,14622800
2025-05-09,590.1004028320312,604.5219836999701,589.3235802814015,601.2850913628599,10427300
2025-05-12,636.8511352539062,637.8072854035049,618.52537997075,628.3754468402599,21965100
2025-05-13,653.3840942382812,658.2543254316694,640.2373210195778,642.9363519991007,18570800
2025-05-14,656.70068359375,659.9973314154452,651.671063189936,658.5432587283299,12348200
2025-05-15,641.2831420898438,654.6589696292252,636.0045299274248,651.6412216753015,14341800
2025-05-16,637.7574462890625,637.8570186595293,623.6246741050281,635.3870402976211,18519000
2025-05-19,637.8470458984375,640.4066880114517,625.2679796518272,625.7161768945482,9592400
2025-05-20,634.530517578125,636.7714432087338,629.7100715967877,633.4449476478025,6743500
2025-05-21,632.9368896484375,644.0020660016361,627.6283696820823,629.2418310050065,11464600
2025-05-22,634.0026245117188,640.6556757699244,628.1662733645643,631.492768599171,8228400
2025-05-23,624.5308837890625,629.899158954327,620.1386973377448,621.4832280829075,8454100
2025-05-27,639.7294311523438,640.4863756807556,630.1980211513535,632.8472662118028,9508400
2025-05-28,640.984375,648.2549209907568,639.958499945528,640.0082861312126,9042900
2025-05-29,642.448486328125,650.6851526800369,636.9208817638153,649.0219048494392,8858800
2025-05-30,644.8786010742188,646.790840509364,630.227966818394,639.9087359485001,16241000
2025-06-02,668.1941528320312,670.5446198991036,641.6615825955165,641.7910631431,15766300
2025-06-03,664.1604614257812,672.8552932556931,662.3478552754221,668.7419453527419,11585000
2025-06-04,685.1753540039062,686.2211069583093,665.8735130698844,666.6204881500277,14031900
2025-06-05,681.8588256835938,691.5794719470881,679.4983890924821,688.8704104821669,13083100
2025-06-06,694.8960571289062,699.9754637799698,689.0795839414949,693.3622292653906,11728000
2025-06-09,691.2608032226562,702.3459199881064,691.1412920544841,695.6430820189607,12773200
2025-06-10,699.567138671875,700.3937473880201,688.7708312874433,698.5213248498013,10850100
2025-06-11,691.3404541015625,706.0110265671628,689.1991010267074,700.871864292101,9582500
2025-06-12,690.5635375976562,692.575410020333,684.2292032313352,690.5037820202001,7322700
2025-06-13,680.1158447265625,691.7686684593297,678.2633610655403,685.175373097979,9274400
2025-06-16,699.8262939453125,704.839891030923,691.2444358848513,697.0454302800655,13720300
2025-06-17,694.9523315429688,703.6637707541142,693.7861706289875,699.7067687984049,10066100
2025-06-18,693.4970703125,699.2980647722242,692.6299173050131,695.8991705300261,10068300
2025-06-20,680.120849609375,699.5272759324512,676.4528788689065,698.4607641474819,22538600
2025-06-23,696.248046875,696.7663067524254,676.5326356722177,681.4564999402276,11080100
2025-06-24,709.8734130859375,710.860169242287,699.8163481052391,702.5872956643889,13823200
2025-06-25,706.3648681640625,714.2390846812559,703.0756608117819,710.9897247556078,9320400
2025-06-26,723.718017578125,725.84100327131,708.7271116959034,712.0262960706955,13964800
2025-06-27,731.2333984375,733.0275060697373,723.4887618360168,724.1466398304902,18775700
2025-06-30,735.6788940429688,745.4568450948445,731.8514114766995,742.1177521024767,15402100
2025-07-01,716.8704223632812,735.3399177465482,713.0330238804761,734.4727647300622,13431200
2025-07-02,711.2388916015625,717.946886332231,710.4713875973353,712.9931517050737,9336700
2025-07-03,716.6611328125,726.6484187341657,712.0861007528597,724.23628063908,8601700
2025-07-07,716.0032348632812,724.6250009558648,711.1790804792781,715.2556849998467,9457100
2025-07-08,718.3157348632812,720.5484076114845,712.4748926138262,719.2128191233631,7770700
2025-07-09,730.3861694335938,735.1206520424314,720.3589752323313,720.3589752323313,11418000
2025-07-10,724.8642578125,733.3962917497249,717.2492014044612,729.1601755610233,9913600
2025-07-11,715.1660766601562,722.791049443565,707.3815924903404,720.1397657932962,10873900
2025-07-14,718.5648193359375,725.6217068153527,714.2091004956787,715.2556580979717,8939400
2025-07-15,708.0692749023438,722.1032338104419,707.5011297082585,721.5351494521201,11529500
2025-07-16,700.6136474609375,711.6375132851348,696.985585155631,711.0394977501286,13067600
2025-07-17,699.1185913085938,703.5939743779064,694.8326508122145,702.0888975460598,11803300
2025-07-18,701.9793090820312,702.4078970710398,689.3905635084973,699.896109861645,12779800
2025-07-21,710.6408081054688,714.6576719200774,703.4544009949688,704.4909815749821,9404400
2025-07-22,702.5075073242188,714.258969568067,699.1185901916039,713.8503357336546,8921100
2025-07-23,711.2489013671875,712.2954590710364,702.6271347622425,704.062433018762,8771600
2025-07-24,712.4649047851562,721.256099225235,711.6675303636672,714.7075545657141,10920800
2025-07-25,710.3517456054688,718.2957401275581,709.5743254141869,714.5778842585692,8271700
2025-07-28,715.28564453125,722.3724029167645,710.3518030699777,712.8635901780652,8715700
2025-07-29,697.7132568359375,722.1032896273051,697.6235240780348,717.6479213169642,13267000
2025-07-30,692.9389038085938,706.1854660197899,688.9419939778502,705.7768321791035,27077300
2025-07-31,770.913330078125,782.1863801577031,763.0092430876867,772.667590247117,38831100
2025-08-01,747.5598754882812,763.497629588928,742.8752172910131,758.2448261685668,19028700
2025-08-04,773.8338012695312,774.3122137700193,755.9324499017634,757.5172825632864,15801700
2025-08-05,760.9659423828125,780.571667176634,760.507423214992,773.913496774336,11640300
2025-08-06,769.468017578125,771.1126516160077,757.9757159507556,767.4845283360178,9733900
2025-08-07,759.3412475585938,772.4682063669705,757.0686667309535,770.9631295472946,9019700
2025-08-08,766.786865234375,767.3849416766147,756.101914160301,760.2582747146965,7320800
2025-08-11,763.3681030273438,770.9333352985195,762.1720109386977,767.5643719861222,7612000
2025-08-12,787.419189453125,791.077183084039,769.9065806861354,770.4747258826147,14563100
2025-08-13,777.5316162109375,792.8613769942957,775.6876233736197,788.5654595317508,8811800
2025-08-14,779.5748901367188,785.2363270315518,769.986322264654,775.3387743217048,8116200
2025-08-15,782.664794921875,793.6488143059948,778.269228256533,781.5883668624648,13375400
2025-08-18,764.8631591796875,773.2755899130946,754.0884756033142,772.5579712024165,16513700
2025-08-19,749.0250244140625,764.6637703117248,746.9119549568848,764.613945820292,12286700
2025-08-20,745.2772827148438,747.7492222984731,728.6119336256934,745.1278092436016,11898200
2025-08-21,736.6854858398438,743.0646026719377,730.7150636889187,742.2772053426181,8876300
2025-08-22,752.32421875,754.4273720053774,731.9908982789533,736.81505282597,10612700
2025-08-25,750.8390502929688,756.40083816002,747.679423323267,752.3541041091971,6861200
2025-08-26,751.636474609375,752.4039786334924,745.4966249237331,748.3472672479323,7601800
2025-08-27,744.9384765625,751.6863799088018,740.4133296583533,749.8423869559551,8315400
2025-08-28,748.6563110351562,750.5899760103364,738.3799934657852,741.5695520935569,7468000
2025-08-29,736.2868041992188,744.6992345800578,732.9477115811937,742.8453254860702,9070500
2025-09-02,732.7084350585938,733.5955420945892,719.3721416683287,723.6680587816751,9350900
2025-09-03,734.6421508789062,737.8317091036498,731.5921498947655,733.5955932459119,7699300
2025-09-04,746.204345703125,758.6734271200463,743.3835736708148,746.1245900119145,11439100
2025-09-05,749.9918823242188,755.4739147328357,742.596139272426,750.1613099282893,9663400
2025-09-08,749.8423461914062,764.0059463353695,749.5632925404257,753.5302710608411,13087800
2025-09-09,763.1985473632812,763.7965628893893,750.9686127504068,755.0153467057662,10999000
2025-09-10,749.5233764648438,763.1985869501963,748.5465974429485,762.6304417530438,12478300
2025-09-11,748.447021484375,754.6267189634892,745.9252571616319,752.184771170502,7923300
2025-09-12,753.1216430664062,755.095155276553,741.330272625368,746.2840072815898,8248600
2025-09-15,762.2018432617188,771.5412279036273,749.5333431691193,754.9954213012545,10533800
2025-09-16,776.4551391601562,778.8074148399552,762.6005237676653,764.494341124313,11782500
2025-09-17,773.1858520507812,780.7311297077449,763.8066193659058,777.4419223006557,9400900
2025-09-18,777.7011108398438,786.203274581819,770.8336042127465,778.1994774600552,10955000
2025-09-19,775.837158203125,788.2165669565625,766.6771780735046,783.8508708699721,23696800
2025-09-22,763.1751098632812,783.6917575585782,762.4868973227559,779.8218176027002,11706900
2025-09-23,753.4404296875,768.6009504341728,749.1216451610411,767.254476840496,10872600
2025-09-24,758.686767578125,759.1356124217834,750.5779133776451,755.5349916265823,8828200
2025-09-25,746.9672241210938,754.8068807440363,742.6185490172081,751.4954858581857,10591100
2025-09-26,741.8206787109375,749.9794521140951,735.4372562509625,748.0544659269957,9696300
2025-09-29,741.4715576171875,748.8324179023273,737.2325826153279,746.777703342028,9246800
2025-09-30,732.4749755859375,741.0426584785586,724.4159185837501,740.3245554260684,16226800
2025-10-01,715.4791259765625,719.9773751402398,708.357633728991,719.6183236513255,20419600
2025-10-02,725.1639404296875,725.8821043267139,716.2770807321521,720.7055653205383,11415300
2025-10-03,708.7167358398438,729.1037149276121,708.3377167266436,727.7372737109582,16154300
2025-10-06,713.8035278320312,715.0203947681905,688.718804278428,703.3607165744016,21654700
2025-10-07,711.230224609375,716.636147605649,703.9192222306009,715.8581417735932,12062900
2025-10-08,715.9779052734375,717.7832075860277,705.9738944950672,711.599278595462,10790600
2025-10-09,731.6072387695312,731.6072387695312,710.5918883665408,716.4167658258609,12717200
2025-10-10,703.4703979492188,733.3626856542741,702.6824691715568,729.0239332852144,16980100
2025-10-13,713.8433837890625,718.072374881022,705.8042950194317,711.1603595995662,9251800
2025-10-14,706.8117065429688,713.6937706407739,697.5158763660478,705.9439682909708,8829800
2025-10-15,715.6885986328125,722.0221626881838,707.6694770310874,715.1998794771447,10246800
2025-10-16,710.2228393554688,723.6080097298942,702.0540824517458,715.6886043056783,9017000
2025-10-17,715.0602416992188,716.6760344343375,704.2882698394852,705.2458014471516,12232400
2025-10-20,730.2706909179688,731.8665769499745,718.3118034233538,719.3191931642514,8900200
2025-10-21,731.3678588867188,736.5842723709278,726.8595646449745,734.110725168398,7647300
2025-10-22,731.5074462890625,738.6787972623451,722.1518348008319,731.9264006052239,8734500
2025-10-23,732.095947265625,740.4841042897723,731.1982575844598,732.7941435868839,9856000
2025-10-24,736.444580078125,739.2872233202683,729.2533227506186,734.8786455644157,9151300
2025-10-27,748.872314453125,753.7895182960361,746.069606274355,747.7851152228061,11321100
2025-10-28,749.49072265625,756.4326899204912,743.5860965317024,750.6776381609803,12193800
2025-10-29,749.7200927734375,757.1906533932021,740.5838813084906,752.7921200604676,26818600
2025-10-30,664.7410888671875,679.1935516668058,648.4833846789722,667.414190282622,88440100
2025-10-31,646.6680908203125,673.1392823636344,643.8953340746643,672.7602632515434,56953200
2025-11-03,636.0557250976562,657.619635334369,634.5296648817072,654.298256711345,33003600
2025-11-04,625.6926879882812,640.0752642850032,624.3860886703497,626.410791028598,27356600
2025-11-05,634.30029296875,640.5639703518489,624.9146693781357,630.6697208898194,20219900
2025-11-06,617.3344116210938,634.3501538797125,616.3968476378337,634.2005186436334,23628800
2025-11-07,620.0972290039062,620.5161224262619,599.640424749484,614.8907386759073,29946800
2025-11-10,630.1212158203125,633.3528014765299,616.5065997528014,629.4529708548182,19245000
2025-11-11,625.4533081054688,627.9268552540688,617.7832543081277,626.3709044869131,13302200
2025-11-12,607.43017578125,627.3583261459861,606.1934022078184,626.5005716840028,24493300
2025-11-13,608.3079223632812,616.0478021853295,601.4357808374693,611.4796659420805,20973800
2025-11-14,607.8790283203125,612.088052043071,593.6560102918138,600.2288811530552,20724100
2025-11-17,600.4483642578125,610.1032465254069,593.855525554584,607.4600964135232,16501300
2025-11-18,596.1395874023438,602.0940719298206,582.2656968950795,590.065358149623,25500600
2025-11-19,588.7886352539062,593.7856483585136,579.7421567881397,592.1797786556917,24744700
2025-11-20,587.6217041015625,605.1460720070379,581.8367012414765,601.9344542639864,20603000
2025-11-21,592.70849609375,596.5684523172222,580.3506215479276,586.9734117815261,21052600
2025-11-24,611.4596557617188,615.1002115339802,596.0796743085915,597.1668126146857,23554900
2025-11-25,634.569580078125,635.3974440566444,616.696082618217,622.3813086708644,25213000
2025-11-26,631.9663696289062,636.7040478933542,629.9915253276793,636.0358029520913,15209500
2025-11-28,646.2691650390625,646.3688812783262,633.8514494094911,634.4299618769652,11033200
2025-12-01,639.20751953125,643.6459879981971,636.1056017671217,637.8909364271796,13029900
2025-12-02,645.42138671875,646.1894088056151,636.414842355605,640.6737853801045,11640900
2025-12-03,637.9408569335938,647.1668624868771,635.8961867971512,642.7383773862279,11134300
2025-12-04,659.81396484375,674.3461154685141,658.3377626918029,674.2463992276428,29874600
2025-12-05,671.673095703125,672.9398207362489,660.6717397649775,662.2775487290173,21207900
2025-12-08,665.0702514648438,674.9545781663558,663.344758713728,667.603701448277,13161000
2025-12-09,655.2557983398438,662.7562492699393,651.6451938720459,662.0481300460407,12997100
2025-12-10,648.4434814453125,652.8121240146866,641.730959438269,648.2639556943986,16910900
2025-12-11,651.016845703125,653.5801862453618,639.1377070000864,641.6212380225077,13056700
2025-12-12,642.5587768554688,709.1555875928369,636.9533606253732,648.1143349664432,14016900
2025-12-15,646.3570556640625,651.8372704406642,637.5627451568915,644.5502809809109,15549100
2025-12-16,655.9798583984375,661.3602142938313,642.054686531657,642.3541401459643,14309100
2025-12-17,648.343505859375,660.0526000253047,648.0440522221027,654.4426118233187,15598500
2025-12-18,663.2669067382812,669.366012780715,655.2911433094866,655.8601356908653,20260300
2025-12-19,657.5969848632812,669.8051880946751,657.0080086354003,665.2333263832898,49977100
2025-12-22,660.3220825195312,672.380589007267,655.4807431709672,660.4718397886508,15659400
2025-12-23,663.7559814453125,664.8140915262984,657.0778915122911,658.8746741689592,8486800
2025-12-24,666.3613891601562,666.9902722948509,661.0209394131572,661.3503688947783,5627500
2025-12-26,662.10888671875,667.7588423243637,660.1424238558649,666.8704124858896,7133800
2025-12-29,657.5171508789062,659.0743707339258,653.2248195668056,656.8383689858442,8506500
2025-12-30,664.7642211914062,671.0230153954109,656.6686764849229,657.5171386037911,9187500
2025-12-31,658.9146728515625,663.8159033150052,658.2658058687088,663.5663484641349,7940400
2026-01-02,649.2518920898438,663.2070415689074,642.3542224297569,661.5499631466852,13726500
2026-01-05,657.616943359375,663.3567049684374,646.5966230035071,649.8508280292294,12213700
2026-01-06,659.4437255859375,664.3350252422523,650.7392812609531,658.3956073528642,11074400
2026-01-07,647.5349731445312,657.9763704555172,643.6618768302103,654.4726104611178,12846300
2026-01-08,644.9096069335938,645.9477331499952,634.5879917891143,644.7299347572825,11921700
2026-01-09,651.8970947265625,653.7837438291153,641.7052537227476,644.2906685217797,11634900
2026-01-12,640.826904296875,652.8055375702352,640.0882316599212,651.3681600668523,14797200
2026-01-13,629.96630859375,641.1263941859123,622.9887038024194,641.1263941859123,18030400
2026-01-14,614.4240112304688,627.3309804807691,613.7252454803604,625.3844405077801,15527900
2026-01-15,619.694580078125,623.0585745209008,613.1362714280776,617.378703801015,13076100
2026-01-16,619.1455688476562,627.9598630097294,618.9758886129073,623.0685636897582,17012500
2026-01-20,603.0443115234375,610.3113781504126,598.9316523845154,606.7976262932837,15169600
2026-01-21,611.8685913085938,617.169133937088,599.0115204374271,605.659634898437,14494700
2026-01-22,646.476806640625,659.3937675491238,625.4343255489129,628.2293275614567,21394700
2026-01-23,657.5870361328125,665.3032527677875,643.3025186421843,643.6219561683764,22797700
2026-01-26,671.1627807617188,674.0776252750454,660.1124846991261,663.9456740004919,16327400
2026-01-27,671.7716674804688,675.6148486525956,663.4764668627315,673.3888389297905,13297400
2026-01-28,667.5392456054688,676.4733214975852,664.9139236867763,673.2989910894674,25709600
2026-01-29,736.995361328125,742.6752321400184,711.2812198864386,736.1169233837337,59852900
2026-01-30,715.2241821289062,730.8662626744616,712.3193905555435,726.2045952530067,23744600
2026-02-02,705.152099609375,720.0156002559207,702.2672920108814,713.3275184694113,14365200
2026-02-03,690.4683227539062,715.7232596178901,685.1877035052055,706.1104025957663,13760700
2026-02-04,667.7987670898438,687.603466213174,666.2715231343633,686.5053883494637,16882800
2026-02-05,669.0166015625,680.2864759062725,652.3363345630947,662.3984025060512,17131800
2026-02-06,660.2822265625,670.7934451675868,645.3488423980709,664.3050190645899,18159300
2026-02-09,676.0140991210938,682.0932819515241,657.6069922476072,661.9991209626965,14837500
2026-02-10,669.5256958007812,679.4380681924739,668.597359057372,676.3934502400131,10455800
2026-02-11,667.4993286132812,678.0605068549233,655.9299390360635,672.7998711552045,14323800
2026-02-12,648.6529541015625,674.7963229561075,644.1310518439949,668.7770306530766,14960100
2026-02-13,638.630859375,650.2700710327099,633.4401061931457,643.9513250294082,12336400
2026-02-17,638.151611328125,641.4557148619026,627.6803003409905,638.3612593202278,12674700
2026-02-18,642.0746459960938,643.8515057528024,627.0315334227189,632.67143641335,14649200
2026-02-19,643.6318969726562,646.0375787806976,635.5861905818066,637.432932921519,10035700
2026-02-20,654.4924926757812,662.1688021543367,637.6426055733327,638.5509584025834,14183500
2026-02-23,636.1152954101562,656.5288937722072,634.8675211939732,651.3780476889771,8605900
2026-02-24,638.16162109375,639.9683956881865,627.8599900449855,631.9527259539814,10135600
2026-02-25,652.5260620117188,652.7157261405878,640.9966397738364,641.3859599741169,11330700
2026-02-26,655.8401489257812,659.823034651462,646.3470725216666,649.3916295582877,10637700
2026-02-27,647.02587890625,648.2836451675449,636.983793627941,642.3043203814821,15703000
2026-03-02,652.396240234375,658.764884603327,633.3701817354564,636.0254184162494,9816100
2026-03-03,653.91357421875,657.866484005116,637.7025010942567,647.1356255764312,12263800
2026-03-04,666.541015625,671.5720803574089,656.4989309709863,656.788453587829,10810100
2026-03-05,659.393798828125,669.5057662619517,649.1520579976961,660.751362594833,13341400
2026-03-06,643.7117309570312,648.3135076492586,634.9773114336934,646.7463568472266,13159400
2026-03-09,646.2373046875,646.596649067328,625.6640164348609,633.6497720389343,13489700
2026-03-10,652.9053344726562,659.1242214972237,647.8443550809549,652.3962328583322,9859300
2026-03-11,653.6939086914062,657.9463328691638,647.2054829186618,653.5941111270305,8977200
2026-03-12,637.0436401367188,652.336368433984,635.7659510050273,647.5948263527883,11617500
2026-03-13,612.6171875,628.0496188589474,608.4645611002024,622.7790526456299,18957600
2026-03-16,626.8690185546875,634.1622468505053,622.5230098937741,631.4147932406764,15134900
2026-03-17,622.0834350585938,635.9605885584036,621.1243629754691,627.4085169382369,10348800
2026-03-18,615.1099243164062,622.0735023862151,614.04090772979,615.769347359454,11726300
2026-03-19,606.1382446289062,612.4323990135786,601.7023533616688,611.5832104537112,13247700
2026-03-20,593.1102905273438,603.400802317344,586.7062525156723,602.9712077810872,21214900
2026-03-23,603.5006713867188,608.0764476338709,598.4553596033379,605.2290499891692,13638000
2026-03-24,592.3709716796875,600.443507118967,590.4527665679026,598.5452420228083,10739700
2026-03-25,594.3391723632812,603.1110107561809,592.850561795072,598.1855830392399,12585000
2026-03-26,547.032958984375,582.460145169462,542.8468364624507,581.9506076701073,35780100
2026-03-27,525.233154296875,543.0966023049141,519.7782492802263,539.599843303006,30133000
2026-03-30,535.8833618164062,539.0504095872608,528.0505941707193,535.8833618164062,22795200
2026-03-31,571.6002197265625,573.1587727471259,546.2637174010383,549.4707059552647,32898300
2026-04-01,578.6936645507812,592.0013387220274,573.2887005646345,579.5928556215499,23608100
2026-04-02,573.9281005859375,577.9643377947169,559.1817578546791,565.5158531822124,13518500
2026-04-06,572.4894409179688,582.2503530791108,571.4703658572956,577.1550997330287,9515700
2026-04-07,574.5175170898438,574.6973431004155,564.2370671243236,571.9498894780604,9580800
2026-04-08,611.8529052734375,629.3667024291958,591.2820049792073,605.4388670235439,32036600
2026-04-09,627.8081665039062,636.9097166035551,622.4231426572783,626.3894374266143,19012900
2026-04-10,629.2767333984375,637.9886903650855,623.7518859014353,633.882449891805,13294800
2026-04-13,633.9425048828125,634.4120404303904,623.8218795800174,628.9171329935918,9538900
2026-04-14,661.8765258789062,665.6430543798978,638.7779398291946,642.624350345733,17818000
2026-04-15,670.9581909179688,677.8717665104965,663.6049593103575,666.3824145357423,14952600
2026-04-16,676.2432250976562,676.9525896021297,667.131674939706,675.3640350842893,9544800
2026-04-17,687.9124145507812,690.8796961433965,674.5048580761284,677.9716157075654,16283500
2026-04-20,670.2887573242188,682.7472426832454,667.381478611767,680.7290935491282,12534000
2026-04-21,668.220703125,675.5738733736962,666.7120915784461,670.3786762058809,8660100
2026-04-22,674.09521484375,677.7518600207422,669.1298460769134,673.7355628200382,9215600
2026-04-23,658.5396728515625,668.9400066983026,652.4452846667049,663.0854475032797,11667000
2026-04-24,674.4049682617188,680.0396994180859,653.2345872360809,659.7085674039201,13348300
2026-04-27,677.9916381835938,681.8680504402118,670.2188736545023,670.3786986745525,12805200
2026-04-28,670.7183837890625,677.5520159823654,665.0136491453696,673.6156618787633,10606800
2026-04-29,668.5004272460938,673.6256820299297,663.1953464496755,668.290599742094,18947500
2026-04-30,611.3433837890625,620.2751083620838,599.4444385151393,618.7465567527638,52765000
2026-05-01,608.1863403320312,618.3069655430758,605.548770151405,614.120842749119,21404000
2026-05-04,609.8447875976562,613.4314904063681,602.1919069095087,607.3771038685389,16203900
2026-05-05,604.3998413085938,613.7811000159977,599.8040642277598,612.7420849871345,17171300
2026-05-06,612.3125,619.3759607512419,597.5461564796674,600.4934370812971,19915500
2026-05-07,616.2388305664062,624.4012480600104,612.9718390781961,614.150739078972,12307400
2026-05-08,609.0654907226562,616.1988937552933,605.4987892063378,614.6303402495529,13557000
2026-05-11,598.3054809570312,604.3498668649182,597.5262348938886,604.010215830275,15940600
2026-05-12,602.441650390625,603.1909559259367,592.0512559095129,594.2692320029287,11351600
2026-05-13,616.0590209960938,619.3260125714435,596.1074810052941,598.275515544453,14634400
2026-05-14,617.8573608398438,623.152441138389,614.4305441468357,615.429618202359,10651200
2026-05-15,613.6612548828125,620.6248329546977,608.7458274653094,613.421486859321,13272600
2026-05-18,610.64404296875,615.0199919776213,603.1309869574205,608.5459509764945,13772400
2026-05-19,602.052001953125,613.361527578881,599.9939118379299,608.3561568042173,11749900
2026-05-20,604.499755859375,607.4370360716302,597.2564688338498,600.2037495434126,11329700
2026-05-21,606.8175659179688,609.0354809096541,594.2591985256718,599.4443949814065,13476100
2026-05-22,609.6949462890625,614.2407210713809,606.3880135859368,607.3171451453314,11688600
2026-05-26,611.7730102539062,613.9009818092591,604.7394901495815,608.3261927003538,12234200
2026-05-27,634.6718139648438,637.908804248614,608.4361186960156,608.8357727220844,23143600
2026-05-28,634.7017211914062,642.4046039468743,628.7272779804616,638.9078448274123,16772400
2026-05-29,631.92431640625,633.9124639439917,622.7727642602187,632.9133899267435,19806500
2026-06-01,599.9139404296875,635.1613007084701,598.974869401479,629.8162791560948,29138800
2026-06-02,597.0765991210938,608.3161816139932,596.1274666259658,602.68138962268,18252000
2026-06-03,622.4031372070312,623.5720977596394,599.7142043737263,602.4416570391962,23020100
2026-06-04,626.9888916015625,641.8051764288737,621.8536364911718,623.0924785224576,21469200
2026-06-05,592.450927734375,628.567480013855,582.3702434655938,622.8827460758752,30091600
2026-06-08,584.8479614257812,591.4518261333767,578.6836307521693,591.4518261333767,19512400
2026-06-09,584.0487060546875,597.0766092757164,580.4720040020986,590.4527436689563,16977400
2026-06-10,570.4512939453125,590.7724873942649,570.0716409197756,580.192266144374,17064000
2026-06-11,567.9036254882812,571.6401524850257,556.4942175026772,565.3060574843756,17628000
2026-06-12,566.4549560546875,575.5365655300229,560.3806300495169,572.4194595335534,14326400
2026-06-15,593.47998046875,601.27001953125,579.2999877929688,579.9000244140625,17653300
2026-06-16,600.2100219726562,605.8099975585938,592.0,593.6500244140625,11344400
2026-06-17,567.5800170898438,593.8099975585938,566.1900024414062,592.0,20478300
2026-06-18,577.219970703125,580.219970703125,563.0999755859375,572.8200073242188,28824600
2026-06-22,563.8499755859375,575.8099975585938,559.8099975585938,572.02001953125,15405500
2026-06-23,562.2000122070312,572.2000122070312,561.02001953125,562.25,13103300
2026-06-24,557.6699829101562,569.0399780273438,555.5499877929688,561.8900146484375,13963600
2026-06-25,542.8699951171875,556.3400268554688,540.1799926757812,555.5499877929688,16968600
2026-06-26,550.25,556.8499755859375,540.4000244140625,543.3400268554688,18867700
2026-06-29,562.5999755859375,570.9000244140625,558.0,560.0,15011400
2026-06-30,563.2899780273438,565.5399780273438,551.4299926757812,560.9400024414062,18111100
2026-07-01,612.9099731445312,628.280029296875,595.0999755859375,607.9099731445312,45536300
2026-07-02,582.9000244140625,610.0,580.4199829101562,607.9000244140625,21705900
2026-07-06,600.2899780273438,603.5800170898438,581.760009765625,594.8400268554688,17674100
2026-07-07,615.5800170898438,625.3699951171875,603.6599731445312,607.5900268554688,18560800
2026-07-08,603.1199951171875,616.0,598.010009765625,614.3900146484375,13606500
2026-07-09,631.47998046875,633.27001953125,577.0700073242188,583.989990234375,26579700
2026-07-10,669.2100219726562,677.8599853515625,658.010009765625,660.3400268554688,40608900
2026-07-13,656.72998046875,676.6199951171875,654.2000122070312,661.3800048828125,19840700
2026-07-14,661.0399780273438,666.5,649.0499877929688,652.0,16748200
2026-07-15,681.3099975585938,686.0800170898438,656.6599731445312,663.5999755859375,19003400
2026-07-16,664.5399780273438,681.9000244140625,660.1599731445312,677.280029296875,15816000
2026-07-17,646.010009765625,652.2000122070312,626.0,647.7000122070312,22267900
2026-07-20,645.8499755859375,653.2999877929688,636.010009765625,646.7000122070312,10225200
2026-07-21,643.8099975585938,655.8800048828125,643.2000122070312,654.1799926757812,9140500
2026-07-22,627.1699829101562,649.0,624.0,647.7000122070312,11019600
2026-07-23,606.0999755859375,614.6500244140625,597.219970703125,608.4099731445312,15494800
2026-07-24,595.1900024414062,609.97998046875,594.4500122070312,605.2999877929688,11503500
2026-07-27,593.8699951171875,611.260009765625,593.1300048828125,607.219970703125,11195300
2026-07-28,593.4099731445312,601.0,587.0,596.8200073242188,12009300
2026-07-29,585.6099853515625,599.969970703125,582.219970703125,593.25,22371100
2026-07-30,539.030029296875,539.8800048828125,524.489990234375,526.0,42271500
2026-07-31,556.7100219726562,558.3300170898438,540.219970703125,543.5999755859375,24261500
2026-08-03,590.239990234375,597.52001953125,559.3599853515625,562.239990234375,25938100
2026-08-04,587.9400024414062,592.7899780273438,578.25,581.5,17959200
2026-08-05,588.77001953125,601.0,580.1199951171875,600.4600219726562,14897200
2026-08-06,589.9000244140625,595.3099975585938,586.0,586.9500122070312,11811500
2026-08-07,592.0999755859375,598.739990234375,585.6199951171875,585.6400146484375,11250300
2026-08-10,594.9199829101562,608.2100219726562,592.030029296875,599.1300048828125,14967300
2026-08-11,599.1199951171875,612.4299926757812,593.4000244140625,598.0,13146900
2026-08-12,578.8499755859375,604.5,578.2100219726562,601.0700073242188,16186900
2026-08-13,594.969970703125,595.8499755859375,579.3900146484375,580.7100219726562,11164200
2026-08-14,589.8499755859375,601.8599853515625,589.2899780273438,596.97998046875,8758000
2026-08-17,568.969970703125,590.239990234375,564.75,589.75,17225600
2026-08-18,543.6699829101562,560.6599731445312,543.2100219726562,557.47998046875,27094900
2026-08-19,546.030029296875,554.0700073242188,537.27001953125,541.3400268554688,16971700
2026-08-20,545.8300170898438,549.989990234375,539.3099975585938,546.9500122070312,13872200
2026-08-21,549.9000244140625,553.8699951171875,543.22998046875,546.8900146484375,13848000
2026-08-24,559.02001953125,561.4199829101562,546.2999877929688,550.2000122070312,12990600
2026-08-25,570.0499877929688,570.7999877929688,561.4000244140625,563.8800048828125,9769100
2026-08-26,576.1400146484375,593.3400268554688,561.8800048828125,590.3099975585938,31416300
2026-08-27,571.0999755859375,588.3900146484375,567.6199951171875,576.47998046875,15221400
2026-08-28,578.02001953125,589.1900024414062,571.0,571.5499877929688,16042400
2026-08-31,572.3400268554688,578.6799926757812,569.1400146484375,577.6300048828125,13383800
2026-09-01,578.5399780273438,584.9500122070312,556.0999755859375,558.3499755859375,15796900
2026-09-02,592.8499755859375,600.3800048828125,577.0,578.7899780273438,16552700
2026-09-03,610.6799926757812,619.4600219726562,604.3499755859375,604.489990234375,19737100
2026-09-04,616.77001953125,617.4600219726562,605.27001953125,612.3499755859375,15966200
2026-09-08,613.47998046875,624.7999877929688,609.739990234375,616.2100219726562,18871000
