Date,Close,High,Low,Open,Volume
2000-01-03,12.196331977844238,12.348786127567292,11.942241728305817,12.196331977844238,432200
2000-01-04,11.738970756530762,12.145515198315376,11.637334646084607,12.0946971430923,568400
2000-01-05,11.840604782104492,11.99305892092987,11.637332597003985,11.99305892092987,490800
2000-01-06,11.840604782104492,11.840604782104492,11.637332597003985,11.688150643279112,561900
2000-01-07,11.993058204650879,11.993058204650879,11.637331901970555,11.738967988450648,266600
2000-01-10,11.891422271728516,11.993058359521067,11.789786183935965,11.84060422783224,470000
2000-01-11,11.993058204650879,12.145512334371016,11.789786031690694,11.789786031690694,277900
2000-01-12,11.688149452209473,12.043875739885413,11.383241205630096,11.993057698788851,432300
2000-01-13,12.094694137573242,12.145512180168089,11.586513711624786,11.586513711624786,477500
2000-01-14,11.891422271728516,12.145512491209894,11.84060422783224,12.145512491209894,274400
2000-01-18,11.738970756530762,11.993061032646146,11.637334646084607,11.993061032646146,520300
2000-01-19,11.586508750915527,11.840598855102272,11.53569073007818,11.637326771752877,660200
2000-01-20,11.789789199829102,11.891425313620733,11.637335029141656,11.637335029141656,556000
2000-01-21,11.738970756530762,11.993061032646146,11.688152701307684,11.789788811753839,1097200
2000-01-24,11.891422271728516,12.043876403417343,11.738968140039688,11.789786183935965,658900
2000-01-25,11.993058204650879,12.501238637051339,11.789786031690694,11.84060407493074,878400
2000-01-26,12.653695106506348,13.111057580235494,11.942242369594345,11.993060422230917,1525400
2000-01-27,13.415964126586914,13.822508494059246,13.161873896916708,13.21269194285075,1427900
2000-01-28,13.212691307067871,13.36514543753404,12.806146959158092,13.111055220090426,723000
2000-01-31,14.076602935791016,14.483147424911333,13.26351395755038,13.31433201869042,1685700
2000-02-01,14.381505966186523,14.432324008469868,13.873325543353078,14.432324008469868,1874500
2000-02-02,14.127413749694824,14.279867854907357,13.97495964448229,14.229049819836513,750500
2000-02-03,14.279870986938477,14.33068903315534,14.127416848287888,14.178234894504751,629100
2000-02-04,14.178231239318848,14.432321404898039,14.178231239318848,14.229049272434686,841400
2000-02-07,14.178231239318848,14.533957471129716,14.127413206203009,14.127413206203009,778700
2000-02-08,13.72087287902832,14.33068945142958,13.61923678362811,14.229053356029368,684200
2000-02-09,13.466782569885254,13.67005475961937,13.212692332717607,13.619236712185842,482700
2000-02-10,13.212691307067871,13.517599568000207,13.060237176601705,13.263509350556594,320800
2000-02-11,13.111053466796875,13.415961686954942,13.009417393410853,13.415961686954942,314100
2000-02-14,13.314325332641602,13.517597475124681,12.958599083296216,13.009417118916986,455700
2000-02-15,13.517600059509277,13.67005419551878,13.212691787490272,13.314327878163272,400600
2000-02-16,13.365145683288574,13.517599816558025,13.212691550019123,13.314327638865423,207400
2000-02-17,12.958601951599121,13.568418514027316,12.958601951599121,13.263510232813218,301600
2000-02-18,12.755331993103027,13.161876439098345,12.55205977010537,13.060240327599516,427300
2000-02-22,13.415964126586914,13.568418264389038,12.602875391642254,12.602875391642254,381100
2000-02-23,13.314325332641602,13.466779439503911,13.111053190158525,13.314325332641602,279900
2000-02-24,13.060235977172852,13.263508132459588,12.653691666599377,13.263508132459588,366700
2000-02-25,12.653695106506348,13.161875632872064,12.39960484332349,13.00942147496235,328400
2000-02-28,12.704513549804688,12.856967712402342,12.501241333007812,12.806149658203124,251900
2000-02-29,12.704513549804688,12.755331604003905,12.450423278808593,12.55205938720703,397900
2000-03-01,14.025785446166992,14.025785446166992,12.450425486633742,12.552061613055242,1992700
2000-03-02,16.36341667175293,16.871597313732835,14.17823991123934,14.22905797543733,3375200
2000-03-03,17.83713150024414,17.989585615630844,16.617498577150524,16.871588769461695,2213800
2000-03-06,17.532222747802734,17.98958508035411,17.328950600002123,17.83713096950365,1332600
2000-03-07,19.514135360717773,19.768225664893787,18.040411596496902,18.091229657332104,3750500
2000-03-08,21.343576431274414,21.851756822495233,19.9714893749782,20.22557957058861,4482700
2000-03-09,21.038681030273438,21.445225591244906,20.276409978451937,20.93704489003057,2179700
2000-03-10,20.98785400390625,21.445216439826726,20.63212766485699,20.93703595547064,1527200
2000-03-13,20.327219009399414,20.886217532157897,19.971492676734925,20.378037056922913,1948700
2000-03-14,18.65023422241211,20.123958452520966,18.44696191481089,20.123958452520966,1144000
2000-03-15,18.54859161376953,19.26004444279083,18.497773554553724,19.107590265143408,529500
2000-03-16,18.75186538696289,19.005955703859406,18.59941119682498,18.650229260204284,583100
2000-03-17,18.243682861328125,18.599409268094966,18.091228686999475,18.548591209985418,503600
2000-03-20,18.091222763061523,18.29449492893862,17.938768638653702,18.091222763061523,475800
2000-03-21,17.024044036865234,18.49776725199685,16.312591450249972,18.29449508439249,1960000
2000-03-22,17.024044036865234,17.278134246370687,16.820771869260874,16.871589911161962,478200
2000-03-23,17.83713150024414,17.989585615630844,16.922406807923927,17.024042884848395,973700
2000-03-24,17.786333084106445,17.887969273158483,17.684696895054408,17.735514989580427,651900
2000-03-27,17.328956604003906,18.34531769514783,17.125684385775124,17.68468298590428,340600
2000-03-28,16.76995086669922,17.633857426498874,16.56667873498165,17.074859064275568,429700
2000-03-29,16.007688522338867,17.024049698360383,15.60114405193026,16.71914134555393,926200
2000-03-30,15.956865310668945,16.058501395450275,15.702775098715618,16.058501395450275,767300
2000-03-31,16.566686630249023,16.617504687397027,15.956869944472984,15.956869944472984,526500
2000-04-03,16.261775970458984,16.769956469535828,16.261775970458984,16.363412070274354,523900
2000-04-04,15.85523509979248,16.51586989561717,15.042146120315943,16.31259765074803,878500
2000-04-05,16.109323501586914,16.109323501586914,15.448688783856221,15.550324894276327,319700
2000-04-06,16.36341667175293,16.668325056940873,16.109326350762977,16.109326350762977,649600
2000-04-07,17.43058967590332,17.43058967590332,16.566682898963506,16.668318990368192,653000
2000-04-10,17.125680923461914,17.430589189161534,16.973226790612106,17.379771144878262,1075800
2000-04-11,16.76995086669922,17.176495130134352,16.668314800840434,17.12567709720496,493500
2000-04-12,16.109323501586914,16.871594329737714,15.956869335956755,16.668322108897502,1039300
2000-04-13,16.007688522338867,16.363414933946398,16.007688522338867,16.160142698742096,290800
2000-04-14,15.042145729064941,15.906052747288266,14.635601249901024,15.855234687392777,938800
2000-04-17,14.991320610046387,14.991320610046387,14.432322214417539,14.889684538113869,533300
2000-04-18,15.499503135681152,15.499503135681152,14.838868575799662,14.991322705003082,364900
2000-04-19,15.499503135681152,15.855229437155803,15.448685092613346,15.448685092613346,315700
2000-04-20,15.601141929626465,15.8044141371786,15.245415566410227,15.55032387773843,288300
2000-04-24,15.296233177185059,15.499505378875226,14.991324874649807,15.448687328452683,876000
2000-04-25,16.160140991210938,16.160140991210938,15.24541602944428,15.24541602944428,351900
2000-04-26,16.160140991210938,16.31259515150538,16.058504884347975,16.31259515150538,457900
2000-04-27,15.85523509979248,16.058507344661614,15.70278091614063,15.85523509979248,334100
2000-04-28,15.753595352172852,16.007685599788545,15.49950510455716,15.855231451219128,675800
2000-05-01,15.753595352172852,16.465048045496786,15.651959253126575,15.651959253126575,563200
2000-05-02,16.261775970458984,16.31259402036667,15.702777421474456,15.804413521289826,693800
2000-05-03,15.651961326599121,16.10932383289585,15.448689101578353,15.956869664130272,865400
2000-05-04,15.906044960021973,16.261771205134284,15.601136749925706,15.601136749925706,855100
2000-05-05,16.261775970458984,16.261775970458984,15.804413521289826,16.007685720920563,609600
2000-05-08,15.702773094177246,16.160135417308624,15.65195505827376,16.160135417308624,229500
2000-05-09,15.347052574157715,15.906051177852202,15.245416464395081,15.753597013208251,413100
2000-05-10,14.686417579650879,15.397870334374451,14.635599525742052,15.397870334374451,455500
2000-05-11,15.245415687561035,15.347051792144775,14.635599060058592,14.635599060058592,599100
2000-05-12,15.194599151611328,15.49950749579082,15.092963036884832,15.14378109424808,776600
2000-05-15,15.194599151611328,15.448689438427571,15.14378109424808,15.347053323701074,268300
2000-05-16,15.550320625305176,15.855228872860181,15.143776295231838,15.143776295231838,710500
2000-05-17,15.550320625305176,15.601138666564344,15.245412377750174,15.448684542786843,334400
2000-05-18,15.702773094177246,15.753591130080732,15.397864878756328,15.448682914659816,282500
2000-05-19,15.296233177185059,15.601141479720308,15.245415126762516,15.499505378875226,449000
2000-05-22,15.296233177185059,15.499505378875226,14.991324874649807,15.499505378875226,307900
2000-05-23,15.092962265014648,15.397870593600803,15.042144210250289,15.296234484072084,332900
2000-05-24,14.737235069274902,14.991325329089987,14.63559896534887,14.94050727712697,453600
2000-05-25,14.838872909545898,14.889690967455302,14.686418735817687,14.686418735817687,514300
2000-05-26,14.5847806930542,14.838870949030753,14.533962641858889,14.737234846640131,237400
2000-05-30,15.143779754638672,15.194597807506588,14.483145067355776,14.483145067355776,342100
2000-05-31,15.092962265014648,15.143780319779006,14.889690045957211,15.042144210250289,349700
2000-06-01,15.601141929626465,15.702778033402533,15.04214335885809,15.04214335885809,269700
2000-06-02,15.804418563842773,15.956872762207817,15.499510167112689,15.499510167112689,559300
2000-06-05,15.651961326599121,15.753597439109505,15.550325214088737,15.601143270343929,384400
2000-06-06,15.601141929626465,15.651959981514498,15.448687773962362,15.601141929626465,178300
2000-06-07,15.702773094177246,15.753591130080732,15.24541077104587,15.550318986466788,259200
2000-06-08,15.397871971130371,15.804416445615663,15.34705391181971,15.651962267683679,244600
2000-06-09,15.347052574157715,15.499506738801665,15.245416464395081,15.448688683920349,153600
2000-06-12,15.245415687561035,15.397869844436645,15.143779582977293,15.347051792144775,216700
2000-06-13,15.194599151611328,15.245417208974578,15.092963036884832,15.14378109424808,137300
2000-06-14,15.143779754638672,15.448688071846162,15.143779754638672,15.143779754638672,181500
2000-06-15,15.092962265014648,15.296234484072084,14.99132615548593,15.143780319779006,280700
2000-06-16,14.686417579650879,15.296234226556798,14.635599525742052,15.245416172647971,401400
2000-06-19,15.347052574157715,15.397870629039032,14.635599805819279,14.737235915581913,336700
2000-06-20,15.499503135681152,15.855229437155803,15.092958791138697,15.143776834206504,631200
2000-06-21,15.906044960021973,16.007681030054062,15.448682644877572,15.601136749925706,481700
2000-06-22,15.44868278503418,16.058499210759212,15.397864749557094,16.058499210759212,447500
2000-06-23,15.702773094177246,15.702773094177246,15.448682914659816,15.499500950563302,395200
2000-06-26,16.617496490478516,16.82076861880241,15.651953880940008,15.651953880940008,863100
2000-06-27,17.532222747802734,18.243675265104876,16.76995219355044,16.871588267450747,1461200
2000-06-28,17.6973876953125,18.142045677606784,17.58304707129397,17.58304707129397,687700
2000-06-29,17.328956604003906,17.633864931347084,17.176502440332317,17.532228822232693,458000
2000-06-30,17.125680923461914,17.684679410577882,17.125680923461914,17.379771144878262,669600
2000-07-03,17.83713150024414,17.83713150024414,17.125678961772863,17.1764970002351,260500
2000-07-05,17.98959732055664,18.243687678191623,17.938779249029643,18.040415392083638,438200
2000-07-06,19.00595474243164,19.00595474243164,17.887957404641543,17.989593526258826,966900
2000-07-07,19.107585906982422,19.819038573731767,18.701041525982795,19.107585906982422,2069100
2000-07-10,19.514135360717773,19.514135360717773,18.39613802234332,19.05677281320095,892100
2000-07-11,19.107585906982422,19.463312240357094,18.90431371648261,19.310858097482235,999400
2000-07-12,18.34531593322754,19.005950579022436,18.192861784197948,19.005950579022436,1112600
2000-07-13,18.802675247192383,18.904311329609637,18.34531287631473,18.396130917523358,932600
2000-07-14,19.00595474243164,19.00595474243164,18.599410255962514,18.751864438388438,497300
2000-07-17,18.624814987182617,19.056768404347835,18.497769864486965,18.70104206080001,1170400
2000-07-18,18.955135345458984,18.955135345458984,18.040410315383216,18.497772830421102,770900
2000-07-19,18.65023422241211,19.31086922211608,18.65023422241211,19.31086922211608,1114900
2000-07-20,18.904314041137695,18.904314041137695,18.599405750151604,18.75185989564465,681300
2000-07-21,18.243682861328125,18.751863442423616,17.88795645456128,18.751863442423616,423200
2000-07-24,17.532222747802734,17.887949006453805,17.379768636952278,17.887949006453805,798700
2000-07-25,17.583044052124023,17.633862098517444,17.430589912943756,17.48140795933718,458100
2000-07-26,16.76995086669922,17.53222136064009,16.56667873498165,17.4814033277107,655200
2000-07-27,16.617496490478516,17.125676811288255,16.465042394235592,16.82076861880241,792600
2000-07-28,16.617496490478516,16.719132554640463,16.363406330073644,16.719132554640463,452200
2000-07-31,16.87158966064453,16.87158966064453,16.058501002300215,16.465045331472375,1115400
2000-08-01,17.328956604003906,17.379774658561104,16.414231621974373,16.668321894760357,593500
2000-08-02,18.54859161376953,18.54859161376953,17.176504014942743,17.22732207415855,781300
2000-08-03,18.091222763061523,19.005947509508452,17.938768638653702,18.243676887469345,1167800
2000-08-04,18.294490814208984,18.294490814208984,17.78631051381429,18.243672784169515,368000
2000-08-07,17.684682846069336,18.243681441778424,17.48141062944785,18.243681441778424,388400
2000-08-08,17.684682846069336,17.735500900224707,17.27813841282636,17.48141062944785,494900
2000-08-09,17.22732162475586,17.532229972096673,17.12568550897559,17.532229972096673,295900
2000-08-10,16.922409057617188,17.430589509797883,16.922409057617188,17.379771464579814,379000
2000-08-11,16.719135284423828,17.024043526692957,16.617499203667453,16.973225486314767,727500
2000-08-14,16.833486557006836,17.176508547225087,16.515873603101046,16.87160011147553,742800
2000-08-15,16.617496490478516,17.17649484336923,16.312588297992672,16.82076861880241,620000
2000-08-16,16.31259536743164,16.769957854368975,16.210959259223344,16.566685637952382,601000
2000-08-17,17.176488876342773,17.278124905196872,16.31258263108293,16.46503667436408,887600
2000-08-18,17.22732162475586,17.481411914206536,17.12568550897559,17.176503566865723,759400
2000-08-21,17.786333084106445,18.04042355673654,17.32897023337228,17.43060642242432,1038400
2000-08-22,18.853500366210938,18.90431842649722,17.887957220771565,17.887957220771565,2045700
2000-08-23,18.65023422241211,19.107596914514858,18.548598068611497,18.751870376212718,992600
2000-08-24,18.54859161376953,18.90431802828018,18.345319376906303,18.650227732201145,1246300
2000-08-25,18.70104217529297,19.005950471629266,18.497769977735434,18.497769977735434,1006300
2000-08-28,18.802675247192383,19.260037618070037,18.701039164775125,18.701039164775125,828100
2000-08-29,18.75186538696289,18.9043195771008,18.650229260204284,18.701047323583587,413100
2000-08-30,18.70104217529297,18.9043143728505,18.70104217529297,18.853496323461115,425300
2000-08-31,18.802675247192383,19.10758349444415,18.701039164775125,18.751857205983754,711200
2000-09-01,19.310853958129883,19.564944141789486,18.904309664274518,19.05676377447028,526800
2000-09-05,19.463308334350586,19.56494440920359,19.158400109791568,19.20921814721807,463200
2000-09-06,19.514135360717773,19.81904372572899,19.158408934871357,19.310863117376964,728700
2000-09-07,19.615774154663086,19.66659222242128,19.31086574811392,19.514138019146696,893100
2000-09-08,18.904314041137695,19.56494867160756,18.49776965315624,19.463312574612196,667900
2000-09-11,19.209224700927734,19.260042755692094,18.90431637234158,18.95513442710594,413100
2000-09-12,19.717405319213867,20.07313170383886,19.209224769749593,19.310860879642448,1333300
2000-09-13,19.463308334350586,20.02230674604212,19.463308334350586,19.615762446630097,783800
2000-09-14,20.37803840637207,20.37803840637207,19.514131541264028,19.514131541264028,973400
2000-09-15,20.98785400390625,21.394398391391118,20.73376376172821,21.34358034295551,1614200
2000-09-18,21.241943359375,21.445215544632177,20.937035081489235,20.98785312780353,1480200
2000-09-19,20.37803840637207,21.496035525923656,20.225584253705943,21.089491118813985,666900
2000-09-20,20.530488967895508,20.530488967895508,20.2763987578968,20.32721679989654,533800
2000-09-21,20.530488967895508,20.581307009895248,20.378034841896284,20.530488967895508,641900
2000-09-22,20.27640151977539,20.47967371546236,20.07312932408842,20.47967371546236,325800
2000-09-25,20.682947158813477,21.038673522724274,20.225584690928166,20.32722079490268,598200
2000-09-26,21.44521713256836,21.44521713256836,20.987854681873774,20.987854681873774,865800
2000-09-27,20.98785400390625,21.445216439826726,20.784581810163814,21.394398391391118,1084800
2000-09-28,21.90258026123047,22.156670519481402,20.987855331527108,21.08949143482748,1906100
2000-09-29,21.14031219482422,22.156673358036922,21.089494136663586,21.800946950912476,803800
2000-10-02,22.563217163085938,22.715671333106787,20.987857406203812,21.14031157622466,1503600
2000-10-03,22.20748519897461,22.868119770111154,22.15666715504103,22.563211506509674,1353200
2000-10-04,21.85175895690918,22.3091213536817,21.800940912823346,22.105849177338357,1196100
2000-10-05,22.055036544799805,22.309126827573994,21.6484920923611,21.85176431858045,1261100
2000-10-06,21.49603843688965,22.25830930344602,21.445220379119224,22.25830930344602,513400
2000-10-09,21.597673416137695,21.699309526331287,21.038674810072955,21.496037305944107,521600
2000-10-10,21.44521713256836,21.95339763334012,21.191126882182477,21.496035182645535,804200
2000-10-11,20.937042236328125,21.191132554730167,20.22558934480241,21.140314491049757,852300
2000-10-12,21.750125885009766,21.750125885009766,20.83540096461216,21.14030927141136,1647900
2000-10-13,21.597673416137695,21.699309526331287,21.343583140653724,21.5468553610409,1207100
2000-10-16,21.750125885009766,22.004216140675766,21.496035629343762,21.648489782743365,928600
2000-10-17,21.343576431274414,21.953392900739395,21.191122313908167,21.902574861617314,1474100
2000-10-18,20.58131217956543,21.08949272720902,20.378039960507994,21.08949272720902,819100
2000-10-19,21.292760848999023,21.343578893984702,20.63212626418521,20.63212626418521,604200
2000-10-20,21.292760848999023,21.496033028941735,21.089488669056312,21.14030671404199,693300
2000-10-23,21.191120147705078,21.34357424948713,21.038666045923026,21.089484079850376,406100
2000-10-24,21.241943359375,21.49603359094647,20.88621703517494,21.292761405689294,483200
2000-10-25,20.428855895996094,21.19112663838401,20.32721979701104,21.140308588891482,621900
2000-10-26,19.819040298461914,20.428856923029972,19.209223673893856,20.327220818935295,898400
2000-10-27,19.717405319213867,20.27640392362457,19.514133099428157,19.615769209321012,875700
2000-10-30,20.58131217956543,20.784584398622865,19.46331497474953,19.51413302951389,594400
2000-10-31,23.579578399658203,23.782850627241466,20.784585270388373,20.784585270388373,3179900
2000-11-01,23.223848342895508,23.579574685128044,22.969758098443698,23.579574685128044,2261300
2000-11-02,23.427120208740234,23.579574353265656,23.071393871514243,23.071393871514243,1692800
2000-11-03,23.579578399658203,23.986122854824725,23.427124228970758,23.52876034276239,1343500
2000-11-06,23.681209564208984,23.73202761048411,23.071393008907464,23.17302910145772,916200
2000-11-07,23.884492874145508,24.18940129381545,23.376312174695602,23.630402524420553,1272700
2000-11-08,24.189388275146484,24.291024360336177,23.681207849198028,23.935298062172258,1256800
2000-11-09,24.34185218811035,24.34185218811035,23.93530768392479,24.087761872994378,953300
2000-11-10,23.78284454345703,24.036934762938408,23.57957236787193,23.986116719042133,847900
2000-11-13,22.766481399536133,23.57957002094814,22.461573166506632,23.52875198210989,898900
2000-11-14,23.427120208740234,23.528756305090514,22.817303630638534,22.868121678813676,413700
2000-11-15,23.732032775878906,23.986123062558555,23.17303414518369,23.528760546535192,418800
2000-11-16,23.630395889282227,23.73203200063398,23.528759777930475,23.528759777930475,840700
2000-11-17,23.325485229492188,23.630393533145682,22.868122774011947,23.579575482536764,627800
2000-11-20,22.766481399536133,23.223843749080388,22.461573166506632,23.122207671403885,846800
2000-11-21,22.563217163085938,22.969761616474873,22.461581049738705,22.86812550312764,721400
2000-11-22,22.359949111938477,22.71567557508295,22.258312979611482,22.359949111938477,549600
2000-11-24,22.410762786865234,22.563216955483366,22.156672505835015,22.309126674453147,187100
2000-11-27,23.477941513061523,23.732031789176908,22.461580408599986,22.56321651904614,575400
2000-11-28,23.07139015197754,23.630388591783163,22.71566387210123,23.528752511818503,547700
2000-11-29,23.884492874145508,24.18940129381545,22.96976761513568,23.02058568508067,1024800
2000-11-30,23.579578399658203,23.93530479792891,23.427124228970758,23.93530479792891,1704600
2000-12-01,24.29102897644043,24.4943011854483,23.427122088156985,23.427122088156985,1312300
2000-12-04,24.44957733154297,24.44957733154297,24.11621108355632,24.230043007012156,600500
2000-12-05,24.7992000579834,24.81546220071561,24.343870917384415,24.44957174345723,916800
2000-12-06,24.173133850097656,25.04313876906187,23.994254841334385,25.00248494233879,735800
2000-12-07,24.278833389282227,24.587806467773092,23.961727685402458,24.230046942012173,633900
2000-12-08,25.16509437561035,25.29518843573814,24.31135036132276,24.433313348837125,1070100
2000-12-11,25.287057876586914,25.34397383519308,24.96182271966343,25.124439522703394,886800
2000-12-12,24.953693389892578,25.400891568043576,24.921169096506638,25.12444127763776,796200
2000-12-13,24.246309280395508,24.872388067653997,24.18939330897999,24.799209947021506,768800
2000-12-14,23.384435653686523,24.238178331018098,23.254341560966356,24.238178331018098,674200
2000-12-15,23.48200225830078,23.571442516463907,23.392563550981357,23.45761058850626,1343900
2000-12-18,24.181262969970703,24.408928413402307,23.53892356479904,23.53892356479904,1349200
2000-12-19,24.352008819580078,25.04313302028594,24.108081262704133,24.270699633954763,1644700
2000-12-20,23.48200225830078,23.986117962251534,23.18116029131451,23.986117962251534,829700
2000-12-21,23.78284454345703,23.78284454345703,22.758352592406876,23.53891855309236,861900
2000-12-22,23.742197036743164,24.026776917497454,23.40069962899398,23.701541660318238,464500
2000-12-26,23.986116409301758,24.18938858226194,23.823498050596168,23.94546259504716,580100
2000-12-27,24.173133850097656,24.384537160914654,23.742197703794304,23.90481456153071,692800
2000-12-28,23.90481185913086,24.181262191958982,23.782848841905256,24.181262191958982,663000
2000-12-29,24.189388275146484,24.46583855092993,23.904806926446632,23.904806926446632,1807200
2001-01-02,23.579578399658203,24.173132931998758,23.416959997253986,24.067432056026835,1651400
2001-01-03,23.327516555786133,23.579573632797036,22.67704462851309,23.571442559236203,1145900
2001-01-04,23.603965759277344,23.97798582067494,23.083587931413174,23.132374370516576,1853600
2001-01-05,22.473773956298828,23.49826603133774,22.400595840164346,23.49826603133774,781100
2001-01-08,22.07535743713379,22.75835205504047,21.73386012818045,22.40872367315448,521300
2001-01-09,21.465551376342773,22.07536818561867,21.22162527297015,22.07536818561867,844500
2001-01-10,21.79078483581543,22.002188164401804,21.351717577093126,21.473680618357978,877200
2001-01-11,22.90471076965332,22.96975780938065,21.766386799003207,21.831433838730536,1237000
2001-01-12,22.78274917602539,22.9697592329763,22.56321482177318,22.904712189217555,1207500
2001-01-16,22.766481399536133,22.807135210269347,22.441246261140027,22.766481399536133,1248100
2001-01-17,22.766481399536133,22.929099744155923,22.62012519954702,22.758350327220796,869900
2001-01-18,22.6851806640625,22.766489866612066,22.481908433110608,22.766489866612066,600100
2001-01-19,21.701337814331055,22.685174395887707,21.506196712638257,22.677043322795054,958700
2001-01-22,22.522558212280273,22.677043952801686,21.920871193457067,21.953395486731257,1289600
2001-01-23,22.067235946655273,22.636398892344776,21.961535054318556,22.52256692354458,594200
2001-01-24,22.400598526000977,22.603870750559402,22.11601865229438,22.156672476868465,1224900
2001-01-25,22.416860580444336,22.55508575458758,22.018447208112395,22.522563005235988,663400
2001-01-26,22.506301879882812,22.72583626366674,22.075364187734067,22.343683473188626,694300
2001-01-29,22.75835609436035,22.847796361650424,22.5306906643692,22.64452415478671,1235500
2001-01-30,23.750320434570312,24.18938908163348,22.766483841537394,22.766483841537394,1811700
2001-01-31,24.108078002929688,24.108078002929688,23.709664753165203,23.766580710153914,1292900
2001-02-01,24.026769638061523,24.067425002169017,23.742189843526916,23.9861158247976,778000
2001-02-02,24.392663955688477,24.62846045166516,23.912941440492432,23.986119556427003,1105000
2001-02-05,24.278833389282227,24.490236674920773,24.06743010364368,24.4251896294046,699000
2001-02-06,24.514629364013672,24.63659238555723,23.986121903428945,24.18939412294953,589300
2001-02-07,24.465850830078125,24.62033819133821,24.18940041554718,24.5146357412176,392600
2001-02-08,24.807336807250977,24.896777061905947,24.400792450955507,24.425185670636946,736800
2001-02-09,24.270708084106445,24.60407446547657,23.49827287799853,24.60407446547657,862300
2001-02-12,24.164997100830078,24.63658851397458,24.140605430860838,24.230044138820915,811200
2001-02-13,24.384536743164062,24.392667818538193,24.06743255779316,24.189395586717044,794700
2001-02-14,23.734067916870117,24.352015731844375,23.734067916870117,24.352015731844375,746800
2001-02-15,24.06743621826172,24.189399265735222,23.57958247752341,23.57958247752341,944800
2001-02-16,23.790973663330078,23.87228283705732,23.46573851926462,23.864151764600244,501300
2001-02-20,24.075559616088867,24.23004536988882,23.80724037688857,23.94546553349744,1327900
2001-02-21,23.238075256347656,24.108079927410298,23.14863500202934,24.108079927410298,1212000
2001-02-22,21.953393936157227,23.13237311973272,21.620027707860842,23.091717756011484,1640100
2001-02-23,21.953393936157227,21.99404774903491,21.148436344599354,21.465540427407245,1583500
2001-02-26,23.319381713867188,23.669010066265212,22.148533674657017,22.156664746903886,1074600
2001-02-27,23.229942321777344,23.376298525900552,22.929100391829426,23.25433553941238,785300
2001-02-28,22.6851806640625,23.416960385320507,22.490039508449968,23.33565273361499,650400
2001-03-01,22.11602210998535,22.693314573581947,21.94527260822186,22.677052420872236,460000
2001-03-02,22.05097198486328,22.603871142541266,21.920876332113373,22.1566728610953,722300
2001-03-05,22.847797393798828,22.847797393798828,21.888352285924174,22.042839604355837,1586000
2001-03-06,22.668916702270508,23.091723281073254,22.60386965559654,23.051069458468497,397700
2001-03-07,22.799015045166016,22.815275645626322,22.28676813498578,22.725836915140267,669000
2001-03-08,22.766481399536133,23.0673248718297,22.595733533444477,23.00227784415048,613500
2001-03-09,22.034704208374023,22.644520736922143,21.847694178488407,22.644520736922143,523600
2001-03-12,21.237886428833008,22.116022530894888,21.221624275813795,22.07536714834686,958800
2001-03-13,20.611797332763672,21.424885972708246,20.40852517277753,21.424885972708246,714700
2001-03-14,19.522266387939453,20.327224283463302,18.98562779092355,20.327224283463302,1503700
2001-03-15,19.668624877929688,20.123954319198376,19.51413752164691,19.676755954665026,900400
2001-03-16,18.41645622253418,19.310853980207195,18.050567288152088,18.985618854919757,1350700
2001-03-19,17.839170455932617,18.538425837942988,17.23748487101952,18.497772014293115,2061500
2001-03-20,17.343183517456055,18.050571434433788,17.310660772878425,17.96926224672406,897000
2001-03-21,16.9122371673584,18.17252504838957,16.725227217869847,17.481399636319953,1218300
2001-03-22,16.13981056213379,16.343082731554006,15.651957045356557,16.261773553617203,2176300
2001-03-23,17.424488067626953,17.481404018622417,16.180462014044636,16.180462014044636,2135900
2001-03-26,18.294490814208984,18.489631863459362,17.424486388068182,17.424486388068182,1033300
2001-03-27,17.887950897216797,18.302626308662596,17.44888226715292,18.13187688002323,1399000
2001-03-28,17.969270706176758,18.050579932164695,17.578988282448044,17.887961480188817,661200
2001-03-29,18.213193893432617,18.294503106296116,17.88795859282287,17.88795859282287,710400
2001-03-30,18.278236389160156,18.375807730399938,17.798513858989267,18.172535524423928,858300
2001-04-02,17.887950897216797,18.294495235789906,17.700940873675624,18.253841422270025,797400
2001-04-03,17.05047607421875,17.684686063775303,16.627670965358604,17.684686063775303,1034500
2001-04-04,17.831031799316406,17.96925691213449,16.871587081031265,16.912240887395225,792900
2001-04-05,18.579076766967773,18.692908686625696,17.81477296864443,17.831035114550872,795500
2001-04-06,18.123748779296875,18.660387224230217,18.058700191214097,18.57907803997044,1174500
2001-04-09,18.33515167236328,18.440854083986633,17.961131571773077,18.123749950804175,1106200
2001-04-10,17.31879997253418,18.351423666471515,16.91225535767803,18.32703198212071,2335900
2001-04-11,17.074861526489258,17.562715023129083,17.074861526489258,17.35944286209945,1771200
2001-04-12,17.302532196044922,17.318792795258513,16.969165874084535,17.034212923470854,1853100
2001-04-16,17.11551284790039,17.432618427538564,16.985418807838734,17.302524387476904,713000
2001-04-17,17.644025802612305,17.65215532505066,17.115516895187213,17.115516895187213,858800
2001-04-18,18.66038703918457,19.514129588336832,17.887952122642098,17.887952122642098,1013200
2001-04-19,18.80674171447754,18.855528155071628,18.481506531402026,18.66038704522632,926300
2001-04-20,18.497766494750977,19.09132082765483,18.343279219459735,18.92870403073455,667600
2001-04-23,18.26197624206543,18.619735798031368,18.091228314735975,18.619735798031368,392500
2001-04-24,18.359548568725586,18.717308143685326,18.205061232813225,18.253847686792355,916700
2001-04-25,18.48964500427246,18.717310498957442,18.22945675368637,18.359550878979416,565000
2001-04-26,18.88805389404297,19.270206651763257,18.530295911332992,18.61973463158852,878800
2001-04-27,19.855623245239258,20.123942415411,19.107581687359943,20.123942415411,2788700
2001-04-30,21.433025360107422,21.953401795281007,20.94517167671013,21.34358507874542,2291100
2001-05-01,21.603776931762695,21.78265752458828,21.514336635349903,21.75013321649477,1743000
2001-05-02,21.945266723632812,22.034706988708717,21.587507214173012,21.79077941600456,679900
2001-05-03,20.815078735351562,21.953403026559904,20.652460314817144,21.953403026559904,807500
2001-05-04,21.335445404052734,21.42488564936674,20.815069178611576,21.01021026315201,547400
2001-05-07,21.35171890258789,21.546860090894675,21.302933993222272,21.343587825886235,462500
2001-05-08,21.66881561279297,21.709470982179084,21.180962036065978,21.384234230465243,386500
2001-05-09,21.311054229736328,21.473672591196568,21.140306345962344,21.465541518039192,446500
2001-05-10,21.63628387451172,21.709461958144814,21.302917738335683,21.311047257989916,254000
2001-05-11,21.07525634765625,21.725726600331924,21.067125275642375,21.71759552831805,351600
2001-05-14,20.782550811767578,21.302928736350932,20.693112091808565,21.254142288179917,472000
2001-05-15,20.90452003479004,21.09966278370295,20.489845958172165,20.78255697985276,440400
2001-05-16,21.19722557067871,21.424891001604976,20.530492977562204,20.74189625967005,420800
2001-05-17,21.994049072265625,22.034704438432815,21.343578722027022,21.400494683817445,550700
2001-05-18,22.668916702270508,22.725834225098662,22.213587375552738,22.278634422226705,1075300
2001-05-21,23.09172248840332,23.238078726106753,22.319289029520785,22.76648726619784,773700
2001-05-22,23.140506744384766,23.29499405222856,22.977889913198933,23.29499405222856,442000
2001-05-23,22.709569931030273,23.09172110029403,22.514428809437476,23.09172110029403,692300
2001-05-24,22.766481399536133,22.929099744155923,22.68517222722624,22.701434371856912,706400
2001-05-25,22.839664459228516,22.953496394675213,22.685177153376706,22.888449352870843,518100
2001-05-29,23.229942321777344,23.229942321777344,22.750219897526165,22.969754203710977,712600
2001-05-30,22.61201286315918,23.555196321435325,22.481918700006933,23.254354150712544,997800
2001-05-31,22.693307876586914,22.92910436875939,22.156669402287097,22.92910436875939,743600
2001-06-01,22.807140350341797,22.953496583315392,22.481905138647043,22.69330841395959,493000
2001-06-04,22.815269470214844,22.823400543666214,22.48190321292721,22.807138396763477,414700
2001-06-05,23.034805297851562,23.124245560785443,22.685176870939618,22.76648605989371,814800
2001-06-06,22.75835609436035,23.335649968292113,22.603868782907647,22.847796361650424,939100
2001-06-07,22.303035736083984,22.847805531144587,22.02658529973416,22.685187080052515,980200
2001-06-08,21.863954544067383,22.075357791175968,21.839562875721832,21.912740982445712,496000
2001-06-11,21.611896514892578,21.782645939884816,21.384231131850775,21.782645939884816,461300
2001-06-12,21.04273796081543,21.60376968036078,20.652455699759468,21.60376968036078,946200
2001-06-13,21.254148483276367,21.465551834438216,21.14031650605244,21.22162572585998,503800
2001-06-14,20.82319450378418,21.58749648624253,20.73375428315569,21.384224385427277,708600
2001-06-15,20.327219009399414,20.896381762000093,20.07516192791911,20.367872827080717,1023800
2001-06-18,20.22964859008789,20.538623201467757,19.912544455479328,20.32721992811411,657600
2001-06-19,19.61170196533203,19.68487852841756,19.310858435751175,19.310858435751175,1583500
2001-06-20,19.465349197387695,19.78245338021656,19.416562745533994,19.59544330064282,1229300
2001-06-21,19.107585906982422,19.497868140539566,18.92057586392509,19.47347647021958,1297600
2001-06-22,18.70104217529297,19.10758657040803,18.538423796909424,19.10758657040803,2027800
2001-06-25,18.009923934936523,18.944976125077847,17.969270098739074,18.944976125077847,1517200
2001-06-26,17.8066463470459,18.050573944089475,17.35944807873198,17.481411101831778,2941000
2001-06-27,17.709075927734375,17.88795491861673,17.644028880973163,17.88795491861673,780100
2001-06-28,17.700937271118164,18.497763640346072,17.074858744934836,17.70906834233599,2058400
2001-06-29,17.904216766357422,18.27823689122171,17.131781742094017,17.131781742094017,3769200
2001-07-02,18.172531127929688,18.70103842543637,17.7578557419601,17.8066406253555,1862800
2001-07-03,17.896085739135742,18.416462105834437,17.50580346411172,18.1725360716554,1314500
2001-07-05,18.172531127929688,18.25384030081767,17.879818725870336,17.969258971131467,650100
2001-07-06,17.69281578063965,18.156276235118877,17.318794056301467,18.09122918099625,1505000
2001-07-09,17.326921463012695,17.68468096035498,17.11551819416697,17.522062584060187,945000
2001-07-10,17.074861526489258,17.84729635873927,17.074861526489258,17.522059660417046,1003400
2001-07-11,16.81467628479004,17.25374342128134,16.46504785987739,17.237482824258535,792900
2001-07-12,17.48141098022461,17.627767227263853,17.06673546389475,17.237484935721856,1158800
2001-07-13,17.652158737182617,17.89608633026275,17.43262591950764,17.56272001547946,626900
2001-07-16,16.66018295288086,17.59523440502697,16.66018295288086,17.562711671906673,1154300
2001-07-17,16.4569149017334,16.952899498970698,16.18046462302837,16.871590319790936,1582100
2001-07-18,17.489534378051758,17.538319255369196,16.22111671189537,16.4487805066056,1357100
2001-07-19,17.245616912841797,17.733470622084102,16.98542868147102,17.489544542885046,685100
2001-07-20,16.879724502563477,17.46514790899247,16.74963041224592,17.32692274417458,832500
2001-07-23,17.36757469177246,17.530191497179256,17.196825262625207,17.440752797000773,622600
2001-07-24,17.73346710205078,17.806645221453728,17.383838653979794,17.562719190673164,1244400
2001-07-25,16.668325424194336,17.61150859242267,16.091032946590907,17.60337751587053,2435700
2001-07-26,17.278127670288086,17.318781467998633,16.09914892656653,16.09914892656653,2293800
2001-07-27,17.944868087768555,18.261972197343724,17.196826391433436,17.196826391433436,1152500
2001-07-30,18.310758590698242,18.55468458961249,17.94486804148319,17.94486804148319,1672900
2001-07-31,18.538429260253906,18.538429260253906,18.196931805682922,18.375812384790354,1214900
2001-08-01,18.47337532043457,18.538422356565395,18.41645935767556,18.538422356565395,768000
2001-08-02,18.562816619873047,18.70104177327448,18.48963850625795,18.49776958008671,985600
2001-08-03,18.253843307495117,18.53842313321234,18.213187938932844,18.53842313321234,799200
2001-08-06,18.05057144165039,18.29449745403333,17.969262253908155,18.213188266291095,279600
2001-08-07,17.790390014648438,17.8473075581618,17.44076298099041,17.8473075581618,342600
2001-08-08,17.066741943359375,17.76599914431454,16.944778874804175,17.684689914996223,641300
2001-08-09,17.472881317138672,17.684417414474233,17.066732397588563,17.066732397588563,952900
2001-08-10,18.02288055419922,18.02288055419922,17.388272061250053,17.472886849755177,670600
2001-08-13,18.02288055419922,18.107495342704347,17.81134438988283,18.02288055419922,1080200
2001-08-14,17.75210952758789,18.022875483510724,17.667494762888904,18.022875483510724,630000
2001-08-15,17.422107696533203,17.76902665934235,17.345954596024676,17.76902665934235,755200
2001-08-16,17.430580139160156,17.51519492706679,17.345965351253522,17.430580139160156,840500
2001-08-17,17.41364860534668,17.47287844464062,17.320572221375013,17.430571877685544,716600
2001-08-20,17.430580139160156,17.455963445807157,17.29519712406668,17.345965351253522,380500
2001-08-21,17.20212173461914,17.43058119159325,16.965200636954183,17.345966398577698,488500
2001-08-22,17.219036102294922,17.278265942576667,16.948270195925755,17.202112829673823,633200
2001-08-23,17.41364860534668,17.47287844464062,17.00749975256644,17.134421067323753,617000
2001-08-24,18.0398006439209,18.15826035854001,16.99058164815751,17.34596240590741,773300
2001-08-27,18.02288055419922,18.082112035877806,17.709807934790962,17.938267379586947,584500
2001-08-28,18.099031448364258,18.403644003488335,18.022878309583238,18.10749308755022,1139200
2001-08-29,18.192108154296875,18.192108154296875,17.701344370969224,18.192108154296875,702000
2001-08-30,18.209035873413086,18.36134219053441,18.022882990756774,18.14980599761992,937700
2001-08-31,18.3359432220459,18.46286451780115,18.082100630535393,18.209021926290646,489800
2001-09-04,18.285186767578125,18.572876083426483,18.107495548310432,18.234416925562858,500100
2001-09-05,18.378257751464844,18.445949246144743,18.031338639493782,18.192106544568247,607300
2001-09-06,17.887487411499023,18.285176208161573,17.802874284788807,18.285176208161573,829100
2001-09-07,17.828258514404297,18.23440735397391,17.557492621357888,17.769028677036896,892000
2001-09-10,17.92133903503418,18.005953799629523,17.599803252350362,17.684418016945703,721600
2001-09-17,17.092121124267578,17.76057450178502,16.9228915630797,17.76057450178502,1641300
2001-09-18,16.99058723449707,17.557504305545095,16.88904915008698,17.24443002468265,1409800
2001-09-19,16.372892379760742,17.176728489158428,15.992126802646151,16.990577325842494,1202000
2001-09-20,15.272904396057129,16.347508074407873,15.23059782543226,16.03443557844252,1413300
2001-09-21,14.705989837646484,15.188293530037827,14.00369000837939,14.130612967051695,1940600
2001-09-24,15.129059791564941,15.382904056908284,15.035985013442044,15.10367649475516,1275800
2001-09-25,15.247523307800293,15.399829566338507,14.87521929958382,15.145985264144,646600
2001-09-26,14.714455604553223,15.289834250486226,14.714455604553223,15.230604380562461,440500
2001-09-27,14.892143249511719,14.976758020737572,14.401379513072802,14.553685778500832,1080700
2001-09-28,15.272904396057129,15.399827335716173,15.061368315148348,15.095214862762019,1301100
2001-10-01,15.11213493347168,15.399824071641762,14.638293050666913,15.399824071641762,878100
2001-10-02,15.272904396057129,15.332135854381052,14.849832234239567,14.900602055660071,1429300
2001-10-03,15.865205764770508,16.076741841634114,15.154444417397412,15.272904103995533,797600
2001-10-04,16.499818801879883,16.626740162192736,15.949825164595751,16.03443994276854,1137500
2001-10-05,16.795963287353516,16.880578033127264,16.152893478921882,16.669041975638912,565100
2001-10-08,16.415199279785156,16.795964864576757,16.254431409107347,16.795964864576757,414700
2001-10-09,16.203662872314453,16.42366058194622,16.119048120318826,16.415198945357442,257300
2001-10-10,17.50672149658203,17.769025709934226,16.16135227800424,16.23750537444387,1526900
2001-10-11,17.870573043823242,18.0651858968656,17.68442021578916,17.68442021578916,727500
2001-10-12,17.60826301574707,17.845184008614602,17.092116073056424,17.68441613438691,460200
2001-10-15,17.64211082458496,17.667494123351137,17.345959965804944,17.557496062948907,445500
2001-10-16,18.031333923339844,18.107487036673206,17.667491629389808,17.853644401490076,694000
2001-10-17,17.726726531982422,18.27672009112167,17.515190423552525,18.192105324971227,753100
2001-10-18,16.956735610961914,17.743648596497483,16.81289098941171,17.684418743016657,741400
2001-10-19,17.032901763916016,17.10905495923034,16.499831010609615,16.8213654689082,732800
2001-10-22,17.8536434173584,17.955179820277895,17.176727071029628,17.176727071029628,814800
2001-10-23,17.769031524658203,18.615175882975258,17.51518886272,18.615175882975258,1009500
2001-10-24,17.67596435546875,18.29365128602454,17.557504599915124,18.022883594355623,758100
2001-10-25,17.51519012451172,17.76903280473671,16.643660791659084,16.922888385463533,1882900
2001-10-26,18.826711654663086,18.88594150052241,17.684416467444404,17.9382607389887,1327600
2001-10-29,18.141345977783203,19.03825906402028,18.107499409222868,19.03825906402028,527500
2001-10-30,17.692888259887695,18.22596040637804,17.47289041049886,18.22596040637804,330300
2001-10-31,17.887487411499023,18.14133163330549,17.853642483593326,18.022870350905695,363500
2001-11-01,18.56440544128418,18.615173644789273,17.769029388207944,17.895950703916725,343000
2001-11-02,18.437477111816406,18.61516656343584,18.36132402858194,18.445937130938923,711600
2001-11-05,18.87747573852539,19.055166851168597,18.6151715010817,18.6151715010817,373800
2001-11-06,18.979021072387695,19.03825092816362,18.623640323839606,18.699793456663663,404800
2001-11-07,18.91979217529297,19.122866668482892,18.75902426297455,18.826715760704523,357200
2001-11-08,19.01287078857422,19.461328059645773,18.911334328564806,18.953640917919905,643600
2001-11-09,19.224401473999023,19.224401473999023,18.77594594486775,19.097480128280598,257400
2001-11-12,19.43593978881836,19.46132470639327,18.885946152503166,19.224403650705387,634200
2001-11-13,20.045167922973633,20.129782713760164,19.757478602635167,19.799785191081984,751600
2001-11-14,20.112857818603516,20.47670026005925,19.842091800932117,20.180549323021367,593200
2001-11-15,20.358230590820312,20.358230590820312,19.90977516267068,20.09592632021467,645100
2001-11-16,20.9442195892334,21.265566065100153,20.320429795540147,20.358236111620645,1121800
2001-11-19,21.1426944732666,21.265561367980744,20.660674865934563,20.944214963092715,1010300
2001-11-20,20.925321578979492,21.42624457405069,20.840259149576745,21.02928717107281,561900
2001-11-21,20.859161376953125,21.12380023464038,20.793002113207496,20.925320640698757,371600
2001-11-23,21.000934600830078,21.095448621361193,20.90642238300396,20.925323744946184,244900
2001-11-26,21.152151107788086,21.40733835961788,20.92531859595201,21.076540270509394,949700
2001-11-27,21.08598518371582,21.303367849528303,20.79299350723463,21.15214442007893,808200
2001-11-28,20.93477439880371,21.11435084957804,20.7930042756471,21.07654452196032,1008700
2001-11-29,21.123790740966797,21.161595244957493,20.60396484013933,20.792992768204577,535100
2001-11-30,20.509450912475586,21.114337345863476,20.40548538072313,21.114337345863476,657500
2001-12-03,20.31097984313965,20.43384857753693,19.83841167051368,20.036891240422936,949100
2001-12-04,21.123790740966797,21.31281686632812,20.414938714778003,20.414938714778003,1088900
2001-12-05,22.087833404541016,22.116186336319117,21.133245642753753,21.161598574531855,623700
2001-12-06,21.539657592773438,21.927163339661284,21.31282328964958,21.927163339661284,946800
2001-12-07,21.615270614624023,21.615270614624023,21.26556934771598,21.539659773495885,288900
2001-12-10,21.1426944732666,21.549101465138897,21.076533434739325,21.426234570424757,312400
2001-12-11,21.095443725585938,21.64362275420046,20.925318888653052,21.218312464572836,772300
2001-12-12,20.87805938720703,21.501849152468907,20.717386156596895,21.26556509584837,650100
2001-12-13,20.98202896118164,21.076541159739104,20.69848695739535,20.87806337952287,514100
2001-12-14,20.87805938720703,21.029281039227833,20.80244856119663,20.88751096579637,390600
2001-12-17,20.887514114379883,21.265568301419766,20.85915937433768,20.887514114379883,1004500
2001-12-18,21.265560150146484,21.265560150146484,21.000921419304603,21.02927614847819,1059200
2001-12-19,21.4545955657959,21.747587325437816,21.23721283828302,21.312823673116565,944800
2001-12-20,21.4545955657959,21.643621751527508,21.227761258590768,21.26556757735979,862800
2001-12-21,21.747587203979492,21.87990571352308,21.54910763695962,21.73813562434002,699600
2001-12-24,21.870454788208008,21.90826110789698,21.67197701795453,21.73813627470569,213000
2001-12-26,22.059484481811523,22.276865428667406,21.700331627897324,21.73813795050079,363100
2001-12-27,22.229602813720703,22.30521363406516,22.031123283626403,22.06892959515071,576200
2001-12-28,22.371376037597656,22.475341606275652,22.21070279632458,22.239057533974325,676500
2001-12-31,22.550945281982422,22.730519822006,22.163439670578526,22.163439670578526,694500
2002-01-02,22.21070098876953,22.598206691591297,21.83264686439516,22.54149902361121,1332200
2002-01-03,22.692726135253906,22.777788559049775,21.92716612379578,21.92716612379578,822300
2002-01-04,22.7210750579834,23.01406677451292,22.579303186165152,22.692720323078902,927300
2002-01-07,22.92901039123535,23.136939760335867,22.77778870412503,22.77778870412503,590100
2002-01-08,23.032976150512695,23.108586994636998,22.730530971310767,23.004621407951813,632900
2002-01-09,22.01222801208496,23.250356213308365,21.964970109623213,23.014072109113574,1718500
2002-01-10,21.738130569458008,22.06892856909927,21.549102626033267,22.012220907153477,1134200
2002-01-11,21.709775924682617,22.02167077069838,21.690874572427177,21.738130657121896,703200
2002-01-14,21.879905700683594,22.30521777068768,21.671976356850756,21.671976356850756,437000
2002-01-15,21.804292678833008,22.163445458072644,21.690877340013138,21.879903505614354,365500
2002-01-16,21.2750186920166,21.785391365311025,21.16160154089314,21.738135270587183,516200
2002-01-17,21.54911231994629,21.719237185018766,21.26557207996208,21.360086094191775,662600
2002-01-18,21.2750186920166,21.360081104683083,21.12379702565496,21.12379702565496,619800
2002-01-22,21.41678810119629,21.586912921145952,21.360080428781202,21.360080428781202,650700
2002-01-23,21.747587203979492,21.832649618030224,21.331726713365295,21.39788596813709,319800
2002-01-24,21.388427734375,22.021668951576768,21.378977960379927,21.747580438121396,436300
2002-01-25,21.360082626342773,21.60581830236239,21.360082626342773,21.388435564115113,617300
2002-01-28,21.322269439697266,21.520748953713962,21.312817862581802,21.360075748159115,464700
2002-01-29,20.689035415649414,21.360083203429767,20.585071636501056,21.331728462186774,596600
2002-01-30,20.367687225341797,20.849706970792834,20.09359862657816,20.792999295652855,1091000
2002-01-31,20.75519561767578,20.915868886601164,20.15030886534715,20.15030886534715,1049600
2002-02-01,20.622873306274414,20.88751211320024,20.405492394891265,20.774094966602203,560300
2002-02-04,20.036893844604492,20.509462078649836,19.8289626678935,20.22592005659978,558400
2002-02-05,19.847862243652344,20.273174298526666,19.55487049624138,20.254271139931266,702500
2002-02-06,19.214624404907227,19.838414332251602,19.148465140295663,19.838414332251602,634600
2002-02-07,19.101198196411133,19.469802471931455,18.987782882946345,19.328032428748518,931200
2002-02-08,18.940532684326172,19.280780533080453,18.713698381550696,19.101204127843395,1529800
2002-02-11,19.914012908935547,20.509449529002126,19.139001767760067,19.139001767760067,1063800
2002-02-12,19.942367553710938,20.04633127532501,19.649375933828964,19.9045612529759,810800
2002-02-13,19.980180740356445,20.301527225530954,19.923473067297536,19.980180740356445,762900
2002-02-14,19.5454158782959,20.074691617751668,19.233521020778586,19.989629220001117,1126400
2002-02-15,19.422544479370117,19.81950167966269,19.328032319584565,19.753342446731242,592300
2002-02-19,18.581377029418945,20.093595267773438,18.524669363758107,19.895115733904216,1234200
2002-02-20,18.467966079711914,18.666443857966765,18.21277881963744,18.63808911705695,1140400
2002-02-21,18.241127014160156,18.619182917157502,18.165516194101517,18.600279761466805,805600
2002-02-22,18.38290023803711,18.47741241806883,18.212775429653167,18.45851106368505,508800
2002-02-25,18.373449325561523,18.439608575063822,18.07100601200567,18.36399774667486,821800
2002-02-26,18.430156707763672,18.515219113708156,18.269483474613455,18.373449038035453,713100
2002-02-27,19.26187515258789,19.422548380279096,18.477412170967135,18.524670063055286,1233800
2002-02-28,19.233524322509766,19.46980840066663,19.072851077254917,19.26187725815774,893900
2002-03-01,18.581377029418945,19.233521493983257,18.15606503020218,19.233521493983257,1112100
2002-03-04,19.00670051574707,19.13901908316002,18.666450710736314,18.770416329535216,1060100
2002-03-05,19.044496536254883,19.129558949489187,19.006692020764344,19.016143600313097,890200
2002-03-06,19.73444366455078,19.94237478862171,18.77985765982337,18.968883823964596,661400
2002-03-07,19.337486267089844,19.78170144585589,19.186264615549486,19.658832727289173,1026100
2002-03-08,19.80061149597168,20.159762592731784,19.469813342055453,19.564327357846505,539700
2002-03-11,19.51706314086914,19.82895803028471,19.37529306435376,19.753347202629552,370500
2002-03-12,19.053945541381836,19.517062060471172,18.647536689218644,19.517062060471172,836200
2002-03-13,19.11065101623535,19.233519716970036,18.61918162140868,19.091749664564187,459300
2002-03-14,19.091758728027344,19.394202130793698,18.99724471398664,19.091758728027344,653200
2002-03-15,19.00670051574707,19.16737383447934,18.80822086192237,19.09176296699976,996400
2002-03-18,19.11065101623535,19.176812056548503,18.931076457783153,19.006687272579875,492900
2002-03-19,19.280784606933594,19.441457887104075,19.157917652781975,19.20517375760071,322800
2002-03-20,19.271329879760742,19.441454713666385,18.912178854730147,19.28078145972267,551500
2002-03-21,19.57377052307129,19.649383152318773,19.280778795554493,19.280778795554493,618100
2002-03-22,19.59267807006836,19.828962181292642,19.309137857681105,19.658837332778404,456700
2002-03-25,19.621030807495117,20.017988145898656,19.545419971737516,19.800607218433615,658200
2002-03-26,19.59267807006836,19.847865342839714,19.51706722658478,19.621032812388968,455800
2002-03-27,19.61157989501953,19.73444683129229,19.46980979848802,19.61157989501953,556600
2002-03-28,19.59267807006836,19.66828891355194,19.469811125421803,19.469811125421803,1312900
2002-04-01,19.365842819213867,19.59267531780047,19.233524312381128,19.59267531780047,386600
2002-04-02,19.044496536254883,19.356391450545843,18.978337282118087,19.356391450545843,751200
2002-04-03,19.15791130065918,19.15791130065918,19.044494162912763,19.091752054767205,435800
2002-04-04,19.46981430053711,19.639939176795117,19.224078568464986,19.252433315409654,695600
2002-04-05,19.34693717956543,19.61157596200211,19.299681091100126,19.32803582580184,254000
2002-04-08,19.32804298400879,19.375299089975552,19.139014954731948,19.25243213283903,173200
2002-04-09,19.24297523498535,19.460356146706022,19.110654929964795,19.280779748773803,435200
2002-04-10,19.34693717956543,19.46035431566807,19.23352184616701,19.242973424400915,436700
2002-04-11,18.864919662475586,19.346939391283314,18.760955895426065,19.328038035358944,584000
2002-04-12,18.43960952758789,18.89327452135638,18.33564395716845,18.883822941981478,664200
2002-04-15,18.477405548095703,18.619177370840514,18.231671808132884,18.439601050679734,897600
2002-04-16,18.75150489807129,18.808212573013193,18.524672395599197,18.61918638897202,635800
2002-04-17,18.19387435913086,18.760956517878434,18.127715104439464,18.760956517878434,1199900
2002-04-18,18.685344696044922,18.798760040177783,17.957589327492236,18.316740320852148,643600
2002-04-19,18.912179946899414,18.97833920774904,18.335646154858978,18.76095826418465,441300
2002-04-22,18.6569881439209,19.006689326841798,18.524669654401528,18.808209789858527,705200
2002-04-23,18.6758975982666,19.12011110766902,18.430161890074366,18.430161890074366,543900
2002-04-24,18.6569881439209,18.98778617042354,18.6191836337886,18.75150212330797,303500
2002-04-25,18.099363327026367,18.94053602450713,17.76856519673875,18.656993997387122,1020800
2002-04-26,17.702404022216797,18.33564547098062,17.67405108445569,18.28838937290905,997900
2002-04-29,17.967037200927734,18.241125728305175,17.740204756741708,17.749656333920793,1517600
2002-04-30,17.86307144165039,18.127710191397032,17.86307144165039,17.957585409610193,1241600
2002-05-01,17.95758628845215,18.09935634597806,17.863072315866848,17.863072315866848,1209100
2002-05-02,17.900882720947266,18.061555970286296,17.77801398766798,17.95759039638913,754300
2002-05-03,17.485031127929688,18.00485565659678,17.296003043302335,17.957599536792653,1084700
2002-05-06,17.41885757446289,17.93868167743539,17.362149916595914,17.48501680909169,703000
2002-05-07,17.49447250366211,17.768561083453456,17.248736858125927,17.390506937514857,553400
2002-05-08,18.137165069580078,18.24112883082454,17.617339052540466,17.62679063132711,968000
2002-05-09,18.10881996154785,18.45852135177016,18.014305926133286,18.137174712983807,534600
2002-05-10,17.7874698638916,18.212782039200246,17.759116920674312,18.099364858216298,904400
2002-05-13,17.532270431518555,17.863068360976275,17.4094035562533,17.78745756018911,954500
2002-05-14,17.83473014831543,18.014304821616978,17.73076453546335,17.768569065688087,853000
2002-05-15,17.881977081298828,18.03319872997205,17.67404776504921,17.75911016776593,1038200
2002-05-16,18.392351150512695,18.439609046153343,17.95758932684508,18.004845419781336,397900
2002-05-17,18.401803970336914,18.86492056261341,18.212777783142872,18.44906186916381,340800
2002-05-20,18.486867904663086,18.713700429558408,18.203327699220097,18.38290412410981,377300
2002-05-21,18.04265785217285,18.71370397339352,17.863081393276545,18.71370397339352,383700
2002-05-22,17.79691505432129,18.278934745657967,17.532276262203812,18.004844374960836,481200
2002-05-23,17.910335540771484,18.033202479853728,17.53227953777001,17.806369959675617,501300
2002-05-24,17.551179885864258,17.863074776465723,17.541728307033384,17.815818685015692,418100
2002-05-28,17.7874698638916,17.863080716979255,17.55118572265456,17.55118572265456,417600
2002-05-29,17.503925323486328,17.81582024133367,17.20148198529551,17.796917082020624,326000
2002-05-30,17.34324836730957,17.503921581714774,17.11641591215589,17.39050445278588,653900
2002-05-31,17.35270118713379,17.456664943164707,17.267638785023976,17.343249608821118,1189900
2002-06-03,16.558780670166016,17.352694935359153,16.492621448517184,17.343243360451662,1536700
2002-06-04,16.813974380493164,17.097514528133118,16.49262791839226,16.55878716599463,1363900
2002-06-05,16.738365173339844,16.917941598330984,16.68165749276015,16.86123391775129,1022800
2002-06-06,16.72892189025879,16.899044998045706,16.587149929711646,16.87069204810057,881000
2002-06-07,16.643856048583984,16.8706886155196,16.360313987885718,16.71946690422919,846700
2002-06-10,16.72892189025879,16.917948166479377,16.634407850795814,16.634407850795814,276700
2002-06-11,16.294157028198242,16.91794712652156,16.294157028198242,16.870691011047622,521900
2002-06-12,15.972803115844727,16.39811517209653,15.547492862297354,16.28469802286124,1164900
2002-06-13,15.585302352905273,15.944455271231924,15.434080640779843,15.935003688885958,1640600
2002-06-14,15.698719024658203,15.717620386026637,15.065476548487053,15.263955264495182,1056900
2002-06-17,15.84993839263916,16.09567408121163,15.60420270406669,15.783779130851318,814800
2002-06-18,16.048412322998047,16.256343441760706,15.689261358405473,15.783775339415387,732000
2002-06-19,15.736515998840332,16.256341945187085,15.613649096731658,16.04841084556675,638200
2002-06-20,15.434078216552734,15.953902544997087,15.405723473968512,15.64200758738953,472200
2002-06-21,15.349014282226562,15.689263948961377,15.178889448859156,15.35846586215859,1632400
2002-06-24,15.122185707092285,15.594754010438919,15.122185707092285,15.311213749512945,1027200
2002-06-25,15.38681697845459,15.5947462798795,15.216692185150517,15.216692185150517,1197200
2002-06-26,15.018216133117676,15.245047727465561,14.961507558516542,15.169436895565529,611800
2002-06-27,14.74413013458252,15.13163596519671,14.68742154654883,15.07492737716302,2080400
2002-06-28,15.594744682312012,15.689258646988023,14.696865623297775,14.791378686621819,1744600
2002-07-01,15.292304992675781,15.774324702150118,15.188339427091801,15.547492215815904,1064000
2002-07-02,14.753579139709473,15.292307510130136,14.744128460570554,15.292307510130136,987700
2002-07-03,14.74413013458252,14.980414265576774,14.32826955927527,14.74413013458252,779400
2002-07-05,15.585302352905273,15.679816373659918,14.88590148364891,14.933158494026232,331500
2002-07-08,14.914249420166016,15.500233773155701,14.791381602407384,15.490782194554543,771100
2002-07-09,14.583456039428711,15.074926535762279,14.54565061663382,14.857545580029756,723100
2002-07-10,14.413325309753418,14.791379383566802,14.233749850030064,14.60235234666011,826600
2002-07-11,14.933155059814453,15.405722350852791,14.177045771718982,14.177045771718982,1635100
2002-07-12,14.838632583618164,15.103270367793092,14.649605594921788,14.791375611106126,732300
2002-07-15,14.621257781982422,14.734674021819675,14.167591921281252,14.602354624666804,1281400
2002-07-16,14.555098533630371,15.065472095164107,14.507842440120672,14.507842440120672,755900
2002-07-17,14.848087310791016,15.254495197434812,14.744122670273203,15.12217672793068,1058400
2002-07-18,14.7913818359375,15.169435972431225,14.744125744889903,14.88589582073701,745700
2002-07-19,14.366071701049805,14.744126765053776,14.17704461972393,14.696869769384252,1060900
2002-07-22,13.808442115783691,14.763030070963355,13.713929019084656,14.366072721311461,1260500
2002-07-23,13.704472541809082,14.281005200115723,13.609958577531682,13.940756551150619,707100
2002-07-24,14.687414169311523,14.81973354069342,13.543799513663341,13.695021137327236,1507000
2002-07-25,14.328264236450195,14.555096701613817,14.120334026040828,14.555096701613817,1199200
2002-07-26,14.895347595214844,15.027666094050257,14.233752396981266,14.4133278888374,703200
2002-07-29,15.878299713134766,15.89720288439628,15.207253357701678,15.26396106878059,576200
2002-07-30,15.821586608886719,16.076773925813526,15.594754039186785,15.708171225389261,719700
2002-07-31,16.048412322998047,16.568238317200446,15.783775339415387,15.83103142856822,834800
2002-08-01,16.057865142822266,16.31305237046659,15.84048423158646,16.048413563720135,629800
2002-08-02,15.52858829498291,16.06731564889555,15.367915066385784,15.87828768488566,792300
2002-08-05,14.942606925964355,15.679813067824043,14.791384344369266,15.45298054745988,495400
2002-08-06,15.670364379882812,15.97280779619291,15.122185237144523,15.122185237144523,479900
2002-08-07,15.490778923034668,15.982250090274697,15.01821181035673,15.831028470001444,633600
2002-08-08,16.180742263793945,16.426476237130373,15.452986519674763,15.651464375686182,838100
2002-08-09,16.086219787597656,16.303600697583047,15.906643391098935,15.916094970146698,597000
2002-08-12,16.048412322998047,16.17128103912221,15.689261358405473,15.925545409578133,315300
2002-08-13,15.575848579406738,16.16183398348728,15.556945417374035,15.97280596856975,484300
2002-08-14,15.99170207977295,16.06731289186179,15.15053156994663,15.500230899843523,650700
2002-08-15,16.067312240600586,16.21853385864875,15.878284316688438,16.02005616097449,546800
2002-08-16,16.30360221862793,16.35085831557112,15.97280413191196,16.048414968643794,1184700
2002-08-19,16.331951141357422,16.445366454707013,16.114568485813546,16.25634033155639,868400
2002-08-20,16.246891021728516,16.350854773019815,16.067314647382954,16.2563425996103,597500
2002-08-21,16.596601486206055,16.61550465460815,16.209095547489962,16.350865705094936,363100
2002-08-22,16.82342529296875,16.936842441309597,16.502078809158174,16.502078809158174,404600
2002-08-23,16.539886474609375,16.823426664520852,16.539886474609375,16.634400472148055,835200
2002-08-26,16.41701889038086,16.747815164625834,16.37921257177887,16.58714191597635,666300
2002-08-27,16.719467163085938,16.766723272581455,16.445376680437878,16.445376680437878,770900
2002-08-28,16.530431747436523,16.54933490388629,16.398113257696583,16.492627237241205,482800
2002-08-29,16.558780670166016,16.624939891814844,16.190176459588322,16.350849627608447,427800
2002-08-30,16.804527282714844,17.01245665958044,16.49263231606406,16.49263231606406,434300
2002-09-03,16.237436294555664,16.568234245442355,16.19962999036116,16.568234245442355,613200
2002-09-04,16.43592071533203,16.492630194851,16.07676969190127,16.19963662544995,525000
2002-09-05,16.029502868652344,16.303593125627252,15.916087578161962,16.303593125627252,526500
2002-09-06,16.37921142578125,16.539884663188975,16.067316529955004,16.161830517142672,316200
2002-09-09,16.256343841552734,16.37921075799431,16.067315874884144,16.303599931867737,446800
2002-09-10,16.426462173461914,16.568234009468306,16.19962975963698,16.27524056424529,366400
2002-09-11,16.492626190185547,16.681652334570007,16.492626190185547,16.520979120355957,183300
2002-09-12,15.99170207977295,16.35085298651894,15.859383609293472,16.35085298651894,355900
2002-09-13,16.067312240600586,16.11456832022668,15.897187469620429,15.897187469620429,763100
2002-09-16,15.831032752990723,16.010609151662475,15.594748682050563,15.944449900231936,802000
2002-09-17,15.878299713134766,16.05787623470789,15.708176579898028,16.048424649077134,559200
2002-09-18,15.670364379882812,15.897196942115386,15.62310827209872,15.78378156235158,689300
2002-09-19,15.31120777130127,15.509685515913453,15.21669378699362,15.434074689008195,658200
2002-09-20,15.632563591003418,15.849944623100926,15.084383415875697,15.25450742754032,1469700
2002-09-23,15.585302352905273,15.689267956005883,15.452983805471774,15.679816373659918,529000
2002-09-24,14.970958709716797,15.585296926674362,14.87644472186847,15.585296926674362,771700
2002-09-25,15.689261436462402,15.793225193656722,14.885895297937616,15.122179350285831,760700
2002-09-26,15.632563591003418,15.821589870029577,15.216702892817244,15.7837853353065,1049800
2002-09-27,15.37736988067627,15.717617763705567,15.311210620162369,15.632557144976728,492700
2002-09-30,15.24504566192627,15.39626910794162,14.970957109438851,15.15053348688493,504700
2002-10-01,15.944453239440918,16.0673201888716,15.074926702817876,15.235600878167173,495400
2002-10-02,15.547490119934082,16.0673142723703,15.490780653966992,15.94444736818316,347000
2002-10-03,15.405722618103027,15.972804819350143,15.405722618103027,15.556944298074976,508500
2002-10-04,14.649615287780762,15.594751757960164,14.5740044422746,15.594751757960164,528100
2002-10-07,14.356618881225586,14.781930904151887,14.224300386405977,14.555097524807145,603200
2002-10-08,14.677966117858887,15.008764175088954,14.366071218802968,14.460585206969329,719900
2002-10-09,14.696867942810059,14.78193034417293,14.460583895180804,14.583451708110271,671700
2002-10-10,15.131633758544922,15.254500695554066,14.611808565893375,14.696870984863011,631500
2002-10-11,15.774320602416992,15.78377217889584,15.197787056134581,15.216690209092272,1046300
2002-10-14,15.859383583068848,15.859383583068848,15.604196416677004,15.642000921306932,587900
2002-10-15,16.65329933166504,16.65329933166504,16.114570225626807,16.114570225626807,901700
2002-10-16,16.350860595703125,16.66275556605384,16.12402805387577,16.653305787511062,607600
2002-10-17,16.180742263793945,16.804532386551724,15.972811021071138,16.63440747985318,703500
2002-10-18,16.067312240600586,16.18072935548865,15.887735893154433,16.067312240600586,779800
2002-10-21,16.643856048583984,16.728918486522964,15.840489580663052,16.020066038834788,468200
2002-10-22,16.30360221862793,16.46427547202114,15.97280413191196,16.407567795148402,484700
2002-10-23,17.466108322143555,17.485011469894957,16.67219414361854,16.68164571749424,1555500
2002-10-24,17.135324478149414,17.570088218910396,17.059713627935096,17.47557420546628,613200
2002-10-25,17.69295310974121,17.74966259281265,16.946296276347166,16.965199437370977,1099400
2002-10-28,17.77801513671875,18.16552091557549,17.46612019757297,18.05210555736136,1169700
2002-10-29,17.324350357055664,17.759114043911907,16.965199313743675,17.730759302582815,433800
2002-10-30,17.551179885864258,17.607887556145158,17.248736574093666,17.418861387640707,718600
2002-10-31,17.38105583190918,17.721305473872953,17.106967244652907,17.62679148413808,626100
2002-11-01,17.853626251220703,17.985946574779927,17.248739524223026,17.324350365097736,477500
2002-11-04,18.2127742767334,18.382899074347964,18.042649479118833,18.042649479118833,806900
2002-11-05,18.260028839111328,18.28838357058096,17.96703715807453,18.212772756032624,489300
2002-11-06,18.496318817138672,18.562478075838794,17.967042944833107,18.09936146223335,541000
2002-11-07,18.609729766845703,18.685340580515454,18.08990384550016,18.430153408366042,580700
2002-11-08,18.099363327026367,18.562479988347118,18.02375248033532,18.477417560481594,431800
2002-11-11,17.674047470092773,18.01429527257711,17.626789578980908,18.00484369435474,382600
2002-11-12,18.052104949951172,18.335645138650662,17.721306861332064,17.721306861332064,390100
2002-11-13,18.014293670654297,18.411250907173415,17.768558066837315,17.95758600906701,508700
2002-11-14,18.505775451660156,18.543581782788564,18.19388043067114,18.19388043067114,551400
2002-11-15,18.827112197875977,18.89327144000575,18.37344727809683,18.37344727809683,471200
2002-11-18,18.524673461914062,18.94053397506952,18.430159463100832,18.902727654462392,841200
2002-11-19,18.184425354003906,18.477417153134407,18.052106825887822,18.477417153134407,508400
2002-11-20,18.430156707763672,18.449059865241185,18.08990708398573,18.08990708398573,879500
2002-11-21,18.978343963623047,18.99724712937559,18.288394638001165,18.571934913468894,1460600
2002-11-22,18.222225189208984,18.921625707312618,18.222225189208984,18.902722552111523,783700
2002-11-25,18.694795608520508,18.893273355027528,18.222227485175033,18.241128840053562,741500
2002-11-26,18.260028839111328,18.713693726401345,18.260028839111328,18.69479237479227,685400
2002-11-27,18.6758975982666,18.80821613240672,18.33564787881507,18.33564787881507,425700
2002-11-29,18.51521873474121,18.855468351554972,18.241128365040286,18.675891964602787,180700
2002-12-02,18.760953903198242,18.836564726979876,18.269482647265505,18.581377520702773,574300
2002-12-03,18.760953903198242,18.855467883601346,18.52466985354261,18.666439922795142,946800
2002-12-04,18.467966079711914,18.76095785829486,18.26003491844918,18.76095785829486,481300
2002-12-05,18.477405548095703,18.760947390881714,18.335635528054503,18.57191949569104,512200
2002-12-06,18.524673461914062,18.571929559968382,18.146619269365733,18.193875367420052,274300
2002-12-09,18.250577926635742,18.75150071795195,18.241126349134973,18.524668266045765,660200
2002-12-10,18.77985954284668,18.8082124788234,18.24113032413082,18.250581903691216,540100
2002-12-11,18.99724769592285,19.082310141640974,18.77041510824291,18.789316471854036,1468900
2002-12-12,18.88381576538086,19.044488948283057,18.827108113387073,19.044488948283057,506900
2002-12-13,17.7213077545166,18.430160064697265,17.494475231583348,18.411256903776668,1494300
2002-12-16,18.29783821105957,18.29783821105957,17.68349821196294,17.72130452691844,880400
2002-12-17,18.401803970336914,18.619186699531607,18.250582299499875,18.335644714683774,693800
2002-12-18,18.307287216186523,18.46796042675155,18.241126174315227,18.307287216186523,960000
2002-12-19,18.29783821105957,18.656989189615217,18.241128738626323,18.363997459527376,907500
2002-12-20,18.902729034423828,19.0728538841664,18.382904707059062,18.382904707059062,1169600
2002-12-23,18.902729034423828,19.035047560799285,18.808215028710766,18.902729034423828,876600
2002-12-24,18.864919662475586,18.940532296990767,18.78930883066483,18.902725979733177,177200
2002-12-26,19.39419174194336,19.526510209098635,18.902720574361034,18.997234537773622,709000
2002-12-27,18.902729034423828,19.40365200280976,18.89327745358205,19.39420042196798,391300
2002-12-30,18.808204650878906,18.997232558004814,18.76094857544929,18.997232558004814,446800
2002-12-31,19.016138076782227,19.280775016461533,18.704243253085934,18.808206992515398,424900
2003-01-02,19.26187515258789,19.26187515258789,18.987786589293638,19.23352222003926,981400
2003-01-03,18.855470657348633,19.205170092767382,18.846019077647515,19.18626693336515,1013200
2003-01-06,18.88381576538086,19.129551327625617,18.86491261381501,19.091746827197678,1031100
2003-01-07,18.77985954284668,18.921629630843707,18.675893970386774,18.921629630843707,715600
2003-01-08,18.449060440063477,18.789308271738292,18.38290118953516,18.779858495409428,484300
2003-01-09,18.6569881439209,18.902723769245597,18.449058831432716,18.449058831432716,534200
2003-01-10,18.74205780029297,18.855474980002956,18.524676825445816,18.656995366186706,354100
2003-01-13,18.827112197875977,18.883819862172334,18.666438980116176,18.78930588654231,568000
2003-01-14,18.57192611694336,18.789307012020615,18.411252889559243,18.760954079526172,539500
2003-01-15,18.2789306640625,18.619180206136875,18.052098236914212,18.619180206136875,398500
2003-01-16,18.15607261657715,18.63809248286304,18.014302491835405,18.241135051963184,412300
2003-01-17,17.948139190673828,18.080457703696727,17.825272257538927,18.05210476673727,381900
2003-01-21,17.409408569335938,17.863073504692863,17.2959914341446,17.759109750363695,936500
2003-01-22,17.324350357055664,17.56063446001753,17.20148341670554,17.390509617452242,437500
2003-01-23,17.61733627319336,17.69294708885369,17.48501779646379,17.48501779646379,449400
2003-01-24,17.30544090270996,17.768557359769364,17.15421927602542,17.69294654642709,452600
2003-01-27,17.286544799804688,17.456667829448197,17.163676064129085,17.305446156850945,529300
2003-01-28,17.645687103271484,17.6551386784771,17.16366758400686,17.28653625897624,559200
2003-01-29,17.503925323486328,17.57953615803403,17.29599417645177,17.456667425203705,663400
2003-01-30,16.813974380493164,17.456665501990678,16.662750925353656,17.456665501990678,490400
2003-01-31,17.17312240600586,17.267636373227436,16.81397149380865,16.81397149380865,557200
2003-02-03,17.20147705078125,17.41885791240872,17.05970519930736,17.229829978912846,377700
2003-02-04,16.662752151489258,17.088064206950246,16.596592899018532,17.05970946901804,567700
2003-02-05,16.813974380493164,17.08806294951788,16.587140099136047,16.757264908801737,929300
2003-02-06,16.77617073059082,17.399960596638675,16.71946305259681,16.813977051056547,1063600
2003-02-07,16.634401321411133,16.851782264955204,16.596594999383647,16.804526165125505,341200
2003-02-10,16.95574188232422,16.99354638834637,16.63439546896783,16.63439546896783,519100
2003-02-11,16.899030685424805,17.23928021823529,16.795066952502363,16.965191718907604,692000
2003-02-12,16.549335479736328,16.917938029811598,16.549335479736328,16.917938029811598,504600
2003-02-13,16.539886474609375,16.634400472148055,16.265796062017657,16.5493380546337,284200
2003-02-14,16.539886474609375,16.67220498954079,16.322505542163604,16.634400472148055,808200
2003-02-18,17.003005981445312,17.003005981445312,16.44537528377232,16.44537528377232,372800
2003-02-19,16.77617073059082,17.012454825387874,16.710011472480378,17.003003245271444,436100
2003-02-20,16.77617073059082,16.87068472905056,16.634400634253506,16.795073890823684,346800
2003-02-21,16.899030685424805,17.12586490910102,16.653296914732607,16.785615376290533,641700
2003-02-24,16.46427345275879,16.89903525996928,16.417017361611325,16.89903525996928,299700
2003-02-25,16.5020751953125,16.5020751953125,16.12402112147506,16.3697567201454,400000
2003-02-26,16.294157028198242,16.539892794614286,16.133483711799496,16.52098962734261,792100
2003-02-27,16.43592071533203,16.72891428473308,16.29415062194369,16.30360220186352,484300
2003-02-28,16.634401321411133,16.700560582254578,16.473728058203633,16.520984158033333,393200
2003-03-03,16.681659698486328,16.889590892613274,16.606048846814232,16.870687729019025,519000
2003-03-04,16.719467163085938,16.804529602341887,16.653307888710206,16.719467163085938,540800
2003-03-05,16.94629669189453,16.94629669189453,16.69110941992947,16.72891574290416,533900
2003-03-06,16.82342529296875,16.917939282802053,16.71000994733232,16.82342529296875,422300
2003-03-07,17.15422248840332,17.15422248840332,16.672202787067146,16.728912259721515,437500
2003-03-10,16.785621643066406,17.040808887946362,16.71946238758742,16.965198052726876,632900
2003-03-11,16.36031150817871,16.899038998334838,16.32250698743858,16.785623633409717,298300
2003-03-12,16.086219787597656,16.36030836916524,15.963351062681129,16.36030836916524,600700
2003-03-13,16.65329933166504,16.691103839295174,16.06731414041311,16.303598171889774,516100
2003-03-14,17.012462615966797,17.021914200411427,16.68166437122636,16.747823659633365,491700
2003-03-17,17.7874698638916,17.815824609813824,16.851784880917513,17.0124581690669,581600
2003-03-18,17.881977081298828,17.95758790563544,17.5984369407126,17.787463100202004,429700
2003-03-19,17.579538345336914,17.796919296370742,17.24874022701755,17.76856455387318,757000
2003-03-20,17.579538345336914,17.6267944467948,17.050262437648765,17.29599632847544,477000
2003-03-21,17.853626251220703,17.881980992562962,17.57953762906412,17.86307783166812,526800
2003-03-24,17.17312240600586,17.47556565895172,17.097511592769397,17.390503268722696,691700
2003-03-25,17.333805084228516,17.39996435663546,17.11642410268999,17.182583375096936,630400
2003-03-26,17.17312240600586,17.333795609471345,17.012449202540374,17.333795609471345,592100
2003-03-27,17.163673400878906,17.324346628420237,17.01245175174639,17.17312497928772,384500
2003-03-28,17.10696792602539,17.182578760283995,17.012453932526014,17.10696792602539,506000
2003-03-31,17.10696792602539,17.3338004288012,16.823425945527266,16.96519783712857,541100
2003-04-01,17.210933685302734,17.248740008153103,16.87068579317288,17.059711999310643,526700
2003-04-02,17.437761306762695,17.57007978041207,17.295989453333792,17.34324733871143,458100
2003-04-03,17.20147705078125,17.503920302211466,17.192025473836058,17.437761066299103,391400
2003-04-04,17.135324478149414,17.371608610407268,17.02190910418037,17.258193236438224,558700
2003-04-07,17.314895629882812,17.69294976537504,17.248736381509712,17.59843758353022,386600
2003-04-08,17.17312240600586,17.381051691730143,17.17312240600586,17.314892455486234,272700
2003-04-09,17.116418838500977,17.53227750936217,17.106967259248982,17.26764050112403,245400
2003-04-10,17.36215591430664,17.371605691628922,17.125871821749257,17.15422475912522,268400
2003-04-11,17.314895629882812,17.62679051700194,17.286542696411093,17.57953442607953,295600
2003-04-14,17.740209579467773,18.90272684796877,17.343252243552246,17.409411499087415,354400
2003-04-15,18.118268966674805,18.193879823704073,17.71185993412809,17.86308164818663,557700
2003-04-16,18.08991241455078,18.364002870628145,17.957593878626454,18.156071682512945,811600
2003-04-17,18.269479751586914,18.373445293822403,18.014292585756504,18.089903397553964,311700
2003-04-21,18.260028839111328,18.411250468208,18.127710364327744,18.18441802456299,273400
2003-04-22,18.75150489807129,18.75150489807129,18.03320107222408,18.14661822481237,441800
2003-04-23,18.874366760253906,18.89326991439433,18.60972981310396,18.751499863749146,621200
2003-04-24,17.012462615966797,18.052113469705848,16.889595623597415,18.0048555474827,1534800
2003-04-25,16.606035232543945,17.13531076032807,16.558779165005575,17.012443903106252,785600
2003-04-28,16.880136489868164,17.135321944925252,16.68165691070754,16.68165691070754,710600
2003-04-29,17.20147705078125,17.20147705078125,16.74781037093195,16.889582222405846,725100
2003-04-30,17.17312240600586,17.43776115368548,16.870679153060003,17.135316098035634,1224400
2003-05-01,17.295995712280273,17.381058134037772,16.823427503718467,16.98410076673767,630200
2003-05-02,17.7213077545166,17.7591140763578,17.097517865773987,17.201483448132638,421700
2003-05-05,17.636241912841797,17.948136796726615,17.579534243782092,17.67404822735113,574700
2003-05-06,17.56063461303711,17.919785659478666,17.418864510565566,17.598440935138672,613900
2003-05-07,17.475574493408203,17.711858629559266,17.277096684339657,17.43776996903058,400200
2003-05-08,17.399959564208984,17.57953597035683,17.28654421495048,17.390507984653365,484700
2003-05-09,17.7685604095459,17.910332286262214,17.43776417108595,17.485020261521857,424500
2003-05-12,17.881977081298828,17.900880238059045,17.466116646095344,17.67404776504921,546400
2003-05-13,17.83473014831543,17.910341011470074,17.626798922611275,17.881986261772642,330900
2003-05-14,17.579538345336914,17.900884882823753,17.532280441174308,17.863078559493673,532900
2003-05-15,18.004838943481445,18.05209682212354,17.48501489734459,17.57952885192504,774000
2003-05-16,18.231672286987305,18.231672286987305,17.919775710919655,18.061547537388098,1074700
2003-05-19,17.79691505432129,18.23167865546398,17.778011897161978,18.23167865546398,592000
2003-05-20,18.099363327026367,18.345099029448463,17.9386900524698,18.14662123289876,796400
2003-05-21,18.174972534179688,18.241131793728126,17.957591594890648,17.957591594890648,347900
2003-05-22,18.562469482421875,18.647531862144074,17.967034627070245,18.14661096233975,533200
2003-05-23,18.978343963623047,18.99724712937559,18.467971107240118,18.56248333059262,911100
2003-05-27,19.365842819213867,19.38474597810553,18.760956156316258,18.902726242594827,631100
2003-05-28,19.4981632232666,19.611580384947903,19.413102605386413,19.60212880458241,871700
2003-05-29,19.422544479370117,19.658828484241795,19.252421510133782,19.422544479370117,945400
2003-05-30,19.942367553710938,19.942367553710938,19.46979961074482,19.46979961074482,802400
2003-06-02,20.036893844604492,20.310982482944322,19.932928256248996,20.036893844604492,590200
2003-06-03,20.41495704650879,20.41495704650879,19.857326140962673,20.03690265360605,549200
2003-06-04,20.77409553527832,20.783547114645586,20.178660456776086,20.301527383141664,615400
2003-06-05,20.358234405517578,20.651226119770055,20.225914113029184,20.58506687487797,798200
2003-06-06,20.292078018188477,20.679583801011532,20.225918758102292,20.36768885867335,1426600
2003-06-09,20.235366821289062,20.310977648631635,20.01798591801721,20.2259152425332,1027000
2003-06-10,20.566158294677734,20.58506144614865,20.22590877901625,20.22590877901625,678300
2003-06-11,21.13324737548828,21.13324737548828,20.4905544294946,20.566165258275955,1373700
2003-06-12,20.98202896118164,21.13325064211914,20.745744859378714,21.13325064211914,501800
2003-06-13,21.057634353637695,21.057634353637695,20.755189267306385,20.98202353273091,345800
2003-06-16,21.08598518371582,21.171047574098097,20.906410628645666,20.963118287999187,606000
2003-06-17,21.123790740966797,21.189949974978457,20.859152002216234,21.085984434272177,368200
2003-06-18,21.07654571533203,21.3884407250183,20.915872419269103,21.123803627529963,318000
2003-06-19,20.57561492919922,21.076535947410274,20.57561492919922,21.076535947410274,528400
2003-06-20,20.783550262451172,20.934771949822068,20.698487837966955,20.764647100853633,646700
2003-06-23,20.074689865112305,20.726834256695756,20.074689865112305,20.651223443374775,600200
2003-06-24,19.923471450805664,20.225914752853644,19.67773581721561,20.084144680356687,623200
2003-06-25,19.90456771850586,20.225914168320937,19.847860051686794,20.036888011355977,380400
2003-06-26,20.358234405517578,20.433845228637708,19.724993085872402,19.847859997428532,432100
2003-06-27,20.244821548461914,20.52836174441584,20.23536996823617,20.263724708913404,393500
2003-06-30,19.866769790649414,20.43385205484405,19.75335261672856,20.235372451158756,932400
2003-07-01,20.26372718811035,20.30153171093398,19.658838598588893,19.932929050555696,504500
2003-07-02,20.53782081604004,20.566175567059982,20.084155615952493,20.178669649980378,500900
2003-07-03,20.235366821289062,20.55671328817107,20.131401257678906,20.53781013065935,419700
2003-07-07,20.689035415649414,20.698486996063743,20.518910573600742,20.547265314843735,541800
2003-07-08,20.641780853271484,20.679585375039096,20.396045152315306,20.679585375039096,537300
2003-07-09,20.585067749023438,20.689031508538303,20.433846096361545,20.528358277247005,699500
2003-07-10,20.273178100585938,20.632329167732046,20.273178100585938,20.59452464615576,712100
2003-07-11,20.320432662963867,20.566168344049846,20.207015501422404,20.367688762028443,479400
2003-07-14,20.282630920410156,20.679588371362605,20.273181140627628,20.462207382263774,474000
2003-07-15,20.131404876708984,20.528362242294737,20.08414877713875,20.41494688224432,556800
2003-07-16,20.093599319458008,20.367687927672936,19.970730582595984,20.22591783358214,586600
2003-07-17,19.847862243652344,20.121952635172335,19.838410664354644,20.09359789727924,363300
2003-07-18,20.084142684936523,20.093594262524515,19.7722478353492,19.98962871176071,421200
2003-07-21,19.961273193359375,20.093591657025566,19.762793695156226,19.847856079714166,492100
2003-07-22,20.509450912475586,20.575610140789415,19.866758175649068,19.866758175649068,455400
2003-07-23,21.08598518371582,21.08598518371582,20.084141455851633,20.509453407763026,1643800
2003-07-24,21.029281616210938,21.42623891433298,20.93476763042867,21.114344023144543,960700
2003-07-25,21.07654571533203,21.07654571533203,20.8119086178437,21.038741188278706,671300
2003-07-28,21.104894638061523,21.2750194696125,21.02928380211715,21.02928380211715,939500
2003-07-29,20.915861129760742,21.2750138577893,20.556710204436236,21.18049988711315,889600
2003-07-30,20.792993545532227,21.029277563095093,20.792993545532227,21.029277563095093,490400
2003-07-31,21.029281616210938,21.26556567931443,20.868608381192388,20.982025524671975,604000
2003-08-01,21.123790740966797,21.218304704999422,20.925311236227895,21.04817993028148,756900
2003-08-04,20.963125228881836,21.104895325557663,20.528361556010772,20.982028389159836,506200
2003-08-05,20.47165298461914,21.02928356955632,20.414945308964114,21.000928830376555,604200
2003-08-06,20.339338302612305,20.556719269130966,20.131407114894593,20.273179034776614,738200
2003-08-07,20.44329261779785,20.471647349172112,20.159752514871307,20.414939689127603,450100
2003-08-08,20.244821548461914,20.537813324641586,20.046341969130484,20.537813324641586,384600
2003-08-11,20.339338302612305,20.452753675272106,20.02744332374058,20.150310277906176,220300
2003-08-12,20.74574089050293,20.74574089050293,20.244818041538807,20.244818041538807,311200
2003-08-13,20.679580688476562,20.88751182054221,20.58506850412421,20.783546254509385,350900
2003-08-14,20.603971481323242,20.755193151436462,20.50945928953086,20.65122937992394,397500
2003-08-15,20.509450912475586,20.764636249871245,20.320423000689985,20.736283324996045,186300
2003-08-18,20.792993545532227,20.953666749583135,20.547257950942367,20.603965610400337,1062000
2003-08-19,21.0103816986084,21.208861279629918,20.84025685850556,20.934770858863207,1025100
2003-08-20,21.322269439697266,21.322269439697266,20.840249823032725,21.010374605703035,1379400
2003-08-21,21.85154914855957,22.078381614124716,21.36952948321956,21.36952948321956,1494200
2003-08-22,21.4545955657959,22.153996238682303,21.38843450795011,21.974419829938448,669000
2003-08-25,21.388427734375,21.69087278063131,21.30336714949183,21.549100932850195,198700
2003-08-26,21.360082626342773,21.42624188475102,21.04818769191491,21.2655686274576,309900
2003-08-27,21.388427734375,21.62471174373829,21.26556084269582,21.407330887773007,384800
2003-08-28,21.265560150146484,21.44513649617147,21.19940091811198,21.360074111354578,357000
2003-08-29,21.539657592773438,21.539657592773438,21.15215004318112,21.17105320222552,390800
2003-09-02,21.8326473236084,21.8326473236084,21.435690033989907,21.51130086045513,805600
2003-09-03,21.79484748840332,22.00277867502667,21.662528953428343,21.785395906947276,971300
2003-09-04,22.040584564208984,22.295771871224094,21.69088504218527,21.700334821522173,1186400
2003-09-05,21.94606590270996,22.21070473576937,21.851553707700127,21.851553707700127,1025000
2003-09-08,22.05002784729004,22.21070107611907,21.93661070817955,21.946062286664116,619200
2003-09-09,21.870454788208008,21.97442036464814,21.74758785462793,21.927164267741468,617900
2003-09-10,21.4545955657959,21.87045425602814,21.4545955657959,21.87045425602814,1077000
2003-09-11,21.64361572265625,21.766484421725757,21.50184567217174,21.64361572265625,543700
2003-09-12,21.322269439697266,21.530200530829426,21.171047811257882,21.501845799483036,796300
2003-09-15,21.482952117919922,21.482952117919922,21.171057146399086,21.2655711565246,747600
2003-09-16,21.662527084350586,21.86100486968807,21.530208560792264,21.530208560792264,1156100
2003-09-17,21.653072357177734,21.785390861508095,21.51130227358029,21.671975515711907,696100
2003-09-18,21.804292678833008,21.889355084300064,21.464043056964783,21.54910546243184,759000
2003-09-19,21.70033073425293,21.87990715381487,21.53020769765724,21.73813705529949,604100
2003-09-22,21.69088363647461,21.69088363647461,21.265571485679096,21.64362572932798,791700
2003-09-23,21.927165985107422,22.21070619416381,21.7192348159417,21.785394077874543,1109100
2003-09-24,21.312820434570312,21.870450932748277,21.26556434599424,21.73813244257189,449300
2003-09-25,20.896970748901367,21.426246738777166,20.86861600200079,21.40734357417678,582600
2003-09-26,20.528364181518555,20.802454632491028,20.43385197344994,20.793003051143202,470100
2003-09-29,21.019826889038086,21.04818162133713,20.52835567874574,20.72683519943091,540700
2003-09-30,20.509450912475586,20.93476100993753,20.443289881457986,20.887504933343017,574500
2003-10-01,20.76464080810547,20.89696109648372,20.55671150165988,20.603967588628006,786600
2003-10-02,21.199405670166016,21.2561133385209,20.745740717918387,20.792996807763412,710500
2003-10-03,21.2750186920166,21.643621278435045,21.2750186920166,21.4356919378639,460100
2003-10-06,21.4545955657959,21.501851661552674,21.152150423757224,21.171053583141735,408300
2003-10-07,21.171056747436523,21.454598772469797,21.000931892957514,21.454598772469797,501900
2003-10-08,21.13324737548828,21.284469033050986,20.982025717925573,21.284469033050986,397900
2003-10-09,21.360082626342773,21.596366722203413,21.199409369049356,21.227762306821695,444300
2003-10-10,21.473485946655273,21.549096742841595,21.322264354282623,21.454584599636377,306200
2003-10-13,21.501848220825195,21.662521444473597,21.454592132630342,21.473493486285758,217200
2003-10-14,21.662527084350586,21.662527084350586,21.397888234529262,21.596367822571427,550000
2003-10-15,21.69088363647461,21.813750589646183,21.54911171773955,21.634174147898655,555700
2003-10-16,22.05002784729004,22.05002784729004,21.605814474741194,21.643618985975177,416400
2003-10-17,21.804292678833008,22.068931473919882,21.653071025270307,22.068931473919882,384900
2003-10-20,21.75704002380371,21.832650862524908,21.426241928384247,21.75704002380371,303700
2003-10-21,21.586912155151367,21.8610007310188,21.51130132704611,21.832647797169543,409800
2003-10-22,20.603971481323242,20.792999470317017,20.084147215647118,20.13140331154331,1732800
2003-10-23,20.40549659729004,20.603974391331516,20.25427490581898,20.603974391331516,1141100
2003-10-24,20.273178100585938,20.358240527513523,20.093601665660504,20.348788946443264,747200
2003-10-27,20.22591781616211,20.414945809923395,20.131403819281463,20.273175715954707,1281900
2003-10-28,20.44329261779785,20.471647349172112,20.093593277702045,20.17865566912081,827800
2003-10-29,20.292078018188477,20.348787500580606,20.15030791761742,20.32043275938454,838500
2003-10-30,20.22591781616211,20.45275032705292,20.18811329903258,20.34878655291831,594100
2003-10-31,20.77409553527832,20.88751268498107,20.207013392173444,20.207013392173444,1460300
2003-11-03,21.029281616210938,21.26556567931443,20.698483567325177,20.698483567325177,1072700
2003-11-04,21.199405670166016,21.265564917030762,20.849704476118298,21.15214777761672,944100
2003-11-05,21.11434555053711,21.171053225026913,20.925317565298464,21.07653923240759,535200
2003-11-06,21.41678810119629,21.454594417942616,20.944219958093626,21.019830788881876,598800
2003-11-07,21.615270614624023,21.87990765722018,21.464047129663097,21.482950290621293,909100
2003-11-10,21.445146560668945,21.549110344355974,21.31282623179635,21.53966056623374,581200
2003-11-11,21.4545955657959,21.4545955657959,21.256115997667532,21.350629991885587,450200
2003-11-12,21.785396575927734,21.95552144195105,21.454600228332282,21.54911244038533,833500
2003-11-13,22.135089874267578,22.210700698153122,21.738132598192415,21.738132598192415,592600
2003-11-14,21.97441291809082,22.27685616229428,21.908253683759305,22.201245351243415,432500
2003-11-17,21.85154914855957,21.927159970414618,21.56800721457499,21.7381320144249,610400
2003-11-18,21.747587203979492,22.01222602577116,21.643621630649818,21.917712032080956,296000
2003-11-19,21.879905700683594,21.974419694318335,21.671976356850756,21.73813561158373,406700
2003-11-20,21.870454788208008,21.964968784725897,21.643622278187795,21.78539237161236,1186100
2003-11-21,22.02168083190918,22.02168083190918,21.738140588789538,21.870459128551385,584500
2003-11-24,22.39972686767578,22.418628220107248,21.91770722794357,22.002769623349494,732500
2003-11-25,22.664371490478516,22.758885495402808,22.31467201577475,22.44699054104594,1128000
2003-11-26,22.588754653930664,22.654913899013177,22.37137376217263,22.636012545206906,396800
2003-11-28,22.588754653930664,22.64546232075793,22.513143830592906,22.588754653930664,376400
2003-12-01,22.739978790283203,22.806138042609135,22.513146295435263,22.683271117247322,648000
2003-12-02,22.494253158569336,22.721087557181715,22.494253158569336,22.62657352487743,508300
2003-12-03,22.494253158569336,22.66437805617601,22.36193459496647,22.494253158569336,784000
2003-12-04,22.314674377441406,22.399736810605354,22.1256463475871,22.399736810605354,630300
2003-12-05,22.267410278320312,22.45643825562514,22.182347868803582,22.371375846108407,530400
2003-12-08,22.10672950744629,22.286305844440164,22.03111870282315,22.210695039817026,438200
2003-12-09,21.84210205078125,22.201253077586397,21.7948441507381,22.106739080204655,542000
2003-12-10,21.586912155151367,21.813744639467142,21.454593656643247,21.775940126766685,557800
2003-12-11,22.01222801208496,22.08783885331911,21.605819064437178,21.653075164194274,801800
2003-12-12,23.061330795288086,23.070782376840466,22.541506428841092,22.683276546717103,2538500
2003-12-15,22.872299194335938,23.44883111183102,22.825041297685896,23.146387784088464,661900
2003-12-16,22.9857120513916,23.09912918836349,22.739976423539368,22.777782736764742,478700
2003-12-17,22.84394073486328,23.080224771507417,22.777781493035587,23.080224771507417,594000
2003-12-18,23.363765716552734,23.401572029044157,22.862844694970764,22.90064920475799,741900
2003-12-19,23.203096389770508,23.552797628215696,23.174743453345563,23.420479117687275,575700
2003-12-22,23.382671356201172,23.43937902825686,23.023520362909302,23.108582772345027,370600
2003-12-23,23.37322235107422,23.392125511409308,23.193647736004646,23.382673931241765,675800
2003-12-24,23.63785743713379,23.63785743713379,23.165289319964472,23.259803303939197,317700
2003-12-26,23.628406524658203,23.63785810359259,23.533892538018698,23.581150432690627,198500
2003-12-29,23.97810935974121,24.006462295761885,23.628408126282263,23.628408126282263,562600
2003-12-30,23.86469078063965,23.91194687298491,23.7512736352249,23.789079951264608,668800
2003-12-31,23.817432403564453,23.86468849137659,23.57169678099211,23.86468849137659,487400
2004-01-02,23.656757354736328,23.84578349409482,23.571694961078588,23.81743056467828,541500
2004-01-05,23.77017593383789,23.91194600845237,23.628405859223413,23.722919843201165,529300
2004-01-06,23.97810935974121,23.997010716186832,23.609504967132164,23.722922119328288,860400
2004-01-07,24.204940795898438,24.204940795898438,23.817435063902234,23.91194725008324,507800
2004-01-08,24.696414947509766,24.696414947509766,24.204945357551438,24.204945357551438,623700
2004-01-09,24.58299446105957,24.668056869098532,24.37506513180009,24.57354288208809,466300
2004-01-12,24.308902740478516,24.58299310744612,24.148229512219224,24.58299310744612,669200
2004-01-13,24.526294708251953,24.554647651615785,24.214399712315217,24.214399712315217,501700
2004-01-14,25.28238868713379,25.30129184029647,24.41286347139337,24.41286347139337,1184300
2004-01-15,25.121723175048828,25.272944841199106,24.857084357933616,24.857084357933616,640000
2004-01-16,25.66990089416504,26.13301744915152,25.235139076191583,25.235139076191583,1136500
2004-01-20,25.707712173461914,25.802224376343656,25.29185163050433,25.575391844558986,427400
2004-01-21,25.97234535217285,25.9817969315923,25.48087403858829,25.6131943477561,458400
2004-01-22,26.293699264526367,26.463824136695056,25.89674183036774,25.991255848539787,880600
2004-01-23,26.2275333404541,26.28424101589242,25.95344293754399,26.180277244706254,536800
2004-01-26,26.681198120117188,26.700101279335705,26.28424079005074,26.30314394926926,804300
2004-01-27,26.463817596435547,28.02329220139888,26.444914436931867,26.889129671745778,1790000
2004-01-28,26.303144454956055,27.078155970770283,26.246436778914763,26.511073802243807,911800
2004-01-29,26.23697853088379,26.369297008919006,25.61318884485483,26.27478303773497,882600
2004-01-30,26.34095001220703,26.56778251251558,26.1046659323809,26.170825186299503,1002600
2004-02-02,26.010154724121094,26.501626095417212,25.98179998253317,26.20863250712261,848700
2004-02-03,26.511072158813477,26.548878475633725,25.811671521978557,25.849477838798805,792200
2004-02-04,26.700103759765625,26.89858154188512,26.170827871408992,26.511075755428788,932900
2004-02-05,26.08576202392578,26.69064867403741,25.991248034169736,26.60558626352741,997700
2004-02-06,26.785160064697266,27.011992536478452,26.227529562221093,26.227529562221093,1156500
2004-02-09,26.303144454956055,26.73790811181801,26.303144454956055,26.46381770599348,665600
2004-02-10,26.59613800048828,26.700103582453586,26.246438538303487,26.36930547841323,495600
2004-02-11,26.993083953857422,27.06869476258572,26.397649060460044,26.652836215932012,507200
2004-02-12,27.248279571533203,27.418404394681676,26.983640757446196,27.00254391617479,697700
2004-02-13,26.898578643798828,27.16321746081696,26.889128867034305,27.078155048300577,651800
2004-02-17,26.728450775146484,27.1443093801527,26.652839955808616,27.03089405249796,821400
2004-02-18,26.55832862854004,26.804064266561344,26.369300659999244,26.71900186098842,704000
2004-02-19,26.38820457458496,26.86077270679264,26.322045324508583,26.700099469733853,605300
2004-02-20,26.151918411254883,26.473264859602406,25.82112038469664,26.463813281391687,626400
2004-02-23,25.91563606262207,26.454363437011875,25.811670498194445,26.161371704093696,548300
2004-02-24,25.66990089416504,26.180275344173225,25.575386906826,25.91563654016479,652500
2004-02-25,25.849477767944336,26.06685868095169,25.528131286670682,25.764415358036345,461700
2004-02-26,26.180273056030273,26.435458456026918,25.622642562441385,25.660447072450282,652300
2004-02-27,26.529977798461914,26.60558863646957,26.218082866342264,26.369304542357575,498000
2004-03-01,26.945838928222656,26.955290508528936,26.463819148830126,26.511075247656905,748800
2004-03-02,26.747350692749023,27.021441024831798,26.586677484939408,26.945830209551037,572800
2004-03-03,26.79461669921875,27.002546053578754,26.369304607681713,26.558332604521414,592300
2004-03-04,27.21047592163086,27.21047592163086,26.747357531582857,26.747357531582857,685900
2004-03-05,27.361692428588867,27.427851671055183,26.728451132161883,26.841866461331524,471900
2004-03-08,27.040346145629883,27.399497093653977,27.03089456769449,27.31443469493961,423500
2004-03-09,26.53942108154297,26.945829884792918,26.3976510299382,26.860767493289256,554300
2004-03-10,26.057415008544922,26.74736427363943,25.9912557369201,26.72846291225016,517900
2004-03-11,25.773866653442383,26.236983211895588,25.660449507245662,26.0668583939527,714800
2004-03-12,26.057415008544922,26.123574280169745,25.707715486326585,25.726616847715857,818900
2004-03-15,25.66990089416504,25.934539698173474,24.479028980183646,25.78331803951276,657900
2004-03-16,25.603742599487305,25.868381413373264,25.367458523672695,25.641547114211335,451700
2004-03-17,26.170825958251953,26.426011401935902,25.68880620486413,25.68880620486413,545000
2004-03-18,26.038496017456055,26.284231593200474,25.745504362904725,26.170816282982344,706800
2004-03-19,25.83057403564453,26.17082366771633,25.736060048657436,25.89673328572419,619700
2004-03-22,25.329654693603516,25.698259113910087,24.809830396846667,25.61319669404739,507800
2004-03-23,25.01775550842285,25.47142227158543,24.923243327022277,25.376908287480543,553000
2004-03-24,24.85708236694336,25.131172741577068,24.85708236694336,25.046110335842766,578300
2004-03-25,25.48087501525879,25.499778174822232,24.99885706532259,24.99885706532259,881000
2004-03-26,25.424169540405273,25.698259969691414,25.301302598014548,25.424169540405273,435600
2004-03-29,26.274791717529297,26.511075822193067,25.49032856215377,25.49978014266488,2081600
2004-03-30,26.766258239746094,26.822965909836718,26.22753086712434,26.303141694813284,803100
2004-03-31,26.728450775146484,26.879672413822224,26.48271516162238,26.718999197391234,458300
2004-04-01,27.030900955200195,27.238830310800843,26.586685700787793,26.59613728095663,910000
2004-04-02,27.72085189819336,27.84371884302372,27.15376966986582,27.172672831441172,1329800
2004-04-05,27.8720760345459,27.8720760345459,27.437314096337946,27.5507294703466,729500
2004-04-06,27.48456573486328,27.79646066675443,27.399503316828916,27.73975298896638,453500
2004-04-07,27.550724029541016,27.65468960410488,27.182121432748414,27.42785709817832,328900
2004-04-08,27.76810073852539,27.843711562351096,27.654685404138952,27.76810073852539,521800
2004-04-12,27.919322967529297,27.957127476436245,27.569621795943206,27.83426056910847,353400
2004-04-13,27.50346565246582,27.97603378462948,27.37114534962103,27.97603378462948,481700
2004-04-14,27.541276931762695,27.645242523245564,27.27663986646783,27.4562145028594,497900
2004-04-15,27.72085189819336,27.787011161002376,27.37115061986822,27.579081791787655,649700
2004-04-16,28.297382354736328,28.476956960312673,27.711397034258876,27.85316712386817,1129600
2004-04-19,28.278480529785156,28.335188207763856,28.108355693144475,28.335188207763856,699600
2004-04-20,27.53182029724121,28.647081446872306,27.53182029724121,28.325734952819126,584700
2004-04-21,27.994945526123047,28.070556378344175,27.64524420790975,27.64524420790975,525700
2004-04-22,28.826650619506836,28.949517517482178,27.900417687988043,27.99493165711739,1162800
2004-04-23,29.299230575561523,29.299230575561523,28.732148332912928,28.779406238044754,1326500
2004-04-26,29.166912078857422,29.677284835912246,28.95898090145696,29.185813438226297,1059600
2004-04-27,28.20287322998047,29.24252373778485,28.17451848608137,29.081850461099584,1353500
2004-04-28,27.48456573486328,28.73214546242788,27.475114154781178,28.40134737037252,1397600
2004-04-29,28.16506004333496,28.732142164233217,27.54127025115819,27.579076567146775,1502300
2004-04-30,27.597980499267578,28.30683271959769,27.569625761480783,28.240671664761837,965600
2004-05-03,27.692493438720703,27.985486995696544,27.550723351344516,27.692493438720703,1263700
2004-05-04,27.645233154296875,28.04219042041546,27.59797706656779,27.824809532534953,1154700
2004-05-05,28.32573699951172,28.429702579424685,27.550725447044954,27.645239446719962,909300
2004-05-06,27.701948165893555,28.278481963130833,27.51292196214856,28.269030382537885,685100
2004-05-07,26.945838928222656,27.692495745372536,26.813520409343983,27.45621164582941,1267000
2004-05-10,26.28424644470215,26.84187714268269,25.75497049164947,26.60559300973178,1308700
2004-05-11,27.19156837463379,27.29553212876081,26.322043015538274,26.322043015538274,823100
2004-05-12,27.30498695373535,27.390049364402174,26.84187038605177,27.0498015244393,578100
2004-05-13,27.48456573486328,27.57907973297975,27.134864482643714,27.21047712330055,758800
2004-05-14,27.3144474029541,27.730308012069216,27.04035872612494,27.49402386186597,522200
2004-05-17,26.908035278320312,27.125418041536392,26.709557480298216,27.07816013531342,584800
2004-05-18,26.775711059570312,27.125412280530146,26.70010022837689,26.91748114271993,424700
2004-05-19,27.030900955200195,27.399503568261895,26.898580635541062,26.964741696722925,1705500
2004-05-20,26.9174861907959,27.24828431531879,26.794619243078408,27.030903360208367,386200
2004-05-21,27.087608337402344,27.304989270795545,26.945838241828714,27.06870517727131,458900
2004-05-24,27.41840934753418,27.51292335554569,27.182125228857778,27.219929750439526,1053100
2004-05-25,28.30683135986328,28.33518429358371,27.446757518059886,27.494013609396823,866800
2004-05-26,28.76995086669922,28.79830380333818,28.14616102277886,28.306834273649528,747000
2004-05-27,28.883363723754883,29.280321026752294,28.77939996055143,28.798301315776555,1070200
2004-05-28,29.091299057006836,29.214165995884517,28.533668436483136,28.807757055227793,800900
2004-06-01,28.977876663208008,29.36538237323315,28.543114862771716,28.96842508458492,708500
2004-06-02,28.81719970703125,29.09129004355823,28.476950131398876,28.921165255742043,620900
2004-06-03,28.098905563354492,28.6092800996195,27.994941782144885,28.495862935103496,1050100
2004-06-04,27.938220977783203,28.306825261070827,27.83425723870039,28.09889417749731,1312500
2004-06-07,28.53366470336914,28.57146921703754,27.824812495718962,27.994937313987705,1067600
2004-06-08,28.278480529785156,28.448605366425838,28.155613593713873,28.40134746585644,828700
2004-06-09,27.76810073852539,28.401342064079756,27.76810073852539,28.278475151377073,718600
2004-06-10,28.20287322998047,28.30683882157235,27.730304981224368,27.872075095310237,535100
2004-06-14,27.664142608642578,28.231224804017668,27.380600609602734,28.16506374234848,803000
2004-06-15,27.63578987121582,27.938233249951768,27.588533769302604,27.787011560583792,643900
2004-06-16,27.541276931762695,27.692498626989703,27.437313142984628,27.654694104535352,769000
2004-06-17,27.68303871154785,27.711391642330256,27.1726643250148,27.494010760379133,498400
2004-06-18,27.522367477416992,27.64523439263884,27.46565800635681,27.588526724282932,642700
2004-06-21,27.597980499267578,27.85316592853106,27.342793267299676,27.39004936090658,552800
2004-06-22,28.013839721679688,28.089450554560834,27.5507231449446,27.66414029561855,734300
2004-06-23,28.580930709838867,28.59038229221048,27.928785947837653,27.976043859695718,754300
2004-06-24,28.22176742553711,28.59982154388001,28.14615660186853,28.59982154388001,463700
2004-06-25,28.363540649414062,28.448603060840615,28.17451266786518,28.278478237987507,592500
2004-06-28,28.344642639160156,28.684892346668377,28.297386536541687,28.36354580128945,749800
2004-06-29,28.391895294189453,28.495859061265822,28.316282659654743,28.33518581828842,719900
2004-06-30,29.053491592407227,29.119650849407524,28.38244563974186,28.448604896742157,1196400
2004-07-01,28.51476287841797,29.110197967494333,28.45805520391176,28.996782618481916,1268500
2004-07-02,28.06110191345215,28.543121722852984,28.013844008978698,28.543121722852984,740200
2004-07-06,27.6263370513916,28.004391257857726,27.45621220780568,28.004391257857726,669000
2004-07-07,27.83426856994629,28.070552677322045,27.4940188784597,27.569629720711752,853000
2004-07-08,27.38059425354004,27.824809408105423,27.37114267549565,27.824809408105423,590800
2004-07-09,26.983644485473633,27.38060186009507,26.59613869152231,27.38060186009507,1134200
2004-07-12,26.92693519592285,27.01199761416878,26.36930458862379,26.945838356134075,517300
2004-07-13,26.908035278320312,27.068708554068827,26.841876012312948,26.88913391853592,350100
2004-07-14,27.333343505859375,27.44676066184502,26.681198915027128,26.841872167762478,805400
2004-07-15,27.3144474029541,27.76811253869513,27.257739711662726,27.29554423828864,792400
2004-07-16,26.709550857543945,27.550721549988012,26.69064769974188,27.550721549988012,930300
2004-07-19,26.71900749206543,26.945840020497144,26.59613874580782,26.794618334876002,835400
2004-07-20,26.747350692749023,26.841864662525982,26.511066669658646,26.79460857898952,1588200
2004-07-21,25.79277229309082,26.93638643063723,25.764417553137562,26.79461633628005,1123100
2004-07-22,25.613191604614258,26.038501816712483,25.112268765258477,25.792767988942444,1377000
2004-07-23,25.272937774658203,25.77386053040877,25.244583044169094,25.62263890654142,755300
2004-07-26,24.620798110961914,25.19733178907668,24.573542020465815,25.1878802104366,1003300
2004-07-27,24.479019165039062,24.70585156207907,23.91193727108722,24.6585954887096,2601800
2004-07-28,23.514989852905273,24.488480870266237,22.966810882620553,24.488480870266237,3866500
2004-07-29,23.87413787841797,24.129325055673636,23.533888308743744,23.58114619492296,1461000
2004-07-30,24.308902740478516,24.365612211184803,23.69456456279449,23.968654929762096,838900
2004-08-02,24.327808380126953,24.40341921274745,23.864691804988347,24.03481662906058,981700
2004-08-03,23.902490615844727,24.167127545552482,23.628400306985828,24.148224392657962,834200
2004-08-04,23.97810935974121,24.167135543128783,23.628408126282263,23.826885889244885,833100
2004-08-05,23.50554656982422,24.01591936460032,23.486643406353465,23.959211676892952,662300
2004-08-06,23.042417526245117,23.307056285532024,22.825036653993763,23.297604708124915,902900
2004-08-09,23.184194564819336,23.344867811232195,23.004618159368622,23.004618159368622,596900
2004-08-10,23.297609329223633,23.467734150887885,22.85339591920374,23.080228413854606,961300
2004-08-11,23.23145294189453,23.439382303623894,22.957364319737852,23.108586001487325,1377900
2004-08-12,22.881744384765625,23.240897116503124,22.881744384765625,23.240897116503124,595900
2004-08-13,22.910106658935547,23.061328342278646,22.683274133920897,22.910106658935547,740100
2004-08-16,23.363765716552734,23.401572029044157,22.77778229456926,22.910100782880846,677000
2004-08-17,23.50554656982422,23.571705839266965,23.278712213584964,23.3448732857326,1066900
2004-08-18,24.365615844726562,24.412871941324642,23.363770011965563,23.411027911268175,906800
2004-08-19,24.29000473022461,24.479030917155544,24.223843671959045,24.29000473022461,789800
2004-08-20,24.70586395263672,24.781474789570623,24.233295771123668,24.271102090942897,648400
2004-08-23,24.828725814819336,25.017751953464664,24.705857112131024,24.705857112131024,766600
2004-08-24,24.790925979614258,25.159530381236127,24.705863564063403,25.046113226266815,700100
2004-08-25,25.216236114501953,25.22568769357988,24.74366797683199,24.800375648595157,606000
2004-08-26,25.235136032104492,25.263488962992962,25.140622056166574,25.21623287637608,579500
2004-08-27,25.329654693603516,25.414717113466217,25.187884594733884,25.244592273740814,335500
2004-08-30,24.724763870239258,25.282394395515574,24.668056200651385,25.235138304643066,536900
2004-08-31,24.828725814819336,24.90433663081828,24.50737939614782,24.67750418282145,670000
2004-09-01,24.86654281616211,24.95160525224026,24.62080709001467,24.8570912340751,573400
2004-09-02,25.08392333984375,25.131179443318246,24.743673626172022,24.904346901772026,815700
2004-09-03,25.093366622924805,25.14062451687133,24.95159654649388,24.95159654649388,579600
2004-09-07,25.187883377075195,25.301300532310737,25.083919604372518,25.187883377075195,661200
2004-09-08,25.13117027282715,25.46196828455315,25.055559453235844,25.348551153814128,797700
2004-09-09,25.216236114501953,25.42416544610316,24.94214572935527,25.17842979819025,805900
2004-09-10,25.64154815673828,25.707709214928055,25.046113054666385,25.27294556034637,438700
2004-09-13,25.92508888244629,25.9345404617289,25.443069155259675,25.49977682825092,562100
2004-09-14,26.038496017456055,26.114106825169426,25.792762244415492,25.925080707237925,660900
2004-09-15,26.010154724121094,26.114118504534176,25.660453455355295,25.94399546312059,693400
2004-09-16,26.652847290039062,26.747359488190813,26.000702667105156,26.010154247461255,979900
2004-09-17,26.63393783569336,26.908026390434287,26.397653790738953,26.747353167757122,575100
2004-09-20,26.16136932373047,26.444909452019804,25.94398843852837,26.444909452019804,619800
2004-09-21,26.31259536743164,26.378754621586033,25.943992778454618,26.161373700020324,340700
2004-09-22,25.73606300354004,26.218082770083335,25.660452165809986,26.218082770083335,365900
2004-09-23,25.679359436035156,25.849484298833293,25.51868615480412,25.802226390997777,407300
2004-09-24,25.405263900756836,25.707709042337505,25.376910964427505,25.537584213543536,541800
2004-09-27,25.11227035522461,25.5186792389442,25.055562683895293,25.433616830598034,379200
2004-09-28,25.556489944458008,25.556489944458008,24.85708739955059,25.140629410306087,430500
2004-09-29,25.518678665161133,25.688803478028234,25.329650694707837,25.518678665161133,603100
2004-09-30,25.537578582763672,25.754959459312555,25.40525829915227,25.51867542757574,727000
2004-10-01,26.529977798461914,26.58668547629151,25.518682164095313,25.603744582191997,871000
2004-10-04,26.71900749206543,26.91748527842892,26.624493487876045,26.624493487876045,435700
2004-10-05,26.52052116394043,26.64338987897621,26.397654251608884,26.633938300688513,336800
2004-10-06,26.605587005615234,26.615038585124907,26.293692092613945,26.567782490281015,204900
2004-10-07,26.61504364013672,26.785168498213793,26.31260024920184,26.652849965355983,663400
2004-10-08,25.991247177124023,26.605585386224263,25.934539506222062,26.463815307617185,451100
2004-10-11,25.896739959716797,26.11412092391652,25.754969844051974,25.943997866741626,356200
2004-10-12,25.91563606262207,25.925087641452247,25.47142267382971,25.764414406747893,583800
2004-10-13,25.75497055053711,26.142476385246233,25.70771444492083,26.08576869796572,283300
2004-10-14,25.565927505493164,25.896725458614373,25.55647773208451,25.858920956868307,338200
2004-10-15,25.72661018371582,26.00070058396915,25.518680840654472,25.660450929228322,395000
2004-10-18,25.707712173461914,25.717161951586313,25.358010893603435,25.565940263729868,692700
2004-10-19,25.38636589050293,26.09521823544813,25.367462728655255,25.89673864145701,381600
2004-10-20,25.301300048828125,25.301300048828125,24.78147398442999,25.04611280645292,878800
2004-10-21,25.225685119628906,25.669898474738936,25.168975650947814,25.47142074246771,635200
2004-10-22,24.762571334838867,25.235139476322782,24.705861859913632,25.235139476322782,506700
2004-10-25,24.772018432617188,24.894887145631312,24.46012356507209,24.743665500924852,315800
2004-10-26,25.1406307220459,25.1406307220459,24.479034465134912,24.951602705012824,495400
2004-10-27,27.408945083618164,27.654680669657832,25.197326611965075,25.376902963821742,1898500
2004-10-28,27.229379653930664,27.50347008000708,26.99309554981154,27.4089560778185,731400
2004-10-29,27.408945083618164,27.418396660316297,26.955280218331357,27.314431119340764,925400
2004-11-01,27.286075592041016,27.503456427273505,27.059241378307213,27.314428516729922,716400
2004-11-02,27.494016647338867,27.88152240777291,27.267184138990004,27.38059949181217,976500
2004-11-03,28.16506004333496,28.590372084684745,28.11780395105359,28.259574030602064,951600
2004-11-04,28.316282272338867,28.34463700990154,27.65468795354943,28.089449779950684,593300
2004-11-05,28.23121452331543,28.68487939332669,28.202859792925747,28.354081416262833,898000
2004-11-08,28.2501163482666,28.533658248809683,28.231214997060246,28.231214997060246,981100
2004-11-09,28.32573699951172,28.51476499886173,28.16506374087559,28.3068356417404,721800
2004-11-10,28.401344299316406,28.694337842066336,28.306832114124173,28.4486021946169,569300
2004-11-11,28.382450103759766,28.495865475682766,28.306839254909487,28.4108030453881,412600
2004-11-12,28.316282272338867,28.401344682322485,28.004387369967063,28.3540885890891,573200
2004-11-15,28.33518409729004,28.48640575176583,28.250121691309367,28.354087254775592,991500
2004-11-16,28.287931442260742,28.505312371635725,28.16506270638477,28.354090698791865,700800
2004-11-17,28.410799026489258,28.71324237910772,28.306835250717022,28.448605346918853,721800
2004-11-18,28.51476287841797,28.665984545570836,28.287930377688664,28.287930377688664,734300
2004-11-19,27.86261749267578,28.514762039782887,27.834264557608787,28.514762039782887,896100
2004-11-22,28.26902198791504,28.354084385287234,27.78700233704066,28.02328637358472,946400
2004-11-23,28.127260208129883,28.439155156092117,27.966586943864208,28.35409273367472,1136900
2004-11-24,28.410799026489258,28.52421618507347,28.250125770072625,28.287932090502224,521400
2004-11-26,28.42024803161621,28.543116759175458,28.259574789757174,28.391895096567474,375000
2004-11-29,28.37299346923828,28.58092281586924,28.032743808656242,28.335187150193825,752100
2004-11-30,28.590370178222656,28.647077845719796,28.287926881298933,28.34463454879607,1422500
2004-12-01,28.996784210205078,29.20471356327804,28.656534539081534,28.656534539081534,1174900
2004-12-02,29.006235122680664,29.15745679465419,28.864465030543546,29.006235122680664,912400
2004-12-03,28.921171188354492,29.20471135774148,28.79830245963688,29.034586535027515,1182600
2004-12-06,28.79830551147461,28.921174253212968,28.675438572440875,28.855014993525216,810500
2004-12-07,28.467510223388672,29.251973392550898,28.4297039006798,28.864467598308394,823400
2004-12-08,28.779409408569336,28.940082698308828,28.335194064916358,28.476964190520626,1416600
2004-12-09,28.467510223388672,28.54312106610173,27.86262167897953,28.50531474339286,1251300
2004-12-10,28.543115615844727,28.59982328637512,28.259573657784077,28.467504787569425,979500
2004-12-13,28.911725997924805,29.006240009507643,28.599831021594824,28.63763554460506,1195300
2004-12-14,29.01569366455078,29.110205880183127,28.826665627876167,28.911728064109248,807400
2004-12-15,29.081846237182617,29.185810010969746,28.80775582741532,29.06294307732876,726000
2004-12-16,29.110197067260742,29.280321888222723,28.892816152789063,29.15745496347486,738300
2004-12-17,28.73214340209961,29.148003882368755,28.458054810191257,28.864463711056054,949100
2004-12-20,28.85501480102539,29.015688060354304,28.6376320600242,28.921174060271778,703600
2004-12-21,28.90226936340332,28.977880198909297,28.751047692391367,28.85501326722628,493100
2004-12-22,29.185806274414062,29.185806274414062,28.88336296629127,28.996780108189473,1073200
2004-12-23,29.01569366455078,29.242526226937343,28.864471956293073,29.18581673431198,812500
2004-12-27,28.65652847290039,29.02513100345325,28.63762531679404,29.02513100345325,597800
2004-12-28,28.684886932373047,28.826657016174,28.54311684857209,28.722691446791238,869400
2004-12-29,28.65652847290039,28.79829853828963,28.571466073126008,28.751042450727944,788000
2004-12-30,28.618722915649414,28.826652217094317,28.59036818252797,28.63762426835959,524700
2004-12-31,28.53366470336914,28.675434784358302,28.49585838699636,28.675434784358302,618500
2005-01-03,28.05164909362793,28.675438983489347,27.758657309651724,28.48641097935361,1132800
2005-01-04,27.701948165893555,28.259578801944933,27.456212478590857,28.11780869846002,905400
2005-01-05,27.6263370513916,27.739754214683767,27.45621220780568,27.692496312185092,665600
2005-01-06,27.645233154296875,27.768100064015016,27.390045954069745,27.58852548848113,1102100
2005-01-07,27.23882484436035,27.75865083309726,27.23882484436035,27.69248978519297,794600
2005-01-10,27.3144474029541,27.46566911486778,27.191580438038617,27.248288129329996,689400
2005-01-11,27.267181396484375,27.380596737899342,26.964738082438668,27.314437488289887,954200
2005-01-12,27.3144474029541,27.45621753253505,26.747365081925313,27.361705314617755,1204600
2005-01-13,26.993083953857422,27.39949272678599,26.926924721558144,27.31443034162867,624400
2005-01-14,27.63578987121582,27.701949134976218,27.115965539351503,27.12541712027509,958000
2005-01-18,27.758649826049805,27.834260646778848,27.408948653487887,27.59797660666257,1196400
2005-01-19,27.07814598083496,27.692484018964144,27.011986749410813,27.59797186133185,963100
2005-01-20,28.1839656829834,28.250124939084515,27.692494348082924,27.692494348082924,2003000
2005-01-21,28.297382354736328,28.590374113622808,28.1083543667876,28.155612265127033,1172700
2005-01-24,28.146156311035156,28.552563357364235,28.06109390994892,28.533662003670575,733700
2005-01-25,28.117799758911133,28.52420858167427,28.061092096087282,28.306827705262762,514300
2005-01-26,28.127260208129883,28.31628641139825,28.01384304400513,28.16506472770169,552000
2005-01-27,28.10835075378418,28.202864735609865,27.64523422581302,27.938225947038802,409100
2005-01-28,27.919322967529297,28.278473914314006,27.787002679594586,28.21231467169873,931000
2005-01-31,28.297382354736328,28.467507183349284,28.023291952481127,28.070549850820555,870600
2005-02-01,28.26902198791504,28.354084385287234,28.13670350431569,28.325729651928455,974400
2005-02-02,28.344642639160156,28.401350322843275,28.174517785406046,28.269031793347747,765900
2005-02-03,25.329654693603516,26.700103188987367,25.00830817472323,26.700103188987367,6061600
2005-02-04,26.180273056030273,26.25588387875228,25.206782136118235,25.32964904702742,3258800
2005-02-07,26.79461669921875,26.79461669921875,26.038506514564528,26.369304607681713,1964600
2005-02-08,26.81351661682129,27.26718159112829,26.700099471892358,26.747355564035203,1782200
2005-02-09,26.029050827026367,26.79461061526121,25.98179293719448,26.79461061526121,1271200
2005-02-10,26.208627700805664,26.255885594785735,25.736059577230932,26.029053111794383,1474400
2005-02-11,26.303144454956055,26.41656160974316,26.085763527877337,26.27478971558315,1079400
2005-02-14,26.057415008544922,26.31260231570205,25.972352572825876,26.22753987998301,906800
2005-02-15,25.87783432006836,26.08576548566628,25.71716105697208,26.06686232466562,780800
2005-02-16,25.991247177124023,25.991247177124023,25.660449125237935,25.688803862041095,1320900
2005-02-17,26.029050827026367,26.123563001281795,25.764412052080317,25.84947445107354,1581800
2005-02-18,25.92508888244629,26.246435367237364,25.77386721933336,26.057407386993994,1181300
2005-02-22,25.651002883911133,26.18028059814575,25.58484362030799,25.688809207515632,829500
2005-02-23,25.773866653442383,25.991247564056348,25.556485742828418,25.981795984981257,670200
2005-02-24,25.83057403564453,25.89673328572419,24.99885491610769,25.66990079857778,1145500
2005-02-25,25.94399070739746,26.000698377473725,25.802218828150306,25.849476722134135,1104900
2005-02-28,25.953439712524414,26.20862692434358,25.830572797224967,25.953439712524414,939600
2005-03-01,25.82112693786621,26.20863272933002,25.641550511696135,26.123570306549702,1057600
2005-03-02,25.7171630859375,25.792775735905618,25.414719696884216,25.773872573413588,922300
2005-03-03,25.603742599487305,25.88728276938306,25.395813261744046,25.7549642637923,916500
2005-03-04,25.962894439697266,26.142470847870886,25.736061935916926,26.038505274290713,1212300
2005-03-07,26.23697853088379,26.340944079456637,26.019597659053346,26.038499011126905,704000
2005-03-08,26.170825958251953,26.303144469992112,26.123568059270095,26.180277538048323,669000
2005-03-09,26.170825958251953,26.397658465251308,26.123568059270095,26.180277538048323,1114200
2005-03-10,26.114107131958008,26.51106432779262,25.972337091167905,26.15191343761077,854800
2005-03-11,26.019609451293945,26.218087258298084,25.830581423257254,26.13302482595206,752400
2005-03-14,26.076305389404297,26.426004740191562,25.981791417971177,26.076305389404297,487500
2005-03-15,25.94399070739746,26.085760783940287,25.840025143337368,25.99124679867696,716500
2005-03-16,25.518678665161133,25.943990697328882,25.40526152234829,25.896732803363395,521600
2005-03-17,25.1406307220459,25.30130399571258,24.460131302890648,24.762576490684523,1118900
2005-03-18,24.91379737854004,25.263496855240103,24.677513266232808,25.112275167579853,1012200
2005-03-21,24.5640926361084,25.178430880957325,24.507384961906588,25.017757635131808,1219800
2005-03-22,23.940305709838867,24.743672036216953,23.940305709838867,24.441228666922772,1430300
2005-03-23,24.431777954101562,24.630255746236468,23.94030656018931,23.968661303082044,1954300
2005-03-24,24.479019165039062,24.611339415340133,24.261638343213676,24.45066624209884,1201300
2005-03-28,24.516836166381836,24.715313924404494,24.384515858328967,24.573543839716248,1173100
2005-03-29,23.87413787841797,24.54518363782654,23.84578314671044,24.384510430225273,1077700
2005-03-30,23.524444580078125,23.55279932124578,22.62656607555802,22.683273755188694,3678100
2005-03-31,23.902490615844727,24.100968313125545,23.43937238344839,23.524434768769847,1681500
2005-04-01,23.628406524658203,24.280551049495987,23.59060020892066,23.98755751064309,863000
2005-04-04,23.61895751953125,23.666215419352973,23.335417331419123,23.581153002378425,941400
2005-04-05,23.61895751953125,23.779630773516004,23.448832685582154,23.77017919355166,942200
2005-04-06,23.600051879882812,23.675662708948387,23.54334420875972,23.62840661679654,667100
2005-04-07,23.562252044677734,23.694570571136502,23.49609278144835,23.60950814621166,767800
2005-04-08,23.429929733276367,23.63785907022271,23.363768678030123,23.628407490901818,702600
2005-04-11,23.297609329223633,23.533893403156334,23.18419398325041,23.420478057183114,542200
2005-04-12,23.48664093017578,23.50554409165359,22.95736502773006,23.33541924376272,915700
2005-04-13,23.533891677856445,23.666211975397193,23.429927918786777,23.486635587616078,1303000
2005-04-14,23.63785743713379,23.770175933075823,23.486635783855952,23.53389187449116,1647600
2005-04-15,23.382671356201172,23.798531824253118,23.325963684145485,23.59060068887495,1265200
2005-04-18,23.316513061523438,23.42993021299187,23.042422663718995,23.325964641037846,573800
2005-04-19,23.41102409362793,23.562245741327484,23.31651011313965,23.392120936989425,888200
2005-04-20,23.45828628540039,23.6095079724416,23.250356916394903,23.382675441879787,744200
2005-04-21,23.826879501342773,23.86468580950724,23.439373856176996,23.67565787409291,613900
2005-04-22,23.57168960571289,23.826874926005274,23.31650248271686,23.826874926005274,486200
2005-04-25,23.789081573486328,23.893047146980752,23.52444275127529,23.628408324769715,464800
2005-04-26,23.826879501342773,24.167129064006968,23.770171841800074,23.88358896358947,963200
2005-04-27,23.127487182617188,23.77018022648441,22.645467399716768,23.722924127313725,2205200
2005-04-28,22.910106658935547,23.136939183950194,22.721080456109004,23.127487603403168,890700
2005-04-29,23.609498977661133,23.647305286370287,23.004612459946816,23.032967191478683,823300
2005-05-02,23.732383728027344,24.006472440713686,23.581161996330348,23.628418111471195,919200
2005-05-03,24.01591682434082,24.063172925314348,23.770181133328148,23.77963271406379,1036200
2005-05-04,24.40341567993164,24.52628439184286,24.053716305701027,24.100972393233537,670200
2005-05-05,24.3845157623291,24.50738449055844,23.893046257525018,24.479029752650646,1119200
2005-05-06,24.54519271850586,24.65860988459148,24.45068051658999,24.526291359745503,1169300
2005-05-09,24.800371170043945,24.800371170043945,24.337254695083352,24.535732411764723,807400
2005-05-10,24.71531105041504,24.91379058806218,24.601895716934578,24.724762628655782,747200
2005-05-11,24.94214630126953,24.989404197742765,24.582995301595087,24.734216964900583,587000
2005-05-12,24.875980377197266,25.357999975720496,24.044261452083266,25.065008306984236,696000
2005-05-13,24.431777954101562,25.04611629513951,24.28055626408314,24.998860193023027,1137800
2005-05-16,24.535734176635742,24.677506044696244,24.299450133473822,24.431770423483346,623800
2005-05-17,25.178434371948242,25.187885952743084,24.67751320875466,24.97050500257588,1673900
2005-05-18,25.613191604614258,25.821120921459773,25.09336560844409,25.320199884808247,1354900
2005-05-19,25.707712173461914,25.84948228048924,25.54703890477635,25.660454269316325,609700
2005-05-20,25.547033309936523,25.754962634526116,25.424164588771156,25.754962634526116,541000
2005-05-23,25.50922966003418,25.62264681428986,25.47142514375196,25.59429207504981,715100
2005-05-24,25.197330474853516,25.509225342891373,25.046108829908142,25.509225342891373,939300
2005-05-25,25.235136032104492,25.32964820533826,25.140622056166574,25.30129527444979,709700
2005-05-26,25.28238868713379,25.5186726935556,25.150070220402824,25.386354226824636,445300
2005-05-27,25.04610824584961,25.23513619897542,24.979949003066825,25.21623304312201,380100
2005-05-31,24.875980377197266,25.08391146050372,24.790917989063523,24.913786684236236,1050700
2005-06-01,25.01775550842285,25.16897716190894,24.875985433617682,24.942144681679807,539700
2005-06-02,24.951601028442383,25.22569145445293,24.7625748268153,24.970504189416488,1409600
2005-06-03,24.998855590820312,25.093367777653906,24.857083705161102,25.05556326346135,902200
2005-06-06,25.08392333984375,25.121727862082388,24.809832892118237,24.923250064243742,482000
2005-06-07,25.235136032104492,25.480869845757272,25.065011235957066,25.112267322573953,790800
2005-06-08,25.414722442626953,25.424174024894093,25.14063376769986,25.405270860359813,915200
2005-06-09,25.405263900756836,25.424167060112723,25.05556446619545,25.376910964427505,414400
2005-06-10,25.187883377075195,25.405264305013414,25.0555648648875,25.38636294806126,401000
2005-06-13,25.168981552124023,25.235142614430902,24.9232476743741,25.046114613249063,528400
2005-06-14,25.301300048828125,25.358007724010005,25.112272061282532,25.112272061282532,629100
2005-06-15,25.254037857055664,25.433614234423075,25.04610854826995,25.320198903341478,424000
2005-06-16,25.433618545532227,25.537584118899794,25.1122720484911,25.254042137725833,934500
2005-06-17,25.471426010131836,25.499778947631764,25.301301174313984,25.43361968985917,1326900
2005-06-20,25.272937774658203,25.433610975355258,25.216230116383937,25.424159398525553,442700
2005-06-21,25.206783294677734,25.282394120874983,25.093366154029713,25.18788013745235,345600
2005-06-22,25.244590759277344,25.36745949290998,25.10282066891273,25.254042338995585,460700
2005-06-23,25.102821350097656,25.424167858419843,25.0461136729539,25.26349460425875,545400
2005-06-24,25.329654693603516,25.688807533624832,25.282398594881844,25.424168693751472,1467100
2005-06-27,25.027206420898438,25.367456033537103,24.970498753026746,25.33910129824913,994100
2005-06-28,25.28238868713379,25.30129184029647,24.970493870765154,25.036653104130636,842800
2005-06-29,25.50922966003418,25.64154817107871,25.367459569242968,25.433618824765233,1391700
2005-06-30,25.395814895629883,25.745514340819568,25.395814895629883,25.518681829768393,824200
2005-07-01,25.329654693603516,25.51868269389943,25.17843301444863,25.424168693751472,642800
2005-07-05,25.26348876953125,25.376905900329064,24.961045491009266,25.320198236282227,756500
2005-07-06,25.575382232666016,25.840020988309035,25.22568288693835,25.3390982088539,1027900
2005-07-07,25.235136032104492,25.339099783202467,24.87598328408123,25.15007363403078,627300
2005-07-08,25.537578582763672,25.603737823217323,25.1311697597437,25.235135310573206,755100
2005-07-11,25.802217483520508,25.858926953345804,25.528128923515187,25.650995836061522,769400
2005-07-12,26.44491195678711,26.93638324156291,26.161371801641867,26.46381511451795,1764800
2005-07-13,26.35984992980957,26.52052316742993,26.161372178886737,26.511071588428216,653000
2005-07-14,26.24643325805664,26.700098210938606,26.24643325805664,26.558328138501025,654400
2005-07-15,26.10466766357422,26.227534600042056,26.038506602563523,26.227534600042056,669800
2005-07-18,26.08576202392578,26.312594517717642,25.991248034169736,25.991248034169736,488700
2005-07-19,26.18972396850586,26.359848777692235,26.066857052262527,26.218078704271687,418800
2005-07-20,27.597980499267578,27.683042909923543,26.27478824582116,26.284239825083425,1700200
2005-07-21,27.560171127319336,27.890969154013728,27.323887080066804,27.597977440177768,1004800
2005-07-22,27.569623947143555,28.04219206293093,27.44675703022873,27.83426274095803,1322600
2005-07-25,27.51291847229004,27.768103905112184,27.484563734107827,27.616882240215933,754100
2005-07-26,28.070537567138672,28.136696793158066,27.475100927556717,27.522358805216072,1529600
2005-07-27,28.543115615844727,28.817204192328578,28.354087643804295,28.354087643804295,1528100
2005-07-28,28.552562713623047,28.60927218153812,28.061093277288318,28.46750211715879,1119400
2005-07-29,28.22176742553711,28.66598078925199,28.15560818016513,28.429696739949648,952100
2005-08-01,27.928773880004883,28.136704996924728,27.83426170253684,28.11780184034943,823700
2005-08-02,27.8720760345459,28.061104061500146,27.654695065441924,27.98549321125942,818200
2005-08-03,27.67359161376953,27.976034942438417,27.560174464166483,27.90987568963015,1057700
2005-08-04,27.597980499267578,27.83426457271095,27.569625761480783,27.579077340743048,572000
2005-08-05,27.51291847229004,27.758654128422556,27.38059816347749,27.616882240215933,335200
2005-08-08,27.030900955200195,27.588531566229463,26.97419327689176,27.550725245554112,437100
2005-08-09,27.3144474029541,27.45621753253505,27.106517999749048,27.125421164414508,635300
2005-08-10,27.35224151611328,27.862614115200955,27.17266513740456,27.45620526993058,608900
2005-08-11,27.522367477416992,27.597978302792963,27.352242669644994,27.38059560247081,328800
2005-08-12,27.19156837463379,27.588525642975313,26.889125084983906,27.48456008614409,574300
2005-08-15,27.371139526367188,27.48455664714671,27.172661818382995,27.2671757852486,357900
2005-08-16,27.13487434387207,27.418416441265013,26.955299665165622,27.380610107197196,697100
2005-08-17,27.17266845703125,27.286085605520107,27.0403499527146,27.106509204872925,612300
2005-08-18,26.86078453063965,27.191582729339935,26.822978198122975,27.14432481369409,476900
2005-08-19,26.841873168945312,27.21992736515772,26.82297000845854,27.03090116840382,235600
2005-08-22,26.785160064697266,27.115958095392255,26.643389995172054,26.88912562361107,232600
2005-08-23,26.577232360839844,26.889127253785883,26.48271837452497,26.766258530765242,535000
2005-08-24,26.652847290039062,26.926935909547467,26.359853707113835,26.47327086868241,584000
2005-08-25,26.983644485473633,27.078158489470106,26.624493433532656,26.71900743752913,451500
2005-08-26,26.548871994018555,26.97418394088907,26.473261181542014,26.936377633298818,456000
2005-08-29,26.31259536743164,26.444913875740426,26.095214445865935,26.426010716637894,632800
2005-08-30,26.038496017456055,26.246427090695715,25.840018323222402,26.1802678592845,642700
2005-08-31,26.369298934936523,26.369298934936523,25.82112002527491,25.991244825291307,597800
2005-09-01,26.32204818725586,26.435463541806147,26.04795777546764,26.29369344726601,381100
2005-09-02,26.21807861328125,26.378751843321396,26.03850222612949,26.274786281911805,295900
2005-09-06,26.87967872619629,26.936386403340784,26.218082549593817,26.25588886949318,960800
2005-09-07,27.29553985595703,27.29553985595703,26.87968111631354,26.964743540946237,692900
2005-09-08,27.408945083618164,27.60742278616717,27.182112650974762,27.295527965944498,1391300
2005-09-09,27.51291847229004,27.597980884132234,27.35224522799972,27.38059816347749,1446800
2005-09-12,28.684886932373047,28.76049776391385,28.10835321518415,28.117804794464803,1348500
2005-09-13,29.072399139404297,29.28032852173997,28.647086990644024,28.703796478948608,1776900
2005-09-14,28.590370178222656,29.11019436947228,28.476953040524137,29.015682191211802,1075000
2005-09-15,28.96842384338379,29.044034666424526,28.826653775520434,28.826653775520434,1348700
2005-09-16,29.15745735168457,29.20471344906489,28.921173259373845,28.921173259373845,1656500
2005-09-19,28.59982681274414,29.13855425596902,28.514764395108156,29.13855425596902,622800
2005-09-20,28.47695541381836,28.902267462253377,28.37299164852655,28.59982414012376,584700
2005-09-21,28.401344299316406,28.62817859135002,28.221769705287663,28.599823854169724,680600
2005-09-22,28.637632369995117,28.637632369995117,28.363543749764155,28.40134826858359,780900
2005-09-23,28.845558166503906,28.911717414158044,28.35408689435276,28.495856968283665,552500
2005-09-26,28.73214340209961,29.015685376116753,28.56201857823021,28.921171384777704,820700
2005-09-27,28.73214340209961,28.760498140312656,28.174512836174113,28.713240243290908,1287100
2005-09-28,28.921171188354492,29.17635842242544,28.741594786300368,28.779401103660998,662000
2005-09-29,29.044038772583008,29.214163599152453,28.467506841403125,28.779401755878954,781000
2005-09-30,29.204713821411133,29.280324659806386,28.902270467830125,29.015687626775296,728500
2005-10-03,29.10074234008789,29.251963976838315,28.845555152057504,29.034581296643484,986000
2005-10-04,29.242515563964844,30.05533149878909,29.195257670675797,29.204709249333607,971400
2005-10-05,29.450450897216797,29.686735003775148,29.261422890888245,29.488257219564375,1744100
2005-10-06,29.119647979736328,29.819048603350954,28.902267070242125,29.488252350948635,1172900
2005-10-07,28.79830551147461,29.195262872305744,28.675438572440875,29.157458353643296,1088200
2005-10-10,28.675432205200195,28.798299116951927,28.52421055871919,28.788847538708836,768900
2005-10-11,28.22176742553711,28.836105593182353,28.07999555379232,28.67543236754859,936800
2005-10-12,28.174518585205078,28.382449769120385,27.957137622661637,28.221776491869836,970900
2005-10-13,28.4486026763916,28.458054255611763,28.183963866340335,28.193415445560497,1053700
2005-10-14,28.807748794555664,29.006228319157106,28.335180729804932,28.448597858534914,1216000
2005-10-17,28.637632369995117,28.940077534073758,28.439154590107655,28.864466693730257,593300
2005-10-18,28.590370178222656,28.74159182668452,28.53366251072552,28.54311408909242,329700
2005-10-19,28.57146644592285,28.57146644592285,28.297377889621274,28.37298871232904,1243200
2005-10-20,28.354087829589844,28.855010696886165,28.212317750982763,28.51476106606569,849800
2005-10-21,28.552562713623047,28.7982983331425,28.46750211715879,28.543112938341377,533400
2005-10-24,29.299230575561523,29.299230575561523,28.552571898821512,28.552571898821512,758100
2005-10-25,29.01569366455078,29.195268316416207,28.684895501722686,29.062949772366956,1067300
2005-10-26,28.25957679748535,28.949525907490415,28.183965960809516,28.921172970427317,1248900
2005-10-27,28.06110191345215,28.250128123231768,27.69249746937814,28.174517278778975,938300
2005-10-28,28.363540649414062,28.372992228761948,27.99493806836862,28.023291003707847,1124000
2005-10-31,28.53366470336914,28.647080047078713,28.31628198963442,28.420247556955182,1013100
2005-11-01,28.117799758911133,28.53366015926226,28.03273736332331,28.53366015926226,1006500
2005-11-02,28.23121452331543,28.297373758187412,27.843707085472207,27.909868123048135,872000
2005-11-03,28.51476287841797,28.656532966035723,27.787007478554493,28.183964805506893,816100
2005-11-04,28.486400604248047,28.599817725962474,28.240665009453448,28.32572740006327,585900
2005-11-07,27.909879684448242,28.543121170500484,27.79646251861148,28.486411686229758,1254400
2005-11-08,28.013839721679688,28.117805292905434,27.834265120277244,27.96658362714314,458100
2005-11-09,28.00438117980957,28.08944357099079,27.796451891757705,28.01383275690793,741500
2005-11-10,28.05164909362793,28.354092458081386,27.85316950901494,28.01384277171892,1150500
2005-11-11,28.278480529785156,28.476958304062897,27.976037176959313,28.146162013599994,544800
2005-11-14,28.079999923706055,28.335187169314786,27.720848906063942,28.27847949341435,770200
2005-11-15,28.26902198791504,28.543112335604135,28.079994037598137,28.079994037598137,853400
2005-11-16,28.23121452331543,28.391887723449077,28.070541323181782,28.33517826266971,659800
2005-11-17,28.665987014770508,28.665987014770508,28.23122513493308,28.27848123397467,533000
2005-11-18,28.96842384338379,29.00623015625627,28.571466571743862,28.66598055122084,1031600
2005-11-21,28.930622100830078,28.977878193737155,28.66598329351902,28.977878193737155,513000
2005-11-22,28.62816619873047,28.769936217853495,28.25956198576628,28.73212991797877,835900
2005-11-23,28.779409408569336,29.06294965977787,28.562026626424178,28.65654064439534,748600
2005-11-25,29.06293487548828,29.09128960726709,28.82665085211033,28.921164822002318,294200
2005-11-28,29.01569366455078,29.29923391685774,28.883373317796565,29.280330752649288,866300
2005-11-29,29.053491592407227,29.204713266323495,29.015687075280436,29.14800558928103,657800
2005-11-30,29.15745735168457,29.365386703944367,29.072394934236343,29.185810289030936,867800
2005-12-01,29.667831420898438,29.80015174452947,29.270874055414627,29.34648489633037,628500
2005-12-02,29.393735885620117,29.677276021693537,29.30867348425725,29.66782444346386,551600
2005-12-05,29.346485137939453,29.554416304198124,29.195263454862964,29.393743040591268,775600
2005-12-06,29.535505294799805,29.923010980051245,29.110193297473018,29.526053716780968,1569800
2005-12-07,29.10074234008789,29.67727415418485,28.873908082258144,29.582760180539807,572800
2005-12-08,28.996784210205078,29.20471356327804,28.798304634481486,29.100749788093847,482200
2005-12-09,29.01569366455078,29.233074644833117,28.883373317796565,29.0440466081585,420200
2005-12-12,28.930622100830078,29.280321514832995,28.826656533189237,29.148003012529664,644300
2005-12-13,29.072399139404297,29.204717673372016,28.779407327316566,28.949530384115853,680700
2005-12-14,29.12910270690918,29.195261964539846,29.006235771695735,29.110199546813398,503400
2005-12-15,29.110197067260742,29.16690654271768,28.788850583822427,29.129100225746388,589400
2005-12-16,29.630020141601562,29.733983897450617,29.19525655350037,29.204708131796508,1583800
2005-12-19,29.941917419433594,30.026979828226654,29.677278613999153,29.724536509275506,1466800
2005-12-20,30.03643226623535,30.12149467746094,29.875759023109726,29.941918275684202,832400
2005-12-21,29.9135684967041,30.083693347358157,29.68673596340027,30.083693347358157,1166700
2005-12-22,29.469356536865234,29.904118464199342,29.261425351875165,29.904118464199342,1191800
2005-12-23,28.85501480102539,29.110200257732217,28.410799541448903,29.110200257732217,1143500
2005-12-27,28.79830551147461,29.20471445264751,28.609279312753124,28.94952719153365,1172200
2005-12-28,28.590370178222656,28.968424299377315,28.50530777562483,28.845557386016143,636400
2005-12-29,29.006235122680664,29.233067630640956,28.590374623401196,28.637630719878725,894300
2005-12-30,28.47695541381836,28.892815883098777,28.429699320749755,28.873912724789577,493700
2006-01-03,28.618722915649414,28.732138242726954,28.306828062130002,28.732138242726954,932700
2006-01-04,28.836116790771484,28.96843533289714,28.552574739881592,28.57147790381524,866500
2006-01-05,28.760496139526367,28.845558545543515,28.51476050022175,28.59037132749207,400300
2006-01-06,28.76995086669922,29.091297368440554,28.60927761582855,28.977880213771165,903000
2006-01-09,29.41264533996582,29.497705956837795,28.684889884790447,28.684889884790447,646800
2006-01-10,29.450450897216797,29.535513319794177,28.911723422696497,29.299229213235822,853000
2006-01-11,29.76233673095703,29.885205438253063,29.53550427445372,29.592211937903517,636100
2006-01-12,29.715084075927734,29.72453565471128,29.393737608104583,29.66782618201002,784100
2006-01-13,30.291616439819336,30.310519597685794,29.67727823079435,29.71508454652726,1297100
2006-01-17,30.21600914001465,30.319976520422607,29.99862820727534,30.24436388012591,921500
2006-01-18,30.291616439819336,30.33887253178112,29.866306204050204,30.121493427134297,814000
2006-01-19,30.71693229675293,30.773641777401924,30.263267267788446,30.31997674843744,780100
2006-01-20,30.25381088256836,30.726379024851212,30.159298696275307,30.716929248385426,605900
2006-01-23,30.499553680419922,30.603519266806806,30.338878609073983,30.338878609073983,687100
2006-01-24,31.265127182006836,31.47305482704184,30.679139768097954,30.707496323874693,1268100
2006-01-25,31.350168228149414,31.529746426239935,31.26510942535967,31.47303695230471,897100
2006-01-26,31.312358856201172,31.539189492868605,31.170587004228057,31.520286338911657,1103000
2006-01-27,31.454126358032227,31.501386044509616,31.208392573226046,31.350160816434578,1041000
2006-01-30,31.510841369628906,31.822734443958232,31.208398071015036,31.40687580971629,790400
2006-01-31,31.794391632080078,31.803845016213216,30.877608063287237,31.378532865463463,806300
2006-02-01,31.75659942626953,31.79440576879256,31.161165755882504,31.709343300821377,1111500
2006-02-02,32.767879486083984,33.03252014776159,32.31421441587744,32.843492133823155,1856800
2006-02-03,32.96635437011719,33.26879769049735,32.758423235327534,32.92854805371747,1074000
2006-02-06,32.276397705078125,32.76786528068565,32.04011369144039,32.654449963653754,1526000
2006-02-07,31.397438049316406,32.17244974927554,31.31237561369114,32.09683709298202,1616100
2006-02-08,32.125179290771484,32.2102416883975,31.454129884873655,31.52028912687075,1054100
2006-02-09,32.21025085449219,32.30476305412393,31.8510980061548,32.13463821045934,592500
2006-02-10,32.21968460083008,32.40871251144877,31.869985309700382,32.21023482773253,388200
2006-02-13,31.9834041595459,32.38981295053739,31.898341770607963,32.19133524481818,634700
2006-02-14,32.54103469848633,32.56938762643751,31.86998896398353,31.898341891934713,455200
2006-02-15,32.10628128051758,32.37091829091686,31.973962775317933,32.37091829091686,1023200
2006-02-16,32.229156494140625,32.3709284257605,32.10629133250738,32.11574111209072,678600
2006-02-17,32.285865783691406,32.72062774997491,32.07793458007322,32.276416004167835,604000
2006-02-21,32.0023193359375,32.503240478199096,31.879450593443597,32.40872827960949,300500
2006-02-22,32.72062301635742,32.75842933980228,32.21970184964615,32.2669579512475,565800
2006-02-23,32.8245849609375,32.994709792152996,32.29530730766607,32.52214161775641,669800
2006-02-24,32.65446472167969,32.938004945108005,32.46543670425762,32.85294251753856,620700
2006-02-27,33.24043273925781,33.268789272086586,32.61664309814278,32.6544494049759,507900
2006-02-28,32.72062301635742,32.99471345321845,32.58830448970988,32.99471345321845,594700
2006-03-01,33.05140686035156,33.10811271252454,32.626094942015825,33.02305032885739,679800
2006-03-02,32.87184143066406,33.07032280627591,32.74897629981992,33.06086942365154,698400
2006-03-03,32.99469757080078,33.26878787572495,32.65444803439942,32.871828881454135,1036200
2006-03-06,32.919090270996094,33.07976166850447,32.81512472888696,33.07976166850447,816200
2006-03-07,32.96635437011719,32.98525752831704,32.70171376072796,32.70171376072796,651300
2006-03-08,33.07977294921875,33.12702904663581,32.79623275930727,32.96635759433598,678400
2006-03-09,33.23100662231445,33.42003468564074,33.07978489273551,33.12704100721447,609800
2006-03-10,33.34441375732422,33.53344177382027,33.00416404871323,33.221548611199886,442300
2006-03-13,33.55234146118164,33.609050941880234,33.22154517062943,33.22154517062943,417100
2006-03-14,33.56178665161133,33.59014319078964,33.34440574675718,33.457824692653084,536700
2006-03-15,33.98708724975586,34.02489355233402,33.46726320823225,33.55232558632938,789400
2006-03-16,34.128875732421875,34.48802857132198,33.88313825118156,33.97765405373907,632500
2006-03-17,33.930397033691406,34.36515889742115,33.88313733099152,34.36515889742115,703100
2006-03-20,34.024925231933594,34.12889085811912,33.59016316371304,33.71302835337701,766500
2006-03-21,33.62794876098633,34.10996665143339,33.59959222243632,34.02490424660054,531500
2006-03-22,33.82643127441406,33.85478421155416,33.438925510059946,33.53343770413301,489500
2006-03-23,33.78861618041992,33.78861618041992,33.29714496696484,33.590138461161565,608900
2006-03-24,34.128875732421875,34.28009741110468,33.64685415290161,33.74136995545912,615900
2006-03-27,34.024925231933594,34.053278182562075,33.75083469115553,34.024925231933594,494000
2006-03-28,34.13833236694336,34.3557133483746,33.892598441754544,33.98711065788641,415500
2006-03-29,35.0834846496582,35.272512771921406,34.119444470986274,34.13834764375375,948900
2006-03-30,35.06454086303711,35.17795976827339,34.78100081076117,34.988931864953635,562800
2006-03-31,35.05509948730469,35.442605159498875,34.85662176370947,35.017293176503244,633800
2006-04-03,34.87552261352539,35.253574880322454,34.54472282399396,35.11180663230156,834200
2006-04-04,34.93221664428711,35.11179474522204,34.695932705504745,34.81880136318547,701400
2006-04-05,34.84717559814453,34.96059455403138,34.63924805650328,34.85662898050626,535900
2006-04-06,34.54472351074219,34.97003547407608,34.298989712709314,34.81881384326937,1017600
2006-04-07,34.18558120727539,34.705409101716896,34.176131429835166,34.658149398288266,837900
2006-04-10,34.18558120727539,34.37460920476238,33.96820027205857,34.195034590124784,1014100
2006-04-11,33.89259338378906,34.23284307974248,33.71301515236398,34.091071171292086,1039600
2006-04-12,34.11940002441406,34.402943641148774,33.77915417406475,33.816956864943435,811400
2006-04-13,34.29899978637695,34.32735272379049,33.826431600636,33.97765327585674,755200
2006-04-17,34.23283767700195,34.3746059576686,34.0532594739185,34.176128201489995,411600
2006-04-18,34.828277587890625,34.828277587890625,34.12887861689987,34.26119714625436,597000
2006-04-19,35.092918395996094,35.10236817438468,34.601446995370374,34.78102162802977,901700
2006-04-20,35.37644577026367,35.55602033770672,35.007843255012666,35.007843255012666,637600
2006-04-21,35.631629943847656,35.70723895332788,35.32918669511092,35.57492048268155,857600
2006-04-24,35.5371208190918,35.754505324832444,35.45205841414372,35.65998953855203,438400
2006-04-25,35.81122589111328,35.839578835931526,35.385913691789234,35.67890734141471,646900
2006-04-26,36.416107177734375,36.964288063074,35.782867470955345,36.43501033985742,2700300
2006-04-27,36.850860595703125,37.00208223762405,36.198714335524855,36.41609522044816,1173100
2006-04-28,36.4255485534668,36.84140716685333,36.12310527002053,36.709088681021626,937700
2006-05-01,36.104209899902344,36.671290277301324,35.81121632851438,36.435006185816896,1352400
2006-05-02,36.48225402832031,36.65237882412829,36.21761705946715,36.264873145989746,1101600
2006-05-03,36.48225402832031,36.64292904898709,36.21761705946715,36.34048576875253,1325700
2006-05-04,37.10604476928711,37.19110716954038,36.482255035899264,36.55786766075035,845400
2006-05-05,37.28563690185547,37.38960249722255,36.765812530429805,37.12496181663096,1509500
2006-05-08,36.4255485534668,39.55394694262816,36.05694602710468,39.034122774542915,12956000
2006-05-09,36.34050369262695,36.90758422141031,36.189281977924054,36.425566132485464,6595900
2006-05-10,36.48225402832031,36.5673164262243,36.302679457371134,36.501157184011014,4971600
2006-05-11,35.584388732910156,36.680746869099245,35.442616823452575,36.482265474776746,4514100
2006-05-12,35.48987579345703,36.20818157150244,35.480426014587096,36.20818157150244,2728000
2006-05-15,34.78102111816406,35.5276797892505,34.27064656283338,35.140173983627456,3183400
2006-05-16,34.67705535888672,34.960599180719065,34.6014463170317,34.74321462253841,1331500
2006-05-17,33.98708724975586,34.44075206447142,33.902024871658725,34.36514306472255,2391200
2006-05-18,34.49748229980469,34.781022529132116,33.98710772376954,33.98710772376954,2381500
2006-05-19,34.68649673461914,34.93223054234088,34.506918562237665,34.544724872782,2719500
2006-05-22,34.55419921875,34.686517780530735,34.204496042146175,34.592001946822776,3006600
2006-05-23,35.092918395996094,35.21578354209537,34.78102162802977,34.78102162802977,2459700
2006-05-24,34.45022201538086,35.23468334150822,34.308450115215955,35.0078526277354,3320400
2006-05-25,34.93221664428711,34.9605731686176,34.48800529105287,34.59196719557542,2799000
2006-05-26,34.894412994384766,35.11179740730401,34.78099770468429,34.998378512196474,1289600
2006-05-30,34.563629150390625,34.90387874552165,34.47856675160787,34.89442536487449,1976900
2006-05-31,34.72431182861328,34.83772718352627,34.412415095841155,34.601443090968885,1665400
2006-06-01,34.828277587890625,34.89443685256787,34.62035001550907,34.71486222064527,1339500
2006-06-02,34.894412994384766,34.94167267004976,34.70538871335299,34.82825377494223,1390600
2006-06-05,34.28009033203125,34.89442669744893,34.26118717542338,34.89442669744893,2633600
2006-06-06,34.79046630859375,34.903881647932295,34.26118871599948,34.46911984262734,2930000
2006-06-07,34.61088180541992,35.07400006518331,34.54472256908343,34.941681592510335,1948500
2006-06-08,34.43130111694336,34.601425867334,33.99653946834831,34.591972489308226,1900200
2006-06-09,34.157230377197266,34.450223971651546,34.02491185241449,34.16668376062997,1649300
2006-06-12,33.63739776611328,34.35569969736888,33.58068829572132,34.1666753402127,1770100
2006-06-13,33.6468505859375,33.95874729319872,33.47672576477844,33.63740080938815,2771000
2006-06-14,33.34441375732422,33.6846634659352,33.24990155178096,33.53344177382027,2575600
2006-06-15,33.41056442260742,33.599592390448805,33.127024273549644,33.36330833199923,2565100
2006-06-16,33.30659866333008,33.49562300418486,33.16482680228081,33.27824212787531,1586500
2006-06-19,32.63554763793945,33.36330285105716,32.4370699267459,33.306596993806444,1221900
2006-06-20,32.909629821777344,33.07975456224431,32.626089789468104,32.73950508131038,1261500
2006-06-21,32.909629821777344,33.07030479017709,32.66389608855123,32.89072667223578,1276700
2006-06-22,32.5788459777832,33.15537963682645,32.52213650781865,33.15537963682645,1036000
2006-06-23,32.13462448120117,32.59774271451555,32.13462448120117,32.57883956158356,2092000
2006-06-26,32.77732849121094,32.77732849121094,31.99286360005216,32.27640738578748,2585900
2006-06-27,32.162994384765625,32.90965309535964,32.115738280195934,32.881300153699755,1524000
2006-06-28,32.767879486083984,32.78678264801878,32.172446109480724,32.27641169741734,1777100
2006-06-29,33.86423873901367,33.8736885165768,32.96635844332964,33.00416115899136,2168300
2006-06-30,34.251739501953125,34.298995593668806,33.713008519086486,33.7980709263382,1541200
2006-07-03,34.42186737060547,34.497480016306206,34.128877382038574,34.25174612859758,826100
2006-07-05,34.17613220214844,34.431319463711226,33.97765442273602,34.15722904143165,1664000
2006-07-06,34.52582550048828,34.53527888186427,34.09106369781644,34.17612610315733,1269400
2006-07-07,33.93985366821289,34.52583732491106,33.93040388900914,34.52583732491106,970700
2006-07-10,33.930397033691406,34.26119332013597,33.911493873693274,34.053262165565606,686600
2006-07-11,33.59960174560547,33.88314197360951,33.2971583550132,33.82643609125447,1403300
2006-07-12,33.6468505859375,33.807525630547204,33.50508230524417,33.50508230524417,1260600
2006-07-13,33.07977294921875,33.646853329041704,33.07977294921875,33.646853329041704,1680600
2006-07-14,32.6922721862793,33.19319338531759,32.60720975574358,33.079778013073195,894400
2006-07-17,33.18373489379883,33.240440762327445,32.78677578705487,32.84348526099222,1145900
2006-07-18,33.3349609375,33.590148195675326,33.06087051885881,33.36331387549419,2703800
2006-07-19,34.20448303222656,34.26119251088148,33.45782805968649,33.45782805968649,1769600
2006-07-20,33.56178665161133,34.157223498634465,33.51453056019237,34.147773722514145,973900
2006-07-21,33.03250503540039,33.561778905793986,32.88128341451539,33.46726674476879,1457300
2006-07-24,33.28771209716797,33.297161876756746,33.02307139835226,33.02307139835226,1650400
2006-07-25,34.62034225463867,34.686501504484944,33.19318448130628,33.26879711279271,1987400
2006-07-26,34.35570526123047,35.01730143464725,34.0910682340274,34.119421171110844,1854900
2006-07-27,34.639244079589844,34.941687383080115,34.46911927070049,34.62034092244563,1320600
2006-07-28,35.15907669067383,35.20633279213171,34.658151920073806,34.733764566733974,1785700
2006-07-31,34.97947692871094,35.09289582889516,34.780999261499375,35.064539301145494,816700
2006-08-01,35.102359771728516,35.168519020840286,34.53527946351082,34.97004127350496,851600
2006-08-02,35.20633316040039,35.47097021566029,35.045661692681016,35.34810507166647,889400
2006-08-03,35.65052032470703,35.67887324242785,34.828249656737114,35.19685561414085,992200
2006-08-04,35.631629943847656,35.83955742397421,35.319733315545946,35.83010764981715,807800
2006-08-07,35.584388732910156,35.7167072588522,35.36700417696602,35.68835071371503,897500
2006-08-08,35.43314743041992,35.87735886369083,35.35753482579066,35.63162510946059,2089900
2006-08-09,35.2441291809082,35.89627185018485,35.21577264369901,35.75450358577258,617300
2006-08-10,36.028587341308594,36.11364973504155,35.25357602303414,35.27247917779792,1347200
2006-08-11,35.92463684082031,36.104215083593395,35.73561242482073,36.02860243286586,572700
2006-08-14,36.2648811340332,37.28563013372082,36.08530652352923,37.28563013372082,452800
2006-08-15,37.07770538330078,37.21002391972182,36.38775615381272,36.4822683639964,1065200
2006-08-16,37.22892379760742,37.257276737078605,36.85087138482388,37.134411595763886,955400
2006-08-17,37.257266998291016,37.257266998291016,36.97372686146641,37.12494850813343,691100
2006-08-18,37.23836135864258,37.2950672134909,37.039880050449845,37.25726090665344,432600
2006-08-21,37.09660339355469,37.36124042963763,36.86031929550657,36.89812561649248,581800
2006-08-22,37.16275405883789,37.25726623403789,36.95482294690783,37.049338727516215,425900
2006-08-23,37.05879592895508,37.2950800197116,36.93593079765623,37.285630242461345,590200
2006-08-24,37.14385223388672,37.27617072607213,36.53896563794852,37.058789830994876,854100
2006-08-25,37.07770538330078,37.21947730398601,36.87922757866922,37.03044927820894,595000
2006-08-28,37.14385223388672,37.27617072607213,37.020983517396616,37.07769298779401,619500
2006-08-29,37.10604476928711,37.32342926302977,36.96427650580392,37.19110716954038,789900
2006-08-30,37.0682487487793,37.15331116437645,37.00208949280474,37.115504845131255,623600
2006-08-31,37.049346923828125,37.1722156630967,36.93593156741592,37.096603021882444,1105200
2006-09-01,37.087154388427734,37.285632169623646,37.00209196714245,37.087154388427734,619300
2006-09-05,37.03043746948242,37.10604649243628,36.85086288523452,36.94537506527898,634300
2006-09-06,37.087154388427734,37.22892268696369,36.6996486037746,37.03044490576778,1388600
2006-09-07,37.03043746948242,37.200562277889304,37.01153431239182,37.08714694075424,2817400
2006-09-08,37.134395599365234,37.31397014767631,36.98317397831174,37.143845373315145,692500
2006-09-11,36.850860595703125,37.134400723628815,36.77524797203849,37.134400723628815,1313700
2006-09-12,37.14385223388672,37.23836801788238,36.90756818201033,36.90756818201033,1415000
2006-09-13,37.28563690185547,37.28563690185547,36.99264327904003,37.172221527550356,1402700
2006-09-14,37.399044036865234,37.417947195986535,37.058794383499745,37.200566274205016,1710400
2006-09-15,38.00392532348633,38.07953794926026,37.6636757183205,37.80544758894241,2661800
2006-09-18,37.83380889892578,38.3158304814537,37.78655280005677,38.23076806132579,823500
2006-09-19,37.805458068847656,37.94722997876961,37.58807711760092,37.881070715581885,858100
2006-09-20,37.881065368652344,37.89996492225878,37.70148716071082,37.85270882742483,1283700
2006-09-21,37.87159729003906,38.013369124934066,37.82434121354324,37.881050668582745,711600
2006-09-22,37.2478141784668,37.92831333555523,37.05878623423022,37.92831333555523,1025600
2006-09-25,37.68259048461914,37.68259048461914,37.342340774623736,37.417953423693625,901700
2006-09-26,37.540802001953125,37.70147338677031,37.33287093415902,37.682570234661064,747000
2006-09-27,37.399044036865234,37.69203759513195,37.35178794176646,37.55026570442668,766900
2006-09-28,37.276161193847656,37.47464248677884,37.22890511663836,37.40848325760431,651800
2006-09-29,37.17219924926758,37.43683616584552,37.02097403361437,37.2100019477733,1125600
2006-10-02,36.84141159057617,37.24782047752059,36.83196181419994,37.05879250131711,736300
2006-10-03,36.79417037963867,36.888682603262424,36.453920605936815,36.879232823064136,1853200
2006-10-04,37.2478141784668,37.3234267983247,36.64292764123626,36.69018372594336,1546200
2006-10-05,37.48411560058594,37.54082509179339,37.20057535536834,37.30454095321042,1619000
2006-10-06,37.79599380493164,37.80544357944696,37.26671629687248,37.2761660713878,1397500
2006-10-09,37.6636848449707,37.79600697213934,37.578622423066946,37.70149116701888,596400
2006-10-10,37.606971740722656,37.66367760748897,37.25726873709014,37.63532467410582,727200
2006-10-11,37.49355697631836,37.635328869856735,37.23837333660371,37.52191351827145,706700
2006-10-12,38.32526397705078,38.41977974004419,37.47464374255634,37.61641197893489,1342700
2006-10-13,38.69387435913086,38.73168067206648,38.145697243198136,38.32527182152967,1147900
2006-10-16,38.76948547363281,38.81674156025591,38.48594534848592,38.703326231278815,650500
2006-10-17,39.38383483886719,39.525606751043455,38.51431102005394,38.72224219646993,1558100
2006-10-18,40.092674255371094,40.45182700639103,39.4027252898646,39.51614422518142,4246800
2006-10-19,40.67867660522461,40.67867660522461,39.75244325011523,40.17775179894191,2301800
2006-10-20,39.72408676147461,40.94331373694698,39.63902433050189,40.94331373694698,2114300
2006-10-23,39.969825744628906,39.969825744628906,39.27987649267389,39.58231990160185,1583100
2006-10-24,41.82228088378906,41.86953697726525,40.2817077196853,40.32896381316149,4644200
2006-10-25,40.82991409301758,42.20036329533374,39.80916452812187,42.20036329533374,4127000
2006-10-26,41.31191635131836,41.368625840366214,40.67867661462759,40.858251255164596,2225000
2006-10-27,40.792083740234375,41.699413749103805,40.744827644953276,41.34971431753289,1565200
2006-10-30,40.6881103515625,41.05671287152253,40.65975742092197,40.962200699115236,985400
2006-10-31,40.51799392700195,40.877146746077386,40.41402835263204,40.877146746077386,1098200
2006-11-01,40.42346954345703,40.71646301873263,40.414016163869604,40.574691168184586,1433000
2006-11-02,40.5274543762207,40.56525709633951,40.225010982812385,40.423488783722284,704700
2006-11-03,40.61249923706055,40.75426748834908,40.36676183284082,40.49908030954002,901600
2006-11-06,40.96220397949219,41.0567161594683,40.621954362924484,40.67866383415529,1103500
2006-11-07,41.92625045776367,42.12472823256891,41.056723112021544,41.06617649486513,2287300
2006-11-08,41.425323486328125,41.93569432021013,41.11342679384761,41.93569432021013,805400
2006-11-09,40.99055480957031,41.784469339030615,40.95275210276429,41.680503783145234,4156800
2006-11-10,42.55948257446289,42.76741369533114,40.75427254943984,40.8109820202426,3479400
2006-11-13,41.226844787597656,42.14362816102586,41.226844787597656,41.77502557739441,5184000
2006-11-14,41.31191635131836,41.55765386511604,40.45184226384586,41.01892633809534,4439500
2006-11-15,41.52928161621094,41.58599108381769,41.47257575401252,41.53873499684956,4090200
2006-11-16,41.34972381591797,41.58600795200893,41.20795189209948,41.58600795200893,3016000
2006-11-17,41.71832275390625,41.727776137532466,41.113435996569365,41.21740158400092,4039800
2006-11-20,41.434783935546875,41.53874952648737,40.86770348275637,41.26465907862781,3281500
2006-11-21,41.6899528503418,41.95458979764442,41.51037468860817,41.897883940598426,3926000
2006-11-22,42.01130676269531,42.01130676269531,41.68050691408309,41.68050691408309,1585900
2006-11-24,42.03020477294922,42.049107928161376,41.70885834515892,42.03965454785119,572700
2006-11-27,40.92439651489258,41.831726396627694,40.63140660195787,41.68050474967184,4663200
2006-11-28,41.293006896972656,41.42532901792396,40.86769841284692,41.01892008852497,2582800
2006-11-29,41.73720932006836,41.90733410359999,41.217385195014174,41.2457381238001,2354900
2006-11-30,41.425323486328125,42.03965988437031,41.425323486328125,41.737216573399984,2842200
2006-12-01,41.49148178100586,41.51983471406704,40.82988570144602,41.0189136678072,2341700
2006-12-04,41.75611877441406,41.822278021835125,41.321356975530335,41.33080675141538,2555900
2006-12-05,42.0869255065918,42.21924403442974,41.614357275508,41.86009477470088,2609100
2006-12-06,42.512237548828125,42.5594936507581,42.011316378633346,42.08692542063941,3725700
2006-12-07,42.70124816894531,43.050947507279446,42.47441392450198,42.6256355523282,3426900
2006-12-08,42.58784484863281,42.99425376393626,42.48387927419579,42.8335787110584,1831300
2006-12-11,42.17197036743164,42.540572857285525,41.9073334219792,42.531123082979924,2241400
2006-12-12,42.058563232421875,42.427165793997936,41.87898864241034,42.294847295525365,2428400
2006-12-13,41.74666213989258,42.3799052371008,41.56708756880192,42.36100208139521,4260900
2006-12-14,42.9091911315918,43.665299479927235,42.74851607952795,43.476271491491126,7887900
2006-12-15,43.15493392944336,43.306155630425955,42.852490527478174,43.21164341934049,3519400
2006-12-18,42.91864013671875,43.5046236454641,42.748515310726724,43.12657128079988,2973000
2006-12-19,43.59914016723633,43.71255551798469,42.54058487555498,42.6256472899685,4292400
2006-12-20,43.627498626708984,43.78817369890182,43.45737377634455,43.66530495021429,3422000
2006-12-21,42.9564323425293,43.62747804381511,42.84301703093074,43.62747804381511,2264900
2006-12-22,42.8430290222168,43.11711580150985,42.7957693241995,42.98479730004242,1399800
2006-12-26,43.0415153503418,43.18328365641444,42.72016880900388,42.852487336835466,819700
2006-12-27,43.627498626708984,43.71256105189121,42.76742459671518,43.25889598605585,2042100
2006-12-28,43.173824310302734,43.797614092847205,42.91863708943335,43.788164316700346,1059700
2006-12-29,42.805213928222656,43.12656033963691,42.74850446547614,43.022594793972296,1499600
2007-01-03,42.69179153442383,43.343937684100034,42.502767218107905,42.67289198711842,3780000
2007-01-04,43.13602066040039,43.211633295882315,42.587843474792024,42.68235566373553,3602100
2007-01-05,42.540592193603516,43.09822287170549,42.36101755690985,43.00371066405822,1955700
2007-01-08,42.46498489379883,42.75797851820224,42.096382221252135,42.502791220575354,2385800
2007-01-09,43.6652946472168,44.02444742495483,43.107664126021675,43.38175449864829,5614000
2007-01-10,44.60097885131836,44.74275073260856,43.2872400256095,43.6652959721109,4502800
2007-01-11,46.037601470947266,46.07540779905512,44.39306585776438,44.79947487139909,5475200
2007-01-12,45.72571563720703,46.34950572974706,45.41381878823179,45.94309665070018,3154000
2007-01-16,45.404335021972656,45.999768115477586,45.25311340380204,45.8390967235372,1769200
2007-01-17,46.14155960083008,46.718093392207045,45.36654802713264,45.60283213144062,6154600
2007-01-18,46.0186767578125,46.36837972094056,45.943067742411976,46.19825492952913,5549100
2007-01-19,46.35894012451172,46.387296668450325,45.67844436194278,46.12265602234254,3038500
2007-01-22,45.45161056518555,46.59522476766383,45.2720359433994,46.425099923694084,2915200
2007-01-23,45.38545227050781,45.86747026841148,45.234230584360645,45.45161153285911,2616900
2007-01-24,45.76348876953125,45.87690769875876,45.36653333345939,45.52720474175281,3859500
2007-01-25,45.073543548583984,45.89581462878257,45.007384303796755,45.82020200307806,2740100
2007-01-26,45.19642639160156,45.36655124721137,44.99794859519331,45.07355763912569,2769500
2007-01-29,44.733314514160156,45.3192981639695,44.61044575349681,45.20588278780862,3806100
2007-01-30,44.79001998901367,45.177525825637346,44.582088796783005,45.03575750808806,3198200
2007-01-31,45.22477340698242,45.34764214335985,44.610436935913455,44.82781786617562,2618200
2007-02-01,46.19826889038086,46.34949057228843,45.42325731992837,45.555575840921335,3766100
2007-02-02,46.68027877807617,46.812597276118495,46.047039221614,46.047039221614,3609500
2007-02-05,46.35894012451172,46.7842522294981,46.04704698446122,46.5952242266809,1961200
2007-02-06,46.595218658447266,46.973274618903126,46.434547218769275,46.68973445126565,2074400
2007-02-07,46.98274230957031,47.04890158706469,46.3589522607589,46.3589522607589,2866900
2007-02-08,46.24551773071289,47.16230106141102,45.83910884836684,46.92601699518233,5046400
2007-02-09,46.0186767578125,46.76533516396177,45.76348957069535,46.566857442451166,2471000
2007-02-12,44.89397048950195,46.16990294546122,44.73329906255668,45.88636280029344,3650300
2007-02-13,44.345787048339844,45.309826367487446,43.99608767745762,45.130251794420005,4618400
2007-02-14,44.98850631713867,45.11137509994582,44.421425728723406,44.421425728723406,3081400
2007-02-15,45.38545227050781,45.57448027954412,45.06410573676891,45.06410573676891,2218700
2007-02-16,45.016815185546875,45.13968023279675,44.65766260376989,45.13023046201084,2172400
2007-02-20,45.31929016113281,45.38544941932789,44.64824419634893,44.92233100655318,2098900
2007-02-21,45.0829963684082,45.44214912521782,45.04519005602648,45.3192804126814,1914200
2007-02-22,44.648231506347656,45.40433967468124,44.572618886810226,45.22476150598391,1911700
2007-02-23,44.83726119995117,44.912873828520134,44.21347143589153,44.64823683934591,1867900
2007-02-26,44.270179748535156,45.36653759622765,44.10005494411662,45.36653759622765,1793600
2007-02-27,43.00369644165039,43.911026314461914,42.115269725198495,43.72199835627408,4384800
2007-02-28,42.77685546875,43.43845141604878,42.53112168539164,43.003689704118216,4782100
2007-03-01,43.060420989990234,43.23999563017901,41.34027281838091,42.531143242799025,6815700
2007-03-02,41.8411865234375,43.06041327663079,41.81283358675223,43.0037037978512,4365500
2007-03-05,41.73720932006836,42.16252127889744,41.20793181514684,41.3969597530051,4231700
2007-03-06,42.37046432495117,42.78632302123805,42.05856759867923,42.53113577394529,3565400
2007-03-07,42.8430290222168,43.00370045816759,42.25704193656284,42.370460885313854,4397600
2007-03-08,43.37229537963867,43.835413658515236,42.89972732607031,43.05094895899586,3045200
2007-03-09,43.41011428833008,43.807069837941754,43.239989451236745,43.608592063135916,2371100
2007-03-12,43.64639663696289,43.72200566964007,43.22108456125054,43.28724381687146,1821400
2007-03-13,42.47442626953125,43.372306523080894,42.40826701346634,43.25889117059949,2307500
2007-03-14,42.60674285888672,43.06985759125237,42.1341747452189,42.48387413981868,2645900
2007-03-15,42.53112030029297,42.720148222709156,42.29483629862467,42.60673291142254,4062500
2007-03-16,42.91864013671875,43.20218031156915,42.361009563835765,42.55003754887234,5005700
2007-03-19,43.93940353393555,43.93940353393555,42.984813518196255,42.984813518196255,2963400
2007-03-20,43.835418701171875,43.967737194527125,43.60858442298535,43.93938426178201,1524900
2007-03-21,43.91102981567383,44.10950756516274,43.126568593947255,43.835420789615114,2840200
2007-03-22,43.873226165771484,44.76165661245305,43.098214673182625,44.76165661245305,1266800
2007-03-23,43.712562561035156,43.93939690448885,43.476278439083615,43.89213719577088,1428700
2007-03-26,43.42901611328125,43.57078440289392,43.09821622670024,43.542431466053195,1924700
2007-03-27,43.627498626708984,43.882685902255645,43.2777991478085,43.372311351162324,2329800
2007-03-28,43.51408004760742,43.75981392142287,43.3156022719785,43.63694518181055,3825300
2007-03-29,43.40066146850586,43.82597356675661,43.09821811095182,43.7503645300727,1928300
2007-03-30,44.18511962890625,44.42140369109292,43.37230187811874,43.50462037607789,2812800
2007-04-02,43.75981140136719,44.05280496190533,43.57078341409771,43.9582891655661,2557800
2007-04-03,44.15678024291992,44.42141732003154,43.835433675537345,43.948849050669494,3601400
2007-04-04,44.84670639038086,44.9412185534217,44.13785435135084,44.18511043287126,2865000
2007-04-05,45.96198272705078,46.34948849490906,44.591534268144,44.70494962313909,6041500
2007-04-09,45.79185485839844,46.217166918216904,45.65008296998932,45.93362314139866,3844700
2007-04-10,45.59337615966797,46.31167815280092,45.555569842816546,45.952525353530035,2340800
2007-04-11,45.706790924072266,45.83910942596222,45.41379738030968,45.59337558036785,3165200
2007-04-12,45.9525260925293,46.03758850410855,45.55557057543205,45.820207586830215,2608300
2007-04-13,46.2833251953125,46.68973408774521,45.735144417460454,46.68973408774521,1403000
2007-04-16,46.75590515136719,46.831514198725365,46.34949615626403,46.510167635281235,1672300
2007-04-17,46.80314254760742,46.96381396239802,46.44398980134665,46.784239391971774,2016900
2007-04-18,46.557411193847656,46.680279918778865,45.357091300612865,45.366541076957375,1964600
2007-04-19,46.00923538208008,46.54796278476033,45.97142906477402,46.54796278476033,1873300
2007-04-20,46.52906799316406,46.736999170329575,46.01869343398118,46.31168703767717,1828700
2007-04-23,46.97328186035156,46.99218502182937,46.32113540830009,46.58577606358,2476600
2007-04-24,47.14337921142578,47.445822407849086,46.755873640670465,46.897641860952284,3366300
2007-04-25,47.559261322021484,48.201954334919805,47.05834020521303,47.82389834895288,3010300
2007-04-26,50.65930938720703,50.87669393106333,48.485496397327076,48.485496397327076,7229300
2007-04-27,50.38521957397461,50.94285015868724,50.09222601068187,50.101675787700145,2979200
2007-04-30,49.203792572021484,50.64984982492414,49.15653287702037,49.80867917178708,3197100
2007-05-01,49.468421936035156,49.82757465133638,49.03366021011723,49.24158769336913,4026300
2007-05-02,50.04497146606445,50.07332440340718,49.36447212656606,49.67636885897253,2775700
2007-05-03,49.997711181640625,50.706563399119034,49.789780044116135,50.281251347550224,2033200
2007-05-04,49.65745162963867,50.28124131230596,49.477873462923114,50.1016631455904,1814300
2007-05-07,49.66690444946289,50.01660381888484,49.58184205091071,49.71416053634559,2153500
2007-05-08,49.477882385253906,49.666910360690636,49.203795606549825,49.666910360690636,2304200
2007-05-09,49.496788024902344,49.827587899853754,49.26995732733291,49.48733824809067,2435900
2007-05-10,49.194339752197266,49.68581102146695,48.91079960599783,49.43062380826488,2195500
2007-05-11,50.687644958496094,50.78215711683455,48.96749771780048,49.251037798223585,5719700
2007-05-14,50.45137023925781,51.358700105704905,50.290695214032255,51.03735366066218,4385000
2007-05-15,50.51753234863281,51.02790677948518,50.309601223750306,50.848328587847156,4706400
2007-05-16,50.94285202026367,50.96175157499086,50.35686487226479,50.79163034458215,2291400
2007-05-17,50.441925048828125,50.89559005571445,50.39466895329165,50.75382176910502,1918100
2007-05-18,50.687644958496094,50.848316348753016,50.29068596157755,50.47971388366221,1828000
2007-05-21,50.63096618652344,50.83889738737969,50.34742593425304,50.75383495115758,1648900
2007-05-22,50.7443733215332,51.037366911006714,50.65931089913182,50.86724206620394,1380200
2007-05-23,50.50807571411133,51.03735326817272,50.42301331444804,50.95229086850944,1208600
2007-05-24,50.88614273071289,51.02791462956256,50.56479621800825,50.772727374878656,2192900
2007-05-25,51.037357330322266,51.05626048790846,50.470277024371036,50.56478920689335,1076200
2007-05-29,51.09406661987305,51.88798120860323,50.66875458923034,50.66875458923034,1611900
2007-05-30,51.14131546020508,51.26418416395026,50.84832196832292,51.09405937581328,2261200
2007-05-31,51.604434967041016,51.83126924093373,51.037354690421935,51.16022340567251,2135000
2007-06-01,51.065711975097656,52.21877938863174,50.857784445499625,51.6044393654255,2117700
2007-06-04,50.101688385009766,50.942862967497454,49.95046667683185,50.86725031070353,3085900
2007-06-05,50.25290298461914,50.31906585265965,49.52515109567703,49.997719317561696,2978000
2007-06-06,50.29069137573242,50.782162583899826,50.00715126478418,50.09221365860947,1923800
2007-06-07,49.95990753173828,50.517538116805476,49.93155459525641,50.31906035061436,2613500
2007-06-08,49.997711181640625,50.17728577878798,49.865389072501245,49.96935464126349,2512200
2007-06-11,49.43062210083008,50.14892762549271,49.3361099238311,49.714162237235456,1668100
2007-06-12,48.61780548095703,49.52513898521502,48.60835570521024,49.52513898521502,2971600
2007-06-13,50.18673324584961,50.28124903374266,48.22085172798665,48.76902887613173,3035900
2007-06-14,50.18673324584961,50.60259550176173,49.84648722566059,50.18673324584961,1690800
2007-06-15,50.87669372558594,51.0751715026609,50.101678566961844,50.31906310994019,2344700
2007-06-18,50.593135833740234,50.829419866000045,49.79922134113094,50.47027073285904,1539000
2007-06-19,50.470272064208984,50.80106827593548,50.20563148941949,50.612040324059635,2074700
2007-06-20,49.648014068603516,50.75382553431926,49.610211352615295,50.52699121134372,1329700
2007-06-21,49.16598892211914,49.66690998867707,48.81628951369618,49.572397804370986,2620300
2007-06-22,48.48548889160156,49.269953709498445,48.33426723585632,48.89189776743102,3462000
2007-06-25,48.46658706665039,49.638557634958346,48.33426856491101,48.94860858631102,1721500
2007-06-26,48.287017822265625,48.83519504812361,47.890058667656795,48.485495596865455,1834700
2007-06-27,48.93915939331055,49.0242218096249,47.682129913786355,47.96567009969783,2497400
2007-06-28,48.79738235473633,49.21324097915802,48.504388838756775,48.79738235473633,2831800
2007-06-29,48.882442474365234,49.288851304326755,48.59889874711151,48.77847692175997,2142600
2007-07-02,49.5912971496582,49.666906170208385,49.241594162712225,49.25104754366127,1288700
2007-07-03,50.30013656616211,50.441904795850036,49.7897622863075,49.7897622863075,1090700
2007-07-05,49.74251937866211,50.47027468769805,49.6763601328778,50.47027468769805,1096600
2007-07-06,49.5912971496582,49.82758119766625,49.26049731920188,49.751968571707614,1153600
2007-07-09,49.39282989501953,51.98250538608847,49.0525837974,51.98250538608847,1496800
2007-07-10,48.929710388183594,49.91265307990164,46.037591793270195,48.551654397396916,2288100
2007-07-11,48.87299346923828,49.147083840570296,48.57055016480592,49.06202143586066,1410700
2007-07-12,50.17728042602539,50.32850207207255,48.750126366793275,49.04311627796742,3530000
2007-07-13,50.621498107910156,50.81052247081987,49.83703330128211,50.09222051770056,1821400
2007-07-16,50.9712028503418,51.320902284882656,50.41357226830741,50.54589077838184,1923200
2007-07-17,50.78217315673828,51.29254762594985,50.763269998018345,51.254741308509985,1089900
2007-07-18,50.545875549316406,50.64984109173919,49.950438827972754,50.53642577519066,1614300
2007-07-19,50.71603012084961,51.01847354625991,50.0922401052646,50.56480840814446,1375800
2007-07-20,49.468421936035156,50.68764832887312,49.08091629242867,50.68764832887312,2628700
2007-07-23,49.449527740478516,50.224539168095276,48.627260221989246,48.627260221989246,1884400
2007-07-24,48.80683135986328,50.11112028712909,48.6272567850764,49.44952424544884,1971800
2007-07-25,50.17728042602539,50.29069575920865,48.57054818339397,49.005309965103514,2697300
2007-07-26,49.65745162963867,51.519367297598606,49.20378673364502,50.20562869360296,4827800
2007-07-27,49.373931884765625,50.46083668635799,49.19435364398241,49.71417799304046,2742000
2007-07-30,50.593135833740234,50.67819822957009,49.02421000375141,49.29830034647076,2978500
2007-07-31,49.3455696105957,51.198036052954116,49.279410352326416,49.751978543055145,3517500
2007-08-01,50.09221649169922,50.252887908340746,49.09037086391824,50.186728665557965,2722100
2007-08-02,50.243446350097656,50.60259915923291,49.52514433723607,50.60259915923291,2303900
2007-08-03,49.42117691040039,51.03735908272181,49.402273752165144,50.441922217242265,2685100
2007-08-06,49.88429260253906,51.98249633563555,49.23214985554828,51.98249633563555,2875400
2007-08-07,49.24159622192383,50.00715786743159,48.7879312634258,49.52513997571762,2772300
2007-08-08,50.58367919921875,50.61203212551438,49.005300202953606,49.279390508503795,3951600
2007-08-09,49.194339752197266,51.41541204247805,49.147083662065455,50.53643506547382,4361500
2007-08-10,50.29069137573242,50.65929388050594,48.258650909429925,48.86353744089501,3744300
2007-08-13,50.801082611083984,51.547741248712576,50.17729271765728,51.03736671625182,3023700
2007-08-14,49.997711181640625,51.20748447907295,49.799229820635965,51.20748447907295,1524900
2007-08-15,47.87115478515625,50.044967542630914,47.67267342309038,50.00716122553181,3275100
2007-08-16,47.12450408935547,48.28702149305536,46.07540205041888,47.417494082111475,5405000
2007-08-17,47.5025520324707,50.545892275988706,46.58577221175961,50.460829859076426,4297300
2007-08-20,47.133949279785156,48.3153697301887,46.415647232319806,47.75773913338187,2658700
2007-08-21,47.5687255859375,47.691590744884294,46.755907553963766,46.793710276880525,3209100
2007-08-22,48.60836410522461,48.77848894133424,47.559262151018316,48.097989596895744,3141200
2007-08-23,48.97697448730469,49.54405496072248,48.37208768754979,48.863559113703076,3112100
2007-08-24,49.808685302734375,50.09222548059937,48.50439615806464,48.91080506832108,2957600
2007-08-27,49.77089309692383,50.404136492275654,49.61967138548921,49.66692749429816,2489600
2007-08-28,48.655616760253906,49.84649052875953,48.655616760253906,49.14708807363937,2992300
2007-08-29,50.6782112121582,50.942851847761595,48.74068237235922,48.86355111012475,3652700
2007-08-30,51.34926986694336,51.93525351129454,50.06388359772677,50.092236540150445,3556000
2007-08-31,51.25471878051758,52.06753622117259,50.990081885572145,51.60441804961079,3226700
2007-09-04,51.547733306884766,51.982495128112696,50.84833087696303,51.04680862942681,3419000
2007-09-05,51.83127212524414,52.11481227933214,50.564789405269636,51.198028962552556,4333800
2007-09-06,51.72730255126953,52.124261620550115,51.491018506943206,52.124261620550115,3474900
2007-09-07,51.17913055419922,51.97304516663551,51.07516498744787,51.150774014370555,3568100
2007-09-10,50.81052780151367,51.68005510483941,50.3096066975142,51.62334562677176,1888800
2007-09-11,51.50994110107422,51.56665059105961,50.95231040181868,51.122435266365095,2187300
2007-09-12,52.41725540161133,52.73860186985849,51.2358350926745,51.831271937893085,3106600
2007-09-13,53.01270294189453,53.48527116080769,52.66300346941342,52.804771771841736,2537100
2007-09-14,52.63462829589844,52.9276217858743,52.1809633989542,52.67243460532915,1542800
2007-09-17,52.2376823425293,52.63463784736189,51.92578564123903,52.228228960752084,1864500
2007-09-18,54.354793548583984,54.46821251408736,52.41726462218408,52.681905269616,3353500
2007-09-19,54.874610900878906,55.14869766791357,54.44929887560636,54.56271421387617,3525500
2007-09-20,54.316986083984375,54.988032013544064,54.316986083984375,54.75174793084764,3671100
2007-09-21,54.26974868774414,55.15817951128556,54.26974868774414,55.11092339640602,4341000
2007-09-24,53.86331558227539,54.430395880724994,52.748054537303716,53.99563407821972,3127100
2007-09-25,54.06180191040039,54.77065419872187,53.4002057202185,53.4002057202185,3045700
2007-09-26,54.75175094604492,55.24322229776805,54.16576739820199,54.81791020441061,3481300
2007-09-27,54.647762298583984,55.526739052010115,54.23190376363058,54.92185259920238,3621600
2007-09-28,54.55326843261719,54.96912710699692,54.37369022801435,54.581621367908646,3083500
2007-10-01,54.950233459472656,55.337739265632926,54.62888691738295,54.77065882919674,2685600
2007-10-02,54.17521667480469,55.36609052519597,54.005091839034506,54.90297211550844,2178100
2007-10-03,53.41910171508789,54.250822631335275,53.296232992078814,54.250822631335275,2720700
2007-10-04,53.87276077270508,54.12794796690899,53.560864111319745,53.66482966511486,2398800
2007-10-05,54.68559265136719,54.79900800979142,53.88222454855499,54.40205245260198,3003300
2007-10-08,54.874610900878906,55.006929396428454,54.62887346165095,54.73283902398519,1921000
2007-10-09,56.141075134277344,56.254490435252386,54.72337125316334,55.129779987515285,2930700
2007-10-10,55.054176330566406,56.00876217927482,55.00692024793078,56.00876217927482,3218200
2007-10-11,54.884063720703125,58.61735276339822,54.54381408161473,55.58346615720803,2106600
2007-10-12,55.47951126098633,55.78195464159564,54.562727735471526,54.959686925902176,1913000
2007-10-15,55.46059799194336,55.76304131743573,55.10144519089286,55.40388851638523,1993700
2007-10-16,55.2526741027832,55.83866127753884,55.16761168099024,55.46060526836806,2590400
2007-10-17,55.2526741027832,56.1032983207128,55.04474654260765,56.093844937508415,2347600
2007-10-18,55.233768463134766,55.56456835766668,55.025840912290086,55.129806490417,1699900
2007-10-19,54.59107971191406,55.62127858561695,54.38315214479704,54.97858551181647,3090900
2007-10-22,54.76118850708008,54.78009166316886,53.88221157869789,54.042886602748325,1640800
2007-10-23,56.24504852294922,58.503926862554,54.8178945780721,54.8178945780721,4190600
2007-10-24,55.838645935058594,55.989867576094696,55.318818163926686,55.772483087035,4005000
2007-10-25,54.723384857177734,56.70816934198385,54.58161299165945,55.81028927298744,5677200
2007-10-26,54.676124572753906,55.999316618562574,54.137397258273815,55.753582807122356,3541700
2007-10-29,54.68559265136719,55.092001591580704,54.09960909319786,54.82736094804517,2683900
2007-10-30,54.94076919555664,55.470043168573135,54.50600379648212,54.65722905209658,3172000
2007-10-31,55.583465576171875,55.76304017029857,54.88406314697811,55.13925037362683,4280700
2007-11-01,54.4115104675293,56.027693090031796,54.38315752498322,55.21487508655294,3153600
2007-11-02,53.6364860534668,54.969128117803535,53.504167545795035,54.59107214839086,4417800
2007-11-05,54.21300506591797,54.47764200941432,52.99377868125329,52.99377868125329,2643300
2007-11-06,54.42095184326172,55.08254439274602,53.87277103893588,54.26027679166625,1518600
2007-11-07,53.523075103759766,54.22247401762379,53.51362172077258,54.22247401762379,2543500
2007-11-08,54.118492126464844,54.175201591068614,53.1355533111898,53.57031505692762,3028300
2007-11-09,53.89167785644531,54.66668941451403,53.513621855012616,53.513621855012616,2134600
2007-11-12,53.6364860534668,54.534366276765205,53.3907521971348,53.57977657643222,2398400
2007-11-13,54.71393585205078,54.81790141435717,53.8066059353181,53.97673074538155,2197100
2007-11-14,54.76118850708008,55.41333477321366,54.48710175731371,55.1581475741277,3246900
2007-11-15,54.27918243408203,55.01638765460857,54.22247295349955,54.65723842714696,1593800
2007-11-16,54.40205001831055,54.92187429368807,53.85386920053888,54.75174946095956,2132600
2007-11-19,53.53251647949219,54.64777753993233,53.02214204056358,54.64777753993233,3204800
2007-11-20,54.32644271850586,54.60053315433013,53.09776605447116,53.532527956214146,2930500
2007-11-21,53.59868621826172,54.27918560334809,53.59868621826172,53.995645394698556,2029800
2007-11-23,54.071224212646484,54.13738343750626,53.73097471027773,54.014518365856595,831500
2007-11-26,53.40020751953125,54.27918467509964,53.31514509785014,53.96728792713247,3063800
2007-11-27,54.118492126464844,54.231911055672384,53.40019026852445,53.787695929796534,4765400
2007-11-28,54.921878814697266,55.00694123806362,53.95783921834846,53.95783921834846,2148200
2007-11-29,54.109046936035156,55.07308628352707,53.91056920121847,54.85570539224092,3645600
2007-11-30,54.4776496887207,54.66667764875307,53.89166625748796,54.34533119832058,2401700
2007-12-03,54.1657600402832,54.487106511011405,53.901119437360244,53.957828910574165,2084300
2007-12-04,54.127952575683594,54.40204294895233,53.6270315251921,54.06179332770957,2080200
2007-12-05,54.71393585205078,55.299919305931226,53.825509092592775,54.524907884712654,2264500
2007-12-06,54.89351272583008,55.063633926401465,54.41149124041755,55.063633926401465,2546700
2007-12-07,54.695045471191406,55.281032667363334,54.39260209496499,55.101454434009916,2048200
2007-12-10,55.488956451416016,55.583472253422755,54.638335865810525,54.95968238181505,1604800
2007-12-11,54.27918243408203,55.99933035225006,54.241376113693704,55.460602905648486,2219100
2007-12-12,54.24134826660156,55.38496183065727,53.60810894953855,55.38496183065727,3312500
2007-12-13,54.1657600402832,54.24136906582642,53.352942284593716,53.910572818933574,2360500
2007-12-14,54.137428283691406,54.487131453816005,53.5987006604739,53.68376310652984,2438400
2007-12-17,53.43801498413086,54.18467363425185,53.43801498413086,53.90112981897901,2169400
2007-12-18,53.5892333984375,54.109057685689805,53.32459276069825,53.721551914602536,2232300
2007-12-19,53.749900817871094,54.005088053639454,53.182820475325116,53.70264472356041,4170700
2007-12-20,53.920021057128906,54.06179293341559,53.30568467250662,54.0334363949131,3158400
2007-12-21,55.2526741027832,55.42279894636912,53.9200318982997,54.74229957202544,2997200
2007-12-24,54.988033294677734,55.583470206459964,54.855714782150365,55.29047663914289,782500
2007-12-26,55.88591003417969,55.96151906283358,54.85571133023249,54.85571133023249,1049800
2007-12-27,54.61943435668945,55.659082972330374,54.59107781252555,55.659082972330374,1134200
2007-12-28,54.997474670410156,55.271565036151976,54.56271287983186,55.26211526044745,1032000
2007-12-31,54.515472412109375,55.29048403666924,54.42096020634726,55.29048403666924,1379800
2008-01-02,52.73859786987305,54.58161413311174,52.48341066984845,54.515454889261854,3289100
2008-01-03,53.882225036621094,54.279184202815436,52.81422349141787,53.01270127181041,2141400
2008-01-04,52.87092590332031,53.87277172814178,52.87092590332031,53.52307228959644,2019300
2008-01-07,53.797157287597656,53.872769923349516,53.01269602142117,53.08830505176411,2206800
2008-01-08,53.75935745239258,54.63833456030274,53.31514220709779,53.957835223750585,3195300
2008-01-09,52.42671585083008,54.033444803262604,51.50048263640585,53.83496702990223,4937000
2008-01-10,52.937076568603516,53.315132487860154,51.42486010239387,52.24712758055733,4331200
2008-01-11,51.97304916381836,52.79531677391415,51.88798674860783,52.34165176126099,2143000
2008-01-14,52.577938079833984,52.88983121190968,51.87853556891617,52.45506934033305,2071000
2008-01-15,51.7462272644043,52.681914056113605,51.28310875821467,52.37001725707387,3559600
2008-01-16,51.78402328491211,52.33220051218687,51.2452958350864,51.594995287248366,2514400
2008-01-17,50.83888244628906,51.85962777555659,49.62910553051607,51.79346852298411,5466700
2008-01-18,49.16598892211914,51.28309213600861,48.76902981613441,51.28309213600861,6419100
2008-01-22,47.81443405151367,48.844632514744696,44.071696069748974,45.943065060631326,11023900
2008-01-23,47.587623596191406,47.63488330776686,46.43455946302809,46.75590603252831,12740500
2008-01-24,47.313514709472656,47.93730439449339,47.048874148421845,47.79553253659445,3525400
2008-01-25,48.77849578857422,49.60076354158977,47.86171222144733,47.96567781426497,4919100
2008-01-28,48.57054901123047,48.92024839766074,48.06962797617561,48.92024839766074,2497200
2008-01-29,49.7236213684082,49.84649009704263,48.239757664392286,48.86354747878491,2823000
2008-01-30,48.25865936279297,49.39282000525435,48.164143572315346,49.2888580438421,3866900
2008-01-31,48.66504669189453,48.90133065531226,47.25679268354572,47.6442982393345,3672300
2008-02-01,49.50625228881836,49.61966766253228,47.99403168252392,48.58946870398903,3498900
2008-02-04,48.29645919799805,49.67636081354172,47.927856650603864,49.51568578200076,4364400
2008-02-05,47.48365020751953,47.97511792016956,46.66137901488164,47.89950888953452,4327400
2008-02-06,51.08461380004883,53.17336405578124,50.7632673295201,51.26419199574377,8935100
2008-02-07,52.44560241699219,52.92762022912794,50.80106405920762,50.80106405920762,4679400
2008-02-08,52.37944793701172,53.44745288236872,51.935236362277145,52.09590779017062,4183100
2008-02-11,52.84257888793945,53.12611910246205,52.09592022554938,52.464522864969695,2199800
2008-02-12,53.65537643432617,53.93891654115548,52.54956533066137,53.22061469682736,2545800
2008-02-13,54.023990631103516,54.222468388317935,53.23952937884272,54.023990631103516,2833900
2008-02-14,53.53251647949219,54.345334229176565,53.50416354579904,54.222465507491826,2110300
2008-02-15,54.080692291259766,54.19410762107614,53.003237644483306,53.47580572502795,1939800
2008-02-19,53.693214416503906,54.64780084719333,53.47583341952335,54.146879576125535,1907700
2008-02-20,54.01453399658203,54.20355834779134,53.14500683830396,53.63647808334663,1957400
2008-02-21,53.1639289855957,54.345349629720054,53.09776971795751,54.20357771026126,1368900
2008-02-22,53.08831024169922,53.49471918507387,52.303848898833465,53.400206986553414,2300400
2008-02-25,54.76118850708008,54.80844820000621,53.29622816157922,53.34348424909698,2354100
2008-02-26,54.80846405029297,54.817913828365995,54.35479538378069,54.6005328785923,1837200
2008-02-27,54.515472412109375,54.82736557545198,54.14686976206377,54.515472412109375,1846900
2008-02-28,53.90110778808594,54.36422603905405,53.34347737426289,54.15629495428372,1360800
2008-02-29,52.86147689819336,53.81606303532236,52.540130391607626,53.40965411212837,2529700
2008-03-03,52.3700065612793,53.06940906738621,52.048660048539766,52.861477910493235,2402100
2008-03-04,51.97304916381836,52.29439566512381,51.03736259650251,51.99194871794601,4030000
2008-03-05,51.840721130371094,52.795310748274304,51.4154127082688,52.218777067138255,3034800
2008-03-06,50.84833908081055,51.99195329284111,50.84833908081055,51.491032139973534,2280600
2008-03-07,50.63096618652344,51.056278367633986,50.20565400541288,50.35687571365109,3281000
2008-03-10,49.477882385253906,50.791624831564405,49.43062629274691,50.57424031629647,2926000
2008-03-11,50.50807571411133,50.536432250938006,49.156530700243714,49.156530700243714,3093800
2008-03-12,50.36632537841797,51.25475239802224,50.17729735572929,50.51754707548699,3037000
2008-03-13,51.39651870727539,51.585546709334665,49.7330766156449,49.7803327148074,2952200
2008-03-14,50.37576675415039,51.698959086845434,49.685817651022376,51.67060254465589,3369800
2008-03-17,49.676368713378906,50.60260191975422,49.27940956469856,49.27940956469856,4300900
2008-03-18,51.18857192993164,51.18857192993164,50.15837341863959,50.328498208057226,2768200
2008-03-19,50.96175003051758,52.218783100918834,50.96175003051758,51.226390658996756,2949200
2008-03-20,51.29254150390625,51.491019238662844,50.470274027480066,51.150769633132434,3151900
2008-03-24,52.67243957519531,52.96543309281635,51.50992249107331,51.50992249107331,1751200
2008-03-25,53.504173278808594,53.84442296665623,52.81422412529946,53.305695496033906,5035500
2008-03-26,53.2584342956543,53.570331035895435,52.7858660992229,53.334046937679744,2162000
2008-03-27,52.64409637451172,53.55142642173225,52.37945574001556,53.532523261739016,2125700
2008-03-28,53.34347915649414,54.00507513480659,52.606274166453204,52.79530210388648,2713400
2008-03-31,53.7215690612793,54.02401251059208,52.993813384679704,53.456931944483195,3189100
2008-04-01,55.942626953125,55.942626953125,53.74991060796277,53.74991060796277,3628600
2008-04-02,55.40389633178711,56.3868390809979,55.16761222507736,55.43225287627063,2480400
2008-04-03,54.81789016723633,55.3566174201024,54.600509311291056,55.08252710396833,2360000
2008-04-04,54.77064895629883,55.07309228193462,54.36424006146158,54.969126712733164,2602000
2008-04-07,54.20355987548828,55.02583096913928,54.10904769721986,54.91241202872697,2422800
2008-04-08,53.75935745239258,54.15631299510859,53.42855756138679,54.03344425814021,2731900
2008-04-09,53.447452545166016,54.25082049579064,53.126106085997876,53.75934922850946,1986400
2008-04-10,52.73859786987305,53.34348444530539,52.445607962940215,53.34348444530539,2359200
2008-04-11,51.47212600708008,52.71970573097822,51.33980749172863,52.247137544489256,2616500
2008-04-14,51.7462272644043,51.95415846376412,51.330368471094545,51.55719922911445,2007400
2008-04-15,50.5269775390625,51.443760755124416,49.83702858459621,50.54588069464616,3956200
2008-04-16,51.85017776489258,51.95414333429687,50.49863257345442,50.85778537537594,3744700
2008-04-17,52.04865264892578,52.18097114617026,51.793465430493434,51.92578392773792,2261500
2008-04-18,53.608131408691406,53.72154675373609,53.13556326469492,53.44745636492002,2380100
2008-04-21,52.937076568603516,53.41909804592615,52.691342744872614,53.41909804592615,1805600
2008-04-22,52.152610778808594,52.6913380724621,51.78400827319389,52.455054045231336,2575300
2008-04-23,53.04104232788086,53.3056829145278,52.24712777875696,52.53067152197929,3528200
2008-04-24,52.530677795410156,53.72154795861041,50.3946677176104,53.72154795861041,7307000
2008-04-25,52.8992805480957,53.2111736563122,52.2754907262538,52.83312129467375,3404600
2008-04-28,54.023990631103516,54.53436509714819,52.78586078319711,52.78586078319711,3354400
2008-04-29,54.28861618041992,54.685575216459746,53.88220736977806,53.88220736977806,2516100
2008-04-30,54.695045471191406,55.44170413361699,54.40205547851488,54.487117903416646,3099700
2008-05-01,55.51729965209961,55.5645557390412,54.23191389700174,54.345329226743225,1991000
2008-05-02,55.43224334716797,56.235607729714694,55.1486995835315,55.54565868937732,2808200
2008-05-05,55.02583694458008,55.583467509899165,54.62887782084687,55.451145398382174,2063300
2008-05-06,54.09015655517578,55.148708329627,53.910581934414644,54.70449666660538,3595300
2008-05-07,53.59868621826172,54.534372872755476,53.43801475534375,54.09961097913224,2469100
2008-05-08,53.82551574707031,54.156312026752104,53.40965344643144,54.01454373777807,1982100
2008-05-09,53.17335891723633,53.75934593389538,52.84256270251616,53.116653054946205,1330100
2008-05-12,54.01453399658203,54.07123985978147,53.2111660823089,53.2111660823089,1230600
2008-05-13,54.45875930786133,54.76120267270106,53.92003183890247,54.62888415125984,2243800
2008-05-14,54.27918243408203,55.16760933075271,54.07125127735541,54.39259778983785,2589400
2008-05-15,54.42095184326172,54.619429608107005,53.730999146669824,54.08070218615037,1516100
2008-05-16,54.76118850708008,54.81789797534642,54.09014269026609,54.468198601224934,2351300
2008-05-19,55.233768463134766,55.76304613114034,54.534369564586875,54.817909756036265,2918600
2008-05-20,55.14870071411133,55.772490517163895,54.2697236817997,54.68558595410727,3419000
2008-05-21,55.800838470458984,56.5852995904347,55.11088952214985,55.139242452568176,3170300
2008-05-22,54.80846405029297,55.70634078901626,54.63833920170322,55.507863000798025,2567300
2008-05-23,54.732826232910156,54.86514469753684,54.373673539346456,54.676116774323965,1512700
2008-05-27,54.81789016723633,55.025821249187395,54.127941292607986,54.72337800566286,2088600
2008-05-28,54.76118850708008,55.00692593082584,54.477648376565135,54.86515406286418,1364600
2008-05-29,55.43224334716797,55.687426965786834,54.411494451057635,54.77064724103076,1785000
2008-05-30,55.781944274902344,55.9426157136247,55.23376349604269,55.432244857076356,1690200
2008-06-02,54.94076919555664,56.424632764892515,54.402041841359974,55.67797428963449,2760100
2008-06-03,55.14870071411133,55.78194389903023,54.68558595410727,55.17705725430154,2053700
2008-06-04,55.10144805908203,55.6968849645057,54.865163973403796,54.89352051536332,2143600
2008-06-05,55.989891052246094,56.11275620838617,54.959692064042635,55.403903792798744,1586400
2008-06-06,54.742279052734375,55.6496124135626,54.67611981673964,55.28100992576111,2151300
2008-06-09,54.43040084838867,55.17705940697204,54.06179826021456,55.14870286567554,1855600
2008-06-10,54.78954315185547,55.07308327257885,53.72153830487556,54.06178789190691,2470200
2008-06-11,53.768798828125,54.72338842667638,53.72154273833926,54.63832602289862,1658400
2008-06-12,55.11090087890625,55.715787555201736,54.345339151177214,54.345339151177214,2098900
2008-06-13,55.488956451416016,56.09384316262238,54.73284806240807,55.46060351351859,1776700
2008-06-16,56.04658126831055,56.150546837061846,54.95022331627572,55.34718243283442,2400400
2008-06-17,55.71577453613281,56.49078585971614,55.48894028282172,56.33011084582742,1669500
2008-06-18,54.676124572753906,55.55510147646527,54.60051555592933,55.281014734391874,1587900
2008-06-19,55.27157974243164,55.61182944486195,54.28863695883508,54.75175541056733,2127300
2008-06-20,54.392608642578125,55.62128545707839,54.15632450112,54.959692745323544,2004900
2008-06-23,54.1657600402832,54.69503403531176,53.8916696611956,54.31698169677831,1789100
2008-06-24,52.73859786987305,54.13739897691244,52.33218902599037,54.042886801529285,3281300
2008-06-25,52.7669563293457,53.29623029942858,52.41725333578836,53.0410430901064,2964200
2008-06-26,51.613887786865234,52.549570593654124,51.613887786865234,52.08645588071251,2892700
2008-06-27,52.28494644165039,52.56848664643666,51.56664434916456,51.56664434916456,3129400
2008-06-30,52.67243957519531,53.02213895690475,51.859621872782746,52.14316200945009,4568500
2008-07-01,53.11665725708008,53.16391334786312,52.048652299421924,52.048652299421924,3594400
2008-07-02,53.47580337524414,54.10904284475275,53.05049140036096,53.201713035274075,3421300
2008-07-03,53.64594268798828,54.62888544978659,53.36240247738745,53.683749010844224,1625700
2008-07-07,53.93893051147461,54.373692361577845,53.46636234256006,53.54197498018271,2167400
2008-07-08,55.46059799194336,55.46059799194336,53.68374075061907,53.68374075061907,2453700
2008-07-09,54.55326843261719,56.54750660405035,54.33588751609536,55.46059841603235,3148500
2008-07-10,55.195960998535156,55.309376344273495,53.57032541951393,54.48710877820504,2917900
2008-07-11,54.01453399658203,54.893510930257214,53.77824995216201,54.17520541619162,2866100
2008-07-14,52.77640914916992,54.86515942822977,52.54012508306608,54.685584835937995,3011400
2008-07-15,53.428558349609375,53.73100170244798,51.90688820259747,52.49287535345529,7563100
2008-07-16,53.38129425048828,53.759350187574796,52.41725485578542,53.598675152420014,3892200
2008-07-17,53.92947006225586,54.13739756375291,52.766953029428166,53.52306122898175,2059000
2008-07-18,52.87092590332031,54.080702878016375,52.19043018580088,54.080702878016375,3783500
2008-07-21,53.05049514770508,53.286779194285295,52.71024554376421,53.003239059470715,2000400
2008-07-22,56.074947357177734,56.074947357177734,52.71971007247326,52.71971007247326,4822000
2008-07-23,55.55510711669922,56.25450952172683,55.11089553491159,56.08438470983926,5393500
2008-07-24,55.60236358642578,56.632558568593446,53.853859478028845,56.632558568593446,4675800
2008-07-25,55.574012756347656,56.28286496906997,55.158154089497735,56.04658089816253,2511400
2008-07-28,54.84626388549805,55.640178602055485,54.79900778679769,55.536213021669155,2113200
2008-07-29,54.95966339111328,55.347169031919655,54.524898062929,54.71392599621678,2294900
2008-07-30,56.282859802246094,56.30176295883241,55.20540511468502,55.37552991855345,2359400
2008-07-31,57.19965362548828,58.15423977415069,56.330126289052735,56.3773859919465,5791000
2008-08-01,56.8972053527832,58.22984737685089,56.79323978406585,57.22800161196678,2914400
2008-08-04,56.547508239746094,57.71947526753883,56.30177077541574,56.94446376694426,2448300
2008-08-05,56.821598052978516,56.89721069383771,56.131648929479574,56.89721069383771,3472300
2008-08-06,57.587162017822266,57.77619002178412,56.40574149982232,56.74599118587179,3115900
2008-08-07,56.727081298828125,57.47373984297133,56.64201888740157,57.36032089079668,2658500
2008-08-08,57.65330123901367,57.79507309405971,56.48133090613615,56.670358844394855,2731700
2008-08-11,58.46612548828125,58.7118593121338,57.57769515921087,57.672210941776044,2008500
2008-08-12,58.09752655029297,58.40941963856595,57.79508323815791,58.125879484115416,1471600
2008-08-13,58.4755744934082,58.83472725160706,57.8423349829026,58.0502624909896,1751700
2008-08-14,58.239295959472656,58.8441825955276,57.464284506351156,58.22984618315062,1715700
2008-08-15,59.260040283203125,59.326199528571856,58.239291459670994,58.41886964459339,2070500
2008-08-18,58.17312240600586,59.30728637245713,57.955741549958944,59.30728637245713,2088400
2008-08-19,57.520992279052734,58.15423183075145,57.36977062451209,58.021913333704475,1459200
2008-08-20,56.65147399902344,57.88015419209391,56.2545184452567,57.7856383897143,2926400
2008-08-21,56.859397888183594,57.398125273927555,56.10328959287705,56.29231756805587,2110600
2008-08-22,57.9179573059082,58.2015011095876,56.82159922863009,57.38868323057967,1884600
2008-08-25,56.717628479003906,58.15423610544374,56.44354168872039,57.53989966608118,1419900
2008-08-26,56.92556381225586,57.237460548676914,56.103296170050896,57.171301290419564,1691000
2008-08-27,57.369773864746094,57.56825162152654,56.670371419613126,56.849949623241116,1514000
2008-08-28,58.02191925048828,58.13533460160713,57.47374204890635,57.47374204890635,1061300
2008-08-29,57.23744583129883,58.31490045205605,57.218542675884535,57.94629793499787,1291800
2008-09-02,57.03898239135742,58.447237265425144,56.774345343375316,57.5210039920784,2043000
2008-09-03,56.254520416259766,57.095691257159956,56.16945799384237,56.99172567360432,1687100
2008-09-04,53.920021057128906,56.0465775689777,53.80660571934471,55.583462836537215,3910700
2008-09-05,53.28678512573242,53.81605914152516,53.003244959356486,53.608131609067506,2758800
2008-09-08,54.79899978637695,55.14869919219607,53.93892593612428,54.562715721962384,2067000
2008-09-09,53.409645080566406,55.394433263995296,53.400195304945264,54.70448427058042,1926000
2008-09-10,53.45690155029297,53.96727232744342,53.182811203503114,53.63647611953033,1686300
2008-09-11,54.28861618041992,54.335875869654444,52.79530302013778,53.23006475999389,2135600
2008-09-12,55.30937957763672,55.4322483125246,54.127959141354516,54.326436909351756,2710100
2008-09-15,53.816070556640625,55.517319126571714,53.78771761561163,53.816070556640625,2459400
2008-09-16,54.01453399658203,54.846251237046495,52.72914821807173,54.13739910378641,3099700
2008-09-17,51.717864990234375,53.89167799035059,51.57609308799254,52.92763842917016,3685100
2008-09-18,53.182823181152344,53.77826009490639,51.15077857372691,51.99194935364425,3954900
2008-09-19,53.8538703918457,56.70818268637571,53.494717558650756,54.81790993016319,5252000
2008-09-22,51.97304916381836,53.80661237396768,51.698958758650086,53.466362713125555,2307600
2008-09-23,51.44377899169922,52.94654614194525,51.41542605097688,52.20934083988818,1945100
2008-09-24,51.311439514160156,51.6705886347255,49.78031644283519,51.25473005045654,3056100
2008-09-25,52.937076568603516,53.135557909187895,51.23583214276555,51.56663197346722,3023000
2008-09-26,53.51361846923828,53.59868088390833,51.99194838759022,52.34165142868319,2160000
2008-09-29,50.063865661621094,53.32458266689639,49.67635996388472,52.91817741792178,3928300
2008-09-30,51.98249435424805,52.2376815773634,49.761425583093654,51.19802952703321,2976800
2008-10-01,50.25290298461914,52.09591977105123,48.551658106916214,51.585548831526935,4300000
2008-10-02,47.60652160644531,50.252902924765614,47.360787717738106,50.252902924765614,5270000
2008-10-03,47.79553985595703,49.997709048218766,47.79553985595703,48.3248174537036,4179700
2008-10-06,45.9714241027832,47.247360133576095,44.241826734919684,47.01107608403021,5184400
2008-10-07,45.78242874145508,48.27759310988524,45.65956354409912,46.54799090504955,5033700
2008-10-08,44.39305114746094,46.6708293827398,44.39305114746094,44.40250092365163,3827800
2008-10-09,40.27225112915039,44.69548851180258,40.27225112915039,44.563170030293804,4660900
2008-10-10,38.76002883911133,41.11341925161795,32.69225696981321,38.656066899431565,10817900
2008-10-13,45.30983352661133,45.33819006766645,39.69572512789859,40.28170863217689,3697200
2008-10-14,42.2003288269043,47.871145496746315,41.58598891217482,47.001618399224974,7487600
2008-10-15,38.23076629638672,41.69941499005165,38.107897560672185,41.51038699789292,5097500
2008-10-16,40.00762176513672,40.67866768047935,37.5691683527754,37.81490220719351,6403800
2008-10-17,40.97165298461914,43.14546913726427,37.90941370392989,39.147539823206294,5606100
2008-10-20,41.72776412963867,42.36100364480952,40.366765711872304,40.79207771742429,4327100
2008-10-21,40.77318572998047,42.19089039989862,40.51799845674607,40.716479850645776,4313200
2008-10-22,38.77893829345703,40.05487436490846,37.96612056025285,39.9225558698117,6298600
2008-10-23,36.30267333984375,38.93960362509805,33.16482213212746,37.493543104412446,10975400
2008-10-24,35.38590621948242,36.41610506011969,33.50508676522944,33.722467708889326,5525000
2008-10-27,33.363319396972656,35.42371735841845,33.306613511599714,34.86608665132239,5323600
2008-10-28,34.03436279296875,34.43132198628563,32.087383966816326,34.25174735443366,7684100
2008-10-29,34.79991912841797,36.37829866282162,32.77732797383146,34.02490763190181,15086000
2008-10-30,37.61640930175781,37.786534057630384,35.18741024951963,35.886812424263255,5103600
2008-10-31,38.372528076171875,39.204248937315185,37.26672045857946,37.62587322220632,5177700
2008-11-03,38.42924880981445,39.213713812222274,37.966130352124004,38.344186383112515,2937200
2008-11-04,40.48964309692383,41.70886990547584,39.213710412426565,40.48964309692383,3960100
2008-11-05,37.966121673583984,40.0265190001325,37.73929099116891,39.90365388274463,3222100
2008-11-06,35.5749397277832,37.96613408337089,35.177984101101714,37.96613408337089,4643300
2008-11-07,35.65999984741211,36.39720516647318,35.0078569578896,35.0078569578896,3651100
2008-11-10,35.15907669067383,36.98319032914186,34.70541162694113,36.36885019396102,3268800
2008-11-11,34.043800354003906,34.72429945174817,32.607193150659256,34.450209136778085,5069800
2008-11-12,31.10443878173828,33.75081998082273,31.000473200866267,33.49563272015759,7338800
2008-11-13,34.32734680175781,34.46911867518577,31.53919426580656,32.285852735764585,7832600
2008-11-14,32.17243957519531,35.14961666976957,31.662065122842435,33.741365643036225,4462700
2008-11-17,30.75473976135254,32.22915025898723,30.660223956754617,31.870001017743,3123600
2008-11-18,30.263267517089844,30.877604004840162,28.958978294691818,30.291620454943327,8943400
2008-11-19,30.008073806762695,31.066625322085322,29.80959607365378,30.102587785592554,7712500
2008-11-20,27.3144474029541,29.847413781565688,27.09706641741632,29.847413781565688,7419300
2008-11-21,28.098905563354492,28.23122588907394,25.18788543809668,27.938232298534544,8495500
2008-11-24,30.33887481689453,31.265111595071165,28.524214789939702,28.637630140272133,6656000
2008-11-25,32.77732849121094,33.306606138453326,30.480646901372477,31.652617546905987,7938800
2008-11-26,32.730079650878906,32.966363787764294,31.369080714956787,32.21025527081301,4537600
2008-11-28,33.72244644165039,34.26117357214535,32.474867444145524,32.730054548917934,2250600
2008-12-01,31.009918212890625,33.070315297256755,30.92485581563117,32.52213460260509,6777200
2008-12-02,31.614816665649414,32.00232248667287,30.31998066936269,31.539204015005996,5041500
2008-12-03,32.07792663574219,32.26695462808912,30.698028420805052,30.962665446845303,4838400
2008-12-04,30.726381301879883,32.389823305016535,30.244363347410516,31.76603345519256,5238400
2008-12-05,32.10628128051758,32.172440533117395,29.56386412751022,30.24436161487123,5637000
2008-12-08,32.68281173706055,33.76026643513357,32.32365896923337,32.89073925072175,5627100
2008-12-09,32.89073944091797,33.76971640609375,32.380365021382,32.43707449202217,4698600
2008-12-10,32.30474853515625,33.62794036776442,31.841630312121087,33.25933430188368,4115200
2008-12-11,31.49192237854004,32.588279686115136,31.189479231995648,32.229127097566156,5322500
2008-12-12,28.788841247558594,29.904101998669162,26.955278733983963,29.308667121107057,10559900
2008-12-15,28.1839656829834,29.516607792948683,27.749203827059187,29.223616029056085,6434600
2008-12-16,30.017534255981445,30.036437417874698,28.26903144035973,28.524218717804438,9432200
2008-12-17,31.312358856201172,32.26694469587521,29.535502043735796,29.752882906128736,7358600
2008-12-18,30.75473976135254,31.822741312739392,30.461746175212912,31.529751332009056,4613600
2008-12-19,30.745281219482422,31.529746041679175,29.82849970116374,31.094984229704647,5350100
2008-12-22,30.61296844482422,31.10443982194011,29.960825604921453,30.669677928671604,3116400
2008-12-23,30.726381301879883,31.359624534279003,29.866309166108792,30.376681860189986,3810400
2008-12-24,31.12334632873535,31.18950559763088,30.367237823208068,30.89651197437229,998900
2008-12-26,31.019363403320312,31.35015956298883,30.74527309650483,31.246197630955677,1433900
2008-12-29,30.953208923339844,31.01936816543035,30.612959332355363,31.000465009774736,2915600
2008-12-30,31.69987678527832,31.75658266371969,30.41449066126992,31.22730856941696,2624700
2008-12-31,32.20078659057617,32.39926430598243,31.60534983894933,31.67150907741808,2602600
2009-01-02,33.4200325012207,33.590157386553514,31.955071415663873,32.33312391219553,3003000
2009-01-05,33.53345489501953,33.71302959798075,32.79624930817658,33.287720901208864,3966800
2009-01-06,33.363319396972656,34.213943731664884,33.03252304759779,33.69411935175732,4394600
2009-01-07,33.004150390625,33.51452474233356,32.46542311006864,32.95689430740933,3459600
2009-01-08,32.096824645996094,33.0797671641724,31.539194141012278,32.937995291305405,4756700
2009-01-09,31.945606231689453,32.38036806456514,31.45413492284391,31.907799914376213,3339700
2009-01-12,32.276397705078125,32.711159424873664,31.94559792274054,32.40871617584999,4258700
2009-01-13,35.045654296875,35.4048034802468,32.19134235532191,32.607201012314434,7961000
2009-01-14,34.45022201538086,35.196880626152215,34.03435969778204,34.42186547210237,5540800
2009-01-15,36.17982482910156,36.89813060327605,33.892596181473166,33.968205228254334,6545500
2009-01-16,36.76580047607422,37.2856246770658,36.000238838346476,36.236522893834334,5716600
2009-01-20,34.440765380859375,37.28562765519041,34.015456931337305,36.38774745153821,6420800
2009-01-21,34.242286682128906,35.21577588799571,33.61849688718562,34.99839497821034,6833700
2009-01-22,33.93985366821289,34.11942831636286,33.24045102861068,33.69411974940716,4914000
2009-01-23,32.78677749633789,33.34440806686236,31.973963293313638,33.34440806686236,5241600
2009-01-26,33.164833068847656,33.353861050827874,32.531589870025265,32.98525846894133,4391800
2009-01-27,34.29899978637695,34.60144313681844,33.3444100321511,33.49563170737185,4423000
2009-01-28,35.31974792480469,35.962440995558474,34.66760507598514,34.979498227886864,3917100
2009-01-29,34.52582550048828,35.31974008186707,34.24228535115485,34.92278459388198,2921100
2009-01-30,33.958740234375,35.04564818747154,33.65629697193925,34.43130828260687,4421400
2009-02-02,33.883148193359375,34.28955725008439,33.55235180086705,33.599607913307345,3974400
2009-02-03,34.67705535888672,35.11182086983857,33.68466279870189,34.06271882420538,5121000
2009-02-04,35.045654296875,37.03988877951961,34.73375760007407,35.50876904584711,10509200
2009-02-05,36.78470230102539,36.973730278179204,34.87553018745738,34.970042373329896,7180800
2009-02-06,37.805458068847656,38.0228390200944,36.28378780471103,36.28378780471103,5974300
2009-02-09,37.34233856201172,38.126803525287656,36.92647983299648,37.83380993561664,3408100
2009-02-10,35.83012390136719,37.48411274546561,35.622192721520896,37.115510094217775,7207500
2009-02-11,36.48225402832031,36.71853806634158,35.66943996607012,35.886820848400696,2897000
2009-02-12,36.869773864746094,36.91703357482509,35.310300778200606,35.99080022274972,3896800
2009-02-13,37.72983932495117,38.07954235147061,36.69019083822939,36.69019083822939,4812500
2009-02-17,36.43501281738281,37.162768384263316,36.0664101444429,36.80361549032273,4227900
2009-02-18,35.707252502441406,36.73745133604973,35.16852503587102,36.73745133604973,4715100
2009-02-19,35.85847473144531,36.709098957648415,35.78286569212134,36.03805295998227,3076300
2009-02-20,34.97947692871094,35.74503828062195,34.232822332237845,35.281923723794975,4855300
2009-02-23,34.42186737060547,35.39536035425085,34.232842967172395,35.244138668258756,4248900
2009-02-24,35.83957290649414,36.01915114172644,34.639252772579766,34.84718034253001,3189800
2009-02-25,34.90387725830078,35.93407577503691,34.4596621274286,35.80175729488133,3481600
2009-02-26,34.11940002441406,35.3197228909286,33.92092237702525,35.3197228909286,6226400
2009-02-27,34.27064895629883,35.0834669481314,33.56179655952527,33.76027797073326,6766700
2009-03-02,32.985252380371094,33.788616648737225,32.78677105295358,33.75081033823787,6232500
2009-03-03,32.569393157958984,33.86423237056417,32.446528045698074,33.33495479133375,5741700
2009-03-04,34.08161544799805,34.55418358651789,32.834035850738374,32.98525751084837,3837600
2009-03-05,32.663902282714844,33.76970970004093,32.12517503754452,33.76970970004093,4557800
2009-03-06,32.285865783691406,33.202649430106156,31.491950903542847,32.522149931290265,4635000
2009-03-09,31.047727584838867,31.94560783638193,30.263266290932783,31.813289324547824,6828700
2009-03-10,32.11573028564453,32.43707676429937,31.23675325889479,31.643162146764404,6326700
2009-03-11,31.662065505981445,32.98525774540986,31.62425918933291,32.32366162569566,5723900
2009-03-12,31.992862701416016,32.34256573255782,30.783089376453162,31.595907181190917,8185100
2009-03-13,32.78677749633789,33.02306157528201,31.992862846869315,32.30475956167183,4550700
2009-03-16,32.86239242553711,33.429472812413785,32.78677978440199,33.11757968125436,5588500
2009-03-17,33.23100662231445,33.60906274896703,32.75843826670395,32.82459754805658,6394400
2009-03-18,32.21968460083008,33.38220138383489,31.917241386003177,33.08920794210554,8063600
2009-03-19,31.82274055480957,32.79623348923117,31.643165938464424,32.607205489946736,5032000
2009-03-20,31.48247528076172,32.34254872779017,31.31235054570932,32.106264774151505,3992000
2009-03-23,32.985252380371094,33.09866770646095,31.803832217827836,32.15353157642634,4985700
2009-03-24,32.663902282714844,33.2215326810114,32.36145904351073,32.55048336395745,4463700
2009-03-25,33.164833068847656,33.741366791453316,32.33311211138003,32.42762790507458,4331700
2009-03-26,34.83771514892578,34.84716492298366,33.08921130477189,33.46726716442891,7419400
2009-03-27,34.59199142456055,35.59383732465893,34.478576064020324,34.48802944722077,4322800
2009-03-30,33.930397033691406,34.14777796555628,33.20264159810425,34.015459450978454,3697300
2009-03-31,33.7130012512207,34.31789135316853,33.54288007880078,33.873676254906066,5597400
2009-04-01,32.49378204345703,33.47672090530426,31.936151567360938,33.36330557613118,6698500
2009-04-02,33.883148193359375,34.28010746976044,32.21970923975325,32.94746490864664,6132700
2009-04-03,33.5806884765625,34.213931613753104,33.42001705103279,33.84532906774162,4126000
2009-04-06,34.28954315185547,34.48802451115504,33.34440687000359,33.34440687000359,3225600
2009-04-07,33.63739776611328,34.31789698918274,33.40111371425955,33.84532888547528,2220300
2009-04-08,33.94929504394531,34.2517419847482,33.36331153229568,33.82642991766018,2054800
2009-04-09,35.102359771728516,35.1307127055168,34.06271133819319,34.06271133819319,3246400
2009-04-13,35.12126922607422,35.31974700899345,34.50692911085643,34.72431366023576,2563200
2009-04-14,34.39351272583008,35.08346185929715,34.261194207823955,34.82827460082426,3095700
2009-04-15,34.4029541015625,34.42185365004493,33.76026129092131,34.289535178220206,3808600
2009-04-16,35.12126922607422,35.42371259206809,34.28954816688642,34.365160811089545,3218100
2009-04-17,35.60329055786133,35.7828688020054,34.82827890903539,35.38590959347451,3409400
2009-04-20,34.54472351074219,35.357541128356274,34.36514895084924,35.083450795829094,3069400
2009-04-21,33.835872650146484,34.686496607228904,33.42001405191074,34.270634403584964,4314200
2009-04-22,33.25934982299805,34.024911632680734,32.91910373521511,33.722468262156326,5319400
2009-04-23,30.61296844482422,31.170599083724046,29.138556116181224,30.480649921256358,32610100
2009-04-24,31.331266403198242,32.38036455434589,30.405029756477578,30.792539058816747,11591300
2009-04-27,30.99102020263672,31.473038130195295,30.716929809804945,31.094985772704554,8156900
2009-04-28,31.9172420501709,32.162975815303426,30.4995380991409,30.612953405709174,8269000
2009-04-29,32.087379455566406,32.34256669994777,31.369073818327983,32.15353871091613,7792200
2009-04-30,33.155391693115234,34.17613728579131,32.10628955244135,32.48434200678406,7953300
2009-05-01,34.54472351074219,35.10235395035594,32.71116078653483,33.108116215374416,8492000
2009-05-04,34.970062255859375,35.82068683397704,34.365175269380515,34.93225591785174,6994600
2009-05-05,34.563629150390625,35.319737358788274,34.21392978002078,34.790463415614084,4582800
2009-05-06,33.62794876098633,34.97004047567278,33.38221132239874,34.69595010394377,5136000
2009-05-07,34.535282135009766,34.658147261202416,33.523986557033304,34.00600449576428,5537400
2009-05-08,34.67705535888672,35.33865160081309,34.41241830427995,34.88498653345458,4722100
2009-05-11,34.43130111694336,34.72429454381776,34.01544261899253,34.21392029264584,3016600
2009-05-12,34.922786712646484,34.96059302962695,34.232837652092776,34.71485557466277,3481400
2009-05-13,33.98708724975586,34.61087682066569,33.807512720620785,34.50691129127947,4174800
2009-05-14,33.68465042114258,34.32734326509277,33.3444008442974,33.968190533377516,3405500
2009-05-15,33.21207046508789,33.6184791356502,32.88127438691245,33.34438889635807,3241200
2009-05-18,33.523990631103516,33.67521231706418,32.73007587845768,33.10812829065465,3415700
2009-05-19,33.97764587402344,34.07215804841905,33.174277970027376,33.34440276826615,3029700
2009-05-20,33.92094421386719,34.32735314704818,33.59959769938475,34.15722830965106,5507900
2009-05-21,33.38222122192383,33.84533969788717,33.18374342025797,33.656311674934585,3497600
2009-05-22,34.27064895629883,34.677057952215115,33.36331875372701,33.391675301276564,4674700
2009-05-26,35.92463684082031,36.14202140895716,34.28010134700232,34.97005056054776,7192400
2009-05-27,35.88683319091797,36.699651138128,35.53713009847954,35.971895618077376,5793100
2009-05-28,36.28378677368164,36.38775235728223,35.395359832256396,36.19872435122747,3972700
2009-05-29,36.775245666503906,36.95482022833691,35.87736564652266,36.321580769182546,5416400
2009-06-01,37.6636848449707,37.98503137156162,36.92647959207772,37.162763696764884,5569300
2009-06-02,37.881065368652344,38.13624900183747,37.285628478599534,37.68258400169545,6095000
2009-06-03,37.17219924926758,37.79598884220672,36.699631266574066,37.56915462413449,6127400
2009-06-04,37.18166732788086,37.38014511302922,36.44446206566731,37.3139858513131,5209600
2009-06-05,37.79599380493164,38.23075554079735,37.200557059041095,37.342325309219184,4367100
2009-06-08,37.48411560058594,37.814911952438166,36.794166348572844,37.474665821422946,4080100
2009-06-09,38.5521240234375,38.79785796098733,37.540828117234156,37.73930594434095,4829000
2009-06-10,39.41218185424805,39.41218185424805,38.429239301216334,38.580460955112855,6013400
2009-06-11,39.57286834716797,40.139952469191364,39.450003185328065,39.450003185328065,5010000
2009-06-12,39.49726104736328,39.705188656465765,39.02469272740558,39.26097688738443,3080000
2009-06-15,38.202396392822266,39.31765719054815,38.022821846052366,39.194792103214546,4579200
2009-06-16,37.9944953918457,38.939632075198034,37.64479582852023,38.40090445412003,5664400
2009-06-17,38.66553497314453,39.00578469795068,37.66368896181638,38.02284184971285,4620400
2009-06-18,38.83565139770508,39.16644766638894,38.51430490580836,38.656076795477965,3256500
2009-06-19,39.10027313232422,39.478328953426924,38.65606168874718,38.84508599389102,4390600
2009-06-22,37.65422439575195,39.01521915508939,37.65422439575195,38.7789351173664,3475100
2009-06-23,37.12493896484375,38.296909129304325,36.99262050869978,37.90940353399375,3766200
2009-06-24,38.06064987182617,38.33474034073421,37.18167257871411,37.4463096629509,5672800
2009-06-25,39.49726104736328,39.51616421281081,37.41795971846736,37.75820948570253,4348600
2009-06-26,39.61064910888672,39.75242094923555,38.87344419205119,39.5350401046663,4289100
2009-06-29,39.525611877441406,39.96982722815874,38.750600162621765,39.761896024774465,2687600
2009-06-30,38.533206939697266,39.553952257124365,38.381985277655886,39.553952257124365,3436100
2009-07-01,38.1740608215332,38.90181632416914,38.060645456504446,38.78840095914039,3918700
2009-07-02,36.860313415527344,38.07954003226209,36.860313415527344,37.682580936051615,2933600
2009-07-06,37.540802001953125,37.64476753585018,36.926462177329235,37.01152455911704,2964700
2009-07-07,36.557861328125,37.654218960693676,36.46334916884113,37.39903180413789,2654700
2009-07-08,35.97188186645508,37.32342680052532,35.83955978169596,36.71853665785096,3720900
2009-07-09,36.03804016113281,36.56731406465792,35.735596900430444,36.208164945953904,2977600
2009-07-10,36.274330139160156,37.6069721021038,35.442609232978505,35.76395570090719,2307400
2009-07-13,37.07770538330078,37.21002391972182,35.93409105519357,36.31214350133801,3370900
2009-07-14,37.191104888916016,37.200558269146896,36.40664378393676,37.200558269146896,2767000
2009-07-15,37.786556243896484,38.00393720283327,37.33289116367065,37.47466307860791,3593600
2009-07-16,38.4859504699707,38.646621906952106,37.68258246883732,37.73929194357658,3698000
2009-07-17,38.63717269897461,38.712781727663895,38.079542141431894,38.47649765422052,2719400
2009-07-20,39.364925384521484,39.43108463212637,38.57101080785422,38.74113561752639,2777800
2009-07-21,39.34602355957031,39.922557255713485,39.02467708657618,39.610660558950634,2979700
2009-07-22,39.525611877441406,39.67683358751817,38.769503327057606,39.005787474390665,4083200
2009-07-23,41.51984786987305,43.7314674846237,41.19850130686108,42.171990774775395,15060500
2009-07-24,41.954593658447266,42.25703694188439,41.30245100455003,41.4064165592456,4453700
2009-07-27,41.8884391784668,42.3610073132468,41.34971179325029,42.105820087816554,2823200
2009-07-28,41.93571853637695,42.18145612182419,41.4064442392489,41.708887724868,2748500
2009-07-29,42.899749755859375,43.287255618173425,41.68997605993453,41.84119777192514,5708000
2009-07-30,43.01316833496094,43.45738372431144,42.06803166343069,43.24000272250871,3745600
2009-07-31,42.795772552490234,43.45736871514348,42.66345404104139,42.795772552490234,2478900
2009-08-03,43.23054122924805,43.27779732893889,42.44607627382472,43.25889416798069,3675800
2009-08-04,42.81467819213867,43.391211972912856,42.64455335173287,43.098218391011926,2735700
2009-08-05,42.71070861816406,43.098214361657504,42.11527533782147,42.90918998368716,2507500
2009-08-06,42.22869110107422,43.00370259568461,41.86008851283378,42.7863216745533,3011500
2009-08-07,42.7296142578125,43.10767024651992,42.512233326198924,42.559489423435075,2343600
2009-08-10,43.06987380981445,43.10768013844244,42.20034988383041,42.72017428353043,2704900
2009-08-11,42.181427001953125,43.098206607471695,41.98294567214059,42.89027910803265,2859000
2009-08-12,43.3533935546875,43.67473998518742,41.88843326477039,42.05855805770613,3720900
2009-08-13,44.20402908325195,44.23238202102237,42.578393350110346,43.58968899189239,4341600
2009-08-14,42.5972900390625,43.977188083863005,42.181431391500446,43.977188083863005,4050600
2009-08-17,42.30430221557617,42.521686752823456,41.67106258005747,42.2570461182912,4207800
2009-08-18,42.446067810058594,42.67290209091679,42.001852629640936,42.30429593384615,3263400
2009-08-19,42.49332809448242,42.58784388975577,41.926247744478104,42.14362866549339,3602800
2009-08-20,42.93755340576172,43.00371267529092,42.39882586507547,42.6067570581157,2569600
2009-08-21,43.16436004638672,43.570768821005075,42.96588234866364,43.30613189070764,3568200
2009-08-24,42.852474212646484,43.52352002993748,42.78631496899291,43.45736078628391,3003600
2009-08-25,43.268333435058594,43.70309882066579,42.833571654859824,42.97534352490258,3380000
2009-08-26,43.13602066040039,43.50462324485253,42.965895835974955,43.27779254922455,2068900
2009-08-27,43.00369644165039,43.30613973258757,42.48387226069015,43.12656515528375,1914700
2009-08-28,42.9564323425293,43.315585035567125,42.43660825851082,43.18326296572643,1980000
2009-08-31,42.7296142578125,43.25889192092107,42.285402617301756,42.814676675001216,2845400
2009-09-01,42.27593994140625,43.23997925582445,42.077462213398825,42.5216773616702,2466300
2009-09-02,40.90550231933594,42.12472914305043,40.763734022300525,42.12472914305043,5641300
2009-09-03,42.03020477294922,42.05855770306336,41.132324730116785,41.132324730116785,2749100
2009-09-04,42.247581481933594,42.38934972392664,41.604888689756464,42.030200626551306,2006500
2009-09-08,42.332672119140625,42.729627788110875,41.97351917668402,42.41773456326428,1868300
2009-09-09,43.32505416870117,43.32505416870117,42.20979289098195,42.29485531404221,2388500
2009-09-10,43.9960823059082,44.062241540824424,43.10765571888468,43.391195812155345,2406900
2009-09-11,44.55371856689453,45.07354274036245,44.128406568454096,44.20401919280278,3662200
2009-09-14,44.979042053222656,45.120813957381564,44.42141142515855,44.468667524741754,2897400
2009-09-15,42.965904235839844,44.374159201029926,42.90919835355126,44.374159201029926,10014000
2009-09-16,43.13602066040039,43.52352640372301,42.62564618712408,43.14547404254008,5100800
2009-09-17,43.183284759521484,43.35340961548203,42.786329165886585,42.918647697098216,3775500
2009-09-18,42.408267974853516,43.41011382647654,42.31375577987795,43.26834192860405,7520700
2009-09-21,43.37229537963867,43.53297039266413,42.13416938675077,42.20032862581769,5930700
2009-09-22,43.54243087768555,43.797618122031004,43.41011236700472,43.53298110066935,3422900
2009-09-23,42.795772552490234,43.731459120521244,42.795772552490234,43.532981353347985,2580400
2009-09-24,42.30430221557617,43.13602322834634,42.24759634099785,42.861932816520735,2444100
2009-09-25,41.58598709106445,42.34209522618403,41.53873100863348,42.28538936943005,4296900
2009-09-28,41.60490036010742,41.99240609890465,41.11342905144113,41.7655718005168,5261900
2009-09-29,41.217403411865234,41.92625578806908,40.86770391578603,41.58600607062569,7020800
2009-09-30,41.27410888671875,41.37807447773369,40.50855063544433,41.264659108176296,7535900
2009-10-01,41.028350830078125,42.05854914434696,40.82041977046557,41.35914696545494,7543300
2009-10-02,41.775028228759766,41.95460284091336,40.53689828748537,40.71647650504809,4841000
2009-10-05,42.124717712402344,42.50277361272885,41.519831156206536,41.95459291779624,3200600
2009-10-06,42.77685546875,43.0509457849093,42.13416628025709,42.14361605425216,2798800
2009-10-07,43.23997497558594,43.23997497558594,42.360998146665985,42.76740694306587,2537800
2009-10-08,42.9091911315918,43.722005352671765,42.84303187645051,43.438465172722104,2736200
2009-10-09,43.00369644165039,43.26833341986831,42.672900218877984,42.8430250207062,2833400
2009-10-12,42.72016525268555,43.07931808790829,42.45552461364339,42.984802286318526,1764500
2009-10-13,43.126590728759766,43.18329662605604,42.531153569274956,42.531153569274956,3810200
2009-10-14,44.459205627441406,44.629330423892476,43.25888227710699,43.41010391779591,5147000
2009-10-15,44.818359375,45.09244975359675,44.194569592398686,44.194569592398686,3405500
2009-10-16,44.79945373535156,45.07354047129671,44.31743229291526,44.57261947913303,3152300
2009-10-19,45.03572463989258,45.30036152384046,44.44028804560272,44.657668858189496,3125800
2009-10-20,44.648231506347656,45.13969911170838,44.24182268985433,45.13969911170838,3855600
2009-10-21,44.71440887451172,45.57448294070907,44.468671366792705,44.59154012065221,6928600
2009-10-22,44.46865463256836,45.8485525306355,43.5896777345949,45.8485525306355,6224000
2009-10-23,45.045196533203125,45.25312767579324,44.345794075205696,44.657690789090864,4345000
2009-10-26,44.04336166381836,45.442166926640226,43.967752614844365,44.88453621949402,4557000
2009-10-27,43.1927375793457,44.26074280439293,43.08877199034869,44.109517507372175,4330800
2009-10-28,42.81467819213867,43.34395587400219,42.5122348326193,42.90919399536925,4736400
2009-10-29,43.38176727294922,43.47627948183282,42.64455834310044,42.947001738019544,2825500
2009-10-30,42.53112030029297,44.11894907993653,42.35154575697185,43.107653841228846,4101700
2009-11-02,42.15309143066406,42.88084705416703,41.99241993730616,42.58785701206496,2936900
2009-11-03,41.82228088378906,42.20978661894793,41.330809579737284,42.00185548116211,4473100
2009-11-04,41.642704010009766,42.23813724499616,41.56709138025418,41.87898806988302,2485800
2009-11-05,42.27593994140625,42.672899002829425,41.84117817374951,41.850627948955825,4504700
2009-11-06,42.41771697998047,42.739063457306415,41.73721770907642,41.93569546128718,3946100
2009-11-09,42.899749755859375,42.899749755859375,42.436634840255024,42.55950000252801,2590600
2009-11-10,42.64453887939453,42.909179433219464,42.25703323118061,42.691794962267835,3409600
2009-11-11,42.29484939575195,42.9280889857178,42.12472457343689,42.63509904038208,2518000
2009-11-12,42.03020477294922,42.606738387991356,41.907336066774285,42.09636401348767,3001400
2009-11-13,42.15309143066406,42.55950046204117,41.19850503943111,42.039676046799066,5486100
2009-11-16,43.00369644165039,43.296689957111965,42.2097819015882,42.34210039069716,3440600
2009-11-17,43.608585357666016,43.608585357666016,42.57838671607994,42.96589242867239,3677500
2009-11-18,43.929935455322266,44.06225396245675,43.33449856780816,43.52352655174696,3898800
2009-11-19,43.873226165771484,44.03390121469835,43.504623578492506,43.94883880183329,3208100
2009-11-20,44.005558013916016,44.09062044559884,43.43847393422728,43.788177045262074,3620600
2009-11-23,44.251285552978516,44.79946639053817,43.97719513419869,44.468666490332076,2571800
2009-11-24,44.827816009521484,44.99794083579514,44.128413545351,44.27963521254882,3298500
2009-11-25,45.168060302734375,45.215316392112435,44.44975476471729,45.035741810312416,2515900
2009-11-27,44.875057220458984,45.18695383364791,44.25126759948888,44.468648448647336,1594300
2009-11-30,44.6387939453125,45.574480613932366,44.175679105455444,45.52722090726949,3304100
2009-12-01,45.2625846862793,45.489419024030425,44.638794764225565,44.99794763007756,3873800
2009-12-02,45.42325973510742,45.80131215727297,45.24368149957501,45.34764708742862,2149800
2009-12-03,45.19642639160156,45.81076654857137,45.19642639160156,45.36655124721137,2972400
2009-12-04,45.72571563720703,46.2644432805184,45.300403391063725,45.50833462371389,2659700
2009-12-07,45.96198272705078,46.16046049964448,45.72569863432234,45.782404509115324,2666900
2009-12-08,45.37599563598633,45.98088594264528,45.20587440599281,45.801307724492965,3388000
2009-12-09,45.300384521484375,45.574474922096215,44.752203720260695,45.36654377605841,2927900
2009-12-10,45.820213317871094,46.141559845651344,45.34764510674774,45.517769951184896,2154300
2009-12-11,45.55556106567383,46.22660683615722,45.19640833560053,45.8769074861798,2545800
2009-12-14,46.31168746948242,46.33059063171095,45.59338533184616,46.075403349740164,2197500
2009-12-15,46.321128845214844,46.481803892306,46.07539499163934,46.36838854491799,3191500
2009-12-16,46.26441955566406,46.97327173392631,46.20771008345598,46.614118954092355,2763100
2009-12-17,45.867469787597656,46.19826970129588,45.83911684843271,45.95253221050184,2895200
2009-12-18,45.65953063964844,46.19825797954881,45.19641232014031,46.08483904084778,3068700
2009-12-21,45.88637161254883,46.30223393704056,45.479962671109675,45.9619842553325,2350900
2009-12-22,46.34003448486328,46.387294187096515,45.70679485551964,45.86746630580358,1656900
2009-12-23,46.27387237548828,46.67083149623901,46.22661628157742,46.31167869278052,1337200
2009-12-24,46.11318588256836,46.5006914947997,45.99031719418056,46.23605096554847,499200
2009-12-28,45.88637161254883,46.311683714683895,45.65954089501629,46.292780553987974,2751100
2009-12-29,45.990325927734375,46.06593855199574,45.68788264150563,45.87691059675068,2358200
2009-12-30,45.41378402709961,45.85799910032321,45.23420948525129,45.754033563576606,2223000
2009-12-31,45.073543548583984,45.67843373799475,45.007384303796755,45.3665370650763,1578800
2010-01-04,44.89397048950195,45.394891532811975,44.84671439954209,45.394891532811975,7182800
2010-01-05,45.045196533203125,45.130258945589176,44.657690789090864,44.99794043863508,3221900
2010-01-06,45.470489501953125,45.78238247946469,45.00737131666942,45.15859291903417,3065000
2010-01-07,45.470489501953125,45.55555187862126,45.13968976806265,45.47993927473519,2638300
2010-01-08,46.23606872558594,46.23606872558594,45.25312965714348,45.479960363165176,3162200
2010-01-11,46.784244537353516,46.94491596981493,46.31167641071358,46.6613758149127,2844500
2010-01-12,46.00923538208008,46.67083151330058,45.782401083652616,46.67083151330058,3253600
2010-01-13,46.028114318847656,46.283301418260294,45.47048405096234,45.999757793086054,2890300
2010-01-14,45.76348876953125,46.20770389548531,45.62172051610907,46.1037383463975,1885800
2010-01-15,45.13026428222656,45.75405417835091,44.75220827015936,45.74460440048343,5187800
2010-01-19,46.2833251953125,46.302228353729,45.15861070468806,45.347638683444245,3991200
2010-01-20,46.094303131103516,46.6424803738856,45.55557566603782,46.22662165158852,3862800
2010-01-21,45.149166107177734,46.48180828243144,45.05465030425347,46.0186898616256,3014100
2010-01-22,44.459205627441406,45.30982600428845,44.44975224685617,45.082995345959226,3904300
2010-01-25,44.51591110229492,45.0262854872109,44.459205240909775,44.74274536406034,2463700
2010-01-26,43.93940353393555,44.336359188109036,43.69366599100043,44.336359188109036,3662600
2010-01-27,43.91102981567383,44.024448762874954,43.49517115882915,43.76926153978548,2210900
2010-01-28,43.75981140136719,44.544276286642386,43.684202369704785,44.13786737590615,2608200
2010-01-29,43.618038177490234,44.32689034545329,43.608584796221926,44.10950584118508,3009300
2010-02-01,44.345787048339844,44.383593360167204,43.47626350876063,43.5802290635817,4060200
2010-02-02,44.98850631713867,45.08302215214819,44.1662383823134,44.374169613923875,3995200
2010-02-03,45.754058837890625,46.963832431052666,45.51777470763806,46.784257790008205,6484600
2010-02-04,44.667137145996094,45.53666436219211,44.62933443648128,45.52721098075694,4231600
2010-02-05,44.42140197753906,44.67658918750587,43.504618697888915,44.563173851545685,3827100
2010-02-08,44.222930908203125,44.72385202253676,44.052806075899426,44.37415258076096,2665600
2010-02-09,45.06409454345703,45.319281751459584,44.44975456803512,44.49701426261257,3085700
2010-02-10,44.54426956176758,45.15860592088544,44.36469137853855,44.91287209831998,2423500
2010-02-11,44.71440887451172,44.87508034805833,44.147324814289874,44.38360893802991,2252200
2010-02-12,44.667137145996094,44.70494346091954,43.99609128044383,44.4403064672727,2118400
2010-02-16,45.56503677368164,45.56503677368164,44.723865736801315,44.90344040133875,1675400
2010-02-17,46.037601470947266,46.179373398646774,45.5272268577209,45.56503318582875,2265000
2010-02-18,46.61412811279297,46.80315611855134,45.88637263413931,46.12265673998494,2822200
2010-02-19,46.519622802734375,46.77481010749308,46.22662917014255,46.434560367814804,2012100
2010-02-22,45.46105194091797,46.85040337475538,42.88083042479752,46.68973194370655,19134000
2010-02-23,46.94490051269531,47.200087649706774,45.139691007531994,45.15859415902256,14686100
2010-02-24,45.735145568847656,46.859860087786906,45.404349301753115,46.736991357690826,6836100
2010-02-25,46.576316833496094,46.62357653396289,44.95068480997064,45.36654349405223,9253500
2010-02-26,46.094303131103516,46.491258692558546,45.5933819877219,46.377843332915575,3933300
2010-03-01,45.98087692260742,46.54795719243308,45.62172416216668,46.16990127561036,6794500
2010-03-02,46.708641052246094,46.88821928299301,46.06595159115044,46.16046379282084,2516300
2010-03-03,46.4439811706543,46.755877772570294,46.2076971772298,46.7086180895593,2729100
2010-03-04,45.9525260925293,46.78424704959208,45.84856052222034,46.54796297358404,2123000
2010-03-05,46.77478790283203,46.99216877656382,45.961970267325604,46.03757928168929,2717800
2010-03-08,47.19065475463867,47.436388601089035,46.47234916272138,46.62357442873241,3576100
2010-03-09,47.47419738769531,47.899509456958576,46.944919745344485,47.10559479613681,4539900
2010-03-10,47.64432144165039,47.776639948736985,47.20010622036633,47.38913420423671,2009100
2010-03-11,48.05073165893555,48.060181435953446,47.38913550000356,47.634872967376964,2943400
2010-03-12,47.40802764892578,48.06017027397063,47.20009654873402,48.06017027397063,2942300
2010-03-15,47.200103759765625,47.49309729976104,46.76534194331466,47.36077879957238,3025100
2010-03-16,46.793704986572266,47.30407954505161,46.66138645779825,47.30407954505161,3209300
2010-03-17,47.228450775146484,47.37967240278181,46.7464293583409,46.7464293583409,3604000
2010-03-18,47.12450408935547,47.49310672889331,46.916572916114866,47.24737283767123,2150700
2010-03-19,47.14337921142578,47.436369029919256,46.84093601500248,47.14337921142578,3047900
2010-03-22,48.01292419433594,48.08853683031084,46.84095717999647,47.11504397188315,2178900
2010-03-23,48.06016159057617,48.173580500411155,47.39856931024305,48.03180866582119,3674000
2010-03-24,47.94675064086914,48.06016595559744,47.61595447065831,48.06016595559744,2422800
2010-03-25,47.634864807128906,48.513841740986535,47.587605113908374,48.145235603071725,3069700
2010-03-26,47.266265869140625,47.7860937304831,46.982725693668606,47.7860937304831,3334200
2010-03-29,47.738826751708984,47.738826751708984,47.1717464872231,47.42693368786427,2748000
2010-03-30,48.825748443603516,49.51569761353101,47.634878113207556,47.767196638206066,5520600
2010-03-31,48.61780548095703,48.750127579271705,48.381521427793615,48.61780548095703,3290600
2010-04-01,48.929710388183594,50.03551821230955,48.532751237316674,48.75013577553494,2263300
2010-04-05,49.024208068847656,49.29829840074912,48.79737742585946,48.96750221080464,1344400
2010-04-06,48.863555908203125,49.005324214552566,48.608368630282754,48.77849348222967,1609300
2010-04-07,48.7501335144043,49.00531715012886,48.485492890964544,49.00531715012886,3202300
2010-04-08,48.60836410522461,48.636717042773164,48.07908643672699,48.59891072243566,2374900
2010-04-09,49.41172790527344,49.41172790527344,48.42878882783721,48.580010501705026,1707700
2010-04-12,49.2794189453125,49.52515646637049,49.02423164517218,49.50625330279605,1781900
2010-04-13,49.44007873535156,49.534590918570245,48.68396684796739,49.08092594938495,2304300
2010-04-14,50.73490524291992,50.753808397235986,48.8257299218942,49.31720111788768,4624000
2010-04-15,51.16021728515625,51.179120439503215,50.21508120025616,50.56478054215494,3538200
2010-04-16,50.33796310424805,51.01846246633898,49.77088270611177,51.01846246633898,4421800
2010-04-19,50.479736328125,50.61205485079382,49.91265591514167,50.32851464430215,2104100
2010-04-20,51.226383209228516,51.92578198431836,50.8577806648692,50.86723044057214,6347100
2010-04-21,50.621498107910156,51.55718096270253,50.22453901390081,51.169675250083834,5319600
2010-04-22,50.48918151855469,50.54589099686414,49.67636729523997,50.5364412198504,3612100
2010-04-23,50.75382614135742,50.79163246320707,50.23400183485732,50.47973571606143,2878300
2010-04-26,51.04680633544922,51.98249279208657,50.876685130560126,51.85962407233632,3729100
2010-04-27,50.73490524291992,51.98248458451566,50.64984285120167,50.668746005517725,6172300
2010-04-28,52.86147689819336,54.250828500991815,51.81237496182791,53.90112545193061,8831700
2010-04-29,52.87092590332031,53.66484057826718,52.351101634042855,53.03160095697133,5349400
2010-04-30,52.24714660644531,53.40021433520204,52.19989050068195,52.98435555691081,2815000
2010-05-03,52.4361572265625,52.473963540785725,51.68949874499232,52.45506038367411,3013300
2010-05-04,51.500484466552734,51.99195222603133,50.75382583881486,51.99195222603133,5289500
2010-05-05,51.82183074951172,51.87853662627622,50.97120654395163,51.112978446681396,4516400
2010-05-06,50.40412902832031,51.84073327150861,46.349492758798625,51.73677128968786,4577700
2010-05-07,48.58946228027344,50.281257305070525,48.21140627732787,50.04497320458185,5718200
2010-05-10,51.226383209228516,51.35870170152073,49.525138755427115,49.525138755427115,4748800
2010-05-11,50.801082611083984,51.21694133823202,50.31906462292171,50.78217945002144,4347500
2010-05-12,51.840721130371094,52.03920248014859,50.6687542161284,50.810522488359624,3486700
2010-05-13,50.81052780151367,51.859629710606825,50.668759514458024,51.594992690442425,2670500
2010-05-14,49.62909698486328,51.16966989822687,49.14707914120417,50.80106738153316,4452500
2010-05-17,49.912654876708984,50.23400139882308,49.137643312564855,49.808689295229534,3636700
2010-05-18,49.51569747924805,50.678214866965774,49.2605102079818,50.36632171680218,2649800
2010-05-19,48.96751022338867,49.789777748233135,48.56110134900848,49.147084812255564,2730400
2010-05-20,47.096134185791016,48.42877595933157,47.08668080564361,48.343713565045654,4383100
2010-05-21,48.06964111328125,48.30592522917004,46.44400524223533,46.566873992012155,5260200
2010-05-24,48.17359161376953,48.83518404672806,47.426933176106786,47.94675734717778,3740400
2010-05-25,47.89004135131836,47.937301037580625,46.935455538591185,47.19064270169438,5706700
2010-05-26,48.126346588134766,48.797396211716084,47.899515857822045,47.994028061217435,3559100
2010-05-27,49.8370246887207,49.8370246887207,48.872985461764955,48.97695100664371,3932600
2010-05-28,49.203792572021484,49.818128947542185,48.712321308359805,49.723616768357005,3083000
2010-06-01,48.1452522277832,49.08093895335609,48.135802449121094,48.74068923496595,2709600
2010-06-02,49.071468353271484,49.071468353271484,47.408030275791255,48.2208479611336,3801300
2010-06-03,49.26050567626953,49.572402403149624,48.9486125547985,49.28886221851894,1900000
2010-06-04,46.81259536743164,48.5043900500703,46.66137371791921,48.400424490016405,4664300
2010-06-07,46.9921875,47.672683322040584,46.7842563181881,47.09615309090595,3837400
2010-06-08,46.86930847167969,47.53090459161655,46.28332498506535,46.774796285435336,3954000
2010-06-09,46.9921875,47.82390501642844,46.850415584144685,47.16231235686254,5821500
2010-06-10,48.882442474365234,48.9486017159489,47.549800656824125,47.78608469259672,3304200
2010-06-11,49.09983444213867,49.12818737910328,48.20195418236573,48.390982174750945,2156300
2010-06-14,49.29829025268555,49.86537037183662,49.279387101326186,49.307740025661495,2106800
2010-06-15,50.545875549316406,50.545875549316406,49.66689873389746,49.70470504121628,3759200
2010-06-16,50.498634338378906,50.734918420589025,49.789782091748556,50.12057836467913,2230800
2010-06-17,50.50807571411133,50.62149465060129,49.76142087863175,50.404113763774745,2090500
2010-06-18,50.71603012084961,50.90505816308356,50.404136915762116,50.54590524338006,2485400
2010-06-21,50.687644958496094,51.859611585687,50.44190757816373,51.131856429176125,2496800
2010-06-22,49.53458786010742,50.93338899674669,49.458978839282615,50.8483265949385,2271800
2010-06-23,49.477882385253906,49.79922886187373,48.97696131494399,49.5062389250851,2085300
2010-06-24,48.17359161376953,49.39281452979907,47.975110278473615,49.241592887207354,4061500
2010-06-25,48.10745620727539,48.617827250526354,47.94678110436646,48.26812770477418,4181700
2010-06-28,48.24920654296875,48.56110324706422,47.67267283327139,48.34372233454713,2795200
2010-06-29,47.02052688598633,47.842794386839934,46.387287349977186,47.540351085252205,4913500
2010-06-30,46.35894012451172,47.36078601565639,46.283331086630405,46.85986487278869,6938200
2010-07-01,45.517765045166016,46.35893579343659,44.65769113783881,46.35893579343659,5789300
2010-07-02,44.9695930480957,45.697344926081044,44.61988997327128,45.5839295640509,3506900
2010-07-06,46.2833251953125,46.72753679916939,45.432701093614085,45.52721328028777,4473200
2010-07-07,45.9714241027832,46.25496424115658,44.79945723606433,46.25496424115658,6164700
2010-07-08,46.19826889038086,46.54796835377789,45.905275304318366,46.188815507218905,4846400
2010-07-09,46.576316833496094,46.736991883183514,46.151008372566515,46.32112959369298,3241900
2010-07-12,45.574462890625,46.44398635285252,45.375981573892176,46.358923961512176,5552800
2010-07-13,46.82204818725586,47.04887885610095,45.62172478127446,45.85800883114304,4657900
2010-07-14,47.01109313964844,47.38914559283416,46.368400003281955,46.727549292996926,3788800
2010-07-15,47.40802764892578,47.52144297384485,46.57630685356689,46.954362743841344,3486600
2010-07-16,46.36838912963867,47.2946222900401,46.26442355763492,46.94491925595314,3323700
2010-07-19,46.377845764160156,46.82206105371182,46.254977014950434,46.623583262579594,1985400
2010-07-20,46.73698425292969,46.746434028234916,45.498854574260314,45.83910417178218,2196400
2010-07-21,46.037601470947266,46.95438509780835,45.70680511352826,46.926032154432406,2494400
2010-07-22,47.61598205566406,47.67268794317528,46.41565816274076,46.43456132704782,3220500
2010-07-23,48.287017822265625,48.485495596865455,47.34188144179881,47.4741999581987,4562900
2010-07-26,48.19251251220703,48.54221201343081,47.71994425445231,48.14525280210381,4479900
2010-07-27,43.636940002441406,46.08484309421174,43.42901247401825,46.06594354150771,19242700
2010-07-28,43.476261138916016,44.147306912936116,43.31558973052028,43.82596049073649,8067700
2010-07-29,42.502777099609375,43.68419737829179,42.379908381112,43.58968159275206,9162700
2010-07-30,42.39881134033203,42.7674138886952,42.11527119585333,42.219233151348966,7800100
2010-08-02,42.540592193603516,43.22109162597463,42.417727044743984,42.89974507240045,9136600
2010-08-03,42.1058235168457,42.60674823218494,41.8222833339684,42.46497633804177,8399000
2010-08-04,42.965904235839844,43.27780101006548,42.08692700627073,42.09638039025856,6017900
2010-08-05,42.52167510986328,42.899727390036794,42.41770956105792,42.6634433629003,4336400
2010-08-06,43.258880615234375,43.32503985515613,42.16252286100633,42.34209742573562,3562500
2010-08-09,43.476261138916016,43.646385927457466,42.91863068878751,43.334489279995424,2857000
2010-08-10,43.32505416870117,43.6653038609422,42.93754837596208,43.088770060801494,3685900
2010-08-11,42.5689582824707,42.89030490807785,42.34212388569666,42.85249857438044,4728300
2010-08-12,42.058563232421875,42.464972109392576,41.94514789164663,41.94514789164663,3545300
2010-08-13,41.86954879760742,42.2665080267738,41.71832709254638,41.87900218221677,2219500
2010-08-16,41.831722259521484,42.0491067355919,41.39696051819687,41.59543823418314,2227600
2010-08-17,43.02260208129883,43.28723907479175,42.19088118050998,42.247590652862165,3584900
2010-08-18,42.69179153442383,43.12655683601054,42.436607986315785,42.66343860805799,2603500
2010-08-19,41.91680145263672,42.79577866761209,41.6994204948506,42.531141606900206,2723800
2010-08-20,41.775028228759766,41.926249903575716,41.40642562173395,41.65215949128145,2615700
2010-08-23,41.60490036010742,42.077468510123985,41.53874110753781,41.91679346430575,2437900
2010-08-24,40.31007766723633,41.42533915017289,40.25336817295802,41.141795284191375,5360200
2010-08-25,40.96220397949219,41.14177856361023,39.799686859824895,40.18719256638066,4556700
2010-08-26,40.5274543762207,41.567103090385594,40.4518417251638,41.151244325801564,3141800
2010-08-27,40.81099319458008,40.87715245926057,40.328971574297036,40.6692212814593,4314100
2010-08-30,40.02650833129883,40.90548510354065,40.02650833129883,40.829876098025,2300400
2010-08-31,39.80913543701172,40.05487286620419,39.44998627958957,39.90365121955054,3834800
2010-09-01,41.463134765625,41.59545329084565,40.357326857358665,40.41403273650499,2798200
2010-09-02,41.78447341918945,41.82227973509554,41.27409897068341,41.472580326486025,2216100
2010-09-03,42.71070861816406,42.75796831806555,42.162531432314054,42.162531432314054,2708000
2010-09-07,42.2003288269043,42.68234665746129,42.15306913699577,42.568931333578725,2071100
2010-09-08,42.07748031616211,42.275958129559555,41.973514717122534,42.15308936656643,2752900
2010-09-09,43.277793884277344,43.495174809880396,42.68235698042002,42.68235698042002,3473500
2010-09-10,43.36284255981445,43.83541058019698,43.154911477115625,43.45735472172781,2377100
2010-09-13,44.13785934448242,44.17566565613879,43.43845700047286,43.64638810917457,2839400
2010-09-14,44.30797576904297,45.290914448513156,43.8543109311165,44.232363160018075,3393400
2010-09-15,44.41195297241211,44.50646515311744,43.94883463397539,44.270181095945524,2638100
2010-09-16,44.44975662231445,44.61043165940482,44.10950699591949,44.10950699591949,2502700
2010-09-17,44.71440887451172,45.11136447179837,44.53483063300715,44.799471303274515,3448200
2010-09-20,44.979042053222656,45.25313247837825,44.54428016840232,44.88452985405625,2474500
2010-09-21,45.29092025756836,45.442145495014444,44.118953510626035,44.487556013380605,3251600
2010-09-22,45.5083122253418,46.065942761293876,45.33818741061685,45.36654034460144,2499400
2010-09-23,45.19642639160156,45.81076654857137,45.09246080146117,45.168073450803114,3091000
2010-09-24,45.27204132080078,45.952537172099575,45.22478160987733,45.68790009689503,3900000
2010-09-27,45.101890563964844,45.57445855862363,44.941215570968865,45.442140096984396,2758700
2010-09-28,45.53666305541992,45.640628615771554,44.89397014179937,45.24366953128426,2746100
2010-09-29,45.22477340698242,45.565023073622015,45.07355173352139,45.300386046417486,2337500
2010-09-30,45.25312423706055,46.21716363570994,45.22476769814737,45.555567545804436,2562600
2010-10-01,45.19642639160156,45.772960223900405,44.8278237395835,45.51777294048569,1927000
2010-10-04,44.780555725097656,45.26257361750528,44.58207437607466,44.96013031140469,2637500
2010-10-05,45.744598388671875,45.84856035318868,45.262576856363594,45.262576856363594,3191700
2010-10-06,45.29092025756836,45.82965115244978,45.07353938685177,45.62172005636951,1795100
2010-10-07,44.98850631713867,45.697358855362985,44.94125020233914,45.55559051096439,2164300
2010-10-08,44.856170654296875,45.29093251337741,44.61043678776716,44.99794255006226,2748300
2010-10-11,44.979042053222656,45.272035639293385,44.78056427172763,44.78056427172763,2322600
2010-10-12,45.80131912231445,46.08485938340917,44.67660785762774,44.979051283516775,3965000
2010-10-13,46.651939392089844,46.774808149699766,45.88637750985686,46.10375847768382,3997800
2010-10-14,45.668975830078125,46.67082138890296,45.38543572260939,46.48179344878777,3647900
2010-10-15,46.11318588256836,46.292760422975384,45.44214019401783,46.20769803953886,2776300
2010-10-18,46.77478790283203,46.77478790283203,46.11319190146112,46.1888009158248,2356300
2010-10-19,45.29092025756836,46.169897120479156,45.16805516025557,45.39488580560849,4209700
2010-10-20,46.17936325073242,46.51961291811348,45.45160781892497,45.45160781892497,2500600
2010-10-21,46.95437240600586,47.7860933725144,46.19826407527487,46.34948574142106,4216400
2010-10-22,46.93547821044922,47.02999041781148,46.59522849528969,46.9449279890216,1836400
2010-10-25,47.47419738769531,47.93731577542842,47.21901014613736,47.29462278307704,1939700
2010-10-26,47.559261322021484,47.57816448186074,46.803152955496714,47.3324306147686,2858500
2010-10-27,48.494937896728516,49.222693176016804,47.87114817239689,48.47603474079018,6863200
2010-10-28,48.183048248291016,49.184894026461755,47.73883303257426,48.94860995093734,3243900
2010-10-29,48.598915100097656,48.67452774758365,48.02238488735956,48.07909076756458,3111200
2010-11-01,48.74067687988281,49.033670419873346,48.211399273728254,48.75013026155826,3078200
2010-11-02,48.636714935302734,49.14708942151664,48.40988423392477,49.14708942151664,2611900
2010-11-03,49.175437927246094,49.24159717630463,48.608357619484785,48.674516868543314,3466700
2010-11-04,49.97882080078125,50.016623521934044,49.383383776355444,49.72363350459876,2469500
2010-11-05,49.50625228881836,50.13949203124829,49.232161830717466,49.8748549574459,2978700
2010-11-08,49.109291076660156,49.421187848458565,48.96752276663235,49.392831302125344,1938500
2010-11-09,48.58000946044922,49.34556759062969,48.37207831130933,49.15653960099424,2786200
2010-11-10,49.48733901977539,49.534595115388505,48.21140280576742,48.6745211957575,3760700
2010-11-11,49.69527053833008,49.69527053833008,48.81629345280355,49.01477121910721,1918100
2010-11-12,49.33612060546875,49.780332260029205,48.854099024350745,49.213251864441325,2259700
2010-11-15,48.53274917602539,49.411726252674576,48.476043303602204,49.40227647574037,2554300
2010-11-16,47.51201629638672,48.35318727549341,47.34189142359998,48.19251578753367,3545500
2010-11-17,47.710479736328125,48.17359810723256,47.493098821139135,47.625417325566445,2058000
2010-11-18,48.438228607177734,48.80683113581092,48.03181976652874,48.07907585384432,2233200
2010-11-19,48.390995025634766,48.712341616404835,48.211416762745294,48.56111990341951,2924200
2010-11-22,48.702880859375,48.75959034518941,47.93732263063261,48.041288218587624,1902700
2010-11-23,47.908958435058594,48.44768584533989,47.66322457991984,48.31536733831065,2022800
2010-11-24,48.92023849487305,49.02420403327109,48.19248693690228,48.19248693690228,1932300
2010-11-26,48.646175384521484,48.93916538348149,48.38153472059081,48.61781883867314,905600
2010-11-29,48.277565002441406,48.38152696919749,47.171753632169505,48.29646455609965,2282600
2010-11-30,48.06964111328125,48.580015668899314,47.767197733376356,47.77664751163174,3432500
2010-12-01,48.72178649902344,49.099842546192974,48.53275847543867,48.8068489293661,2867600
2010-12-02,49.619659423828125,49.72362500139113,48.56110769896768,48.693426213899095,2093400
2010-12-03,49.95045471191406,49.97881125412434,49.19434635213945,49.355021406634144,2322800
2010-12-06,49.544036865234375,49.85593353548367,49.345559132571225,49.80867744752698,1531000
2010-12-07,49.458984375,50.03551449021895,49.3644685816297,49.92209914358345,1776500
2010-12-08,49.24159622192383,49.61965215670982,48.929703140322694,49.45898072794136,1538500
2010-12-09,49.175437927246094,49.40227221359582,48.674516868543314,49.364465898302754,3021700
2010-12-10,50.13002395629883,50.37575777722795,49.23214386235797,49.67635902160846,2373700
2010-12-13,52.51177215576172,52.662993813871694,51.33035182508735,51.954141615467066,8186900
2010-12-14,52.086448669433594,53.16390319736833,52.03919258767308,52.85200656801462,3314100
2010-12-15,52.33220291137695,53.126117653634665,51.198038478807455,51.70841301427513,4156100
2010-12-16,52.33220291137695,52.388912394898696,51.82183198131862,52.313299750203036,2738400
2010-12-17,52.71969985961914,52.81421564963625,51.74621065759966,52.25658510746587,3858500
2010-12-20,52.49286651611328,52.68189448116624,52.077004271915065,52.59683207716284,2959100
2010-12-21,52.483421325683594,52.69135248023337,52.27549377654294,52.54958058296596,1130500
2010-12-22,52.49286651611328,52.59683207716284,52.275485618195376,52.42670726915603,1326500
2010-12-23,52.71024703979492,52.72915019670686,52.25658209013392,52.25658209013392,1271700
2010-12-27,52.75750732421875,53.04104748962562,52.19987676990809,52.63463859722588,971900
2010-12-28,52.16206741333008,52.833116879025084,52.16206741333008,52.795310564398314,1721900
2010-12-29,52.68190002441406,52.92763388105331,52.11481606958599,52.33219699037696,1377600
2010-12-30,52.6157341003418,52.72915304794638,52.313290784213685,52.47396582394915,1055100
2010-12-31,52.32273864746094,52.57792584454384,52.2187730924929,52.56847246386947,901600
2011-01-03,53.362396240234375,53.4285554947947,52.521225484759675,52.58738473932,2416400
2011-01-04,53.608131408691406,53.67429066041821,53.12610988278606,53.409650048102186,3109100
2011-01-05,53.41910171508789,53.51361389868952,52.993789678063166,53.31513614988088,2665400
2011-01-06,53.47580337524414,53.683730869869564,53.248969120170386,53.6081218551171,2355100
2011-01-07,53.27732849121094,53.475809840424766,52.927629094210026,53.40019721112262,1599900
2011-01-10,53.05995559692383,53.52307400776336,52.76696562768681,52.93708685847103,1882700
2011-01-11,52.98434066772461,53.74044896369284,52.88037510101484,53.35294323667108,2374100
2011-01-12,53.53251647949219,53.79715347505132,53.201720235043275,53.381294824114306,2130000
2011-01-13,53.43801498413086,53.721555193994334,53.19227749161564,53.47582130688849,1689100
2011-01-14,53.54197311401367,53.57032604942944,52.804764344523754,53.220626626135726,2409800
2011-01-18,53.71210479736328,53.920032359316615,53.428560985356235,53.428560985356235,3021500
2011-01-19,53.00324630737305,53.63648590820402,52.662996656904916,53.504167400890616,2214400
2011-01-20,52.256587982177734,52.88037780897133,51.793469599138895,52.65354350586051,3452400
2011-01-21,52.464515686035156,53.02214626063748,52.351100336827095,52.64409389480762,2068700
2011-01-24,53.15446472167969,53.59867631113959,52.53067493578761,52.615733737791864,2031000
2011-01-25,53.78769302368164,53.9672675771124,53.012681743010845,53.13555044030976,2456300
2011-01-26,54.4115104675293,54.562732170124676,53.749914166645816,53.910589253696415,3228000
2011-01-27,54.676124572753906,54.770640350544966,54.26971574177303,54.468197072430115,2320200
2011-01-28,53.882225036621094,54.90297408791288,53.61758799609771,54.600530725769225,2879400
2011-01-31,54.127952575683594,54.175208666320955,53.52306596254474,53.683737391793485,1992500
2011-02-01,54.260284423828125,54.96913677404644,53.78771619034925,54.3547966283601,3800100
2011-02-02,52.98434066772461,53.78770505617672,52.71025028374589,53.390749552821674,4129000
2011-02-03,52.852020263671875,53.14501381516383,52.19987751340653,52.76696145770623,2597400
2011-02-04,52.88982391357422,53.09775504320478,52.171521946845694,53.00324285995926,2734700
2011-02-07,52.95598220825195,53.08830070457375,52.313289278624396,53.01269168042213,2866500
2011-02-08,52.814212799072266,53.05049685324889,52.45506002720941,52.852015507630036,2342000
2011-02-09,53.82551574707031,53.83496552417163,52.757510664169175,52.757510664169175,3114400
2011-02-10,53.87276077270508,54.00507925738674,53.60812380334174,53.702635976569134,2154800
2011-02-11,54.676124572753906,54.75173719498675,53.62702647983517,53.79714766904254,1909800
2011-02-14,54.01453399658203,54.572164485629635,53.93892137177159,54.18465879699713,2514400
2011-02-15,53.51361846923828,54.090152212512045,53.29623754406127,54.033442734262344,1820300
2011-02-16,54.0334358215332,54.49655415446786,53.40964606222663,53.57977086980192,1875600
2011-02-17,54.06180191040039,54.165767489553005,51.87853556442291,52.19043230188077,2311500
2011-02-18,54.515472412109375,54.82736557545198,54.21302902717916,54.26973490847261,2245900
2011-02-22,53.06940460205078,54.12795624683859,52.94653587373335,53.967281201283676,2534000
2011-02-23,51.95414352416992,53.11666073961327,51.92578698351404,53.09775758097897,2233900
2011-02-24,52.29438781738281,52.73859938090095,51.443763792929374,51.443763792929374,3075900
2011-02-25,52.51177215576172,52.72915306395676,52.152619365722266,52.3983532081227,2174800
2011-02-28,52.75750732421875,52.937081921047714,52.35109843181901,52.46451377689999,4103800
2011-03-01,52.59684371948242,53.636492349287245,52.51178129665044,53.20173045721682,4614300
2011-03-02,52.88982391357422,53.16391429255838,52.31329022171397,52.41725578652925,2782700
2011-03-03,54.071224212646484,54.250802341900744,53.14499145920228,53.1638946099347,3762800
2011-03-04,53.89167785644531,54.31698995670479,53.409656274348166,54.03344615292565,3988600
2011-03-07,53.504173278808594,54.28863463209348,52.984348969223284,53.94838854965516,3143800
2011-03-08,53.778263092041016,53.967287489435485,53.20172930592378,53.721553609577114,2802000
2011-03-09,52.83312225341797,53.61758353197455,52.54012869336897,53.598680372738265,3423600
2011-03-10,51.83127212524414,52.55902747082884,51.49102249817507,52.19987468609941,4679800
2011-03-11,52.21876907348633,52.43614994195776,51.58552962255757,51.802910491028996,3629300
2011-03-14,51.6800422668457,52.25657586505028,51.11296204867522,51.973035755965036,3925500
2011-03-15,51.112979888916016,51.50048568118098,49.90320280627151,50.5742488065873,4289700
2011-03-16,50.01660919189453,50.92394274239047,49.60075053508173,50.914489360753414,4580700
2011-03-17,49.73308563232422,50.90505657324431,49.572414144959886,50.649869265009855,4918900
2011-03-18,49.69527053833008,50.29070383724107,49.53459548555401,50.196191645308566,5537600
2011-03-21,50.801082611083984,51.19803817716947,50.13003661770558,50.21509903978237,3441000
2011-03-22,50.9901123046875,51.16023715447427,50.716021868318876,50.716021868318876,2363800
2011-03-23,50.555328369140625,50.819965306626656,50.37575021406836,50.76325584627628,3475600
2011-03-24,51.2169303894043,51.235833546425845,50.56478769649932,51.1602245237482,2560700
2011-03-25,51.40595626831055,51.50992182500618,50.89558186566384,51.216928311173795,2206100
2011-03-28,51.24528503417969,51.727302901489196,51.1696724088873,51.519371787343545,1577500
2011-03-29,51.6328010559082,51.66115399336146,50.923948776303675,51.10352338918953,2071900
2011-03-30,51.89744567871094,51.954155167322696,51.49103669051748,51.802933469767666,3802900
2011-03-31,52.502315521240234,52.549571610457654,51.55717931525784,51.85962261273952,3493700
2011-04-01,52.90872573852539,53.258425134215244,52.54012318558087,52.60628243326791,3136300
2011-04-04,52.785858154296875,53.504163723787855,52.55902747317979,53.504163723787855,2511100
2011-04-05,51.90687942504883,52.76695684566632,51.821820626517656,52.35109460177944,3896300
2011-04-06,52.483421325683594,52.55903396566865,52.02030652470706,52.06756262199316,2601700
2011-04-07,52.577938079833984,52.738609534604365,52.09591650470449,52.34165398370636,3120500
2011-04-08,52.7480583190918,52.85202028378121,52.4456149908471,52.69134884301759,2133800
2011-04-11,52.90872573852539,52.99378814346709,52.568476118758575,52.92762889578006,2202700
2011-04-12,52.398353576660156,52.955984120876835,52.152619732531384,52.681897342343255,1748300
2011-04-13,52.36054611206055,52.68189255930513,51.79346223758917,52.00139335210285,2354400
2011-04-14,51.859619140625,52.09590317630087,51.41540760523199,52.04864709024735,2064800
2011-04-15,52.69134521484375,52.94653243149292,51.98249303706558,52.03920250923494,2940500
2011-04-18,51.604434967041016,52.22822471348539,51.28308851551461,52.22822471348539,2777800
2011-04-19,51.69895553588867,51.78401794579666,51.15077475972411,51.61389312598068,2159000
2011-04-20,52.8992805480957,53.012695896046345,52.32274682078249,52.39835585094662,1992500
2011-04-21,53.778263092041016,53.83496896909565,53.003251525414015,53.13557004575385,1929200
2011-04-25,53.740447998046875,53.77825431351815,53.27732964704555,53.59867611773396,1762000
2011-04-26,54.89351272583008,55.66852412844581,53.88221366565693,53.88221366565693,5100000
2011-04-27,56.5191535949707,56.94446567796262,55.81030132512055,55.86701080465583,5677200
2011-04-28,56.859397888183594,56.90665398062611,56.150545685319564,56.178898619703325,3015800
2011-04-29,56.69874572753906,57.057895036522034,56.566423576144835,56.7460018360463,3276800
2011-05-02,57.88959503173828,58.333810220814634,56.944458786322144,56.944458786322144,3058400
2011-05-03,57.31305694580078,58.07861854377021,57.03896659037128,57.917943519570436,2281900
2011-05-04,57.13349151611328,57.5966062959191,56.755435544288616,57.142941292974875,2731200
2011-05-05,56.44353485107422,57.133483842388046,56.263956666143024,56.99171197064325,2719200
2011-05-06,57.04844284057617,57.492658173630446,56.793255538954135,57.08624916794459,2739800
2011-05-09,57.4359245300293,57.49263399723485,56.736522189460715,57.13348124908296,1268400
2011-05-10,57.728919982910156,58.01246011768463,57.520988868218275,57.86123847211102,2725400
2011-05-11,57.97465515136719,58.20148942769992,57.539893360922,57.75727425614459,2362800
2011-05-12,58.286556243896484,58.50394077443383,57.53044789444814,57.81398807481514,2046100
2011-05-13,58.51338195800781,58.97650028207273,57.90849536728436,58.43777293687162,2812600
2011-05-16,58.89143753051758,59.21278398060896,58.12587591563293,58.485028678772345,3137500
2011-05-17,58.48503112792969,58.66460571431515,57.80453188620186,58.64570255699953,1944300
2011-05-18,59.29785919189453,59.8176834896688,58.579553510446,58.64571276986767,4472700
2011-05-19,61.79301834106445,62.20888068542251,61.38660938021059,61.43386908691267,6890700
2011-05-20,61.603973388671875,61.95367635349934,61.07469946207156,61.87806373232317,3597300
2011-05-23,60.85732650756836,61.5094728698252,60.271343004078524,61.169223220892746,3271600
2011-05-24,60.951839447021484,61.11251810214196,60.677749048072315,60.84787387463325,2643300
2011-05-25,60.668304443359375,61.10306629783863,60.57378503997069,60.57378503997069,3887000
2011-05-26,61.726844787597656,62.07654778810326,60.39420645478447,60.63049051195435,3528000
2011-05-27,61.57563018798828,61.82136764023155,61.34879949943473,61.74575500710784,1857500
2011-05-31,61.859169006347656,62.24667835715331,61.452760101979266,62.03874721387397,3408600
2011-06-01,60.356407165527344,61.90643018411141,60.271344750829,61.85917048284977,2855000
2011-06-02,60.28078842163086,60.64939097951604,59.78931714264774,60.50761910091006,3186200
2011-06-03,59.354530334472656,60.0539324460287,58.683484749938465,59.4490460822003,2841300
2011-06-06,58.88198471069336,59.73260873533825,58.8630815539892,59.373455968776135,1970200
2011-06-07,59.06156539916992,60.14846991514875,59.06156539916992,59.42071457554103,2174600
2011-06-08,59.10884094238281,59.288415589664666,58.75913782156735,58.91036313137501,1851400
2011-06-09,60.04450988769531,60.36585638409308,59.02376452616703,59.14663325857443,2338900
2011-06-10,59.39234924316406,59.82711095879418,59.34509316197086,59.70424226336553,2129300
2011-06-13,58.96706008911133,59.53414409880001,58.77803208588177,59.47743461620836,1949700
2011-06-14,59.628658294677734,60.063420192879434,59.3262149215453,59.3262149215453,1473100
2011-06-15,57.96522903442383,59.47744614249827,57.91796932040089,59.175002720883384,3180000
2011-06-16,57.35086441040039,58.50393171819834,57.171289831894335,57.880141975788135,2933800
2011-06-17,58.8063850402832,58.985959649414774,57.785636048396654,57.785636048396654,3908100
2011-06-20,59.354530334472656,59.43014293265477,58.26762627615822,58.532263158981365,1738200
2011-06-21,60.46980667114258,60.66828799036799,59.297839937299855,59.52467058011739,1778100
2011-06-22,60.20519256591797,60.86678880177828,59.99726139325659,59.99726139325659,1867800
2011-06-23,60.0728645324707,60.0728645324707,58.80638174611681,59.4301715599682,2416300
2011-06-24,59.08047866821289,59.95945586652841,58.80639183427463,59.95945586652841,2315600
2011-06-27,59.846046447753906,60.00672153711458,58.67407913714236,58.97652254668146,1983800
2011-06-28,60.77226257324219,61.04634573487368,59.66645130751166,59.987797770456325,2871300
2011-06-29,60.55488586425781,61.121966234043846,60.26189229680323,61.027454040882525,1898400
2011-06-30,60.85732650756836,61.1786766030347,60.4509176052778,60.68720168310213,1922300
2011-07-01,61.44329833984375,61.46219788861087,60.79115213972976,60.98962985045662,2672200
2011-07-05,61.41495895385742,61.603983326474356,60.89513111293445,61.462211441602854,1927100
2011-07-06,61.670143127441406,61.85916750174251,61.292087168021524,61.396052737132436,1105100
2011-07-07,61.972599029541016,62.07656461975072,61.50948417094635,62.07656461975072,2150600
2011-07-08,61.22593688964844,61.396061735781224,60.65885647281207,61.17868439455633,1688600
2011-07-11,59.31675338745117,60.696655143842904,59.22224119836261,60.611589126090735,2405100
2011-07-12,59.06156539916992,59.87437953943767,58.65515652633173,58.93869667809105,2468600
2011-07-13,59.08047866821289,59.69481881083237,58.985966464152725,59.297863227288325,2332100
2011-07-14,58.91978073120117,59.61918298544025,58.532275099981746,59.354542443221426,2888100
2011-07-15,59.75152587890625,59.88384440140052,59.11828260001451,59.11828260001451,2782200
2011-07-18,59.07101058959961,59.9688906716432,58.47557379334211,59.40180680673802,1599700
2011-07-19,60.04450988769531,60.26189081093366,59.31675448098834,59.37346395873229,2676700
2011-07-20,60.15793228149414,60.34695667395967,59.4301768331925,60.139029121165755,1706600
2011-07-21,61.52834701538086,61.717378526071116,60.45089264229827,60.668277076888366,2282000
2011-07-22,61.36769104003906,61.64178139121363,60.90457634155213,61.58507552918325,1519000
2011-07-25,60.54542922973633,61.263734838654,60.507622912338796,61.06525708043025,1624500
2011-07-26,58.17312240600586,59.73259831055234,57.97464470336405,59.43015506688638,7049600
2011-07-27,56.736534118652344,58.57010095099209,55.85755702190183,58.41887927872368,5866100
2011-07-28,56.98225784301758,58.18258115444752,56.727070656612014,56.887742067270224,3221100
2011-07-29,56.79324722290039,57.63441805392355,56.19781027297023,56.48135047589578,2606600
2011-08-01,54.468204498291016,57.38867573014088,54.00508613749678,57.275256781328764,4889400
2011-08-02,53.2584342956543,54.83681394654794,53.23953474055715,54.13741142944942,4873500
2011-08-03,53.523075103759766,53.60813752359828,52.095917127070166,53.23953490610113,4419400
2011-08-04,51.273651123046875,53.03160545270255,51.273651123046875,52.75751502379723,4461600
2011-08-05,50.86723709106445,52.76696313708697,49.53459500738986,51.85962951841209,4849500
2011-08-08,47.266265869140625,49.77087856419622,47.24736631546357,49.62910667375573,7570200
2011-08-09,49.184898376464844,49.544047607131404,46.207717319386205,47.92786525290434,7558400
2011-08-10,47.256813049316406,48.693420598664666,47.10559139177494,48.1924995340727,5707800
2011-08-11,49.70471954345703,50.35686231064531,46.75589521496753,47.26626609104972,5537400
2011-08-12,50.697113037109375,51.150778050670354,49.55349892341967,49.619658179225915,2564000
2011-08-15,51.89744567871094,52.04866737626596,50.886149900297376,51.13188380679567,2718800
2011-08-16,51.056251525878906,51.859615752528086,50.64984272263529,51.576075649322966,3619000
2011-08-17,51.38706588745117,51.96359967761718,50.66876379824374,51.405969048405225,3016300
2011-08-18,48.268096923828125,50.10165953016534,47.82388183452365,49.959891288439636,4864700
2011-08-19,47.691551208496094,48.92968039420853,47.3513017464434,47.41746096346398,3405500
2011-08-22,47.36077117919922,48.91079382699621,47.228452700300664,48.73121926354934,3230500
2011-08-23,49.29829025268555,49.29829025268555,47.18118417073379,47.50253053302806,3551000
2011-08-24,50.71603012084961,50.7538364503784,48.88246640362338,49.13765371982771,3789800
2011-08-25,49.73308563232422,51.03737511705256,49.477898324089765,50.848347080722235,2578300
2011-08-26,50.48918151855469,50.62150363461007,48.10744111610195,49.70472023169019,2685400
2011-08-29,51.86907196044922,51.88797511574796,51.06570408458959,51.112963775540564,1756500
2011-08-30,51.7651252746582,52.07701843723548,50.9617571060134,51.50993799323523,1746400
2011-08-31,51.91634750366211,52.64410303108145,51.43432587640834,52.24714383184837,2546200
2011-09-01,51.49102020263672,52.77640602296736,51.37760486713945,52.00139462048715,2223500
2011-09-02,49.468421936035156,50.564779630537025,49.355006617406126,50.29068930555956,2433200
2011-09-06,49.16598892211914,49.326660356521224,47.29461955067071,47.67267189330376,3323800
2011-09-07,51.24528503417969,51.24528503417969,49.49678093108162,49.80867760230009,2320800
2011-09-08,49.79922866821289,51.056261635381354,49.666910167544366,50.782171252334415,2976400
2011-09-09,47.71993637084961,49.16599384695112,47.483652281007714,49.08093143039167,5456700
2011-09-12,48.287017822265625,48.34372730304093,46.86931325156541,47.02998470564837,3286100
2011-09-13,49.31719970703125,49.440068403866626,48.192489097961385,48.32480756898043,2829200
2011-09-14,50.32849884033203,51.04680071157969,48.589448219754935,49.525134573306914,4072200
2011-09-15,51.58554458618164,51.93524403208238,50.45138022591509,51.01846060334381,3606000
2011-09-16,51.51937484741211,52.22822702729367,50.933391388224436,51.878527628066514,2790200
2011-09-19,50.29069137573242,50.57423148668066,49.25104310045283,50.10166343329755,2474000
2011-09-20,50.45137023925781,51.95413690792698,50.375757614349695,50.4419168584401,2319800
2011-09-21,48.52328109741211,51.056245798672236,48.49492817189448,50.451359351578645,2779300
2011-09-22,47.039451599121094,47.29463892779096,46.10376472733158,46.41566155306482,4957300
2011-09-23,48.1452522277832,48.55166121303702,46.44400724124214,46.54797283357353,4068300
2011-09-26,48.11690902709961,48.65563665513997,47.048903551593995,48.41935248124822,3378000
2011-09-27,49.15654754638672,50.1205872044814,48.901363865352764,49.1092914426919,2474000
2011-09-28,48.06016159057617,49.93153394337065,47.89949020975456,49.364450210418305,2174700
2011-09-29,48.674522399902344,49.17544351552966,47.701033105635204,48.85409700983821,2551200
2011-09-30,47.861717224121094,49.22271624630351,47.66323940185617,48.04129548699796,3232600
2011-10-03,46.406192779541016,48.324821998430146,46.273874269012595,47.436391532752445,3875300
2011-10-04,47.79553985595703,47.823892789715515,45.41379607421047,45.59337426910397,3500000
2011-10-05,49.922088623046875,50.09221340985261,47.57815152255557,47.94675402549863,3978500
2011-10-06,50.7254638671875,50.74436702597697,49.29830962996664,49.74252484799706,2945600
2011-10-07,47.71993637084961,48.57055693103499,46.916568302141705,48.50439767431199,8313000
2011-10-10,49.48733901977539,50.09222569660481,48.655618036430454,48.655618036430454,2745200
2011-10-11,50.81052780151367,51.046811885348745,49.184895756406505,49.336117425844584,4364900
2011-10-12,51.65169906616211,52.22822916754809,51.03735904292634,51.24529017794315,6834700
2011-10-13,50.9712028503418,51.30199912552788,50.24344743952343,51.12242451977101,4902400
2011-10-14,50.36632537841797,51.9825079418574,50.111138088599695,51.736774036148866,3837700
2011-10-17,48.75958251953125,50.14893405302006,48.627264012610205,49.92209975157761,3199800
2011-10-18,49.56294250488281,49.89374234797141,48.135788386795134,48.7879310862537,3887600
2011-10-19,48.30592346191406,49.61966252132753,48.239764200318376,49.60075936009885,4556900
2011-10-20,49.052589416503906,49.175454574687095,47.9089714268943,48.51386186013181,4072300
2011-10-21,50.33796310424805,50.76327520555488,49.5913080879641,49.65746734756636,2747600
2011-10-24,51.48157501220703,51.604440134352,50.14893298384304,50.55534187809812,2745000
2011-10-25,50.30961990356445,51.88799987271308,50.16785157929525,50.85780085255318,3170000
2011-10-26,45.706790924072266,48.12633748528,45.14916037652978,48.12633748528,16623000
2011-10-27,47.87115478515625,48.44768489657779,46.04704144732619,46.17935995176421,8855500
2011-10-28,48.58000946044922,48.90135596120677,47.653772671776444,47.88060698042078,4628700
2011-10-31,47.51201629638672,48.1074533511403,47.32298825935591,47.927875093526566,4600600
2011-11-01,45.943077087402344,47.200106518062114,45.80130519725316,46.39674208830722,5111300
2011-11-02,47.02052688598633,47.152845379754886,45.86745954530276,46.41564028281086,3495200
2011-11-03,47.49312210083008,47.71050312257266,46.963844218275995,47.61599088891436,3650400
2011-11-04,46.17936325073242,47.294624446966274,46.08484745123263,46.99218109938514,4603100
2011-11-07,46.80314254760742,46.8882049452637,45.86745617338834,46.3116713173054,2206700
2011-11-08,47.65375900268555,47.7388213933516,46.595207611936495,47.0583258734312,3129200
2011-11-09,45.88637161254883,46.973279917404085,45.706796994051466,46.41564929580683,3059800
2011-11-10,45.11134719848633,46.406182691269436,44.875063165220375,45.848552228545465,4898300
2011-11-11,46.13208770751953,46.614105462850546,45.801287956826705,46.06592847846248,3225400
2011-11-14,45.98087692260742,46.52905403605111,45.82965527696002,46.009229854476175,2020600
2011-11-15,46.633026123046875,46.79369756667842,45.697339580869574,45.72569612211726,2758500
2011-11-16,45.754058837890625,46.500717554787066,45.69734934868252,46.31168952950307,4339300
2011-11-17,44.232383728027344,45.61228203571414,43.816525001239484,45.50832005807416,6616000
2011-11-18,43.38176727294922,44.14732553897148,43.31560800564877,43.87323508563552,6235300
2011-11-21,42.58784484863281,42.96589722201133,42.24759518880583,42.871385030018956,3971800
2011-11-22,42.63510513305664,43.15492945089973,42.304305217767855,42.427173963755656,4761700
2011-11-23,42.03020477294922,42.50277283702858,41.86007998144799,42.190876184140265,3270000
2011-11-25,41.98295974731445,42.757974960101315,41.97350996911157,42.09637871820588,1307500
2011-11-28,43.09822463989258,43.28725266835197,42.73907535177047,42.88084366905769,4035000
2011-11-29,43.56134033203125,43.89213665653559,43.02261282903302,43.381765699501685,2944000
2011-11-30,44.65770721435547,45.21533798833843,44.21349183013219,44.79002576997681,3564500
2011-12-01,44.459205627441406,45.082995345959226,44.37414322921587,44.657683354831555,2898300
2011-12-02,43.98664855957031,45.01684737131475,43.84487665857249,44.74275695227055,1699800
2011-12-05,44.21345901489258,44.80889567866562,43.911015796400015,44.51590223338514,2552000
2011-12-06,44.59153747558594,44.78056548444719,44.08116293328339,44.11896925613752,2457500
2011-12-07,44.40251159667969,44.68605182086807,43.627499968040304,44.30799939042008,2925400
2011-12-08,42.805213928222656,44.14730543121818,42.6823452283092,43.90157163679929,4084300
2011-12-09,43.13602066040039,43.28724232595534,42.2003377314694,42.852480488160964,4900100
2011-12-12,42.65399932861328,42.984795568960024,42.474421136360526,42.89973316352677,3052200
2011-12-13,42.23812484741211,43.10765180733772,42.00184085689209,42.71069282845215,3237200
2011-12-14,41.34972381591797,42.28541058121848,41.24575821917238,42.16254182093644,3915700
2011-12-15,41.72776412963867,41.86008261905297,40.697565540816484,41.34970821239058,4004600
2011-12-16,41.434783935546875,42.05857387578027,41.20794959118492,42.04912409724458,4342200
2011-12-19,41.15122985839844,42.07746287575491,41.01891137097728,41.64270110125443,2433400
2011-12-20,42.46498489379883,42.635109758883424,41.79393881785947,41.83174153922623,2390700
2011-12-21,42.20978927612305,42.597295035676034,41.80338035690783,42.55948871635158,2899100
2011-12-22,43.107666015625,43.315597149547145,42.18143290014898,42.39881381042724,2947800
2011-12-23,43.183284759521484,43.34395983699959,42.96590380032958,43.28725034987622,1937200
2011-12-27,43.00369644165039,43.325042888947195,42.82412186434657,42.918634040736286,1107500
2011-12-28,41.80338668823242,43.03206340909367,41.77503374714942,42.96590414296026,1587000
2011-12-29,42.48388671875,42.57839892730398,41.8222904426432,41.935705813989905,1420200
2011-12-30,42.502777099609375,42.83357333547703,42.24758988676494,42.51222687545906,1440200
2012-01-03,44.32689666748047,44.58208031158264,43.27779473240389,43.27779473240389,3237900
2012-01-04,43.42901611328125,44.74275506623424,43.42901611328125,44.32689636913106,3054400
2012-01-05,43.79763412475586,44.081174409158514,43.16439067102662,43.249453116888446,3392100
2012-01-06,45.00739669799805,45.120815667788285,43.769270257101375,44.00555436938357,3991100
2012-01-09,45.05464172363281,45.2720262262533,44.51591436849699,45.12080457578375,2629900
2012-01-10,46.377845764160156,46.68028914266911,45.31929393937882,45.404356364922556,4482400
2012-01-11,47.228450775146484,47.2473539292769,46.16989577629123,46.19825231019085,2900200
2012-01-12,47.04888916015625,47.247370545625195,46.623580661573875,47.162308124826865,3376600
2012-01-13,46.642486572265625,47.171764329951344,46.39675265948175,46.74645216800833,2684900
2012-01-17,47.12450408935547,47.445850627359384,46.642482479644876,46.98273217934425,5224400
2012-01-18,48.381526947021484,48.52329883725588,46.878760053254425,47.00162878443031,4364100
2012-01-19,48.9958610534668,49.14708270218024,48.20194649636908,48.409877615378264,3011700
2012-01-20,48.334266662597656,48.85409087271861,48.06962966953433,48.68396606134686,2603300
2012-01-23,48.98641586303711,49.062024891766775,48.24920710182208,48.24920710182208,2786700
2012-01-24,49.60074234008789,50.44191289637305,48.58944699653067,48.759571783802734,3435000
2012-01-25,50.60260009765625,51.12242435934989,49.9504537208944,49.98826003948532,3293400
2012-01-26,49.44007873535156,50.659301762670744,49.23214760578005,50.659301762670744,3258200
2012-01-27,49.581851959228516,49.99771425988114,49.0903806255357,49.2416022970251,3215900
2012-01-30,49.57239532470703,50.01660689521614,48.68396497287172,49.033667969210896,3313400
2012-01-31,49.997711181640625,50.46082594469758,49.515689654726366,49.704717633802375,4252100
2012-02-01,51.70840835571289,52.28494210064298,50.80107833356506,51.141327993222745,4329400
2012-02-02,51.793479919433594,52.36056398750255,51.46268358378394,51.916348674993316,2811000
2012-02-03,53.201725006103516,53.29623719716217,52.218782355293946,52.360554247290914,3449300
2012-02-06,52.68190002441406,53.27733330968148,52.47396888043621,52.83312169128643,1812200
2012-02-07,52.32273864746094,53.02213739021407,51.85017056517594,52.42670420242897,2871200
2012-02-08,52.927635192871094,53.04105054448414,52.28494219138208,52.37000460644413,2031100
2012-02-09,52.99379348754883,53.343492918503614,52.41725975207186,53.116662219390385,1622900
2012-02-10,52.47395706176758,52.587372385025176,51.82181444627625,52.43615075221234,1575400
2012-02-13,52.64409637451172,53.135567718108454,52.577937117239955,52.8992836263067,1393500
2012-02-14,52.785858154296875,52.804761311958075,52.275487319079105,52.275487319079105,1169900
2012-02-15,52.795318603515625,53.1828243739238,52.6157403843985,52.92763711944878,2034000
2012-02-16,53.51361846923828,53.62703742573768,52.49287309860672,52.71025402378373,2365900
2012-02-17,53.28678512573242,53.948381250882164,53.15446662178424,53.948381250882164,1884200
2012-02-21,52.852020263671875,53.6553882834109,52.76696145770623,53.551422713352174,1591600
2012-02-22,52.77640914916992,52.91818103099572,52.3227441748996,52.71024989909355,1653700
2012-02-23,53.04104232788086,53.49470726946473,50.09221840488145,52.757502190066994,3944300
2012-02-24,53.551422119140625,53.57032527761508,52.73860433178303,52.889825994169875,1413500
2012-02-27,53.334041595458984,53.570325670007215,52.256586792384475,52.946535857416244,1935100
2012-02-28,54.099609375,54.18467179561357,53.050507389235705,53.334047589477855,2828300
2012-02-29,53.51361846923828,54.411498711775664,53.28678776705749,53.95783370200508,4244800
2012-03-01,54.04289245605469,54.222467050235,53.53251800260485,53.79715500569347,1975800
2012-03-02,54.109046936035156,54.3169780517908,53.81605341887116,53.92001897674898,1840200
2012-03-05,53.45690155029297,54.02398179397492,53.19226097855423,53.85385699978868,1867000
2012-03-06,52.38890838623047,52.91818604237306,52.35110206677549,52.86147656319058,2887700
2012-03-07,52.21876907348633,52.62517788140493,52.001388205014905,52.41724678747224,2727300
2012-03-08,53.01270294189453,53.116668526920925,51.88799187882859,52.54013472298137,4614700
2012-03-09,53.182823181152344,53.64593797653177,52.92763593240061,53.23007927786732,1560300
2012-03-12,52.35108947753906,53.32457853424419,52.23767415185696,53.24896951892552,1867800
2012-03-13,54.07528305053711,54.58685444396985,53.39318304077378,53.47844554199419,3564000
2012-03-14,54.71950149536133,54.80476402353352,53.9710899857286,54.14161504207299,2326600
2012-03-15,54.94684982299805,55.08895519050992,54.293173083000575,54.691062329810435,1904600
2012-03-16,54.86158752441406,55.14579464657985,54.65316728167731,55.04158452521148,3093700
2012-03-19,54.88055419921875,55.10791853032378,54.52055645876308,54.72897677385177,1110100
2012-03-20,54.2363395690918,54.68159975780694,54.13212943012525,54.52054673925222,1690400
2012-03-21,53.98056411743164,54.30266661276604,53.81003905437866,54.18898444202774,1132700
2012-03-22,53.47846221923828,53.71530217272127,53.14688411602755,53.497409849183825,1404800
2012-03-23,53.76266860961914,53.81951149857715,53.19425417560241,53.5447762894497,1597200
2012-03-26,55.08895492553711,55.11737455334694,54.22685794770606,54.40685494698433,1670500
2012-03-27,54.59634017944336,55.29738432925468,54.55844492434803,55.29738432925468,1373100
2012-03-28,53.563724517822266,54.4826610759579,53.36477982508175,54.4826610759579,2264800
2012-03-29,53.10898208618164,53.288979114635055,52.82477130645811,53.0995064661161,2760600
2012-03-30,53.41214370727539,53.80056106014985,53.279513920521765,53.440563343325266,2977700
2012-04-02,53.41214370727539,53.72477054549598,53.09004124777774,53.39319607861192,2564400
2012-04-03,53.21319580078125,53.63003640663189,53.03319874800344,53.43109172505263,1881500
2012-04-04,52.654258728027344,52.94793794928516,52.42689078889765,52.70162599462788,1601900
2012-04-05,52.94792938232422,53.02371988773483,52.294252535663624,52.417410300010765,1416000
2012-04-09,51.659542083740234,52.18059299946583,51.17639005103041,52.05743518175871,3410600
2012-04-10,50.31427764892578,51.896366720284874,50.17217223875633,51.40373920929233,3666500
2012-04-11,50.551116943359375,51.22374149992456,50.31427700536679,50.99637718323044,3100300
2012-04-12,52.218467712402344,52.37004512582725,50.54164054357589,50.66479832132443,2725400
2012-04-13,51.252140045166016,52.227922645594816,51.19530079632786,51.97213518415557,2142600
2012-04-16,50.81637954711914,51.49847976564934,50.81637954711914,51.489004143785934,1700100
2012-04-17,51.23322296142578,51.7069028914069,51.072169906008845,51.147960429473535,3951400
2012-04-18,51.65005111694336,51.8774154204572,50.930055723405175,50.97742659937013,2074000
2012-04-19,51.50795364379883,52.08584372615915,51.31848095245087,51.76374123503492,2263200
2012-04-20,51.29004669189453,51.80162172852741,51.23320743041752,51.65004434143877,1845400
2012-04-23,50.92059326171875,51.02480342615136,50.22902098690094,50.64585803074026,1728400
2012-04-24,49.96376037597656,50.21007234832799,48.96902963645345,49.39534229426463,4425200
2012-04-25,52.171104431152344,52.57846943843527,50.93006177944261,52.21847169885924,4269000
2012-04-26,52.01953125,52.569001719121275,51.83953417247295,52.057426512813436,2122300
2012-04-27,52.01953125,52.30373849331841,51.53637929774782,52.07637414422015,2102200
2012-04-30,52.7205810546875,52.77742033706298,51.86795568014234,52.44584581023503,2265800
2012-05-01,53.15635299682617,53.91424002908075,52.30372782685824,52.663725522388084,2698100
2012-05-02,52.68268966674805,52.97636895100621,52.33216748204077,52.97636895100621,1733300
2012-05-03,52.33216094970703,52.67320746815606,52.0479500968295,52.654263450929264,2061800
2012-05-04,51.18585205078125,52.18058279433881,50.930064455057106,52.18058279433881,2023500
2012-05-07,51.18585205078125,51.52690217841344,50.92059244657447,51.176380042298604,1407800
2012-05-08,50.95848846435547,51.15743317046229,50.11533875513895,50.75006813573435,2284400
2012-05-09,50.532161712646484,50.967946265660096,49.793222373719914,50.418479571401654,2076000
2012-05-10,50.64584732055664,51.38479032395335,50.40900740198252,51.05321226961536,1687900
2012-05-11,50.49427795410156,51.00585312697976,50.30480526630694,50.37112016495142,1436300
2012-05-14,49.77427291870117,50.2005854500653,49.48059014956366,49.859535424974,1345100
2012-05-15,49.101646423339844,50.200583339152,48.95006542843765,49.49006368805216,2015300
2012-05-16,48.82691955566406,49.8026988852296,48.79849630736389,49.234284513692295,1493400
2012-05-17,48.45743942260742,49.40479891384987,48.43849179911581,48.71322330501998,2497500
2012-05-18,47.879547119140625,48.78901131713629,47.73744175712716,48.68480120017834,2237500
2012-05-21,49.186912536621094,49.25323103857646,47.860611161430576,47.945873676641355,2380200
2012-05-22,48.6374397277832,49.57532727791415,48.41954746366771,49.461641529244396,2053200
2012-05-23,48.2963981628418,48.41955593851197,47.29219555716684,48.32481779803855,3700000
2012-05-24,49.46165466308594,49.51849755251464,48.258507274359985,48.59955738315044,2799600
2012-05-25,48.95954513549805,49.73637972978539,48.779548109857366,49.28164754877989,1778400
2012-05-29,48.9974365234375,49.79321868091409,48.95006565536604,49.37637817078026,2795700
2012-05-30,48.47639846801758,48.552188985491775,47.69009172562209,48.552188985491775,3665200
2012-05-31,47.82271957397461,48.44797686216548,47.566932008729616,48.39113759026036,3131000
2012-06-01,46.54379653930664,47.225893263210715,46.52484890615771,46.94168599375973,2854600
2012-06-04,46.07011413574219,46.619581012674054,45.605906182671184,46.50589883363493,3320500
2012-06-05,46.78063201904297,46.93220945571746,45.795376873713145,45.81432450503385,2794700
2012-06-06,47.47218704223633,47.491134666669026,46.94166439979021,47.102717400523254,2416600
2012-06-07,47.98377227783203,48.53323904782352,47.89850975667414,48.069034798989925,3105500
2012-06-08,48.19218063354492,48.30586638469948,47.529028207369954,47.75639609578908,1824200
2012-06-11,47.10273361206055,48.73219012130122,47.05536272773005,48.67535084233036,1757200
2012-06-12,47.661678314208984,47.68062594605252,46.648003500872804,47.225890009590096,2197000
2012-06-13,47.357723236083984,48.554487196345775,47.17725627009624,47.756643348420376,1801600
2012-06-14,48.09858322143555,48.203063347327586,47.395722848939585,47.61417964705336,2487900
2012-06-15,48.65897750854492,48.706467490456156,48.15557717842973,48.478514127980866,2268600
2012-06-18,48.345542907714844,48.63998298278363,48.06059575690133,48.38353272100358,1659600
2012-06-19,49.31433868408203,49.51380236781727,48.50699827360351,48.60197821957062,1591000
2012-06-20,49.03889083862305,49.48530089112624,48.41201383298343,49.39981749839119,1246400
2012-06-21,47.870635986328125,49.3998337682835,47.794649112980665,49.19087711308508,1485500
2012-06-22,48.47850036621094,48.668463863183625,47.78513668202512,47.78513668202512,1853700
2012-06-25,47.32923126220703,47.946608160902,47.20575443316696,47.90861473300464,1646700
2012-06-26,47.05379867553711,47.50970907939944,46.94931852862524,47.35773894477866,1551500
2012-06-27,48.3360481262207,48.402534835955905,47.310250587981905,47.310250587981905,1576100
2012-06-28,48.013099670410156,48.17456994356526,47.59518279132277,47.93711643023657,2342400
2012-06-29,49.304840087890625,49.333333345845006,48.582983108110106,48.991403380634786,2637700
2012-07-02,48.80145263671875,49.67527992621475,48.52600566027843,49.66578337883044,2272700
2012-07-03,50.150184631347656,50.16918134846987,48.78245360782798,48.877433570185744,1498800
2012-07-05,49.95071792602539,50.929025177204906,49.789247663482,50.74856182330614,1854100
2012-07-06,48.848934173583984,49.7512581957173,48.60198050525132,49.45681455216769,1346700
2012-07-09,48.99140548706055,49.15287212008116,48.53549160067279,48.573485028413884,1167400
2012-07-10,48.611480712890625,50.207168519567794,48.36452704436164,50.07419513955351,2686200
2012-07-11,49.124385833740234,49.35233918603769,48.48800851013232,48.48800851013232,2008100
2012-07-12,48.86793518066406,49.16237522682312,48.193568052892644,48.63997820704601,1750500
2012-07-13,49.42832946777344,49.90323654500434,48.88693568959048,48.98191565573528,1514700
2012-07-16,49.29535675048828,50.00771737622798,48.943922899714174,49.87474034922362,2663700
2012-07-17,49.69426345825195,49.77974685504234,48.78244297465619,49.49480340682523,1478800
2012-07-18,50.55860137939453,50.615591526689755,49.20036699984268,49.39982708049638,2022200
2012-07-19,50.36863708496094,50.70107417095386,49.61828675145468,50.62508730904016,2001600
2012-07-20,49.43781280517578,50.055193289911685,49.086382676438916,50.02669640907992,1949700
2012-07-23,48.15556716918945,48.80144093404545,47.95610711266844,48.78244422057879,2091500
2012-07-24,47.2817497253418,48.146080502572204,47.13927976926751,47.95612056113983,3342200
2012-07-25,51.42292785644531,51.60339482997931,48.525995966941714,48.525995966941714,5780900
2012-07-26,51.94532775878906,52.61019830139928,50.91003032589323,52.002317904699524,2961700
2012-07-27,53.28456115722656,53.493521385712626,52.2397672613016,52.30625394795577,3161000
2012-07-30,53.2465705871582,53.62649398782516,52.952126962457896,53.22757387363696,1470900
2012-07-31,52.87614440917969,53.44603499141246,52.81915788723345,53.05661139068388,1990300
2012-08-01,52.866641998291016,53.37954237842389,52.62918852118349,53.25606555581727,2261700
2012-08-02,51.66037368774414,52.68617436437279,51.0714901270419,52.296750838597596,2265600
2012-08-03,53.75947570800781,53.93994270285962,52.63869479896691,52.63869479896691,2371800
2012-08-06,53.740482330322266,53.95893913370733,53.42704194508293,53.84495883548221,1857100
2012-08-07,54.28186798095703,54.60480486465814,53.730974158009936,53.80696101217614,1718300
2012-08-08,54.42433166503906,54.557305021349364,53.88293807248871,54.110894985629386,1861500
2012-08-09,54.091915130615234,54.595315457305176,53.69299131411778,54.329368661809106,1574200
2012-08-10,54.20589828491211,54.2248950044668,53.76898460491538,53.99693799306421,1037600
2012-08-13,54.129905700683594,54.18689222627231,53.7404820750637,53.99692868671924,1016600
2012-08-14,53.86395263671875,54.36735653516909,53.65499601445449,54.27237295845536,1495900
2012-08-15,54.67131042480469,54.84227728244954,53.664505999035455,53.93045283392572,2804600
2012-08-16,53.71198272705078,54.490829942590985,53.360552550100444,54.1299032195622,3460800
2012-08-17,53.76897430419922,54.053917796424486,53.49352735830513,53.57901076829802,1835600
2012-08-20,53.72148132324219,54.00642479954036,53.35105081847639,53.62649774897421,1450800
2012-08-21,53.55051803588867,54.348361995965256,53.493527887578516,53.920944941771886,1225700
2012-08-22,53.72148132324219,53.96843136983317,53.322557557822435,53.42703767789077,1377400
2012-08-23,53.48403549194336,53.835465708996985,53.18959180436937,53.730985573946434,1228100
2012-08-24,53.74998092651367,53.88295432292712,53.1326003023046,53.379554001289556,1275000
2012-08-27,53.797481536865234,54.17740870732918,53.465047980149805,53.75948809516804,1496800
2012-08-28,53.45555114746094,53.77848817555292,53.16111101404907,53.60752130048927,1582300
2012-08-29,54.30084991455078,54.367340209911376,53.503009849246254,53.51250639243955,1538400
2012-08-30,54.12040328979492,54.29137010598765,53.57900957960227,53.91144304261425,1438100
2012-08-31,54.47182846069336,54.85175548913998,54.05391162800421,54.37684851520804,1479800
2012-09-04,54.43384552001953,54.76627899438739,53.797468210618455,54.395852087733736,1627900
2012-09-05,54.17738342285156,54.50032028005571,53.939929957944166,54.50032028005571,1247600
2012-09-06,55.30767822265625,55.40266181281553,54.51933435222839,54.51933435222839,1832600
2012-09-07,55.972530364990234,55.991527076744745,55.34565337010044,55.44063330562072,1480900
2012-09-10,56.08652877807617,56.3904690375956,55.89656521006311,56.001045353632975,1785200
2012-09-11,56.11500930786133,56.371455883169304,55.925045795232805,56.02952590834113,1587800
2012-09-12,56.35246276855469,56.63740622574839,56.08651240168828,56.200489059915235,1700300
2012-09-13,57.085426330566406,57.218691707945474,56.04785550941756,56.447651641554764,2223600
2012-09-14,57.69464874267578,58.065889091942196,56.95216804414295,57.342446825578115,2395000
2012-09-17,57.29485321044922,57.83743585856483,57.13303197173857,57.43763964677856,1527600
2012-09-18,57.09494400024414,57.370995786813324,56.79033638444684,57.28532466791976,1958900
2012-09-19,56.86650085449219,57.36148560033172,56.70467598545204,57.094954793924295,1879300
2012-09-20,56.84745407104492,57.21869439150039,56.561881241885914,56.714188687415714,2192000
2012-09-21,56.83793640136719,57.25677463892459,56.8093805692463,57.123505616204774,2184400
2012-09-24,56.60948181152344,56.866495191196194,56.39054529503395,56.457177989999906,979400
2012-09-25,56.17161178588867,57.228221261236094,56.124017516889495,56.85698087934861,1549700
2012-09-26,55.89555358886719,56.51428623775523,55.77180560660586,56.181122783062385,1008800
2012-09-27,56.58092498779297,56.76178828074523,56.01930393887589,56.01930393887589,1133600
2012-09-28,56.0002555847168,56.45716696002109,55.6480501158959,56.33341899445675,1256300
2012-10-01,56.38102340698242,57.180619365634335,56.18112532512181,56.24775801907535,1951900
2012-10-02,56.84745407104492,56.971198423723834,56.24775621350411,56.45717531989822,1083700
2012-10-03,56.876007080078125,57.294841640880215,56.657070584803684,57.11398200509937,1116000
2012-10-04,57.399559020996094,57.55186284854303,56.933130137787835,57.104472397679345,1206800
2012-10-05,57.97071838378906,58.75127618662011,57.74226075874084,58.01831266323763,1592500
2012-10-08,57.589935302734375,57.923098765225106,57.29484507080729,57.57089687184784,1363600
2012-10-09,56.047855377197266,57.38051277905332,56.00977851769045,57.38051277905332,2218800
2012-10-10,55.60048294067383,56.08595037861691,55.30539261175275,55.9431675468504,1737500
2012-10-11,56.32390213012695,56.63803076643376,56.009777125029245,56.13352509974487,1302900
2012-10-12,56.00978469848633,56.98072293580018,55.952669402923306,56.52381146492476,1365600
2012-10-15,56.571407318115234,56.62852261528269,55.914597741133036,56.1049748026052,991000
2012-10-16,57.37101745605469,57.53283872441345,56.4952675064566,56.75228096021221,898700
2012-10-17,57.618492126464844,57.87550550104827,57.33292292066418,57.57089786403298,1387800
2012-10-18,56.162086486816406,57.25677267590763,55.552871214393605,57.25677267590763,4024100
2012-10-19,55.24828338623047,56.31441049520663,55.05790263753918,56.0193201531746,2966100
2012-10-22,55.6385498046875,55.95267488302611,54.90558644695081,55.21019412403489,1831000
2012-10-23,54.83894348144531,55.33393177187251,54.45818214074462,54.85798191160127,2322500
2012-10-24,57.45668029785156,57.61850154280754,56.057386240175454,56.3715149597395,4480600
2012-10-25,58.73222732543945,59.00827918094556,57.86599852084556,58.06589663778028,3711000
2012-10-26,58.10396194458008,58.817886761172765,57.46618722019507,58.808365730140935,1783800
2012-10-31,58.12299728393555,58.30385692061725,57.46618416363144,58.08492042425228,2977400
2012-11-01,59.42710876464844,59.59845103056325,58.17060123541304,58.380020367355534,3345200
2012-11-02,58.54184341430664,59.91257795286947,58.48472811349613,59.731718280451084,1377400
2012-11-05,58.95115280151367,59.07490078783785,58.42760865643214,58.494241349558365,1857800
2012-11-06,58.84642791748047,59.35093350007848,58.76075681560453,58.83691052003136,1460900
2012-11-07,57.923099517822266,58.89403771839422,57.2853284152793,58.694139638302495,2352400
2012-11-08,56.88554000854492,57.92311111013272,56.78083406316758,57.770807261790026,2008900
2012-11-09,57.770782470703125,58.00875735856743,56.742732843357814,57.09493466065857,2155500
2012-11-12,57.71366882324219,57.885011027068416,57.2281980353317,57.885011027068416,1268000
2012-11-13,58.24673080444336,58.9416170240591,57.11397167348759,57.13301009979044,2751400
2012-11-14,57.79935073852539,59.05585804751862,57.63752590187746,58.29433901649381,3094200
2012-11-15,57.53282165527344,58.13251953611502,57.06639279444848,57.88502718993171,1435200
2012-11-16,57.675601959228516,58.02780382532826,56.93312136820496,57.44714443749328,2172300
2012-11-19,58.456153869628906,58.53230758006052,57.69463492135671,58.22769636954286,1490300
2012-11-20,58.85597610473633,58.89404934330983,58.01830312554649,58.227718646936324,1250500
2012-11-21,58.21818161010742,58.751246713663754,58.046839385078925,58.722687255353044,1549000
2012-11-23,59.62699890136719,59.62699890136719,58.084922345286124,58.68462019589905,921500
2012-11-26,59.32239532470703,59.32239532470703,58.48472248284994,59.09394140587937,1332800
2012-11-27,59.198631286621094,59.54131570317948,58.836912074661534,59.2367081398406,1624600
2012-11-28,59.73170852661133,59.76026435674862,58.42760690300799,59.027301123147076,1755600
2012-11-29,60.45514678955078,60.60745059237304,59.69362777543949,59.82689314900783,1699400
2012-11-30,60.493228912353516,60.71216542101243,60.302848234455944,60.616976897668344,1415200
2012-12-03,60.45514678955078,61.073886662280415,60.3789967037442,60.816869682957055,1778200
2012-12-04,60.55034637451172,60.72168862763752,59.893533193792955,60.56938480610453,1725500
2012-12-05,60.883514404296875,60.902552837314026,60.0363241066874,60.588427770555484,1932900
2012-12-06,61.27376937866211,61.27376937866211,60.30282788589761,60.740704386668,2296700
2012-12-07,61.18811798095703,61.416571899475734,60.79783920821215,61.302348571425945,2122800
2012-12-10,61.66404724121094,61.87346628909918,60.92156680772842,60.94060160189249,2440600
2012-12-11,62.140010833740234,62.32087409949087,61.64502618855205,61.664060986959235,3468100
2012-12-12,62.01626968383789,62.38751000246416,61.94011596144822,62.20664672739337,3311900
2012-12-13,61.9399528503418,62.149855278279446,61.806379901505075,61.97811758989226,2596800
2012-12-14,61.262535095214844,61.87315626992741,61.157583898388125,61.81591280954141,2496000
2012-12-17,61.82545471191406,61.82545471191406,61.38656392617357,61.501058124085674,1779900
2012-12-18,62.254798889160156,62.3120423519049,61.472440021873496,61.911323554333926,2954400
2012-12-19,61.77774429321289,62.48377361839401,61.710957833792754,62.35974370209324,2287800
2012-12-20,62.159400939941406,62.16894394503188,61.205304247936716,61.35795593348383,1798300
2012-12-21,60.880897521972656,61.76820389736972,60.785485690496635,61.57738751359612,3476400
2012-12-24,61.00492858886719,61.2148346220554,60.79502983485756,60.83319092857521,620000
2012-12-26,60.37521743774414,61.453351000032356,60.36567807541443,61.08124671698567,1189300
2012-12-27,60.50879669189453,60.78548554312032,59.63102968197863,60.44201022981785,1509400
2012-12-28,60.02220916748047,60.56604386770495,60.01266980413847,60.174864458077,1061000
2012-12-31,60.85226058959961,60.93812940181664,59.44019850837726,59.92678965746995,1451200
2013-01-02,62.01626968383789,62.18800733720642,61.57738618726905,61.815910301437654,1737600
2013-01-03,61.82545471191406,62.15938702351796,61.653717054635145,61.968563360331125,1321800
2013-01-04,62.36928939819336,62.62689224445957,61.71096049892195,61.96856334518816,1656000
2013-01-07,62.855838775634766,62.90354648496403,62.09256638058767,62.20705323629879,1839200
2013-01-08,62.464691162109375,62.9512823540701,62.34065397403795,62.903574623399905,1766900
2013-01-09,64.62094116210938,64.64001988396066,62.684119691668336,62.90356502842945,2421900
2013-01-10,64.43968200683594,64.8785655473311,63.86722553137176,64.79270035164204,1727700
2013-01-11,64.44922637939453,64.6209640535993,64.24885969350632,64.31565344158851,927700
2013-01-14,64.45874786376953,64.72589368036326,64.09619386684628,64.54462032149041,1155000
2013-01-15,64.6304931640625,64.76406608819873,63.92446381088832,64.05803673502456,791300
2013-01-16,64.6114273071289,64.68775678731868,64.19162244526503,64.55418383657651,979900
2013-01-17,65.76585388183594,65.91850549452435,64.79267892331455,64.87854409060617,1834900
2013-01-18,66.21430206298828,66.26200252300765,65.62275958115194,65.98532092902992,1738300
2013-01-22,66.4814453125,66.58639651125718,65.90898886057455,65.93761059129402,2011300
2013-01-23,66.5959243774414,66.71995427542691,66.13795495248931,66.3192355780795,1287700
2013-01-24,66.55777740478516,67.06344741190989,66.30016725979546,66.60547786480544,1263000
2013-01-25,67.94120788574219,67.9793726175552,66.48144146999164,66.76767331900002,1669800
2013-01-28,67.50233459472656,68.20836404207007,67.17794524403716,68.06524809592736,1288900
2013-01-29,67.18746948242188,67.6358959733873,66.92032364419008,67.6168172474471,1634900
2013-01-30,67.15884399414062,68.30375674508879,66.91077689573669,67.2447164540095,3348200
2013-01-31,68.82854461669922,69.15294132352119,66.79632099276387,67.31153415358857,3834100
2013-02-01,71.34734344482422,72.31098306063004,69.4582362303544,69.4582362303544,4263300
2013-02-04,69.11473846435547,70.9656803408808,68.65676903643734,70.75578526889448,3140200
2013-02-05,71.35690307617188,71.36644608268097,69.41054466164263,69.54411763604531,2716400
2013-02-06,70.44096374511719,70.85122563264346,70.2024395611875,70.85122563264346,2127400
2013-02-07,70.42185974121094,70.60314040401785,69.6967516483404,70.45048147130075,1435300
2013-02-08,71.16603088378906,71.2041956046573,70.47908774568934,70.52678818739248,1527300
2013-02-11,71.3187026977539,71.36641042728294,70.44093579616877,71.1469650622979,1805800
2013-02-12,71.15650177001953,71.51905573316759,70.77486180507707,71.30915338849039,1323500
2013-02-13,71.65264892578125,71.89117306153896,71.21376538948853,71.35688132677895,1536900
2013-02-14,71.44276428222656,71.58588025509543,71.06113139348392,71.38552080475132,2027400
2013-02-15,71.01338958740234,71.41410829592067,70.59358487609137,71.40456529452435,2073900
2013-02-19,71.55725860595703,71.59542335071524,70.813064281124,70.92755123621784,1477300
2013-02-20,69.30558013916016,70.92754153402102,69.25787239494316,70.55544442250377,3543700
2013-02-21,68.78082275390625,69.2769570792261,68.42781165849982,69.17200586729996,2770300
2013-02-22,69.60134887695312,69.62997789144585,68.76174643133054,69.04797834281862,1369800
2013-02-25,68.31331634521484,70.11655836964006,68.31331634521484,69.93528496218885,1443500
2013-02-26,69.87801361083984,70.16424542331231,68.85713082248154,69.03841145565926,2766200
2013-02-27,70.84164428710938,71.08016834194812,69.37233523580149,69.524994124903,1425700
2013-02-28,70.41231536865234,71.45227692313094,70.38368636290043,71.00385046232726,2170600
2013-03-01,71.34734344482422,71.42367292074891,69.52502270199365,69.91619852754367,1818400
2013-03-04,71.87207794189453,71.88161366414121,70.76532271038678,70.88935989136658,1402800
2013-03-05,72.92160034179688,72.98838680980208,71.93888205007211,72.14878445785392,1941000
2013-03-06,73.15056610107422,73.2841390090065,72.88342028520968,73.16965210459458,1401600
2013-03-07,72.97885131835938,73.41773490745426,72.66400495345597,73.39865617713701,1299400
2013-03-08,73.50357818603516,73.57036463437844,72.83570642342549,73.33184056469861,1295800
2013-03-11,73.67533111572266,73.67533111572266,73.05516694986126,73.40818526684167,1100000
2013-03-12,74.1332778930664,74.27639379060977,73.41770568452647,73.54174285934663,1632500
2013-03-13,74.20020294189453,74.31491128680942,72.45082774937336,74.09504876355128,1109500
2013-03-14,73.9421157836914,74.32449406066172,73.91343868923896,74.28625550363878,1739400
2013-03-15,73.75090026855469,74.01856276549339,73.00526694329517,73.38763777134699,2182300
2013-03-18,73.41634368896484,73.75092190830907,72.72806432730921,72.98616544130098,1615400
2013-03-19,73.99948120117188,74.2289052622513,73.43547157166316,73.79872694281055,2107100
2013-03-20,74.1524429321289,74.60173697406951,73.95169592699263,74.59217550908373,2058600
2013-03-21,73.25382995605469,73.92299370571635,72.42216511641894,73.88475515202782,3462100
2013-03-22,72.6133804321289,73.89434698070446,72.37439484330808,73.89434698070446,2450900
2013-03-25,71.3992919921875,72.98615151249157,71.29413781571024,72.69937336203644,3293800
2013-03-26,71.60005187988281,72.1066999349008,71.37062785923013,71.58092895709451,3312900
2013-03-27,71.85812377929688,71.99195501137665,70.55804270201763,71.37059884525853,2388700
2013-03-28,73.12001037597656,73.23472605541549,71.69565866592617,71.90596709826775,1757100
2013-04-01,72.20228576660156,72.98615778104747,71.95373884692142,72.9383650651619,1588800
2013-04-02,75.09880065917969,75.18483923107046,72.03022773590328,72.10670484574871,5012100
2013-04-03,74.6590576171875,75.75839221203896,74.35315651449696,75.01275873005933,4274900
2013-04-04,74.48698425292969,75.24217915972497,74.24799879989033,74.24799879989033,1888700
2013-04-05,73.76048278808594,73.89431407476818,72.12581567041639,72.66114811040346,2675100
2013-04-08,74.88846588134766,74.89802734002586,73.57883047941841,73.85605443503819,1816400
2013-04-09,74.92674255371094,75.35692089407962,74.64951845700928,75.2517666748735,1720300
2013-04-10,77.75630187988281,77.94749461428468,75.68190994110786,75.68190994110786,4438100
2013-04-11,76.38931274414062,78.34898905832429,76.3415127368344,78.11956506842014,4967400
2013-04-12,76.08338928222656,76.75255278555895,75.99735803804057,76.18854344284657,2325200
2013-04-15,75.117919921875,80.82489451058066,74.38184053869327,80.5667861007477,14442500
2013-04-16,78.2151870727539,78.37769548922515,75.86357023935757,76.01651719213642,8360300
2013-04-17,77.9092788696289,78.35857281039978,77.04892954615907,78.00487161817907,3789900
2013-04-18,76.55181884765625,78.03352421821528,76.1598792203959,77.82322315472341,2782300
2013-04-19,76.50404357910156,77.00113754547012,76.10254965544493,77.00113754547012,3000400
2013-04-22,76.42758178710938,76.73348302265114,75.87314081180668,76.53273602057006,1978700
2013-04-23,77.0871353149414,77.82321448152804,76.51357177434856,76.70475719012747,2568500
2013-04-24,77.62247467041016,78.48282378705353,77.33569649370067,77.80410595427306,4223300
2013-04-25,76.59007263183594,77.8041157147138,76.46579550907302,77.71808443888567,2500600
2013-04-26,77.55558013916016,77.72765000931592,76.05475133018017,76.18858264105027,2812600
2013-04-29,77.20184326171875,77.67025258906746,77.02977348732968,77.66069113125268,1269700
2013-04-30,77.1253890991211,77.43129020077657,76.67609526066451,76.9628807342667,2407300
2013-05-01,77.16361236572266,77.211405073019,76.73343424051897,76.89594986644363,1667900
2013-05-02,78.00487518310547,78.1291523258336,77.18276438013599,77.54602705179107,1558600
2013-05-03,78.54973602294922,78.95122982891165,78.30119640588131,78.48282038862214,1687000
2013-05-06,78.80782318115234,79.34314811167864,78.31072949430205,78.5401607158892,2088300
2013-05-07,80.2131118774414,80.25134314659778,78.40637444625116,78.80787570499346,2809200
2013-05-08,80.40428161621094,80.4233972470375,79.53437090180036,80.23221176573733,1780100
2013-05-09,79.80204010009766,80.49031220281613,79.55349314193738,80.45208094149167,1135600
2013-05-10,80.7388916015625,80.77713017150963,79.59176367619476,80.30872045286496,2477200
2013-05-13,80.67190551757812,80.83441382807113,80.13658059206935,80.40424305482374,1573900
2013-05-14,80.97782897949219,81.09254462103173,80.44250390548862,80.50941953973907,1387600
2013-05-15,82.22056579589844,82.39263563158507,80.53810599065791,80.91092275243594,2579800
2013-05-16,81.7330322265625,82.497788661775,81.6374394954754,81.79994786764925,2646900
2013-05-17,82.4691162109375,82.61250897494452,81.65656693924299,81.95291392972653,1748600
2013-05-20,82.9566421508789,83.31034330177556,82.59338683152492,82.88016504367016,1794300
2013-05-21,83.50151062011719,83.88388877975889,83.07133974880576,83.1095782940956,1840300
2013-05-22,82.4786605834961,84.19935880852682,82.01025112517117,83.55887952769883,2421000
2013-05-23,81.9146957397461,82.23971261193002,81.23597760083783,81.94337284102576,2213500
2013-05-24,83.37725067138672,83.40592776042897,80.79620325871971,81.36977421259526,2156400
2013-05-28,84.39055633544922,85.00235861562149,83.8552311636131,84.01773954888357,2336600
2013-05-29,83.5110855102539,84.09421065650464,83.0235530959729,83.75007098680723,1821700
2013-05-30,84.84940338134766,85.17442012005374,83.55888330092792,83.67359165893818,1846700
2013-05-31,84.40967559814453,85.5568030003997,84.25672138810616,84.74425381603078,2923200
2013-06-03,84.61046600341797,85.07887574913697,83.80747057463779,84.90680582105992,1734400
2013-06-04,84.3810043334961,85.06928379916712,84.22805739293548,84.47660437626318,2113900
2013-06-05,82.4021987915039,84.48615267633403,82.3639675289643,84.2089286167398,2457300
2013-06-06,83.11915588378906,83.3294642955206,81.29331041452302,81.88599709365201,3828100
2013-06-07,80.85358428955078,81.78084929027452,80.77710717143225,81.16904693184514,15530800
2013-06-10,82.0197982788086,82.22054515450266,81.0160566070821,81.20724202395564,3948100
2013-06-11,81.65656280517578,82.14409526081353,80.77709792723762,81.32198456827089,2417600
2013-06-12,80.63371276855469,82.21101865488751,80.52855855658188,82.18234155948753,2092400
2013-06-13,81.73499298095703,81.9265263499266,79.8388601187895,81.39024022306276,2426500
2013-06-14,81.51475524902344,82.44366487822121,81.17957361200351,81.5530619305758,1929300
2013-06-17,81.92652893066406,82.50111444317068,81.59134735097162,81.96482829941347,2175500
2013-06-18,82.5298080444336,82.72133403293964,81.8690309634659,82.1563272524731,2176100
2013-06-19,81.10291290283203,82.61598562015637,81.10291290283203,82.4244596477095,2029400
2013-06-20,78.2012710571289,80.19316651471823,77.74159837845484,80.18359532805268,3701800
2013-06-21,79.57069396972656,79.98248147963199,78.53644325487618,78.79500410702647,3578600
2013-06-24,78.7567138671875,79.48452603081017,77.60754291936281,78.77587085652665,2439500
2013-06-25,79.6090316772461,79.84844294365864,78.98656822957513,79.39835590005477,1771300
2013-06-26,79.86762237548828,80.64331275859648,79.4941412794544,80.22194647332581,1960300
2013-06-27,81.75414276123047,82.12762366497084,80.44216669793077,80.52835122667841,3201200
2013-06-28,81.04547882080078,81.84032577818091,81.0359076330614,81.39023154192348,2608500
2013-07-01,82.69264221191406,83.7843568999954,81.3423665950772,81.42855113591192,2551200
2013-07-02,81.39024353027344,82.67349158263471,81.30405899042333,82.43408034138272,2183300
2013-07-03,81.35193634033203,81.7541527758421,80.83481449199991,80.98803388618133,1015800
2013-07-05,81.8020248413086,81.9552515308794,81.24658905099048,81.88821668075484,1166900
2013-07-08,82.30001068115234,82.96078073916138,82.02229276437993,82.36704553649388,1089400
2013-07-09,83.57367706298828,83.68859709478956,82.59688236455813,83.17146791106126,2015800
2013-07-10,84.31105041503906,84.3397785904978,83.31509893038559,83.39171226910896,1754800
2013-07-11,84.67496490478516,85.42192679836654,84.47386034160948,85.06760284211705,1739500
2013-07-12,84.45469665527344,85.04843175109238,84.16740029479656,84.7802923779806,1549600
2013-07-15,84.50257873535156,84.87605963889132,84.09079116141667,84.6366484286094,1394800
2013-07-16,83.85139465332031,84.68454844143348,83.23850243203646,84.59835659136928,1511100
2013-07-17,84.0716323852539,84.2631584102618,83.4778900177302,84.09078206525488,1572200
2013-07-18,85.19210815429688,85.22083633861182,84.11954300027385,84.12912149712962,1763000
2013-07-19,85.78585815429688,85.83373603020169,84.95270420602066,85.37407042899984,1772400
2013-07-22,86.50406646728516,86.53279464558287,85.56557124080547,85.63260609225038,1153900
2013-07-23,85.72837829589844,86.49449722832446,85.46023886142481,85.55600190141517,1617100
2013-07-24,86.77220916748047,88.38105296949111,86.57110460551053,86.66686763888892,3072200
2013-07-25,87.38507843017578,87.51914810299337,85.98691805204287,86.5423537287153,1634800
2013-07-26,86.75303649902344,87.2989010337588,85.96776807723282,87.10736769536486,1786700
2013-07-29,86.57110595703125,87.0403499422868,86.29338804152252,86.52322078646894,1809600
2013-07-30,86.64768981933594,87.1169336448976,86.50404166278682,86.90625065612538,1931900
2013-07-31,87.25102233886719,87.97883446620348,86.63813022308409,86.772199916771,1777600
2013-08-01,88.12248229980469,88.79283812737384,87.9022280597648,88.40977869822731,1464800
2013-08-02,87.9213638305664,88.10331867452459,87.65322446447,87.76814446690406,1191800
2013-08-05,88.15125274658203,88.3906640714709,87.66285159805769,87.70115828679036,1475500
2013-08-06,88.17996978759766,88.36191740325619,87.73945388224891,88.10335641981885,1318900
2013-08-07,87.79686737060547,88.17992671614135,87.55745619292671,88.11289187864128,1429700
2013-08-08,88.06501770019531,88.48638376344392,87.82560649266773,88.32358589582523,1250000
2013-08-09,88.55341339111328,88.63002672650757,87.87348647855104,87.87348647855104,1069500
2013-08-12,88.27571868896484,88.46724477144727,87.72028282101341,88.16079865572436,884200
2013-08-13,88.72579956054688,88.74494924338956,87.7298480089639,88.27570529811268,871500
2013-08-14,88.16079711914062,88.74496115865766,88.00757771707555,88.63961962325284,1097800
2013-08-15,87.43299102783203,87.8639283533862,87.107387930051,87.43299102783203,1335600
2013-08-16,86.84881591796875,87.30848136576036,86.53279135620542,87.16483317348153,1246800
2013-08-19,86.59024047851562,87.30847407367169,86.48489896672608,86.73388865879683,977000
2013-08-20,86.49447631835938,86.83922902398226,86.23591544226714,86.60939632231695,1029900
2013-08-21,86.25508117675781,86.88713035678543,85.74753051741811,86.4274575616516,1732700
2013-08-22,86.52323150634766,86.81052795281397,86.18805718963839,86.27424173982699,1287400
2013-08-23,87.00204467773438,87.19357805683794,86.14016273739675,86.72432675772274,1218900
2013-08-26,86.53278350830078,87.71068250440902,86.53278350830078,87.14567558727171,1128100
2013-08-27,85.06759643554688,85.60387523029402,84.78030004907484,85.60387523029402,1886600
2013-08-28,85.13463592529297,85.40277533728192,84.39724523607235,85.0580225772244,1017200
2013-08-29,85.39319610595703,86.00608827271918,84.69411940304909,84.87606697032942,856100
2013-08-30,85.06759643554688,85.4985337090043,84.78987854362407,85.45065584875938,964500
2013-09-03,86.30294799804688,86.666850374896,85.62302109837499,86.15929982346839,1556900
2013-09-04,87.00204467773438,87.0786580293758,85.95821516006257,86.22635458455619,1265700
2013-09-05,86.8392562866211,87.09781724388691,86.4466182961872,87.01163269354902,858900
2013-09-06,86.67645263671875,87.32765154129739,85.91033369971389,87.03077661742589,1079200
2013-09-09,87.25102233886719,87.62450324360219,86.87754143413218,86.9254192925916,1128100
2013-09-10,86.92543029785156,87.91181074950143,86.75305391182307,87.59578615740733,2844000
2013-09-11,86.95414733886719,87.14567336882627,86.27421312813814,86.93499035212146,2226800
2013-09-12,87.3570327758789,87.60643450216193,86.68557503397136,86.79109086746261,2152200
2013-09-13,87.39541625976562,87.61603498670657,86.8294669460748,87.33786482114479,1435000
2013-09-16,88.02847290039062,88.56564630475108,87.64478702085478,88.25869321011899,1341600
2013-09-17,89.48651885986328,89.50570022934913,87.96134018466361,87.99971024197544,2286500
2013-09-18,90.40737915039062,90.4745249217475,88.48892017637704,89.4769253770596,1600400
2013-09-19,90.39781951904297,90.7911072725411,90.07168488102863,90.64722133057,2183900
2013-09-20,89.67835235595703,90.87738907652998,89.64957664559758,90.58003031169648,2096400
2013-09-23,89.51531219482422,89.93737558999962,89.11243749125218,89.40020200022867,1013500
2013-09-24,89.03569793701172,89.6496043421395,88.69037466933464,89.56327718439104,1282500
2013-09-25,88.60404205322266,89.13161394975981,88.19157302659265,89.13161394975981,1183500
2013-09-26,89.21794891357422,89.4481619730019,88.5752595068959,88.69036969578035,1051200
2013-09-27,89.21794891357422,89.50571340827352,88.52730241694995,88.85343697461074,1124200
2013-09-30,88.39297485351562,88.8917708321741,88.24908900559971,88.46012060676462,1270000
2013-10-01,89.064453125,89.48651642560884,88.2778852673544,88.45054686139076,1059800
2013-10-02,88.72871398925781,88.738308331797,87.77907899137259,88.33542644688104,1425700
2013-10-03,87.61604309082031,88.49854003523622,86.91580946169277,88.46976431326416,1353400
2013-10-04,88.5944595336914,89.09325577933195,87.60645407062148,87.78870274508172,1279000
2013-10-07,87.98053741455078,88.56566803827148,87.77910008286115,88.21075046243308,1138700
2013-10-08,86.98297882080078,88.00935465317764,86.92542736126288,88.00935465317764,1484800
2013-10-09,86.26353454589844,87.16521288240803,86.05250282302663,87.07887839653208,2025900
2013-10-10,88.50808715820312,88.61360297008848,86.68555728383221,86.82943582882221,1594000
2013-10-11,89.16998291015625,89.28509309698153,87.99013459814671,88.34504486709443,1394800
2013-10-14,88.8822021484375,88.96852928399626,87.53927948802999,88.52728462612545,1784400
2013-10-15,88.09562683105469,88.99730483193065,87.90378387349541,88.65198165365219,1506300
2013-10-16,89.69754791259766,89.98531235657433,88.26829076298911,88.4025896188528,2243000
2013-10-17,91.7215347290039,92.153185111043,89.10283476538952,89.35223650438634,2110400
2013-10-18,92.2011489868164,92.84383104289883,91.70234551169212,92.23951904785218,1582400
2013-10-21,91.36662292480469,92.72872725295103,91.2898827974423,92.18196665259137,1789800
2013-10-22,91.91337585449219,92.70953814316486,91.20354803148246,91.43376107601574,2756800
2013-10-23,93.50569915771484,93.93734952512563,91.3474326839797,93.54406189933037,2098700
2013-10-24,93.07403564453125,94.34981261441912,92.94933844623655,93.79345775739942,1732700
2013-10-25,93.8222427368164,93.83183708173743,92.85342613167902,93.07404483647629,1216800
2013-10-28,93.87981414794922,94.03328709567735,93.50571514733089,93.78388532248451,907500
2013-10-29,94.40735626220703,94.43613197341614,93.5056855981832,93.84141442618886,1139000
2013-10-30,93.51528930664062,94.50329459889666,92.95894171455005,94.48411322744839,1050700
2013-10-31,93.79346466064453,94.31144949823438,92.38339604470673,93.63999173747386,2225000
2013-11-01,93.93736267089844,94.47452894877557,93.659185186043,94.1771700904281,1731200
2013-11-04,94.05247497558594,94.28268805436026,93.52489571345535,94.28268805436026,1219500
2013-11-05,93.1316146850586,93.76470984489752,92.88222021452418,93.57286681858761,1406400
2013-11-06,93.59201049804688,94.39776698436901,93.20831728162393,93.28505738857639,1164100
2013-11-07,92.23951721191406,94.01409041903787,92.17236411768243,93.77428303109302,1142000
2013-11-08,94.16758728027344,94.22514604448398,91.62562685819411,92.06687900432385,1357200
2013-11-11,94.39776611328125,94.43612884806409,93.80304126739674,94.26346726818402,1024700
2013-11-12,93.70714569091797,94.436154946692,93.31385802648028,94.09083169149741,1096500
2013-11-13,94.78144836425781,94.81981841590496,92.9301354527324,93.32342299336139,2310800
2013-11-14,96.12438201904297,96.12438201904297,94.40736043047329,94.78145932938814,1719800
2013-11-15,97.23709106445312,97.38096962592485,95.93253843928387,95.93253843928387,1720500
2013-11-18,96.66160583496094,97.3618469691951,96.3546525214864,97.25633108159344,861100
2013-11-19,96.41216278076172,96.9205532642672,95.8654022375882,96.31624129076191,1059600
2013-11-20,96.9493408203125,97.44813702023616,96.37380449168013,96.40258021036053,1060000
2013-11-21,97.66876983642578,98.91577140025744,97.19874932257501,98.91577140025744,1317100
2013-11-22,97.3713607788086,98.03322396826783,97.31380204877955,97.72627090868636,1421300
2013-11-25,97.831787109375,98.39773616055771,97.36176683585386,97.65912555525769,1209000
2013-11-26,97.31381225585938,98.34978168498473,97.2946308893966,98.05242293560835,1467000
2013-11-27,96.88219451904297,97.5248766272723,96.5176898871386,97.38099071629851,1579600
2013-11-29,96.73829650878906,97.48649437026427,96.57522924530663,97.13158412837197,854900
2013-12-02,96.71910858154297,97.35219622204993,96.50807692859398,96.96850297290085,1346400
2013-12-03,96.80545806884766,96.94934398528837,96.06685443135319,96.40258335748705,1390300
2013-12-04,96.13397216796875,97.10279591643535,95.07882128583007,96.40255523051246,1101000
2013-12-05,95.85580444335938,96.91095543206485,95.68314284023737,95.89417450164652,1245600
2013-12-06,98.5224609375,98.61838242370605,96.44093468163342,96.48889176556631,1840100
2013-12-09,97.86058807373047,98.97329778042521,97.72629653234871,98.78145481226272,1564200
2013-12-10,97.7742691040039,98.29225394333582,97.31383569626196,97.78386344871582,1182500
2013-12-11,97.0739974975586,98.0620097757696,96.63275291928241,97.5152493941732,1888700
2013-12-12,96.28632354736328,96.98759664380039,96.10379699907133,96.72822336972781,1308900
2013-12-13,97.35264587402344,97.64084492587187,96.46884619785752,96.57451869492152,1030600
2013-12-16,98.21719360351562,98.47657410484749,97.17969358579782,97.6696215030634,1658700
2013-12-17,98.29405975341797,98.81281349086966,97.50632422525892,98.37091378767839,1867400
2013-12-18,102.23271942138672,102.30957344213597,98.42853334473276,98.69751508815231,3093700
2013-12-19,103.9042739868164,104.01954770271125,101.76201370625837,102.22313055744883,2573600
2013-12-20,104.29812622070312,104.57671655115178,103.93308061315122,104.42300850847546,2416900
2013-12-23,104.5575180053711,105.19155280054306,104.17326248864113,105.19155280054306,1841300
2013-12-24,105.1050796508789,105.34524297263391,104.38458968561389,104.50947197441343,458400
2013-12-26,105.9312515258789,106.21945048934813,105.34525967077855,105.46053339280297,995800
2013-12-27,106.31553649902344,106.66137239549715,106.0081276276252,106.05616324127095,899800
2013-12-30,106.2386474609375,106.71897412238498,105.72950237247568,106.38274692521239,875400
2013-12-31,106.96876525878906,107.05522788457098,106.28670215648411,106.54608270462535,1147900
2014-01-02,105.31646728515625,106.78627366957632,104.98984853031162,106.3347652373564,2559000
2014-01-03,105.71990966796875,106.13299092339591,105.35485668504943,105.63344705072856,1486400
2014-01-06,105.72954559326172,106.82469024270581,105.31646420238675,106.21948104039393,1891400
2014-01-07,107.89099884033203,108.05431551551906,106.3923816339934,106.71900032595745,2247000
2014-01-08,109.55290985107422,109.64897372105567,107.86215788842756,107.91019348802003,2841900
2014-01-09,109.51448822021484,110.2926151332764,109.02455293126312,109.6777975401308,2196300
2014-01-10,109.95639038085938,110.10048986075797,109.10140941711948,109.11101800356712,1492100
2014-01-13,108.54424285888672,110.08128707724524,108.24644260291865,109.53371484541736,2048800
2014-01-14,110.24458312988281,110.3694654298507,108.28484936959657,109.41842064282478,1693700
2014-01-15,110.97471618652344,111.15724274142765,110.08130792025462,110.59046055608182,1537200
2014-01-16,111.54144287109375,111.58947846244423,110.33101779524307,110.33101779524307,1847800
2014-01-17,111.33013153076172,111.9161307415819,111.04193255425183,111.20524921651646,2549600
2014-01-21,110.42711639404297,111.9161322439925,110.09088913640406,111.71439588940915,2201600
2014-01-22,110.18695068359375,110.82098549530043,109.87954186467049,110.54239510796305,2010400
2014-01-23,108.37129974365234,110.03323322835432,107.58356430671697,109.90835093404621,3400200
2014-01-24,105.62380981445312,108.68829567648864,105.60459997650136,108.68829567648864,3893400
2014-01-27,105.5469741821289,106.92070860934062,104.78805724255855,105.5757926066742,2483800
2014-01-28,107.90060424804688,108.0062767227338,106.23867041550177,106.23867041550177,2526400
2014-01-29,107.35301208496094,107.72766630590104,105.9984873406364,106.80543996749438,2904000
2014-01-30,110.46556854248047,113.04972937899637,109.33199686656853,111.358976789845,5155900
2014-01-31,110.60961151123047,110.99387426627564,109.06295923584544,110.10046647570665,3000300
2014-02-03,108.67871856689453,111.31091420989695,108.4577723850537,110.6384524196071,3776000
2014-02-04,108.51538848876953,109.91794133162429,108.05427904056654,109.25509558368218,3164000
2014-02-05,108.7459716796875,108.81321713053696,106.83427329479208,108.54423532713915,2826400
2014-02-06,109.9275894165039,110.26381670355256,108.81322774605101,109.10142675163853,2483900
2014-02-07,113.13615417480469,113.27065240137769,110.51357434690927,110.69610084871157,3161500
2014-02-10,113.94310760498047,114.31776186846515,112.63661831157596,112.70386376068336,4233000
2014-02-11,116.23906707763672,116.44080342198598,114.07759682206084,115.04785885562984,3766800
2014-02-12,116.73860931396484,117.13248076434735,115.98930076165176,116.30631817353945,3605700
2014-02-13,118.0643081665039,118.57345331239392,115.86441092943622,116.11418287373843,2540600
2014-02-14,118.87125396728516,119.11141732597973,117.80492806834496,117.95863613592743,7586200
2014-02-18,118.68875122070312,119.2843517419843,117.84337139043811,118.89048759041498,2845500
2014-02-19,117.01720428466797,119.47648230828452,116.81546792262996,118.68874670590546,2884500
2014-02-20,119.8030776977539,120.09127663274836,117.67042610056438,119.43803206540386,3456900
2014-02-21,118.33326721191406,119.93755637476211,118.23720335309251,119.80306550657141,2646200
2014-02-24,118.51580810546875,119.98560657909952,118.20839932228587,118.20839932228587,2878200
2014-02-25,118.93850708007812,119.40923257048442,118.24683538978724,118.62149699636525,2625900
2014-02-26,119.38999938964844,120.25458888659703,118.57344549277613,118.99613531999624,2620000
2014-02-27,119.99518585205078,120.28337739320727,118.93846154687179,119.34194143121364,2213900
2014-02-28,119.6397933959961,120.8694287611514,118.74638530581218,120.36028355487974,3147600
2014-03-03,118.49661254882812,119.10182896898208,117.33422264634852,118.22763073062853,2106700
2014-03-04,120.41789245605469,120.63884594498096,119.68779387910203,119.68779387910203,2354800
2014-03-05,120.95588684082031,121.27289692860688,119.30356163260457,119.95680631191766,2184000
2014-03-06,121.42658996582031,122.60818953120496,120.89822766962152,122.14708000834393,1649500
2014-03-07,121.68598937988281,122.03182526115886,120.70612593573756,122.03182526115886,1690600
2014-03-10,121.31128692626953,121.71475951792263,120.32181528660497,121.5034219669632,1766700
2014-03-11,121.26329803466797,122.05103363426736,120.80218111649052,121.39778894221874,1341700
2014-03-12,121.5130386352539,121.59950124683388,120.11048564169602,120.70609334959182,3107300
2014-03-13,118.54112243652344,121.9939597220128,117.90633481040854,121.71504589128469,2413600
2014-03-14,117.57929229736328,118.86809246988058,117.16572066897704,118.26216501625139,2078600
2014-03-17,118.31987762451172,119.57021257974475,117.93516595019831,118.37759024598259,1254800
2014-03-18,119.00277709960938,119.24322560415744,118.20448630341234,118.30066423765037,1209200
2014-03-19,118.03136444091797,119.57023342010145,117.14651569512573,119.09895640039346,1532900
2014-03-20,118.8585205078125,119.09896904063883,117.4735346106026,117.91595903045423,1352200
2014-03-21,118.2044677734375,121.0609967337382,118.14675515161701,120.06073023107332,4441500
2014-03-24,116.04045867919922,118.83927567149284,114.79012342430924,118.59882714846835,2763400
2014-03-25,114.79010772705078,117.74281489249995,112.60683866522388,116.58866507497213,3971600
2014-03-26,113.5301513671875,115.9731087221182,113.52053137369857,115.14596539179107,2119100
2014-03-27,113.17432403564453,114.04956029749373,112.16444450801956,113.56866318779396,2187400
2014-03-28,113.97259521484375,115.41528629351266,113.13583174756953,113.52055083612916,1668900
2014-03-31,115.64611053466797,115.95388432655234,114.89591237556893,114.89591237556893,1530700
2014-04-01,117.22343444824219,117.31961970574193,115.93463418228056,115.93463418228056,1802600
2014-04-02,117.53121948242188,117.87746589654378,117.00223720488971,117.26191834652832,1480000
2014-04-03,117.14651489257812,118.04098362714852,116.0981555921906,117.64664455567167,2544700
2014-04-04,115.29985046386719,118.65651646903278,115.12672726779016,117.94478369743544,1861000
2014-04-07,113.29934692382812,115.62688686436528,112.29908018803135,115.15560981410266,2817000
2014-04-08,112.73188018798828,113.89565011277124,110.90447001782003,113.01080134419504,2286300
2014-04-09,115.79997253417969,115.8288251735037,112.52987221588094,113.13579965539786,1574300
2014-04-10,112.51067352294922,115.9827433643331,112.10671443679179,115.80962747614531,2747100
2014-04-11,111.34688568115234,112.91461456263292,110.84675604092604,111.712372089304,2313800
2014-04-14,111.95281219482422,112.38561651762829,110.68324453163973,111.98166483795713,1519700
2014-04-15,113.15507507324219,113.48208153851773,110.5197613464747,112.31831158130323,2546300
2014-04-16,115.1363754272461,115.26140602359152,113.16470184627144,114.02069804241437,2735700
2014-04-17,114.7420425415039,115.5210934379767,113.99183695693334,114.87669313255088,1733300
2014-04-21,114.79973602294922,115.31910567976634,113.86679463966139,114.62661280401018,1600000
2014-04-22,115.75190734863281,116.63675607453926,114.5785174852801,114.90553126357959,2491400
2014-04-23,114.82857513427734,117.11764201450696,110.15425611181846,117.05993672763138,4405400
2014-04-24,110.97178649902344,115.02093826435981,109.87534195154069,115.02093826435981,4507400
2014-04-25,109.92344665527344,111.49116836932576,109.38484431678312,110.43319634533127,3151600
2014-04-28,109.25015258789062,111.01023697669656,107.74013663796254,110.70246325881007,2474600
2014-04-29,110.26005554199219,110.84675042629175,108.98086785406655,109.51947744461201,2199400
2014-04-30,109.6445083618164,110.23120324797786,108.84621763633045,110.14463797829721,2018400
2014-05-01,110.52936553955078,110.56783818038514,108.82699337558975,109.3752156661439,1550400
2014-05-02,109.85611724853516,111.24110302467457,109.70222667878355,110.4043395619393,1736700
2014-05-05,110.43317413330078,110.71209524189133,108.44226107493132,109.43290760736035,1153400
2014-05-06,110.04846954345703,110.93331827703001,109.47139460147056,110.30815803698984,1911600
2014-05-07,111.99129486083984,112.15479807850541,109.30788874059292,110.2215900985178,1820600
2014-05-08,111.21224212646484,112.88576903819727,110.99103360664564,111.80855707249772,1232100
2014-05-09,112.14517974853516,112.67416938754714,109.99076322747042,110.95255723446971,1088600
2014-05-12,113.83795166015625,114.22267077245921,111.14492521194231,112.77997960475318,1386700
2014-05-13,113.08772277832031,113.96295136714866,112.98192486766237,113.91486607733442,1525700
2014-05-14,112.03936767578125,113.5493837826146,111.7315939259141,113.16467209870943,1708800
2014-05-15,111.13531494140625,112.44335554859018,110.12542816715603,112.06824908605478,1900900
2014-05-16,113.34742736816406,113.43399264840835,110.80829166222782,111.04874017481954,1977500
2014-05-19,114.73240661621094,114.8093518969567,112.85690392203863,112.97232184315727,2135700
2014-05-20,110.0965576171875,114.55928107921672,109.7022185647955,114.49195579440658,4343700
2014-05-21,110.91407012939453,111.73159346114994,110.19272471821535,110.9429227717769,1705500
2014-05-22,111.50077819824219,111.71237405132929,110.56783684848861,111.08720648663717,1835900
2014-05-23,111.3180160522461,111.97203615147046,110.96215703069325,111.74120768642204,1363900
2014-05-27,110.98140716552734,111.80855057834368,110.37547959758756,111.77007793845621,1614300
2014-05-28,111.63544464111328,112.39526288616936,111.03912963744844,111.28919816645717,1768700
2014-05-29,112.63571166992188,112.6453316658801,111.3757637019511,111.71239018141961,1051500
2014-05-30,112.44335174560547,112.9434814488928,112.33755380758008,112.63570763042983,2436300
2014-06-02,112.1259536743164,112.55875806769176,111.42384077934278,112.52028542460629,958700
2014-06-03,113.37626647949219,113.46283174940135,111.53924387832673,111.56809652232798,1903200
2014-06-04,113.28009033203125,113.86678522895262,112.8184333449523,113.07811448294602,1128900
2014-06-05,114.4534912109375,114.54966914773519,113.22239600895207,113.40513922540204,1607600
2014-06-06,115.2325439453125,115.46337980293463,114.6169963341328,114.7035616152177,1405500
2014-06-09,115.01132202148438,115.45374635685626,114.72278090202619,115.28062315276244,1238900
2014-06-10,114.73240661621094,115.1171256820339,113.82831791221282,114.5304307576827,1100400
2014-06-11,115.61726379394531,115.81923966725765,114.5208191457318,114.54967179364694,1980800
2014-06-12,115.41502380371094,116.00245172077683,114.91426931308557,115.21279560478106,2049200
2014-06-13,114.75057983398438,115.97358123294643,114.48093484600938,115.55949275668533,1248100
2014-06-16,114.2979507446289,115.31872373518794,113.58532870681088,114.54832431211516,1844600
2014-06-17,114.24980163574219,114.67352206652882,113.46977752186103,113.81645653849125,1742600
2014-06-18,115.46318817138672,115.54022959220045,113.8742437657062,114.38463032121722,1363500
2014-06-19,115.28023529052734,115.94470479520274,114.45205825043426,115.55950497586808,2151800
2014-06-20,114.53874969482422,115.88693825369617,114.45207623199582,115.55952313142059,4956500
2014-06-23,114.69277954101562,115.28020747064853,114.12461563859206,114.72166823475598,1408200
2014-06-24,114.17278289794922,115.42468041187809,113.90314524192148,114.7216902254557,1460100
2014-06-25,114.73130798339844,115.54985286521315,113.72979156612749,113.73942358038154,1514000
2014-06-26,114.88539123535156,115.09724412018168,114.24017852534993,114.90464791685459,1426600
2014-06-27,113.92239379882812,114.88538949502423,113.84535237983465,114.69278594754054,2758900
2014-06-30,113.63349151611328,114.17276675190571,113.32533318893559,113.82608771544656,1603200
2014-07-01,114.55796813964844,114.87575848547,113.29644611766325,114.06683827311274,2316600
2014-07-02,113.68165588378906,115.18392696427223,113.5468370610316,114.64465167324234,2137700
2014-07-03,115.66541290283203,115.73282230724276,113.54682532386009,114.05721186398044,1423200
2014-07-07,115.28985595703125,115.8676519556158,114.81799008201259,115.31874465489926,1550700
2014-07-08,113.62385559082031,115.03946038312101,113.37348200972032,115.03946038312101,1531400
2014-07-09,113.47940826416016,113.98017013591463,113.10384053388131,113.65274778175608,1232600
2014-07-10,112.8149642944336,113.43128104519093,112.05419669804479,112.29494565840548,2760400
2014-07-11,113.89347076416016,114.01866487712263,112.42972088555682,112.6415810640419,1013000
2014-07-14,113.44090270996094,115.14540196107583,113.2194104539259,114.5001965694785,1482500
2014-07-15,113.63349151611328,114.09573268041683,112.41049022149143,113.63349151611328,2688600
2014-07-16,114.80834197998047,115.83874702631526,113.93201241637746,113.93201241637746,3131200
2014-07-17,114.61575317382812,116.35878051142718,114.22092872908529,115.05873769291715,2713900
2014-07-18,116.5224838256836,116.76323275920772,114.80835259452361,114.82760927649282,1863600
2014-07-21,117.62030029296875,117.7454870954961,115.89653701917543,116.00246713941954,2499100
2014-07-22,118.50625610351562,120.35521355006489,117.90920343328972,117.90920343328972,3822800
2014-07-23,119.41146850585938,122.50268386537022,118.034384341304,120.96189219277397,3889000
2014-07-24,120.86560821533203,121.27006469907745,118.72775630542749,120.30706887278353,2570600
2014-07-25,120.4418716430664,120.70187724878808,119.70036818839233,119.70036818839233,1069500
2014-07-28,119.77740478515625,120.81744192411344,118.95885989409847,120.46113086343155,1650400
2014-07-29,118.96849060058594,120.21075594506007,118.96849060058594,119.8833335839919,1424600
2014-07-30,120.09519958496094,120.42262196175955,118.87219821024375,119.8063052670411,1602900
2014-07-31,117.00398254394531,119.66185284656886,116.66693550397436,119.04553616002927,1986300
2014-08-01,116.88838958740234,117.87064909867344,116.04095620364136,116.60912001447518,1391300
2014-08-04,116.88838958740234,117.21581187351688,115.41500766756822,116.92691028853774,1132700
2014-08-05,115.67506408691406,117.07140512985929,115.31875297765188,116.3587902584102,1280800
2014-08-06,115.71356201171875,116.51284282560121,114.71204564384712,115.04909265537272,1054400
2014-08-07,115.10686492919922,116.35876217017997,114.55795772136965,116.13726994554854,1098300
2014-08-08,116.67655181884766,116.7439612177714,114.50981169291857,115.05871889760434,1229000
2014-08-11,116.4454345703125,117.74547725447343,116.31061576437426,117.20620203072049,886600
2014-08-12,115.58837127685547,117.12916290853055,115.43429578722498,116.44543685157079,1689900
2014-08-13,116.85953521728516,116.95583332486791,116.12765637492178,116.15655241956381,1178700
2014-08-14,117.27362060546875,117.62993167592853,116.83064344458805,117.27362060546875,1047300
2014-08-15,117.05213165283203,118.3425423794389,115.71356820182821,117.43732405971072,1562100
2014-08-18,117.53362274169922,117.97659986176541,116.99434017838378,117.38917192389913,2285600
2014-08-19,117.86100769042969,118.28472802206632,117.27357990232322,117.62989084911511,1045100
2014-08-20,117.73583984375,117.91880400510532,117.00396115710943,117.42768155680761,889200
2014-08-21,117.3025131225586,118.15957877542577,117.22547904425599,118.01513528668669,854600
2014-08-22,116.73432159423828,117.50471362498942,116.70543290330764,116.99432715968696,1113100
2014-08-25,117.2928466796875,117.94768386801853,117.07135449738303,117.36025606611545,1068600
2014-08-26,116.24319458007812,117.50471642796147,116.175785183941,117.44693904472197,1064500
2014-08-27,115.63655090332031,116.50324869373829,115.25135106901502,116.42620725746208,1172600
2014-08-28,115.62689971923828,115.80987126329366,114.317224907954,115.15503385765152,1248300
2014-08-29,115.76170349121094,116.32987473187045,115.09723415722357,115.68466207771922,1109800
2014-09-02,118.1788101196289,118.26547618890241,116.10836830446951,116.4165265736742,2156000
2014-09-03,119.17073059082031,119.76779063347483,118.275144200376,118.28477621558451,1614700
2014-09-04,119.29589080810547,120.60556539567881,119.0647739241435,119.39219624457346,1496600
2014-09-05,120.0181655883789,120.04706163432613,118.84331686748301,119.22850931521282,1390300
2014-09-08,120.35520935058594,120.6152149645033,119.4788797112741,120.38409804690183,1649900
2014-09-09,119.41146850585938,120.32631149509878,119.19960827330098,120.1626039870579,1398700
2014-09-10,119.035888671875,120.05666167368872,118.891437860072,119.89295418227962,1336700
2014-09-11,118.88167572021484,119.22877608322887,118.06212870109653,118.82382075571044,1420200
2014-09-12,118.86231994628906,119.0358700280224,118.16811961935569,118.93945495061475,1700900
2014-09-15,117.9560317993164,118.84306986089038,117.3196862430576,118.64059594044437,1296000
2014-09-16,118.21636199951172,118.43811600040684,117.11721364411628,117.70535533414376,1334200
2014-09-17,119.17089080810547,119.64332998804373,118.0813861077577,118.25493624512295,1463400
2014-09-18,119.68190002441406,120.11577905497019,119.19981711668598,119.37336725770815,783600
2014-09-19,118.8237533569336,120.57853426082927,118.63092320063694,120.32785652884343,1215500
2014-09-22,117.44501495361328,118.81413576112351,117.05935458011754,118.81413576112351,975000
2014-09-23,116.81832122802734,117.51251436181239,116.4712209831345,117.01115142807865,1203600
2014-09-24,119.08411407470703,119.2673005654841,116.47122576982514,116.66405597780131,2027500
2014-09-25,116.65437316894531,119.27690431219864,116.63509309700895,118.61162781241791,1837500
2014-09-26,117.01114654541016,117.01114654541016,115.9409220609826,116.59655501219947,1004600
2014-09-29,117.62820434570312,117.85960203227702,116.06625341032975,116.17231221584275,1153500
2014-09-30,117.33892059326172,118.51520350163885,117.13644675172108,117.96562954431487,1670100
2014-10-01,115.2852783203125,117.91745359523725,114.99602570337585,117.91745359523725,2476700
2014-10-02,114.88996887207031,116.04696457358995,113.92580333547086,115.28527291695647,1875100
2014-10-03,117.04005432128906,117.1750369084197,115.1792145347033,115.1792145347033,1664500
2014-10-06,116.30730438232422,117.92710303361649,115.21779980222898,117.65713781773452,982400
2014-10-07,113.98365783691406,116.17231050129004,113.95473404601918,116.01804783118412,1532000
2014-10-08,117.27149200439453,117.33898332098796,113.75229246716337,114.15724036672395,1643700
2014-10-09,113.59800720214844,117.28112003501928,113.48230466517838,117.28112003501928,1751900
2014-10-10,112.29634857177734,114.79353349932153,112.24813735797983,113.75224042768062,2059800
2014-10-13,108.45897674560547,112.29635873275654,108.2179353668045,112.1806562227724,3051500
2014-10-14,107.77439880371094,109.37491677337951,107.1573335844646,108.52644657991756,3109300
2014-10-15,107.1573715209961,107.7262330890044,103.4839026877909,106.34747589251002,3177700
2014-10-16,105.75933074951172,107.63945079344961,104.35164980656334,104.69874266729033,4332400
2014-10-17,108.33366394042969,109.11463584171659,106.30891734257419,106.65601760003524,2354200
2014-10-20,110.23307800292969,110.29092559717904,107.66839343652276,107.90943488723012,1869300
2014-10-21,113.98365783691406,114.01258162780894,110.90796723443,110.90796723443,2439200
2014-10-22,109.7509994506836,111.06226558297406,108.57471594765818,110.31021740392545,6596500
2014-10-23,112.06498718261719,113.15449182051861,110.89834016408453,111.44791434157476,2598000
2014-10-24,113.67513275146484,114.24398695981593,111.89142775219423,112.02641035607417,1865100
2014-10-27,113.77154541015625,113.89688429507522,112.92308229593544,113.60763901695451,1600500
2014-10-28,114.099365234375,114.49467670165674,113.61728238510486,114.17650025569834,1861100
2014-10-29,111.93000030517578,114.36934587352859,111.01404576937607,114.2054321026583,3192400
2014-10-30,112.41206359863281,112.69167250491877,111.47682914712429,111.74679433774529,1835400
2014-10-31,113.35697174072266,114.3307812492021,112.8652451276883,114.16687483019106,2206500
2014-11-03,114.1572265625,114.79357213400331,112.6338429081725,112.6338429081725,1883900
2014-11-04,114.08008575439453,114.50432101789382,113.39552898756651,114.23435579784902,1469000
2014-11-05,114.30184936523438,114.90927112235785,113.6944202521102,114.73572099803677,2543300
2014-11-06,114.64893341064453,114.88033109170253,114.11863939572032,114.55251096720403,1260900
2014-11-07,112.42170715332031,114.6007234624978,111.96854814571263,114.6007234624978,2131600
2014-11-10,112.66275787353516,113.00985810569601,111.46719449387017,112.24816633823193,1306700
2014-11-11,114.06078338623047,114.38859613050646,112.1613761443987,112.50847631833746,1948000
2014-11-12,114.26325988769531,114.44644633770696,113.41478950701253,113.69439839555578,1483400
2014-11-13,114.00289154052734,114.59103290282411,113.63651141155424,114.41748287204807,1207600
2014-11-14,114.49466705322266,114.60072585960458,113.61727281060854,113.70405154128461,1522300
2014-11-17,114.18614959716797,114.49468234165914,113.66549921158895,114.02224318578223,1308800
2014-11-18,116.18197631835938,116.5483566660577,114.07045090935846,114.18615345094794,2126300
2014-11-19,120.2025375366211,120.82924672055354,115.60347032751794,116.50978109461967,4289900
2014-11-20,120.11576843261719,121.8030584604512,118.62130860842106,119.27694159919088,2538600
2014-11-21,122.00553131103516,122.48761417190252,120.86781546514813,120.86781546514813,2497500
2014-11-24,122.84436798095703,123.28788336577503,121.36918812945213,121.36918812945213,2150900
2014-11-25,123.29750061035156,125.04264543803305,122.66115510679931,123.18180544025122,1855700
2014-11-26,124.04955291748047,124.12668793296653,122.90219346912512,123.31678498236278,1275500
2014-11-28,124.65697479248047,125.11978491337199,124.0977716424046,124.0977716424046,825600
2014-12-01,123.37467193603516,124.70521827576026,123.345748134998,124.70521827576026,1444600
2014-12-02,124.18452453613281,124.38699106088164,122.20798223606886,123.59638296805522,1323900
2014-12-03,124.30026245117188,124.73413415116546,123.86639075117829,124.08814478237436,1178300
2014-12-04,123.78924560546875,124.58950497929737,123.18182380388866,124.13634587951488,1098800
2014-12-05,123.93384552001953,124.39665562220365,123.44212633744911,123.73137897331415,1113100
2014-12-08,123.88565826416016,124.4159376388685,123.13360282591722,123.49998315018892,1380600
2014-12-09,123.69281005859375,123.76030871874246,121.52344460925694,122.5551016046662,1106400
2014-12-10,122.76721954345703,124.42558571357026,122.63223693481996,123.62532642236438,1783400
2014-12-11,122.32317352294922,124.46614694407684,122.04323482368987,122.92165655303553,1388700
2014-12-12,120.65320587158203,122.36179610703088,120.63390305428571,121.48336694417863,1108800
2014-12-15,119.43693542480469,121.7633116692394,118.62607712952287,121.06829237747696,1635700
2014-12-16,117.33258819580078,121.02969326509758,117.28432009762611,119.13770017855975,1530900
2014-12-17,120.44084167480469,120.537377858215,116.94644982978436,118.05654965691184,1886600
2014-12-18,123.09540557861328,123.11471575816714,120.8559034542837,121.49300681539913,1736500
2014-12-19,123.99315643310547,124.8040073463155,122.66104106225609,122.74792215420104,3121000
2014-12-22,124.45648956298828,124.91018308150205,123.33674208497727,124.17655821699275,1153900
2014-12-23,122.26527404785156,124.98742068233545,122.23630877329154,124.87158904280328,1336100
2014-12-24,122.3907470703125,123.51049452687381,122.28456316951666,122.58380469102701,665500
2014-12-26,123.2402114868164,123.80973662585392,122.41970554793848,122.60311544374603,634300
2014-12-29,122.45833587646484,123.07612919067918,121.64747754863528,122.75757744172195,825500
2014-12-30,122.21700286865234,122.84445123742263,122.12047404992079,122.32318677866009,631800
2014-12-31,120.94279479980469,123.40431264523319,120.91383689269132,122.81548468301658,1045900
2015-01-02,123.67460632324219,124.03177842227763,121.78262083431059,121.91776265494856,2034700
2015-01-05,121.97566223144531,124.65920283345103,121.77294952748184,122.89269694432897,2430300
2015-01-06,120.83661651611328,123.74218028797503,120.21882325337994,121.97567422515473,2519300
2015-01-07,124.45648956298828,124.49510992548237,121.5702434640398,122.16872651852496,2098300
2015-01-08,125.74998474121094,126.51256738048902,124.9680919240391,124.9680919240391,2515800
2015-01-09,125.24803161621094,126.57049166824605,124.84260622936846,126.22298208961662,1912400
2015-01-12,124.04141998291016,126.0878573735154,123.84836235293187,125.59555820766782,1810400
2015-01-13,123.8869857788086,125.78863390236731,122.69966719104391,125.06465663896238,2090800
2015-01-14,121.82119750976562,122.95060726328238,120.74971092609276,122.54517453307567,2851500
2015-01-15,119.82305145263672,122.15909016774407,119.80374863426853,121.91776443241837,2722700
2015-01-16,120.94279479980469,121.15516260487115,119.01218910236605,119.41761453130586,2034100
2015-01-20,120.89453887939453,122.11082265330779,119.78443901870178,121.62817118036982,2270100
2015-01-21,121.01038360595703,121.97568659747571,120.53738720222253,120.68217675920845,1366700
2015-01-22,122.59342956542969,123.14365174999463,121.02963671024143,121.96598140574261,2953800
2015-01-23,120.53736114501953,122.66102432140612,120.43117724973261,122.3714305406826,1993800
2015-01-26,121.28063201904297,121.40611872018799,118.99286194272428,120.23810332365657,2032800
2015-01-27,120.54700469970703,121.48334954501908,119.81337991269339,119.85199290643234,1894300
2015-01-28,120.02572631835938,121.5122932627142,119.69752695690846,121.33853849351235,2401800
2015-01-29,123.52017974853516,124.26345987074384,117.32293581693827,119.07978710683676,4903000
2015-01-30,120.8655776977539,123.19196126938893,120.67252005967525,122.41006089641365,3513100
2015-02-02,121.52197265625,121.54128283706494,118.925305687351,121.13585005138873,1835600
2015-02-03,122.91201782226562,123.0471596366701,121.02967278218624,122.04324375489641,1797000
2015-02-04,121.96600341796875,123.5877123648448,121.65710682640548,122.44865480257857,1531100
2015-02-05,122.63204956054688,123.0664328072506,121.5026472273774,122.36176599684903,1472800
2015-02-06,120.46980285644531,122.82513688517842,120.00645423171619,122.59346625515214,1573400
2015-02-09,119.11836242675781,120.42151968386857,118.66466894980115,119.56240081397533,1357200
2015-02-10,120.69181060791016,120.81730468811251,119.34038518471691,119.77477587324834,1232300
2015-02-11,121.06829071044922,121.81157808461273,120.52772343082253,120.92349379921298,1313700
2015-02-12,122.42935180664062,122.67067749858874,121.2420261617986,122.36178090748218,1370700
2015-02-13,123.18231201171875,123.27884083532946,121.29997417493965,122.41006669347867,1543600
2015-02-17,123.58770751953125,123.72284931274964,121.81155402884632,122.61274969873388,1381400
2015-02-18,123.55877685546875,124.38893797664059,122.4486769967225,123.55877685546875,1402100
2015-02-19,123.35606384277344,123.66496048962844,122.68034736456269,123.27883783989044,1266300
2015-02-20,126.61872100830078,126.66698907682611,122.73820838721241,122.98918908713226,2170700
2015-02-23,126.43538665771484,126.78289633744866,125.9237772305172,126.45469684252097,2086200
2015-02-24,127.27520751953125,127.38139143960463,125.75002699909317,126.28094659946007,1385700
2015-02-25,126.52225494384766,127.41997954784533,126.24230886155489,127.27519000828214,1285800
2015-02-26,125.62450408935547,126.59945460149086,125.29630467687642,126.22298710379981,1558400
2015-02-27,125.4893798828125,125.9623836172458,125.2770120615856,125.30596997090257,1070400
2015-03-02,126.79251861572266,127.00488639322775,125.14184447772418,125.48935404733699,1345500
2015-03-03,125.22875213623047,126.22301303256229,124.48547944281846,125.85620791417541,1460400
2015-03-04,124.4178695678711,125.16115680188005,124.28272777344682,125.16115680188005,1395500
2015-03-05,126.89871215820312,127.00489605503353,125.09358591208624,125.79826755893882,1544700
2015-03-06,124.05104064941406,126.31950781255038,123.7904195340025,126.21332392982167,1972900
2015-03-09,123.6552963256836,124.19586354465477,123.24020845653298,124.12828527760738,991300
2015-03-10,122.62242126464844,124.01245974130012,121.80191530566569,123.02784669877973,1735000
2015-03-11,123.5008316040039,124.08000439487873,122.83477037454996,123.07609605308542,1153300
2015-03-12,124.28368377685547,124.96018607258684,123.69414981440096,124.19669332361255,1251800
2015-03-13,123.14326477050781,125.19210422883101,122.36045402451234,124.0903678554592,1209600
2015-03-16,128.50701904296875,128.53601094841343,125.0471757756621,125.0471757756621,2313300
2015-03-17,127.90775299072266,128.36197888623198,126.04252468108379,128.10103715449256,1544000
2015-03-18,129.39605712890625,130.1015509618669,126.70936743957908,127.72412773153621,1907000
2015-03-19,130.23687744140625,130.47848638091017,129.2801154788199,129.2897745276099,1638800
2015-03-20,132.0441131591797,132.28572208189112,130.32385880920532,131.31928639104538,2666300
2015-03-23,133.2425079345703,133.85136724819841,131.06802723920245,131.78319508780308,1830300
2015-03-24,131.0970001220703,134.3635575896129,131.02935728961148,132.7592707478438,5124400
2015-03-25,129.22215270996094,132.32440373963468,129.11584416942324,131.09702599827054,1805500
2015-03-26,128.6036376953125,129.4734241432043,127.77250219652252,128.21705447108334,1200800
2015-03-27,129.20281982421875,130.00496340319378,128.70992806976224,128.76792661183615,1104700
2015-03-30,131.0196990966797,131.24197518569414,129.77298874588948,130.07258146296093,1306400
2015-03-31,129.83103942871094,131.66727711129036,129.6764060929186,130.03399752526923,1431700
2015-04-01,127.56949615478516,130.1982021037662,126.88332040664461,130.14987737559238,1801400
2015-04-02,128.64230346679688,129.19316434816156,127.4729093553971,127.82082692396992,841100
2015-04-06,129.0191650390625,129.64734234097187,127.83045326551415,128.01407840667983,980200
2015-04-07,128.55532836914062,130.46886763201658,128.55532836914062,129.46378062174512,945600
2015-04-08,128.36199951171875,129.6570198383639,127.67582366144744,128.5359508630716,1268600
2015-04-09,129.08685302734375,129.38644580334693,127.98510192078984,128.44900178038364,750600
2015-04-10,129.24147033691406,129.9373053730389,128.45865960793407,128.95153661408844,820000
2015-04-13,128.265380859375,129.73436763696606,128.265380859375,128.81624168432018,810600
2015-04-14,128.2266845703125,128.70024338308093,127.64683198485278,128.26535025732645,1073500
2015-04-15,129.1351318359375,129.48304927327908,128.51661358584562,128.69057967783556,944000
2015-04-16,128.0430908203125,129.04817761378908,127.86912469940572,128.78723580574928,1547400
2015-04-17,127.6662368774414,127.84984738114326,126.47750965043909,127.38596210165173,2040300
2015-04-20,129.5314178466797,130.02429490529443,128.70028228432486,128.75826608573325,1378600
2015-04-21,129.9276580810547,130.64281128255138,129.07718968290396,129.77302478200127,1758200
2015-04-22,126.30353546142578,128.15909099197205,124.46729803517196,124.84420752189786,3480900
2015-04-23,125.20178985595703,125.92661687394214,124.36098048737676,125.90728402440237,2254300
2015-04-24,125.656005859375,126.28418332577505,125.00849554499028,125.73332250467138,1533600
2015-04-27,122.9983139038086,126.31318987893225,122.7373794123118,126.31318987893225,2925100
2015-04-28,123.34619140625,123.69410886410768,122.09948841114661,123.500824664551,2446400
2015-04-29,122.86298370361328,123.75211026579936,122.29279010640151,123.08526718748985,1642000
2015-04-30,121.461669921875,123.07561618121645,121.04610217038912,122.44743134199531,1966700
2015-05-01,123.37520599365234,123.452515259084,121.94487767001957,122.25413685170766,2293400
2015-05-04,123.49116516113281,124.65088517008496,123.44284779519647,123.93573211699513,1181500
2015-05-05,122.39912414550781,123.23991876905039,121.91590613259488,121.91590613259488,1348300
2015-05-06,123.37520599365234,123.4331897860562,122.1285028437258,122.92097995763407,1843900
2015-05-07,123.4621810913086,124.1870079861695,122.91131294614712,123.52016488343492,2313800
2015-05-08,125.61738586425781,125.84933588453269,124.6316314580467,124.6316314580467,2122000
2015-05-11,125.51103973388672,125.87829013612716,125.14380407828949,125.33708833070538,962300
2015-05-12,125.25971984863281,125.86857900111137,123.81006643540735,125.63662914620593,1465200
2015-05-13,125.49166107177734,125.81057182371049,124.71850968857645,125.01810234724073,2084700
2015-05-14,126.69981384277344,126.92209007852604,125.40477790118533,126.23591376818275,1304400
2015-05-15,125.79129791259766,126.7287418976624,125.33707186842643,126.71906810099412,1518000
2015-05-18,125.60767364501953,126.10055063950861,125.38539751965874,125.87827451414782,1250000
2015-05-19,126.168212890625,126.82538224088555,125.25010171169424,125.52070259081822,1232200
2015-05-20,127.5888671875,128.4973192612099,126.16820528442447,126.20685623055124,1858500
2015-05-21,128.38133239746094,128.99985074014168,127.41489656535725,127.75315500524975,2328700
2015-05-22,127.71449279785156,128.82590288307398,127.71449279785156,128.4103277956796,1321000
2015-05-26,125.44337463378906,127.1732882940745,125.44337463378906,126.90268743935545,1557500
2015-05-27,126.5933837890625,126.73834320663161,125.56894983391413,126.12948415957226,1370900
2015-05-28,125.7623062133789,126.4967921758997,125.1920978347817,126.31316699860918,928700
2015-05-29,125.27911376953125,125.86864036819799,124.91186334020448,125.86864036819799,1655200
2015-06-01,125.11481475830078,125.57869992299538,124.19668873376298,125.4820504214724,1209200
2015-06-02,125.22110748291016,125.66565974177841,124.03238070033966,124.7668814271263,847500
2015-06-03,125.61738586425781,125.8783277937361,124.84423387665582,125.70437633851564,1137200
2015-06-04,125.1534652709961,125.46273187746773,124.58327155528792,124.69923915939306,1252200
2015-06-05,125.22110748291016,125.53035930473482,124.11935639273018,124.71855668247323,919300
2015-06-08,123.96472930908203,125.19209220813467,123.86807982643886,124.91183230309447,1767300
2015-06-09,124.2546615600586,124.67988093745971,123.17224340432355,123.69411963655996,2007400
2015-06-10,125.81063842773438,126.10057219325486,124.27400864111284,124.27400864111284,1185700
2015-06-11,126.28475952148438,126.51696231066208,126.0622121636471,126.16864336323904,762800
2015-06-12,125.80091094970703,126.28468616435049,125.03653784292753,125.65576952712524,1723900
2015-06-15,125.3365249633789,125.50102159247994,124.04001042609706,124.69795265154019,2271300
2015-06-16,124.62053680419922,126.08153308956163,124.10773609910136,125.45263102139332,1430000
2015-06-17,124.46572875976562,125.10431580250754,123.26596788828783,124.81404762274731,1322100
2015-06-18,125.47196960449219,126.21698778868578,124.6495603551312,124.8140422050034,2039800
2015-06-19,125.7525634765625,126.07185697365662,125.33650900568769,125.33650900568769,1948600
2015-06-22,125.86869049072266,126.66208929922239,125.76225930333013,126.22669435576378,1130400
2015-06-23,125.34620666503906,126.43952900857929,124.80438058971765,125.77193137097824,836600
2015-06-24,126.04283905029297,127.203896985716,124.6979441120612,124.95917218206584,2000900
2015-06-25,127.26188659667969,127.69728126806672,125.23971006350406,125.98472790970135,1993600
2015-06-26,127.91992950439453,129.76794077055928,127.6877119398598,128.52947662035518,2203600
2015-06-29,125.24942016601562,127.89082912693418,125.10429348385262,126.67172070581414,1862200
2015-06-30,125.54936218261719,127.00068810159297,125.20104337151697,126.59431861591784,1312100
2015-07-01,126.57496643066406,126.64268729013641,125.61708609854597,126.42982499411016,1161000
2015-07-02,126.70079803466797,127.19425848381714,126.15897184738415,126.8846350832799,1093200
2015-07-06,126.15892791748047,126.66205838632983,125.4719604640332,125.53002590415717,1465400
2015-07-07,126.70079803466797,126.75884873135462,124.53349328553269,126.613721989638,1473800
2015-07-08,124.03999328613281,126.36212375877987,123.9529172688671,125.72353677152806,1515500
2015-07-09,123.67234802246094,125.78160914806308,123.62396752775008,125.41393510464556,1240600
2015-07-10,126.39117431640625,126.74916341236178,124.51412327467968,125.53005463644097,2163300
2015-07-13,129.9323272705078,130.0194180205461,126.50720559960887,127.10708207961493,1732500
2015-07-14,132.15773010253906,132.5737845287967,129.8162594719304,130.3484152433529,2763100
2015-07-15,130.86126708984375,133.00923139803015,130.3871618054339,132.89313000742203,2362800
2015-07-16,132.22547912597656,132.3222253355323,131.30630893511284,131.38369999729673,1363500
2015-07-17,131.34503173828125,132.3416079619066,130.6677490761555,131.83847737133257,1477600
2015-07-20,131.7513885498047,132.06101188738907,131.0257254614513,131.41275463343175,1055400
2015-07-21,132.04168701171875,132.59318340821187,131.30635356184234,131.91590065652878,1864400
2015-07-22,135.51515197753906,136.6665397007421,133.5994056787425,135.66996363658285,3412200
2015-07-23,136.03761291503906,136.36657655798828,135.02168188720202,135.94085195480707,2030000
2015-07-24,133.4639434814453,136.15373319720356,133.13497979273282,135.10877668865945,1345500
2015-07-27,132.57382202148438,133.12531833063403,131.86749926891207,133.01888714625017,1388300
2015-07-28,134.15093994140625,134.60569009147122,132.98988169676113,134.22834579287013,1256900
2015-07-29,135.08944702148438,135.22490355201268,133.82195775075786,133.82195775075786,1099600
2015-07-30,134.6056671142578,135.07010214376197,133.0092141458427,134.42183009386918,947300
2015-07-31,135.0023651123047,135.69900288575167,134.38313317631338,134.61535068868034,1190000
2015-08-03,133.94773864746094,135.24425321038356,133.2123905713256,134.9733401603297,1448000
2015-08-04,133.29942321777344,134.47983589107997,133.0478506641408,134.1798828645451,857700
2015-08-05,134.18963623046875,134.89594425126245,133.56071928939747,134.46054930046236,1117100
2015-08-06,132.4770050048828,134.60561302869675,131.59653055767333,133.87995019578418,1063800
2015-08-07,131.6062774658203,132.6318790569653,129.9807842777819,132.47706736978924,1070400
2015-08-10,132.7286376953125,133.04793129358794,132.0416847601964,132.59318114728563,761300
2015-08-11,130.2129669189453,132.04163703822547,129.50665908548024,131.3159740581357,1546800
2015-08-12,130.33872985839844,130.6773636635368,126.33307151701426,129.2260379635621,2205700
2015-08-13,129.38092041015625,130.74517085825718,129.04227165597862,130.57100400181662,828300
2015-08-14,130.63870239257812,130.85156473214258,129.16802116385614,129.25509718540914,904100
2015-08-17,131.88685607910156,131.97393211369635,129.66148613631154,130.23235236718241,892200
2015-08-18,130.9290313720703,132.2739269074245,130.81291519241654,131.7320858509117,879900
2015-08-19,129.39059448242188,130.66776892240162,129.16806188042187,130.08723240174592,1299300
2015-08-20,128.045654296875,129.36152382094537,127.9585782783741,129.24542246294416,2282000
2015-08-21,123.80781555175781,127.75541771794663,123.75944243457532,126.75884144568876,2046100
2015-08-24,117.72189331054688,122.02749840632886,114.15163620432965,116.97688251060688,3978700
2015-08-25,116.15450286865234,120.82776868365137,116.03839408882916,120.48912730311933,2863500
2015-08-26,121.19538116455078,121.3888883173576,117.28647614689032,118.5829903107104,3074100
2015-08-27,123.75941467285156,123.94325166965884,121.49534217631431,122.61770454149925,2159500
2015-08-28,122.4145278930664,123.75943033946969,121.56308581922362,123.39175629931152,1818100
2015-08-31,121.3018569946289,123.11117242348988,120.8374293222662,122.40486441193448,2601400
2015-09-01,117.5090560913086,120.20852403956407,116.86079874759518,119.00876296761531,3550300
2015-09-02,118.7958755493164,119.10549148269405,116.76402052516154,119.10549148269405,2923500
2015-09-03,118.78618621826172,120.21816438204294,118.40884206748785,119.26029133637279,2383800
2015-09-04,117.23812866210938,118.03152002282106,116.28025543703927,116.76403083702998,2158800
2015-09-08,119.67636108398438,119.77311468783714,118.22503488071249,119.60863282310476,1729600
2015-09-09,117.67353820800781,120.89547696045135,117.47035341330073,120.76969800615474,2199800
2015-09-10,118.0702133178711,118.65074227418125,117.13168793728703,117.29617717006629,1883600
2015-09-11,119.05833435058594,119.11645647672579,117.1499123726078,117.63428313286981,1411100
2015-09-14,118.34147644042969,119.47490232938563,117.77960454318405,119.47490232938563,1268700
2015-09-15,121.17987060546875,121.55768658985163,118.33177562321305,119.02927068528746,2125000
2015-09-16,122.33269500732422,122.68144259438714,120.51146335670519,121.0830173855008,2137200
2015-09-17,124.22174072265625,126.67265597541999,122.07114041466397,122.46832065774404,3074900
2015-09-18,121.84832000732422,123.51455677936431,121.53832298398504,123.37893354358542,2701200
2015-09-21,122.38111877441406,123.25298762614604,121.35424773085803,122.17768394082849,1866300
2015-09-22,121.33490753173828,121.49959185995819,120.32741519706016,121.09272208756315,2078600
2015-09-23,120.72454071044922,121.69328198833176,120.46297642651167,120.90859652742851,1339400
2015-09-24,120.12394714355469,120.3564430363129,118.85489813156516,119.93988389171089,1491500
2015-09-25,118.81615447998047,121.44144323542633,118.39959531120276,120.76332709597966,1996800
2015-09-28,114.43743896484375,118.10897040081703,113.43963633062555,117.37273212932128,3655700
2015-09-29,116.09397888183594,117.51803008250027,114.43743178848494,114.59243397755017,2181800
2015-09-30,118.45773315429688,118.5933564001776,116.70431305332998,116.70431305332998,1944200
2015-10-01,118.28336334228516,119.21335451293211,117.21774892118422,118.8646069000754,2043100
2015-10-02,120.5986557006836,120.62771676998993,116.17150629747252,116.28775796561071,1383300
2015-10-05,122.59423065185547,122.7976654647965,120.51143510377763,120.51143510377763,2176400
2015-10-06,120.21114349365234,122.03238246058051,118.58366467524127,121.43175999837263,2445200
2015-10-07,121.28643035888672,121.64486736727156,120.07550350869452,120.79237752546419,2002000
2015-10-08,121.9161148071289,121.9161148071289,120.24987826494281,120.8311290705694,1504000
2015-10-09,122.5651626586914,122.72985431913483,121.66423283177974,121.82892449222317,1283000
2015-10-12,121.96454620361328,122.54578957718066,121.39298492278617,122.19704207485813,916900
2015-10-13,121.55770874023438,122.73956737642996,120.92802517273604,121.1605211054895,898500
2015-10-14,120.09490966796875,122.17770580004867,119.65897146865196,121.2670862374387,1326800
2015-10-15,121.54801177978516,121.61582339728973,119.67834016468848,120.4145858625323,2245400
2015-10-16,122.44891357421875,122.49734620933081,121.38329951991948,121.9257923350005,1982400
2015-10-19,124.99671936035156,125.03547729965969,122.0420621064861,122.32299064826755,2007500
2015-10-20,124.59951782226562,125.52951609776707,124.03764601983241,124.66733681754498,2077900
2015-10-21,123.13674926757812,125.9267298941332,120.30802547979833,124.70610597910326,4230500
2015-10-22,120.12394714355469,124.03765633681061,119.80426067169267,123.76641728768534,3278400
2015-10-23,122.51675415039062,123.30143249933336,120.22083384489443,120.59864248630478,3333600
2015-10-26,123.05925750732422,123.28207135130147,122.25520011898426,122.8170720812637,1926400
2015-10-27,122.82674407958984,123.95048045323756,122.44893546000115,122.64268081689887,1711600
2015-10-28,125.2098617553711,125.26798389090055,122.13895241302353,122.9236308063211,1483300
2015-10-29,127.2733154296875,127.39924182492304,124.87082487708345,125.19051147759517,1783400
2015-10-30,126.6919937133789,128.27104685830636,126.6919937133789,127.31198759169925,2435600
2015-11-02,130.33445739746094,130.54758168137656,126.9148015443877,127.17636585316056,1618600
2015-11-03,130.06329345703125,130.47986019672393,128.46487509608136,129.88892699518053,1460200
2015-11-04,131.02230834960938,131.099809455539,129.20106931482468,130.1601288711511,1622500
2015-11-05,130.73162841796875,131.4872454086132,129.55945978609498,130.53788312479654,1756900
2015-11-06,130.10202026367188,130.2182645437398,128.94921521357824,129.78233371165908,1242200
2015-11-09,130.10202026367188,130.48951105178227,128.81359195955702,130.16014240370583,1819600
2015-11-10,131.7779541015625,132.2042028852759,129.24953725437874,130.11171691895257,1942900
2015-11-11,130.6444854736328,132.3785263368221,130.58636334596946,132.13634095034283,1818400
2015-11-12,128.3001251220703,130.71228196844595,128.2807461533871,129.62729623133956,1296900
2015-11-13,128.1935577392578,129.5110467013687,127.78668810443523,128.5229262843302,1348400
2015-11-16,131.3032684326172,131.37108745976394,128.36798170710705,128.4358007342538,1369200
2015-11-17,131.20640563964844,132.52389521832112,130.7220346883986,130.78015683745605,1696700
2015-11-18,133.42478942871094,133.6379137840216,131.30324275291613,131.438865998857,1504500
2015-11-19,133.10508728027344,134.24821003208905,132.87259876126402,133.47321381113628,1562200
2015-11-20,133.53134155273438,134.07383449565333,133.12447184554517,133.9672723260211,2780100
2015-11-23,133.2987823486328,134.2675234564519,132.785350744034,133.49252761383337,1819000
2015-11-24,133.64756774902344,133.79287304379565,131.94257345398717,132.32038200221535,1263000
2015-11-25,134.32569885253906,134.6066273812679,133.31819942285733,133.4925805779962,1085500
2015-11-27,135.5850830078125,135.90475473291872,134.3063369800918,134.3063369800918,643700
2015-11-30,134.07382202148438,136.26318734262634,134.0350788642337,135.90474292439978,2609600
2015-12-01,134.02537536621094,135.30410629678468,132.87257076295816,134.51942814682482,2719200
2015-12-02,132.49478149414062,134.52912981190087,132.26227820847268,134.19007914985207,1534000
2015-12-03,128.42611694335938,133.31825156681325,127.66080258738849,132.46576877191237,2367600
2015-12-04,132.78538513183594,132.86287143253003,129.21072715315375,129.4044724685291,1877900
2015-12-07,131.29354858398438,132.68853886071054,130.72199458449413,132.57229459825797,1341000
2015-12-08,131.79727172851562,132.69819414414278,130.35384170679916,130.73165026525905,1548700
2015-12-09,130.18914794921875,132.70788134319733,129.82102151023827,131.18695034578403,1525000
2015-12-10,130.90603637695312,131.84571676246907,129.79197484454508,130.21822344603538,1056700
2015-12-11,130.1496124267578,130.97396389805928,129.04402016071097,129.2088874953207,1542400
2015-12-14,131.32310485839844,131.47827934424623,129.38346818006127,129.81019061701602,1452500
2015-12-15,133.34030151367188,133.99007789225539,132.1959084123715,132.1959084123715,1726800
2015-12-16,136.21090698242188,136.49216243129896,134.11609698388773,134.4943253337693,1699000
2015-12-17,133.99000549316406,136.27877566081858,133.9318188038729,136.0460141054115,1863400
2015-12-18,130.45021057128906,133.29178493490127,130.45021057128906,133.11721000420343,2716600
2015-12-21,133.3985137939453,133.48579389176538,131.48797050653317,131.66253070217329,1325900
2015-12-22,135.31869506835938,135.48356234125367,133.05901750766557,133.93186252670566,1250700
2015-12-23,136.76368713378906,137.18070161399532,135.42533406104755,135.77446900183912,1534800
2015-12-24,137.05467224121094,137.47168683356173,136.50186893702866,136.68613670508944,370700
2015-12-28,136.45339965820312,136.9480163453948,136.28853236188905,136.715254680937,835700
2015-12-29,138.71307373046875,139.16888939527485,137.12257272930984,137.3068405254973,1416200
2015-12-30,138.54820251464844,139.31435223692705,138.20876028936448,138.7227626545669,1057500
2015-12-31,137.56869506835938,138.88764819636773,137.55898741706773,137.6850684978678,1145000
2016-01-04,134.56227111816406,135.9200106371731,133.17543823790845,135.24114087766858,3287500
2016-01-05,134.32948303222656,136.68614841783474,134.19370910700724,134.80469916961823,3184400
2016-01-06,133.3014678955078,134.27128579914663,132.42863770153158,132.42863770153158,2300800
2016-01-07,130.2562255859375,131.17754953088212,129.12154054238525,130.92540223173,2470900
2016-01-08,130.11082458496094,132.87479781651274,129.78108991984993,131.50736528219886,2148100
2016-01-11,130.80906677246094,133.14631708798902,129.3640325124461,130.28535672461686,2407000
2016-01-12,132.83596801757812,133.73789162300764,131.4491206307888,132.1764841054569,3088000
2016-01-13,129.73257446289062,133.84459383371023,128.98581036463793,133.2724046926953,2521200
2016-01-14,131.69154357910156,133.2141645245286,129.41248078331304,129.60644137045017,2871200
2016-01-15,128.75303649902344,131.11939486294992,126.70671986119345,130.5278052719683,3332600
2016-01-19,130.8381805419922,131.55583655901341,128.888836435052,130.5084458964283,3007200
2016-01-20,129.0343017578125,130.59570949792018,125.63023074028432,128.6560732890038,2917500
2016-01-21,127.70564270019531,129.57739936339348,126.79402609962611,129.44162541877677,2193500
2016-01-22,131.22604370117188,131.31332375129432,128.90817975903434,129.55795590702112,1930000
2016-01-25,130.66355895996094,132.13768628254866,130.22714387317245,130.66355895996094,1320500
2016-01-26,130.05258178710938,130.98359865171787,128.0838527024258,130.52778307070776,1721600
2016-01-27,131.7304229736328,133.06877697840326,129.315570051602,130.00414756372027,3308900
2016-01-28,124.30157470703125,128.9857975518078,123.3414569323478,126.91038756658835,4609900
2016-01-29,128.0741424560547,128.0741424560547,124.71858099378984,125.17439656555784,3189500
2016-02-01,126.74552917480469,128.1129762400275,125.72721721563343,127.29831779374067,1772100
2016-02-02,123.06023406982422,125.94059538407612,122.71109891663455,125.40719240027916,1838100
2016-02-03,122.24557495117188,124.07853057553682,119.47189458220299,124.07853057553682,2984400
2016-02-04,123.94274139404297,124.72829159386521,122.14857220319736,122.54620112847095,2319000
2016-02-05,119.4621810913086,123.4093400406517,117.63892592177972,123.16688554155415,4172100
2016-02-08,118.25961303710938,119.11305024048269,116.13570918205184,118.07534524354749,2958400
2016-02-09,120.69384002685547,121.6830584720621,117.08612349475258,117.37706443813052,2855100
2016-02-10,121.67337799072266,125.10653495410232,121.44062371837697,122.26496762390848,1584400
2016-02-11,119.57855224609375,120.53866991313542,118.5602404725695,119.15182999446476,1441900
2016-02-12,122.66256713867188,122.73045409343287,120.2186219690299,120.76171760711783,1574400
2016-02-16,123.57421112060547,124.54402914678971,122.60439309442124,123.86515948811048,2466400
2016-02-17,126.7552490234375,127.63778722922332,123.71002014920926,124.30160990494721,1832400
2016-02-18,125.77570343017578,127.40499062715456,125.38776733690786,126.32849201549043,1292900
2016-02-19,126.23152923583984,126.8134112251332,124.4373598061228,125.61084623497693,1303300
2016-02-22,127.4729232788086,128.00632631835197,126.38673148792266,127.04620084717389,937100
2016-02-23,125.82417297363281,127.6474204657429,124.95132803116097,127.07523148678936,1244200
2016-02-24,125.85330200195312,126.14425039858808,123.797284916908,124.50525540251968,924600
2016-02-25,126.62914276123047,127.03646454350448,125.18410862073002,126.07633940069903,1077700
2016-02-26,126.76490020751953,127.62803751926728,126.33817797730782,126.98795417394973,897200
2016-02-29,125.2907943725586,127.08494885926416,125.23260765814906,126.30910626947194,2237200
2016-03-01,131.1969451904297,131.6430678705823,125.78536032202847,125.92113421629324,2598200
2016-03-02,133.95120239257812,134.39732500052412,130.6538284665575,130.7702018433077,3278200
2016-03-03,134.4846954345703,134.843523452918,132.3414053813961,133.59246441715706,2122100
2016-03-04,136.0655059814453,136.73468295419093,134.2810439196253,134.59137807034287,2355700
2016-03-07,137.27772521972656,137.345604776904,133.14629153953803,134.53313881662493,3182900
2016-03-08,134.8822784423828,136.7734204316826,134.591330105972,136.00727078410628,2202500
2016-03-09,133.98036193847656,136.03638633250944,133.32089274671569,135.43508905962506,2588800
2016-03-10,133.7960968017578,135.92969342632944,132.57411665991592,134.7465142912196,2398700
2016-03-11,136.13587951660156,136.7572379465073,134.75724096319672,134.83491261872913,2036100
2016-03-14,135.6990203857422,136.47572230397006,134.81552176857852,135.54367703922523,1124300
2016-03-15,134.23300170898438,134.72815681140523,133.03883112344576,134.55339182985728,1524200
2016-03-16,135.0290985107422,135.3688953731829,133.45628806074413,134.26210009089627,1261600
2016-03-17,134.22325134277344,135.27179642212468,132.60189449668073,134.76693809184013,2386200
2016-03-18,135.92234802246094,136.66992508460535,133.74758512093186,134.80584894659196,3271800
2016-03-21,135.5631103515625,136.09707907793197,134.8349550181225,135.4368920198383,1280900
2016-03-22,134.80581665039062,135.90289383711672,134.34950483477334,135.09706690345976,1617100
2016-03-23,134.77670288085938,135.67960836949263,134.38834448707254,134.951453047295,1076600
2016-03-24,134.9708709716797,135.16504275607284,133.39804544507288,134.12620074731532,992800
2016-03-28,134.4951171875,135.80580245925438,134.09705546030287,135.52424082222018,827700
2016-03-29,136.06796264648438,136.19418098618303,133.68932470317026,134.35923002255683,1208200
2016-03-30,136.68927001953125,137.90286186321552,136.26209813461136,136.9319883882681,894300
2016-03-31,137.46597290039062,138.06792453360177,136.05820931293323,136.65044273012816,1165300
2016-04-01,138.51454162597656,138.8252283043252,136.10677912619948,136.12620074718532,1045500
2016-04-04,139.85438537597656,140.70874431660647,138.0194343353627,138.03884114662355,1852000
2016-04-05,137.26214599609375,139.18447201985066,136.85438076768222,139.18447201985066,1410400
2016-04-06,140.88352966308594,141.0777015042526,137.10683031710147,137.3107055652998,1714300
2016-04-07,137.91258239746094,140.32034450778602,137.31063075911433,140.24267285076212,1322700
2016-04-08,138.06793212890625,139.14560234687775,137.34948037880707,138.70869740401687,962000
2016-04-11,137.53404235839844,139.0874321856114,137.3301522586251,138.35927653756528,922600
2016-04-12,138.2815399169922,138.66019489803182,137.4077594752207,138.12621137723474,1139500
2016-04-13,140.82516479492188,140.87371141922998,138.82516831396637,138.87370012392466,1039600
2016-04-14,140.4077911376953,141.52430511039478,140.29129099995188,141.1068215928786,706100
2016-04-15,141.1067657470703,141.2329840559132,139.87376693897255,140.40773556854214,834700
2016-04-18,142.20388793945312,142.33010627517356,140.54368720832818,141.18446747748928,907600
2016-04-19,141.34950256347656,142.49514126646386,140.92231575267985,141.6213460222822,1312100
2016-04-20,142.1747589111328,142.58252412157665,140.77669829569206,141.5728219072907,1323100
2016-04-21,143.0582275390625,143.46599266380065,141.52424550922555,141.86404237266314,1329200
2016-04-22,142.5727996826172,143.63104839271475,141.39803606218393,143.17473659765324,1014600
2016-04-25,142.291259765625,142.9514616438486,142.03883791432798,142.46602475064472,1396700
2016-04-26,141.36891174316406,142.11648859625868,140.33006983431193,141.87377018552007,1794200
2016-04-27,142.8543243408203,143.44655776069752,140.93199898382292,141.36888909027408,1497800
2016-04-28,141.08731079101562,143.59215079247372,139.106721023004,142.92226067983054,3063500
2016-04-29,140.04849243164062,140.3688824416156,137.01937206729963,139.70868080502547,2205700
2016-05-02,142.2330322265625,142.49517233841402,140.75729968956966,140.78642472262422,1537100
2016-05-03,140.6504669189453,141.9708557316961,139.54367150343043,141.90290227677025,981700
2016-05-04,140.3397674560547,140.805782588262,138.8154889494242,139.05820732454214,982500
2016-05-05,140.91261291503906,141.5339715111438,139.60192745067627,139.98056761370324,1224000
2016-05-06,142.68936157226562,143.23304867476335,140.64081671612158,140.77673849174602,1257400
2016-05-09,143.16505432128906,144.1747565356114,142.50485244648127,142.99999274181843,1191200
2016-05-10,144.49514770507812,144.5533977620847,142.79611857538066,144.03883583938213,1471500
2016-05-11,143.66017150878906,145.58249713870285,143.64074988826505,144.66017015761605,972200
2016-05-12,144.58248901367188,144.91258246916595,143.28152199659175,143.9708339292791,1203300
2016-05-13,143.58253479003906,145.00001714620032,143.10680126471684,144.04855009555587,1531100
2016-05-16,145.864013671875,146.0484671595582,143.39798713049538,143.59215883261274,1473000
2016-05-17,144.4854278564453,146.55337871661658,143.74755438005062,145.81552005457857,1815800
2016-05-18,145.7378387451172,146.8155090488987,143.69899823060442,144.10676337063583,1715100
2016-05-19,144.09707641601562,145.20387186939783,142.65046923330735,145.1553252203002,1428000
2016-05-20,144.51454162597656,145.93200878927468,144.02910482483367,144.99997842711943,1420900
2016-05-23,144.5048370361328,145.08736717818132,143.56308836795665,144.51455525425968,994100
2016-05-24,146.29122924804688,146.66016596246865,144.45627870763468,144.89318368602076,1097600
2016-05-25,146.75726318359375,147.26210681076515,146.2135763147285,146.44657650746726,1311800
2016-05-26,146.79608154296875,147.42715825518496,146.12617640607783,146.53394152976034,914300
2016-05-27,147.69900512695312,147.7378335525364,145.97085130856695,147.10677163990917,1847600
2016-05-31,147.34951782226562,147.6893147568436,146.13592559657673,147.5728146437721,2177300
2016-06-01,148.60191345214844,148.98055357021548,146.2426976736589,146.88346300198765,1730000
2016-06-02,149.0776824951172,149.22330764674135,147.8737935890401,148.13593367632285,809600
2016-06-03,148.4174346923828,148.8154964029108,146.88345270726768,148.26210618345516,831700
2016-06-06,148.7281494140625,149.4174614679216,147.60193232920378,148.34950925105832,1015000
2016-06-07,148.2427215576172,149.13592366785235,148.08737819556976,148.7378618579902,1415600
2016-06-08,149.6504669189453,149.80581026160928,147.56309445394075,148.50484309910078,1395000
2016-06-09,149.66017150878906,150.30095169158977,148.55337610865905,149.12620283747847,1002600
2016-06-10,147.378662109375,148.8155513443372,147.00972528395977,148.5825362733865,1303100
2016-06-13,146.28045654296875,148.04918669629592,146.20270804417274,147.23284970245263,956800
2016-06-14,143.81201171875,145.6001978043311,142.97623376615613,145.52244929373956,1755900
2016-06-15,143.258056640625,144.4728491672655,143.11227264002196,144.21044982938827,1131800
2016-06-16,143.08311462402344,143.24832462333694,141.13944663820334,142.50973612716888,1335100
2016-06-17,142.12098693847656,143.22887692945218,141.72253150276407,142.96647763898204,1418500
2016-06-20,144.19102478027344,144.99764888573864,143.3941285066528,143.5593385288789,1264400
2016-06-21,144.7158660888672,145.86262357899312,144.21050804166808,144.7547329406442,1257900
2016-06-22,145.62933349609375,147.23285369382836,144.85186331606687,144.90045798275796,936000
2016-06-23,147.8548126220703,147.90340728407796,146.55255872271502,147.23283950379547,1136900
2016-06-24,141.2560577392578,144.6477484262553,140.5466083432831,142.50000389599737,3149400
2016-06-27,136.96054077148438,140.57576396978683,136.26083402475598,139.78858090433533,2842400
2016-06-28,139.1180419921875,139.23467216498847,137.51452169903294,138.3600125995314,2075100
2016-06-29,141.0714111328125,141.5476002486896,139.0597078611418,140.40084337558892,1998800
2016-06-30,143.5982208251953,143.61766166196497,141.04230687799347,141.48934232060074,2419800
2016-07-01,145.02674865722656,145.62929567549355,143.31632656858014,143.77308962463457,1433100
2016-07-05,143.10255432128906,144.55059229768653,142.50973499715423,144.0257936414309,1878200
2016-07-06,144.91014099121094,145.1725402738237,141.64477877416593,142.27646482337408,1869400
2016-07-07,144.861572265625,145.51269925984326,144.26875293820095,144.64776760137306,1331900
2016-07-08,148.38931274414062,149.098747301634,146.12493809698276,146.2318404135098,1153700
2016-07-11,148.0491180419922,149.32221760776085,147.7284111940576,148.7585672036367,959100
2016-07-12,150.03167724609375,150.41069176030058,148.15603067034934,148.914059698763,1188000
2016-07-13,150.43994140625,150.79951532519672,149.7499325798515,150.64401828980925,844200
2016-07-14,153.28732299804688,153.61775772102342,151.3145018036227,152.1891610176121,2033500
2016-07-15,152.6168212890625,153.9093624278943,152.33499592344293,153.9093624278943,1628200
2016-07-18,152.6265411376953,152.8889404843832,151.66442008584693,152.23779861871122,1098900
2016-07-19,152.22805786132812,152.51961099015546,151.1784754949546,151.86848407221237,679200
2016-07-20,153.24850463867188,153.64696013452988,152.13088664997332,152.3738451480804,686900
2016-07-21,151.8004608154297,153.3456732450216,151.33398466912084,153.09300175514792,1103200
2016-07-22,152.4710235595703,152.93749969040604,151.62553279199142,152.40300289605685,901900
2016-07-25,152.5584716796875,153.1221370849962,151.88790395907873,152.5779125085623,1119400
2016-07-26,154.41465759277344,154.64790302162154,151.89761184276904,152.57789247398568,1508200
2016-07-27,154.42445373535156,155.00756020692032,153.04445090358664,154.90065784809983,1536800
2016-07-28,154.3467254638672,154.77432008514435,152.15037052901013,152.7334770210462,1654700
2016-07-29,154.3661346435547,155.48375282661374,153.91909923354103,154.4633239913033,1438600
2016-08-01,155.06582641601562,156.1542757208911,154.1037202729595,154.27864327023892,1794000
2016-08-02,152.03369140625,155.28932593931438,151.49917981753558,155.03665447419843,1711300
2016-08-03,151.60610961914062,152.4127336485186,151.2854026077727,152.4127336485186,1039700
2016-08-04,152.01425170898438,153.24848487229667,151.84904173106193,152.20861551659854,893300
2016-08-05,153.07357788085938,153.3651310654781,152.40302483395058,152.88894186531147,935600
2016-08-08,152.1114501953125,153.36510943464083,151.76158938891712,153.0055356274321,833800
2016-08-09,152.26695251464844,152.82090504354227,151.84907098921133,152.13089634020253,584900
2016-08-10,151.61582946777344,152.93752440960677,151.2173887650603,152.37385886377962,687300
2016-08-11,153.02496337890625,153.11242486577748,151.45058247018608,151.83932490462644,781100
2016-08-12,151.1104278564453,152.4223944584266,150.6828186543754,152.35437381028208,864700
2016-08-15,151.57693481445312,152.0531387646663,150.91608005029997,151.30482250833373,959100
2016-08-16,150.6051483154297,151.56726951925367,150.6051483154297,151.23683461866938,861300
2016-08-17,150.31353759765625,151.15902828948583,149.34170376189536,151.08129463215155,916400
2016-08-18,149.03074645996094,150.11919577005287,148.43792714021237,149.8762372755495,2155800
2016-08-19,149.2542724609375,149.47779013624478,148.20468992656646,148.57399160412587,1498000
2016-08-22,149.65277099609375,149.9248834170467,148.962762110025,149.35148990309642,705900
2016-08-23,150.1969757080078,151.79078317241584,149.82767397377492,150.20668871137767,1064700
2016-08-24,146.9995880126953,150.14833513652562,146.5331119003158,150.0122789858729,1513700
2016-08-25,147.0870819091797,148.09778274494835,146.50397557726814,147.02875941278052,1358100
2016-08-26,148.06861877441406,148.73918656150198,147.18424633552974,147.64100947082125,1158300
2016-08-29,149.1862030029297,149.76930922119024,147.88394925502254,147.99085156740338,986700
2016-08-30,148.8461151123047,149.701319041158,147.7770916649735,149.468088346476,966500
2016-08-31,147.90341186523438,149.07932264559417,147.2911517287934,148.8558049882464,1053800
2016-09-01,146.6983642578125,148.52541723350657,146.16385250119856,148.35047937269994,1306000
2016-09-02,146.92190551757812,147.56331972834374,146.42627535235826,146.9705001994267,1104200
2016-09-06,146.74688720703125,147.12590175301503,146.4261803098134,146.98984562955945,1498000
2016-09-07,146.260986328125,147.16478464066785,146.05689470615994,146.38732946691323,1527300
2016-09-08,146.4067840576172,146.98017737939804,146.14439955828723,146.16382556111998,1399400
2016-09-09,139.6331024169922,144.33679026101672,139.6331024169922,143.91889392868973,2995200
2016-09-12,142.27650451660156,142.62636538135598,138.98198755225232,139.15692539913522,1932500
2016-09-13,141.20640563964844,141.89712214161884,139.22183704456285,141.3036946717757,1933900
2016-09-14,143.8330078125,143.8524537363481,141.0701576717511,141.0701576717511,3221700
2016-09-15,145.92459106445312,146.71258148112645,143.9302853510622,144.33887242473662,2085500
2016-09-16,145.9732208251953,146.3039796356003,144.9031013277491,146.08995573611108,1985500
2016-09-19,145.92459106445312,147.1698130539991,145.83703987242654,146.0996934485063,1058900
2016-09-20,147.50057983398438,148.3858592966861,146.37210755064075,147.25737216912464,1488200
2016-09-21,151.1973876953125,151.3919509206214,147.98704252293663,148.3178163346066,1791200
2016-09-22,153.3765411376953,153.8143121248876,151.45032504329197,152.16050237092597,1599000
2016-09-23,153.3765411376953,153.85321883396603,152.45235464379527,152.5885503919045,1626200
2016-09-26,151.917236328125,152.71494973405325,151.38217650720009,152.71494973405325,1650500
2016-09-27,154.56332397460938,154.69951965911002,151.5961878006138,152.1993379970857,1874200
2016-09-28,154.32989501953125,154.7676659603313,152.87064865404997,154.7676659603313,946700
2016-09-29,151.81997680664062,154.94277029935165,151.1195374221862,154.32015916252777,1473900
2016-09-30,154.73843383789062,155.19566541031477,152.44255301362654,152.44255301362654,1985900
2016-10-03,154.7967987060547,154.89408770272593,153.2889231671677,153.65858869724156,1304500
2016-10-04,153.28890991210938,155.10809820766377,152.2187904181271,154.66058964357606,1124700
2016-10-05,153.97967529296875,154.48555152270097,153.3959708091068,154.10614806145722,1171500
2016-10-06,154.1352996826172,154.20339011315352,152.9387220686861,154.20339011315352,998100
2016-10-07,153.91152954101562,154.6800591525195,152.73439803110415,154.6800591525195,1087000
2016-10-10,154.78712463378906,155.75023256585297,154.24234170647992,154.91359740056492,927800
2016-10-11,150.6914825439453,152.33556894441725,149.61163977964966,151.7616023443175,2697500
2016-10-12,149.62139892578125,151.04172376059262,149.41709790049427,150.77907009922316,1088600
2016-10-13,147.8994140625,148.97925646990763,147.00441181808696,148.59985318320847,2191800
2016-10-14,147.58815002441406,148.77498980561745,147.38384904873206,148.73608310960188,1477900
2016-10-17,146.68341064453125,147.72434661085111,146.21645606845854,147.72434661085111,1614000
2016-10-18,147.54922485351562,148.1815736909004,146.95579755540695,148.05510095457987,1727300
2016-10-19,147.67572021484375,147.89946714519846,146.90717556068165,147.00446457955942,1859500
2016-10-20,147.53952026367188,147.98701411154767,146.98499959156783,147.6854389435836,2005200
2016-10-21,146.5666961669922,146.6931540806123,145.69113951491408,146.6056028686706,1589500
2016-10-24,148.9501495361328,149.23226398431888,146.8585689005994,147.60763805526213,2098500
2016-10-25,143.9497528076172,146.56666963736535,143.73572887657488,145.29226385793385,2431300
2016-10-26,144.0178680419922,144.11515706166722,142.17921838620805,143.1715099788564,3958100
2016-10-27,145.16580200195312,149.11549237119206,144.4945464264898,147.86054726713974,2999800
2016-10-28,143.21044921875,145.67171030958224,143.04505489602312,145.43822554004615,1805900
2016-10-31,143.03529357910156,144.37780466658361,142.96720315054915,143.44388068307043,1345800
2016-11-01,142.05270385742188,143.9789039566785,140.4183410124357,143.9789039566785,1900600
2016-11-02,141.8386993408203,142.96718635879228,141.5663079701673,141.7997778054605,1791000
2016-11-03,142.1111602783203,142.86024433641913,141.7414797325166,141.86795251802286,1821200
2016-11-04,142.5878143310547,143.66764224474704,142.23759465702324,142.23759465702324,1365700
2016-11-07,147.6854705810547,148.249714337953,144.14436636249033,144.8350828985519,2027200
2016-11-08,148.41510009765625,149.8548858708728,146.48889880768326,147.2963503468058,1620000
2016-11-09,147.91896057128906,152.75393196128763,145.38959396430437,150.43858936770425,2441500
2016-11-10,150.1564178466797,151.37245616793814,148.71661778647288,149.62135801648242,2247900
2016-11-11,147.1406707763672,149.4170914756827,146.5667041190923,149.22252826829373,1766300
2016-11-14,143.99842834472656,148.89176639288254,143.71629908199245,148.37616722357774,2517100
2016-11-15,144.62100219726562,145.00040554179586,143.06446728194226,144.4556227746978,2114300
2016-11-16,145.42845153808594,146.0413247211763,144.59181662946688,144.83502427913268,1591500
2016-11-17,144.8350372314453,145.7981301099506,144.38752858458497,145.52573870550282,1552100
2016-11-18,141.84844970703125,145.14634536563435,141.67334729673232,144.7280352671074,2631700
2016-11-21,142.19869995117188,142.51973594997682,140.80755880057293,142.51001298427573,2975500
2016-11-22,139.11474609375,142.5682969551299,137.89870810342003,142.5682969551299,3277500
2016-11-23,139.61093139648438,139.70822040625077,137.6166402942423,138.2392513617784,2582700
2016-11-25,140.2626953125,140.29189388437544,138.8423710856638,139.57199396559372,803900
2016-11-28,136.5076446533203,139.48450495523997,135.73909989780228,139.05645696647886,3667300
2016-11-29,137.43182373046875,138.1419861224628,135.94339365908132,136.8773029989763,2576600
2016-11-30,136.30325317382812,138.5504887793404,136.13787380504718,138.17108555820474,2166600
2016-12-01,135.83639526367188,136.83840999125923,135.2916122868348,136.65356972892747,2703400
2016-12-02,138.05441284179688,139.27045125768709,135.5347848066849,135.8071762243068,3166100
2016-12-05,137.538818359375,140.91454230277625,137.30533363176514,139.16344395625092,2920800
2016-12-06,139.68873596191406,140.49618710463346,137.44149975281388,137.72362892679172,3759200
2016-12-07,137.99606323242188,139.03698453214656,136.25468768273487,138.99807782925907,2413500
2016-12-08,139.18284606933594,139.87354730889584,137.15935714884145,137.92788659813726,1819400
2016-12-09,141.45928955078125,141.69275937540692,139.84438732411363,139.90275478027004,1620400
2016-12-12,141.23558044433594,142.0819534064703,140.35031562256688,140.35031562256688,1390800
2016-12-13,142.08282470703125,142.6476519992789,141.41088960066347,141.75172366454717,1254300
2016-12-14,140.03775024414062,142.20940238677804,139.48265607437523,141.76144573077238,1657300
2016-12-15,139.7455596923828,140.55384589744511,139.1320378459886,140.2324780188371,1849300
2016-12-16,138.81069946289062,141.5082317253178,138.52829331174937,139.7261084886684,2710500
2016-12-19,137.55453491210938,139.65802729547156,137.03840227076304,138.61601412849484,1591400
2016-12-20,138.0900421142578,138.8593665416504,137.02856371535563,137.875796859122,1871300
2016-12-21,137.0870819091797,138.09013314693155,136.74623290779377,138.0317052860261,1502600
2016-12-22,136.84356689453125,137.39864620682434,136.22031186587353,137.2623096336671,1191100
2016-12-23,138.1290283203125,138.27511277739123,136.22031623489252,137.16493925762626,1047700
2016-12-27,138.6841278076172,139.44371946281055,138.15824751736145,138.45040158310653,879500
2016-12-28,137.5252227783203,139.04440568389157,137.41810014474444,138.8301604167398,1015300
2016-12-29,137.7784423828125,138.65490452084256,137.3110048249397,137.32073784463026,771600
2016-12-30,137.40841674804688,138.61596520671603,136.77541373575548,138.4406816664219,1063200
2017-01-03,139.91111755371094,140.06693499272896,138.50879032168643,138.66460776070446,1966400
2017-01-04,141.3621826171875,142.23862997416967,139.54109732099144,140.18383330788416,2167200
2017-01-05,141.57640075683594,141.95619651986604,140.99209272468016,141.57640075683594,1683500
2017-01-06,143.41696166992188,143.6312069725739,141.34268435768723,141.47902092668653,2016200
2017-01-09,143.63113403320312,144.75103993415564,143.16368186867052,143.16368186867052,1967200
2017-01-10,143.91357421875,145.41329093182236,143.44613680279062,143.93305511178883,1806600
2017-01-11,142.3944549560547,144.4492517305018,140.10593193964175,143.9233714009722,2764300
2017-01-12,142.15097045898438,143.144288236542,141.33295104667647,142.3554678822756,2239600
2017-01-13,142.46255493164062,143.18319939167148,141.7127114208652,142.26779057636867,1839600
2017-01-17,141.25503540039062,142.0535738753535,140.76811698457374,141.8588094809409,1651500
2017-01-18,140.875244140625,142.18018197049545,139.80401764770372,142.0243645061485,1377100
2017-01-19,140.54412841796875,140.93365717836863,139.68714731360538,140.60255624607177,1435900
2017-01-20,139.7553253173828,141.34268418705048,139.57030879219903,141.11870586530162,1750000
2017-01-23,139.05413818359375,140.64149678624,138.8399077768092,139.41446787313512,1508600
2017-01-24,137.29156494140625,139.90145637666802,136.33720864159648,139.4826986517176,2988500
2017-01-25,138.70362854003906,139.2782037948905,137.0870700431287,137.79796705524103,2224900
2017-01-26,139.3560791015625,139.71639403251137,138.2556385486777,138.79125186466467,2934000
2017-01-27,141.64456176757812,142.0438384280187,139.99877517272307,140.24223437646918,2107800
2017-01-30,139.5410919189453,141.75170598609333,138.9275847366378,141.7224920659631,3158600
2017-01-31,148.40301513671875,148.51013779770986,142.2581062388173,142.81318558426364,5340700
2017-02-01,148.93853759765625,151.04202773434173,147.51672995168443,148.28606900943288,3601900
2017-02-02,147.7017822265625,148.4224265960312,146.29945526952392,148.4224265960312,1751200
2017-02-03,147.4680938720703,148.38350280671952,146.4553101768738,148.1692575301178,1817100
2017-02-06,148.1011505126953,148.1693113838953,146.48457733243723,147.107832492834,1624900
2017-02-07,149.0067138671875,149.1917451751876,147.81863217751194,148.13999999779128,1479300
2017-02-08,149.48399353027344,150.19489044631626,147.721350772367,148.39330074296663,1467100
2017-02-09,150.69154357910156,151.20767600324584,149.36712465725105,149.48398034284645,1505000
2017-02-10,150.8376007080078,151.42190880679465,150.2338265696144,150.63308841556076,1482900
2017-02-13,152.25936889648438,152.69759242491415,150.44803210068213,150.94468345162676,1635900
2017-02-14,153.16506958007812,153.21376439798976,151.3537323145988,151.86013167365005,1429700
2017-02-15,154.11940002441406,154.22652266221354,152.385971783346,152.39571966105396,1423300
2017-02-16,153.58383178710938,154.40185125808972,153.3208916501612,153.87597098419337,1252700
2017-02-17,154.48948669433594,155.13222262076025,153.27219055773168,153.49616888618672,1207400
2017-02-21,154.47975158691406,155.23934317712357,153.82728264966087,154.48948460642944,1242200
2017-02-22,153.88571166992188,154.9374573089747,153.5643437085803,154.1973317521013,1283000
2017-02-23,154.57713317871094,154.95692899056732,153.57408232022937,154.4407966016233,1124900
2017-02-24,154.82052612304688,154.82052612304688,153.45716093593094,154.19727134328443,832800
2017-02-27,154.3336944580078,155.12250010597526,153.88573772785134,154.2168387648495,1220200
2017-02-28,153.55458068847656,155.08351160898945,153.3987780925354,154.060979989104,1674200
2017-03-01,155.6385955810547,156.6805931703084,154.75240057759058,155.2977467767779,1722600
2017-03-02,155.0348358154297,155.81390832898907,154.82059050271155,155.81390832898907,1414300
2017-03-03,155.9697265625,156.22291881532053,154.5089711648083,154.5673990031844,1204000
2017-03-06,153.58383178710938,155.122481090327,153.42801430894954,154.55766873624955,1413400
2017-03-07,153.1455841064453,153.80780091920414,152.49311517272093,152.88265884480603,1166700
2017-03-08,153.37933349609375,153.8273050718187,152.54183304897023,153.27221082752305,1105400
2017-03-09,153.65196228027344,154.09993372655708,152.97027952251105,153.59353445240376,1102500
2017-03-10,155.1614227294922,155.29775929027466,154.01228755183644,154.04150146774907,1206300
2017-03-13,155.02491760253906,155.28810542860543,153.67976678018144,155.28810542860543,1324300
2017-03-14,154.3426513671875,154.69356364444243,153.97225470544547,154.48887349229634,1036500
2017-03-15,156.98423767089844,157.5788385959543,154.36214531079273,154.58633471328332,2548200
2017-03-16,154.03074645996094,155.47337929445533,152.8902852117211,154.04048865276448,3208700
2017-03-17,153.90399169921875,155.0736941571026,152.43211771768537,154.53757619244683,2654100
2017-03-20,152.78305053710938,154.40113196640067,152.41263900731252,154.14770110966245,1280600
2017-03-21,151.6133270263672,153.7188005748911,150.46312371426578,153.49461117692772,1593400
2017-03-22,151.40858459472656,152.5490453212455,150.4338303115237,151.8569632358007,1309600
2017-03-23,150.74574279785156,152.01292633106192,150.13165771814624,151.37934200124167,1643400
2017-03-24,150.15118408203125,151.7400387553703,149.81002891425643,150.53133776094117,1939000
2017-03-27,150.6873016357422,151.42812460949094,148.75729180004086,149.56633985772365,1418600
2017-03-28,150.736083984375,151.45740790190433,149.6638477385311,150.736083984375,1113900
2017-03-29,150.09271240234375,150.68731331619725,149.0789741407055,150.4533817262058,1075000
2017-03-30,150.02450561523438,150.80431238201305,149.57611189042413,150.20971139562172,1054200
2017-03-31,149.72227478027344,150.2583777763187,149.35186336607106,149.51756982148498,1219100
2017-04-03,150.67758178710938,151.29168200144375,149.62484493692597,149.7223263553707,2084800
2017-04-04,148.86453247070312,151.04798825780583,148.65982744827213,150.57035312118393,2701200
2017-04-05,148.9035186767578,150.19994417827687,148.77681068314308,149.40065307968993,2013000
2017-04-06,149.08871459960938,149.64433186653156,148.35764864223282,148.92300810076637,2431000
2017-04-07,149.24468994140625,149.82954869997963,148.71832895755105,149.20570629850351,1323700
2017-04-10,149.5760955810547,150.85302177155347,149.35190617988303,149.35190617988303,1019600
2017-04-11,149.01071166992188,149.81001747785834,148.07495570415125,149.03021092400087,986000
2017-04-12,148.61109924316406,149.08871949858977,147.90927471113497,149.00099515048,1253700
2017-04-13,148.33819580078125,149.09851831804843,147.93855758961806,148.10426414031102,934600
2017-04-17,149.8197479248047,150.0341950821458,148.48433915973905,148.9132334744213,1274500
2017-04-18,149.40061950683594,149.9952203194259,148.45510649544582,149.17641527317707,886600
2017-04-19,150.56057739257812,150.75552530592296,149.0594472253209,150.08294236234676,1291100
2017-04-20,151.43785095214844,151.92522817394686,149.93673565338116,150.8627494000837,1592700
2017-04-21,151.1259765625,151.89604117817436,150.6873398803651,151.35018087386624,1992300
2017-04-24,153.36785888671875,153.66028819127249,152.09093295952545,152.57831017592426,1198300
2017-04-25,154.80078125,155.4051243643332,154.1281981718806,154.43036972904721,2171300
2017-04-26,163.7685546875,163.875778314433,156.92578644584998,158.03700636425643,4182900
2017-04-27,162.4916229248047,164.49961544217086,161.8092975364149,164.4216332729866,2287900
2017-04-28,161.15618896484375,162.39413154182392,160.61032873758262,162.32589157662846,1507000
2017-05-01,162.4136199951172,163.31039251573932,161.82877611135982,162.16993132515762,1431200
2017-05-02,163.0276641845703,163.27135277079537,161.5655326672199,162.39407980981352,1561700
2017-05-03,164.0707244873047,164.35339681668867,162.69631673834095,163.02772977929513,1785200
2017-05-04,165.8251953125,165.94217594150913,163.86594454104588,164.1096331139239,1247400
2017-05-05,166.74151611328125,166.8292404558435,165.35736639419264,165.78626078926297,1681300
2017-05-08,166.08840942382812,167.33609392455813,165.50355080692296,167.10214750308157,3636100
2017-05-09,167.7747344970703,168.8372281725271,166.68301425099307,167.33609796059804,1806500
2017-05-10,166.65380859375,168.3108885726908,165.90324332661038,166.62456714327743,1860100
2017-05-11,166.69276428222656,166.75126204693765,165.18190668259462,165.59130179413103,1126900
2017-05-12,167.18988037109375,167.71624120750283,166.10790238232389,166.39057461651964,1107400
2017-05-15,167.91122436523438,169.1491668889672,167.05345041939452,167.17041621346928,2280300
2017-05-16,167.9209747314453,168.3985949539131,167.44333963540308,167.9891998174088,1482300
2017-05-17,166.65380859375,168.6325594014649,166.5270857259849,167.92099265067273,1368000
2017-05-18,167.4043731689453,168.8859895653507,166.55632648801847,166.71229080561145,1553200
2017-05-19,167.19967651367188,168.3401377552122,166.90724712193872,167.7747782308152,1130900
2017-05-22,167.7552490234375,168.0281790831782,166.48806524688558,167.02418317622363,1044400
2017-05-23,167.4920654296875,169.25636867289896,167.41408328583185,169.01268005093996,1078700
2017-05-24,167.9794464111328,168.0866700021234,166.95595120141772,167.47256990157967,827900
2017-05-25,168.53500366210938,168.70072497314064,167.61874716206827,168.1158664744536,764200
2017-05-26,169.0419464111328,169.1784114646008,168.5155854544921,168.934722806724,683300
2017-05-30,168.87623596191406,169.1979067676229,168.06718785184182,168.79825380838693,1114200
2017-05-31,168.42788696289062,169.97775850569334,168.4181447687068,169.39289963592867,1836500
2017-06-01,170.40664672851562,170.40664672851562,167.9795018443563,168.4278807375013,1014500
2017-06-02,171.9369659423828,171.9369659423828,169.77300950722858,170.5820576224957,1074500
2017-06-05,171.98570251464844,172.38535546684605,170.88422506664153,171.81023895390877,874300
2017-06-06,171.6250457763672,172.122165256917,171.3033749806322,171.55680581655622,1443000
2017-06-07,171.8882293701172,172.0539358738203,171.0889383008683,171.64454071051105,897800
2017-06-08,170.39682006835938,171.90769241436038,169.46106414179528,171.8881931610984,2016400
2017-06-09,170.5137939453125,171.5275469331083,169.6755193716429,170.87446321672687,1238400
2017-06-12,169.00291442871094,170.76721742730612,167.69673229219407,170.5722695314826,1695200
2017-06-13,170.66143798828125,170.82730283290078,169.1004893244623,169.28585542078275,912100
2017-06-14,170.31024169921875,171.0614418454194,169.53951052785433,171.0614418454194,1337300
2017-06-15,169.8810272216797,169.98834368729462,168.36884607399887,169.57859396943485,1150400
2017-06-16,170.59320068359375,171.03221715065615,169.75418515003764,170.30051807673357,1944700
2017-06-19,171.94924926757812,172.39803116322355,170.81755134504,171.33461740014823,1154800
2017-06-20,171.38340759277344,172.602905866377,170.98340858628262,171.74437431809497,1299600
2017-06-21,171.3151092529297,172.56387419083973,170.81754447114602,172.18339135642108,1348000
2017-06-22,171.18829345703125,172.066326272835,170.04684484190483,171.73462631010503,964500
2017-06-23,170.18336486816406,171.46139622204143,168.97361765234095,171.46139622204143,1633700
2017-06-26,169.00291442871094,170.72972784425625,168.71999742975026,170.7199772189303,1297100
2017-06-27,169.46148681640625,170.04685197580216,167.92980463809883,168.7493039520896,1207800
2017-06-28,171.48098754882812,171.9687868984914,169.5297901501751,170.3590401127298,1009900
2017-06-29,169.64682006835938,171.80289927161004,168.9736547314519,171.31510002880188,1252100
2017-06-30,170.21266174316406,170.9346099509633,169.7346131464043,170.16387884366597,819700
2017-07-03,170.1541290283203,171.90044370163764,170.1541290283203,171.05167781484414,612300
2017-07-05,171.45169067382812,172.13460666615356,169.97852736918452,170.33950894734036,1186800
2017-07-06,170.768798828125,171.5004978913884,170.0370997648616,170.51514851198434,2290600
2017-07-07,173.15896606445312,173.64676526639502,171.11995408663384,171.5102023800575,1345700
2017-07-10,173.33460998535156,173.93947638338196,172.42731038830595,173.46144257324335,1492500
2017-07-11,174.2809295654297,174.768728854953,172.5736320520981,173.3150816130505,2127100
2017-07-12,175.8028564453125,176.31017186157555,174.69067468926247,174.83702340422715,1101600
2017-07-13,175.63702392578125,176.2906732354918,174.93459170623623,176.16385553366703,927400
2017-07-14,176.5345458984375,176.84674456446615,174.99309847943744,175.4711471043744,871900
2017-07-17,176.37847900390625,177.94919347591653,175.8419116384713,176.66141095783635,1297300
2017-07-18,174.97361755371094,176.544331919309,174.48581824621405,176.1931158224531,1433300
2017-07-19,175.75405883789062,176.23210744846085,174.87602616736305,175.66625854812813,932300
2017-07-20,177.1199188232422,178.31015023906645,176.69065308160688,176.69065308160688,1109800
2017-07-21,177.73452758789062,178.39794230885815,176.64186203153434,176.86624551833214,786800
2017-07-24,177.71502685546875,178.40769345609317,177.17844470160014,177.69551071720488,805600
2017-07-25,175.73458862304688,177.8321197544458,175.1199567132571,177.33456980480176,1440700
2017-07-26,170.7882843017578,172.4272976500961,166.02735848807623,170.8956007405565,3944000
2017-07-27,170.99317932128906,172.68096081528788,170.07611420970292,171.55902832389444,2479100
2017-07-28,171.67613220214844,172.1931984058784,169.29566860722554,171.02248275378145,1326900
2017-07-31,171.246826171875,172.7297402562869,171.02244265539312,172.30047447765816,1266500
2017-08-01,171.18829345703125,172.1931588588892,170.84682798063324,171.8614588961592,1382400
2017-08-02,172.13461303710938,172.28094686714795,171.22729863151213,171.5785147100574,1370000
2017-08-03,171.45169067382812,171.9199737990724,170.61267534427054,171.70534093199126,933100
2017-08-04,172.02732849121094,172.59317754968225,170.88587974594233,171.63708006133996,752100
2017-08-07,173.0223846435547,173.10041941658304,171.3931221924178,172.04678622974598,791800
2017-08-08,169.7444305419922,172.5346435405943,169.68588211282815,172.20292865448644,1648700
2017-08-09,169.03221130371094,169.7639102676791,166.10541544783825,166.10541544783825,4284600
2017-08-10,167.54925537109375,169.15898659201076,167.12974036622327,167.73460654123116,2266700
2017-08-11,169.00291442871094,169.8516951984947,165.92003465676876,167.4517164741885,2202600
2017-08-14,169.78338623046875,170.97361745444854,169.48095311209602,170.68093496083137,1182400
2017-08-15,169.3249053955078,170.98342018280252,169.12978863578863,170.48587021255045,992500
2017-08-16,171.1590118408203,171.7053446464995,169.59804820763478,169.70536464349695,1268500
2017-08-17,168.6712188720703,171.43216432836815,168.6517027344652,170.9248489557942,1159800
2017-08-18,168.3590545654297,170.10536947845856,167.9492900606088,168.34928905227258,1182700
2017-08-21,169.76390075683594,169.89073333381654,168.30050291088492,168.57366931787953,1184900
2017-08-22,172.47608947753906,172.54438853277176,169.91027499173893,170.29075789337196,1271600
2017-08-23,171.5199737548828,172.95410477300433,170.8858406702232,172.00777301583702,2168700
2017-08-24,171.66635131835938,172.32975127926295,171.25658677020766,171.52976809779366,1177000
2017-08-25,172.89559936523438,174.24193030811523,172.1541497271089,172.23218452147623,1537700
2017-08-28,174.07603454589844,174.37848258783978,172.9053193142011,173.46141760896714,1462200
2017-08-29,176.1150360107422,176.27112044872797,172.9638423052862,173.35409061637796,1549500
2017-08-30,178.4857635498047,178.8467451599668,176.0272508729982,176.5540824612549,1445300
2017-08-31,182.57350158691406,182.96373502996593,178.49550702715106,179.01257303809803,2035500
2017-09-01,181.46136474609375,184.1540118961054,180.89551569330655,183.62719512914097,1404800
2017-09-05,181.4808349609375,181.94911806711292,180.36865327973868,181.33448625582227,1190400
2017-09-06,184.78811645507812,184.86616612187356,182.46618724888177,182.8174033062354,1516600
2017-09-07,185.93934631347656,186.2905624289465,184.24181416075047,185.363746672873,1619100
2017-09-08,186.9539794921875,187.58811267852073,185.14911598269384,185.93934853030905,1545800
2017-09-11,188.84661865234375,188.94416957556697,187.38322082592296,187.52955465398404,1521000
2017-09-12,189.30514526367188,189.5588104262914,187.9002957882279,189.28564400997286,1000900
2017-09-13,186.7978515625,189.14904759044,186.43688487038838,188.9246492104957,1302100
2017-09-14,187.15908813476562,187.4617583817867,185.15754033908567,187.28602013440232,1287300
2017-09-15,186.1241912841797,188.272188148949,186.07537012627284,186.25110841698663,3274900
2017-09-18,187.3250732421875,187.4422320769855,186.27059903463817,186.63184870734696,1750700
2017-09-19,185.13803100585938,187.73516133574338,184.82560245161045,187.50082874646384,1215500
2017-09-20,184.1421661376953,185.6750491196213,182.99004943515297,185.0501770617064,1194400
2017-09-21,183.46844482421875,184.79629960618053,183.2634019609067,183.45867165569933,921600
2017-09-22,183.84925842285156,184.6401105102562,182.88265315039845,183.68327840804906,912200
2017-09-25,182.89244079589844,184.6401251238329,181.5841022200443,184.25934390723674,1916100
2017-09-26,183.2341766357422,185.36265728181104,183.13654920310327,184.83541253267458,1384200
2017-09-27,184.01519775390625,184.64006968835605,182.82403330102977,183.8003966297402,1410200
2017-09-28,182.04295349121094,183.9859220263077,181.65241408929995,183.3512768755483,1002200
2017-09-29,184.72799682617188,185.08926150197283,181.94536940433693,182.29686090898338,1703200
2017-10-02,187.01268005371094,187.01268005371094,184.75728248927226,185.32357517311695,1414300
2017-10-03,185.8312530517578,187.75469019689962,185.0599176006357,187.0126444567696,1023100
2017-10-04,188.9361114501953,188.9361114501953,186.20230533821777,186.20230533821777,1114400
2017-10-05,188.85797119140625,188.89703407157154,187.40319921490757,188.78963349830246,1021800
2017-10-06,188.64321899414062,189.53169855360727,187.40323304223213,188.80919901949432,974900
2017-10-09,188.69203186035156,189.39501487358766,187.82306881595233,188.8287221741404,593500
2017-10-10,188.0866241455078,189.26803028507257,186.98332885714848,189.09227714533,894900
2017-10-11,188.8872528076172,188.94583222261068,187.81324720566357,188.0475797637594,762900
2017-10-12,188.81893920898438,189.0923198008118,188.34051572422396,188.92633979135408,876500
2017-10-13,187.87185668945312,189.53167160511612,187.37391668419147,189.10206929557705,852100
2017-10-16,186.75885009765625,188.81897813095514,186.25113679469493,188.23315394306687,1244100
2017-10-17,184.3081512451172,186.29992632913377,182.2284921191492,186.00701428492167,1893900
2017-10-18,184.7474822998047,185.06968400706802,183.26340577189808,184.53268116162914,1372500
2017-10-19,187.89137268066406,187.90113095121512,184.79630252995733,185.1575522159454,1691700
2017-10-20,189.2777862548828,189.83430557804235,188.2818915367662,188.60409320727808,1258500
2017-10-23,189.77577209472656,191.28913852620263,189.46334351620808,190.07844240139679,1313400
2017-10-24,189.7855682373047,190.73264215559686,188.62369312735075,189.98083798478078,2176900
2017-10-25,194.95046997070312,196.23927675480235,192.33382332146778,193.69096779362664,2120000
2017-10-26,195.63394165039062,196.444325109707,192.99776328885642,194.9993113608427,2942500
2017-10-27,187.87185668945312,196.30763645546168,186.7197549485294,195.2726935632762,3777100
2017-10-30,187.48129272460938,188.31119262476406,185.81170485797915,187.1786224728987,1741800
2017-10-31,189.2484893798828,190.8790142096537,187.266473186333,187.5203222664597,1543000
2017-11-01,189.6000213623047,190.6935436624988,188.6529476208423,190.5275636632282,1056600
2017-11-02,186.75885009765625,189.63912007549638,186.4952277232937,189.3950291468976,1797700
2017-11-03,189.1313934326172,189.91247236901285,186.82717481474822,187.10055542211185,816200
2017-11-06,188.95562744140625,189.9417492155773,188.33075539574966,189.43405092094204,1066000
2017-11-07,188.64321899414062,189.4828922917763,188.17455373630236,188.9263578848907,796600
2017-11-08,189.2777862548828,189.5902147577868,188.15497444095584,188.15497444095584,981900
2017-11-09,187.35435485839844,189.37543406010113,185.70429848169354,188.84818953003878,1052400
2017-11-10,181.77932739257812,187.37390030063852,180.1390440611689,187.1395677255274,3009200
2017-11-13,183.7613983154297,184.34720753210448,180.87135552620524,181.1447361402787,1786900
2017-11-14,184.61082458496094,185.7336367250166,182.94123633429595,183.37083868642617,1421300
2017-11-15,184.05429077148438,185.39191898986937,183.46848156977902,184.64987314366655,1090800
2017-11-16,186.10464477539062,186.47566766769577,184.55223040725787,184.58152012000568,982800
2017-11-17,185.67507934570312,187.05175571085357,185.0697386311522,185.0697386311522,1151900
2017-11-20,186.48541259765625,187.36413371347436,185.3528274586863,185.47000119941922,1373800
2017-11-21,188.3698272705078,188.4772278653256,185.78246962006963,186.8271858513089,1757100
2017-11-22,188.19407653808594,188.67250004669606,187.62778388446344,188.4381674285374,1005500
2017-11-24,188.9361114501953,189.18020234577372,187.75471985854628,188.4381713865407,374500
2017-11-27,189.3363800048828,189.3559114434562,187.81325555485435,188.4576589446733,1731600
2017-11-28,191.6602325439453,191.71881199302007,189.83442195837563,190.33237707177213,1650500
2017-11-29,188.06712341308594,192.51933837183765,187.22745024818985,191.71872808798267,2183000
2017-11-30,188.20379638671875,190.18581282068646,187.31531704944268,189.11182206084115,2497500
2017-12-01,187.6570281982422,188.91654523119806,184.71817995154854,188.22332071485744,1335400
2017-12-04,177.7274169921875,186.7392464186843,177.2489935938683,186.48539731445982,3926800
2017-12-05,178.1375274658203,180.02191687225752,177.21974334126674,178.27421776746922,2229200
2017-12-06,179.52394104003906,179.6801627660711,177.29783358751544,178.32301817968064,2262900
2017-12-07,181.2423858642578,181.36930300575378,179.30917514530051,179.5435077804208,1550100
2017-12-08,183.51731872558594,184.43508804474183,181.4669490955655,181.81844060647964,2437700
2017-12-11,185.0111083984375,185.13802551133895,182.75569640113292,184.11285584670995,1423700
2017-12-12,185.0111083984375,185.4114060749898,183.1852986863338,184.9329975376625,1301100
2017-12-13,186.94430541992188,187.4324871304459,185.0599162702749,185.37235971610957,1447300
2017-12-14,184.01296997070312,188.66409938967735,183.89570433321444,186.91502984946152,2158700
2017-12-15,187.87257385253906,188.27318536171825,185.077984660534,185.14637592900718,3851200
2017-12-18,189.142822265625,190.07109161074774,188.4686010319648,188.88875924436073,1305300
2017-12-19,189.45556640625,190.88218149626687,188.29278035606097,189.80733348941803,1552700
2017-12-20,187.8921356201172,190.3251922853189,186.57302036846787,190.3251922853189,1492000
2017-12-21,186.75865173339844,189.13306780757367,186.5925416093034,188.43931463692982,1185800
2017-12-22,186.06491088867188,186.74889823794948,184.76532747014141,186.5437094880692,1093600
2017-12-26,185.98672485351562,186.7781969348472,185.58609839685485,186.3580386338163,467400
2017-12-27,186.79774475097656,186.85637010403,185.8303816961802,186.3287270167442,671600
2017-12-28,186.79774475097656,187.5892168368077,185.90855380351977,186.57300926100345,675500
2017-12-29,185.53726196289062,187.5599112689182,185.53726196289062,187.55014534630746,856600
2018-01-02,188.56634521484375,189.06469053382472,186.02581882850092,186.43621120837616,1140900
2018-01-03,192.02540588378906,192.17196927797957,186.80752540351546,187.813982046246,1458300
2018-01-04,194.42909240722656,195.03492242668867,192.17192717240928,192.64094484086152,1566400
2018-01-05,197.76109313964844,198.01514125485787,194.65383077671007,195.42575595240922,1469500
2018-01-08,198.0835723876953,198.5916835919459,195.6212033776544,197.76111806056346,1974600
2018-01-09,201.38626098632812,202.18749888640076,198.74800117609615,200.06713108121212,1845200
2018-01-10,201.57186889648438,201.89432315015577,197.3409148314578,200.1159567051262,1421200
2018-01-11,203.88771057128906,203.9463359170518,201.24946564334397,202.21681366803543,1520600
2018-01-12,205.36322021484375,206.70188230455875,203.03764819638405,204.11249616537134,1486500
2018-01-16,203.2526092529297,206.96570264187974,202.7640447256943,206.96570264187974,2264300
2018-01-17,206.64320373535156,206.82886060126293,203.53594116842302,204.76711814422063,1461700
2018-01-18,207.55197143554688,208.1870993123441,205.70519824892466,206.5650616176925,1458500
2018-01-19,208.6268310546875,209.66260043625078,207.5031385413233,209.05677024895775,1439900
2018-01-22,210.3953857421875,210.4051516629079,207.90370425663704,209.1153344572855,1230300
2018-01-23,209.6430206298828,212.25195315494514,209.34987896092878,210.64946226244155,1267000
2018-01-24,210.3953857421875,211.71450070997116,208.1284397116279,210.1022441127458,1227400
2018-01-25,212.8968505859375,213.73718204060359,210.0924804900078,211.42137639715875,1668400
2018-01-26,214.75340270996094,214.75340270996094,211.77315638509629,213.18022448010154,1162000
2018-01-29,213.8055877685547,215.06609249069209,213.59061820214063,214.38209028311746,1042800
2018-01-30,209.71144104003906,211.3334789117789,207.67901073866744,211.05011803529746,1921700
2018-01-31,218.98431396484375,220.83108661492165,214.6751728113951,218.3491862725707,3414200
2018-02-01,217.27442932128906,221.26111787606033,214.58732427094967,219.03326469983622,1912800
2018-02-02,212.71124267578125,215.7305681088509,212.58421111775456,215.07589338098774,1992400
2018-02-05,203.54571533203125,214.2452736241703,203.05715089029155,211.75360689914058,2387600
2018-02-06,204.68898010253906,206.27193923170321,197.00874551521952,200.3114463282573,2415300
2018-02-07,202.80311584472656,206.3696305358233,201.41559452975892,203.57504115221113,1653000
2018-02-08,194.18482971191406,205.18731109821735,194.14575111470035,202.57837862242442,2196600
2018-02-09,195.6016845703125,197.76114631454516,190.06136468853208,195.9534516220036,2074300
2018-02-12,199.83265686035156,201.41561606170205,196.91105054002236,197.38006830977514,1528200
2018-02-13,198.8457489013672,199.79356521176499,196.2661289714714,198.85551482370965,1222700
2018-02-14,203.54571533203125,204.03427977377098,197.10643956825467,197.24323701554965,1412300
2018-02-15,205.90061950683594,205.9299321834015,201.89438473175406,205.5293057239323,1080800
2018-02-16,205.7931365966797,207.8255666792925,204.56195944030105,205.4511354872275,895800
2018-02-20,203.0865020751953,206.12537407546813,202.55885893837328,204.1222565025245,1127700
2018-02-21,204.9918670654297,208.75381932545264,203.53595453466755,203.53595453466755,1021300
2018-02-22,204.34701538085938,208.744096372318,203.92684211079816,205.9788192040683,1230600
2018-02-23,206.86802673339844,206.9950433890348,203.63371660029415,205.16781658054248,827300
2018-02-26,209.17404174804688,209.31083923098745,206.37945181671165,207.32725336363802,990600
2018-02-27,205.8614959716797,209.9556681792907,205.64654134482012,209.02739876723209,1067000
2018-02-28,203.80953979492188,208.5974652540908,203.7313676967971,206.5748162631483,1099300
2018-03-01,200.51666259765625,204.02455237330136,198.18132472160931,203.86820814407324,1419500
2018-03-02,201.71849060058594,202.25591447248206,197.20415989626594,199.0118393983482,1228600
2018-03-05,202.03121948242188,203.17445880890776,197.44849625242222,199.83267887537798,1228500
2018-03-06,205.31434631347656,205.51954996939247,201.9334882306778,203.31124373664065,1007100
2018-03-07,207.30770874023438,207.60085044555805,202.59793942817157,202.59793942817157,1225500
2018-03-08,206.85816955566406,207.86461105401708,205.2068194535695,207.83529838201088,868700
2018-03-09,212.90664672851562,213.09230363238157,207.50312430981384,208.37276856228647,1594600
2018-03-12,212.51571655273438,214.90967877562863,211.96851198167852,213.69803387584787,2268400
2018-03-13,210.199951171875,214.64589037334423,209.9849816344112,214.11824736035317,1483000
2018-03-14,208.74293518066406,211.86242954375007,208.1561881028283,210.6596144479446,1252500
2018-03-15,207.75521850585938,210.43467460431364,207.47163357109267,207.82367878898012,1401100
2018-03-16,205.78964233398438,208.67444945155765,205.61361226345244,207.91168729631036,2564100
2018-03-19,207.0413360595703,207.85299620997014,204.4890121866823,206.1221061320911,1819300
2018-03-20,209.97508239746094,210.7867427079814,207.22718063913376,208.18552025570102,1523200
2018-03-21,208.25392150878906,210.610652913557,208.1365631756235,210.03369457786988,1029200
2018-03-22,202.74835205078125,207.7063056855573,201.95625409718232,206.337249336324,1665000
2018-03-23,200.12759399414062,203.72628031610273,199.75600146315324,203.19820499699884,1703900
2018-03-26,205.0464630126953,205.50607809893694,200.43077977744957,202.98310433061317,1058600
2018-03-27,202.05409240722656,206.25907369898613,200.69480931866235,205.7114510045429,1359200
2018-03-28,201.3695526123047,203.8240809504713,200.7828204393812,202.90486572073132,1402000
2018-03-29,201.89759826660156,203.83383951899236,200.0004665180102,202.43543228222393,1787700
2018-04-02,198.6510009765625,202.2105634678509,195.43371013546704,201.17398979117453,1619700
2018-04-03,202.11273193359375,202.92439219839503,198.53362277327577,200.17649059485163,1316300
2018-04-04,204.6943817138672,205.18333254167032,197.9175154812864,199.08122083891305,1318500
2018-04-05,207.17823791503906,207.91166413041068,204.860615849375,205.47668372360286,1159700
2018-04-06,201.01748657226562,206.45461805626394,199.25726039215184,204.86064830898047,1649700
2018-04-09,204.91929626464844,207.71609561494455,202.67011945763906,202.67011945763906,1399100
2018-04-10,210.43470764160156,211.54951518633217,207.15873037968,207.6574698875848,2050200
2018-04-11,208.08767700195312,209.2024842403584,207.01199418403613,208.65486172627783,1067200
2018-04-12,208.61573791503906,210.09236387288584,208.52773035736993,209.35893771578964,748700
2018-04-13,209.6132354736328,210.56180131685824,208.15615656809373,209.9261562585672,676400
2018-04-16,211.1387481689453,212.71317041735975,207.94100560545118,210.94317082387914,817200
2018-04-17,213.40745544433594,214.24845139140473,211.32453524690717,212.43934243985012,1611600
2018-04-18,214.67880249023438,216.14565533734384,213.58355713930425,214.2387496204213,1564400
2018-04-19,212.19491577148438,216.97685494997685,210.71827451188955,215.37309660377645,1610100
2018-04-20,211.11923217773438,213.6226585544779,210.83564720354315,213.04570003766244,1377900
2018-04-23,211.56903076171875,213.2314606045235,211.031181862742,212.0384193819188,1244700
2018-04-24,208.45932006835938,211.5201574061006,205.83855046766362,209.70125950352931,2051100
2018-04-25,209.7305908203125,213.18258282554893,203.39379161895792,213.0359035307755,2246500
2018-04-26,209.1145477294922,211.12902334287799,207.3543212492912,209.95554399661046,1475200
2018-04-27,208.1365966796875,209.73058124422994,207.5107401812358,208.94825689076634,1668300
2018-04-30,205.7016143798828,209.1144815277339,205.69182581373647,208.38105530330589,1375400
2018-05-01,206.06344604492188,207.59874394446385,203.78493330850995,205.78963476447367,1100600
2018-05-02,204.2250213623047,206.67956458675002,203.42314959436828,205.35939110387156,1514700
2018-05-03,203.71649169921875,204.0000766300476,200.3329452119735,203.5600238441979,2291700
2018-05-04,205.42782592773438,205.98522216096512,200.68499651447243,203.5306941624296,996700
2018-05-07,204.36192321777344,207.30541731856476,203.56005146478037,205.68209667604972,1204600
2018-05-08,203.47206115722656,204.40106500375745,202.02475556140237,203.66763855834898,1105900
2018-05-09,204.07830810546875,204.89974195206443,202.74836119696326,204.0489722482043,1237100
2018-05-10,209.09494018554688,209.3980873128105,204.46945458838482,205.35934868051658,1272700
2018-05-11,211.76463317871094,211.901538830876,208.64512411695338,209.5350183168247,1209800
2018-05-14,212.60560607910156,214.56140942299484,211.03118379040367,211.81350811228006,1447300
2018-05-15,204.45968627929688,209.90659091054974,204.30321842836938,208.54730816400766,1731400
2018-05-16,206.01454162597656,207.46183190967824,204.47924377375685,204.87039847045614,1813500
2018-05-17,206.34703063964844,207.82367174426443,205.37891751447174,206.45460042262314,1364300
2018-05-18,210.19020080566406,210.7084875302468,206.5524051664365,206.82621645785395,1072800
2018-05-21,211.94065856933594,212.33182825269162,210.1902208663121,210.97254531142576,894400
2018-05-22,213.0457000732422,214.20940567550048,212.69365480635395,213.06526228851328,1587200
2018-05-23,211.73526000976562,213.93553862431102,210.93337353009935,212.20464860282223,1446900
2018-05-24,211.1974334716797,214.03334246162845,211.05075418383942,212.3415766816216,955000
2018-05-25,208.92869567871094,211.5983781072461,207.89212224708749,211.06052917906524,929200
2018-05-29,204.35211181640625,207.95078277573964,202.52344048056202,206.80663962002998,1854100
2018-05-30,206.28836059570312,207.31516036484817,205.07577203773002,205.69183996194045,1189500
2018-05-31,203.6676025390625,206.50351165779577,203.43290074626384,206.28837207812947,1659400
2018-06-01,207.1489715576172,207.2956508812639,204.9780280380487,205.3594092011297,833800
2018-06-04,209.4371795654297,210.0532623356439,207.31513492775105,207.31513492775105,1554200
2018-06-05,210.02398681640625,211.20723971184736,209.01674909353724,209.1047566798233,1096500
2018-06-06,213.44664001464844,213.46618730800967,209.5937043555741,210.46403640128392,1204200
2018-06-07,211.67665100097656,214.12140574129202,210.81609255747392,213.44665104550916,1053400
2018-06-08,212.22422790527344,213.06522395142954,211.26587351020552,211.96019027221632,1087400
2018-06-11,212.5371856689453,213.47597801562142,211.6766421828902,212.8207855631029,1154800
2018-06-12,213.13368225097656,213.63242169054365,211.9895390003876,212.6545199459449,1247300
2018-06-13,211.56903076171875,213.8573170719887,211.44189877061646,213.70084922472358,1214000
2018-06-14,211.93113708496094,212.37153590085444,210.59034810917177,212.15622715827018,1001600
2018-06-15,211.19715881347656,211.96052083264192,209.29853509743361,211.6375576809441,2190000
2018-06-18,208.28067016601562,209.1614676730823,207.06711332813668,209.1614676730823,1363000
2018-06-19,205.4523162841797,207.13563094684838,203.76901655483957,206.36248772697695,1381400
2018-06-20,204.34645080566406,206.01018805507223,203.88647436925947,205.520852691521,928000
2018-06-21,202.13465881347656,204.76728563334765,201.41045198471252,204.54219553251542,1212700
2018-06-22,204.29751586914062,205.59914973829453,202.69249646156177,203.72988505101355,2327800
2018-06-25,200.55897521972656,203.7102960029767,199.1105467951259,203.2796934479123,1534600
2018-06-26,200.78404235839844,202.05631698869178,200.11853865640163,200.6274514951843,951900
2018-06-27,199.04202270507812,203.02520410761335,199.0224451126021,201.49848042769017,1177700
2018-06-28,201.22442626953125,201.87035233270672,198.50372368826854,198.81689045829796,1116300
2018-06-29,202.72186279296875,204.08221456655625,200.88195696586334,201.84106507289917,1591000
2018-07-02,201.1853485107422,201.90955529136693,199.5509552553756,201.35172074232707,942500
2018-07-03,201.48870849609375,202.88820029019024,201.08744996492115,202.23249277827142,490100
2018-07-05,202.92735290527344,203.6222006618365,201.40061424015977,202.9469155650864,1184000
2018-07-06,202.7805938720703,203.53417459578364,201.77256410744872,203.27972555487543,818800
2018-07-09,207.3118438720703,207.47821612129985,203.12313391108043,204.53242229670914,1237700
2018-07-10,209.5921630859375,210.14021639944832,205.88299202009432,206.695290657381,1452300
2018-07-11,205.19789123535156,208.1045445132499,205.03151900238507,207.76200378263454,1236500
2018-07-12,207.5466766357422,207.65431606332288,205.4229483402428,206.16674753682145,883500
2018-07-13,206.69529724121094,208.075226835255,206.2451169764873,207.47823697116502,863800
2018-07-16,204.34645080566406,206.37229144543448,204.13114205103508,206.37229144543448,1135900
2018-07-17,206.53868103027344,207.0378127003637,203.5341694109636,204.00392721810906,914300
2018-07-18,206.9203338623047,207.20415672101413,205.8242274838309,206.48973130885386,827600
2018-07-19,211.4711456298828,212.06813529488122,207.6641175825965,207.6641175825965,2246800
2018-07-20,212.2247772216797,212.70431637503066,209.16153271966866,210.36529366923483,2455100
2018-07-23,213.81997680664062,214.8671616552375,211.39287757873575,212.15623955310366,2510000
2018-07-24,216.67767333984375,218.32184777746983,213.8591120562872,214.69097313882014,2333000
2018-07-25,224.38963317871094,224.94748268617602,218.24358193153856,221.1795942445189,2296700
2018-07-26,229.0089569091797,229.4297781662705,225.11385148154415,225.2704274531764,2445600
2018-07-27,226.17083740234375,228.77409049092222,223.96882800937416,228.51964144817856,2735000
2018-07-30,225.7989044189453,227.05160171650795,224.7419382741275,225.99463557169014,1598600
2018-07-31,229.52764892578125,230.51610100350527,226.8363043735652,226.8363043735652,2428900
2018-08-01,228.9208526611328,229.9680224791139,228.08897664498326,229.16552032078516,1736800
2018-08-02,228.1966552734375,228.59791386192637,226.6209947804258,227.98134651538643,1562400
2018-08-03,228.34347534179688,229.62553168428147,226.90482808928928,227.98135699570233,1215900
2018-08-06,230.07569885253906,230.18335323041597,227.17884184784617,228.54897489961576,1412400
2018-08-07,230.4769287109375,230.98584160959297,229.36124481259986,230.15396561755972,902900
2018-08-08,229.57656860351562,231.25008709415366,228.74469255690488,230.13440312261852,792600
2018-08-09,228.26515197753906,229.89953020107967,228.1281386813539,229.89953020107967,856800
2018-08-10,226.4839630126953,228.01068685746222,225.69124216509167,226.31759079200447,1151300
2018-08-13,225.77935791015625,227.64862278289854,225.54448646785602,226.52315729965846,1158400
2018-08-14,226.66993713378906,227.03204053921925,225.57383065248845,225.87721620118197,686100
2018-08-15,224.1156005859375,225.72062001026777,222.91183975102243,224.85938497607526,975600
2018-08-16,225.867431640625,226.85589872468455,224.41900301051578,225.37809623135402,817200
2018-08-17,225.0942840576172,227.83456528498488,224.98662967225638,226.61122678467174,1051000
2018-08-20,225.23126220703125,226.01420171165782,224.9963758756446,225.2508398013124,820000
2018-08-21,226.4937744140625,227.09076419501525,225.12364127744863,225.58361774473997,1121000
2018-08-22,229.0970458984375,229.4787269162871,225.59340261322092,226.32740571934175,1136500
2018-08-23,229.19496154785156,229.889809588116,228.52945750928754,229.27325701905522,1054600
2018-08-24,229.70384216308594,230.39869010509648,228.93068382761092,229.66468696635368,934400
2018-08-27,232.8452911376953,233.07038117868143,230.53562808527616,230.57478326921205,1059400
2018-08-28,232.88453674316406,234.73422416913726,232.610495149193,234.10787538291706,886100
2018-08-29,234.61672973632812,235.60519673017905,232.6300293506631,232.92363355609734,781700
2018-08-30,234.08827209472656,235.74222814350233,233.3934092529339,234.87121172491604,660500
2018-08-31,234.00018310546875,234.23505452894736,232.81598492321868,233.28574270350646,816200
2018-09-04,231.01519775390625,233.8435551861318,229.78206324251252,233.79461866954298,1368300
2018-09-05,231.32843017578125,231.6318157580006,229.8017059985919,231.00546699470928,1312500
2018-09-06,230.70208740234375,231.56332257422977,229.29279891501494,230.8684596635794,1078100
2018-09-07,230.92713928222656,233.08021178278491,229.3123237068107,229.98760886259103,1149100
2018-09-10,232.13092041015625,233.07043597893835,231.49477545490703,231.9449705760577,956600
2018-09-11,231.38706970214844,232.3265999956706,230.48669459307538,231.70025144443164,1122000
2018-09-12,233.95126342773438,234.39166231180002,230.81951977808438,231.42629091020453,1081700
2018-09-13,238.79563903808594,238.98158885125972,233.96100362888387,234.5188530684052,1659400
2018-09-14,236.9838104248047,239.324463256742,236.58228709327184,238.44305162473222,786800
2018-09-17,233.53652954101562,234.06537360068313,230.7943380749372,232.03810566051823,1613800
2018-09-18,234.16329956054688,235.4854170950853,233.16435535348606,234.45709349461742,1122000
2018-09-19,236.08287048339844,236.3081175260694,234.04581411627242,234.48652004975673,816000
2018-09-20,237.49310302734375,237.9142176452832,236.02407352408184,236.8467264594107,1016800
2018-09-21,238.4626922607422,239.08947764846965,237.52250670727977,237.7673449828568,2225700
2018-09-24,237.15036010742188,239.94152257198098,234.7117803195635,239.2265989542799,1014000
2018-09-25,238.0709228515625,238.28638171219148,236.5627257709009,238.26679046747762,1207700
2018-09-26,237.83590698242188,239.9023426269922,237.34623043104256,238.45288927541495,1234900
2018-09-27,239.2755126953125,239.91208611610375,237.55184199134172,238.1394597211026,906300
2018-09-28,239.04052734375,239.5791745845996,237.78695646163297,238.8936153996581,1538900
2018-10-01,243.37904357910156,244.68158504928635,240.14719017027076,240.8425225315674,1850800
2018-10-02,242.6347198486328,244.0058081508055,242.35071403737624,242.87955811285948,1417900
2018-10-03,242.2429962158203,244.78930531959563,241.82186661041698,243.6336758300441,1401200
2018-10-04,238.35491943359375,241.39090453185793,237.01319576592306,241.2635988134764,1593500
2018-10-05,235.7205047607422,238.59980532352648,233.45820144533815,238.20805510941892,1858200
2018-10-08,234.71176147460938,235.52462631987848,231.01959619865593,234.3493906752173,1274800
2018-10-09,235.015380859375,236.28854296619278,233.4973804606209,234.77054256743864,1397600
2018-10-10,225.8975830078125,237.8554756396389,225.6233653433536,234.37878419159048,1759800
2018-10-11,221.42193603515625,228.62997535914494,219.46322985954782,226.1815926396344,2316700
2018-10-12,226.63209533691406,228.8846103650123,223.96825381661833,225.69190982350426,1664900
2018-10-15,223.3904571533203,226.43624601567683,223.38065405792736,225.2218427426456,1246100
2018-10-16,230.2948760986328,230.7943557449534,225.2218342001669,225.93675778081624,2034400
2018-10-17,229.80516052246094,231.1468842069185,227.79749895806262,229.5407459891559,1713100
2018-10-18,224.9672393798828,228.62022278155263,222.9203797506345,226.90635461121562,2235200
2018-10-19,222.46009826660156,227.0728589294116,221.16735966886054,224.75179636798728,1792700
2018-10-22,221.10855102539062,223.4883718579929,217.9256534870387,223.077045353978,1872800
2018-10-23,218.71890258789062,220.0899907809604,213.3814318412212,217.2792525132971,2668200
2018-10-24,216.00608825683594,234.05557122997297,215.6633236842393,230.04021808319806,4875800
2018-10-25,225.4373016357422,227.885684485179,217.9648323972633,218.64058845470674,3652600
2018-10-26,225.25119018554688,226.54394331960737,220.83431353165523,221.82345468272334,2096600
2018-10-29,223.63526916503906,230.14796080171888,220.04103041394123,228.98252831134135,2161500
2018-10-30,227.8660430908203,228.3557195529428,223.5079255666783,223.54709310840263,1848800
2018-10-31,228.82583618164062,231.16648939412138,227.3470184427902,229.8149923348959,1982900
2018-11-01,228.8356475830078,231.33300096202888,227.3176472982113,229.67789184179063,1794100
2018-11-02,229.3743438720703,233.07629816515777,228.34601991426922,231.04902965317177,1781300
2018-11-05,231.6365509033203,232.74320951289738,228.8747685665009,230.46133041810026,1118500
2018-11-06,233.31130981445312,233.91851896322498,230.52016214678986,231.27425335505222,1271900
2018-11-07,240.46054077148438,240.81310844905363,235.0447198797543,235.0447198797543,1830600
2018-11-08,240.4998016357422,241.51832251189796,238.96220975245183,239.16788052461803,1061900
2018-11-09,238.42349243164062,239.94149261858811,236.024080494203,239.69665436081405,1358400
2018-11-12,231.46029663085938,238.27660044530685,231.22526146246776,237.48332686450195,1689200
2018-11-13,230.1676025390625,233.85975349260215,229.1686580504914,231.85209130655713,1300100
2018-11-14,230.22633361816406,234.15353425601882,229.5505775732636,232.74326336992095,1318900
2018-11-15,232.7824249267578,233.07623382556005,224.1249476969988,229.01190977023535,1398500
2018-11-16,236.08287048339844,238.21786814407355,232.78245511445164,233.0762640513556,1620200
2018-11-19,228.07174682617188,236.57252426732657,226.79858485143316,235.88698010977245,1729200
2018-11-20,228.58102416992188,230.50056296063147,226.39707078249592,226.74963852186121,1463500
2018-11-21,228.20883178710938,232.733437697436,227.91502290924942,230.050005197134,1904800
2018-11-23,230.1577911376953,230.8531384879198,225.54504591444197,225.54504591444197,772200
2018-11-26,235.2308349609375,236.37667635061362,230.94126339157833,232.26339611860476,2123500
2018-11-27,236.9936981201172,237.29729523632707,232.26342013390126,233.87934701735472,1124400
2018-11-28,242.29197692871094,242.68372717693987,235.9947429938385,237.5812904038698,1901700
2018-11-29,243.43777465820312,245.57275695746006,240.77393338723314,241.80224204961007,1378300
2018-11-30,244.39756774902344,245.27897955667677,242.61513794383438,243.369244010933,2201700
2018-12-03,246.77734375,248.6675026498544,246.23869665710163,248.4128613275354,2266900
2018-12-04,238.85443115234375,247.77633864764297,238.27661639970322,247.26707084245916,2185600
2018-12-06,237.0426788330078,237.2679408635508,229.3743552344273,234.6334779546692,2023500
2018-12-07,230.99020385742188,237.9729956708846,229.21757728250844,236.46478365183458,1564800
2018-12-10,232.18504333496094,233.29171716091906,226.7790098386231,232.05772264525092,1130700
2018-12-11,232.5963897705078,237.0426468144524,231.7933129570398,236.3571025491408,1597700
2018-12-12,236.28854370117188,240.098226937802,235.152490436555,236.98387608393767,2087300
2018-12-13,236.53334045410156,240.30384053323195,234.78029021775708,236.60188739327225,1197000
2018-12-14,229.5162811279297,233.77945936446426,227.21317401027298,233.48545841690805,1752500
2018-12-17,224.3024139404297,230.36888188959733,222.63634399977693,227.36995300556882,2030200
2018-12-18,225.70391845703125,228.7420429536187,222.9009947228063,225.5177078839808,1592400
2018-12-19,223.80258178710938,231.27050338403384,220.96046355508375,226.42908939968294,1674300
2018-12-20,215.27626037597656,223.45961088703024,213.46317474819793,222.36196745423507,3775900
2018-12-21,211.48342895507812,216.81486417277654,210.6405915500116,214.10015638740458,4062800
2018-12-24,204.30953979492188,210.69942354110725,204.30953979492188,209.96439138324794,1715000
2018-12-26,213.61997985839844,213.65917499961196,204.18216072006788,206.15205677568719,2067200
2018-12-27,216.67767333984375,216.67767333984375,208.83733042324445,210.2878046298878,2067600
2018-12-28,218.0105438232422,220.93106752773514,215.62904671377345,218.11834914224704,1728600
2018-12-31,219.32379150390625,221.47008782305357,216.60908346901252,219.95101835456535,1640000
2019-01-02,215.041015625,216.87369109929367,211.76767586254695,215.47223690230865,2725100
2019-01-03,207.93569946289062,214.62939423750393,205.87761835372183,214.3941785589127,3125000
2019-01-04,217.33428955078125,220.03921729439568,211.33643230062157,211.6990433572733,2865400
2019-01-07,220.26467895507812,223.9006453076972,217.56956052514946,217.56956052514946,2931400
2019-01-08,225.39024353027344,226.44869157026272,221.1368612809906,222.14630418913222,2876600
2019-01-09,231.67234802246094,233.34822801551758,226.54672767695206,226.54672767695206,2989000
2019-01-10,234.093017578125,234.72024435526697,229.73183022500768,229.73183022500768,1885700
2019-01-11,235.21029663085938,235.22990167610698,231.79975151690692,232.99540505445523,1369200
2019-01-14,230.34930419921875,233.90686513727448,230.1141034458066,233.20123296849863,1613800
2019-01-15,230.7706756591797,232.06432435848237,229.21241122087136,230.31005435413013,2375800
2019-01-16,229.9474639892578,234.2302465572614,229.7906535406137,232.27016081201236,1671800
2019-01-17,233.41680908203125,234.0146358322559,229.04582624632158,229.4574424581417,1799000
2019-01-18,235.8571319580078,237.15078083202962,233.47561989384425,235.53371600093533,3125300
2019-01-22,235.89633178710938,235.9845320623559,232.80920251933364,233.8186455474263,2007300
2019-01-23,236.64112854003906,239.64005695659247,233.92640594056255,237.59175624778757,1945700
2019-01-24,235.7787322998047,236.62156982637578,233.55403063880865,235.97473789695107,1672500
2019-01-25,236.0923309326172,239.444090843087,235.77872497777562,237.66040556962918,2003300
2019-01-28,233.13259887695312,235.21028494190782,231.878145220271,233.33839950188766,1799200
2019-01-29,232.17214965820312,235.14167835459676,231.72133831290373,233.30900297513907,1736800
2019-01-30,240.16934204101562,241.00238459649586,231.19214431580917,234.0048779749792,2539400
2019-01-31,240.76708984375,241.04150060515178,236.32749758089258,238.7285992202905,2218000
2019-02-01,238.57183837890625,240.76713988061874,237.69960078726598,240.47312401679514,1622500
2019-02-04,238.72866821289062,239.18928961427713,235.78853924451857,238.66986802620627,1200500
2019-02-05,241.100341796875,241.73737863686878,238.07201290840857,238.72863983878926,1626100
2019-02-06,242.31558227539062,242.92320402596368,240.29669650027827,240.29669650027827,1033100
2019-02-07,238.06224060058594,240.95336436113845,236.1119497135581,240.21833213620465,1147600
2019-02-08,238.6502685546875,238.71887874360166,236.0923556942738,236.67059243680734,794600
2019-02-11,239.68910217285156,241.22776176851687,238.5228487148548,238.6502441245162,1233000
2019-02-12,243.3740692138672,244.33450712416706,240.36533015897115,241.50218357768378,1189200
2019-02-13,242.4528045654297,244.6873011085806,241.5315618766404,244.24628480874483,1014500
2019-02-14,241.22775268554688,242.45280627945542,240.83574151720313,241.9333847519796,996300
2019-02-15,247.45106506347656,247.4706551566092,242.73704562217011,243.84449900921695,1718200
2019-02-19,245.82415771484375,247.1766216764246,245.6869523096303,246.64739014612442,1099900
2019-02-20,247.1864013671875,247.5686174689876,244.8343045798432,245.9417427980367,1091100
2019-02-21,246.4317626953125,246.5493780019443,244.7166877700757,245.86333606843633,840300
2019-02-22,247.06883239746094,247.3334332255175,246.15738468246045,246.43179551069815,1118000
2019-02-25,248.7741241455078,250.62640491126024,247.4706650949013,247.48047509613116,1194700
2019-02-26,248.92108154296875,250.09712993756887,247.78422828133975,248.66626083872316,1198300
2019-02-27,253.96829223632812,254.3994835298771,248.0096155758743,248.0096155758743,1759100
2019-02-28,254.38973999023438,254.91894161638695,251.4692014126276,252.70406502405453,2061300
2019-03-01,258.7900695800781,259.17230058416646,254.50728782253225,255.7911413500359,1433700
2019-03-04,254.2721405029297,260.86781003007724,253.16468724868886,260.69140948742,1342800
2019-03-05,249.38174438476562,255.10517687024077,248.35269626031462,254.5269550984822,2900200
2019-03-06,246.22601318359375,249.3915479439949,245.892787192286,248.9309265292724,1533100
2019-03-07,245.80453491210938,246.69637745870025,243.30542275444765,246.2161510980129,1227500
2019-03-08,244.8636932373047,245.1184989751876,241.74714943758104,244.28545663499708,1169200
2019-03-11,249.2445526123047,249.35234299038987,244.64814837121534,245.86339216765177,1589300
2019-03-12,249.83251953125,251.06736812884702,249.57771377582216,250.44014130802944,1297200
2019-03-13,253.70370483398438,253.8311151984073,249.63653271502218,251.557408455647,1569100
2019-03-14,256.4007873535156,256.84214254394556,253.85079832875937,254.83156103593467,1513900
2019-03-15,258.02886962890625,259.3038791687463,256.96965902289674,257.4109843043574,2371800
2019-03-18,258.4604187011719,258.921378412991,256.0771722877372,257.9896417836209,1449200
2019-03-19,260.8436584472656,262.26577643879483,258.98021516666165,259.3725142893407,1551300
2019-03-20,260.51995849609375,262.69725253384377,257.83267871211757,260.71609304595114,1524200
2019-03-21,265.835693359375,266.47321300001346,259.0488328620356,259.52939696297886,1424100
2019-03-22,258.7349548339844,264.65876876268186,258.5387903601911,263.6780062547086,1736500
2019-03-25,263.6290588378906,264.3057876417769,258.9312260382277,261.7361936005897,1638400
2019-03-26,266.2182312011719,266.70861255396943,263.8251678050796,266.5516869294139,1459000
2019-03-27,263.677978515625,266.2279667541944,260.9514602275106,265.4433388720613,1051200
2019-03-28,265.1000671386719,266.3064156765292,262.9914339457533,264.90393261519887,771700
2019-03-29,268.4543762207031,268.6701452189797,264.8647810296494,267.2578444903519,1193800
2019-04-01,270.8768005371094,271.33776011488993,268.9152755134469,269.84701187188523,1143700
2019-04-02,269.5233459472656,271.22007588323265,267.7677726544902,270.42566063582245,900900
2019-04-03,271.4359436035156,273.4955217022301,270.27862066067144,271.5438131534163,1184300
2019-04-04,269.75872802734375,271.68104417973484,267.5225906054073,271.68104417973484,937500
2019-04-05,271.17108154296875,271.84781023084935,269.3174555204507,269.8568630575133,839800
2019-04-08,273.06396484375,273.1718343744013,268.7093760495037,271.37705179795637,1062600
2019-04-09,272.45587158203125,274.23104971038856,270.1608904094119,271.6516688989958,1242800
2019-04-10,273.4857177734375,274.72145857131943,272.65206339207276,272.8384107219251,980800
2019-04-11,275.11376953125,275.6237553880315,272.13224238040266,273.21108739523265,1027600
2019-04-12,275.25103759765625,277.5362313818981,274.28990933571026,277.1831412565189,1635000
2019-04-15,272.2205810546875,275.7415166998843,269.73925181479063,274.9765227425785,1801000
2019-04-16,261.6968994140625,274.38797121160684,260.63768886204986,273.93682874783315,2443000
2019-04-17,252.5562744140625,264.40387756719855,248.34879301830594,263.7762048490736,5077300
2019-04-18,254.78256225585938,256.34197153620727,250.83989155900076,253.1839140824665,2960100
2019-04-22,254.10586547851562,258.6762243516119,252.8897290157251,254.9983633418733,1989800
2019-04-23,258.8428955078125,262.3147737891562,249.25102288380484,250.09447937363575,3099800
2019-04-24,256.5282287597656,261.47127997948917,254.64518158210586,259.882449570059,2770000
2019-04-25,264.3645935058594,265.25709122100363,255.64562801722695,255.9790837684065,2053700
2019-04-26,267.9639587402344,268.21896659396657,262.8541939753269,264.805901971356,1550100
2019-04-29,267.2774353027344,269.91568931154796,266.4634154461589,268.68973595914395,940400
2019-04-30,272.1126708984375,272.5539962326786,265.4434654083312,268.02287655142396,1380700
2019-05-01,271.17108154296875,272.769729604759,268.62112235266915,271.84781023084935,1491900
2019-05-02,272.4656677246094,272.70104118140006,268.34645264776924,270.17068672939865,1353800
2019-05-03,273.27972412109375,274.623364187093,272.397013775677,273.6327843148594,1254200
2019-05-06,273.5935363769531,274.21142162610425,265.49245736169473,267.53243047380454,1320300
2019-05-07,266.47320556640625,272.05374705378335,264.52146767501245,271.18085398895164,1480900
2019-05-08,265.3061828613281,268.6505879571737,264.89424927203413,266.953857357487,1691100
2019-05-09,263.8251647949219,264.4920762437967,258.774242904837,262.61881590582306,1550700
2019-05-10,264.00164794921875,264.1683907470367,255.78285324277232,263.06994151352063,1548500
2019-05-13,256.0574645996094,258.40150138032766,253.06615089693622,257.8620939685331,1628800
2019-05-14,262.24627685546875,264.22740767226793,257.6366780112869,257.9603166860622,1845200
2019-05-15,257.97979736328125,260.7455250910541,254.0371126370861,257.45017718966574,1834200
2019-05-16,261.88330078125,263.30541896930447,259.85314430994583,261.7950357112375,1340000
2019-05-17,256.695068359375,261.8734949466869,256.2438959039397,258.28389936802085,1320500
2019-05-20,257.8523864746094,260.049285868197,255.2435534794693,257.13641875806974,1525300
2019-05-21,260.2552185058594,262.8444468263143,260.0100277905363,260.86331662148666,1420800
2019-05-22,266.43408203125,268.01309610562527,261.07912439441805,262.481608310884,1740200
2019-05-23,265.8062744140625,266.1201256356841,260.2649715989002,263.7663013345222,1567500
2019-05-24,266.5713195800781,271.33784239686264,266.4144238694442,267.16960045757935,991500
2019-05-28,261.2554931640625,269.5429174941152,260.90240313585036,268.55236782185267,1676800
2019-05-29,259.6667785644531,260.7554109479808,257.06773309936983,257.78370074608614,1232700
2019-05-30,262.8247985839844,263.27594104452197,259.7451893456354,260.6082653087524,771400
2019-05-31,261.84405517578125,264.1096147806137,259.9119513211726,260.43175439218385,1266700
2019-06-03,260.1767578125,266.21826033170845,259.6275330317088,263.1288634571318,1659900
2019-06-04,262.8150329589844,263.3152316108915,259.2156199815014,262.69734620100814,1575800
2019-06-05,269.50384521484375,270.43555200995985,264.80598255126233,266.5811610028135,2198200
2019-06-06,270.94561767578125,272.80906153904584,269.337151860207,270.46502341451077,1940600
2019-06-07,276.2711181640625,277.0753509675031,272.1911406947286,273.5544155637688,1334500
2019-06-10,278.3012390136719,279.2917890081609,277.1047072980143,277.42834582620316,997600
2019-06-11,279.56640625,282.5283288716897,276.99681266756966,281.06697204060646,1214800
2019-06-12,279.7331848144531,280.2922268293499,277.2812776584224,279.3703073442417,882100
2019-06-13,280.92071533203125,281.06795180196406,278.2807019311574,279.5565616509839,1301500
2019-06-14,279.9588623046875,281.73522365899896,279.0755635513347,281.1267502603446,1381100
2019-06-17,280.6163635253906,281.8038988467993,279.5073582824872,280.5574809417364,681600
2019-06-18,283.82562255859375,284.6107436643843,280.69490198224946,282.58902836404576,1360500
2019-06-19,287.33905029296875,287.87881725370124,282.0884673321956,283.29562010948575,1534700
2019-06-20,287.8887023925781,291.88307459522844,285.0229830856034,290.98015826877867,1590300
2019-06-21,288.9879150390625,289.9398903107153,284.96410110886626,287.93782207069944,1701600
2019-06-24,290.0576477050781,290.52873842853455,286.57363095278663,289.7141758749174,942100
2019-06-25,288.0751953125,292.83507151373146,287.65319338910626,289.9889695425223,1191600
2019-06-26,286.79937744140625,288.60518035131406,284.50286624237816,287.89855921696255,1172300
2019-06-27,288.3106689453125,288.9093484901145,285.38606740492406,287.31945880297314,850100
2019-06-28,288.22235107421875,288.66400041893877,283.32509299379944,287.1231695367696,5248000
2019-07-01,293.8459167480469,294.19921231049284,289.52769015446466,293.57112132710404,1640100
2019-07-02,295.5143127441406,295.5928428376722,290.02819801398545,293.62018605644937,946400
2019-07-03,299.7540283203125,299.77367581820454,295.9068924906842,297.1336630907743,883000
2019-07-05,295.06292724609375,298.1543838859499,293.14918263592614,296.87855414583817,1046800
2019-07-08,292.2756042480469,294.00290662858333,289.39023774894645,293.7379050426666,1223200
2019-07-09,291.382568359375,292.0597481764325,290.2735628633111,290.72503604165365,886500
2019-07-10,291.0096130371094,293.6103907514228,290.6759350174497,292.9920935574677,842900
2019-07-11,290.0576477050781,293.32578157004855,289.0369960632733,292.5995429113689,804700
2019-07-12,285.5332946777344,286.07306172675175,282.9423409613658,285.5431184260463,1640600
2019-07-15,283.4625549316406,286.13200939025785,282.88352270813937,285.40577066085945,1629000
2019-07-16,280.8912353515625,282.63815569315875,279.75278850697225,280.25332055471614,1959800
2019-07-17,281.66656494140625,283.0307483952168,279.2522884851795,281.2543567901198,1671500
2019-07-18,288.271484375,288.43830841066654,281.67636418149664,281.67636418149664,1543000
2019-07-19,284.4341125488281,290.1066982288204,284.2966998745278,290.03799189167023,1593100
2019-07-22,286.3087463378906,289.05670151759904,284.6010606650684,285.5923012604649,1106100
2019-07-23,288.16351318359375,288.9192230706415,285.58238294953463,286.976007583104,1025100
2019-07-24,283.00128173828125,283.66866780121865,273.34414580616516,283.63922650068156,2538300
2019-07-25,285.1897888183594,286.41655932152713,282.7755128542517,283.9237532729638,1214300
2019-07-26,281.87261962890625,286.72081944980334,281.17582231227004,286.72081944980334,1274000
2019-07-29,283.55084228515625,283.8158139336279,280.4397390880281,283.1386342148595,1060000
2019-07-30,278.6340026855469,281.21513324850065,278.1629119147799,280.63610102323275,1343300
2019-07-31,272.5196533203125,279.19330169772996,270.4586732338976,278.72221112212327,1903700
2019-08-01,272.64727783203125,278.95777786780445,270.64518006227865,274.25681504606484,1552000
2019-08-02,269.7129211425781,272.6669647854469,265.96390248766784,272.6669647854469,2096300
2019-08-05,263.47113037109375,266.69999984085297,261.5377381898684,263.6379843955637,2569400
2019-08-06,270.8316955566406,272.16643760341753,264.99228520955097,266.35643860357203,2287500
2019-08-07,269.6835021972656,271.22430364716297,264.1581214084064,267.29863686436687,1664300
2019-08-08,275.2873229980469,275.7780312386851,271.9014241574614,272.28419096137725,1348200
2019-08-09,271.2340087890625,275.73870585838546,270.5273878791424,273.5992255854556,921900
2019-08-12,266.9452819824219,271.1555670586394,265.9442479571513,269.62455974918834,1183900
2019-08-13,270.056396484375,272.8926746476636,265.24743158495403,267.0139992879419,1905600
2019-08-14,264.47210693359375,270.18392772031245,264.36413555344853,267.5733864065204,1856200
2019-08-15,268.2309265136719,270.8611154013672,265.7283265560544,269.5558447061265,1603700
2019-08-16,271.0182189941406,272.1959310285749,269.15353323167074,271.45004474340243,1035100
2019-08-19,274.3256530761719,274.9930393596485,270.8906937762857,273.42276626103546,1089100
2019-08-20,271.0574035644531,274.2175656363707,270.87093204852846,272.8337648894598,1031000
2019-08-21,273.0987548828125,274.5119970192361,271.85236672727336,273.0987548828125,749600
2019-08-22,273.00054931640625,275.6896200393377,271.03771697547654,274.2371133248896,845700
2019-08-23,264.3542785644531,275.0124750910759,262.4895935960216,272.9318773399556,1758500
2019-08-26,265.8853454589844,267.2985575269086,263.8930713560649,265.49275493686184,1052000
2019-08-27,267.85797119140625,268.9768002649911,266.53305305969593,267.81873609968346,1002600
2019-08-28,270.9298095703125,272.86320108048625,265.9638449716746,266.96487891966365,1316600
2019-08-29,280.4594421386719,281.4114175443861,273.63861398164397,274.00173337188716,1858500
2019-08-30,281.7254638671875,284.78747905261434,279.3308048220799,283.2564714599009,2165900
2019-09-03,278.2609558105469,280.9304092819161,276.0233278970791,279.144224469728,1590000
2019-09-04,280.5870361328125,283.8747881568738,278.2120244268009,279.77247342797256,1288300
2019-09-05,288.55609130859375,289.23327114304476,281.14640812931384,283.04053493560986,1470500
2019-09-06,289.5669250488281,291.40219905399607,288.0555652099198,290.3520762155869,2337300
2019-09-09,286.59326171875,291.1666666204354,285.67072772847035,290.70539962529557,1568400
2019-09-10,284.1200256347656,285.7393565783454,279.7330934709881,284.6205575438619,2428400
2019-09-11,289.4589538574219,289.60616032654093,280.9304429911903,284.1396638197918,1293700
2019-09-12,289.4884948730469,292.2070084407461,288.9290801472381,290.4993529098159,1108200
2019-09-13,292.1185302734375,292.50129697332966,288.30083677303435,288.62469094564267,1083000
2019-09-16,290.02691650390625,291.6080222475824,288.3967505387922,290.1054967730633,1062900
2019-09-17,287.4538879394531,290.6062685323538,286.1576135513717,289.46709470012564,1514500
2019-09-18,289.66351318359375,289.83047374839094,285.79425978587153,287.44411547652885,1221700
2019-09-19,289.9482727050781,291.43116761891645,288.6225083092926,288.68142850736467,1003800
2019-09-20,291.0089111328125,293.70953051619733,290.2527484945159,291.95169438656916,1775000
2019-09-23,285.23443603515625,290.3017521583445,284.92017504423023,287.29670261036136,1032300
2019-09-24,280.0394592285156,288.40645700303065,279.27346668556413,287.2476531505418,1465200
2019-09-25,277.2604064941406,282.1804554093176,276.0033916578189,281.00202085816466,1952000
2019-09-26,281.6990966796875,282.9364507269517,276.58266002158695,278.7627671452382,1693700
2019-09-27,282.2392272949219,284.95950630917065,280.08855015517526,283.17218038096064,1144000
2019-09-30,286.03973388671875,288.21987115574683,281.64019919576646,281.75803959361946,1519400
2019-10-01,282.2392272949219,288.35736760168,281.9544263576708,286.54058157441517,1822000
2019-10-02,274.5105895996094,281.5813140467449,272.035851027905,279.8921982049062,1964800
2019-10-03,277.8299560546875,278.8709198640617,269.3745451480781,273.1554189690956,1848800
2019-10-04,287.05120849609375,287.1887089261985,277.692338223061,277.7709184601435,1742000
2019-10-07,283.96771240234375,288.760089652082,283.8695020548477,285.2738171183107,1915300
2019-10-08,267.04705810546875,279.69578206009373,265.4757826507451,277.0442528571484,3933200
2019-10-09,271.5447082519531,273.80339507039463,270.23857433319245,273.6953847302722,1733800
2019-10-10,275.620361328125,277.4862381806769,271.3091755237707,271.32883557637797,1129400
2019-10-11,278.5467834472656,282.7499276848974,278.2521524676357,280.53050017727116,1283600
2019-10-14,279.1458740234375,281.57152274671677,278.3995113487084,278.9887434619372,749100
2019-10-15,280.8840026855469,282.79899903207996,280.0983800646821,280.93312283033964,1183200
2019-10-16,275.5220642089844,279.88233883257425,274.3043401145057,278.86100541517567,2103500
2019-10-17,276.5335693359375,279.35202881267344,276.0130875855603,276.93621068541165,1028100
2019-10-18,276.3666076660156,278.8413457153156,275.35510437928326,276.0032265113349,1186400
2019-10-21,278.4485168457031,279.4501900470032,276.5040606636264,279.4501900470032,1053200
2019-10-22,275.9443359375,282.0330163557832,275.65956495998194,278.271773752071,1047100
2019-10-23,291.59808349609375,294.61296334704446,284.8318213554051,293.19881872541225,2094500
2019-10-24,288.1708068847656,290.9696364637035,285.4308975100509,290.01705320264983,1230900
2019-10-25,291.35260009765625,292.8453250995504,285.3621299522256,286.73701455282986,1061300
2019-10-28,294.51483154296875,296.9011899895294,291.26427004508037,291.26427004508037,1399600
2019-10-29,292.5998229980469,295.2611520384736,291.3428087308357,291.6668698440454,1225900
2019-10-30,296.4396057128906,297.0092076666566,290.3509546274939,292.91407351068244,1395400
2019-10-31,296.55743408203125,298.14833936615713,294.8977785770896,296.43956371652627,1505900
2019-11-01,298.1484680175781,299.79829421156757,297.67707626089765,299.523323179236,990500
2019-11-04,295.3692932128906,300.505392906857,295.2219926416597,300.1518715359027,1052000
2019-11-05,287.3753662109375,294.51481097153237,286.70758388867824,294.51481097153237,1876800
2019-11-06,289.2804870605469,289.91880917850244,285.4210642845441,288.00381285505415,1017000
2019-11-07,288.2689514160156,290.6258489557202,286.53071587944066,290.58655883867795,1210200
2019-11-08,289.3590393066406,290.6848036957912,287.27711239962815,290.3214524863045,788800
2019-11-11,288.25909423828125,290.9891727087485,286.99225031682425,287.3850915110817,773100
2019-11-12,290.6553955078125,293.3658449679757,289.02519981580036,289.23142054485146,791000
2019-11-13,294.6326599121094,295.722743706675,289.21179095224267,289.51622201883595,1286600
2019-11-14,295.43792724609375,295.7718183993992,290.4884202126542,294.76031491540203,860800
2019-11-15,301.3007507324219,301.43825120184414,297.06814582908527,297.4904173230172,1626900
2019-11-18,295.585205078125,301.02573338476464,294.5049814172083,300.505251631376,1233600
2019-11-19,300.917724609375,301.5069266204377,296.1646086098569,296.8029607378139,1767500
2019-11-20,301.8113708496094,305.09142202576265,299.1795018531414,301.5069398073843,2329700
2019-11-21,299.8276672363281,301.4284027690835,297.0484976085478,301.04539145872974,1058600
2019-11-22,302.24346923828125,302.5871904026487,298.4626263389928,300.61327369065134,841900
2019-11-25,305.022705078125,305.1601755785232,302.10603479923816,303.41213941616735,1257600
2019-11-26,307.8214416503906,308.27317311421166,303.9914493362876,304.4432107696876,1709600
2019-11-27,309.7561340332031,310.35516610559307,306.66267343123735,308.0277281057029,864000
2019-11-29,308.31256103515625,310.1882376996008,307.4188978763496,309.16693406346906,667100
2019-12-02,307.4188537597656,310.178393131573,303.6576110064416,309.9918025004899,955500
2019-12-03,307.2715148925781,307.50719567311916,303.1665514908128,303.59865290152493,922700
2019-12-04,309.97216796875,310.41406948108323,306.2895055180544,306.5742765028079,985700
2019-12-05,310.32568359375,311.05238604734217,306.14216953478285,310.1881831459984,844300
2019-12-06,314.3717346191406,315.8251696688851,312.2112570782406,312.9183295389829,1199400
2019-12-09,310.74798583984375,314.9805904958756,310.1391237270352,313.67448596061735,889900
2019-12-10,311.3961181640625,312.3683314775226,309.5106117398015,311.53361861665667,1301500
2019-12-11,312.3683166503906,313.31109978735446,310.39443001583504,311.1604225836289,1355600
2019-12-12,313.6253356933594,316.38490495413265,312.41744160799567,312.95755343824635,1187200
2019-12-13,314.7447509765625,315.6482436355558,311.7887922429629,313.5368274146584,735200
2019-12-16,315.875,318.54774438010327,315.2068214018169,317.054163398158,915700
2019-12-17,314.23394775390625,317.19163134782076,314.1553208882834,317.0835568917931,1375900
2019-12-18,314.0472412109375,315.6489262135399,311.16815454315025,313.7622713056778,2424400
2019-12-19,317.6338195800781,318.4985351629918,313.57556984825413,314.1160320812564,1546600
2019-12-20,321.0435485839844,324.40414249602657,318.4297599829213,322.70418882295814,2275300
2019-12-23,322.3405456542969,323.0382015105289,319.9429365277473,321.2301738062608,1319000
2019-12-24,320.83721923828125,323.32326177525744,320.7193089183243,322.5764564323765,489200
2019-12-26,320.0510559082031,321.1123086148186,318.10547592500984,320.87645802037014,680700
2019-12-27,320.8764953613281,321.9573899151994,319.4910191460982,321.4562710668226,628800
2019-12-30,319.39276123046875,321.72158003640544,317.85986708004543,320.89617780059024,606600
2019-12-31,319.2256774902344,319.5892442822665,317.32921666363444,319.2158416350887,875800
2020-01-02,320.69964599609375,321.2597500186051,316.9656791540837,320.3360791704739,1173300
2020-01-03,317.2113342285156,319.6384216611059,315.74720108920707,315.89461897989503,819600
2020-01-06,319.490966796875,319.677638110382,313.1137049676434,314.283032067867,1010000
2020-01-07,321.29901123046875,323.5197252600771,319.3337595304564,319.7759231705425,917700
2020-01-08,321.80999755859375,324.8463081355484,319.5696115995124,320.5129241119245,939100
2020-01-09,323.8833312988281,325.1116137602703,321.5839901294922,323.65734651783623,901900
2020-01-10,323.01861572265625,326.212149826673,322.006512267647,325.6225683023052,801400
2020-01-13,326.2514343261719,326.3202253348324,321.0336932952596,323.1758405069702,1379100
2020-01-14,327.0179138183594,329.2681357067461,322.3406345496975,324.72840848171523,1069800
2020-01-15,329.376220703125,331.0368609085485,327.214431682052,327.214431682052,1350600
2020-01-16,330.8894348144531,332.33389608190305,329.0322874633676,331.3414643177756,842000
2020-01-17,333.296875,333.4442628846885,329.44496835175613,331.508488699481,1100300
2020-01-21,331.400390625,335.77305749168164,330.9287194402545,333.6997314243344,1340700
2020-01-22,334.1418762207031,336.3135007316322,331.6656701118632,331.91132655078076,922500
2020-01-23,329.5531005859375,333.98475327928725,327.0866998204782,333.62115648324124,1213800
2020-01-24,327.8825988769531,331.8425800032735,325.7601233619039,331.26283432825056,945800
2020-01-27,325.2098083496094,326.8409706856995,321.03364893103674,321.67234966817034,1236100
2020-01-28,327.4698181152344,328.62930913003436,323.50000228188554,326.4577149434423,1667000
2020-01-29,328.0889587402344,331.77380566975796,327.5976458162979,329.79871811957776,1434400
2020-01-30,314.3027648925781,319.35347735921135,311.49246868575386,316.4055991066648,3670000
2020-01-31,307.7486572265625,317.3685747221727,305.51810687236576,316.6316051793371,2623700
2020-02-03,312.8091735839844,315.97323066878266,309.6352806427152,311.3057569249342,2693900
2020-02-04,320.2967529296875,322.93021332087653,315.4327723684052,316.2483387294338,2019700
2020-02-05,326.7132873535156,327.8531370359759,323.4215144629569,324.5220507115768,1786600
2020-02-06,326.2318115234375,328.6392570672759,325.70118512028085,327.460093946342,1636200
2020-02-07,320.5423278808594,324.6988454739324,319.18629958862175,324.26648775793325,1577300
2020-02-10,328.1380920410156,328.92418075791596,318.93089225150544,318.93089225150544,1781600
2020-02-11,331.911376953125,332.29461544996497,329.1895139920395,330.71257214966874,1808400
2020-02-12,328.7572021484375,335.02636109589275,328.05951606754445,333.08075073681,1948400
2020-02-13,329.7594299316406,331.54781630863357,325.74049350468187,327.70574535086394,1560100
2020-02-14,333.296875,333.5032180385639,329.2287894584257,330.71256413480114,1467700
2020-02-18,331.50848388671875,332.47146803163986,328.6981883015842,332.25528914144786,1462400
2020-02-19,333.8373718261719,334.3778341577407,329.48434552782015,332.2160448062012,1189400
2020-02-20,330.2213134765625,335.41941376429986,327.4110173205851,334.0928625771816,1505700
2020-02-21,329.1206359863281,329.76917251061127,327.31260839773034,328.10853277131537,1540100
2020-02-24,317.5355224609375,320.503071579954,314.95121179928793,318.62625269644667,2638300
2020-02-25,304.2504577636719,321.308828744167,302.0297136662062,319.13723393339984,2378300
2020-02-26,303.7885437011719,313.1038454791964,302.9533059172885,303.37582774168504,1944800
2020-02-27,291.91851806640625,306.2943412040447,291.8497570369971,298.71830316176624,2231900
2020-02-28,285.74755859375,290.6606873865405,279.88128161566385,283.5956057835191,3961600
2020-03-02,299.6615905761719,299.6615905761719,283.84130735067134,285.97361878019314,2741000
2020-03-03,304.9677429199219,319.3435638330617,302.1083280992902,310.1462003159959,3895900
2020-03-04,320.96490478515625,322.1931870316326,309.36006653207704,313.0056298305177,3043500
2020-03-05,307.4537658691406,318.0661113031101,304.7122318035453,313.13334114549,2192400
2020-03-06,305.763671875,307.2867298127457,297.47030803607834,299.7598128694894,1922800
2020-03-09,290.2184753417969,293.24494897851264,283.0256487928752,288.7740145183442,2520100
2020-03-10,302.3539733886719,302.61927156162113,287.98795887339975,300.44767692044735,2707500
2020-03-11,284.35223388671875,295.0137288800186,280.30382074342276,294.2079685976539,2566400
2020-03-12,279.3802795410156,290.64116704024246,263.8842456654122,269.50486855106334,4519200
2020-03-13,295.13409423828125,296.1469816224611,267.68776015518426,292.7051272087602,4534400
2020-03-16,274.7090759277344,288.6141480213495,260.8334742236093,267.0189848633075,3766500
2020-03-17,291.3873596191406,308.94082116463045,281.8189946171776,293.0296288886404,5253500
2020-03-18,297.9465026855469,297.9661596150462,275.6039564473222,279.6358177669831,4570700
2020-03-19,276.1744079589844,294.9964499857145,273.1160887223059,293.0689898128634,3511100
2020-03-20,273.7453918457031,280.70778752961166,263.6951770671772,272.850506213506,3715600
2020-03-23,251.0586700439453,270.43138831489955,246.05323449422343,267.7172309596972,3477200
2020-03-24,277.3445739746094,279.28184714289006,256.9589551029399,259.1715753707973,2691600
2020-03-25,267.16656494140625,281.00282681880526,265.64232714137523,273.3914212705661,3075700
2020-03-26,278.44598388671875,280.37341373267634,265.80945671182565,270.1953837226052,2856100
2020-03-27,269.7823791503906,278.46570294654117,267.57960192953277,269.08418280102745,2314600
2020-03-30,280.2259521484375,281.42568549327683,271.847505681412,273.6667776402259,1990000
2020-03-31,278.8885803222656,281.5732078287943,275.6532284442883,279.09508320493893,3275100
2020-04-01,270.6280212402344,278.2885817254533,265.9077472588403,271.9162553659112,1927400
2020-04-02,282.7728576660156,283.2055502517168,267.510705585867,267.52054905709116,1666600
2020-04-03,277.5215148925781,282.7236382391397,274.1583496366649,278.2492413599334,1320400
2020-04-06,298.9495849609375,301.6342417086401,287.30628893741306,289.715568573018,2437800
2020-04-07,291.6528625488281,312.2646727996254,291.15135565602526,306.95438974290903,2126500
2020-04-08,302.0472106933594,303.94513977023513,285.69348551515435,292.70503729727596,1997900
2020-04-09,312.1073303222656,312.91371476006634,299.9821533812672,302.44062056193843,2445300
2020-04-13,310.08154296875,311.6156240253284,304.04353341713727,309.15715694612146,1547900
2020-04-14,320.9479675292969,321.9706982756877,314.51660900516777,316.20803561972025,1513100
2020-04-15,320.4168395996094,321.7149171016956,315.3917485268919,317.2601770468527,1652300
2020-04-16,323.376953125,325.2453822821695,318.8042099214942,323.0426051714507,1830000
2020-04-17,326.07147216796875,328.76597315277235,321.67573075518106,328.66762844344225,2057200
2020-04-20,321.72491455078125,326.23865756052095,320.1416457767057,323.84903420429254,1717900
2020-04-21,314.3100891113281,319.4138690836928,311.1042384899935,319.4138690836928,2183500
2020-04-22,330.0147705078125,331.9323867598265,316.0900099072737,318.1747851082958,2321700
2020-04-23,315.185302734375,331.7061884387957,314.5559207975371,329.8279161099348,2668100
2020-04-24,323.2392883300781,324.4685219638089,314.91981348936577,317.25043565722547,1987900
2020-04-27,337.0165100097656,337.7343932376123,324.5865154237472,324.99952110836017,1878500
2020-04-28,326.936767578125,341.1270619298342,322.64921552926313,337.0164822920941,2361400
2020-04-29,330.0443420410156,331.7751127743822,323.2196338208239,327.93006598094473,1936600
2020-04-30,329.11993408203125,332.1880965350517,325.894426117242,326.258274483575,2215000
2020-05-01,324.3308410644531,328.88392735319826,321.1249900684546,324.8913788172358,1603100
2020-05-04,321.2921447753906,325.4026945027701,319.92522268308807,323.69161103006604,1189000
2020-05-05,330.73260498046875,334.33180371692856,323.47520670945784,326.4253666563352,1139900
2020-05-06,329.58209228515625,333.3582941364391,329.5230914758069,331.9225577579634,1215600
2020-05-07,333.4467468261719,336.6329401202954,329.69023246505583,333.6630930991643,1795100
2020-05-08,327.4776306152344,338.14735282453574,324.87163172408845,338.14735282453574,1616000
2020-05-11,334.7349853515625,335.6790281020089,325.59931526613985,325.83531845110696,1313900
2020-05-12,326.2090148925781,335.9346930812876,326.2090148925781,334.72514673023386,1510000
2020-05-13,328.5396423339844,334.5481503716576,325.32397879193303,329.61153018133484,1791200
2020-05-14,331.6866149902344,332.1881219611336,322.9246330774436,325.08806650603276,1147600
2020-05-15,337.2230224609375,337.4983695708832,329.7984339428498,331.89305267699365,1614500
2020-05-18,341.20574951171875,346.01449578546067,340.96974626213716,342.218636805288,1396000
2020-05-19,337.0852966308594,341.4810364429456,335.7380616343469,340.2518030504224,1201200
2020-05-20,335.4823913574219,340.1141346518453,335.1480434561204,339.3077803066276,1352300
2020-05-21,330.1722106933594,336.2888795051388,329.1888236175787,334.6171094720749,1175900
2020-05-22,334.6072082519531,335.1480589975482,329.9459343280505,331.8143932904714,1098200
2020-05-26,327.04498291015625,341.4515947452359,326.4942886564755,340.4977082682199,1647700
2020-05-27,331.74560546875,331.8439501693906,318.96157466078733,330.9195640024293,1744400
2020-05-28,337.0459289550781,340.1337774240924,334.0466116933841,335.2758449990913,1290400
2020-05-29,343.38885498046875,343.9395492131011,334.9022217021231,339.3569629118079,1548800
2020-06-01,343.5264892578125,345.306446932121,341.8252493420936,342.2185980503798,845700
2020-06-02,344.2739562988281,344.97215267614536,340.9206029781728,343.5167591014892,1166500
2020-06-03,341.422119140625,346.73240269291506,339.6520346267244,345.58185676205613,1209700
2020-06-04,342.3661804199219,343.9789495161787,338.2064725878792,338.2064725878792,1763500
2020-06-05,348.31561279296875,350.49873266575514,339.82897999916145,342.36610471103484,1712100
2020-06-08,344.0673828125,347.9222423121703,342.28745508244594,344.54923274731283,1314800
2020-06-09,341.87432861328125,346.3487554287741,341.0581309802221,344.2639507307931,1672300
2020-06-10,346.9388732910156,348.7188011123468,342.0711263251121,343.5757070252038,1140600
2020-06-11,330.8506774902344,346.72252580085984,330.09348041204885,346.1128307495175,1647700
2020-06-12,334.33416748046875,339.82504372125277,325.29092599507277,337.0500708759144,1523100
2020-06-15,335.377197265625,337.335407854934,328.5185052167345,328.5185052167345,1632100
2020-06-16,341.675048828125,343.04283551700246,336.00702391308147,341.3404820838656,1549100
2020-06-17,344.26300048828125,347.3430200786801,341.7045157466252,344.4105990246762,1302600
2020-06-18,341.8915100097656,346.46724516873985,341.4585342497976,343.18058737641763,1129900
2020-06-19,347.09698486328125,349.33072261674056,342.5999596212161,348.8190377212511,2328500
2020-06-22,346.5361633300781,347.92364985400934,343.0231674522667,346.92976950000576,1138100
2020-06-23,351.1217346191406,352.28288328416414,347.3922509937867,349.33079208345885,1680600
2020-06-24,342.4031982421875,350.02943358976347,340.72051472234625,349.8031258245979,1892700
2020-06-25,346.14251708984375,346.55579300984687,337.7093699886141,342.22606558141115,1294900
2020-06-26,345.3453369140625,350.01947936536436,342.69829383922405,346.8705713860867,1656400
2020-06-29,345.19775390625,347.7956078362167,343.46588131648826,347.7956078362167,957300
2020-06-30,356.5535888671875,358.157563302005,344.007200657211,344.86330234199676,1710300
2020-07-01,354.02459716796875,357.9508987843839,351.298843840368,357.9508987843839,1600200
2020-07-02,360.04681396484375,363.9140453326628,356.21892218213895,356.2681116786406,1127800
2020-07-06,376.1652526855469,380.3966010017274,364.1010616051527,364.3470691806206,1859200
2020-07-07,374.17755126953125,379.57986843558535,373.616646746765,375.04350280708815,1368300
2020-07-08,380.4555969238281,388.69192480408225,376.42106714133706,378.39897743165545,1456800
2020-07-09,381.4790954589844,385.12983999795443,377.42486480409985,379.41262552042974,920200
2020-07-10,376.4605712890625,385.3266660431862,375.6438091230795,382.5615426253105,983600
2020-07-13,372.8785705566406,384.1752484900212,372.4259250560124,378.51707462639894,1052800
2020-07-14,381.27239990234375,382.1383514353928,369.14916853032815,372.8786220221219,869200
2020-07-15,386.4287414550781,387.94412661544624,381.65618811570386,386.4287414550781,1137200
2020-07-16,386.15313720703125,387.22572650171094,381.7348212696086,386.6549721792683,1002600
2020-07-17,389.0855712890625,392.13607119903907,384.47046681908273,387.53081664164597,1206700
2020-07-20,396.5346984863281,398.7389167892031,390.8470044489138,391.54565756630325,1511200
2020-07-21,396.65283203125,403.1474390325821,395.66880157741866,398.95545968958817,1486900
2020-07-22,404.2002868652344,414.266897396415,400.0083082685428,403.29496579558526,2283900
2020-07-23,403.92474365234375,413.2336613125829,402.57659699840525,411.46241889299415,1522300
2020-07-24,399.8902282714844,400.78569942605986,392.7855284792297,396.92828753175166,1323400
2020-07-27,406.8375244140625,409.8683247838615,397.89269182601504,397.9418813331315,1312700
2020-07-28,400.85455322265625,408.293849633199,400.12638043824904,405.046531749585,1107000
2020-07-29,402.7242736816406,407.3885679660735,401.6812039052081,403.94446171515256,1099300
2020-07-30,404.0034484863281,406.10928759126097,397.98118828863227,398.8372897831766,1142800
2020-07-31,407.3393249511719,407.75260083006833,401.07102717252764,402.48803310346864,1217900
2020-08-03,412.3971862792969,416.933580824023,410.53738493712757,411.5706045683087,1049400
2020-08-04,409.0810852050781,412.23981411897813,406.1781837534352,412.23981411897813,911300
2020-08-05,413.1943359375,413.60764189577617,409.2188449344867,410.2520948150656,906100
2020-08-06,409.0909423828125,413.4993790686062,402.47825732389936,412.3185606835783,1229900
2020-08-07,407.7132568359375,410.20285226838917,404.95798403606966,407.38854005354,1006700
2020-08-10,403.60986328125,408.57920418356576,401.7500316373927,407.49676486943355,1206100
2020-08-11,400.7364807128906,403.60986233730137,394.8126292515429,402.8324700093944,1337700
2020-08-12,409.5238952636719,411.3640270843362,400.73648203123224,402.3699759013451,1060500
2020-08-13,409.94720458984375,410.9804248353424,405.4403270683666,405.4403270683666,1080500
2020-08-14,407.1524658203125,409.8191800441256,404.1806745162895,408.08727676921035,898100
2020-08-17,410.1438293457031,413.03688091700747,407.97898063881945,409.3566170941495,1225800
2020-08-18,410.6358337402344,413.2041684487212,409.6813231443939,411.039289768396,1037300
2020-08-19,413.90283203125,416.63843514368364,409.17949846582667,412.5743850815302,1230100
2020-08-20,415.3690490722656,416.33340965504703,411.8954230338728,413.125461008236,928700
2020-08-21,421.725830078125,423.05427685434785,414.29638404899197,416.1365457486237,1301300
2020-08-24,413.0565490722656,425.4750060742199,409.7994113335998,422.69018363818293,1201100
2020-08-25,415.54620361328125,416.6876824742848,411.62975183312534,413.4502140686072,963600
2020-08-26,418.8524475097656,420.8106880231051,413.93229652285373,414.69983887560323,945900
2020-08-27,413.8143005371094,417.05176894300183,396.2395321084279,402.76362839761634,2092000
2020-08-28,417.701171875,417.94717943782047,408.53985263798353,413.2927055383781,1325000
2020-08-31,422.12933349609375,426.52795018614336,418.1341728370588,418.6950472911907,1557600
2020-09-01,426.8034362792969,428.79116650419195,423.6741973703102,425.2486517215214,1489700
2020-09-02,434.0164489746094,434.9020703349983,423.2511539179841,427.5612119061316,1221600
2020-09-03,412.96795654296875,431.92035728316483,407.87065741612713,431.11344533282795,1882700
2020-09-04,403.4327087402344,413.26316074409266,394.66499612994795,412.92859408259375,2189300
2020-09-08,398.8274841308594,402.28144022822306,394.83232335947906,401.474528143503,1515200
2020-09-09,411.6396179199219,415.7233382106294,403.34424857738685,404.0232019483165,1665900
2020-09-10,413.0270690917969,422.4835863287791,411.236126649818,416.95334057363874,1540600
2020-09-11,424.244873046875,427.06903443751474,418.20291422811835,418.80318816412165,1743200
2020-09-14,427.3856201171875,433.0466827320722,426.3223080527091,428.70489023414666,1052300
2020-09-15,428.37017822265625,430.7035158841016,426.4503274643375,428.90183428651505,1292600
2020-09-16,427.1689453125,433.9523582867715,425.9284248077331,432.00300325990474,1842700
2020-09-17,426.23370361328125,431.47142440743676,422.39403237153243,424.49109167736674,1304300
2020-09-18,422.4136962890625,427.12961581425543,419.48963329101014,420.1394284067496,1737800
2020-09-21,418.8891296386719,419.63738410626337,409.0438026253255,418.1802648918888,1283200
2020-09-22,423.5854187011719,424.63887609874115,415.5910164846516,417.3434838176053,1168600
2020-09-23,414.251953125,425.0818119010592,413.70061726368107,424.10710418023916,966500
2020-09-24,411.6725158691406,414.59654913211614,409.15208452582755,413.00161097211003,904700
2020-09-25,415.7582702636719,418.2196017056366,406.4150356789998,409.3390986338759,1112900
2020-09-28,421.76397705078125,424.45173208801265,417.48125380402314,419.91305077067034,1110700
2020-09-29,427.6219482421875,429.55162400685396,423.3490797405057,424.10715913666456,911900
2020-09-30,434.6909484863281,437.9202151466931,428.34072940661844,429.8470635185603,1516300
2020-10-01,431.4222412109375,445.6881104211035,429.3645414275989,439.0720494744729,1452300
2020-10-02,428.3308410644531,434.96658257609886,426.31256082618347,427.4939821685034,949000
2020-10-05,443.69940185546875,444.76268403943646,433.1944238568944,433.1944238568944,1149100
2020-10-06,438.9932556152344,445.008735381828,438.3828201647225,444.8708863959074,1198100
2020-10-07,445.3632507324219,448.89774998598796,440.96241788361175,440.96241788361175,1012900
2020-10-08,446.52496337890625,447.72609445914856,440.25349496854164,447.72609445914856,832400
2020-10-09,457.5123596191406,458.2015144846869,448.2479032679788,450.31542795572506,1066000
2020-10-12,459.5010681152344,464.0299242010538,455.3561941751745,458.575605043741,927200
2020-10-13,460.2986145019531,463.5869504179087,458.802135476269,459.6685291395016,916400
2020-10-14,459.78668212890625,465.13268813343427,457.1185765524768,459.78668212890625,851900
2020-10-15,457.37451171875,458.79224121972567,451.28025186199386,454.824575614433,936600
2020-10-16,461.3421325683594,466.5109287759451,460.26899562786963,460.95818047376804,1070300
2020-10-19,454.15509033203125,463.9708823958603,451.69375862139765,461.61783485862907,1248800
2020-10-20,458.063720703125,463.1045236179128,454.03698532747967,454.1354145668572,1081900
2020-10-21,461.5095520019531,471.5813021614476,455.2676183714438,467.65302635464553,2212800
2020-10-22,474.5348815917969,477.4983344780828,462.83862892141656,464.39420733141094,1454600
2020-10-23,472.74310302734375,476.2283273239396,466.1664014332976,473.56025198848545,1164400
2020-10-26,474.9681396484375,475.1552032794171,467.6530683377924,467.7219928430072,1310900
2020-10-27,481.7318420410156,483.1200367648625,476.60243504471975,477.498363414531,1332000
2020-10-28,469.33660888671875,478.7093800965146,468.3717860002203,474.8893881374522,1673300
2020-10-29,464.58123779296875,472.5461027448778,463.82312847862784,472.2310451089323,1330100
2020-10-30,465.8020935058594,468.1157512968348,458.2999593438669,461.80489325657965,1251900
2020-11-02,473.11712646484375,481.7514965513396,470.1635286801196,471.39419442375464,1656000
2020-11-03,483.8978576660156,493.96963874472164,481.3282415517516,483.4252711188329,1714300
2020-11-04,503.06671142578125,509.9879756071996,491.49845136133223,492.2663857212351,2300100
2020-11-05,506.7980041503906,521.674277119614,503.8345514486423,516.8796082277229,1526100
2020-11-06,519.4984741210938,524.3325631065234,506.5519057668956,510.5589608823196,1367000
2020-11-09,477.4884338378906,514.9105258369036,476.818958911979,513.7094249645295,4192000
2020-11-10,461.3421325683594,476.4941038730322,454.8540662675417,472.9399255237487,3377200
2020-11-11,476.5138244628906,480.9934362076985,461.8147585349165,464.7585016789015,1917800
2020-11-12,479.0342712402344,490.32686352783287,475.4308776283211,477.4984024935902,1463800
2020-11-13,481.0328674316406,486.7136107565125,478.56168053897034,485.3648056550419,1160800
2020-11-16,473.5504150390625,488.06244873309123,472.70373126512055,488.06244873309123,1737500
2020-11-17,471.5911865234375,476.4449257625263,469.7501150910628,471.68964580739686,1546600
2020-11-18,447.1549987792969,473.9933664529984,444.7527368868684,472.4870328114432,3527800
2020-11-19,446.091796875,452.5995439574891,443.0889539477751,451.83160961114226,2093500
2020-11-20,444.0636291503906,450.2071034693957,442.79357357828945,445.77670640190865,1868600
2020-11-23,439.131103515625,448.8681459976107,434.92715985106184,447.47009639279804,2251300
2020-11-24,432.76123046875,438.6290374803264,429.02984278448093,437.4279062755368,2832500
2020-11-25,441.51373291015625,442.73454393089116,431.40256212885396,431.69793998731143,2650200
2020-11-27,446.3870544433594,447.56850552761995,435.16338932508023,446.4658338732696,899700
2020-11-30,457.78802490234375,459.37310812484634,447.96237775625775,450.00036765280703,2557000
2020-12-01,463.8133850097656,468.4308460156454,458.10307702657644,462.730392974544,3041900
2020-12-02,471.4828186035156,474.7416190185592,462.336502581817,469.1002365553095,2003400
2020-12-03,469.8190612792969,474.00332565347867,464.3647411881958,472.57574108406465,1488100
2020-12-04,467.2789611816406,471.31555174377263,461.98216981453425,469.09049796094394,1650000
2020-12-07,465.5756530761719,470.7050597015636,463.7148719706034,466.5109410538771,1263500
2020-12-08,466.6488037109375,472.13262782433765,465.5756667107769,465.5756667107769,1433700
2020-12-09,454.2436828613281,470.11434451169094,451.77249627350665,470.11434451169094,2417100
2020-12-10,461.4898376464844,465.6839564672996,454.85409701457166,455.8878443077473,1564300
2020-12-11,464.0989074707031,464.60099874225415,457.84711849873736,460.7613270261473,1192500
2020-12-14,460.1194763183594,470.27474493291516,459.0458382755516,464.33524232865307,1745400
2020-12-15,463.9117431640625,466.374224226648,458.25786620384946,462.7395997735051,1129100
2020-12-16,450.919677734375,461.4393893175871,450.71280768815376,459.3413507029321,2058300
2020-12-17,457.9623718261719,458.01160942265767,451.27426497018183,451.48110495883805,1765800
2020-12-18,459.67626953125,462.10920208608366,448.57541543686426,455.7953968719674,3379600
2020-12-21,455.9332275390625,459.28219525096375,447.18649135673735,455.37177472988844,1282200
2020-12-22,458.218505859375,458.40565683213134,452.6040367958538,455.421100811728,1043900
2020-12-23,451.4613037109375,462.3356255909682,451.4613037109375,460.8088697048434,1241000
2020-12-24,451.2151184082031,455.2732818684498,449.56033856103875,450.5354713174786,442100
2020-12-28,453.8155822753906,456.54400054023256,450.4863029851107,455.1452980351221,736500
2020-12-29,455.9136047363281,459.3315298433529,453.8352850327118,459.0064955512614,803200
2020-12-30,454.8005065917969,459.59741429477486,454.55425851620595,458.33662535013264,714800
2020-12-31,458.78973388671875,459.2329924664146,452.63353172194803,454.64292452521187,967200
2021-01-04,464.7391662597656,469.23072963272614,455.23399469381667,462.0107178101606,2220400
2021-01-05,470.550537109375,475.652790164686,463.93138744911903,464.9163797791596,2046700
2021-01-06,477.9281311035156,482.6068447794929,463.1729648961444,464.22688386839866,2112300
2021-01-07,492.8212890625,497.90385401877944,480.676344646322,482.5576839466577,2144400
2021-01-08,504.61163330078125,511.21109491211257,495.50045290013185,502.2279683428437,2221700
2021-01-11,505.6458435058594,510.86635151749533,501.3217423382455,501.3512909089733,1669600
2021-01-12,491.2846374511719,507.96058125251693,488.4971222482291,504.58206461098104,2039000
2021-01-13,494.1805725097656,497.42120621047417,492.26968467916055,492.4962437727467,1410200
2021-01-14,489.45257568359375,499.7063501452561,488.615326134085,494.46618337802585,1426700
2021-01-15,495.5890808105469,503.83346222675,489.5412131649798,489.8662474243663,1892600
2021-01-19,499.7654113769531,506.2564771411809,495.54964542235626,502.346086462581,1758700
2021-01-20,508.0986633300781,511.9598178997781,501.76513739250544,502.0113855687217,1257100
2021-01-21,504.670654296875,512.1960101047042,504.3259310300457,508.05903030694947,1514200
2021-01-22,506.87701416015625,509.3493544552839,502.35593316428543,504.03040204061176,1936600
2021-01-25,511.04364013671875,514.1660493116237,507.88179278828164,510.7481544310627,1509700
2021-01-26,500.2086181640625,510.3835752276329,499.5880982754288,508.46288836990203,1006300
2021-01-27,475.2392272949219,493.48127891976577,471.9887337692785,492.71298591544786,2504600
2021-01-28,489.0290222167969,495.78605544001067,482.3113670454471,483.9562874684266,1619700
2021-01-29,502.050537109375,505.9707868330677,483.26672861318275,486.6255556273198,2586400
2021-02-01,507.7340393066406,518.6872108751894,504.31614429527815,509.0835342992539,2083100
2021-02-02,510.7481689453125,517.8400665592603,510.23595362817474,512.1862194600935,1502000
2021-02-03,492.712890625,511.77249923242965,491.80668440716266,511.01403586000544,1704900
2021-02-04,481.62188720703125,495.5004268535996,480.3414090797053,492.71291151998497,2921900
2021-02-05,485.1678466796875,486.9506804915095,479.7503885629819,484.15330572566955,1678600
2021-02-08,488.31982421875,494.6139097966025,485.8376242222041,489.54120513160177,1418800
2021-02-09,481.9567565917969,492.4863274750042,480.9717642177613,487.8568813527858,1452500
2021-02-10,477.6031188964844,486.8226333159583,476.54916981600525,486.8226333159583,1677800
2021-02-11,486.635498046875,487.09844569138613,476.8348414035368,480.84376780817746,1027100
2021-02-12,500.2086181640625,503.6068535663799,486.33008049501916,486.74379048035394,1762800
2021-02-16,492.5749816894531,505.9019275379597,490.8414155217232,502.3461194348731,1467300
2021-02-17,490.979248046875,497.9726993119531,486.67483655270075,490.1124500228659,1006500
2021-02-18,481.4642639160156,492.0529320141199,481.0013162944594,490.3784630017968,1465800
2021-02-19,471.6734313964844,482.54775556705965,470.8854495251074,481.799181807126,1918000
2021-02-22,456.3272705078125,469.1026229320945,454.83009290541577,467.6448233821631,2127200
2021-02-23,451.92437744140625,454.4656747612558,446.25081138740137,453.96331899951224,2055400
2021-02-24,449.806640625,466.2559959484192,447.77755865133025,463.7639663365092,2426700
2021-02-25,444.6944274902344,451.12642532136334,441.80840757311,450.88017727260717,2147900
2021-02-26,443.32550048828125,449.0680247535659,442.09425961522953,447.8958810376533,2153100
2021-03-01,452.6630859375,453.6874864071812,447.1274336914069,447.37368178107,1309000
2021-03-02,455.17486572265625,460.29683870121227,451.2053471851302,453.09654599462965,1718700
2021-03-03,444.192138671875,458.02143958705716,443.93606110315847,455.28316207535,2001100
2021-03-04,434.8347473144531,445.14761920162107,432.41167436680314,439.3854075062288,2508900
2021-03-05,440.16357421875,442.11387010403547,427.0139189127933,438.32164313466143,2749200
2021-03-08,433.2488708496094,447.2751516370206,432.85487993999504,438.9224060791308,1572100
2021-03-09,441.38494873046875,454.14061287746387,441.00081730909454,443.2465988743412,2863300
2021-03-10,434.47027587890625,452.879785467228,434.1156930583838,449.846022228738,2759800
2021-03-11,453.608642578125,456.2779933505124,441.2864093618409,443.24653441719823,2617100
2021-03-12,443.7291564941406,450.2596600302388,440.7840392365192,448.1517922110159,1577300
2021-03-15,446.28179931640625,448.617574388536,439.31387488992794,440.95977521534843,1701800
2021-03-16,439.984130859375,449.14000390189733,435.61810145018484,448.71621975469975,2402400
2021-03-17,436.21917724609375,439.46168163617995,433.8538366582882,436.4163014938014,1876300
2021-03-18,439.3139343261719,446.9717345354087,432.0010564984859,434.60295267769806,2126800
2021-03-19,438.5845947265625,443.8869187403481,438.34803958867525,440.70354526938473,2693100
2021-03-22,448.0953063964844,449.80033828128614,436.70222012050243,438.5846458216806,1431800
2021-03-23,445.48345947265625,451.51508828143886,443.99525266374746,447.55311361442324,1156400
2021-03-24,438.93939208984375,448.16426067235983,438.56487401704675,443.97562552218324,1547700
2021-03-25,435.90380859375,438.3677112377856,428.3544072831924,438.3677112377856,1680700
2021-03-26,453.4173278808594,453.97910503860254,435.874348825455,438.1805586511468,1750900
2021-03-29,451.94879150390625,454.2944318933354,443.72921498155483,449.8988074337581,1926900
2021-03-30,444.9512939453125,451.73195947498294,444.2219883183566,448.4598892359309,1448200
2021-03-31,449.7903747558594,454.185968792681,446.4591734616501,449.4946883829011,1563600
2021-04-01,449.7115783691406,455.44755196088636,449.5046189318547,454.5901185009027,993200
2021-04-05,458.6703186035156,460.70057216887506,453.58481945398427,453.58481945398427,1509600
2021-04-06,461.97198486328125,466.17048554161835,456.8963502855635,461.19341310731073,1150700
2021-04-07,459.64599609375,464.02188983591776,455.77274814317695,460.2570391707029,1801800
2021-04-08,464.7019348144531,468.92013521857905,463.0067684795088,465.0370219871012,1339400
2021-04-09,471.9654541015625,472.2217095848836,464.2484946675694,465.6480045143315,1147500
2021-04-12,469.10748291015625,474.2619493094502,467.7079726168506,471.2264337101321,1163100
2021-04-13,477.8493957519531,480.6582514337319,471.14756095790904,471.6797724741376,1837300
2021-04-14,471.1377258300781,486.07883854297086,466.61400313417965,477.01166267619953,1744500
2021-04-15,487.2417297363281,490.8685875765632,477.01160011170475,477.9971612689603,2380000
2021-04-16,485.8028869628906,491.7950864050731,483.82189913451265,490.88835677944894,2590500
2021-04-19,480.59906005859375,487.6063854919974,479.06155697322095,482.92496996680893,1677200
2021-04-20,475.3952331542969,482.92493432229287,474.9123178445946,480.6581558450245,1464500
2021-04-21,473.47344970703125,478.8940361926121,469.6002014912546,477.258001025913,1312400
2021-04-22,477.21856689453125,481.7718546989786,471.9754043155271,472.5962825895462,1087200
2021-04-23,481.0426025390625,483.2896810590238,477.17921915657496,478.4013055216761,1210800
2021-04-26,486.9066467285156,489.0847284831898,479.56420401320617,481.9985412955855,1671400
2021-04-27,483.141845703125,489.3508696569064,483.03341832370177,488.44417013399544,978300
2021-04-28,478.78558349609375,484.49199084332736,478.04641265079704,482.4913029584684,1140500
2021-04-29,457.6847839355469,472.852555290485,454.9350597429895,470.73360470813856,3359200
2021-04-30,463.4405212402344,468.30919668179376,458.2860245876025,458.7492396219839,2094800
2021-05-03,460.6316223144531,466.2985995078232,458.4239747367879,464.9680858035565,1581300
2021-05-04,458.5618896484375,459.0448049862422,452.99347517871735,457.23137608351055,1703100
2021-05-05,461.0159606933594,466.6632373072688,458.10857314278417,461.8339933484108,1586000
2021-05-06,463.35174560546875,463.78536485201516,455.6347847562359,462.2676222967524,1530900
2021-05-07,461.6861877441406,472.07398184713395,461.144111000905,466.6041288438431,1442000
2021-05-10,456.7779846191406,463.1644311007875,455.72342706892795,461.26227540093873,1502700
2021-05-11,457.3003845214844,457.4383775227109,448.92311454641407,451.13076195051764,1568700
2021-05-12,448.2135314941406,457.30040716722215,447.50392621097586,451.0913834972369,1454500
2021-05-13,450.3226013183594,452.35285482451735,447.01110030681156,450.4605642354988,1240300
2021-05-14,452.44158935546875,454.73793372803465,448.3515163722978,451.2687691159917,1009700
2021-05-17,446.38037109375,454.7773412979477,445.29624780898587,454.21556422171454,1092300
2021-05-18,448.0459899902344,452.41204923069176,442.04392552581874,444.20230709146364,1897200
2021-05-19,450.3522033691406,451.5151583692529,443.0885920444079,445.37510125194257,1136600
2021-05-20,458.5718078613281,460.9174484764,451.0914014945292,451.0914014945292,1181200
2021-05-21,455.66436767578125,465.03706443740225,455.4081121357426,460.8484292815401,1415300
2021-05-24,455.7826843261719,459.8333570331579,455.05337856647276,458.65067140618294,1194800
2021-05-25,457.3200988769531,459.6953049869149,454.9153271339603,458.58161601451155,1592500
2021-05-26,453.0525817871094,457.7931282439324,450.6478103111692,455.41792239773997,2142600
2021-05-27,465.6579895019531,465.81568291094044,450.4211909453017,453.0329523152851,4059500
2021-05-28,462.7210388183594,473.7494723733487,462.6323419089694,464.92868654614,1618200
2021-06-01,440.55572509765625,464.11063194731696,439.86582022145996,460.25708401581034,4619100
2021-06-02,442.7239990234375,445.94680383922156,440.0827018632116,441.2456570204378,2355200
2021-06-03,438.8999938964844,444.97105502244204,437.58921062104673,441.1175067881451,2396100
2021-06-04,442.2805480957031,445.9566729067499,438.70295536412505,442.48750757031377,1731200
2021-06-07,438.03265380859375,444.0741182370647,437.0569278430343,442.8126012008001,2782000
2021-06-08,434.63250732421875,437.58919104751277,432.385428897593,435.39137865216503,2819400
2021-06-09,441.73834228515625,443.4138082241475,436.10093146149393,438.2297470952831,1795700
2021-06-10,458.19732666015625,458.9759285411021,441.33435647539136,442.3100826553182,2679600
2021-06-11,458.4338684082031,459.1730394408113,454.50148813935044,457.3694753551037,1935000
2021-06-14,463.5418701171875,464.3997831031904,456.9546464078368,458.2464512639179,1452700
2021-06-15,463.55169677734375,466.86505004025594,461.09628656828545,466.1846300869908,1260700
2021-06-16,461.9148254394531,470.69122057471566,459.45938487754705,461.5598092945779,1691700
2021-06-17,479.3294982910156,482.52452290504647,461.5498930659337,462.32893028191404,2237300
2021-06-18,475.7696228027344,481.281987182733,473.7678159524173,476.43033131306544,2321300
2021-06-21,476.844482421875,480.2367112910622,470.0994776034941,477.4953201798452,1111300
2021-06-22,485.3744201660156,485.5617839465741,476.2627503904972,477.59400827044675,1840600
2021-06-23,487.15924072265625,487.29731090471313,482.35687811310106,484.072734165921,1358000
2021-06-24,488.4807434082031,491.508116438624,486.6958819354674,488.1257573024471,1326600
2021-06-25,486.02520751953125,490.79798786287057,484.3685459313497,488.12563171950796,4676100
2021-06-28,498.08538818359375,498.7164844821456,485.17718024755214,486.82397113255297,1449600
2021-06-29,501.1817626953125,503.5090036366232,493.80566111281826,497.7994043443151,1349900
2021-06-30,497.4641418457031,501.7833191308457,496.3005363936023,500.45206132335113,1010000
2021-07-01,502.45391845703125,502.49337138466245,496.2710037000013,498.81516079753635,1129300
2021-07-02,506.1912536621094,507.48305857330985,500.38303684523083,501.8424941153815,923400
2021-07-06,509.8793029785156,511.2598844889122,506.1518292004892,508.50859222266195,1288700
2021-07-07,515.4606323242188,516.9792839033662,509.88913351199193,512.7586940438173,1433500
2021-07-08,511.40771484375,513.5969155730521,504.3767590195053,504.8895266112159,1384000
2021-07-09,510.0765075683594,512.729152321014,507.44360432363186,511.87123935152385,1184200
2021-07-12,507.5422058105469,513.6955377050235,505.80663831466353,512.4727679295219,1427600
2021-07-13,507.15753173828125,510.7173826112445,505.1656258673733,506.76312294021324,941800
2021-07-14,503.6865234375,509.71168624463877,502.39471851644475,509.38625227883034,863900
2021-07-15,507.3350830078125,508.65650009255995,502.32564530924395,502.8482836720499,1074800
2021-07-16,512.5714111328125,514.25768522936,506.74351255357124,507.61129639638176,1080800
2021-07-19,514.3760375976562,515.4410560333218,509.0510056068637,511.34866476377425,1317300
2021-07-20,515.3225708007812,522.195744484579,512.8276778488321,514.6125386635106,1145400
2021-07-21,507.1181945800781,515.7071954388092,500.1167902158474,515.7071954388092,1113000
2021-07-22,517.2160034179688,518.4979376234434,511.4570799669885,512.4925462363432,868400
2021-07-23,524.8681030273438,525.7457573534646,518.1625519282179,519.8882483236738,1005100
2021-07-26,521.771728515625,525.5978490044298,518.0935489448867,521.3970010315397,874500
2021-07-27,522.9155883789062,527.0769528302365,520.2333319893556,521.0222096848081,1091500
2021-07-28,520.9337158203125,521.8310517923557,508.83409511256616,510.80632028742104,1814500
2021-07-29,526.3572998046875,527.9744785972501,522.5903427504571,524.1484173867692,1000800
2021-07-30,532.510498046875,535.7547857567722,524.000344317895,527.4616080253096,1412800
2021-08-02,526.2684936523438,536.80016756712,524.493503250982,534.5518624420694,1147400
2021-08-03,529.532470703125,530.9426041664384,524.9076012910945,526.8206616919402,934100
2021-08-04,531.3964233398438,533.7827992516393,527.9745809298635,531.3865525827116,854600
2021-08-05,534.8180541992188,535.5675092786346,529.2564258171576,533.4572142260744,781100
2021-08-06,530.7257080078125,534.4729231064784,526.1698735151541,531.8005368234371,765800
2021-08-09,533.6446533203125,538.466758245467,531.6428760953978,536.2776172242518,861700
2021-08-10,532.865478515625,539.0089386514964,531.731425338651,533.2698182482919,903200
2021-08-11,529.798828125,536.405794121328,526.6137039093396,532.9445295069253,898900
2021-08-12,534.48291015625,535.5972222305188,528.5070700937066,529.1874902081935,603200
2021-08-13,537.076171875,537.1254654483072,533.1317230102086,534.4333983580914,608300
2021-08-16,546.7598876953125,546.838733350092,535.1828778852479,538.8216349470838,1141400
2021-08-17,548.584228515625,549.8464813735374,544.4524148382062,546.2766988417978,830300
2021-08-18,537.095947265625,548.2686174845738,536.7607027584062,546.2766511989516,913100
2021-08-19,544.2157592773438,546.5725825452198,534.8476907345587,536.4846109658378,834900
2021-08-20,547.2924194335938,550.2408860812585,542.7760074801744,544.6102224121491,951400
2021-08-23,544.935546875,552.9132224971906,543.8409765801977,549.9548853625749,1275100
2021-08-24,542.8450317382812,546.6317300201979,540.6755723157003,546.6317300201979,876100
2021-08-25,540.4684448242188,545.4975934660699,536.6028412833067,544.9059501626232,963200
2021-08-26,545.09326171875,546.3653247931305,537.5692207947702,542.3617116564038,766000
2021-08-27,540.8926391601562,549.8761106224591,539.8670435222833,546.9769371318076,846100
2021-08-30,550.7735595703125,550.9904754760049,540.4193761385486,541.3758765750813,873300
2021-08-31,547.2431030273438,552.1440528961735,540.991123761923,552.0553364828187,1287100
2021-09-01,553.9188842773438,555.5065705706576,544.245126558497,545.103099495727,1062900
2021-09-02,557.616943359375,563.7308522047497,552.1736439031101,553.6133294701095,1137200
2021-09-03,560.2202758789062,560.8908250581925,552.7455875586874,555.1319626066652,825500
2021-09-07,561.2655639648438,561.5417043200213,550.6944681884773,560.1118293379042,1241900
2021-09-08,564.6282958984375,565.3087159114116,558.3171520045466,560.9007618653981,945100
2021-09-09,560.8810424804688,567.635888378198,559.1750270926834,565.9594852525681,1122600
2021-09-10,564.016845703125,567.6358612029001,561.2951659662289,563.6421181922467,1054700
2021-09-13,551.364990234375,567.3104097101495,541.5531605427964,565.3874786349123,1372500
2021-09-14,554.8477783203125,558.5375457143389,552.8548848273839,555.6271480471368,785400
2021-09-15,555.4002075195312,558.4881805435476,549.5596619969026,551.9373325796862,1241400
2021-09-16,552.9140625,555.2324811395267,547.833195844606,554.5616198319851,1053400
2021-09-17,588.7855224609375,601.1176591588271,568.2648590387515,589.0420405387355,5272300
2021-09-20,582.2743530273438,594.103332461651,577.1441705790904,584.7309057599393,2674200
2021-09-21,589.0223999023438,594.6656180217268,581.0903897738507,585.5200844688826,1364400
2021-09-22,598.483642578125,601.9958333522163,587.3649668009648,593.4422786130921,1696600
2021-09-23,600.0621337890625,605.8829274904539,595.0602109786278,598.947303604845,1179200
2021-09-24,601.5912475585938,608.6451935431388,597.7139708336388,603.1894876398759,1300900
2021-09-27,586.684326171875,597.3886606883665,575.9899272182001,595.4056427812346,1708800
2021-09-28,568.708984375,580.6859732809016,562.5034129444131,577.4993073354149,1750100
2021-09-29,571.8167114257812,578.0716000723521,570.2382214043015,573.1979353562269,1040900
2021-09-30,563.65771484375,580.8043263348084,563.3222541562208,575.0328489487717,1510800
2021-10-01,565.0289916992188,568.46230019658,544.5971420253202,562.9078998876616,1657600
2021-10-04,561.3591918945312,566.8050859249435,555.0648608131626,563.8749372140425,1323700
2021-10-05,564.2003784179688,574.1154075630266,561.526748618992,563.3618169310529,1384500
2021-10-06,567.8704223632812,568.2650749737822,558.3105439537989,559.8792188326761,1133500
2021-10-07,575.6741333007812,581.2087829229669,572.1520671187932,572.1520671187932,1027800
2021-10-08,576.07861328125,581.6428890598677,572.6059237542858,577.4203958189092,851400
2021-10-11,570.88916015625,578.8606708612368,570.6918941245877,573.3950890859368,676000
2021-10-12,568.17626953125,575.1612114247903,562.3062182760677,574.1845154402282,1012000
2021-10-13,565.8578491210938,575.6446198456082,562.8586939581635,571.2741160834735,1223100
2021-10-14,569.5968017578125,576.710001082123,567.5349018749469,569.8829459153786,845700
2021-10-15,574.5691528320312,575.9700669225947,570.1986501194938,572.3690583498943,874700
2021-10-18,580.1334838867188,582.9550630292855,573.1978595399513,575.7234793695785,1534000
2021-10-19,584.1488037109375,588.9929021917826,581.7021263189765,583.0635994394785,765700
2021-10-20,597.4674682617188,601.6801463687409,591.9525692178404,601.591388685354,1062100
2021-10-21,600.23974609375,603.7815631304744,589.5453482060552,602.7259247403144,959200
2021-10-22,603.7421264648438,603.8407594975276,596.9248858285335,600.7527868588853,738700
2021-10-25,599.5886840820312,603.7816119427447,594.4091849599733,603.7816119427447,951900
2021-10-26,600.1707763671875,602.7950293783222,595.7508962526813,601.4729974180766,1051500
2021-10-27,604.0677490234375,617.583788534908,600.9502100584175,608.5171954376546,1771100
2021-10-28,611.7431640625,618.9352458786127,603.2783669585386,606.7412412381375,1280000
2021-10-29,624.5687866210938,625.5849238887538,608.665259879661,613.3218481571532,1541700
2021-11-01,626.5714111328125,630.1427944363269,619.408954046265,623.8583400466019,1582600
2021-11-02,627.6566772460938,634.7205013058854,624.2924353701886,629.294359120069,1376600
2021-11-03,633.7437133789062,633.9509150007972,619.9514677843499,627.9525454673294,1216600
2021-11-04,631.1688232421875,634.8783407220595,622.0726051390295,634.0693450831062,1396100
2021-11-05,608.5170288085938,613.4400088528556,591.400044693153,605.9322174017246,2693400
2021-11-08,616.0841064453125,617.8895486546578,607.1556488663286,613.1441434519804,1170900
2021-11-09,610.2730712890625,616.2319381121564,606.7510057937606,615.3736262082732,927000
2021-11-10,618.4420776367188,620.4645367814072,607.4220929518622,607.4220929518622,1119100
2021-11-11,623.0000610351562,623.7399895526518,617.0707575471392,619.5371859387911,687600
2021-11-12,626.7191772460938,631.1193052290967,621.3916701892026,624.4105747973049,888100
2021-11-15,623.8681640625,630.6755295867345,623.5228882206958,628.0414012819344,826100
2021-11-16,632.86572265625,642.8202533227269,621.9148055823799,621.9148055823799,1346900
2021-11-17,628.741943359375,638.3116980157014,624.8449742727399,634.6909978254843,1390300
2021-11-18,629.0673217773438,631.642257841225,622.703926276133,629.8565665972608,968700
2021-11-19,627.5086059570312,636.3483056745258,627.3507810582938,629.6001321045878,1222300
2021-11-22,625.44677734375,632.1948914695337,622.526504551305,631.4056464545724,1318900
2021-11-23,624.2627563476562,625.5650374619781,613.9432006751572,620.750565541948,1022500
2021-11-24,624.49951171875,625.1703728467085,615.5217387170588,624.7461544958901,1283200
2021-11-26,630.1624145507812,657.6976476624785,628.3471574481321,643.9448441248496,1677700
2021-11-29,640.0579223632812,645.8589667942464,629.7087984011778,631.40567224187,1869900
2021-11-30,624.331787109375,640.5115165286057,622.6151630820005,632.8261495706352,2562900
2021-12-01,617.7415161132812,629.1166495430009,617.4751226482796,626.1569362537232,1502700
2021-12-02,619.1524047851562,624.9928897516901,610.5987886531042,614.2787403791027,1481700
2021-12-03,627.5679321289062,628.0513424906853,610.0267235764928,625.6342906817899,1698500
2021-12-06,613.8939819335938,627.1238763672119,601.0291140580894,626.4727658141134,2319700
2021-12-07,620.2672119140625,629.185794043852,615.8078907414035,624.6771563534172,1585300
2021-12-08,629.5803833007812,630.1032346814679,619.468029337059,622.526375717927,1267400
2021-12-09,628.5150146484375,633.7043895631009,626.5418719563548,629.5410271707275,1029300
2021-12-10,633.8819580078125,636.12149420696,628.4064991423393,628.4064991423393,989700
2021-12-13,637.3347778320312,640.6693928201798,631.8494451666154,633.8719037892986,1181900
2021-12-14,623.87255859375,634.9463749710874,616.2433124108462,631.6597534492864,1491500
2021-12-15,647.194580078125,648.1716690517421,624.9680347996082,628.4520617957929,1422800
2021-12-16,652.6329345703125,655.5148657847554,642.5362658762976,646.9578655740489,1625100
2021-12-17,642.5857543945312,651.7250947020349,639.0721480371546,646.9283807716281,2475800
2021-12-20,640.8582763671875,647.8065116492918,632.034777182359,641.9735553872657,1001300
2021-12-21,636.9302978515625,641.5295446972742,627.4060274382223,640.1872819536084,1201000
2021-12-22,643.2073364257812,644.9542295798893,636.9992664616526,640.266129547981,918400
2021-12-23,642.220458984375,647.6783638385093,640.582057427884,644.7470961078362,840000
2021-12-27,653.580322265625,654.1132634797679,644.3126751501029,648.349341902642,531400
2021-12-28,646.8392944335938,657.9722656217339,644.7172884757589,656.8274088900966,818200
2021-12-29,654.0935668945312,656.5017722680107,645.6846368525228,651.5274730780998,644100
2021-12-30,656.7780151367188,660.2225245918726,653.7480154675201,656.0279096499127,555600
2021-12-31,658.5447387695312,663.5783133956166,654.685719105322,656.3339393490339,778700
2022-01-03,636.5156860351562,655.6135619904074,631.8374651460797,654.3502134392136,1888800
2022-01-04,609.946533203125,629.7155411798012,604.6070601218486,628.9950132115132,2598000
2022-01-05,610.4597778320312,620.5663256657072,607.765312855441,609.9465349336756,1915400
2022-01-06,612.3151245117188,618.6514437900878,601.6656985735414,609.9463766231032,1686000
2022-01-07,599.1588745117188,613.3810617172387,598.2903375575135,612.9073361930418,1741800
2022-01-10,616.8947143554688,617.2697671710921,591.1151042613466,592.0231585727353,2095700
2022-01-11,612.4140625,619.1057390279102,604.0149494420128,616.8554215350524,2474800
2022-01-12,617.0526123046875,623.6554328456242,610.617559512809,610.617559512809,1554200
2022-01-13,593.0594482421875,617.7435372277755,592.0329625667392,616.5690424382088,2018100
2022-01-14,587.0487670898438,594.3918140804452,580.5249207032373,590.1379828685095,2426200
2022-01-18,582.4099731445312,587.0487362296475,576.5671376414512,578.5016172070942,1849500
2022-01-19,585.6373901367188,594.7372694171303,584.5319904319932,585.9729858726876,1875900
2022-01-20,580.495361328125,594.6287573520857,579.133400230747,587.3054680138954,1530300
2022-01-21,572.7674560546875,582.8345469710679,570.7441826437929,580.228935629929,2095500
2022-01-24,568.2964477539062,568.7011385714022,545.1717831293317,563.4109416524268,2586200
2022-01-25,560.351318359375,569.4511382426526,553.4129014776331,561.180398334574,1864600
2022-01-26,555.564453125,568.1087810539825,551.1033373494106,567.7534869408192,1892900
2022-01-27,546.5238037109375,563.9635162870121,545.6059304426981,561.1704394375544,1933400
2022-01-28,564.575439453125,564.9307335419771,536.6146139211629,547.3528325869144,1583900
2022-01-31,573.724609375,574.0305671110162,564.7135847835992,566.5197534780223,1886100
2022-02-01,586.5653076171875,588.0852175783917,572.6490744208162,580.6336166790612,2215600
2022-02-02,596.257080078125,600.7774111238042,586.5650455058308,598.2408957206084,2087200
2022-02-03,587.1771240234375,593.6615138725639,581.9955397377668,587.4535041004308,1758000
2022-02-04,586.6737670898438,591.371746533455,580.0610664504693,584.5912781253154,1393200
2022-02-07,579.39990234375,591.9344155632842,577.277956005817,590.1085477562508,1243000
2022-02-08,579.87353515625,584.926808215568,570.3591459430938,570.3591459430938,1143900
2022-02-09,582.163330078125,590.6709935016829,580.3177038516081,586.4467997592051,1335300
2022-02-10,572.718017578125,579.5577009494682,569.7965696037367,574.0898577892875,1931100
2022-02-11,558.9103393554688,577.2581092641137,557.2127825441796,571.4250920165225,1726000
2022-02-14,553.876708984375,561.3579451102918,548.724703447186,557.1633300905252,1387700
2022-02-15,549.4157104492188,563.7859686782937,546.6028744613234,560.0848369890768,1438600
2022-02-16,543.1780395507812,547.4713882718459,532.1437399719405,545.1717350127834,2154700
2022-02-17,533.4959716796875,543.6222788944303,532.5583997255516,543.6222788944303,1667300
2022-02-18,530.1401977539062,538.3813594392193,527.5839232036946,534.8085388059436,1473700
2022-02-22,522.98486328125,533.6638719334758,520.0338364818974,529.3409441720823,1728000
2022-02-23,521.69189453125,535.5785503633274,520.9615473845092,525.0673103736552,1520300
2022-02-24,533.1306762695312,535.3118980073721,507.24251574920265,512.0391674683143,2174500
2022-02-25,542.6648559570312,542.9017187362908,527.5839497866194,529.8539650742176,1156900
2022-02-28,536.910888671875,542.5267421045231,531.8181574833579,538.0162886234876,1772800
2022-03-01,535.9929809570312,540.4737961807352,531.7983649068993,537.5227700567713,1609900
2022-03-02,549.1986083984375,554.4492878036585,535.2823170500773,537.6708240819257,1643900
2022-03-03,547.0667724609375,561.5456443712399,543.5235891229437,550.738326768588,1355200
2022-03-04,540.1874389648438,544.1451910596503,530.0512563395692,543.0990071839957,1316900
2022-03-07,527.78125,537.7990014217568,517.3292301564977,534.9367695184666,2168400
2022-03-08,517.1715087890625,528.7486303483939,513.1150825956112,519.737602866532,1785200
2022-03-09,534.6408081054688,536.7529349934424,524.0999925506079,532.666871254601,1481000
2022-03-10,531.2357177734375,534.4927013012431,526.9127915537031,529.4394281362164,1481200
2022-03-11,522.9057006835938,536.4172998455026,522.0371637137886,536.1606784353646,952200
2022-03-14,528.896728515625,544.2046208600657,523.7546005173336,528.6993227512783,1102400
2022-03-15,543.7687377929688,545.6055129274063,533.004731618569,533.5577411302336,1253100
2022-03-16,555.530029296875,558.8678557164242,544.1241716909055,549.8715522072858,1397700
2022-03-17,565.1090698242188,565.5238118979636,552.0342973194928,555.5794650703317,1330600
2022-03-18,581.7389526367188,583.2004648819849,566.1854920681591,569.6121620684836,2622100
2022-03-21,581.9462280273438,582.8251363563377,574.5497039222262,574.5497039222262,1690900
2022-03-22,580.0304565429688,587.2591191962871,579.210857317082,582.9041770821531,1499800
2022-03-23,564.1807861328125,575.8039310109277,562.8377716432141,574.34235851482,1195100
2022-03-24,566.5310668945312,568.2493442214352,559.9837962016637,566.9754635106132,971300
2022-03-25,567.1234130859375,573.7990646861,561.17857765512,570.6686399943665,1037300
2022-03-28,575.9124145507812,576.0210274027136,567.8344994404478,569.7897718692404,945300
2022-03-29,585.4717407226562,589.1551758364014,577.6407041479517,585.3631278467077,1201300
2022-03-30,587.7232666015625,591.7720794143087,583.5164166435665,585.1359658780692,1092900
2022-03-31,583.2793579101562,593.6285596811838,583.2793579101562,584.9383861142023,1637400
2022-04-01,584.9483032226562,586.7455386710101,577.1468620454403,584.8297452332904,1028700
2022-04-04,582.77587890625,587.3184531233856,577.9468849152133,583.891782882261,1027700
2022-04-05,576.9889526367188,586.3209803558415,573.4437247812206,577.571556428882,1082200
2022-04-06,580.0798950195312,582.7462147437637,565.8793933275336,571.9427286644375,1232700
2022-04-07,604.5703125,609.4387842754472,574.6977993153959,575.7149147030956,2140200
2022-04-08,601.26220703125,610.6436594246089,599.1884364010722,602.3879957840971,1629000
2022-04-11,578.3616333007812,596.1469031075962,577.2556141702689,591.0513192758447,1470100
2022-04-12,563.8153686523438,578.3516521025226,558.4729053640121,576.7914119693756,1411200
2022-04-13,569.6022338867188,571.1230551572415,557.5544628159182,564.3683834180345,1286300
2022-04-14,561.8008422851562,570.8563949333958,557.5939922732653,570.8169157833329,1225600
2022-04-18,564.9905395507812,567.8247207262643,558.8876654373624,561.8601140539699,1161100
2022-04-19,566.9854125976562,568.8123030031018,561.2577404944336,567.5877861612333,1139000
2022-04-20,583.773193359375,591.1203536477066,567.9037201198767,567.9037201198767,1598100
2022-04-21,573.1869506835938,588.0689031222117,570.9255487243763,585.0865696660408,1231900
2022-04-22,554.2758178710938,569.5132597248997,553.7030388123856,567.6764248502147,1478000
2022-04-25,537.3694458007812,543.0082128810303,522.8825283952561,539.6703867998781,2597200
2022-04-26,509.9955139160156,531.4049689429526,507.60572919349477,527.4449987981918,2469900
2022-04-27,513.9849243164062,521.7370005344773,509.3040842970042,513.8467171806286,1895900
2022-04-28,551.9156494140625,560.2503294162364,541.2602587999918,552.7451333358588,2737200
2022-04-29,546.0201416015625,559.2628331084537,544.6277633916463,550.9972864464628,2168700
2022-05-02,538.7124633789062,546.5138429435108,529.2223409694238,542.0798833946278,1972000
2022-05-03,539.502685546875,546.9090958693149,534.6440972519404,537.5572370932829,1428000
2022-05-04,555.9547119140625,558.6901651520448,534.0910365439119,535.6117976193466,1251300
2022-05-05,543.6403198242188,554.5129381673446,536.2832746350693,552.9427528974998,1378200
2022-05-06,539.8580322265625,542.257701286795,526.9314146727024,535.6215883706219,1116300
2022-05-09,510.9336853027344,531.9382234131766,508.4549970726029,531.9382234131766,1568600
2022-05-10,519.6632690429688,525.6279357492823,510.10407092634375,520.7100391186412,1682600
2022-05-11,513.5110473632812,525.8748326373214,513.1160147559041,513.9257894095678,1146400
2022-05-12,519.2388305664062,521.0065327555639,505.7097729736447,507.3589773960305,1532700
2022-05-13,534.6636352539062,544.9733575278774,526.3388399536468,528.1361355150798,1375100
2022-05-16,532.6492309570312,536.9943486831727,526.3784949604673,530.6347092513741,883700
2022-05-17,547.6792602539062,553.9796506405871,537.3498265706784,546.2868818140066,1554900
2022-05-18,535.4043579101562,543.4822741805821,532.4813337016325,540.6086139778893,1403500
2022-05-19,543.8673706054688,552.9426920861886,530.7234669425497,533.2614034473327,2065500
2022-05-20,548.2223510742188,558.8579121082511,537.6459786204784,551.945264555781,2167600
2022-05-23,548.2817993164062,553.792125543769,543.8873168623932,552.1923456360153,1180600
2022-05-24,541.9713745117188,546.3460860519846,536.500528940904,545.6153300316186,1012500
2022-05-25,527.6029663085938,543.9661996857599,523.0899872302894,543.9661996857599,1538300
2022-05-26,533.3699951171875,534.7920278808322,527.1387395242624,532.2639763314086,1855200
2022-05-27,565.2077026367188,565.9582283498903,537.4781523112171,538.761917743665,1721300
2022-05-31,560.4874267578125,566.1360192118765,555.480686933431,561.5835608477182,2630800
2022-06-01,549.2789916992188,565.9385291508403,543.4526530085542,562.4426656629332,1309500
2022-06-02,562.9857788085938,563.2820833699278,542.1589916820164,547.6397219640891,842600
2022-06-03,551.135498046875,555.6484766759581,547.8372113485019,554.0388124720411,736400
2022-06-06,545.9808349609375,555.3820579507579,543.6700083709062,551.9750970753694,1114400
2022-06-07,553.6636352539062,554.5425436284767,543.2650678759055,543.6798099226356,1113600
2022-06-08,545.1709594726562,553.4562769310958,542.820654159374,552.1922208447709,837400
2022-06-09,533.0836791992188,545.1314493917997,532.8466837648579,541.09246133179,832900
2022-06-10,520.3051147460938,527.1979926406083,516.4241641099457,523.6725351298699,1177600
2022-06-13,505.5220031738281,511.4076213444366,502.38169285357867,505.21587399940637,1463700
2022-06-14,501.4115295410156,508.0713161824842,496.87612244500406,504.069521867685,1009100
2022-06-15,508.63446044921875,515.4819874884072,501.09525121934627,508.6640720941421,1320500
2022-06-16,498.88201904296875,500.15664683145934,491.90600256620564,497.57771929460415,1180100
2022-06-17,494.9394226074219,506.3124362881308,494.8208553989169,496.1745479533949,2175200
2022-06-21,507.4289855957031,510.4624606296892,499.5439648230541,500.2850400177423,1463400
2022-06-22,513.0414428710938,519.2368514621506,502.3897522906885,502.3897522906885,1214800
2022-06-23,534.1670532226562,534.6314917722265,514.7015235494351,516.7765102701873,1365300
2022-06-24,538.3270263671875,538.7124000330047,530.9063820265288,534.6809331411611,1292000
2022-06-27,537.1709594726562,540.5996391903276,533.3173434767411,539.3447925906374,767400
2022-06-28,529.3945922851562,538.6333072799299,527.9420532770674,536.143274871129,858900
2022-06-29,529.5426635742188,531.9141282730427,521.7959914679183,529.6415097835004,860700
2022-06-30,536.815185546875,539.7300333238746,523.1991338149218,524.7306772912294,1364600
2022-07-01,541.7456665039062,542.506462578445,527.6059563448907,537.4770667924693,835300
2022-07-05,538.5838623046875,538.6826482156473,527.0032949002835,533.4358377958716,641700
2022-07-06,549.4232788085938,552.5259282795402,537.1313084470522,538.5146730150374,1220600
2022-07-07,547.1702270507812,552.2194032204798,542.0222047027528,546.4192614543421,1243600
2022-07-08,547.1210327148438,551.5378120582734,542.3583820849624,543.3267010693158,752500
2022-07-11,551.3895874023438,553.9882354623373,540.3425740174596,543.4551137927218,1089000
2022-07-12,524.612060546875,547.0913413222778,523.3275422786227,544.3345633251848,1639400
2022-07-13,516.9244995117188,518.6240024332441,508.48608756069626,515.3632847448797,1916800
2022-07-14,519.3750610351562,520.1161361110801,504.29664384094457,510.95642887383156,1338600
2022-07-15,532.4576416015625,533.8805085468355,521.015422429528,527.1812193982846,1673000
2022-07-18,514.56298828125,533.5740234679914,511.14414041969843,532.437684294477,1317700
2022-07-19,530.4813232421875,531.2619006502919,517.7249768286816,522.2801040506642,1993700
2022-07-20,532.2402954101562,541.844602184368,530.8668214037017,533.5742068036208,921700
2022-07-21,568.1576538085938,568.3256139675884,548.93909154408,548.93909154408,2150200
2022-07-22,554.8578491210938,569.8177029021274,551.9627223311265,566.6557697186842,1252500
2022-07-25,560.6875610351562,561.6064869531756,547.6150151278342,553.8499247676971,1194400
2022-07-26,566.4481811523438,566.7445991297465,559.7785052709769,562.6736314164939,1012700
2022-07-27,575.0053100585938,578.3944874972193,560.2529770017666,566.1914705873064,1263900
2022-07-28,590.5283203125,595.8245238279553,566.4878213949509,582.9298260456895,2294700
2022-07-29,591.2891845703125,603.7886798265171,590.7556320197154,595.7949203686234,2371200
2022-08-01,582.5344848632812,591.7139746973709,581.3290315178343,587.0402195486766,1537800
2022-08-02,579.0662841796875,587.7912268067593,576.3095060249359,580.3113002201743,1392700
2022-08-03,580.9833374023438,586.5859108980254,576.9617609592284,583.31530051627,1077700
2022-08-04,582.9791870117188,585.9434879626258,576.615818558084,583.799327161283,999600
2022-08-05,583.236083984375,583.6411785654057,574.1554399511448,578.3153638629734,982500
2022-08-08,577.001220703125,586.2399350003303,575.5585724577862,583.7696840856914,921400
2022-08-09,573.9578247070312,579.0662864451645,569.1852833027791,577.0011905613659,767900
2022-08-10,585.3012084960938,585.7063634058385,576.9715299207426,582.1689473249995,991800
2022-08-11,585.4888916015625,592.6625089578856,585.1232993392796,587.9888141446427,1086700
2022-08-12,596.0321044921875,596.8521844575264,585.4100244704774,587.4850113279161,989000
2022-08-15,597.2966918945312,598.9468023742266,592.0202704966089,595.8244322172415,855500
2022-08-16,594.9450073242188,596.7235756534684,590.7455814009772,592.8601303399807,798000
2022-08-17,588.947265625,593.5024537230337,587.504677822575,589.8563612994881,989400
2022-08-18,587.9295654296875,591.5855485783093,582.2578793930172,590.9926522167498,761000
2022-08-19,581.5462646484375,586.2002375333606,579.0068403165754,584.4018882291643,851100
2022-08-22,569.2544555664062,577.18893001018,567.6933004977589,573.7898625287601,723100
2022-08-23,566.1516723632812,569.6396945845237,560.9048633649778,565.1635722859447,913300
2022-08-24,566.32958984375,569.3333924015875,564.1853692293513,566.1615694063389,855300
2022-08-25,578.5032348632812,579.115912725302,566.2903258046757,571.4679633487456,928000
2022-08-26,557.0020751953125,578.2857352212715,556.8044430617007,577.0506097722727,771900
2022-08-29,550.065673828125,555.4211616912752,548.741592612424,554.4330611839628,704500
2022-08-30,547.6942138671875,552.2494030853852,543.9394439642897,550.7869733101661,1058300
2022-08-31,538.8308715820312,552.4864251868185,537.8427712659875,549.5517358875629,1166600
2022-09-01,544.1962890625,544.4235328530594,535.0958627716174,535.9851772449691,913900
2022-09-02,537.0819091796875,551.2315127964351,535.1254898729507,547.1803256660177,796900
2022-09-06,538.662841796875,546.5577526522925,535.2341027827349,540.7477187201478,1043300
2022-09-07,545.1546630859375,547.694088068465,535.3231134468838,536.9337217443967,1139800
2022-09-08,559.818115234375,560.4307326084468,540.7774027573204,543.356390428853,1854800
2022-09-09,562.6241455078125,565.5093805258732,559.1855166115778,559.6499549568065,1146600
2022-09-12,572.2977905273438,573.226607181705,560.7172241493748,562.4760715558933,1097200
2022-09-13,553.1582641601562,562.6242810132723,550.5793370984844,558.2766159864747,1642800
2022-09-14,551.7841186523438,563.8553138111176,546.3367571851359,556.2230581154755,1139400
2022-09-15,545.7039794921875,554.5819181096807,543.9936688656337,553.632811567024,890400
2022-09-16,535.1258544921875,541.7694213522904,530.3408571403319,541.4234248729458,1835500
2022-09-19,533.5341186523438,533.8702795180499,525.1208648049801,529.6587046153718,1072500
2022-09-20,526.1094360351562,529.4015915927658,522.5009719045709,527.1573816640902,1053800
2022-09-21,519.7130126953125,534.0679425207505,518.2399633506468,527.0585278466393,1268900
2022-09-22,514.3743896484375,520.968596587242,512.6739746529623,516.0748649851118,1137500
2022-09-23,514.8685913085938,515.5903322340562,507.206708878068,510.47907173474835,1366300
2022-09-26,508.4624328613281,515.046683923789,505.57564936215573,510.2716431549191,991900
2022-09-27,502.8765563964844,512.3080953626386,499.8315589981597,511.30956937434075,1166500
2022-09-28,511.9423522949219,515.2839269301658,501.7989976020022,504.8736227954765,1866700
2022-09-29,510.7361755371094,512.1400737084349,506.6037090081304,509.0554923184243,1074600
2022-09-30,501.4233703613281,515.6596698550643,500.9784746881737,508.9468319536564,1697200
2022-10-03,516.9844360351562,520.8895377921522,503.83566510075417,506.97950221683254,2462900
2022-10-04,533.791015625,535.4716987781417,523.2719774117166,524.685711142193,1195300
2022-10-05,540.0588989257812,542.6787320731939,527.928390201303,529.7079120326214,1167400
2022-10-06,534.4436645507812,540.0986007350157,531.1020894087508,538.1510280656491,971700
2022-10-07,517.6565551757812,529.7079576469658,514.9774064146566,528.9170656917391,976800
2022-10-10,505.0317687988281,518.1311470716773,504.1420077920392,518.1311470716773,947900
2022-10-11,495.1158447265625,501.9472824312953,491.12177062026933,501.24536349847983,1667200
2022-10-12,494.9774475097656,498.368441525988,492.7530297754734,496.6976542363608,1098900
2022-10-13,504.7352294921875,508.91714575771937,482.7085516437568,483.61807445786496,1737600
2022-10-14,497.3302917480469,511.5270035613656,496.43066503015723,508.2349092240778,1267500
2022-10-17,511.3491516113281,515.2641487161843,503.49945600128683,504.52760963131175,1071100
2022-10-18,518.4376831054688,526.6531973699908,515.372893386632,524.745148390854,970400
2022-10-19,499.8612976074219,509.945337648429,493.0002318221176,508.1559194120074,1947800
2022-10-20,481.3244323730469,496.4603868468113,480.0392253209809,493.0792586552558,3267100
2022-10-21,491.09210205078125,491.2898401373413,472.87165670338834,480.63240895663057,2836900
2022-10-24,499.26812744140625,503.45001371476286,490.11340249265055,494.0481613962661,1818800
2022-10-25,508.7688293457031,511.7545116279575,498.96163541578153,501.8780761778482,2382800
2022-10-26,497.2808837890625,511.70502185903,489.5794477374858,494.3149938261059,2446900
2022-10-27,492.65423583984375,501.6408812359955,484.54745568179965,492.98047054888116,2334800
2022-10-28,498.1114501953125,502.6888129758617,493.93942942850396,495.55090152659966,2017100
2022-10-31,508.1261901855469,510.5977654679044,494.7006366974401,494.7006366974401,2875200
2022-11-01,511.8039245605469,519.9799148874321,507.16724692646034,510.66697579645665,2112100
2022-11-02,485.39764404296875,510.13315964332884,484.55730237765374,510.13315964332884,1803300
2022-11-03,481.403564453125,485.24932002233834,470.36055247600234,478.6057242516969,1471500
2022-11-04,489.9156188964844,490.0639375433929,478.328873274553,487.66154354473775,1772200
2022-11-07,486.5049133300781,494.4040587441611,484.1322069530816,493.32645547791765,1340900
2022-11-08,486.57403564453125,495.0367059486087,482.2536972432357,488.64026870397186,2003100
2022-11-09,479.1988525390625,490.31107457245207,478.23001442057034,485.89189713940823,1061000
2022-11-10,514.6611938476562,514.7501367862392,500.4842083719167,501.255338822134,1937600
2022-11-11,532.55517578125,539.2581158256049,520.6323009630572,520.8695624971612,2422500
2022-11-14,528.689697265625,536.0253151484771,528.106379001318,534.4237393368256,1458400
2022-11-15,539.8809814453125,546.5937574000448,534.3347213045517,537.6070841799649,1531400
2022-11-16,529.91552734375,541.94713644452,525.1799514598001,539.7919304831662,1133700
2022-11-17,523.8651733398438,525.3184304987052,513.1385014680893,523.2027477838737,1281800
2022-11-18,529.1544189453125,536.984353238984,523.3610604513474,535.1554115042472,1228400
2022-11-21,530.1824340820312,533.860108085075,526.4849078320393,526.7222296777761,1329600
2022-11-22,538.5562133789062,539.2482664739733,531.5270682882831,534.8587466901516,1503600
2022-11-23,541.0672607421875,546.5344133004511,536.8260600020142,539.455789104942,823600
2022-11-25,544.9823608398438,548.1558852897413,541.1464710963421,544.23099228414,549200
2022-11-28,533.8900146484375,543.7466291253515,532.0412205955065,537.1227944841298,1822700
2022-11-29,533.6131591796875,534.2458969999265,524.5474369929117,529.3719572751347,1195600
2022-11-30,553.850341796875,555.5903404781676,533.7218468562369,535.155372611247,3132200
2022-12-01,558.1409301757812,562.8567144141999,548.1359997653599,561.1958233152841,1423900
2022-12-02,556.5987548828125,558.3782770220143,544.0234087806717,547.2462922697672,1014400
2022-12-05,550.8746337890625,553.286893795793,545.674429487088,549.5399468668604,1824100
2022-12-06,544.2705078125,550.1231805701826,539.5942468379747,546.1587645795468,1969700
2022-12-07,551.7940063476562,552.8913712526106,544.1815426770129,544.1815426770129,952000
2022-12-08,561.4925537109375,562.5404993457819,550.43967493099,553.7614580367758,1160400
2022-12-09,553.8601684570312,564.6065717853487,552.9605417024978,557.5873228854989,1157100
2022-12-12,561.1464233398438,562.4020028821033,556.9942251726984,558.9516934709923,1163000
2022-12-13,564.8834838867188,578.0619403073714,560.3061215949598,570.281426075201,1867300
2022-12-14,561.0752563476562,569.8985134313398,557.5835899768022,562.934862253337,2079900
2022-12-15,547.781005859375,555.5458646089917,544.952053161093,555.298577267403,1366900
2022-12-16,530.6193237304688,544.8531985468038,525.792269672355,543.4387221037547,2336400
2022-12-19,524.41748046875,529.1357438653949,521.5489825574388,528.0575441264159,1053400
2022-12-20,522.7654418945312,525.169067618193,514.3675734053103,524.0612251539428,988600
2022-12-21,534.0318603515625,535.1891481937855,523.7347817457988,525.6933385244288,1208300
2022-12-22,533.2901611328125,533.4880031390041,521.984187786002,528.9180761757224,1103300
2022-12-23,534.8134155273438,537.1972999481405,529.5214891478543,532.14269944765,621400
2022-12-27,539.5216064453125,542.8847382757934,530.9951441536596,534.8132460317925,1050000
2022-12-28,537.5137329101562,547.0294071686342,537.187357025619,541.4406880358911,826800
2022-12-29,550.9661865234375,555.4767059420593,540.2141360176213,542.6573063651309,1027400
2022-12-30,544.7146606445312,548.9778919490763,539.33368573916,546.8017512938001,686000
2023-01-03,547.1775512695312,550.0658500505477,541.0349129577376,547.2863431928479,1785800
2023-01-04,555.8228149414062,561.6489194073584,548.9383737436957,553.2312483385849,1935800
2023-01-05,550.89697265625,558.1969014283038,546.3073040892596,549.7594264835732,2220000
2023-01-06,529.1949462890625,549.7296981636052,517.1075692051483,549.7296981636052,2938100
2023-01-09,540.1646728515625,546.9502238797155,531.1831785564466,532.8943878589181,1871200
2023-01-10,561.8665771484375,566.4166403566034,541.4900627593063,541.5296070020862,2102800
2023-01-11,576.239013671875,578.5634911840087,561.8765415346728,564.9231393398467,2013500
2023-01-12,575.22998046875,580.165887203911,570.6007680376194,575.6553075104615,1635200
2023-01-13,577.5050048828125,578.5138962043605,566.2583208054245,572.3713171474765,2040500
2023-01-17,581.4812622070312,584.8839380337043,575.4177724893881,578.6523098483746,2086300
2023-01-18,573.756103515625,590.3738015383068,572.4702213564863,584.7158958889407,1749700
2023-01-19,577.5248413085938,580.7890227463865,567.4751084527586,568.7906942576109,1636000
2023-01-20,587.2183227539062,588.8899874171578,578.6028713434309,580.6306152505648,2394700
2023-01-23,598.25732421875,602.6095451867212,583.5981234328597,586.7733146183181,2307200
2023-01-24,574.4187622070312,603.2326866319312,570.5215718572554,603.2326866319312,2102600
2023-01-25,569.0775146484375,569.7699313937784,560.7686344501395,564.9527780141684,1238300
2023-01-26,571.105224609375,572.242770648923,561.1543833570437,569.7797981285216,1210800
2023-01-27,567.4058837890625,571.2437890257104,562.0249076078892,568.6621230869101,1110000
2023-01-30,558.1671752929688,564.6757962067351,554.6755087912788,561.6094567648603,1221500
2023-01-31,564.1416015625,564.4383343117917,551.9453723970594,556.0800096982261,1799800
2023-02-01,580.9867553710938,591.0562886418418,570.0764692909372,579.7305767336269,2627500
2023-02-02,580.6998901367188,588.7119753636623,580.6998901367188,585.2499527937441,2312500
2023-02-03,581.3823852539062,586.4072804556089,576.3278469679677,578.2170955117421,1283200
2023-02-06,569.918212890625,577.4951313692978,567.1980519451812,574.2605933984817,1119500
2023-02-07,576.822509765625,579.9778988376897,563.2315459899434,564.586736241558,1171100
2023-02-08,572.945068359375,578.7415305433776,569.7798381317668,572.2823550724204,907200
2023-02-09,562.7567749023438,576.9906496120693,561.5401404293901,576.3377771830042,960800
2023-02-10,565.2099609375,565.5067541234687,557.2374173709619,560.9566296224708,763700
2023-02-13,568.7609252929688,570.9667092143452,562.8359298352314,568.434489074913,997600
2023-02-14,565.2791748046875,572.8164896697268,560.4818235575049,569.6413582006998,850100
2023-02-15,560.6796875,564.3197508016093,556.6637425186631,562.2920061859631,1038400
2023-02-16,551.5299682617188,559.2651242198596,545.3180807251716,550.0857883277905,1173700
2023-02-17,553.626953125,555.3975088867041,546.9007490138664,546.9204909490823,1182400
2023-02-21,544.7937622070312,548.2260811914824,538.225796571373,542.6967705865794,1395200
2023-02-22,542.4496459960938,547.2865414891162,538.7996816836301,544.0322611521042,1705300
2023-02-23,544.9719848632812,551.6190412044452,540.9659410529457,547.3657099938064,1160200
2023-02-24,536.9004516601562,540.7284555114652,533.31973519135,538.7007110495229,852600
2023-02-27,535.4759521484375,548.4041408103986,535.1594774989528,542.538492676102,1110600
2023-02-28,535.8815307617188,539.313849830255,533.0426771199698,534.5461429921248,1188800
2023-03-01,532.6767578125,536.7322462307924,530.4412704937081,533.4878675707362,1126000
2023-03-02,542.7957763671875,544.9026695863804,526.1483737383861,529.0268325298549,941200
2023-03-03,553.3697509765625,554.4479504026604,543.6661976332381,549.4329556253676,1153600
2023-03-06,552.459716796875,561.1642190419328,549.2944267878853,553.4389649981723,1163100
2023-03-07,542.875,556.9011342932425,542.1924843508658,554.7249930660827,1012800
2023-03-08,548.7306518554688,553.7555479152198,539.6107229973992,542.3308839574759,1453000
2023-03-09,547.2074584960938,558.285885445389,544.9917127333358,550.1155606635085,1013200
2023-03-10,537.9290161132812,549.5119143864262,534.0911124604175,545.8817537958482,1081700
2023-03-13,535.6837768554688,545.4367759999323,532.2118526060302,537.5928280603706,1405800
2023-03-14,550.283203125,555.7467982079157,539.4350921834362,544.9284099388802,1409800
2023-03-15,537.15869140625,544.38414156647,529.0225915489893,541.5830207954282,1918900
2023-03-16,551.401611328125,552.8763873544254,534.25845764308,534.25845764308,1135800
2023-03-17,541.751220703125,549.6398112419753,538.4057285384715,549.6398112419753,1947900
2023-03-20,544.9482421875,549.2043236267966,540.0092037898742,541.177147785927,897200
2023-03-21,551.015625,553.0842504669595,546.0270490827157,548.7193069512705,1000100
2023-03-22,548.6599731445312,562.2002825595611,548.6302504699041,551.0156763445494,928400
2023-03-23,549.5210571289062,554.8560353066919,544.7601735907253,552.2825471921466,951600
2023-03-24,552.5596923828125,552.9555717898035,538.752121861883,542.9191558701267,1012600
2023-03-27,555.9547119140625,562.3685267568653,555.30147760716,558.0431526788475,865600
2023-03-28,548.5709228515625,556.9544699186504,545.3145376933744,554.2721190771628,828800
2023-03-29,549.4814453125,554.8460853414455,547.5710991790634,553.6484187771742,1239600
2023-03-30,557.2214965820312,558.5181781959863,551.1739001579454,554.2818521851318,1219900
2023-03-31,570.4847412109375,570.7915734167924,557.9044999470218,561.1806994657688,1438700
2023-04-03,564.2491455078125,567.2580829755851,560.3394660229642,563.694865963435,1034400
2023-04-04,570.296630859375,574.3151718680806,563.1305680133813,565.5555631971702,1085600
2023-04-05,573.939208984375,574.1767487504578,564.1007009261502,570.6234389942381,1035600
2023-04-06,569.4750366210938,575.8394326024834,566.4958226882771,574.9188757352368,780700
2023-04-10,568.4953002929688,568.4953002929688,559.5179051593487,566.8819390927342,672600
2023-04-11,570.49462890625,575.6118214819725,568.5348658797883,570.5935836484616,1158800
2023-04-12,573.4342651367188,580.6597735713818,571.7516720719196,577.2944666179243,847800
2023-04-13,585.0940551757812,586.0739367517972,576.0572755561806,579.2839977965112,1101900
2023-04-14,582.8274536132812,583.5202576696496,576.067176989651,580.4123657373274,834900
2023-04-17,582.58984375,584.3616049137515,578.2743777457914,584.1141576371992,783500
2023-04-18,578.8880004882812,587.113144952328,578.7098457114197,587.113144952328,1158700
2023-04-19,573.9984741210938,574.7902933134162,565.4962196395895,569.9106403324548,1409400
2023-04-20,560.1513061523438,562.0418370561556,554.6381739304812,560.220598634822,2100900
2023-04-21,565.8426513671875,567.1392727311253,561.0421981769892,563.061346285217,959200
2023-04-24,568.4359130859375,570.5639839843218,564.1798317011061,565.6843305841289,895100
2023-04-25,542.780517578125,560.7154901165965,539.9299203152752,558.3895100416963,2495500
2023-04-26,527.6863403320312,537.8316800031538,511.93875975328996,522.6087167173338,4020100
2023-04-27,537.4752807617188,540.0981855531763,526.15209137099,528.052469472307,2148400
2023-04-28,549.2340698242188,553.4901514458054,537.772293585148,537.772293585148,2046900
2023-05-01,542.8994140625,551.1245604716547,539.7419838778192,550.3129260216176,1979800
2023-05-02,538.26708984375,545.8785700748539,535.406584982823,539.2865411537424,1060900
2023-05-03,544.7996215820312,552.5002086763164,543.6316778605183,544.4334045003671,1430200
2023-05-04,540.068603515625,548.2442721238388,537.1783755018946,546.9574978106316,1243500
2023-05-05,540.801025390625,548.7391540691865,536.3865438310471,547.412809966159,962400
2023-05-08,537.039794921875,544.3840132396947,535.5650188064623,543.8396413088416,1029100
2023-05-09,529.2007446289062,531.9820502719439,523.8162881755015,529.576869412971,1225100
2023-05-10,528.0526123046875,534.4070429450989,524.5883496185274,533.8824860096927,1586100
2023-05-11,524.38037109375,530.2696286081199,519.69868775443,526.6569344642328,2326300
2023-05-12,519.29296875,529.5075409341392,516.1157234200392,526.3204484574329,1518200
2023-05-15,518.3327026367188,519.9164013033254,514.8288712819782,518.8968896230792,1383800
2023-05-16,514.44287109375,517.3627609437679,513.8687765156208,515.9374622610569,903500
2023-05-17,516.3433837890625,521.9951026217694,507.69263469530495,517.0263408444616,1284600
2023-05-18,518.1942138671875,519.2830182298278,513.3640377582964,515.472293578494,1073300
2023-05-19,521.9950561523438,526.3105227558187,517.3331270664244,517.6993442536219,1313300
2023-05-22,523.6182861328125,529.1808964361882,521.9752022796531,522.0345872133856,1161000
2023-05-23,519.7382202148438,523.8953464210052,514.4033030023998,520.9754565612054,1629400
2023-05-24,505.505126953125,509.2465288137218,493.4099020673281,504.7924775412985,2482800
2023-05-25,515.3238525390625,516.9767835522832,505.08940584922135,508.7219152200028,2262200
2023-05-26,516.6897583007812,527.2706068717704,516.4917883857557,522.2919383831903,1603700
2023-05-30,508.9693603515625,521.0646154790604,507.87070886665055,518.4713726746322,1793800
2023-05-31,503.2681579589844,508.42495071877596,496.5376041529367,508.42495071877596,4052200
2023-06-01,514.07666015625,516.323500712574,503.31765762780395,507.8904783707161,1830100
2023-06-02,514.8289794921875,521.7772587378522,513.3739579242891,519.2236460463403,2564300
2023-06-05,513.284912109375,519.1048775727843,508.17756588869827,518.7089377188619,1477400
2023-06-06,510.98858642578125,517.8478183909806,507.4649392601391,516.6699668164349,1723000
2023-06-07,515.46240234375,517.8675826346054,507.3658742513928,509.2762203985666,1649400
2023-06-08,509.9888916015625,517.4123106932883,509.89978399120855,515.3337775123807,1580500
2023-06-09,512.8889770507812,516.4621016798707,509.37523735914147,512.6712524174461,1041600
2023-06-12,518.3426513671875,519.3819178301204,511.39431261809193,514.6804196489143,1246100
2023-06-13,520.6785888671875,522.0246876603886,517.6795590498064,520.1144017821096,1328800
2023-06-14,515.1517944335938,522.9862717464281,513.7057186314956,522.7881700615706,1996500
2023-06-15,529.9986572265625,531.1673787059241,513.9633004039783,515.1914463500142,1723400
2023-06-16,532.167724609375,536.9020953003795,528.3050134897684,533.5741439122789,3428000
2023-06-20,522.3623657226562,525.7199389254466,502.305760949325,507.1094404046235,2115400
2023-06-21,520.9260864257812,525.3831019871636,517.7665551986266,519.9752346765816,1617800
2023-06-22,523.2634887695312,524.9373480143039,516.4690311886517,521.124148063357,945600
2023-06-23,519.202880859375,524.6601997474829,517.4695964820853,518.2025184892791,3779700
2023-06-26,517.043701171875,521.1540249171344,510.95242058093424,518.0242352143222,956900
2023-06-27,504.75213623046875,517.3209245481186,498.50241138092304,515.3697708841319,2036000
2023-06-28,505.2771301269531,506.5251044990476,501.8105615165394,506.51519034495806,1395200
2023-06-29,509.4765930175781,510.22934321689013,501.24594181603396,505.12851151776164,999200
2023-06-30,516.766357421875,518.6085765976968,511.0118556969407,511.5466759715517,1315500
2023-07-03,514.1513671875,516.2808542387423,510.43718776240695,514.3792112996936,616200
2023-07-05,515.627197265625,518.558945066588,513.1907339097471,515.2607363470231,1432800
2023-07-06,512.3786010742188,514.1118851907905,504.1578639856895,509.872738448656,1506400
2023-07-07,508.8228759765625,514.4981846179277,508.40690470696336,510.08076439072005,1020700
2023-07-10,511.91314697265625,513.9633820769453,506.3072365517203,507.59480716903573,1026600
2023-07-11,514.3001098632812,515.1617949072576,510.34823146459865,511.3683616117223,1310900
2023-07-12,520.896484375,524.4720482105231,518.9849266621308,520.6885289487874,1678200
2023-07-13,521.6195068359375,531.3258859541269,519.0245376959277,529.8897241440534,1364200
2023-07-14,524.3036499023438,526.8391949016893,520.2923467425418,524.610686429337,953000
2023-07-17,520.2427368164062,522.0948697781998,514.3000486945915,521.2926092998408,1290800
2023-07-18,518.6778564453125,520.7676874386401,514.7556601861835,520.5102217111139,1461100
2023-07-19,530.4345092773438,534.2675388874287,521.9166791331904,521.9562752975062,1715400
2023-07-20,533.1285400390625,536.416835120444,525.3931424782849,532.1975163687185,1147400
2023-07-21,556.8201293945312,559.3259321458014,525.8191098508858,533.5148519957063,2755800
2023-07-24,566.0609130859375,567.0909573392086,553.779332559906,554.6509317173485,3196700
2023-07-25,565.4566650390625,574.5490312621904,549.0053375705468,550.1740590058068,3073900
2023-07-26,568.9232788085938,569.5076697991623,549.6591112092859,549.6591112092859,3559300
2023-07-27,554.6708984375,571.8848954143702,554.0369969916926,569.9039987353488,2260900
2023-07-28,556.483154296875,560.2865010085794,548.480378418486,557.0378027285668,1642800
2023-07-31,543.4192504882812,552.3531120655506,541.2006563245978,552.0955858765235,2144800
2023-08-01,540.626220703125,545.4397839891012,537.4765425285848,541.3096323142565,1517500
2023-08-02,548.4705200195312,550.5801791951997,537.4270001178329,538.7047167874681,1398700
2023-08-03,543.1419067382812,547.4305637233033,540.1012239691621,545.0336359156813,1103200
2023-08-04,543.3994750976562,549.6887965254643,541.5473419356848,542.2802638775786,1102200
2023-08-07,546.519287109375,549.2034229862927,541.6363856615185,544.746406929596,737300
2023-08-08,550.4712524414062,551.5805494337189,540.39835213399,547.8861370581765,1002100
2023-08-09,542.3496704101562,551.0755170866131,542.1416545145902,549.4709957555716,947100
2023-08-10,542.0525512695312,551.451895558916,540.3786912966159,545.1130025313614,1168400
2023-08-11,538.5859985351562,542.0624212427924,535.723588477136,537.8134198542376,925100
2023-08-14,535.1788330078125,537.1200728848145,533.2077902141638,535.5848901906047,1068400
2023-08-15,529.3252563476562,533.821869685363,527.0571515949921,530.701993937602,894600
2023-08-16,523.8182983398438,526.0666349424791,521.7185531377589,525.0266764950943,980700
2023-08-17,530.8406982421875,533.0988889549317,524.7989272770211,525.7794614320395,1257000
2023-08-18,527.294677734375,530.7612455151776,523.0951881522601,528.0474278391209,1093700
2023-08-21,527.176025390625,531.4349410189542,525.2842352716355,531.4349410189542,903800
2023-08-22,522.0156860351562,528.2059869805787,521.3223602388374,525.9279683230948,960700
2023-08-23,540.0319213867188,542.4189352007731,533.039360102074,536.1394675429983,1769100
2023-08-24,532.8709106445312,544.3699968224108,532.7817437301889,539.9922338150009,1326200
2023-08-25,536.4168090820312,538.8532727005024,530.8405814843977,533.6435060609667,749800
2023-08-28,539.9823608398438,541.4086084130635,535.3668996450932,539.1206758947891,642700
2023-08-29,550.1046752929688,552.1449956740715,539.7545424646269,541.0222844192981,1291400
2023-08-30,553.6605224609375,557.5628906366197,549.4412036192119,552.4422905665817,773500
2023-08-31,551.7786254882812,558.3057052218909,551.6300945410317,555.0471526579546,1192100
2023-09-01,551.8974609375,560.4549470249395,551.5013179690278,558.0679937043038,1015500
2023-09-05,536.8327026367188,554.3438151249202,536.525666190542,553.9377580646782,1404900
2023-09-06,531.573486328125,540.2299927072758,530.8801605951263,535.7531481277177,1217900
2023-09-07,526.58154296875,533.5840173953426,525.6010091473719,530.1273636403241,1079200
2023-09-08,513.3195190429688,527.5720202285496,507.8819690391911,524.937455071852,1834900
2023-09-11,510.0213928222656,512.675786714321,507.94147580639066,510.4868744540228,1555900
2023-09-12,506.1091003417969,510.0808071729061,504.4946649897177,510.0808071729061,1568000
2023-09-13,506.0199279785156,521.2926509719531,493.2530676937938,494.42178919692026,2359100
2023-09-14,511.0647277832031,513.6217918226968,502.0454662635371,510.5592433471017,1598300
2023-09-15,510.9557189941406,529.4501217498428,504.7908777465134,511.06472844304335,5179500
2023-09-18,503.2250061035156,510.9359742331944,502.79879843522644,510.9359742331944,1300100
2023-09-19,504.2259521484375,504.8900205626307,498.8441396712161,500.7371959153113,1181100
2023-09-20,500.41015625,507.3777782776109,499.6866226067628,506.8326402460878,1271300
2023-09-21,497.1394348144531,499.3397381701929,495.1274480260766,497.97197794273325,1606900
2023-09-22,498.3287658691406,502.65998613325144,497.1195896875548,498.4377753235378,1198000
2023-09-25,501.1733093261719,501.54994244585697,495.92031779639086,496.7826237399423,961500
2023-09-26,497.1394348144531,501.9464072635691,496.3960894949032,498.5369276448228,1190000
2023-09-27,493.8687438964844,500.0930210355336,490.52865032261803,498.1603110418462,1344300
2023-09-28,498.5567321777344,502.89787362139606,495.90051886637536,497.59533770164126,1443300
2023-09-29,501.6787414550781,506.45595036522894,500.29113952801623,504.6917456045755,1380500
2023-10-02,491.39093017578125,502.4915359271645,486.3262547933154,498.61622520407525,1652100
2023-10-03,495.1769104003906,498.04128174320545,488.22913119702633,488.5264571769616,1559400
2023-10-04,497.99188232421875,498.7253067858866,491.4405156909347,496.762864007205,1022100
2023-10-05,493.60107421875,495.9996149478465,488.32830138933537,492.97668959510105,917500
2023-10-06,494.1263732910156,497.7043576308372,488.6950164741873,491.4206158319684,1108400
2023-10-09,491.7279052734375,493.2443285645309,486.03884525598124,490.60792678290983,1182500
2023-10-10,491.7476806640625,495.10761588787335,488.5562503476357,491.1926519348402,1304900
2023-10-11,488.2590026855469,494.2057659502209,487.4264594581088,492.80827295340623,1207100
2023-10-12,478.2782897949219,491.4602680941945,466.4343088799614,487.47594805071657,2026200
2023-10-13,478.56573486328125,479.9731184323032,471.77650805721566,475.3743043341987,2004300
2023-10-16,484.20526123046875,487.6840969225056,476.018541378715,478.56574538662,1247700
2023-10-17,480.4686279296875,485.612579511855,473.4613829830835,474.74983599248674,1355200
2023-10-18,463.114013671875,476.71227737967644,462.72745962176634,476.71227737967644,2134800
2023-10-19,465.502685546875,472.4703079574922,463.28254024080184,468.1093244527766,2014500
2023-10-20,460.2397155761719,467.01905081995034,459.13957913329966,465.34404378340093,1599300
2023-10-23,457.7123718261719,465.30440851423947,455.8986226677954,457.65290662404783,1897500
2023-10-24,454.19390869140625,454.7786700432799,443.17258032044964,447.92005729077897,2376600
2023-10-25,429.3363952636719,434.94617782647833,411.9123955606905,419.24672945931934,7906700
2023-10-26,436.2545166015625,441.37862687179035,425.371929939287,427.30463992126573,2971200
2023-10-27,427.58209228515625,436.05621583003693,423.5779308335814,435.66969203778507,2495600
2023-10-30,430.25811767578125,431.48713569567815,416.4814587381554,428.34524986847384,2946500
2023-10-31,440.82354736328125,442.6373267216173,429.30665639844335,432.6170169673172,2895400
2023-11-01,437.1960144042969,441.18036428358874,430.149115985757,441.18036428358874,2275400
2023-11-02,443.5987548828125,444.16370457818914,438.00878362775626,440.89296706295465,1713900
2023-11-03,450.7051086425781,456.4833963284969,447.5929854090232,450.65556438840076,1921800
2023-11-06,450.9826354980469,455.4030840765098,448.23722436040816,452.6477519890419,1613800
2023-11-07,455.16522216796875,459.7343340525944,448.0984807570394,449.852795168491,1708700
2023-11-08,450.2789001464844,459.89284404263685,449.0598030606438,457.4150265690713,1848100
2023-11-09,440.3279724121094,454.76869976654115,439.12871723569424,454.4713737713291,2042400
2023-11-10,444.45111083984375,445.1746444997196,433.38023825423056,439.8820295029075,1896500
2023-11-13,441.20025634765625,442.84553108943464,435.2138397355036,441.5768895140249,1675000
2023-11-14,455.1850280761719,458.1385673883072,451.18086624225407,452.75675465473114,1822400
2023-11-15,466.36492919921875,470.6168424534715,459.87302889280693,460.53709732293714,2184000
2023-11-16,468.2778015136719,470.48802573813276,464.5511541028994,467.87143579096124,1613400
2023-11-17,462.2815246582031,470.7853820399327,460.05148863801395,470.7853820399327,1556300
2023-11-20,464.86834716796875,467.4948279599651,461.7661144743508,462.8860929480773,1183500
2023-11-21,478.1098327636719,485.96946367829196,472.222535167045,474.0362845139574,2915900
2023-11-22,483.2041931152344,486.21722796373683,481.4003345367573,481.76704672370954,1463800
2023-11-24,486.4253234863281,486.6731052442931,482.4905479599725,484.16555506355945,722800
2023-11-27,485.7811279296875,489.0419445414609,483.81868539266793,484.87919864358855,2427100
2023-11-28,481.6084899902344,484.41336635280095,476.3059539971663,484.08630772093926,1549600
2023-11-29,488.54632568359375,491.40074598682713,485.54321213550026,485.54321213550026,1195800
2023-11-30,491.3612060546875,493.0857576184372,485.03780999187154,491.4999481274902,1914000
2023-12-01,491.7279052734375,494.7706728058482,485.25584635827437,486.5244878681642,1219700
2023-12-04,490.9448547363281,493.8885031972737,486.009031285075,489.0914520473617,1222300
2023-12-05,487.23809814453125,489.2500849878594,482.73837255152165,488.5959374591735,1613600
2023-12-06,489.4284973144531,492.27302740588414,487.2876590329955,490.6079410470172,1241700
2023-12-07,489.7158508300781,493.8785660316853,487.94172505241954,490.1420281756959,2101800
2023-12-08,485.4242858886719,491.28185040187606,483.6898135458157,488.4373205990795,1871800
2023-12-11,490.59796142578125,493.0361557098239,486.9704328476951,488.1895299897165,2030900
2023-12-12,492.95684814453125,494.0867474819449,487.1092046923008,491.9260675598937,1420200
2023-12-13,513.9390869140625,514.2661758348928,492.4712979446718,494.16611702187583,2776700
2023-12-14,517.2418212890625,530.0458897274556,515.8632093826154,525.1959894586962,2763900
2023-12-15,513.7803955078125,519.1856382741146,513.4728804644401,516.4979083674733,4354900
2023-12-18,514.3656005859375,519.5626056172605,511.3703551758147,516.8550199926855,1607300
2023-12-19,523.807373046875,524.5214374090037,515.5456919618484,516.7358597665122,2569400
2023-12-20,515.1688232421875,528.121682469949,515.1093178765097,523.6685260907876,1497300
2023-12-21,522.2403564453125,522.7065322727182,513.8200139453605,513.8200139453605,1016600
2023-12-22,524.7098999023438,528.5481473220879,522.5775738549589,523.7578140521445,1081500
2023-12-26,525.3545532226562,526.8818978514716,521.4667283728417,522.5576801742175,639100
2023-12-27,527.2886352539062,528.696969339107,524.9479494996634,526.4554995558784,806000
2023-12-28,528.5679931640625,531.6028878261696,527.1398038798679,528.6274985286352,763400
2023-12-29,526.435546875,529.5894519083146,525.1760067120822,526.8521449141791,804300
2024-01-02,539.6861572265625,541.6201122160194,523.0437808173525,525.2158178455453,2310800
2024-01-03,524.4817504882812,539.2099019994732,523.6386872742659,538.3569716709403,2170300
2024-01-04,532.9517211914062,535.4114175293615,522.9941067127323,522.9941067127323,1831300
2024-01-05,526.8721313476562,536.3339104241385,526.1183561847663,529.5896445674167,1817200
2024-01-08,536.9388427734375,539.1009520756492,523.0735458153226,525.2852328401457,2126800
2024-01-09,537.4049072265625,554.6423351724528,532.2476138741317,534.1022684791809,2890000
2024-01-10,539.4678955078125,544.8533435633909,529.5003521887153,536.353639781771,2026600
2024-01-11,541.5208740234375,544.0400152713634,535.9767051066098,539.0711657927259,1983100
2024-01-12,539.854736328125,548.5428842900213,538.3372584630375,544.0103665323851,2013100
2024-01-16,537.5535888671875,546.3210947008398,536.7403086457277,539.0512109497266,1838900
2024-01-17,534.8262329101562,541.4712811978495,532.4360301131154,534.3303346877083,1966300
2024-01-18,539.9539184570312,542.5425537351305,531.5930799119051,532.9419088356617,1728200
2024-01-19,547.2236938476562,548.7411714797923,537.3950176173319,540.6877285764195,2124000
2024-01-22,548.850341796875,554.1068517350569,546.0138180140302,548.3445158390994,1818500
2024-01-23,546.221923828125,552.4603617454636,540.8959821571569,551.6371538076638,1116600
2024-01-24,535.5602416992188,547.4618010181262,534.7172387945806,545.3393417446504,1842500
2024-01-25,533.7947998046875,543.2862992848296,533.2294685527659,538.7735769196672,1748100
2024-01-26,542.840087890625,551.845558061943,542.16567341972,549.4553547243895,3172300
2024-01-29,553.1943969726562,554.6027311645074,542.869760690956,545.4881181865215,2445900
2024-01-30,562.4675903320312,565.3239689124503,554.9101063272209,554.9101063272209,2301300
2024-01-31,534.5584716796875,561.3568331565249,533.3683642772384,558.6789704321026,3589400
2024-02-01,547.6998291015625,549.3759678138318,529.857417560374,537.6926350866072,2163900
2024-02-02,547.2931518554688,549.9015814930408,537.444619875299,544.5161337625558,1327500
2024-02-05,547.0949096679688,552.410925634924,542.1855037268629,544.952655357297,1473700
2024-02-06,555.6837768554688,555.9019430308069,546.9261967355055,547.9576433119724,1328100
2024-02-07,547.7791137695312,561.356810059667,547.5014422318698,557.3896241228496,1451400
2024-02-08,546.3707275390625,548.3245373698396,537.0180948502259,547.6699783879276,1549300
2024-02-09,546.23193359375,549.5842106753569,543.7920923612359,545.1409816351253,1280800
2024-02-12,542.373779296875,546.4798310310752,539.6463391238524,546.4798310310752,1073000
2024-02-13,534.1815185546875,541.7092798902025,530.0258892038631,536.9783916758712,1268000
2024-02-14,543.7722778320312,544.1888154058009,537.1966622981986,537.1966622981986,1297000
2024-02-15,544.0697631835938,548.691507812969,540.8067747913789,542.7705123095774,1519000
2024-02-16,543.3458251953125,548.1560140419438,541.8382751331884,541.8382751331884,1028200
2024-02-20,543.643310546875,545.8946472831866,537.9007704658483,540.3901891946826,989300
2024-02-21,548.314697265625,548.4337080086106,539.824921237399,541.6299982186226,786500
2024-02-22,555.8919677734375,556.1399168793354,545.7558373808655,550.4470150934307,1139600
2024-02-23,560.0774536132812,562.0312637674641,556.2590005609916,558.252521319374,970000
2024-02-26,558.8574829101562,561.3469018572681,556.4077745658386,558.7186774037433,758600
2024-02-27,561.5253295898438,563.1618178016972,556.2390985626812,560.3450894971269,901000
2024-02-28,567.3374633789062,568.3094047190923,560.3849592182776,560.5634753500793,1021400
2024-02-29,565.5025024414062,570.282968677761,562.8940728897413,569.935864127999,1794200
2024-03-01,571.6021118164062,573.754293339614,558.3814471049312,559.9286472723339,1466000
2024-03-04,576.8685302734375,577.7611108019682,566.8315545451514,570.6797298044735,1547700
2024-03-05,579.8141479492188,581.341553329226,575.2419805288023,576.3627154370716,1973300
2024-03-06,586.6476440429688,593.4414260197094,581.0043193990978,583.52346077807,1886800
2024-03-07,592.7569580078125,593.996703399513,587.6393156660279,590.1188064494288,1819500
2024-03-08,592.7075805664062,598.8666595458379,591.0711524171019,592.1025991391082,1600300
2024-03-11,594.5125122070312,595.0679157728475,584.8028471875903,589.3055810770851,1380400
2024-03-12,592.3504638671875,595.6928132533677,589.8114672303823,593.9869523176891,1146300
2024-03-13,588.45263671875,594.1158158532023,586.1913119109234,594.1158158532023,1035200
2024-03-14,580.4932861328125,590.6063433117018,576.8609496445067,586.5174585016691,1758000
2024-03-15,579.7390747070312,580.235299178894,569.3977130999314,570.8268420018672,1920100
2024-03-18,575.669921875,582.4185616886542,573.9331364522222,581.4360470556514,1554400
2024-03-19,578.3196411132812,579.8381166046805,572.8413658234036,576.8905732262106,1053600
2024-03-20,575.669921875,577.2380079603603,571.9383046461775,576.6623706880159,728700
2024-03-21,579.7191162109375,582.6468522545854,573.2383965403645,575.6202978646838,1230500
2024-03-22,578.68701171875,584.5424234386209,575.3622718121803,582.3888264502945,1061200
2024-03-25,569.22900390625,580.6124245927457,566.7776841332495,578.806160277457,1226800
2024-03-26,564.5247802734375,570.6481729139877,563.552199752939,569.6755923934892,1784900
2024-03-27,574.9951171875,575.3921209791706,566.7677375725957,568.1968664186265,1525800
2024-03-28,576.8211669921875,577.8929680420916,571.8390548212528,574.9255559344447,1081400
2024-04-01,573.0895385742188,577.1387464051386,568.514364408297,576.6623298181537,837600
2024-04-02,567.2440185546875,568.0677679974812,561.5076961425162,566.4401374711288,1381300
2024-04-03,571.6504516601562,573.8834612369537,564.8918784306863,566.9164519735818,1151500
2024-04-04,566.30126953125,577.6052773842069,564.2766955203539,576.0272569324864,1231900
2024-04-05,575.0843505859375,579.4312807762558,564.7628597851084,565.9140736345969,1181300
2024-04-08,574.4293823242188,578.0121081352622,571.3627492989949,574.9752170769208,998900
2024-04-09,584.7508544921875,585.4753227440893,578.8259035621478,579.3717988703535,1026300
2024-04-10,569.3778076171875,575.2927635393617,567.5715435806142,572.9307306126324,1282800
2024-04-11,570.2313232421875,575.9775800777143,567.0455407374085,575.1836331400963,1295500
2024-04-12,560.9617919921875,569.0602077774911,557.3989348732443,566.5988936676265,1201600
2024-04-15,553.657470703125,566.410415015917,550.3228568905379,566.410415015917,1031700
2024-04-16,550.3624877929688,554.8185733577552,548.5066133226582,554.8185733577552,1010300
2024-04-17,543.1176147460938,551.8015418891332,542.3236678078696,551.66258451702,1610100
2024-04-18,537.430908203125,540.7555875440054,525.6406112919339,530.761620586788,2075800
2024-04-19,540.6663208007812,542.0160367169856,535.0986366414634,538.850122420225,1738400
2024-04-22,544.2391357421875,548.6852874558617,539.0486473492541,545.003340783328,1522800
2024-04-23,570.251220703125,572.533840980613,555.7713650920647,563.2246657693793,2544000
2024-04-24,573.0300903320312,582.0316092091352,560.9618776722234,573.635469628935,2034900
2024-04-25,567.4127807617188,573.6255204641157,565.6759952156488,573.0400095444619,1184000
2024-04-26,569.2685546875,570.6580071084253,562.6688071237597,563.6513216528123,1438200
2024-04-29,572.5338134765625,575.1141561751094,566.9859979281372,570.7474177180093,953800
2024-04-30,564.425537109375,572.1071428557991,563.681200397744,570.3604230139541,1515100
2024-05-01,570.6481323242188,577.5059875319727,564.107928579265,565.5568650762484,1171900
2024-05-02,566.9364013671875,575.4118926767317,561.2198863416062,575.1042359584792,1357400
2024-05-03,568.0578002929688,575.461489513021,567.3134637567773,575.461489513021,1749700
2024-05-06,569.218994140625,572.0375753705245,566.0431458824231,571.0649343611223,1140700
2024-05-07,568.5440673828125,572.2360079510088,561.0709603615496,567.1844175445258,1890700
2024-05-08,569.308349609375,571.0053983060585,563.4231354380559,568.3853794854684,1598100
2024-05-09,573.56591796875,574.6973241193488,568.1769283452347,569.8938453562943,1513300
2024-05-10,588.5519409179688,589.5443897179322,574.4392874838694,575.7890033139955,1328800
2024-05-13,586.239501953125,590.0405977120921,584.5027166014795,586.8052050222872,944600
2024-05-14,590.3084716796875,592.6705044197626,582.2200511598771,586.6959438920126,1040900
2024-05-15,594.4966430664062,597.4541208255997,590.5367824225835,595.4692234142191,1188700
2024-05-16,592.6409301757812,595.5587325878363,588.8001574850722,593.7325998195366,1409400
2024-05-17,590.8048095703125,592.5912054498025,584.9096607660047,592.4423744615041,1398400
2024-05-20,589.5245361328125,592.7301264532672,588.2740409216359,589.1474007334333,805700
2024-05-21,585.6640014648438,589.5147084467684,580.9002583599279,589.5147084467684,1133200
2024-05-22,586.3388061523438,592.124800280537,583.1828258754041,585.2173340338189,873000
2024-05-23,580.6124267578125,587.5297667262172,579.7489404601347,585.5448688656556,1185000
2024-05-24,579.6397705078125,583.5202796456624,576.9601463510414,581.5750579862735,883300
2024-05-28,568.2464599609375,577.5754430468456,564.8721095542496,577.2777204990255,1435500
2024-05-29,563.0162353515625,565.8050142707044,559.4136410850265,565.8050142707044,1324500
2024-05-30,558.5105590820312,559.7113834973126,546.1744263820062,547.3653771905639,2431300
2024-05-31,563.6910400390625,564.2865456530574,556.1683218820054,560.3266847031972,2106700
2024-06-03,565.2789916992188,569.2983971335959,558.7585959615554,565.0904240085065,943700
2024-06-04,565.3683471679688,569.4175556355067,560.9718058155913,566.4798850885833,995000
2024-06-05,570.9360961914062,571.2338187798855,562.44067450493,565.5470447556708,896100
2024-06-06,575.4614868164062,577.277624342734,567.6211177755579,570.945796725262,1153800
2024-06-07,576.7020874023438,581.5253739284573,572.732292287992,575.1340013713802,1231900
2024-06-10,577.0891723632812,577.8831799500956,571.5116143392734,575.6203673613683,1540500
2024-06-11,571.5413818359375,575.6203320649869,569.5762919256255,574.5782728890337,1407700
2024-06-12,571.3429565429688,577.5755046477303,570.2611605005263,574.8860066755907,1397900
2024-06-13,568.3059692382812,570.2908668663914,560.7335799410998,569.0304374887755,1304700
2024-06-14,568.1171264648438,569.1598955593174,562.8436353034115,568.9215552652134,1413700
2024-06-17,564.0950927734375,565.3861433626612,559.87431082927,562.5557608933805,1318400
2024-06-18,565.2570190429688,568.1072833459359,560.7383117784267,565.6443523953561,1398100
2024-06-20,553.3793334960938,556.9942632802769,547.917144708725,556.9942632802769,3071500
2024-06-21,560.718505859375,564.6811266225658,554.2731325249463,554.8690440591107,3153300
2024-06-24,562.0592041015625,567.5809776419554,558.4541548722818,561.7215148717088,1557600
2024-06-25,552.6941528320312,564.4329020328777,552.366404486078,560.9569632220125,1942300
2024-06-26,554.332763671875,557.5207178901805,551.0256998755083,552.9721867817169,1091400
2024-06-27,546.9934692382812,554.4220255562351,545.4540768476979,552.8925741150949,1506900
2024-06-28,549.1981811523438,554.431969834441,541.878854003228,549.1286551213703,6150900
2024-07-01,537.9957275390625,553.7367975469084,535.6917305311329,549.6451267752886,1459400
2024-07-02,530.2593994140625,537.8667733756873,529.7926596050992,535.6024185310597,1316400
2024-07-03,531.9278564453125,536.0989950562998,528.7697250926458,529.3358138184391,908300
2024-07-05,536.3868408203125,536.4563668509909,530.1798089620162,534.9468579216242,1233300
2024-07-08,532.6031494140625,539.286923953077,531.7490761972239,537.7277099462111,1140100
2024-07-09,528.2034912109375,534.6290420072561,524.7374943755666,534.3907016862229,1567500
2024-07-10,533.1790161132812,533.3081272130602,525.1843719532139,529.5839084476058,1976200
2024-07-11,538.9591674804688,544.8583341432965,534.1722962961388,536.049317646938,1402400
2024-07-12,544.322021484375,547.8674251323883,537.1416850177529,538.9591211192811,945200
2024-07-15,540.9354248046875,545.9010507876367,539.2570407978286,542.8323278748829,1326000
2024-07-16,551.6015625,551.9591336274303,543.9544866018422,545.4640562505158,1122100
2024-07-17,551.2440795898438,556.1104173911235,547.0630006117556,549.1982440709105,1131200
2024-07-18,536.9033203125,553.3295886728697,534.0729378465912,547.8972231313708,1745000
2024-07-19,530.6764526367188,538.5022844492598,527.8261880209046,537.429752823378,1667300
2024-07-22,542.6633911132812,543.3585907947884,532.295162817692,536.9529218835818,1163700
2024-07-23,548.4434814453125,568.3059865569959,546.8842675201788,567.0446980854264,2005600
2024-07-24,570.7788696289062,571.2953141686355,548.8507072106665,549.1188098162091,2857300
2024-07-25,590.4130249023438,599.6689605060511,568.1968155092583,572.1792578904367,3625200
2024-07-26,602.9661254882812,610.4245063913752,595.1799962549719,596.7193283884694,2715300
2024-07-29,599.9667358398438,603.6313699156983,591.108076842279,600.095846953223,1621900
2024-07-30,610.83154296875,611.5068607865298,598.7054632515767,605.6176360111928,1627100
2024-07-31,609.1233520507812,616.3632119294168,605.1011470582181,610.0071872879348,1702300
2024-08-01,617.4954833984375,618.0218082415082,608.6566447520154,612.1624058511559,1458200
2024-08-02,611.4573364257812,617.7239548290873,601.3075640401705,617.674310685734,1564700
2024-08-05,593.918701171875,607.166957589688,588.7345560316701,603.3632710454846,2117100
2024-08-06,597.8812866210938,608.6666123644702,592.5084450359681,596.1333764702704,1316900
2024-08-07,583.3319702148438,597.642938937758,581.653586126435,596.8384492985019,1692100
2024-08-08,595.9148559570312,597.0073301064398,583.4610870857706,585.6856779576173,1116700
2024-08-09,592.0813598632812,597.2158000483278,589.7971840827122,595.8751053076057,963800
2024-08-12,594.9515991210938,595.4084585948056,587.523041044627,592.1609193665206,1164000
2024-08-13,600.0562133789062,601.4068491357331,595.3388685651871,595.8552524630602,1042500
2024-08-14,597.9606323242188,599.3212089390198,591.703955963034,597.9507519897176,1128100
2024-08-15,599.5398559570312,604.4359567484205,595.8553390193839,601.357292353206,1241100
2024-08-16,599.8278198242188,602.4099820619198,595.4680456758433,597.6528729181658,1076200
2024-08-19,603.4228515625,606.6803313371169,599.7979809260679,600.0363212772736,959400
2024-08-20,610.3152465820312,610.5734688782121,604.1479767926825,605.7270121953846,1075500
2024-08-21,605.9752197265625,613.8705776250416,604.8132801508449,610.7720316794246,965600
2024-08-22,599.7086181640625,609.4809976085372,597.8614196875125,608.9546121136773,1138400
2024-08-23,601.9530029296875,603.5221576178244,596.4312295949699,602.5985585146783,777300
2024-08-26,601.4266967773438,602.737568656586,598.1096320474921,601.8338514251228,519500
2024-08-27,606.2036743164062,606.7796433158031,597.8613980049985,601.4366246438564,737300
2024-08-28,608.9247436523438,613.7513171325483,605.0217692492985,606.0545975406757,790500
2024-08-29,607.474853515625,612.3113686965349,605.4687210876591,610.2059479885048,722500
2024-08-30,610.8414916992188,613.7513411073018,600.8407141908051,611.874320030941,1059000
2024-09-03,602.2608642578125,610.8017767301907,599.5000079213299,607.2661930826539,1282200
2024-09-04,607.6932373046875,608.457902368281,600.0759245911287,601.4960861269933,1006000
2024-09-05,602.7078857421875,609.9477473435197,597.1265264162766,606.8392603113148,1467600
2024-09-06,607.1272583007812,615.4397115509579,603.3136307814582,603.3136307814582,1868800
2024-09-09,616.1547241210938,617.9821011733105,609.8781655372914,610.2853808169806,1443300
2024-09-10,619.9188232421875,623.5635764612935,613.999774079679,616.3534764112974,1302900
2024-09-11,614.2081909179688,618.7169571953555,604.6741532820665,617.8032990463288,1324100
2024-09-12,609.9378051757812,615.0524246968678,600.0264341177816,611.4771978771669,1397600
2024-09-13,607.35400390625,613.1873483718241,604.0149973885857,611.0011330962075,1125100
2024-09-16,610.3154907226562,612.6308993628097,603.4684948680858,611.7465023024524,1198100
2024-09-17,606.67822265625,612.7302247000282,603.2100231667457,609.3514293036952,1333000
2024-09-18,606.3106079101562,611.0806261688715,598.1021709101888,605.3367461149306,1092600
2024-09-19,616.3773803710938,619.8555276202655,607.9900742926421,613.7538490318834,1474200
2024-09-20,609.8582153320312,615.1747864834756,604.4025037623354,615.1747864834756,1983100
2024-09-23,606.5390625,612.5612225474598,604.0049963622092,611.7960715307235,883200
2024-09-24,608.0595703125,610.126600265759,604.0249224219857,607.3937706177635,1361100
2024-09-25,596.0350952148438,610.076813870417,592.2786678384288,610.0370854597157,1282500
2024-09-26,615.4630737304688,616.6654799713075,600.7852745459938,600.7852745459938,1312800
2024-09-27,610.583740234375,619.8753982048655,610.2061079810163,615.5227406774759,871000
2024-09-30,614.707763671875,615.1549660808729,605.2273516098114,608.6657091523682,1041300
2024-10-01,609.1129760742188,616.1288929777705,606.7577785453228,616.1288929777705,1169200
2024-10-02,608.894287109375,612.7202849808916,601.5504746790953,606.1912992822652,665400
2024-10-03,597.1680297851562,607.6720413476443,595.6078250870007,606.052213696556,1258200
2024-10-04,594.8724975585938,600.2189117846052,592.8055279400743,598.8674176523248,871500
2024-10-07,595.1109008789062,595.548156051269,588.6217041629177,588.6217041629177,1165800
2024-10-08,591.7321166992188,598.539322123199,590.9967468465917,595.3096146081308,883500
2024-10-09,595.508544921875,596.3234324787724,589.4068658412075,590.4006222782903,890900
2024-10-10,590.08251953125,593.4414206092101,586.1870118976774,593.4414206092101,1221100
2024-10-11,593.1929931640625,598.6487055422834,590.599303780002,591.9210166411418,2138200
2024-10-14,600.0201416015625,600.7654588850182,591.5135894325501,597.0388724677393,1006400
2024-10-15,596.7704467773438,606.7477364232235,595.6375502394202,601.2224548019498,1290600
2024-10-16,587.8565063476562,593.073726738176,583.6032610741674,586.5845298687501,1369300
2024-10-17,595.508544921875,604.5914933137909,593.1433997492916,600.5667918744215,1946100
2024-10-18,597.9531860351562,600.6164459120329,591.8415599058015,596.2836825595356,1081600
2024-10-21,591.652587890625,596.8300792126093,588.1247657263981,594.1568727713327,914600
2024-10-22,582.7188110351562,587.5087235726938,580.5126405582995,583.8218659465498,1619600
2024-10-23,572.8905029296875,575.076778703921,562.5455275592905,570.9924552725064,2058300
2024-10-24,553.89990234375,571.2409622538629,553.7806564377081,568.7863526040109,1757500
2024-10-25,550.9185180664062,558.7095320159999,549.8551917483811,556.6623968520238,1090400
2024-10-28,549.090087890625,555.8774604487988,547.0131711758186,555.7582145443158,1116700
2024-10-29,544.3499145507812,550.153417447831,543.833141859127,547.5199996129069,1638300
2024-10-30,547.1820068359375,551.2762773244204,543.336175385125,544.0814924981361,1452200
2024-10-31,542.9088745117188,548.6428669843073,541.09028374941,545.1348786132673,1472400
2024-11-01,554.4364624023438,561.3430803758032,543.8728287575971,546.5659299935751,1459700
2024-11-04,552.0017700195312,556.0662598798712,546.7150400019677,553.2042369500537,815100
2024-11-05,557.28857421875,558.2724439061888,546.8044573737052,546.9733789617403,998400
2024-11-06,556.1854858398438,566.6398209073873,545.7709398405545,566.6398209073873,1423100
2024-11-07,552.4191284179688,562.3467427890735,550.7396780750869,561.4722325126579,1303800
2024-11-08,548.2951049804688,555.0625831266872,545.5722223549699,553.7508174993668,1620400
2024-11-11,543.5051879882812,550.4714294760997,541.666763063197,545.6517355995888,1565800
2024-11-12,537.3737182617188,546.7249383401647,536.6780767221516,545.7311820419461,1723800
2024-11-13,538.5166015625,541.398458645184,534.6409274550064,536.6284401964748,1212200
2024-11-14,529.6920776367188,538.9936233683003,528.3703645869327,536.5291268037137,1764800
2024-11-15,509.8764953613281,526.0946053277639,508.50510682583047,526.0946053277639,3953000
2024-11-18,498.16009521484375,509.56842825267285,495.4968053298983,507.8094602238085,3162200
2024-11-19,505.9411926269531,508.10757403974543,490.21996099247366,493.0919311998179,3658700
2024-11-20,509.63800048828125,510.64164338789607,499.5911086650232,503.91392424824375,1533900
2024-11-21,512.8775634765625,512.9968093712408,504.29152546235713,510.9099455603036,1956800
2024-11-22,510.0553894042969,513.7720284158448,504.0034169254514,511.4068834713919,1833500
2024-11-25,510.989501953125,513.1161549936099,506.1796947699234,509.1013407201578,3063500
2024-11-26,509.7770690917969,510.989483274455,504.1027293137629,510.989483274455,1748500
2024-11-27,518.4028930664062,525.5579506717255,511.76460815465975,512.1919160920096,2914100
2024-11-29,526.3231811523438,529.8410568002183,519.734571691387,519.8637648693724,2108300
2024-12-02,526.64111328125,531.5005956835424,523.3119936000969,525.3989180242672,2558600
2024-12-03,531.0831909179688,532.6334482207191,524.643669914862,526.9392443949745,2665200
2024-12-04,525.56787109375,533.1800780510225,521.5630648853404,529.2248868709872,2579700
2024-12-05,517.6078491210938,524.1169402178107,514.4477116265213,523.9182374974748,2665300
2024-12-06,526.0548095703125,528.002593713639,518.740777910014,519.7345341895351,1869700
2024-12-09,533.8756713867188,534.7303478918025,523.3518262592584,526.3827708079444,2106600
2024-12-10,532.5042114257812,539.0133627646558,531.1925066766804,536.1612874519665,1938000
2024-12-11,531.0235595703125,536.6582010129704,530.3080842053145,531.6595781085772,1389200
2024-12-12,521.7220458984375,528.5690412101575,520.7779653036168,528.0125401206953,2539200
2024-12-13,523.9893798828125,525.1827857829674,514.303010240032,520.7672264417963,1553500
2024-12-16,527.3408813476562,531.78624446532,523.820330514398,524.4369732025889,2595600
2024-12-17,525.9287719726562,532.9896623200665,523.1143340762412,523.1143340762412,2544800
2024-12-18,513.3384399414062,530.4040087354973,513.0600128951373,525.0933785403565,1774300
2024-12-19,513.8455810546875,519.5539721659809,506.05866885939076,515.8643741724889,2235600
2024-12-20,521.1651611328125,523.5320643999448,512.1649923393045,513.8456915382486,2758900
2024-12-23,522.3983764648438,523.3431590712788,516.7298022245765,517.3165204175608,1558100
2024-12-24,526.0679931640625,526.0679931640625,519.4247732482826,520.369555723399,488700
2024-12-26,524.2778930664062,524.4270916035397,520.8170697168553,521.7120788421732,777700
2024-12-27,523.1740112304688,525.3718671132305,520.1209041839601,521.1153992206407,943200
2024-12-30,515.9838256835938,520.0512763459303,512.9307186717318,519.812607251701,1035500
2024-12-31,517.3661499023438,521.8513323717603,514.3130427590917,517.4556811661123,1262900
2025-01-02,519.6932983398438,523.203834389092,515.2379798300344,516.3119908070448,1816800
2025-01-03,529.0912475585938,533.8349474173407,519.8623048537874,521.4336239443093,1515200
2025-01-06,534.2327880859375,542.3180375432205,525.6005785014825,526.9729865000799,1981800
2025-01-07,542.646240234375,548.3546320245346,535.3168166809131,536.5499808126906,1839300
2025-01-08,541.93017578125,544.7645230695471,535.2869561866966,541.3832156481556,1837800
2025-01-10,539.3245849609375,554.0928115391326,538.3300899536742,538.7776248467743,2919900
2025-01-13,552.4618530273438,559.2244065350225,538.6880615757908,541.1842536075452,2269900
2025-01-14,553.9237670898438,558.3095240848295,548.3446646396386,554.4309692578912,2207400
2025-01-15,548.4341430664062,560.70623839966,541.0649616285037,554.8088901770803,3251300
2025-01-16,558.6178588867188,558.717284116059,543.4119901123072,548.0861291754003,1835500
2025-01-17,556.5691528320312,561.889676819598,556.0320866828312,559.3636813631147,2140100
2025-01-21,569.9053344726562,573.1971106806809,559.4631363826543,560.9946369174899,2311500
2025-01-22,571.427001953125,576.3795684371213,566.8622424510173,567.5384918774097,1702500
2025-01-23,571.6854248046875,573.4854583214766,559.5526343993635,572.7794057209948,1246300
2025-01-24,571.6556396484375,574.3905009772056,568.6522452382047,570.2335190413772,1156500
2025-01-27,580.4271850585938,580.8747200322307,569.9750309394581,576.4690529419667,1727800
2025-01-28,581.0735473632812,593.7136025284427,575.822644552727,592.6196821468342,2156800
2025-01-29,565.1019287109375,573.853534110958,563.5803827783371,571.7849673164837,2884300
2025-01-30,603.39990234375,607.6065968798622,586.7520653209169,587.3487380568338,3349700
2025-01-31,594.4593505859375,601.7191515105606,593.7134793806854,596.5676750035178,2165700
2025-02-03,590.4813232421875,597.1046323034764,586.1154762381252,589.8647412847971,2135600
2025-02-04,577.3739624023438,588.6017889639088,573.6744094838368,582.3663466652745,2097400
2025-02-05,579.1740112304688,586.8415896417106,574.7186929905471,586.3741454214703,1348800
2025-02-06,569.5572509765625,580.8546995626444,565.2411159865532,578.7364203653594,2034100
2025-02-07,568.3240356445312,574.3009603813823,563.3317119573254,571.6158724070217,1826900
2025-02-10,549.8165283203125,560.2587265265947,541.0152712546823,557.016662895445,2972000
2025-02-11,542.228515625,550.8905893452202,538.9964067188349,547.4595692896129,2234300
2025-02-12,535.038330078125,538.9964009029271,529.2702710015013,536.1223563764341,2062200
2025-02-13,529.7078247070312,537.2062950610456,528.2857041588126,537.0272932471954,1915400
2025-02-14,528.922119140625,534.5012819864472,528.3851137149927,532.1542277541738,1517100
2025-02-18,520.2105102539062,530.1156433961931,518.181701239862,528.7332805286177,2969600
2025-02-19,527.9376220703125,529.6680337270758,517.1374205097723,518.3506753222945,1965200
2025-02-20,534.8692626953125,540.3886978039284,530.6526136083638,530.841570086277,1967800
2025-02-21,529.6182861328125,539.6328578024131,529.0713260370791,535.3962995023564,1613900
2025-02-24,532.6018676757812,540.6274508538312,528.882465511053,528.882465511053,1375400
2025-02-25,536.5797119140625,538.270365386284,529.3795785397435,531.8459064715031,1888700
2025-02-26,530.354248046875,540.8561134396607,528.0271636008523,538.7477887709729,1330500
2025-02-27,520.3496704101562,530.0858166357808,516.272264633597,527.1818471362401,1539000
2025-02-28,526.048095703125,527.1320612588178,517.714222768557,525.3519370650781,2229300
2025-03-03,520.7574462890625,529.5487492779283,516.7695110917437,527.9973392975893,2330300
2025-03-04,513.7262573242188,521.9606438459789,509.6388976974908,520.1407618131215,2720100
2025-03-05,521.3043823242188,522.0203896515925,509.34057728646303,510.0566453129999,1685200
2025-03-06,524.7353515625,531.0702797985549,518.4700452597065,520.5584604609186,1852900
2025-03-07,528.7830810546875,530.0460487224486,516.4413612481223,521.83150840364,1799000
2025-03-10,523.9000244140625,533.2582576158691,522.4579943300321,523.3829282198521,2174000
2025-03-11,511.369384765625,523.8602406032749,506.6057448113487,522.2889213734588,1864100
2025-03-12,509.8279113769531,517.8236297227822,508.9925088277897,513.8456495250076,1412300
2025-03-13,506.0985107421875,513.6367696568648,505.5515506197936,509.18145138101187,1574500
2025-03-14,519.6151733398438,521.4565814847203,506.3373940628623,507.62138607388266,1745600
2025-03-17,517.1467895507812,523.2680701721077,512.2696183154685,520.2920249256579,1670400
2025-03-18,519.0677490234375,519.7047786742648,510.74675424241263,516.2310655868807,1232000
2025-03-19,515.9921264648438,520.0630775726136,511.02540937709955,518.0226508537664,1603200
2025-03-20,516.2211303710938,518.2118025745142,510.66713791341243,516.0817687367356,1537100
2025-03-21,515.3052978515625,516.1911614254217,507.621333493038,513.8521462477556,2192300
2025-03-24,517.4752197265625,524.3430017960649,514.7181195183139,518.3610226116425,1100000
2025-03-25,511.9411315917969,520.7995853100083,508.5370691956469,519.0477842757095,1170700
2025-03-26,511.2742919921875,515.5841144376839,508.9651352598173,511.95111326934347,1216100
2025-03-27,509.2935485839844,512.9265495081264,505.69043690191927,511.5927724556944,1249700
2025-03-28,497.8272705078125,510.9756509088087,497.07080540782425,510.21918580882044,1787700
2025-03-31,495.27923583984375,498.285139844244,482.0113889809021,494.1843600848482,2915800
2025-04-01,480.71746826171875,494.1943273036999,478.96566703905745,493.24874587663913,1837600
2025-04-02,486.7790222167969,489.06828286898866,477.3631521524486,478.2589484782957,2068700
2025-04-03,467.8377990722656,483.64374029500925,465.98648861241935,479.642500337272,2813600
2025-04-04,435.86761474609375,461.9454011174339,435.18083043929636,459.33762551782445,3894200
2025-04-07,435.8277587890625,451.2256075470681,409.2920980337379,415.8214996038511,4076300
2025-04-08,417.3543701171875,452.0119797828012,411.4022494116847,449.0558304042245,3929200
2025-04-09,451.4346618652344,452.90777018218324,407.93849388275333,412.6961990767244,4597700
2025-04-10,425.4464416503906,446.50775601482644,413.3730105603703,444.318004564979,3902400
2025-04-11,436.1064453125,438.67442910246007,418.04110369227527,427.98450022430666,2657400
2025-04-14,447.23431396484375,448.73728105315513,439.93851440998475,445.91053044269944,2370500
2025-04-15,438.94317626953125,448.16993006010904,436.3652596729776,445.5024368685296,2545900
2025-04-16,434.75286865234375,443.8601879976279,433.3295149276936,439.27167272842945,1823500
2025-04-17,425.50616455078125,433.9864168249855,423.0675790599825,432.51333890014837,3038300
2025-04-21,419.88250732421875,424.51081375553133,414.6768889895024,423.51547773265787,2314800
2025-04-22,432.70245361328125,434.9718186009864,424.5207900358517,427.7954237827503,3677800
2025-04-23,429.62689208984375,459.45708607613216,427.41724471583194,454.4206878013998,3492200
2025-04-24,424.6700744628906,430.44301129030066,415.8414487314649,427.9944931600814,3662400
2025-04-25,422.2613525390625,424.7297968571479,414.8759761210394,424.1325891571802,2698300
2025-04-28,419.3748779296875,430.83120531940324,414.89586580863033,427.9248107557428,2531600
2025-04-29,425.5360412597656,428.33293326839134,416.85670926006213,419.8526806386192,2437300
2025-04-30,426.9991760253906,427.3077277785128,421.0171964966577,425.65546624956215,2944300
2025-05-01,417.93170166015625,426.8698006557276,413.4427259996378,423.87382918825983,2771900
2025-05-02,421.5745849609375,429.4278012202108,420.44988070460533,426.4716518446065,2492400
2025-05-05,420.300537109375,422.9979196378993,415.9111015443037,420.429935654132,2637200
2025-05-06,405.1216735839844,421.58454057744564,404.60410976611263,417.49372393705033,4070200
2025-05-07,405.94781494140625,411.4221632281905,402.6831139053884,407.4806409667747,2959400
2025-05-08,408.8641662597656,413.8109879440039,400.93133624400116,405.17147779484753,3013600
2025-05-09,401.24981689453125,410.56614751482755,399.87624831904645,408.68497822140984,2318700
2025-05-12,430.5724182128906,430.7117798400048,407.7891918241311,409.2224781661122,3716400
2025-05-13,426.9494323730469,432.9513078428356,425.30710350735694,429.1690124365538,2726900
2025-05-14,404.15618896484375,428.5419220699197,403.8874591677537,427.95467744833707,3201100
2025-05-15,403.04144287109375,405.1416178538352,388.6787501245408,401.54843870928374,4129600
2025-05-16,410.13818359375,410.70553245065275,399.79665749501095,403.1111132835673,2498200
2025-05-19,411.9894714355469,412.138765753595,405.36053033702643,406.3260074273945,1665000
2025-05-20,411.8203125,413.46261099443694,407.97832972362323,410.7254367119596,2142000
2025-05-21,396.42242431640625,410.7353609810596,395.5067018233262,407.4109423571452,2965800
2025-05-22,398.6121826171875,399.8662853547483,391.9732779588326,392.80935657562145,2891400
2025-05-23,391.8240051269531,394.49149853285377,388.837996885207,391.9434405965835,2318100
2025-05-27,401.6678161621094,405.84823936142294,398.6320536217042,400.0653398400264,2705700
2025-05-28,400.25445556640625,404.26565828133624,398.5225807112743,401.956471557665,1931400
2025-05-29,401.866943359375,405.47005511843383,399.54782365196996,401.17019595143967,2499300
2025-05-30,400.9412536621094,403.54902911460385,395.46690567778313,399.8364149101457,2521300
2025-06-02,394.6208801269531,398.6420462247886,390.85851111902764,398.2737767508368,2584000
2025-06-03,398.0647277832031,400.5232089712856,389.45507727239027,393.2274092988942,3204100
2025-06-04,401.77740478515625,406.57493244754784,400.3142593902028,400.64270696344767,2280700
2025-06-05,396.5020446777344,403.3499613956258,394.89956825623244,402.84236067760855,2504000
2025-06-06,400.0255126953125,404.7036038158517,398.69176616579,398.69176616579,2630000
2025-06-09,406.6246032714844,410.6855606705927,399.64728839034046,403.29022169150403,2164000
2025-06-10,412.6065979003906,418.0112651421422,404.8330260958913,409.49119133048674,2573800
2025-06-11,413.2137451171875,422.53010611563735,411.3524716086142,413.90052940514437,3062700
2025-06-12,413.3929443359375,414.86605275350485,407.99823948456964,412.04926485144347,2067600
2025-06-13,401.29705810546875,411.8286414153814,400.11137812906657,408.87940158486447,2385800
2025-06-16,403.60858154296875,405.40206150039336,395.7572302504511,405.40206150039336,1973200
2025-06-17,388.8424072265625,402.0940833914038,388.4438358838137,398.5470173693545,3040400
2025-06-18,391.13409423828125,394.3423993858731,384.05987762513706,388.8424607357422,2884300
2025-06-20,396.43475341796875,396.4546698239425,389.08155551901206,391.462888725484,3812600
2025-06-23,398.75628662109375,399.14488459780426,391.572484415797,393.69475236434835,2486100
2025-06-24,402.90118408203125,404.68469069966983,397.7300335162599,400.34051190919325,2083000
2025-06-25,409.1583557128906,413.4925609268426,396.63400747346805,400.7589840017983,3100800
2025-06-26,410.6230163574219,413.80143147971,407.79333598149867,408.05240129138,2927700
2025-06-27,406.7969970703125,412.89476243525917,405.47184142869617,410.9020270659705,3923100
2025-06-30,403.9872131347656,411.77881534505326,399.9917995914144,406.35857297326424,3919100
2025-07-01,419.9390563964844,427.5413461003986,403.37943163882306,404.81420342495574,2603000
2025-07-02,426.20623779296875,428.8964122171797,420.21805845682763,423.45625333527386,2669300
2025-07-03,427.7704772949219,431.3275168327841,424.53228267844946,427.06306483105254,1359300
2025-07-07,417.17913818359375,427.76055753237455,413.91105357863387,425.0105731477732,2497200
2025-07-08,424.62200927734375,431.56669292412585,417.0595521539154,417.0595521539154,2620900
2025-07-09,418.3548583984375,427.8303245854407,410.38391710981483,420.6664386697528,2735100
2025-07-10,429.1654357910156,436.8972278435155,416.80050998140837,419.30137203034656,2932800
2025-07-11,433.2803955078125,434.7351140817718,424.10385851958233,428.68715551403517,2511400
2025-07-14,423.7950134277344,428.93627416055676,420.5070123390205,427.4417226826454,2819300
2025-07-15,416.4717102050781,427.44172791744813,415.68460164324915,426.88376445806614,2090500
2025-07-16,414.7978210449219,419.0224102231411,412.2770120635067,416.7905563790597,2762300
2025-07-17,423.4363708496094,425.44902272732986,411.7888295981424,413.49260991063676,2494600
2025-07-18,413.2434387207031,426.3556392436859,409.91557477378456,424.3728775620133,2652500
2025-07-21,403.4691162109375,413.4925722774626,401.8948383055836,413.4327926513583,2733800
2025-07-22,426.06671142578125,427.4317301828894,403.6783300704739,404.83412014390433,3674200
2025-07-23,465.0147399902344,486.1576628564733,463.85894986103284,471.54096637787626,8928300
2025-07-24,473.30450439453125,482.83974971647115,463.35080170430626,464.9748857731077,6234000
2025-07-25,476.5825500488281,481.8433696757737,472.68674914680724,478.2365238869792,4205500
2025-07-28,483.1984558105469,485.340640215628,473.14510968817,473.71304655660487,3412200
2025-07-29,480.40863037109375,486.74551403775627,478.66498698142226,480.48832640423285,3164200
2025-07-30,475.5463562011719,483.1187565089098,471.9295367253317,482.2220316950247,2583500
2025-07-31,465.981201171875,482.11239537040916,465.0446131766416,469.0699468748749,3413900
2025-08-01,461.3580627441406,462.41420996926513,449.8101658907694,459.3553541348357,2756900
2025-08-04,464.8752746582031,466.0708976273446,454.8817080676551,458.42877456754644,2092800
2025-08-05,464.72576904296875,468.16321886857247,463.15149127606406,465.28373244202425,1992300
2025-08-06,447.3092956542969,464.8055091726075,444.6589540539373,463.54013320231087,2539300
2025-08-07,453.08819580078125,455.42966575818247,449.5311865535018,453.2077550485249,1490100
2025-08-08,459.0465087890625,460.0428764474511,449.80021813548547,451.8427596724909,1689900
2025-08-11,460.7104187011719,466.0011281045355,457.6615059401937,460.1125920733972,1706700
2025-08-12,475.6758728027344,476.45303833609364,459.2358069452119,459.2358069452119,2104200
2025-08-13,483.0290832519531,485.21113084564644,476.98112429762097,478.6948778779023,2054800
2025-08-14,483.27813720703125,484.13499872650726,477.4991870266191,478.9937383894752,1955200
2025-08-15,487.2337341308594,489.76448596447966,484.2346578980871,484.96201719896453,2462500
2025-08-18,485.76904296875,491.4483197495189,485.3705020308104,488.34963126980995,2211100
2025-08-19,496.48004150390625,499.11043627077333,488.11055938136207,489.13681683771273,2578500
2025-08-20,493.01263427734375,498.55243552724335,490.97009292402714,496.9582413358443,2351500
2025-08-21,482.0028076171875,492.98276779842246,481.0562462193541,490.65127122593054,1360600
2025-08-22,498.1738586425781,500.5651653617975,485.12146656826695,485.7591260617916,1778400
2025-08-25,488.9674072265625,497.7653198910272,487.40310277286926,497.43653195692576,1044300
2025-08-26,486.7056884765625,489.7346242886225,484.9620450609104,488.309825823733,1341600
2025-08-27,486.3469543457031,489.1965815301068,481.22564062687354,484.8623763326284,1294800
2025-08-28,487.9610595703125,489.35599853819895,481.6341496243291,485.8786549313793,1407700
2025-08-29,490.9302673339844,492.4845984278783,484.1549795096635,488.1603664967398,1228200
2025-09-02,485.75909423828125,490.91032810315954,477.2899696482792,487.5326273479185,1303800
2025-09-03,482.7899169921875,487.76181208106755,479.78089773316543,485.26091963049663,1219100
2025-09-04,487.71197509765625,488.4791976230237,469.89691724126,480.3288874071443,1404200
2025-09-05,490.81072998046875,500.17658018140423,487.34335947422306,488.2201679061516,1442600
2025-09-08,485.8786926269531,488.28991578931175,479.2030474210864,485.9982518833674,2223700
2025-09-09,480.6576843261719,488.2101371471971,479.77090259136776,484.7129076440941,1505900
2025-09-10,474.80902099609375,484.05531103729504,473.9122962442791,479.37237119032557,1442700
2025-09-11,489.6250305175781,490.21288378224955,478.61514974144023,478.8343518407014,1509800
2025-09-12,477.7184143066406,489.47557055860693,477.7184143066406,486.83517201958006,1543200
2025-09-15,473.1609191894531,481.6177118912411,469.4511033384354,477.4690983262519,1663500
2025-09-16,479.4237365722656,483.2632014586247,468.7630030811179,468.9824019441676,1799800
2025-09-17,471.345947265625,485.2378002397182,467.85553011028367,481.637668433803,1947500
2025-09-18,479.78277587890625,480.93960350305053,471.7348638725537,475.8435786280186,1576400
2025-09-19,478.26690673828125,486.6538839886936,476.71118041992395,481.9667707494455,4244100
2025-09-22,473.6894836425781,480.4210023699722,469.4511199994041,474.1781627342202,2352200
2025-09-23,468.4638366699219,474.26790896486716,466.00059824857016,469.8300807759713,3244900
2025-09-24,466.7186279296875,470.0394970836022,461.662502156284,466.6188956403341,2409600
2025-09-25,457.9626770019531,467.4765654219703,456.1576351372757,465.7313568452031,3229300
2025-09-26,462.96893310546875,464.4648262087484,459.04970047904163,459.79764703068145,1886400
2025-09-29,460.77496337890625,466.0704223983717,455.41967107151635,465.561809016992,3018300
2025-09-30,483.6920166015625,484.918659849048,458.74053168238987,462.84924635758,4363900
2025-10-01,529.2767944335938,533.435420426557,485.60671727277526,485.666550552701,6092700
2025-10-02,523.522705078125,538.4218024657852,521.5680495573451,524.270651611907,3262000
2025-10-03,541.8323974609375,543.9465880327301,523.9215500179711,523.9215500179711,3048500
2025-10-06,542.4607543945312,544.3654983040899,534.9912706887375,538.52155675944,2560100
2025-10-07,537.6937866210938,547.9356878126714,536.8661029073875,541.1941863128,1870800
2025-10-08,534.721923828125,547.7561457066234,534.1634595328064,536.6566145776292,2153200
2025-10-09,533.2161254882812,536.098227744871,527.3921485481543,532.2786966212541,1830700
2025-10-10,523.363037109375,536.4570908299718,522.2162224360744,533.3656032625955,1415800
2025-10-13,523.1437377929688,529.3766255406659,522.4556245509012,526.0856729834907,1686600
2025-10-14,524.390380859375,528.3993333692986,518.0278433821525,520.3115518257372,1601000
2025-10-15,526.4247436523438,530.9522917064837,520.9896529945547,523.4728259025673,1430400
2025-10-16,535.3103637695312,543.1088996020577,532.6974811445109,542.8695664438686,2115900
2025-10-17,537.4444580078125,539.3891312189583,530.5434215227871,532.6974808131948,2010200
2025-10-20,542.3510131835938,548.9528830015196,538.5215001781651,539.5187622155321,1665200
2025-10-21,556.4622802734375,566.8338306625723,552.2239162659241,557.5493227655414,3932400
2025-10-22,565.6470336914062,569.7258012943141,549.3717101122578,553.979055805953,3461200
2025-10-23,570.3441162109375,576.6568020745125,560.8402404595442,566.345146491708,1979300
2025-10-24,570.9324951171875,574.2434122620322,568.2298931841377,572.5780017647421,1655700
2025-10-27,562.2364501953125,571.1020639137797,559.5039009401434,570.523695726699,1563600
2025-10-28,556.1032104492188,564.1012711169384,554.048853176797,562.5854134086516,992700
2025-10-29,556.7813720703125,570.005076577226,553.5402704114825,556.7813720703125,1953600
2025-10-30,554.6970825195312,564.0813527378109,550.0897365993212,550.0897365993212,1315100
2025-10-31,565.8365478515625,568.3595892700337,550.3590208464518,550.4088717769897,1872200
2025-11-03,563.3333740234375,564.1511361829813,552.6826229673055,562.1166827091747,1835000
2025-11-04,563.6923828125,567.7412642390736,555.47495338462,556.8810660717511,1636000
2025-11-05,566.0858764648438,568.5989355817204,552.6826713253238,558.8157967564671,1682900
2025-11-06,564.4302978515625,569.2969410272481,557.8184462668759,561.3288278016101,1277800
2025-11-07,570.8427124023438,575.7691890977708,561.7576702262556,565.317902856477,2264000
2025-11-10,574.77197265625,582.0619559907575,566.803858414817,570.8028890749916,1380300
2025-11-11,584.8842163085938,585.9812410963178,573.2461851019336,574.3730961000985,1377700
2025-11-12,586.4100341796875,589.5513730309764,580.406497324094,582.6902054440247,1504200
2025-11-13,578.5416259765625,596.8812893052831,576.6667684918752,584.49525107533,2745400
2025-11-14,577.1255493164062,582.7301572305847,571.4311610347847,576.6069535668374,1318000
2025-11-17,565.6071166992188,578.2025412424176,565.0387308953991,574.0739226209483,1624400
2025-11-18,574.452880859375,576.6368262888678,554.9364554751654,561.3089136370911,1916000
2025-11-19,572.2189331054688,573.046677597003,565.6569930617638,573.046677597003,1247900
2025-11-20,571.1718139648438,578.860725706503,566.9035643621619,571.7801291614155,1167800
2025-11-21,585.8715209960938,588.2350273115806,567.9906187872608,571.4311852174152,1933500
2025-11-24,584.4653930664062,586.3103035625683,577.5144447348254,584.8443575253012,1803100
2025-11-25,596.143310546875,600.6708581369379,580.2070223172058,580.6059514664101,1803400
2025-11-26,591.6256713867188,594.9166237568546,585.5822662047467,591.8051712394854,2059900
2025-11-28,589.21240234375,592.3737062583373,586.3402825348717,587.5768778393513,746000
2025-12-01,583.5478515625,596.0435120840799,581.1543985468804,593.2212437362025,1754200
2025-12-02,578.7809448242188,582.8497908466288,576.3775701747227,580.3466534758329,1918100
2025-12-03,578.8607177734375,586.4997176172124,578.4219200756202,579.6983837350635,1186600
2025-12-04,573.6649780273438,578.8607349135228,558.6262501583503,577.4446399291979,1961600
2025-12-05,571.2018432617188,577.5045471566881,568.0604432402853,576.4175046652566,1873700
2025-12-08,566.6542358398438,572.9668601730368,564.4602473711335,569.2371102102488,1412100
2025-12-09,561.5283203125,573.6749641395292,560.3714623091399,572.4283866424854,1416000
2025-12-10,572.2389526367188,572.8871973370099,561.4585519688069,561.4585519688069,1275600
2025-12-11,577.31494140625,577.4944412450648,569.2770128831276,575.0411550451901,1226400
2025-12-12,570.7131958007812,577.4746013295178,568.628891186029,576.267892250656,1576500
2025-12-15,574.7650146484375,575.1942133756569,564.5453823942426,573.0883619424036,1702200
2025-12-16,569.0264282226562,573.7170962539807,559.8846661794502,569.7051299070276,2015300
2025-12-17,561.4415893554688,571.8508464840768,560.3737092798528,566.4116692784427,2301800
2025-12-18,561.27197265625,568.2779753420028,553.4276131043143,561.3318509385618,2287300
2025-12-19,566.701171875,568.737094429112,557.8188406960069,560.5633737001676,3862600
2025-12-22,574.5554809570312,575.0045985088203,564.6252500591321,567.6991438630021,1108400
2025-12-23,578.7870483398438,579.4058108710564,572.5594635651786,574.2461061844683,732000
2025-12-24,577.9686889648438,578.6573196628071,575.1842574889831,577.4696829783143,401000
2025-12-26,579.58544921875,580.0145870469421,575.7131579855111,577.6493036021305,466100
2025-12-29,583.9068603515625,584.1363836082137,578.966689003986,578.966689003986,1042800
2025-12-30,582.2901000976562,583.2881120745435,578.6872914804092,581.0924735426281,665000
2025-12-31,578.2980346679688,584.445761457242,577.8489171092141,582.5495753068998,739300
2026-01-02,591.33203125,592.529657693795,575.8528571799411,578.3478868904261,2052300
2026-01-05,609.9849243164062,610.2344273072986,591.3320782807407,592.5895831010488,2488100
2026-01-06,619.4859619140625,626.8313763212127,604.8551332091523,604.8551332091523,2554800
2026-01-07,615.923095703125,625.5239657328274,613.497873074662,617.4700020338082,2404300
2026-01-08,605.2942504882812,622.1207174241714,602.789230735928,611.6415919004667,3147700
2026-01-09,617.629638671875,621.1626398333802,603.3480906146212,607.4000165501759,2286500
2026-01-12,614.2264404296875,623.5478375306037,605.4039883685266,619.7454146009677,3184800
2026-01-13,605.873046875,618.98687620122,593.1184262792384,612.1006310308651,2847700
2026-01-14,620.5938110351562,621.4819954092324,605.8930530428086,607.4200406218047,2460400
2026-01-15,623.4081420898438,628.6177348387611,617.380111379951,618.7373929106485,2541500
2026-01-16,617.4899291992188,628.4780505991672,617.4800002472475,622.8493094525153,2881000
2026-01-20,617.7793579101562,619.6156657002026,604.7952133040685,608.2882549650656,3108800
2026-01-21,635.0349731445312,636.7116258621404,619.0368737262104,621.0528163852213,3182400
2026-01-22,638.1787719726562,642.7097244270524,633.5479817720983,636.1228697330541,2621700
2026-01-23,624.7355346679688,637.9292850338479,621.4421072380783,636.4122872955974,2847400
2026-01-26,625.3742065429688,632.3902593784434,621.9909316116618,624.0967829971037,1758300
2026-01-27,622.6695556640625,628.0688339634864,616.7713323461298,620.3841304230137,1638200
2026-01-28,606.8112182617188,619.3661641746986,605.114585839642,617.4100998248,2338100
2026-01-29,590.9827270507812,595.1643995404335,571.0724374621823,584.6353856945088,3950400
2026-01-30,577.4596557617188,584.7850899722351,573.0883587293546,580.5734480431545,3760700
2026-02-02,580.6134033203125,582.938727192431,572.1702007062171,574.7550783326998,1778800
2026-02-03,568.9566650390625,587.67931823976,565.2839274223589,578.8469367598983,2249800
2026-02-04,564.0962524414062,575.1343224458252,561.8008372722276,570.3737862278583,2740600
2026-02-05,541.28173828125,565.7031219983924,540.263807529256,562.6092484525527,3224900
2026-02-06,541.7507934570312,545.1739668173002,535.9822556842414,542.1599515163748,2959400
2026-02-09,545.6730346679688,547.7089571585581,535.942417956821,540.1240905492413,2107600
2026-02-10,538.726806640625,549.8546635920718,536.4812798856183,548.3176862949166,2022100
2026-02-11,526.1219482421875,538.3176860765657,521.3115232821765,536.6909217075942,3367600
2026-02-12,508.80645751953125,525.9522954387888,492.65863154607786,525.7626707325334,4742000
2026-02-13,503.8163757324219,519.3154688969952,503.24750163856214,513.4272352228384,3188300
2026-02-17,500.5928039550781,506.14174788968745,497.1696303199364,501.59081589233745,3775400
2026-02-18,512.5390014648438,513.137784253966,497.4291167668268,499.524917442568,2662300
2026-02-19,514.095947265625,514.4851865730418,502.9980584677749,508.98613059239125,1776100
2026-02-20,509.91424560546875,513.8564050471808,505.5030497791717,509.67473248024953,1362500
2026-02-23,515.4132690429688,517.8883190672088,504.79440778766065,507.0000360197858,1618300
2026-02-24,514.574951171875,520.5929926341117,512.1897488404364,514.9841701943385,1314400
2026-02-25,512.6587524414062,517.9681831311364,510.24358066648904,517.9681831311364,1480700
2026-02-26,519.0859985351562,519.6249030882251,509.0659494892278,515.0640418350914,1551100
2026-02-27,520.073974609375,520.2436804929367,508.4671216171952,514.7046656314737,2031100
2026-03-02,507.56890869140625,512.6787555051301,501.3113846731576,510.9921128579199,2050800
2026-03-03,507.08984375,509.704630009872,492.3891177516398,500.51294909707366,2211500
2026-03-04,511.6707458496094,516.6209070193106,507.93819092639995,508.9860912845169,1679200
2026-03-05,517.8085327148438,519.5450637139273,501.00198513647445,502.1796318954643,3283700
2026-03-06,500.9720458984375,513.3573775100781,499.00596119306056,510.3034634641291,1637000
2026-03-09,508.9561462402344,509.58489863057355,491.15161702608714,495.2334821736189,2210500
2026-03-10,499.0857849121094,508.9261982288394,496.9500552522001,507.98806459245014,1864700
2026-03-11,494.7344665527344,500.30335962423294,490.1535955285404,498.40714308159613,1627400
2026-03-12,474.94390869140625,490.6326268835124,473.0576515374795,490.023854229752,2516300
2026-03-13,463.90496826171875,481.0977253814755,463.34553149281095,478.45038522735535,3018600
2026-03-16,469.5293273925781,474.02482095271984,466.77208158651246,470.598263178207,2995700
2026-03-17,472.2366027832031,480.5083096759393,470.9578858404087,475.0437863098613,2794900
2026-03-18,464.2246398925781,470.0188193034248,461.5673000839573,468.31054031467437,2419800
2026-03-19,469.7391052246094,470.5183228833609,457.880997173537,460.75811790954776,1843800
2026-03-20,473.9149475097656,476.452381933626,468.59026804485023,468.6002677864221,2285000
2026-03-23,477.6412048339844,487.44137864214457,475.1537080806218,483.8150088532073,1913200
2026-03-24,489.79901123046875,495.2935032960168,469.52932196501854,472.39644294675463,2241300
2026-03-25,490.2785339355469,499.449364290883,482.47635727685787,494.9139020921194,1729500
2026-03-26,488.3604736328125,495.76305694644003,485.3335090823591,489.2595662789537,1301900
2026-03-27,472.8859558105469,490.25855584660235,471.3574891941737,489.12968256703584,1677800
2026-03-30,479.5692443847656,483.0957080662867,473.68515874597443,477.95087160273846,1819600
2026-03-31,491.03778076171875,493.8649333861402,479.1796722546664,487.261567272252,2272000
2026-04-01,494.0447692871094,500.5482293511964,491.3674299063319,495.80298606740536,1505100
2026-04-02,490.96783447265625,506.312468542278,484.62418738085387,486.4523718582686,1696200
2026-04-06,487.70111083984375,492.8459473411511,479.4693724377521,491.50729292536545,1473700
2026-04-07,489.0097961425781,489.85895101775714,479.5193098027324,484.75405251223356,1287600
2026-04-08,502.955810546875,506.77199239380707,499.2295653996445,501.4972811738496,1507900
2026-04-09,499.9588317871094,504.84394958433114,489.7590645977367,498.1106782761294,1491000
2026-04-10,495.6131591796875,503.31546000015,495.3134718075754,499.6091534052702,1308700
2026-04-13,513.7150268554688,515.133648758527,491.54727612965473,494.4643349478533,1828900
2026-04-14,526.6920166015625,529.4692619980708,513.4852842773744,515.8229678476021,2572100
2026-04-15,531.1375732421875,532.3263840255632,524.2345196842905,528.3503890744238,2003600
2026-04-16,515.4832763671875,529.9687560325445,513.784966556442,526.8518852859216,1375100
2026-04-17,526.0726318359375,529.5491883830988,517.4812683722668,522.5861365210897,1988100
2026-04-20,525.4932250976562,528.2904087806506,520.6181074041383,522.3064173550578,1437500
2026-04-21,524.044677734375,537.8707835484608,522.4263049580735,529.3393578651164,2141400
2026-04-22,513.4652709960938,529.4592480289338,513.4652709960938,526.0926276899002,1801700
2026-04-23,466.2326354980469,475.9129338868869,455.14374549520977,472.17665857856963,5729400
2026-04-24,469.2396240234375,474.52433515553463,464.194693286591,468.68018724621555,2684400
2026-04-27,467.5713195800781,474.7341225658545,461.537359418416,462.1967021617416,2280000
2026-04-28,469.7491149902344,472.5462988282591,463.65521753559045,471.517331507091,2243000
2026-04-29,465.7930908203125,474.5243287127821,461.7870967315443,466.78208966536306,1387200
2026-04-30,478.4803466796875,479.49934473305274,460.53834089402056,463.7651172513156,2161200
2026-05-01,468.7401123046875,481.3474694288834,467.6312385214706,479.5193154530063,1425400
2026-05-04,462.1367492675781,469.91895674318994,461.447437808324,466.51236792648956,1815700
2026-05-05,466.2926025390625,475.99287053865817,459.1797372896898,464.30457456725554,2045900
2026-05-06,472.47637939453125,476.9419041606506,466.1327324646547,470.68816344239855,1861500
2026-05-07,473.98486328125,479.8190113983314,467.81105930143303,472.8859587329774,2533600
2026-05-08,464.5343322753906,473.0158203281863,455.90297004837663,473.0158203281863,3905600
2026-05-11,452.1467590332031,466.32255118528644,447.43148456171855,464.39446077439777,3952900
2026-05-12,458.84002685546875,462.6362396793379,452.3965044294678,453.88500252945727,3055700
2026-05-13,445.5833435058594,462.93594427750975,444.07484586683256,454.72417458137437,2801200
2026-05-14,447.7611389160156,458.72015440905693,445.60329835411954,447.7611389160156,2100300
2026-05-15,437.9010314941406,444.5044279249288,436.8820639234622,443.57533608049755,2037800
2026-05-18,441.557373046875,443.9949320248282,434.8341016176903,438.0009405355041,1908500
2026-05-19,447.3615417480469,454.54434381788866,439.5693651916897,441.557362565949,3418500
2026-05-20,451.33758544921875,451.7871165264292,438.22072897018523,448.6402770378847,2851600
2026-05-21,448.91998291015625,451.25763590753036,440.678244700548,450.44844950409384,2012700
2026-05-22,447.8310852050781,454.0048891537061,443.96496555265594,446.35255632150626,1686100
2026-05-26,447.7311706542969,449.79910500585527,443.1657398840497,446.91198451208294,1942600
2026-05-27,455.7531433105469,456.94195408491925,446.991936553475,449.4794333145816,2958600
2026-05-28,486.7320861816406,490.5182993114264,460.7681230132085,460.78809200935154,4372700
2026-05-29,492.0168151855469,498.5003064088462,480.5483001669868,481.6871732161985,4184100
2026-06-01,493.5452575683594,495.7830045889525,483.0158042000029,489.3394516762761,3194400
2026-06-02,481.59722900390625,491.4673399951127,476.0328300028869,488.92990551583216,1774500
2026-06-03,473.47540283203125,475.3035568718336,468.64022273689943,468.8400346534652,1938900
2026-06-04,481.5472717285156,488.16063727757,475.6032181378611,481.6471776813113,2241900
2026-06-05,472.3265075683594,486.30251817154146,469.14969946044033,483.7350845522223,1728100
2026-06-08,469.1596984863281,475.94290724329426,468.4404183038382,472.3265068479592,1939500
2026-06-09,493.5752258300781,493.8649134618109,472.9159429272506,473.00584913920386,2791000
2026-06-10,481.5572814941406,493.39542070196984,481.4274068015044,491.33745558999203,2051000
2026-06-11,475.18365478515625,483.7550489449077,466.33251176337836,483.49533005262305,1776600
2026-06-12,468.8699951171875,481.4374144667261,467.16171606266664,477.7610764811193,2389700
2026-06-15,473.7200012207031,476.3399963378906,468.5,470.2799987792969,1873600
2026-06-16,472.6300048828125,477.44000244140625,470.5899963378906,474.0,1517100
2026-06-17,461.69000244140625,472.1499938964844,457.6400146484375,467.8900146484375,2042500
2026-06-18,464.6099853515625,467.94000244140625,459.0,461.6300048828125,3358500
2026-06-22,464.010009765625,468.3500061035156,458.9100036621094,461.6300048828125,1524600
2026-06-23,469.3500061035156,471.1199951171875,460.1300048828125,469.8900146484375,1824600
2026-06-24,492.20001220703125,493.0,473.5,478.1199951171875,2125200
2026-06-25,505.75,515.9600219726562,492.489990234375,492.7799987792969,2975400
2026-06-26,513.030029296875,514.7999877929688,499.55999755859375,509.7300109863281,4570100
2026-06-29,506.4200134277344,511.6700134277344,501.44000244140625,511.6700134277344,2076300
2026-06-30,501.3599853515625,508.3800048828125,495.1000061035156,508.32000732421875,2423600
2026-07-01,513.3300170898438,521.1699829101562,502.8699951171875,504.7799987792969,2220000
2026-07-02,523.4400024414062,529.1500244140625,511.9800109863281,518.6900024414062,2321800
2026-07-06,517.5999755859375,520.0,506.8299865722656,520.0,1857600
2026-07-07,516.6199951171875,527.3699951171875,513.4199829101562,525.0,1366600
2026-07-08,510.1300048828125,512.9600219726562,507.0,510.8500061035156,2021600
2026-07-09,524.7100219726562,524.8499755859375,506.9800109863281,509.989990234375,1383900
2026-07-10,527.0499877929688,533.0800170898438,522.5999755859375,525.5,1233000
2026-07-13,528.510009765625,534.72998046875,521.77001953125,524.2000122070312,1168700
2026-07-14,534.0700073242188,537.8200073242188,523.3499755859375,525.010009765625,2122400
2026-07-15,535.2899780273438,540.3699951171875,533.8300170898438,537.239990234375,2108100
2026-07-16,543.1900024414062,544.4500122070312,532.010009765625,536.25,1895600
2026-07-17,532.47998046875,542.02001953125,531.6199951171875,539.0999755859375,1476000
2026-07-20,526.22998046875,532.5499877929688,522.5599975585938,530.5700073242188,1590900
2026-07-21,523.4600219726562,526.3800048828125,495.0400085449219,507.1000061035156,3525000
2026-07-22,526.4600219726562,528.8099975585938,517.5999755859375,524.719970703125,2334500
2026-07-23,572.3200073242188,587.489990234375,568.8400268554688,573.6799926757812,5806200
2026-07-24,568.260009765625,574.0,555.9099731445312,570.0,2939400
2026-07-27,559.530029296875,568.3499755859375,556.010009765625,565.0,1962000
2026-07-28,576.4099731445312,588.5599975585938,568.97998046875,572.0,3034300
2026-07-29,576.4600219726562,584.5399780273438,571.2000122070312,578.7100219726562,2546800
2026-07-30,576.77001953125,577.0499877929688,560.4199829101562,567.3699951171875,2264700
2026-07-31,574.2999877929688,577.5900268554688,562.8699951171875,573.4000244140625,2112900
2026-08-03,574.030029296875,583.6400146484375,572.75,576.0,1588900
2026-08-04,564.75,582.3099975585938,562.5,578.760009765625,1941800
2026-08-05,577.8300170898438,578.0,564.4000244140625,567.9299926757812,1552800
2026-08-06,580.02001953125,580.3099975585938,569.6300048828125,576.7999877929688,1719400
2026-08-07,594.0,594.260009765625,574.77001953125,578.0,2206600
2026-08-10,599.6900024414062,599.6900024414062,588.530029296875,588.530029296875,1862600
2026-08-11,605.0,606.2100219726562,594.8099975585938,599.989990234375,1656100
2026-08-12,603.010009765625,604.1900024414062,595.0,599.2100219726562,1531600
2026-08-13,595.8900146484375,606.75,593.3900146484375,606.2899780273438,1448300
2026-08-14,588.2899780273438,594.739990234375,587.510009765625,592.1099853515625,1057600
2026-08-17,585.510009765625,592.3200073242188,580.0,582.5499877929688,887300
2026-08-18,589.0399780273438,592.219970703125,584.8599853515625,588.8699951171875,1721600
2026-08-19,613.5399780273438,620.47998046875,595.0,595.1099853515625,2507200
2026-08-20,627.5499877929688,634.7000122070312,607.3699951171875,609.8499755859375,2750100
2026-08-21,629.27001953125,629.510009765625,616.27001953125,626.47998046875,1556000
2026-08-24,628.739990234375,630.0,615.969970703125,630.0,1727100
2026-08-25,628.1500244140625,647.0,618.030029296875,631.010009765625,1535300
2026-08-26,633.7100219726562,636.0599975585938,622.22998046875,622.22998046875,1843000
2026-08-27,630.7000122070312,637.1300048828125,626.3300170898438,629.469970703125,1466900
2026-08-28,622.1799926757812,630.0,617.4500122070312,626.5800170898438,1016600
2026-08-31,617.0999755859375,620.719970703125,610.3499755859375,614.3800048828125,1429100
2026-09-01,600.5,621.0,599.52001953125,619.0,1385000
2026-09-02,608.5399780273438,614.5999755859375,600.7000122070312,601.6300048828125,1617000
2026-09-03,618.4299926757812,622.9099731445312,603.52001953125,614.030029296875,1804900
2026-09-04,613.780029296875,615.739990234375,605.530029296875,608.5800170898438,1228900
2026-09-08,603.02001953125,608.0999755859375,595.8200073242188,602.2000122070312,2695300
