Date,Close,High,Low,Open,Volume
2000-01-03,9.49258041381836,9.795857743333324,9.219630817254892,9.780693876857574,9037000
2000-01-04,9.022506713867188,9.143817728507418,8.734393054096639,9.037670590697218,15237200
2000-01-05,8.93152141571045,9.158979516280326,8.74955493525455,8.977013035824424,8228200
2000-01-06,9.325783729553223,9.462258613400344,8.961850705960902,8.99217845792693,8326800
2000-01-07,9.49258041381836,9.629055212100093,9.356105615536626,9.522908146769856,7711200
2000-01-10,9.18930435180664,9.371270774614693,9.158976614671966,9.310615300345342,8953200
2000-01-11,9.037674903869629,9.219641512672373,8.992183251668942,9.174149860471687,6170800
2000-01-12,9.295455932617188,9.371275312165452,9.052833918062742,9.052833918062742,7030000
2000-01-13,9.811029434204102,9.826193312773196,9.629062891374968,9.674554527082252,11077000
2000-01-14,10.114304542541504,10.614712413461849,9.977829668654138,10.614712413461849,11497400
2000-01-18,9.431928634643555,9.765533827508762,9.34094540022577,9.644222848285048,12744000
2000-01-19,8.916358947753906,9.447094599405924,8.855703444707961,9.310619717552548,17140600
2000-01-20,8.825373649597168,9.052831733349672,8.688898799345665,8.931520755348336,14965200
2000-01-21,8.886032104492188,9.12865414147491,8.749557208689406,8.855704349869347,14016600
2000-01-24,8.70406436920166,9.08316124939337,8.59791724274798,8.977014122939691,9540000
2000-01-25,9.12865161895752,9.219634857684671,8.688899298442955,8.688899298442955,10701000
2000-01-26,9.219635009765625,9.340945996736226,8.977013035824424,9.0831601494237,14587200
2000-01-27,9.462260246276855,9.644226789474487,9.26512982447942,9.37127697467804,10255000
2000-01-28,9.401606559753418,9.492589849041353,9.265131625821514,9.431934322849397,8089000
2000-01-31,9.704882621765137,9.704882621765137,9.29545788615942,9.29545788615942,9267400
2000-02-01,9.811029434204102,9.87168494848048,9.659390648513158,9.70488228422044,9528800
2000-02-02,9.514020919799805,9.879944801330566,9.514020919799805,9.864697972933453,6637600
2000-02-03,9.48352336883545,9.666485234472145,9.28531468106236,9.590251123790189,10805600
2000-02-04,9.407291412353516,9.54451284300373,9.376797761097913,9.54451284300373,7146800
2000-02-07,9.315808296203613,9.422536050824604,9.270067829937474,9.331055118292326,8873200
2000-02-08,9.498774528503418,9.651242819490632,9.346306237516204,9.346306237516204,8445000
2000-02-09,9.239570617675781,9.422532412085202,9.20907698527421,9.376791963482848,9003600
2000-02-10,8.965131759643555,9.285315036773682,8.949884936923073,9.239574568612236,14250800
2000-02-11,9.239570617675781,9.422532412085202,9.05660882326636,9.193830169073426,11174800
2000-02-14,9.224325180053711,9.42253382028627,9.178584724615428,9.36154654636856,8303800
2000-02-15,9.193838119506836,9.25482543704917,8.965135678723085,9.11760397257892,7574600
2000-02-16,8.782171249389648,9.209082351790535,8.782171249389648,9.209082351790535,7861000
2000-02-17,8.52297306060791,9.056611803222001,8.38575166965,9.041364982004456,9629000
2000-02-18,8.17230224609375,8.477238897067396,7.989340255509561,8.477238897067396,20619200
2000-02-22,8.53822135925293,8.53822135925293,7.989335700443813,8.233284882136754,10546000
2000-02-23,8.294271469116211,8.461986517204958,7.989335018045762,8.355258759330301,8786200
2000-02-24,8.019830703735352,8.187545794497877,7.806375133673955,8.08081800946718,9797200
2000-02-25,7.974087238311768,8.263776832055408,7.867359493248321,8.096061804098563,8026800
2000-02-28,8.324766159057617,8.431493930327587,8.050323318649125,8.141804265451956,8663600
2000-02-29,8.065571784973145,8.340014681248224,7.958843991977281,8.324767853677386,11133400
2000-03-01,8.46198844909668,8.522975753234313,8.06557097220206,8.06557097220206,11305800
2000-03-02,8.27902889251709,8.70594014295996,8.157054249533413,8.67544648221404,10556200
2000-03-03,8.46198844909668,8.538222579268723,8.309520188752595,8.446741623062271,8831400
2000-03-06,8.401002883911133,8.660198980147955,8.401002883911133,8.461990200672739,7545400
2000-03-07,8.065571784973145,8.461989301814924,7.958843991977281,8.461989301814924,8782600
2000-03-08,7.56242561340332,8.279026427576618,7.56242561340332,8.004583562574078,9310400
2000-03-09,8.004583358764648,8.370507169451033,7.867361929757254,8.370507169451033,9146600
2000-03-10,7.85211706161499,8.111313158794514,7.806376573877428,8.050325841811096,8554000
2000-03-13,7.9588398933410645,8.035073991936285,7.653903498960181,7.745384417274446,8542400
2000-03-14,7.775885105133057,7.943600274067299,7.76063827159358,7.913106606988346,7903800
2000-03-15,8.782171249389648,8.782171249389648,7.80637444390191,7.80637444390191,15288600
2000-03-16,9.392045021057129,9.45303232638867,8.660197357078651,8.751678315075962,19621600
2000-03-17,9.392045021057129,9.651241068716173,9.285317236726934,9.30056406305982,14195400
2000-03-20,9.254822731018066,9.407290980293487,9.117601306670187,9.392044155365944,10822200
2000-03-21,9.651235580444336,9.742716486420111,9.193831050565457,9.193831050565457,12409200
2000-03-22,9.75797176361084,9.818959087133408,9.559762962162495,9.620750285685062,10333800
2000-03-23,10.108643531799316,10.23061811438513,9.696979315572195,9.727472961218648,12593200
2000-03-24,10.00191879272461,10.39833630585089,9.940931483012875,10.093399757292213,12729000
2000-03-27,9.979046821594238,10.200125780972568,9.81895516135476,9.971423409201883,14213400
2000-03-28,9.92568588256836,10.062907346382667,9.818958077379452,9.879945394630257,11255800
2000-03-29,9.620747566223145,9.925684097640678,9.468279300514379,9.818956311644541,10821000
2000-03-30,9.559758186340332,9.95617559119655,9.559758186340332,9.818954181823244,9668200
2000-03-31,9.94092845916748,10.078149864278688,9.453030129883187,9.620745180574662,10090800
2000-04-03,10.6575345993042,10.825249736060059,9.910439899209914,9.986674052280758,15408800
2000-04-04,10.550804138183594,11.099689902597769,10.24586760239794,10.657531925708572,16863600
2000-04-05,10.352591514587402,10.596540651897268,10.154382840523137,10.596540651897268,8731200
2000-04-06,9.879939079284668,10.245862748887804,9.666483605349505,10.123888192353427,13575200
2000-04-07,9.696980476379395,9.864695547511742,9.666486827082604,9.757967774972975,9817800
2000-04-10,9.635992050170898,9.788460278812844,9.239574655701842,9.270068301430232,15029600
2000-04-11,9.849445343017578,10.093394453680553,9.590249412938167,9.590249412938167,11059400
2000-04-12,10.245862007141113,10.428823828697205,9.986666093269983,10.047653367122013,13893800
2000-04-13,10.1848783493042,10.322099764190034,10.047656934418363,10.322099764190034,9115200
2000-04-14,9.75797176361084,10.200129859149456,9.331060498952866,10.184883028268814,13311200
2000-04-17,9.605498313903809,9.773213363829113,9.422536441258023,9.422536441258023,9401200
2000-04-18,9.956174850463867,10.108643071757342,9.46827654232475,9.483523364454097,8063600
2000-04-19,9.94092845916748,10.017162573118151,9.803707054056272,9.956175281957615,6159400
2000-04-20,10.200127601623535,10.306855394166682,9.986672016537243,10.09339980908039,7525800
2000-04-24,10.428824424743652,10.520305340750177,10.169628496058504,10.200122134727344,7880200
2000-04-25,10.505060195922852,10.870983918277204,10.489813374158087,10.489813374158087,8943000
2000-04-26,10.505060195922852,10.733762522394322,10.505060195922852,10.505060195922852,7376000
2000-04-27,10.261112213134766,10.352593154113679,10.154384448659368,10.261112213134766,9294800
2000-04-28,10.017165184020996,10.413582679887885,10.017165184020996,10.322101719303218,9847000
2000-05-01,10.0324125289917,10.230621287163267,9.925684736130085,10.0324125289917,9475400
2000-05-02,10.093399047851562,10.230620485058004,9.94093078428885,10.017164916070207,7786800
2000-05-03,9.94808578491211,10.254652373044994,9.902100796692176,10.101369078978552,8711600
2000-05-04,9.74881649017334,10.070711374282837,9.702831506729126,9.96341307957967,6629600
2000-05-05,9.779470443725586,9.91742535594115,9.626187207930514,9.718157149407558,5063400
2000-05-08,10.116700172424316,10.239326841180976,9.687506831776012,9.718163498965177,5539600
2000-05-09,10.178009986877441,10.346621598105834,10.0860400171165,10.147353330290462,5631800
2000-05-10,10.193338394165039,10.285308364638707,10.101368423691369,10.17801006575276,7265400
2000-05-11,10.423260688781738,10.668513881458956,10.361947390612434,10.392604039697087,6144800
2000-05-12,10.714507102966309,10.929103811752473,10.331298694419587,10.377283703445194,8653800
2000-05-15,11.005739212036133,11.036395867222863,10.72982931535556,10.775814298135657,6668600
2000-05-16,10.699175834655762,11.036399141765255,10.637862506090398,11.036399141765255,7645800
2000-05-17,10.530563354492188,10.714503325749693,10.42326503792531,10.561220016368438,4750200
2000-05-18,10.591875076293945,10.867784991450662,10.515233433194858,10.56121841905431,4738000
2000-05-19,10.576549530029297,10.653191193290379,10.346624540246053,10.515236199420432,4993000
2000-05-22,10.760486602783203,10.852456573747162,10.484576689891325,10.668516631819244,3989000
2000-05-23,10.745158195495605,11.067053091509026,10.714501538732423,10.760486523877196,7234200
2000-05-24,10.913774490356445,11.18968451960703,10.837132815564615,10.990416165148273,14351200
2000-05-25,10.760486602783203,10.929098216217128,10.484576689891325,10.929098216217128,7388800
2000-05-26,10.883112907409668,11.051724515834325,10.6838446429078,10.729829627023616,5937800
2000-05-30,11.005739212036133,11.036395867222863,10.745157642948927,10.990410884442767,6055000
2000-05-31,11.09770679473877,11.159020091947271,10.913766903113265,11.036393497530268,7610600
2000-06-01,11.266316413879395,11.496241238652443,11.021063267454808,11.097704875712491,13134000
2000-06-02,11.710844039916992,11.710844039916992,11.465590761594123,11.526904081174841,8794200
2000-06-05,11.067051887512207,11.572886669074398,11.005738580656184,11.434931728648346,8318000
2000-06-06,11.021071434020996,11.082384766060056,10.699176440815933,11.082384766060056,5388200
2000-06-07,11.159024238586426,11.281650878570892,10.913770958617492,10.959755948611667,4832200
2000-06-08,10.990409851074219,11.12836478644335,10.745156632640205,11.097708134139099,3962800
2000-06-09,10.591875076293945,11.082381592128108,10.49990510457504,11.082381592128108,4697000
2000-06-12,10.783480644226074,10.883114793746286,10.668518164010445,10.729831486792113,3423000
2000-06-13,10.729825973510742,10.775810941968645,10.56121442249843,10.69916932787214,4721200
2000-06-14,10.929097175598145,10.975082156701642,10.637858961942653,10.72982892414965,5241800
2000-06-15,10.315964698791504,10.821799520574743,10.132024763597599,10.69917289711214,14971200
2000-06-16,9.396262168884277,10.239319949126749,9.151008996450104,10.239319949126749,24845200
2000-06-19,9.871440887451172,9.91742586052936,9.365606183591096,9.396262832309889,11854000
2000-06-20,9.595529556274414,9.948080961696638,9.503559624425138,9.840782707872483,9436600
2000-06-21,9.396262168884277,9.626187018041316,9.334948875775734,9.610858694764179,7338600
2000-06-22,9.764142990112305,9.779471315057537,9.472904816152912,9.5648747658243,6969200
2000-06-23,9.6721773147583,9.886773958825838,9.64152065132008,9.77947563679207,4174400
2000-06-26,9.856111526489258,9.97873810846735,9.702828299016641,9.764141590005687,4371400
2000-06-27,10.055383682250977,10.269980285225845,9.994070367115299,10.055383682250977,7662600
2000-06-28,10.078377723693848,10.392608512037155,9.99407190243101,10.055385226985802,6948600
2000-06-29,9.994071006774902,10.11669764489484,9.932757687714934,10.055384325834872,7680000
2000-06-30,9.503564834594727,10.024728067459598,9.499732752000131,9.932758085189327,9739200
2000-07-03,9.978745460510254,10.009402128591699,9.779477117980864,9.871447122225197,3664000
2000-07-05,10.162679672241211,10.361947901108685,10.055381395158724,10.116694696348716,6442800
2000-07-06,10.423260688781738,10.515230636035694,9.963410952511955,10.239320794273825,5954600
2000-07-07,10.469246864318848,10.791141716662471,10.469246864318848,10.530560169527156,8476800
2000-07-10,10.453917503356934,10.699170699916628,10.453917503356934,10.545887452066818,5502400
2000-07-11,10.530563354492188,10.637861671059065,10.392608376049058,10.45392169980156,5370800
2000-07-12,10.576549530029297,10.806474519812543,10.484579534116,10.683847858594811,5943200
2000-07-13,10.49990177154541,10.714498304102543,10.31596188649644,10.607200037823977,5538200
2000-07-14,10.714507102966309,10.775820448333784,10.453925385154538,10.484582057838276,5323200
2000-07-17,10.637859344482422,10.791142620339517,10.545889378968164,10.760485965168098,4846400
2000-07-18,10.315964698791504,10.453919650186933,10.223994731194551,10.423262994321282,8181800
2000-07-19,10.346620559692383,10.392605539957682,10.254650599161783,10.315963906182184,5291200
2000-07-20,10.622532844543457,10.65318950498947,10.361951230752348,10.361951230752348,6919800
2000-07-21,10.392602920532227,10.668512732581755,10.300632983182384,10.622527763906835,5734000
2000-07-24,10.254652976989746,10.515234592249575,10.254652976989746,10.37727961946496,5403000
2000-07-25,10.254652976989746,10.423264610393165,10.147354664823935,10.423264610393165,3706600
2000-07-26,10.040053367614746,10.132023322127248,9.963411738854328,9.963411738854328,6996000
2000-07-27,10.300633430480957,10.36194672471001,10.08603690067927,10.13202187135106,5093800
2000-07-28,10.269986152648926,10.269986152648926,9.978747739364852,10.086046102153722,4904200
2000-07-31,10.178009986877441,10.300636613225363,10.07071168882301,10.285308284931872,5609200
2000-08-01,10.101369857788086,10.254653163672579,10.040056535434289,10.23932483308413,5604400
2000-08-02,10.217256546020508,10.263488476092999,10.093971399160532,10.217256546020508,4760600
2000-08-03,10.833683967590332,10.864505259105526,10.155615554256087,10.201847491528875,11149800
2000-08-04,10.879912376403809,11.034018784001596,10.833680454124472,10.895323017163587,11625200
2000-08-07,10.972381591796875,11.064845481615388,10.756632515553678,10.95697094349379,7151200
2000-08-08,10.926143646240234,11.049428764956627,10.741215968165648,11.049428764956627,4539800
2000-08-09,10.910737037658691,11.111075429593102,10.648756063590614,10.910737037658691,7885400
2000-08-10,11.064840316772461,11.23435736897928,10.926144546785062,11.064840316772461,6813800
2000-08-11,11.095663070678711,11.188126929601033,10.972377925448948,11.018609854910109,4652600
2000-08-14,11.157302856445312,11.218945413663242,10.89532198826911,11.064839020618418,3103800
2000-08-15,10.956966400146484,11.095662177363527,10.756628055277421,11.064840893537518,8870400
2000-08-16,10.879912376403809,11.064840065521153,10.833680454124472,10.910733657923366,4519400
2000-08-17,11.003190994262695,11.09565478413045,10.849084677816439,10.926137836039567,4973800
2000-08-18,10.910737037658691,11.018611556392605,10.895326392125275,10.95696897425894,4659400
2000-08-21,10.941556930541992,10.972378217670279,10.818271782028843,10.84909306915713,3630600
2000-08-22,11.234356880187988,11.29599944194485,10.89532279052525,10.956965352282113,7736400
2000-08-23,11.141895294189453,11.280591086233306,11.034020789266457,11.157305937749882,4628800
2000-08-24,11.034016609191895,11.188122986415246,10.98778469602489,11.14189107324824,5806600
2000-08-25,10.987787246704102,11.080251094502453,10.910734040205476,11.034019170603276,3158600
2000-08-28,10.864500045776367,11.064838344492811,10.849089407413564,10.895321322501974,4723400
2000-08-29,10.664165496826172,10.833682578423119,10.61793356548155,10.802861290860038,5046200
2000-08-30,10.725804328918457,10.833678797743787,10.571697944882272,10.756625605725693,5169600
2000-08-31,10.652605056762695,10.956965201241628,10.648752396706,10.710394957613126,9050600
2000-09-01,10.587114334106445,10.864505976048099,10.571703687331908,10.849095329273563,4796400
2000-09-05,10.772041320800781,10.787451966467163,10.525470990138674,10.57170292713782,7394400
2000-09-06,10.956966400146484,11.064840893537518,10.78744933910343,10.833681264842445,6623600
2000-09-07,11.095663070678711,11.172716286447313,11.018609854910109,11.095663070678711,7081000
2000-09-08,11.315265655517578,11.388466216448744,11.095663972724081,11.157306550350325,8199600
2000-09-11,11.403876304626465,11.588804028485272,11.357644373661763,11.465518879246067,8977800
2000-09-12,11.419285774230957,11.542570910794854,11.2497687114556,11.542570910794854,5598000
2000-09-13,11.527167320251465,11.61963122923744,11.357650153777179,11.419292759767828,7851400
2000-09-14,11.203539848327637,11.38846760373332,11.049433385489568,11.373056957449514,9321000
2000-09-15,11.303701400756836,11.373049262111172,11.080247180837308,11.20353226768946,12601800
2000-09-18,11.01860237121582,11.249761861521048,11.003191738528805,11.249761861521048,5782200
2000-09-19,11.465521812438965,11.465521812438965,11.034023679712767,11.064844974907496,4933600
2000-09-20,11.157302856445312,11.218945413663242,10.95696454548704,11.218945413663242,4428000
2000-09-21,11.003190994262695,11.141886679064326,10.941548467684193,11.111065415775075,5139400
2000-09-22,11.157302856445312,11.218945413663242,10.95696454548704,11.064839020618418,5389000
2000-09-25,11.403876304626465,11.52716145386567,11.172716649802956,11.311412442697062,6322800
2000-09-26,11.373052597045898,11.480927079673705,11.311410035544295,11.465516439298304,7108800
2000-09-27,11.419285774230957,11.465517700442419,11.172715501103163,11.234358069385111,6116200
2000-09-28,11.527167320251465,11.604220577739778,11.388471456772503,11.465524714260816,7742000
2000-09-29,11.326818466186523,11.604209938827827,11.265175916710678,11.434692927769254,8937800
2000-10-02,11.604216575622559,11.604216575622559,11.188129128687885,11.342235590515543,5985600
2000-10-03,11.773734092712402,11.89701926645808,11.681270212403142,11.681270212403142,11755400
2000-10-04,11.619621276855469,11.912423404521588,11.51174680876795,11.835370213030505,8140600
2000-10-05,11.758318901062012,11.897014667915954,11.665855056492717,11.665855056492717,7490200
2000-10-06,11.480928421020508,11.804551906713703,11.234358146206645,11.789141264537838,8500400
2000-10-09,11.373052597045898,11.527159000799907,11.265178114418092,11.295999395168893,4751000
2000-10-10,11.049431800842285,11.373055326389967,11.003199868621188,11.373055326389967,7073800
2000-10-11,10.818268775939941,11.080249643733358,10.694983661684216,10.9723751687596,9278600
2000-10-12,10.540875434875488,10.910730713292173,10.340537159066452,10.879909440090781,9932600
2000-10-13,10.694985389709473,10.895323732744377,10.479236404902652,10.479236404902652,6378400
2000-10-16,10.741217613220215,10.833681466418668,10.602521833422536,10.833681466418668,4907400
2000-10-17,10.27889633178711,10.741215507129859,10.217253775074743,10.725804867951766,9422600
2000-10-18,10.417596817016602,10.55629263262777,9.77034967749782,10.263490355226416,10616000
2000-10-19,10.525466918945312,10.648752036590352,10.217254124832712,10.248075404243972,6453600
2000-10-20,10.433003425598145,10.648752388609037,10.355950224522825,10.525467266888526,5206000
2000-10-23,10.402182579040527,10.52546770590323,10.355950656467014,10.52546770590323,4377800
2000-10-24,10.67957592010498,10.80286106781182,10.571701415861495,10.633343989714916,4931400
2000-10-25,10.479232788085938,10.941551881677965,10.46382215163287,10.72580297133502,11271000
2000-10-26,10.602519989013672,10.664162547089333,10.294307198635368,10.556288070456926,7076200
2000-10-27,10.772041320800781,10.86450519479907,10.540881635805055,10.556292281471437,5074400
2000-10-30,11.296000480651855,11.296000480651855,10.864502508676068,10.92614507610118,8299200
2000-10-31,11.419285774230957,11.480928342512906,11.111072932821214,11.326821921808035,8056600
2000-11-01,11.494260787963867,11.494260787963867,11.308369777915933,11.354842530427916,6476000
2000-11-02,11.525245666503906,11.618191196072486,11.416809215340562,11.494263823314379,4501800
2000-11-03,11.525245666503906,11.618191196072486,11.385827372151036,11.416809215340562,3911800
2000-11-06,11.602705955505371,11.633687813864531,11.463287592889152,11.556233167966631,4985800
2000-11-07,11.525245666503906,11.571718431288195,11.401318293745799,11.556227509693432,3487000
2000-11-08,11.63368034362793,11.649171262860456,11.277389201279803,11.525243909000238,6702800
2000-11-09,11.850556373596191,11.881538220324547,11.618192523133521,11.633683446497699,6499600
2000-11-10,11.680153846740723,11.897026729836705,11.680153846740723,11.85055396917328,4548400
2000-11-13,11.401320457458496,11.726629872684892,11.261902136647182,11.525247853735218,5718600
2000-11-14,11.556227684020996,11.695645980477014,11.354845700251193,11.416809387564978,7114200
2000-11-15,11.091495513916016,11.401313824360598,10.983059105260411,11.33935016227168,10217400
2000-11-16,11.029539108276367,11.137975588273466,10.859138925423782,10.921102628279268,4731000
2000-11-17,11.091495513916016,11.137968260482703,10.781677203471434,10.998550020782641,5826800
2000-11-20,10.905609130859375,11.122482039711691,10.843645442615856,11.122482039711691,4793000
2000-11-21,11.153462409973145,11.230917010042402,10.859134929709965,10.90560768975152,5374600
2000-11-22,10.719719886779785,11.1379748534605,10.657756188012272,11.029538380617351,5991400
2000-11-24,10.750696182250977,10.82815076569659,10.70422343218361,10.781678015629222,2258600
2000-11-27,10.983059883117676,11.076005382833763,10.766187050446804,10.812659800304848,4418000
2000-11-28,11.323862075805664,11.385825753375052,10.93658909099699,10.998552768566377,6074000
2000-11-29,11.63368034362793,11.649171262860456,11.323861958977385,11.385825635907494,6381600
2000-11-30,11.757608413696289,11.804081174224732,11.494262770701773,11.664662892639402,9917400
2000-12-01,11.742120742797852,11.974484609739761,11.664666120483881,11.850557214037408,8246000
2000-12-04,11.587214469909668,11.773105611138165,11.478777970859712,11.726632825831041,8332600
2000-12-05,11.912517547607422,11.912517547607422,11.525244545409521,11.587208225761186,10351800
2000-12-06,12.020951271057129,12.408224185717474,11.680151106156025,11.680151106156025,23037000
2000-12-07,12.284299850463867,12.36175445229529,12.020954204237025,12.020954204237025,7328600
2000-12-08,12.253315925598145,12.392734185181435,12.144879501477806,12.377243267449959,8260600
2000-12-11,12.330779075622559,12.454706503518262,12.082924219831149,12.082924219831149,10510400
2000-12-12,12.377249717712402,12.392740643516799,12.206849533864046,12.392740643516799,9119000
2000-12-13,12.392736434936523,12.532154719829558,12.284299991130828,12.392736434936523,6930000
2000-12-14,12.361753463745117,12.392735302000117,12.051935081195113,12.268807948980117,7244000
2000-12-15,12.501177787780762,12.532159641034246,12.284304815006374,12.361759448140084,22609400
2000-12-18,13.058843612670898,13.120807283430903,12.656079752730871,12.702552505800874,15455200
2000-12-19,13.089824676513672,13.3376793449447,12.965897342298158,13.074333759736732,15054400
2000-12-20,13.120810508728027,13.213756037715475,12.749028392778236,12.903937607757316,10098600
2000-12-21,13.120810508728027,13.260228802209198,12.934919450753132,13.198265116217566,13507000
2000-12-22,13.368669509887695,13.461615068473241,13.151796539854754,13.182778392716603,10058800
2000-12-26,13.616519927978516,13.632010849398286,13.3067014995831,13.368665185262183,5180000
2000-12-27,13.70945930480957,13.70945930480957,13.508077416716322,13.632004732466013,5982200
2000-12-28,13.817903518676758,13.910849058040055,13.61652151672295,13.709467056086245,5018000
2000-12-29,13.802404403686523,13.972804458053023,13.740440747553249,13.926331715953069,6043000
2001-01-02,13.368669509887695,13.585542479920635,13.229251172009375,13.492596921335089,10616400
2001-01-03,13.167278289794922,13.384151108685662,12.392732508042279,13.10531462725471,25444200
2001-01-04,12.888450622558594,13.213760073368366,12.563141171748821,12.919432475016666,17224200
2001-01-05,12.98139476776123,13.043358465936702,12.377248710550386,12.718049050515477,14437000
2001-01-08,12.857460975646973,13.04335197770452,12.74902455778007,12.795497308294458,9123600
2001-01-09,12.253315925598145,12.965898141246077,12.206843172403714,12.780007128468355,11326800
2001-01-10,12.067428588867188,12.299792425623295,11.819573829660673,11.850555674561488,15362600
2001-01-11,12.206844329833984,12.53215363304022,12.113898814632202,12.268808006635172,11738200
2001-01-12,12.067428588867188,12.408228882776145,11.94350120926393,12.408228882776145,8525000
2001-01-16,12.377249717712402,12.439213420929986,11.835067314558543,12.082922127428878,14995200
2001-01-17,12.237823486328125,12.594114549854133,12.237823486328125,12.547641802437697,9124200
2001-01-18,12.00546646118164,12.330775874968499,11.97448461224956,12.330775874968499,8346600
2001-01-19,12.16037368774414,12.299791984801079,11.912518937420693,12.0209553906872,9148400
2001-01-22,12.299787521362305,12.423714851552353,12.051932860982207,12.1603692748985,6294200
2001-01-23,12.299787521362305,12.501169432921133,12.222332939993525,12.31527843763606,9064800
2001-01-24,12.439209938049316,12.578628231252857,12.268809801911654,12.377246252181076,7102800
2001-01-25,12.547643661499023,12.609607333901488,12.315279889989784,12.454698152895327,10620000
2001-01-26,12.764519691467285,12.85746522320127,12.532155862132322,12.656083237777636,9104000
2001-01-29,12.672816276550293,12.95784873123073,12.553846085184844,12.826485988877616,7106200
2001-01-30,12.866140365600586,12.913232428935105,12.54392937141141,12.794262259334063,8707400
2001-01-31,12.826289176940918,12.898501091624215,12.62459507370511,12.811349435890447,6828200
2001-02-01,12.549904823303223,12.918433649320443,12.388050516997428,12.711758179726356,9373200
2001-02-02,12.510063171386719,12.599704542896909,12.412950023289449,12.43785119583334,5189000
2001-02-05,12.788946151733398,12.826296475494855,12.56235076800411,12.66942340590851,5201000
2001-02-06,12.671916007995605,12.744127980640114,12.517532543972832,12.639544959933831,5214800
2001-02-07,12.634568214416504,12.828792642051283,12.574806340592009,12.674409147005246,4983400
2001-02-08,12.724203109741211,12.833766330884368,12.6818725560321,12.686852788800632,6306200
2001-02-09,12.617133140563965,12.749106962054386,12.51255108001785,12.724205792960685,6213800
2001-02-12,12.649505615234375,12.813849550298897,12.599704221300335,12.74163757658867,5967400
2001-02-13,12.447809219360352,12.696815196584039,12.388047366878402,12.661953561871488,7284400
2001-02-14,12.520018577575684,12.694322928591854,12.43784710988147,12.58725029653402,4532600
2001-02-15,12.378082275390625,12.60467759201332,12.350691476147981,12.537445889294666,4475400
2001-02-16,12.477688789367676,12.624602343548522,12.350695218018929,12.375596383911994,6796000
2001-02-20,12.121610641479492,12.589742128956814,12.06433938262104,12.587251537333794,7583000
2001-02-21,11.957263946533203,12.251090997167797,11.902482342213549,12.121607809609996,7599000
2001-02-22,11.989640235900879,12.051891740864264,11.558858985657587,11.977189175002136,9636600
2001-02-23,12.069313049316406,12.101683123744682,11.66592291527821,11.959749874691866,6664400
2001-02-26,12.34571647644043,12.370616693543738,11.89750496952172,12.06931969713469,7720200
2001-02-27,12.46772289276123,12.532464946002795,12.241127606179633,12.345710557615261,7209600
2001-02-28,12.3606538772583,12.594720053021055,12.20876011210559,12.594720053021055,7045400
2001-03-01,12.340738296508789,12.39302933105626,12.096712518738036,12.360658283529588,8979600
2001-03-02,12.492635726928711,12.5723185537514,12.300901863586839,12.375603504482527,6782000
2001-03-05,12.40796184539795,12.480172819312326,12.139035073969756,12.430371459801705,5492800
2001-03-06,12.318321228027344,12.629578579049808,12.13654704901607,12.574796981307598,7346400
2001-03-07,12.75906753540039,12.75906753540039,12.300896468987608,12.31832681255637,9027400
2001-03-08,12.876102447509766,12.876102447509766,12.512553847281975,12.759070251475315,6455400
2001-03-09,12.57231330871582,12.699305950270222,12.375598341514344,12.699305950270222,5289800
2001-03-12,11.902484893798828,12.447808563093167,11.877584677342204,12.412946930218576,7622400
2001-03-13,12.313347816467285,12.33575839614882,11.86264658059756,12.114143191455073,8839000
2001-03-14,11.59371566772461,12.039435530718,11.484152457924212,11.979674643447034,13686400
2001-03-15,12.131568908691406,12.173899459784149,11.606166257613815,11.683357486049337,8754200
2001-03-16,11.924890518188477,12.081764476412829,11.827778384486441,11.902479952727855,11874600
2001-03-19,11.959758758544922,12.036950966198617,11.670911815226285,11.855176686771443,7919800
2001-03-20,11.665926933288574,11.989635388118856,11.643516362567741,11.902482746479087,7481200
2001-03-21,11.309853553771973,11.733163999506239,11.27997309580327,11.665932256664682,9634200
2001-03-22,10.956262588500977,11.329771540381692,10.595203745039809,11.27997015682112,13750400
2001-03-23,11.31234359741211,11.357164757132761,10.786940741706498,10.836742135827508,11197200
2001-03-26,11.504073143005371,11.660947131059132,11.416920505250099,11.449291539266753,7449800
2001-03-27,12.099205017089844,12.139045950418986,11.424398793253804,11.601192875534194,10969800
2001-03-28,12.116628646850586,12.171410256005387,11.887543644716422,12.076787735614982,7249800
2001-03-29,11.959758758544922,12.056870953729604,11.89252701959801,11.952288881956125,7696600
2001-03-30,12.318321228027344,12.318321228027344,11.994612823058336,12.076785219671653,9081600
2001-04-02,12.373111724853516,12.490144885958323,12.231178335799212,12.323311268954525,10105000
2001-04-03,12.18884563446045,12.450301781903903,12.019521454235944,12.450301781903903,10468600
2001-04-04,11.451789855957031,12.126596094108303,11.212743301028313,12.056873746891144,23293200
2001-04-05,11.860150337219238,11.862639978072576,11.598694353044591,11.616124688664097,13356400
2001-04-06,11.516526222229004,11.922406223163282,11.19032805646334,11.790432411885813,18965400
2001-04-09,11.444317817687988,11.705773979929527,11.279973862860505,11.705773979929527,10633800
2001-04-10,11.76303768157959,11.877580153465454,11.55387271340966,11.57877292038241,12543600
2001-04-11,11.67838191986084,11.984659189544162,11.67838191986084,11.984659189544162,8601200
2001-04-12,11.895015716552734,12.05188974910171,11.628579395332808,11.760552260082186,9682800
2001-04-16,11.740632057189941,12.136551593951024,11.573797560626513,12.051889524773106,8370400
2001-04-17,11.379570960998535,11.678378260936173,11.227677194787107,11.678378260936173,13214200
2001-04-18,11.852684020996094,12.151491380744401,11.267520360145902,11.379573238786818,17955400
2001-04-19,11.944818496704102,12.009559640776066,11.765533867147068,11.790434087971084,10824200
2001-04-20,11.934858322143555,11.989639949163633,11.723203590282893,11.944818790671308,7679600
2001-04-23,11.840231895446777,11.934854415724235,11.69082871596216,11.934854415724235,5536400
2001-04-24,11.927386283874512,12.029478693073534,11.74063180729954,11.91493522553027,6943200
2001-04-25,11.715730667114258,11.832763776662864,11.631068599545937,11.810353201427649,6480600
2001-04-26,11.486647605895996,11.765534073523513,11.444316089893597,11.705772212662053,11525200
2001-04-27,11.90746784210205,11.909958434245018,11.631071006953066,11.678382758843576,8284200
2001-04-30,11.69581127166748,11.989638406246366,11.641029651697114,11.944817253521965,9137200
2001-05-01,11.787945747375488,11.787945747375488,11.596210986236576,11.700794014986274,5564200
2001-05-02,11.913079261779785,11.995670398248503,11.642782993211082,11.687832530426286,7599600
2001-05-03,11.875543594360352,11.91558753814291,11.710362206916932,11.80046131910842,6950400
2001-05-04,11.838003158569336,11.870539164484528,11.650296974380426,11.650296974380426,7003200
2001-05-07,11.84800910949707,11.898064260607658,11.712860487915265,11.898064260607658,5607400
2001-05-08,11.632769584655762,11.893055538556581,11.615250429558817,11.888049929282833,6982600
2001-05-09,11.512638092041016,11.672813773609485,11.452571734091654,11.582714714046627,7697600
2001-05-10,11.492612838745117,11.662799697395709,11.422536233908566,11.612745525210823,9582000
2001-05-11,11.387506484985352,11.630273412264485,11.359976096771488,11.630273412264485,6646000
2001-05-14,11.412531852722168,11.497625333011248,11.369985589938983,11.387504751640613,6260000
2001-05-15,11.307417869567871,11.447572130138074,11.262368319910408,11.415036132113729,9133200
2001-05-16,11.4375581741333,11.512640420715192,11.149741781726396,11.319928716497383,14915000
2001-05-17,11.364972114562988,11.562689322350188,11.32743053419558,11.36246978807545,11077600
2001-05-18,11.507635116577148,11.577711754622255,11.324934628300559,11.364978557858132,7878600
2001-05-21,11.562699317932129,11.570207258607166,11.425048328793519,11.48761704701315,7747800
2001-05-22,11.812970161437988,11.945615493307315,11.492617784213273,11.512640225480933,9575000
2001-05-23,11.998174667358398,12.01068917228283,11.802960610987602,11.905573250198238,10593400
2001-05-24,11.963136672973633,12.063246986778351,11.930600677778694,11.963136672973633,7135000
2001-05-25,11.730378150939941,12.025702454617706,11.720367885773092,12.025702454617706,4358000
2001-05-29,11.702851295471191,11.850513491747657,11.68533213275388,11.832994329030344,5863000
2001-05-30,11.687834739685059,11.898065634853454,11.665309966819779,11.702850618446776,5305800
2001-05-31,11.782936096191406,11.782936096191406,11.567699650984347,11.662803371876702,5687200
2001-06-01,11.84300422668457,11.878042548198362,11.642784564661016,11.7378892621432,5162600
2001-06-04,12.100783348083496,12.13582261379788,11.780431985045228,11.843000670308788,5919800
2001-06-05,12.205902099609375,12.238438090902493,12.055736646910622,12.195890878484938,6752000
2001-06-06,11.973149299621582,12.110800281206032,11.930602077111294,12.110800281206032,4745200
2001-06-07,11.928099632263184,11.963137959445914,11.52766024342794,11.637780836676928,14696200
2001-06-08,11.622759819030762,11.930597667430451,11.565196737270409,11.928095339841942,8630600
2001-06-11,11.452577590942383,11.682830966990464,11.440064038430856,11.572710368277034,7682400
2001-06-12,11.362478256225586,11.46509090368597,11.237340834702058,11.45257639775541,9551600
2001-06-13,11.104693412780762,11.37248739179421,11.027108830185236,11.362477124658527,11809800
2001-06-14,10.9244966506958,11.057142004347595,10.88445271630718,10.96203730215361,9041000
2001-06-15,10.799356460571289,10.886952246180307,10.686732625700794,10.686732625700794,18058800
2001-06-18,10.829390525817871,10.884451286389767,10.67422041978739,10.88194800378782,10234600
2001-06-19,10.889455795288086,11.204802568300023,10.789346451179627,10.926997396030364,9249800
2001-06-20,11.139728546142578,11.21230845175773,10.854415487900829,10.874437925886687,13837600
2001-06-21,11.562699317932129,11.585224094680111,11.119712678370407,11.134729514443354,12615400
2001-06-22,11.55769157409668,11.66280654305027,11.415034999246698,11.66280654305027,10060000
2001-06-25,11.354964256286621,11.662802060257278,11.264865200544513,11.662802060257278,7090000
2001-06-26,11.339951515197754,11.450072083337368,11.1672612924266,11.1672612924266,10162400
2001-06-27,11.457581520080566,11.600238098149829,11.324936164439288,11.327438492684925,9044200
2001-06-28,11.615256309509277,11.695344188987159,11.437561386587904,11.437561386587904,7782400
2001-06-29,11.620260238647461,11.620260238647461,11.339952701064753,11.527658820420822,9856800
2001-07-02,11.770423889160156,11.800457553455207,11.540171524567189,11.632772936003699,6752400
2001-07-03,11.795448303222656,11.83298893992427,11.682824483673159,11.83298893992427,3416400
2001-07-05,11.65029239654541,11.840501789761356,11.640281174855591,11.795452246879824,6159000
2001-07-06,11.515146255493164,11.660306137186156,11.462588762351709,11.652798196658193,5944800
2001-07-09,11.467594146728516,11.532666145755837,11.400019819149145,11.515146027000146,6449800
2001-07-10,11.319928169250488,11.502628643832283,11.252353864176808,11.46759032743612,9161400
2001-07-11,11.334943771362305,11.430047489924785,11.239839098077411,11.349959645491953,8643400
2001-07-12,11.432552337646484,11.475098593136574,11.334945323548004,11.4100275686451,6791800
2001-07-13,11.63527774810791,11.680326341026595,11.36998607363311,11.400018787153147,10058400
2001-07-16,11.520147323608398,11.822980520004233,11.49762255618594,11.7028477906028,7194200
2001-07-17,11.888051986694336,11.888051986694336,11.25235381974612,11.312420186704166,12713200
2001-07-18,11.750397682189941,11.79294392410456,11.577707523373045,11.762911226592932,8047000
2001-07-19,11.787945747375488,11.885553746591365,11.645289150851386,11.775432195083045,6523400
2001-07-20,11.572708129882812,11.700347868368858,11.487614652651223,11.612752063008108,10919800
2001-07-23,11.487615585327148,11.617757662508552,11.402522101186845,11.572709069467452,6682000
2001-07-24,11.36748218536377,11.500128492900267,11.30991908971396,11.392510240900231,10021000
2001-07-25,11.4175386428833,11.437561089594274,11.249854947931532,11.367483480828675,8885000
2001-07-26,11.379998207092285,11.437561310413464,11.237341613052227,11.412533251541543,6434400
2001-07-27,11.364972114562988,11.48510383512783,11.3524585726812,11.400010413720812,6456000
2001-07-30,11.4625883102417,11.49762663762068,11.34996443315011,11.42754998286272,6092400
2001-07-31,11.527660369873047,11.605244965279308,11.36247900082631,11.495124370822422,6465400
2001-08-01,11.657803535461426,11.687836251592516,11.515145985712365,11.607748372094383,5098200
2001-08-02,11.697845458984375,11.735386108997073,11.625265532348093,11.682828626145696,4054400
2001-08-03,11.695337295532227,11.74539242938316,11.615249463259643,11.74539242938316,4689800
2001-08-06,11.550186157226562,11.760417095768316,11.520152484061379,11.700350704160854,4540400
2001-08-07,11.547679901123047,11.615254216265129,11.530160740314654,11.550183183937193,5449000
2001-08-08,11.487274169921875,11.615638202447565,11.474689705590537,11.547680942898626,7005400
2001-08-09,11.469655990600586,11.489791902098512,11.39163077374579,11.464622012726105,6629000
2001-08-10,11.577879905700684,11.613116777879402,11.391626632585348,11.452033384986548,5654200
2001-08-13,11.728898048400879,11.761618420161268,11.56529810986489,11.56529810986489,5371400
2001-08-14,11.741485595703125,11.87236518615697,11.728900170349391,11.804408881939192,6971600
2001-08-15,11.84970760345459,11.945350257829947,11.779232906385849,11.79685134061987,9982400
2001-08-16,11.655909538269043,11.849713369276818,11.555231899259015,11.801891058687149,7254000
2001-08-17,11.595501899719238,11.701213508824383,11.535096088916058,11.660942648244578,4681000
2001-08-20,11.854747772216797,11.879917664976716,11.590470139103664,11.590470139103664,6973400
2001-08-21,11.907605171203613,12.156780891768227,11.859782850591557,11.892503234147176,11383800
2001-08-22,12.010799407958984,12.073722705846224,11.811961556203308,11.907605237829245,11856200
2001-08-23,11.973044395446777,12.03345118059917,11.940324013483677,12.010798756183682,10167400
2001-08-24,12.018346786499023,12.046033184026388,11.952906996088686,12.0057623222047,8429400
2001-08-27,11.960457801818848,12.0057626425939,11.889984031783479,11.98059275320048,5956200
2001-08-28,11.791820526123047,12.040997100151955,11.779236064029913,11.96045539059639,5504600
2001-08-29,11.565298080444336,11.874880476713772,11.464620456883699,11.829575642124782,11094000
2001-08-30,11.540127754211426,11.688626715224729,11.514958829347993,11.565297639207797,7629000
2001-08-31,11.580402374267578,11.701215941254576,11.504894615000643,11.54013150531633,6280000
2001-09-04,11.696186065673828,11.769176381161563,11.40170445305458,11.567821965769626,9052200
2001-09-05,11.620675086975098,11.703734307440321,11.56530323346502,11.582921681418236,9127400
2001-09-06,11.416796684265137,11.645837316999286,11.394144271791086,11.645837316999286,8969000
2001-09-07,11.258232116699219,11.424349522359716,11.21796125957343,11.275850556683439,10804200
2001-09-10,11.137422561645508,11.376531260645335,11.074499270336776,11.074499270336776,13139400
2001-09-17,10.948652267456055,11.071982336145775,10.344588310025893,10.35717373591113,16636800
2001-09-18,11.01408576965332,11.071976007261675,10.837901429567522,10.88572275614329,8840400
2001-09-19,11.102185249328613,11.220481339726584,10.931033826676178,11.09966778009753,17373000
2001-09-20,10.817770004272461,11.031709728829837,10.800151562973188,11.011573818697501,15555400
2001-09-21,10.68437385559082,10.983888342914424,10.19357204651001,10.19357204651001,18068600
2001-09-24,10.865593910217285,10.986407479204956,10.822806531306322,10.842942446182022,10362000
2001-09-25,10.961236953735352,11.024160243894721,10.72212825910311,10.72212825910311,9074600
2001-09-26,10.991439819335938,11.099667954779202,10.895797109979776,11.087083488825307,9244800
2001-09-27,10.998990058898926,11.134904580591995,10.936066775907667,11.061913341890188,8625200
2001-09-28,11.18775463104248,11.222991499276423,11.014085837414255,11.061908124416878,9836600
2001-10-01,11.190279006958008,11.361430453121468,11.114771241917264,11.225515899968133,8452600
2001-10-02,11.22551441192627,11.25320081280224,11.079532880216426,11.162591122711138,10523400
2001-10-03,11.263264656066895,11.338772383522338,11.155036561332048,11.22551031227275,7716800
2001-10-04,11.137422561645508,11.326192435571704,11.074499270336776,11.326192435571704,8609400
2001-10-05,10.835384368896484,11.212923900635962,10.822799909865036,11.200339441604516,15874200
2001-10-08,10.488055229187012,10.82280764752086,10.407513481644038,10.82029113796849,12941400
2001-10-09,10.490565299987793,10.681851575456825,10.457844938084108,10.462878913771805,10571000
2001-10-10,10.601314544677734,10.822804771632129,10.435197114495216,10.445265070296124,7682000
2001-10-11,10.533356666564941,10.656686717573137,10.47043338669267,10.60886537051811,11925800
2001-10-12,10.33955192565918,10.440228579032182,10.231323827186865,10.319416018904851,12979800
2001-10-15,10.261528015136719,10.394925053662076,10.193570761510687,10.306832850887407,12088200
2001-10-16,10.115543365478516,10.571108133050647,10.067722031476807,10.193568556870266,21640200
2001-10-17,9.778276443481445,10.357171335225651,9.62726096919433,10.24390924944383,26714000
2001-10-18,9.833648681640625,9.891537975547884,9.753106971845053,9.778275896106326,17166000
2001-10-19,9.816033363342285,10.06269254802567,9.707805226371699,9.795897449425329,10701200
2001-10-22,9.999771118164062,10.012355586637485,9.720391501440483,9.720391501440483,13127800
2001-10-23,10.067728996276855,10.128135792713236,9.805967811941628,10.067728996276855,9877800
2001-10-24,10.143229484558105,10.206152745579102,10.022416938613723,10.072755739457074,9114000
2001-10-25,10.420095443725586,10.420095443725586,10.0425557676505,10.143232438524029,11633400
2001-10-26,10.344592094421387,10.445269777535385,10.314389173540603,10.445269777535385,7794000
2001-10-29,10.067728996276855,10.311871731679274,10.0551445270582,10.281667853394355,7799600
2001-10-30,10.0299711227417,10.1381992484337,9.853786694994835,10.067725477334955,8184800
2001-10-31,9.941874504089355,10.163364635296096,9.90412016622328,10.163364635296096,7331000
2001-11-01,10.09037971496582,10.138201073946082,9.878957403467178,9.944397208394554,9210200
2001-11-02,10.087858200073242,10.128129050846411,9.946909742300745,10.06772229462025,8267000
2001-11-05,10.28921127319336,10.369752965497078,10.130644396412357,10.130644396412357,10875000
2001-11-06,10.671791076660156,10.69696001027809,10.334522181460175,10.36975907257859,13233600
2001-11-07,10.788280487060547,10.927566576347784,10.585683856356756,10.671787545162985,11535600
2001-11-08,10.760427474975586,10.912374752237001,10.745232360826552,10.800946813315779,8803400
2001-11-09,10.724967002868652,10.859188030892902,10.712304896919093,10.762954286774088,5584000
2001-11-12,10.79334545135498,10.871852067877235,10.562891604335965,10.631268147876586,5304800
2001-11-13,10.747757911682129,10.932627341688594,10.699641528329208,10.884510958335673,8029200
2001-11-14,10.72243881225586,10.85919192407535,10.671789404242295,10.811074551736766,9591000
2001-11-15,10.600878715515137,10.795878269854018,10.595813679110073,10.75029390826535,10692400
2001-11-16,10.72750186920166,10.778151267864569,10.623671036668314,10.664190362387256,9248800
2001-11-19,10.72750186920166,10.856656918037995,10.67938450574628,10.808540520639543,5770000
2001-11-20,10.714837074279785,10.800940740598957,10.702174003246657,10.775615564589385,6327600
2001-11-21,10.719905853271484,10.775619327836388,10.702177740845126,10.757892181467053,4114400
2001-11-23,10.854127883911133,10.881985109180883,10.712309721654774,10.712309721654774,2339600
2001-11-26,10.983280181884766,11.102306126545676,10.788280620527146,10.884514383573348,8319200
2001-11-27,10.917435646057129,11.041525649969696,10.88957843038704,10.940227825600212,7542800
2001-11-28,10.80347728729248,11.03139913628778,10.80347728729248,10.955424542584622,8893600
2001-11-29,10.912371635437012,10.925033743916032,10.762956436847904,10.800943728341913,7298800
2001-11-30,10.83892822265625,10.97821332450861,10.813604009976471,10.93516196974163,7603400
2001-12-03,10.750296592712402,10.859192487471306,10.722439368556799,10.788282926150549,8713000
2001-12-04,10.884516716003418,10.892113789483972,10.752828634683265,10.813608120699165,5067400
2001-12-05,10.985810279846191,11.074445981557966,10.859187296796971,10.864252332045742,9762800
2001-12-06,11.046592712402344,11.147891521410196,10.99341127239889,11.041527675346247,9747000
2001-12-07,11.071920394897461,11.094712583762037,10.970621563042178,11.046595203905012,4769400
2001-12-10,11.051652908325195,11.0947052214146,11.011133595682788,11.071913047674707,6443400
2001-12-11,11.001008987426758,11.092177727646781,10.978216802371751,11.092177727646781,5572200
2001-12-12,10.990876197814941,11.087108977100357,10.94529184297163,11.079511906645395,6212000
2001-12-13,10.818670272827148,11.041526074645542,10.790813056085625,10.952890354156056,7771600
2001-12-14,10.806009292602539,10.935165328689845,10.762957924611495,10.800945221356487,8530200
2001-12-17,10.874384880065918,10.94529442994688,10.80600833163981,10.881982918373485,10301400
2001-12-18,11.028865814208984,11.038995888549403,10.851593377479908,10.889580673227945,8150400
2001-12-19,11.041526794433594,11.104838303498138,10.955423103463536,11.016202577230562,10032600
2001-12-20,11.076983451843262,11.12763189265456,10.965554563521406,11.092177597663818,9970800
2001-12-21,10.927567481994629,11.104838944766636,10.92756748199463,11.076982690657475,12932600
2001-12-24,10.96555233001709,11.013669691467017,10.927566007145812,10.927566007145812,2042200
2001-12-26,10.93263053894043,10.990877975371408,10.93263053894043,10.965552792997737,5103800
2001-12-27,10.990876197814941,10.990876197814941,10.932628770804332,10.932628770804332,4380200
2001-12-28,11.041526794433594,11.041526794433594,10.952891068166018,10.990878360027528,5330600
2001-12-31,11.008606910705566,11.09217761099028,10.993411798809673,11.041528204061047,6421200
2002-01-02,11.001008987426758,11.011139062130558,10.864256843153816,10.98581484142815,8024000
2002-01-03,11.041526794433594,11.074449049643105,10.952891068166018,11.001007467274565,7569600
2002-01-04,11.069390296936035,11.13776688146905,10.97822151755868,11.079520375990743,10441600
2002-01-07,11.087113380432129,11.165620015187736,11.076984271154918,11.13016571757461,7019800
2002-01-08,11.04405689239502,11.130160560729122,10.955420223372345,11.130160560729122,6435000
2002-01-09,10.988340377807617,11.084574098460234,10.96808120643979,11.021262618093925,7803400
2002-01-10,11.008606910705566,11.05165827865831,10.978216686913777,11.003541873406936,8272400
2002-01-11,10.96555233001709,11.041525941816532,10.955422257495327,11.028863834192773,6401600
2002-01-14,10.894643783569336,11.001006647161189,10.894643783569336,10.965552359297238,8383800
2002-01-15,11.477110862731934,11.48470793506325,11.01367109543837,11.028865240101005,31319800
2002-01-16,11.48470687866211,11.699966580133575,11.383409048019878,11.477109807029596,22628600
2002-01-17,11.550549507141113,11.583471755620659,11.434056586129508,11.548016506304428,13061800
2002-01-18,11.492304801940918,11.661979173757357,11.456850513266254,11.51003194627825,11003200
2002-01-22,11.818995475769043,11.818995475769041,11.53536010340641,11.618931783313311,13581800
2002-01-23,11.892433166503906,11.902563239412387,11.737952935848808,11.818991587002806,8640600
2002-01-24,11.9405517578125,12.01399237880965,11.811395730088673,11.90256446352737,13785800
2002-01-25,11.927888870239258,12.016525569615132,11.877240431803946,12.003863460006302,9167200
2002-01-28,11.9405517578125,12.01399237880965,11.87724024470863,11.978538086040606,9839000
2002-01-29,11.578409194946289,12.013991724457773,11.52269475731117,11.978537433619778,13977400
2002-01-30,11.743953704833984,11.779610749487485,11.47907141371998,11.58094951694278,13714200
2002-01-31,11.815278053283691,11.840748086995683,11.670102261663875,11.779620977669342,11925800
2002-02-01,11.89422607421875,11.91969512001836,11.721033842352298,11.751596891628195,8014800
2002-02-04,11.642083168029785,11.833104007034535,11.614066622855931,11.792352933576812,8374800
2002-02-05,11.552939414978027,11.754148246372571,11.527469389216742,11.647176081339444,10872000
2002-02-06,11.527466773986816,11.588593850363901,11.397573072610651,11.588593850363901,11505200
2002-02-07,11.563130378723145,11.677742123385443,11.466346199274035,11.575864909065357,8991000
2002-02-08,11.659910202026367,11.69811475354562,11.512187944088272,11.560579533974835,7558800
2002-02-11,11.810175895690918,11.84328643087389,11.598780105480635,11.659906201038064,7149000
2002-02-12,11.822912216186523,11.840741715982823,11.74650409932747,11.810177691973667,5224400
2002-02-13,11.889124870300293,11.942610417035976,11.756683774872963,11.858561839534365,6251200
2002-02-14,11.861112594604492,11.96553721100547,11.797439024321418,11.889129120982098,7218800
2002-02-15,11.761788368225098,11.868759558037393,11.731225309933315,11.843290504724592,7943000
2002-02-19,11.588595390319824,11.741411644196717,11.537656315166844,11.71594259241125,8382200
2002-02-20,11.700653076171875,11.74140411584912,11.486709874970993,11.57585344222719,8893200
2002-02-21,11.652276039123535,11.746512753626316,11.58605588147952,11.67010458047318,8521200
2002-02-22,11.731225967407227,11.731225967407228,11.565674196849386,11.588596734748439,7471800
2002-02-25,11.868760108947754,11.904418145455757,11.713397321996842,11.715943838813482,6903600
2002-02-26,11.876402854919434,11.957905003796336,11.85602683190908,11.919700446443052,7349800
2002-02-27,11.932433128356934,11.983372206417174,11.889135543534096,11.906964075117864,10255200
2002-02-28,11.945169448852539,12.069969178530014,11.934981438222739,11.970638503844874,10739000
2002-03-01,12.184579849243164,12.197314374628247,11.983371044780036,12.00884106713221,9953400
2002-03-04,12.515685081481934,12.548795631929545,12.204957542471007,12.217693042200088,12935800
2002-03-05,12.383244514465332,12.556436826968254,12.357775456807602,12.502951222937659,9145400
2002-03-06,12.50549602508545,12.561529110146887,12.225332542942539,12.446916423240372,8114800
2002-03-07,12.452010154724121,12.622655922941684,12.365414012251504,12.469838686564179,8174600
2002-03-08,12.492759704589844,12.645576922388049,12.395975563809179,12.518229726680543,9083800
2002-03-11,12.556434631347656,12.658312787328684,12.393430359043693,12.452009958679048,6522200
2002-03-12,12.709256172180176,12.721990703097706,12.452014178366907,12.505499791169989,7780800
2002-03-13,12.632838249206543,12.729622365652235,12.543695623257719,12.709247324684684,8510800
2002-03-14,12.581907272338867,12.620110860088998,12.495311113223348,12.581907272338867,7939600
2002-03-15,12.86207103729248,12.913010126806142,12.668503663039349,12.696519239268659,14391600
2002-03-18,12.778017044067383,12.92574025621202,12.673592383323827,12.92574025621202,8553200
2002-03-19,12.783108711242676,12.836595261615614,12.706700602743663,12.79584420564402,5410200
2002-03-20,12.615005493164062,12.72961809636045,12.607364976811445,12.72961809636045,5943600
2002-03-21,12.530961990356445,12.60737009967447,12.423989860045749,12.594635576718437,6433000
2002-03-22,12.620107650756836,12.716891797292805,12.457103386011237,12.530964997093479,6153600
2002-03-25,12.490216255187988,12.653220550266747,12.467293715468646,12.620109999209426,5643000
2002-03-26,12.518227577209473,12.599729690741206,12.41380293352307,12.429083972571627,8390800
2002-03-27,12.640483856201172,12.701609970591898,12.518230655837646,12.581904258417527,8353400
2002-03-28,12.581907272338867,12.721989037253952,12.403620948091351,12.581907272338867,8175200
2002-04-01,12.462199211120605,12.482574261399018,12.31956997284293,12.357774528040474,6828800
2002-04-02,12.485118865966797,12.525869928692671,12.390882215584831,12.46219633245962,6786800
2002-04-03,12.301734924316406,12.492755655972195,12.255889870992483,12.459645123775655,7095400
2002-04-04,12.416360855102539,12.490222516958902,12.378156279222981,12.441829924633764,7476800
2002-04-05,12.472386360168457,12.508043424378307,12.403618748514258,12.45455782806353,6191000
2002-04-08,12.515685081481934,12.604828721674393,12.352680789404799,12.429088929868177,6803400
2002-04-09,12.553886413574219,12.635388538682442,12.485118813342538,12.632841050757952,8887400
2002-04-10,12.632838249206543,12.65321426175585,12.556430145310157,12.60482268932388,9301200
2002-04-11,12.50549602508545,12.66340726997093,12.50549602508545,12.632843239074434,8053200
2002-04-12,12.729628562927246,12.732176051527004,12.530967201764264,12.602281337241802,10741000
2002-04-15,12.630298614501953,12.775474382472366,12.607376073686504,12.72962930084147,9128600
2002-04-16,12.760187149047852,12.920644869169399,12.747452625262753,12.762734636754004,16496200
2002-04-17,13.014881134033203,13.04544515613026,12.709248685717494,12.798391321212598,12843000
2002-04-18,13.076013565063477,13.142233696913058,12.862070180621531,13.078560082157507,13243200
2002-04-19,13.01233959197998,13.205906948010297,12.989417052435924,13.142233335008159,8679400
2002-04-22,12.790749549865723,13.055630914381105,12.747451008589382,13.012333344686526,7963600
2002-04-23,12.691423416137695,12.900272762830516,12.632842844540003,12.798394606188214,8796000
2002-04-24,12.85697078704834,12.946114393299219,12.721983091240421,12.74745213783676,8428000
2002-04-25,12.93847370147705,13.00978878520043,12.696513857534612,12.716889873336122,8732000
2002-04-26,12.989410400390625,13.116757561178767,12.867157242623813,12.941018829060553,9536000
2002-04-29,12.879890441894531,13.078551681419581,12.834045390991575,12.98940906665363,6949400
2002-04-30,13.02761173248291,13.116754334472944,12.803480512588903,12.938468158911382,8700800
2002-05-01,12.991966247558594,13.07856241795529,12.859525960205936,13.07856241795529,6948400
2002-05-02,13.239014625549316,13.244108630073804,12.989414233341614,12.991960749812849,8021200
2002-05-03,13.175341606140137,13.244109212873752,13.101479994657877,13.239015208125107,6907000
2002-05-06,12.984319686889648,13.351079253107002,12.928286611040978,13.218639027326107,6818000
2002-05-07,13.065829277038574,13.282320211852653,13.014890176400996,13.129502909939916,7718800
2002-05-08,13.265576362609863,13.352647753611484,13.24252802449431,13.316795000301568,8439200
2002-05-09,13.042776107788086,13.20667496304604,12.9838750177369,13.111921120521455,7068400
2002-05-10,12.855826377868652,13.101674612237696,12.819973632470756,13.09911412052958,6125400
2002-05-13,13.106800079345703,13.11960449514025,12.863512271592134,12.894243064881902,5337800
2002-05-14,13.362894058227539,13.368016020601033,13.111923763412946,13.252774309483508,6726800
2002-05-15,13.383378028869629,13.478132846861786,13.33728233133205,13.362891160732284,5762400
2002-05-16,13.488371849060059,13.53190801860944,13.265571972289495,13.41922783451128,7594400
2002-05-17,13.516546249389648,13.603617638050922,13.480693497043399,13.547278017327203,7286200
2002-05-20,13.378256797790527,13.547277608691866,13.368012875453669,13.547277608691866,4911000
2002-05-21,13.470443725585938,13.64970838639543,13.447395398097377,13.4960535210809,6987400
2002-05-22,13.342401504516602,13.426912388511047,13.23996522390665,13.39362013327862,8826200
2002-05-23,13.626665115356445,13.634348545312932,13.344964098777679,13.470448724068264,9953200
2002-05-24,13.544720649719238,13.685571209551194,13.496063467788789,13.634353534641049,4077000
2002-05-28,13.498616218566895,13.662515028869212,13.342399859711884,13.662515028869212,7123800
2002-05-29,13.429472923278809,13.593372731224163,13.398742136688968,13.498617925791514,6064600
2002-05-30,13.408991813659668,13.447405069157314,13.270701749273318,13.342407274400532,7538600
2002-05-31,13.419235229492188,13.521671550509353,13.291189095534875,13.355212162513531,10294400
2002-06-03,13.188746452331543,13.521666070308552,13.04789595744674,13.421790282606857,7838200
2002-06-04,13.055583953857422,13.086314753066175,12.935220272994275,12.940342235681483,10335400
2002-06-05,13.073509216308594,13.1861904319578,12.9838773192371,13.124727861884196,10160800
2002-06-06,12.71497631072998,13.081188182751164,12.714976310729982,13.07862671404384,9129000
2002-06-07,12.794365882873535,12.891681190928859,12.645832917128866,12.714977927306526,9628800
2002-06-10,12.807167053222656,12.87119008603142,12.720095689526183,12.730339609234933,7992400
2002-06-11,12.676569938659668,12.919857839936071,12.676569938659668,12.871199673531983,6794600
2002-06-12,12.802046775817871,12.860947852018365,12.622782078691062,12.72777981920742,10175000
2002-06-13,12.599735260009766,12.837901061945477,12.599735260009766,12.802048313596295,8296000
2002-06-14,12.761073112487793,12.850704979904965,12.48449310403352,12.574124971450692,12004400
2002-06-17,13.188746452331543,13.188746452331541,12.845582913330235,12.868631247177863,9524200
2002-06-18,13.224607467651367,13.252777779624552,13.035099694783067,13.035099694783067,6969400
2002-06-19,13.111920356750488,13.23484449103361,13.06070172323731,13.160577521285209,7381800
2002-06-20,13.060698509216309,13.211792903595564,13.040210670087081,13.086307331213902,8580600
2002-06-21,13.088869094848633,13.214353693147306,12.988993319125292,12.9966757705151,16664200
2002-06-24,12.88399887084961,13.150334015095801,12.753391302414665,13.12472518598639,14744800
2002-06-25,12.881433486938477,13.037649837006452,12.832776335652515,12.901921325530827,9037800
2002-06-26,12.725221633911133,12.814854494057677,12.484495306862808,12.740587518285636,16741000
2002-06-27,12.845582962036133,12.845582962036133,12.635587464812218,12.740585213424175,11778600
2002-06-28,12.819972038269043,12.983870840800435,12.71497430684025,12.804606159189005,12269200
2002-07-01,12.63302993774414,12.837903522516564,12.627907976010542,12.779002427951637,9762000
2002-07-02,12.71497631072998,12.755951017820474,12.5357116008663,12.702170921021516,14744000
2002-07-03,12.571571350097656,12.702177996413722,12.376941627233304,12.666325229853022,13743800
2002-07-05,12.909610748291016,12.909610748291017,12.625348184248582,12.702175666632215,4200200
2002-07-08,13.02741527557373,13.032537238901032,12.848150466776676,12.92753943297791,7629600
2002-07-09,12.871193885803223,13.245089250240584,12.863511432210657,13.099116770496432,12826600
2002-07-10,12.56900691986084,12.94546182774502,12.533153187616064,12.881438771250819,14560200
2002-07-11,12.484500885009766,12.566450351127424,12.22328659541672,12.497305305919143,17987600
2002-07-12,12.318035125732422,12.558762432568951,12.228403241430055,12.548518509530318,9587600
2002-07-15,12.074748992919922,12.215599523543098,11.816095294454989,12.12596665720884,17750000
2002-07-16,12.08754825592041,12.266812935251844,11.908283576588977,12.074743845306859,14775800
2002-07-17,12.233521461486816,12.548514671731208,12.136206176210948,12.21559509010889,13051600
2002-07-18,11.908287048339844,12.243768174939174,11.882678219646726,12.113160608627368,13068000
2002-07-19,11.531830787658691,11.716217473626658,11.447320874532812,11.460125288410774,17629800
2002-07-22,11.373055458068848,11.613781793326712,11.140011576803102,11.396103796959496,17813800
2002-07-23,10.917208671569824,11.472928170367103,10.791723087727263,11.373052387775077,22872600
2002-07-24,11.636834144592285,11.739271458740896,10.627830800961364,10.653439641041203,20172400
2002-07-25,11.892922401428223,12.008164096356793,11.434518067912371,11.51134553889332,17818600
2002-07-26,12.215597152709961,12.230962058248846,11.78536221316669,12.010723604573673,11880000
2002-07-29,12.689369201660156,12.697052632498929,12.359010006107177,12.471691207209188,10152800
2002-07-30,12.727785110473633,12.776442286628855,12.394865378500016,12.650957630312707,11834000
2002-07-31,13.024853706359863,13.035097632168196,12.681690007097052,12.740591115123154,15298400
2002-08-01,12.638148307800293,12.983873326432326,12.612539481344932,12.932654696607493,11505000
2002-08-02,12.525465965270996,12.727778981235854,12.420468231667478,12.638146150116691,8447000
2002-08-05,12.315474510192871,12.589493098791538,12.243769003468513,12.589493098791538,10656800
2002-08-06,12.545957565307617,12.768757510343887,12.34364448869638,12.389741163795504,12256800
2002-08-07,12.847311019897461,12.87564325773433,12.502174725623979,12.633532121695708,14257000
2002-08-08,13.24653148651123,13.259409504479226,12.867911666567457,12.883365877646925,19427400
2002-08-09,13.341828346252441,13.377887185109204,13.07911268561503,13.174412168341808,11624600
2002-08-12,13.200167655944824,13.267133927837557,12.994116454894538,13.032750502418551,8247400
2002-08-13,12.940031051635742,13.341830736633188,12.924576839701285,13.032753375652954,10995600
2002-08-14,13.277440071105957,13.290318090184476,12.826702525648715,12.940031451611372,12231600
2002-08-15,13.303192138671875,13.431974246567908,13.192439447278927,13.341826181522979,10649200
2002-08-16,13.238805770874023,13.346982308183856,13.063661963537271,13.13577965507716,6705000
2002-08-19,13.560762405395508,13.583943234461465,13.225927989436155,13.27744105208605,8840000
2002-08-20,13.298040390014648,13.47060793848547,13.202740925233059,13.380460858318546,8667400
2002-08-21,13.267133712768555,13.42424805806298,13.140927784027848,13.40621863967145,7666600
2002-08-22,13.37531566619873,13.439706748365092,13.187293824176553,13.267138137243677,8270800
2002-08-23,13.300625801086426,13.393349144677494,13.18987302763379,13.354714090671138,7248200
2002-08-26,13.52211856842041,13.583934399903226,13.261979195893216,13.388185085648727,6745000
2002-08-27,13.573636054992676,13.617421505502605,13.465458560005837,13.586514070876207,7863000
2002-08-28,13.406221389770508,13.560760556651815,13.308346682331996,13.522125519299033,7654800
2002-08-29,13.303192138671875,13.403642025626059,13.213044073626948,13.290313141858665,7825200
2002-08-30,13.442279815673828,13.648332031770613,13.261985600383817,13.303195847097218,8733200
2002-09-03,13.161535263061523,13.341830468554797,13.0713881515798,13.341830468554797,11763800
2002-09-04,13.130633354187012,13.251688939916473,12.994124532853101,13.18729783815063,9849800
2002-09-05,13.099726676940918,13.140936945212607,12.826708035559538,12.983822490386073,9031400
2002-09-06,13.264558792114258,13.352130675868237,13.166684102617545,13.22592376184382,7936200
2002-09-09,13.308344841003418,13.354706486400278,13.071386193445838,13.161533291423247,9971800
2002-09-10,13.197590827941895,13.264557091625468,13.053354513623306,13.243951482781595,7986600
2002-09-11,13.084266662597656,13.419100066816776,13.03275360444167,13.419100066816776,6538000
2002-09-12,12.682466506958008,13.027602706698358,12.636104854565287,13.019875109613022,8877400
2002-09-13,12.641256332397461,12.821550556612964,12.49186856658481,12.517624603607072,10982800
2002-09-16,12.6257963180542,12.896238512616423,12.515043641204914,12.896238512616423,8244400
2002-09-17,12.422325134277344,12.847306590239661,12.311572415027278,12.839578993702146,11450400
2002-09-18,12.213698387145996,12.306421690473787,12.151883506614007,12.221425984109851,11710000
2002-09-19,11.853110313415527,12.157036294466945,11.84795890902975,12.002497110483386,9755200
2002-09-20,12.077190399169922,12.09264461155806,11.853109723456233,11.855684934255986,15796000
2002-09-23,12.52277660369873,12.638680740876513,11.907198053779922,12.002496574335039,14509400
2002-09-24,12.36308479309082,12.710796159884618,12.2883909199921,12.38884082673121,20429000
2002-09-25,12.504744529724121,12.646404675121927,12.272937287035806,12.54337956143701,12179000
2002-09-26,12.615498542785645,12.65928498208653,12.460960365025533,12.594893910931523,13444800
2002-09-27,12.478989601135254,12.780339338053814,12.383691092348585,12.615498355548302,11286400
2002-09-30,12.404298782348633,12.553686573658982,12.118402202967104,12.476416484343975,10973600
2002-10-01,12.571711540222168,12.592316169542785,12.195666984191975,12.427475204859242,15629600
2002-10-02,12.311574935913086,12.517626206058459,12.19824698296562,12.44035710257019,12162000
2002-10-03,11.891745567321777,12.350210778420454,11.750085371334498,12.314151926626968,18281600
2002-10-04,11.554336547851562,11.950985870631476,11.487369268665347,11.88916999619266,14555200
2002-10-07,11.211773872375488,11.667662809727945,11.152534200181194,11.363736851492973,16140200
2002-10-08,11.654787063598633,11.842808924842586,11.322528809845737,11.332831619852815,15130600
2002-10-09,11.487367630004883,11.719175897920751,11.392069112097182,11.44100597642171,15472400
2002-10-10,11.641905784606934,11.822200979158698,11.397219519324521,11.48736662533552,14916800
2002-10-11,12.066882133483887,12.23687446275234,11.770683898978707,11.832498755514818,11239400
2002-10-14,12.164755821228027,12.272933285233174,11.953553277131077,11.97673409209437,8763800
2002-10-15,12.821549415588379,12.87821387103043,12.620649593609823,12.87821387103043,18327000
2002-10-16,12.806096076965332,12.927150618185442,12.6335275016711,12.824125497626406,10577200
2002-10-17,12.782915115356445,13.058508808244405,12.744280081481424,13.05335740489242,11441800
2002-10-18,12.97093677520752,13.032751649699392,12.71337250558872,12.782914976289362,13328800
2002-10-21,13.0636568069458,13.195014119333024,12.793213605363015,12.970933535835071,11164200
2002-10-22,13.001845359802246,13.084265854751086,12.880789827989346,13.006996763552772,8038800
2002-10-23,13.058510780334473,13.05851078033447,12.723677372126895,13.001846317434927,9393200
2002-10-24,12.929723739624023,13.18728795363036,12.826697661009687,13.11001888593436,9436600
2002-10-25,13.140933990478516,13.156388206054386,12.8292813453407,12.878218220869176,7804600
2002-10-28,12.988966941833496,13.290316682988992,12.891092238646083,13.27228726168207,7745400
2002-10-29,12.916848182678223,12.99154107222691,12.736553002069266,12.98638966906326,6844000
2002-10-30,13.040483474731445,13.20017309857161,12.97094098147927,13.006999833714465,9557800
2002-10-31,12.999273300170898,13.249110056187355,12.901398570245977,13.13063068879563,9471600
2002-11-01,13.05335807800293,13.084265517178888,12.795793792300472,12.852458249564542,10212200
2002-11-04,12.901392936706543,13.213045434096891,12.878212115597284,13.213045434096891,9027400
2002-11-05,12.873062133789062,12.916848570730682,12.68504033405086,12.9039695711698,9698200
2002-11-06,12.601099014282227,12.898966117474185,12.42755819062666,12.873064973914985,16112800
2002-11-07,12.228113174438477,12.432735516957344,12.114146787903117,12.380932254690345,13636200
2002-11-08,11.774839401245117,12.261788611474802,11.577988139443708,12.173723339285022,16543400
2002-11-11,11.909527778625488,12.023494197057794,11.80851193236828,11.837003783992687,11946600
2002-11-12,12.018308639526367,12.277323903412151,11.912112420855788,11.912112420855788,13274800
2002-11-13,12.03902530670166,12.261778516980698,11.829222657657908,12.020894323359366,10564400
2002-11-14,12.303226470947266,12.380930861571839,12.124506273704249,12.22552208032269,9526200
2002-11-15,12.43791675567627,12.484539595960118,12.124508431152144,12.305818378850326,9583400
2002-11-18,12.264373779296875,12.554471620069322,12.20480038022707,12.4405042583141,7016800
2002-11-19,12.000175476074219,12.176304914588231,11.96650322121119,12.108961392926812,10124600
2002-11-20,12.173721313476562,12.300639268301891,12.010541368148319,12.018312500445468,9423400
2002-11-21,12.329130172729492,12.419786137391778,12.225524626342057,12.225524626342057,12106200
2002-11-22,12.303226470947266,12.487127092640577,12.279915054953399,12.331718311391427,10849400
2002-11-25,12.202218055725098,12.497495511799407,12.119333190443381,12.30582364329448,8006000
2002-11-26,11.811095237731934,12.204798544064971,11.808505519929353,12.204798544064971,13247200
2002-11-27,12.152998924255371,12.220343464008664,11.914705292673146,11.992409694794954,9161800
2002-11-29,11.969101905822754,12.178904744447658,11.94061005252075,12.17372431765953,5778600
2002-12-02,11.979456901550293,12.222930913143303,11.893981383441053,12.173718364818676,14492800
2002-12-03,11.886215209960938,12.013133176423413,11.837002645203976,11.966510330626196,12106600
2002-12-04,12.03126335144043,12.158180321167544,11.816280134054475,11.888805104820843,10899600
2002-12-05,11.844773292541504,12.083067957619514,11.834412440132619,12.070116398075774,8556800
2002-12-06,11.92766284942627,12.054580871429216,11.725631087937558,11.772253954137362,9534800
2002-12-09,11.875849723815918,12.00535735870187,11.836998026189036,11.893980713654763,9552600
2002-12-10,12.129690170288086,12.147821167021666,11.87844494688671,11.87844494688671,11073200
2002-12-11,12.096017837524414,12.197033672572427,11.992411295489667,12.132279830817012,8384800
2002-12-12,12.00536060333252,12.108967134468454,11.966508895205376,12.09601656509274,6521200
2002-12-13,11.91471004486084,12.080479765655385,11.875857334270973,12.00795575982414,7844400
2002-12-16,12.173721313476562,12.181491457708574,11.888804826897845,11.888804826897845,10313400
2002-12-17,12.127095222473145,12.290275124076983,12.127095222473143,12.225521304654096,8005400
2002-12-18,11.98464298248291,12.134871404523603,11.91988913083003,12.08306911365359,7874000
2002-12-19,11.958742141723633,12.108971568069503,11.852545853055695,11.875857281693314,9277400
2002-12-20,12.191850662231445,12.20998165503433,12.036441870188145,12.083064705414136,11699000
2002-12-23,12.189263343811035,12.277328606792132,12.101198080829935,12.147820925235528,6969600
2002-12-24,12.152998924255371,12.199621763141472,12.088245091143015,12.108966792010207,3172200
2002-12-26,12.132279396057129,12.365393613249065,12.070115275450888,12.212574512659947,5230800
2002-12-27,11.992410659790039,12.152999902172612,11.98464051537214,12.0701150681645,4898000
2002-12-30,12.194446563720703,12.27733141986289,12.010544862843892,12.096020426527323,8349000
2002-12-31,12.140049934387207,12.259197753741791,12.002772106513154,12.259197753741791,6651400
2003-01-02,12.58037281036377,12.614045075402089,12.186669443043629,12.212571565405772,9904200
2003-01-03,12.404245376586914,12.595917176874563,12.404245376586914,12.445687794478138,7808000
2003-01-06,12.650308609008789,12.725423290967314,12.380932431818595,12.380932431818595,8097400
2003-01-07,12.572604179382324,12.717652129790736,12.541521628810472,12.652898298196964,6556200
2003-01-08,12.393885612487793,12.582967710525065,12.331722474229602,12.57519657719384,8071000
2003-01-09,12.5104398727417,12.595915403394224,12.412013773583801,12.458636610655171,7303400
2003-01-10,12.450868606567383,12.601097993625356,12.373164194118353,12.513032729365733,6924600
2003-01-13,12.523392677307129,12.611457942158824,12.435327412455434,12.56224537782546,6844000
2003-01-14,12.593332290649414,12.61146329510296,12.432742970604155,12.510447416557303,4946000
2003-01-15,12.35244369506836,12.611459087200291,12.323952831908706,12.601099222444649,9694800
2003-01-16,12.173721313476562,12.419786090830073,12.147820173993091,12.380933393539731,10748400
2003-01-17,12.243657112121582,12.243657112121582,12.150411417376192,12.17372284106254,12866000
2003-01-21,12.204806327819824,12.380936892668222,12.173724754042286,12.225528035715124,11285800
2003-01-22,12.18149185180664,12.300639666254652,12.160771137162532,12.207393980193238,13986200
2003-01-23,12.362804412841797,12.427558260167428,12.199624440922921,12.199624440922921,9740400
2003-01-24,12.186674118041992,12.365395372673763,12.14523169442954,12.365395372673763,8663000
2003-01-27,12.10897159576416,12.303233172166793,12.070118885257445,12.10897159576416,10985800
2003-01-28,12.07011604309082,12.19444429221038,11.992411628440024,12.147821445806855,8859000
2003-01-29,12.137455940246582,12.24883258750191,11.888801513471138,12.072702121519756,9431800
2003-01-30,12.00536060333252,12.228113953629203,11.94060676838884,12.140048698583191,8219000
2003-01-31,12.269559860229492,12.303232140641134,11.940610166532924,12.007954727356209,12092200
2003-02-03,12.365387916564941,12.430141726168085,12.235880297358651,12.272142272646057,9390000
2003-02-04,12.18149185180664,12.367983223929468,12.083066728133076,12.367983223929468,8473400
2003-02-05,11.813936233520508,12.293584173033269,11.691417158311916,12.225808276914576,24868800
2003-02-06,11.954700469970703,12.040723744910368,11.803506661204633,11.899958295517438,15605600
2003-02-07,11.847824096679688,12.05636645265474,11.82175568067756,12.030299031061004,8705000
2003-02-10,11.9442777633667,11.965132501429979,11.80872494918131,11.834793371760409,9184600
2003-02-11,11.886919021606445,12.121529671067677,11.795682099264782,11.946875849897106,9601600
2003-02-12,11.819149017333984,11.988590236345953,11.769620519879092,11.886924908293754,7323800
2003-02-13,11.886919021606445,11.962515896922605,11.678376774534167,11.819143164210907,7551800
2003-02-14,12.077219009399414,12.077219009399412,11.761797696260416,11.886923087300524,9624000
2003-02-18,12.17888355255127,12.246659434380838,12.072005550245416,12.134567749717597,7765000
2003-02-19,12.100686073303223,12.18671038865702,12.014662752358213,12.18671038865702,7186600
2003-02-20,12.012054443359375,12.134572546763081,11.954704909164903,12.10068409524738,7330000
2003-02-21,12.100686073303223,12.249273617496943,11.952099523518289,12.108507098413705,8050000
2003-02-24,11.793081283569336,12.035511075760693,11.756585503119467,11.978162552441862,11751400
2003-02-25,11.884317398071289,11.899958445716035,11.561076040937754,11.7096625131339,11364000
2003-02-26,11.751371383666992,11.884316801545278,11.673167143776945,11.866069410746459,10174800
2003-02-27,11.853038787841797,12.017265347782969,11.71487865730261,11.787869233907163,9866600
2003-02-28,11.821756362915039,11.98598391277669,11.777441544766589,11.879105887020986,8556600
2003-03-03,11.821756362915039,12.056367148431685,11.777441544766589,11.954702806177288,9663800
2003-03-04,11.73051929473877,11.873892109459444,11.73051929473877,11.855644714553637,7871400
2003-03-05,11.897354125976562,11.926028890063499,11.68359805930297,11.691418087905399,9381800
2003-03-06,11.738340377807617,11.9234226768442,11.72009298126167,11.79829625137409,8006400
2003-03-07,11.87389087677002,11.939060421641873,11.589751621352406,11.740945442771109,9359000
2003-03-10,11.540225982666016,11.821757969129095,11.50894487181647,11.785263174069861,8976400
2003-03-11,11.5584716796875,11.743552967063236,11.514155867629283,11.5871464414178,14933600
2003-03-12,11.50893783569336,11.623635834958792,11.279540842754514,11.511544179000492,15308400
2003-03-13,11.926026344299316,11.946881075332113,11.65231446314788,11.743551425395589,12215600
2003-03-14,11.926026344299316,12.004229596855684,11.821754677951956,11.949487419507058,9872200
2003-03-17,12.212772369384766,12.212772369384766,11.821755098291444,11.926026768346333,12542000
2003-03-18,12.168461799621582,12.288373565917045,12.030302633864142,12.246665082231289,9989400
2003-03-19,12.27273178100586,12.317046603639357,12.111110559333156,12.168460089243377,10041000
2003-03-20,12.212772369384766,12.301402990608919,11.991196313528555,12.27272922603175,12145600
2003-03-21,12.319648742675781,12.330076107173968,12.09546637241403,12.212770742589894,17074400
2003-03-24,11.926026344299316,12.178884488826267,11.894745242158432,12.147602392277074,8941600
2003-03-25,12.111108779907227,12.181492012344556,11.899960077003641,11.94427489312618,9429800
2003-03-26,11.965127944946289,12.160636564998297,11.915598458111823,12.14760186146822,9091600
2003-03-27,11.879107475280762,11.98077183112788,11.787870487830421,11.965131772941298,8638600
2003-03-28,11.905173301696777,11.928634380231843,11.78265521993227,11.879105878617123,7925200
2003-03-31,11.72791576385498,11.821759105423737,11.691419970879226,11.730522109006051,10307000
2003-04-01,12.06939697265625,12.095465381766653,11.733121953193033,11.769617725947596,12404000
2003-04-02,12.33790111541748,12.395249649876394,12.19452729324887,12.251876822116314,9647200
2003-04-03,12.199735641479492,12.369176814803302,12.15802718265629,12.366569476772296,9848200
2003-04-04,12.27273178100586,12.317046603639357,12.186707486140529,12.251877044889943,6755800
2003-04-07,12.20755672454834,12.541224396866415,12.204949386503797,12.499515937826656,8060800
2003-04-08,12.369181632995605,12.431743848396346,12.150211890276049,12.207561416400464,7799000
2003-04-09,12.09026050567627,12.301409304012385,12.082439480042776,12.155430084305214,15648800
2003-04-10,12.228413581848145,12.246660975190673,12.09025446242375,12.09025446242375,8348800
2003-04-11,12.053759574890137,12.31704410120695,12.014657449821378,12.251874555697919,11391400
2003-04-14,12.199735641479492,12.199735641479492,12.019868099255955,12.147599819348466,9591000
2003-04-15,12.369181632995605,12.390035373326358,12.121537127213841,12.121537127213841,11768000
2003-04-16,12.184103012084961,12.408285493300879,12.12935981857965,12.403072802880091,8953800
2003-04-17,12.382209777832031,12.382209777832031,12.173667496244889,12.238837021391372,8242200
2003-04-21,12.238836288452148,12.486480668059878,12.199734177942725,12.434344852183308,9030600
2003-04-22,12.468239784240723,12.522981971977295,12.152818381168945,12.21277425265307,9204000
2003-04-23,12.556866645812988,12.572507693594192,12.418707537507997,12.447382294569397,8420400
2003-04-24,12.403068542480469,12.556867717281964,12.270122111016708,12.556867717281964,7770800
2003-04-25,12.361360549926758,12.499520680878607,12.26490988824979,12.447384838693484,6212800
2003-04-28,12.494305610656738,12.577722551132306,12.37700022736036,12.382213910441129,8081600
2003-04-29,12.546441078186035,12.598576913052543,12.374393519212399,12.546441078186035,8034000
2003-04-30,12.580327987670898,12.692419679797961,12.408280436053964,12.49951839177113,15248800
2003-05-01,12.611612319946289,12.695029269192368,12.36136047779958,12.580330218172655,7313800
2003-05-02,12.77322769165039,12.799295105502765,12.577719104533292,12.611607538067856,10511000
2003-05-05,12.525585174560547,12.773229621200157,12.491696735906725,12.773229621200157,9132800
2003-05-06,12.614219665527344,12.63246706247237,12.496914260588913,12.585544900496998,9888400
2003-05-07,12.525029182434082,12.708642375806706,12.464699319010911,12.648312512383534,10194600
2003-05-08,12.34929084777832,12.525034304320137,12.325683413253559,12.406997131696327,7764000
2003-05-09,12.438472747802734,12.480442407599126,12.28371413005648,12.420111521947696,9554600
2003-05-12,12.616843223571777,12.640450663308181,12.406999870699313,12.490937211848298,7797800
2003-05-13,12.569622993469238,12.643068886169223,12.540770357728526,12.587985217102942,6535800
2003-05-14,12.525029182434082,12.63782010119392,12.441091894139982,12.629951293107412,8090800
2003-05-15,12.624711036682129,12.69290974032923,12.559134936762582,12.611596016820593,7987600
2003-05-16,12.692909240722656,12.766354149545878,12.57487206539117,12.624710539759931,7951600
2003-05-19,12.475197792053223,12.692909926663999,12.45945916762121,12.692909926663999,7418400
2003-05-20,12.427978515625,12.5381458457766,12.32830259743198,12.433224721910058,7575800
2003-05-21,12.406994819641113,12.538146986869055,12.378141182753104,12.433225853453678,8739600
2003-05-22,12.34929084777832,12.551264342409066,12.336174828122042,12.446343189441535,7760200
2003-05-23,12.406994819641113,12.459455886654615,12.367649769839705,12.393879803040644,6243800
2003-05-27,12.653570175170898,12.658815384903582,12.294212271131048,12.354542189180028,11612200
2003-05-28,12.525029182434082,12.7033961702119,12.485683140778734,12.653558717978342,9306600
2003-05-29,12.477819442749023,12.598479219009315,12.401750931388998,12.498804273722195,8581400
2003-05-30,12.669295310974121,12.700771541389525,12.485682132430169,12.506666953114655,9508600
2003-06-02,12.826688766479492,12.965709813034211,12.727012789392571,12.727012789392571,11376600
2003-06-03,12.923734664916992,12.934227078430817,12.80569751441554,12.852912374616121,7185800
2003-06-04,13.178170204162598,13.222761460729325,12.879142422350291,12.879142422350291,12591600
2003-06-05,13.272602081298828,13.298833121352793,12.997182664709328,13.178173338940153,9637600
2003-06-06,13.193910598754883,13.416869930315736,13.193910598754883,13.346047625039594,11218200
2003-06-09,13.062755584716797,13.1152166514449,12.991933294725598,13.107347841649752,8694800
2003-06-10,13.27785587310791,13.277855873107908,13.015551326421235,13.136212178362557,10066400
2003-06-11,13.490314483642578,13.492937087200641,13.207025270004925,13.33817746136788,12302800
2003-06-12,13.516544342041016,13.595236456302452,13.377523341239595,13.57425162566959,8754600
2003-06-13,13.330307960510254,13.574251103875213,13.327685357087859,13.529659841412165,9191800
2003-06-16,13.587372779846191,13.603111409927568,13.43523669150854,13.482451581140424,8123400
2003-06-17,13.587372779846191,13.849677277528983,13.534911680187182,13.849677277528983,8703800
2003-06-18,13.6398286819458,13.639828681945799,13.513922691108954,13.53490652260916,7542800
2003-06-19,13.403759002685547,13.639833443295156,13.393267583579066,13.639833443295156,8296800
2003-06-20,13.429986000061035,13.613599287291954,13.395886146569541,13.482447082214428,11199400
2003-06-23,13.314576148986816,13.4509746107942,13.285723494134336,13.382775880196643,7211000
2003-06-24,13.364408493041992,13.437853399971189,13.272601358768688,13.314570019958486,7142400
2003-06-25,13.2909574508667,13.471948045323543,13.275219834382746,13.367025932577215,8100800
2003-06-26,13.500807762145996,13.511299177660726,13.24637217444113,13.275225818483356,8371200
2003-06-27,13.390637397766113,13.566381839545235,13.311946289771582,13.513920767344972,6301400
2003-06-30,13.220138549804688,13.485065481183511,13.20702253289719,13.416866796077903,13174000
2003-07-01,13.301458358764648,13.33293561306196,13.08374618657461,13.22014462002676,12115800
2003-07-02,13.369650840759277,13.377519649769338,13.298828557834176,13.346043413117577,6411400
2003-07-03,13.298834800720215,13.429987015716248,13.259488735976607,13.369657116891512,4653800
2003-07-07,13.4142427444458,13.513918666066525,13.382766506264574,13.456211395557963,9007000
2003-07-08,13.325058937072754,13.364404984376021,13.212268002122377,13.298828905944942,12915600
2003-07-09,13.332934379577637,13.411625506816746,13.230634813493628,13.325064566425347,10478200
2003-07-10,13.369650840759277,13.482441772757236,13.04963926619656,13.332928397896971,11292400
2003-07-11,13.608349800109863,13.62671102434766,13.43785157434553,13.477197626633199,10195800
2003-07-14,13.91000747680664,14.08837461893297,13.83656253614719,13.875908611850337,16287600
2003-07-15,13.621466636657715,13.807702507721977,13.12308791063682,13.12308791063682,15105000
2003-07-16,13.624088287353516,13.679172964183289,13.50867472757119,13.621465683986258,12979400
2003-07-17,13.364408493041992,13.561136779983892,13.30670120867659,13.50867570334369,8912600
2003-07-18,13.477200508117676,13.503430548176436,13.319817265929448,13.416870615493016,9549200
2003-07-21,13.44048023223877,13.464087672366242,13.298835591473932,13.464087672366242,10789600
2003-07-22,13.6319580078125,13.692287890974647,13.429983529080925,13.458837168987111,15919000
2003-07-23,13.61097526550293,13.639828909833172,13.485069272562512,13.637206306081278,8581800
2003-07-24,13.495556831359863,13.768353551516096,13.485064418905042,13.768353551516096,11521000
2003-07-25,13.663436889648438,13.700159347307244,13.448347351408051,13.508677246220655,9315000
2003-07-28,13.613603591918945,13.71852478878994,13.584749937580446,13.71852478878994,8817400
2003-07-29,13.589988708496094,13.666056209390025,13.508673999926813,13.626711157330066,9267600
2003-07-30,13.46408748626709,13.65294600406444,13.448348859528961,13.589993498336002,7621800
2003-07-31,13.25424575805664,13.610980029898581,13.20703086910037,13.58212637546839,18053600
2003-08-01,13.141450881958008,13.256865465746241,12.989314840526164,13.25424186123545,14218600
2003-08-04,13.186033248901367,13.230624485972244,12.95258265338633,13.141441011219301,13498200
2003-08-05,13.052261352539062,13.233251957501102,13.039146337837394,13.088984794559803,10965200
2003-08-06,13.22696304321289,13.3381357492995,13.08402584132181,13.102554625669576,11039000
2003-08-07,13.224320411682129,13.25873145672058,13.107853579677961,13.208439167620838,6976400
2003-08-08,13.301085472106934,13.32226181425188,13.221676208550532,13.240205003055575,5834000
2003-08-11,13.221674919128418,13.287849467262449,13.105207068176698,13.274614759584336,9716400
2003-08-12,13.330199241638184,13.346080484695637,13.197850164194982,13.346080484695637,9455000
2003-08-13,13.248143196105957,13.380492281001608,13.211085613894117,13.367257574460721,8282800
2003-08-14,13.361964225769043,13.399021810021729,13.17138120990559,13.287849057263674,8520600
2003-08-15,13.372549057006836,13.372549057006834,13.26666940579493,13.361960889937007,4480000
2003-08-18,13.324901580810547,13.399016721167497,13.269315225542835,13.399016721167497,6399200
2003-08-19,13.335494041442871,13.40431512111898,13.234908454460822,13.287848290227343,8947400
2003-08-20,13.221674919128418,13.33549522269843,13.181969786350608,13.33549522269843,7819200
2003-08-21,13.144909858703613,13.27461239422215,13.07608878519436,13.234907268519274,12390200
2003-08-22,13.004620552062988,13.163439040117641,13.001973005074195,13.155498418637904,20987600
2003-08-25,13.152851104736328,13.155498651772039,12.9437403273654,13.00462078252335,11111400
2003-08-26,13.134322166442871,13.155498503516558,12.95432734028984,13.044324753366356,11373000
2003-08-27,13.102559089660645,13.129028502106049,13.049619255026474,13.089324383437942,7616000
2003-08-28,13.253437042236328,13.253437042236328,13.05226688110116,13.16343962573664,12132200
2003-08-29,13.271965980529785,13.271965980529785,13.126382190094162,13.253437189551255,8146800
2003-09-02,13.539307594299316,13.573717618696863,13.27196196017641,13.526071882115415,13974200
2003-09-03,13.62401294708252,13.631953567790585,13.44401813958272,13.539309627052406,11943600
2003-09-04,13.473138809204102,13.631957325605011,13.45990309138444,13.624016702708015,8012800
2003-09-05,13.401671409606934,13.560489940651767,13.36990689560309,13.473140051500186,7545400
2003-09-08,13.555193901062012,13.576370240678763,13.406963562718554,13.467844024501538,6763800
2003-09-09,13.496955871582031,13.549894681074477,13.425487267075548,13.52871935922611,7444200
2003-09-10,13.245494842529297,13.499604808348058,13.213730339494518,13.499604808348058,14559200
2003-09-11,13.181968688964844,13.351375356526075,13.181968688964844,13.290494898480219,10128400
2003-09-12,13.306373596191406,13.343431168599151,13.152848213652906,13.184612712639359,11594000
2003-09-15,13.245494842529297,13.29843467117735,13.208437265398635,13.261376084303441,6167000
2003-09-16,13.354011535644531,13.391069086409164,13.250779498588045,13.250779498588045,7905600
2003-09-17,13.396373748779297,13.420196623052647,13.335493294468142,13.354022084487045,6629400
2003-09-18,13.658431053161621,13.69284211281659,13.43608445416858,13.441378541018869,10407200
2003-09-19,13.676952362060547,13.690188076809621,13.56842616542372,13.684893992858646,8166800
2003-09-22,13.526082038879395,13.676959981434193,13.34873467156699,13.676959981434193,8084200
2003-09-23,13.50489616394043,13.57371722045946,13.449309809473938,13.528719031532217,7792200
2003-09-24,13.4307861328125,13.555193591114186,13.385786917027565,13.539312346508208,8368800
2003-09-25,13.489013671875,13.555188190684916,13.420192616599616,13.433427318412996,9983000
2003-09-26,13.605483055114746,13.631952461822971,13.489015242215018,13.489015242215018,11414400
2003-09-29,13.687546730041504,13.698134902739604,13.526080630498525,13.605490915990545,8787600
2003-09-30,13.631952285766602,13.719303144313265,13.526072640814853,13.687538644981863,10413200
2003-10-01,14.00252914428711,14.01311630031557,13.679597156457126,13.679597156457126,13211000
2003-10-02,14.018413543701172,14.036942333107184,13.901946723185771,13.923122049759803,9913600
2003-10-03,14.089885711669922,14.246057697229212,14.050181585693283,14.134884932802368,13604200
2003-10-06,14.118997573852539,14.177231482597687,13.997236682606484,14.081939999103147,5550600
2003-10-07,14.333412170410156,14.35458750760231,14.068713892173543,14.119006201530732,10259600
2003-10-08,14.330758094787598,14.359875053690422,14.195762478662095,14.30693522020741,10473800
2003-10-09,14.346638679504395,14.426047915623403,14.280464147781352,14.330756428383305,9937600
2003-10-10,14.439284324645996,14.465754746306105,14.338698741824258,14.351934457525983,8590400
2003-10-13,14.571632385253906,14.613984047206635,14.452518020467084,14.492223145310447,8136200
2003-10-14,14.603399276733398,14.801922927649796,14.505461225009489,14.539872273896512,7854800
2003-10-15,14.566340446472168,14.632514991127765,14.50281344905911,14.632514991127765,7890200
2003-10-16,14.574275016784668,14.603390954141119,14.30692942045667,14.56633338864843,9076800
2003-10-17,14.558401107788086,14.582223986354206,14.494873095030595,14.574283363413336,9685000
2003-10-20,14.65633487701416,14.65633487701416,14.505457026765026,14.55839685363598,9140400
2003-10-21,14.69074821472168,14.767510925209084,14.388992467005254,14.534576256373642,13084800
2003-10-22,14.486932754516602,14.600753064357749,14.447228629294695,14.55046076851259,10225600
2003-10-23,14.613992691040039,14.619286778133368,14.407528343119584,14.48693763003177,9824200
2003-10-24,14.558401107788086,14.558401107788086,14.365171541526665,14.531931691489511,8945200
2003-10-27,14.410160064697266,14.658976853521073,14.301633915234591,14.611331128416209,11773800
2003-10-28,14.534573554992676,14.542514175379894,14.193112741937808,14.193112741937808,10847800
2003-10-29,14.52928638458252,14.545168642656982,14.402231349217821,14.534580470607342,6985200
2003-10-30,14.658985137939453,14.658985137939451,14.452519875888429,14.542517295309798,9436600
2003-10-31,14.907800674438477,15.01103279793875,14.613985547711,14.6378084231144,15241800
2003-11-03,15.056026458740234,15.07455524280469,14.90779517648158,14.90779517648158,10957400
2003-11-04,14.815149307250977,15.056024478145185,14.730446017029465,15.056024478145185,14114000
2003-11-05,14.860520362854004,14.892542329152374,14.716425586221726,14.849847392015477,9903200
2003-11-06,14.876533508300781,14.91922845164337,14.599015867610092,14.860522522824407,7944400
2003-11-07,14.83650016784668,14.97259094100214,14.6523784947904,14.916554042845094,8379000
2003-11-10,14.812480926513672,14.849839868267,14.697739168158943,14.751107049095253,6480000
2003-11-11,14.924558639526367,15.00194350714103,14.812483828165941,14.812483828165941,6900800
2003-11-12,15.13803482055664,15.196740728655396,14.876528257640876,14.969923095136727,12063800
2003-11-13,15.252777099609375,15.306146012573173,15.023291486414182,15.138034293011778,8532600
2003-11-14,15.087337493896484,15.252780242034678,15.033968569937453,15.252780242034678,5838000
2003-11-17,15.092676162719727,15.092676162719727,14.945911351065952,14.975264313396707,5597600
2003-11-18,14.98326301574707,15.143368709469266,14.95657805484192,15.130026737980279,6774000
2003-11-19,15.049983024597168,15.082003979188931,14.823165299925384,14.831171302019168,6238400
2003-11-20,15.039304733276367,15.242105411603845,14.96725684260111,15.009951775824131,8750000
2003-11-21,15.076667785644531,15.151383689641788,15.012624855126992,15.138041709346256,11042800
2003-11-24,15.132701873779297,15.234102737266173,15.076664956297465,15.21008677007001,9088400
2003-11-25,15.250115394592285,15.33817327202136,15.063324631230795,15.162056499235444,7275400
2003-11-26,15.30614948272705,15.338170430594063,15.199411632600242,15.303480476613712,6826400
2003-11-28,15.298139572143555,15.343502482181444,15.274123614497832,15.274123614497832,2296200
2003-12-01,15.410215377807617,15.439568331871822,15.290135573875588,15.415552371085417,7023400
2003-12-02,15.255441665649414,15.410211376739433,15.218083740331718,15.410211376739433,9908800
2003-12-03,15.143376350402832,15.284803151815108,15.11135539908693,15.223429237656427,10740600
2003-12-04,15.188735961914062,15.234099899468747,15.060651166703284,15.180730980315722,6545400
2003-12-05,15.156708717346191,15.220751597294365,15.076655880856256,15.164714713544114,7458200
2003-12-08,15.26612377166748,15.314155706324462,15.12736496242816,15.130033968757806,5691200
2003-12-09,15.05798053741455,15.204744275895179,15.020622605938824,15.202076288472893,9056600
2003-12-10,15.052648544311523,15.098012488976112,14.865857806963897,15.060653527164487,8662000
2003-12-11,15.183404922485352,15.27413180916392,15.028635108416351,15.028635108416351,8577200
2003-12-12,15.212746620178223,15.231426600606698,15.148704753867014,15.196736662563978,6116400
2003-12-15,14.964584350585938,15.276790764950173,14.959247358298448,15.276790764950173,8744600
2003-12-16,15.250115394592285,15.258120378560083,14.988607715129538,14.988607715129538,9446800
2003-12-17,15.290132522583008,15.311480491434013,15.156710771045761,15.250106607878141,8430000
2003-12-18,15.42088508605957,15.42889006479171,15.252773407194907,15.316816290833335,6580000
2003-12-19,15.498274803161621,15.524958752592852,15.396873963053594,15.452910867615627,14301600
2003-12-22,15.474262237548828,15.516957176765256,15.386203352830641,15.49560919819322,6117400
2003-12-23,15.572990417480469,15.578327410863631,15.455578598905673,15.474258584710448,5548000
2003-12-24,15.548969268798828,15.607675158500866,15.524953315550455,15.570316217282345,2174800
2003-12-26,15.575658798217773,15.634364708986457,15.535632873725207,15.548974848556062,1783600
2003-12-29,15.685064315795898,15.690401309210046,15.548974546481142,15.556979527638655,5795000
2003-12-30,15.72775936126709,15.741102353864642,15.618353540288131,15.669054469133021,5547600
2003-12-31,15.714417457580566,15.79180233611528,15.59166966137701,15.727759432310966,6413000
2004-01-02,15.522282600402832,15.71441020521949,15.463577735096482,15.610341425252784,8243200
2004-01-05,15.597009658813477,15.661051557024733,15.458250855452265,15.597009658813478,8846000
2004-01-06,15.54630184173584,15.597002758142777,15.506275927544603,15.516949911833134,8381600
2004-01-07,15.388871192932129,15.476930076801956,15.343508265795043,15.415556165890091,10670600
2004-01-08,15.38353157043457,15.431563492447902,15.24210379209425,15.391536551460993,11367000
2004-01-09,15.311484336853027,15.570321907650838,15.300810349746794,15.303478337559634,6712000
2004-01-12,15.19941234588623,15.311487195571647,15.140707441696373,15.311487195571647,8059400
2004-01-13,15.01795768737793,15.167390471872794,14.935236821721762,15.151379489200199,12016400
2004-01-14,15.031305313110352,15.092679238706852,14.961925384747088,15.076668251101204,10535800
2004-01-15,15.076667785644531,15.202084639863795,14.935240962241767,15.084672770236281,15305000
2004-01-16,15.26078987121582,15.271463862843333,15.063326115746147,15.076668096316606,9213200
2004-01-20,15.30347728729248,15.39687314117117,15.14070357576694,15.244772398091948,9566000
2004-01-21,15.434229850769043,15.45024082905902,15.212749231763823,15.220755229872454,7570600
2004-01-22,15.23676872253418,15.447575404883493,15.210084770458769,15.396875488769206,8899800
2004-01-23,15.167389869689941,15.367522564477586,15.124694935519013,15.276795702123419,10300600
2004-01-26,15.487608909606934,15.487608909606934,15.151385270678869,15.156722266939564,8958000
2004-01-27,15.31948471069336,15.583660213517655,15.29813776082869,15.48759639430882,8306400
2004-01-28,15.22610092163086,15.59167648239781,15.199415942568535,15.316827814587022,10035800
2004-01-29,15.434229850769043,15.460913796658383,15.207413256927783,15.279460114414462,10798200
2004-01-30,15.31948471069336,15.466248426517021,15.308810726797459,15.434227492756452,7398200
2004-02-02,15.359519004821777,15.450245875577885,15.220760201434338,15.380865964920357,7022200
2004-02-03,15.46625804901123,15.530300974304474,15.330168232413767,15.402216141645752,7382400
2004-02-04,15.355988502502441,15.460872651047312,15.315649392347282,15.40439625540245,7239200
2004-02-05,15.345232009887695,15.393639762749508,15.243037750969172,15.374813613621226,5446400
2004-02-06,15.587273597717285,15.587273597717287,15.442050303267694,15.444740193475571,5921600
2004-02-09,15.51465892791748,15.554999066036345,15.44473718452276,15.49045505022463,5014400
2004-02-10,15.482388496398926,15.536175008954409,15.401709240511902,15.477009742554138,6998800
2004-02-11,15.651814460754395,15.694843462345712,15.326407572101765,15.447425933776383,8056600
2004-02-12,15.436667442321777,15.667947654570423,15.275307937950597,15.62491865858321,8569000
2004-02-13,15.428601264953613,15.557688273536574,15.3452331489749,15.463562650369525,6506600
2004-02-17,15.436667442321777,15.55768578823493,15.41515243138208,15.493142807200208,5892800
2004-02-18,15.31564998626709,15.490454855502685,15.310271232859366,15.43666937321008,8460200
2004-02-19,15.482388496398926,15.592650385486087,15.280689843735166,15.355990345777402,9603800
2004-02-20,15.299515724182129,15.506593140908668,15.296826860073256,15.485079150360331,9448800
2004-02-23,15.291448593139648,15.41784675402511,15.283380974663547,15.396331736898869,8201000
2004-02-24,15.253801345825195,15.304897982733245,15.18387855227451,15.259180101166992,9742600
2004-02-25,15.390957832336426,15.417851612218508,15.229599256615161,15.232288121656968,7902600
2004-02-26,15.396337509155273,15.44743415514807,15.353308484663218,15.38289113135642,8698600
2004-02-27,15.423221588134766,15.522726984832,15.16773747600523,15.16773747600523,7829000
2004-03-01,15.49852180480957,15.552308307116451,15.46356042442627,15.53079329583682,6058800
2004-03-02,15.415165901184082,15.576524520658555,15.415165901184084,15.517360240660894,6699800
2004-03-03,15.530801773071289,15.536180528827103,15.399024821785748,15.41516108905319,5293800
2004-03-04,15.63031005859375,15.67871784648508,15.538873239898242,15.544251996985391,6447200
2004-03-05,15.702921867370605,15.858902746479817,15.57652363953335,15.63031018494663,7519600
2004-03-08,15.759392738342285,15.840073046165852,15.689470967573623,15.6921598324178,6900000
2004-03-09,15.716357231140137,15.729804627487505,15.638367872143858,15.692153353964105,5969800
2004-03-10,15.716357231140137,15.834687753286214,15.689464490230014,15.716357231140138,8683200
2004-03-11,15.520044326782227,15.861587624516035,15.5173554618394,15.651821278621556,10775200
2004-03-12,15.576516151428223,15.678710435996251,15.503905529803406,15.565759668230955,8047400
2004-03-15,15.538870811462402,15.692161773864088,15.520045677545907,15.549628323955504,7935000
2004-03-16,15.616851806640625,15.665259557731604,15.498522318358365,15.598026684093272,6649600
2004-03-17,15.697539329528809,15.794354882776336,15.651821443769018,15.665267820410557,5768000
2004-03-18,15.681398391723633,15.813174271193654,15.60340799928245,15.686777145604998,7002800
2004-03-19,15.482388496398926,15.732494907773383,15.479699632422731,15.681398285086493,7688200
2004-03-22,15.27530574798584,15.482383082077682,15.197315383348904,15.482383082077682,9654400
2004-03-23,15.226900100708008,15.38556971484322,15.22421123730227,15.329094350293106,6730200
2004-03-24,15.213460922241211,15.272626204052562,15.143539155830885,15.261868693560922,8322600
2004-03-25,15.366748809814453,15.404399063178731,15.205390287998279,15.261865668044694,6925400
2004-03-26,15.31564998626709,15.39632923559831,15.296824862286213,15.364057741044284,6393800
2004-03-29,15.374807357788086,15.425904979402448,15.31564314850199,15.382875997243534,6838000
2004-03-30,15.283381462097168,15.380195964575517,15.245730180925431,15.377507100295222,10068800
2004-03-31,15.240346908569336,15.29413341126321,15.170425173191848,15.26186192000377,11330400
2004-04-01,15.396337509155273,15.452812911446184,15.251114166784761,15.253804057880252,7028400
2004-04-02,15.224211692810059,15.444735430797104,15.154288931462629,15.442045541418704,10338000
2004-04-05,15.229591369628906,15.24303773966004,15.146222234008244,15.208076356865273,9280800
2004-04-06,15.377501487731934,15.377501487731932,15.197316869941462,15.221520743200118,6654200
2004-04-07,15.26186752319336,15.388265697045524,15.256488768360015,15.342546793908376,8556000
2004-04-08,15.296828269958496,15.32103215273899,15.24304174979156,15.315653398133042,5838800
2004-04-12,15.337165832519531,15.485079004424833,15.280690453733381,15.37481608504363,6158200
2004-04-13,14.966039657592773,15.30489292500548,14.901495640713408,15.302204061169498,13803400
2004-04-14,14.855775833129883,15.060163312405672,14.72399895275376,14.86384344947602,15814400
2004-04-15,14.77509880065918,14.91225446392287,14.68097316970758,14.871914321576506,11567600
2004-04-16,15.078991889953613,15.1408460231969,14.777788841932088,14.791235214221073,13420600
2004-04-19,15.03596305847168,15.062855803363322,14.96335141619329,15.001001669398574,7029800
2004-04-20,14.88805103302002,15.22690434056493,14.88805103302002,15.038652047087773,11589400
2004-04-21,15.116639137268066,15.124707779751226,14.86653276402717,14.879980159535025,10267000
2004-04-22,15.26186752319336,15.323721664937958,15.08706158173367,15.11664422037078,9568800
2004-04-23,15.167741775512695,15.264556284178814,15.060168731360232,15.261867419726663,8337600
2004-04-26,15.165047645568848,15.312959770508167,15.116639891822556,15.226901769601934,7256600
2004-04-27,15.353302001953125,15.460875030708538,15.229593737009102,15.261865235278753,10814000
2004-04-28,15.140847206115723,15.288759364635473,15.135468451601408,15.288759364635473,10569000
2004-04-29,15.173120498657227,15.396334220837579,15.097819978351877,15.181189144327547,8325000
2004-04-30,15.183867454528809,15.312954410705457,15.16504233753796,15.221517688510506,7787600
2004-05-03,15.321036338806152,15.326415094881702,15.143541491884282,15.200016891838326,8294800
2004-05-04,15.342541694641113,15.460872209861066,15.210765835645388,15.267241203786412,12521200
2004-05-05,15.347963333129883,15.418442021379265,15.263932403203862,15.342541816030034,9762000
2004-05-06,15.220569610595703,15.326286666640625,15.1690656870513,15.253097696905858,7010400
2004-05-07,14.933223724365234,15.193450282069147,14.827506749926046,15.179897009406147,12484000
2004-05-10,14.851907730102539,14.935938667497297,14.724504652054037,14.841064694939103,11726600
2004-05-11,14.93593978881836,14.96304737876206,14.800404941246327,14.851908845114947,9078200
2004-05-12,15.152801513671875,15.204304400967121,14.797699720285935,14.922391574189698,10987000
2004-05-13,15.207012176513672,15.312730244939294,15.074188581442696,15.085031619340043,11970800
2004-05-14,15.44826889038086,15.521456828944581,15.207015891449506,15.207015891449506,14996400
2004-05-17,15.426575660705566,15.516029152685642,15.25037995265021,15.263934264076608,10223600
2004-05-18,15.681381225585938,15.689514019476832,15.445550883726193,15.478078957143342,12647200
2004-05-19,15.640730857849121,15.938907285063717,15.610913008317775,15.711208565246404,16055600
2004-05-20,15.722036361694336,15.759985939188606,15.61902962703243,15.640715690771119,8893400
2004-05-21,15.735597610473633,15.871132475394248,15.640723618648785,15.7762584835694,9670600
2004-05-24,15.811498641967773,15.890108081741667,15.738309687103245,15.830473441297578,7335600
2004-05-25,15.925341606140137,15.941606157059233,15.746435682224593,15.81149285185235,7672400
2004-05-26,16.025638580322266,16.060877926910734,15.83860088051958,15.925343092084484,8815400
2004-05-27,16.006662368774414,16.188279569064658,15.898235130943924,16.142197191599006,12676400
2004-05-28,15.9389009475708,16.033775979633432,15.846737192050856,15.993115103885302,7927600
2004-06-01,15.892824172973633,15.952458831484034,15.811503432059945,15.949748588208283,7136400
2004-06-02,15.862998008728027,15.96058326027411,15.749148203908005,15.938897189242189,8642400
2004-06-03,15.800654411315918,15.865710565807523,15.743730017623529,15.863000323557428,5910200
2004-06-04,15.881976127624512,15.987693160907556,15.838605010532778,15.938900524923229,5023600
2004-06-07,15.995828628540039,16.028357749432757,15.9199294145555,15.936193975001862,5949400
2004-06-08,15.9389009475708,16.025643184054392,15.881976548762635,15.96058702371621,6064200
2004-06-09,15.722036361694336,15.947024619765278,15.722036361694334,15.938891828839052,8827400
2004-06-10,15.887394905090332,15.895526665001558,15.789809649960363,15.844023795482437,4057000
2004-06-14,15.732888221740723,15.857580056061064,15.689517103974996,15.857580056061064,5563800
2004-06-15,15.789813041687012,15.93076943670298,15.75457368442076,15.884687041193413,7573200
2004-06-16,15.776253700256348,15.854864146247602,15.74914611506179,15.79251721732444,3873600
2004-06-17,15.83318042755127,15.919922644948102,15.697645583612617,15.730173656624231,4553600
2004-06-18,15.884684562683105,15.99040261798652,15.819628411472104,15.87113128401822,6649400
2004-06-21,15.862998008728027,15.96058326027411,15.800652105584428,15.865708250582628,6777000
2004-06-22,15.928054809570312,15.952451123461362,15.835891071987334,15.8629986618934,6935200
2004-06-23,16.006662368774414,16.031058678244786,15.871127545949824,15.911788406416656,6696400
2004-06-24,15.90908432006836,15.995826563150263,15.89824231521995,15.92534887841463,5938200
2004-06-25,15.59463882446289,15.887394583934894,15.594638824462892,15.830470197609381,9109800
2004-06-28,15.65428352355957,15.78981844584147,15.578384297977511,15.662415288000677,8043600
2004-06-29,15.5458402633667,15.594632871319126,15.39946347355783,15.450966322374988,9438800
2004-06-30,15.513321876525879,15.61903891499623,15.402183318896912,15.600064114965605,10297200
2004-07-01,15.339832305908203,15.562109347356916,15.318146236474815,15.497052173105454,9435400
2004-07-02,15.513321876525879,15.654278272502697,15.36152244223183,15.369655237994277,7302000
2004-07-06,15.42928695678711,15.491633898271884,15.410312160352213,15.445551511180813,6609200
2004-07-07,15.513321876525879,15.60819691072805,15.423869395531367,15.429289880640933,5369200
2004-07-08,15.434707641601562,15.586507038933963,15.388626291047267,15.437418917545225,5526200
2004-07-09,15.456398010253906,15.497057854274214,15.337127686792286,15.459108252902293,4247800
2004-07-12,15.60547924041748,15.64885034186781,15.388623733165836,15.388623733165836,8098200
2004-07-13,15.65969467163086,15.741015364323689,15.51060656268589,15.51060656268589,9360000
2004-07-14,15.586509704589844,15.722044571586276,15.521452513450006,15.621749059542628,5591600
2004-07-15,15.559401512145996,15.703068125191459,15.559401512145998,15.654275495468687,7250800
2004-07-16,15.697647094726562,15.749149968123541,15.553980477217324,15.716621891980655,7385400
2004-07-19,15.84401798248291,15.925338653905932,15.697640153492403,15.749143004115682,8440600
2004-07-20,15.73830795288086,15.811496899680614,15.502476557398685,15.762704268480778,9717800
2004-07-21,15.5187406539917,15.857577786174925,15.5187406539917,15.762703802783168,6557200
2004-07-22,15.47536849975586,15.532292885955538,15.383204764649749,15.43741890895607,6238800
2004-07-23,15.353387832641602,15.456394609450598,15.32085975777255,15.445551573144629,4856400
2004-07-26,15.402181625366211,15.440131221254754,15.323571157283412,15.334414194408406,4780000
2004-07-27,15.567526817321777,15.613608151814008,15.391331168154977,15.431992020746833,5767400
2004-07-28,15.567526817321777,15.62716245871025,15.396752684103786,15.499759419034305,11086600
2004-07-29,15.648855209350586,15.700358085202318,15.581087777627754,15.654276727974286,4770000
2004-07-30,15.562108993530273,15.654272718429292,15.486209820336496,15.619033373425605,4319800
2004-08-02,15.684096336364746,15.700359860025385,15.48079401821425,15.545850180954933,4417200
2004-08-03,15.58108139038086,15.727459231068373,15.567528116402059,15.640717036745814,5360200
2004-08-04,15.65489387512207,15.668561288143957,15.496348964349213,15.581088593495751,4578800
2004-08-05,15.387002944946289,15.649420932149622,15.373335536962937,15.62208611618292,4978200
2004-08-06,15.406143188476562,15.551019643322906,15.340538146178975,15.376074254205035,6861200
2004-08-09,15.41434383392334,15.512750878584521,15.395209246656641,15.395209246656641,3747600
2004-08-10,15.581083297729492,15.616619393713654,15.447140193023905,15.490876525482713,6003200
2004-08-11,15.736898422241211,15.761500181261006,15.52094976448485,15.581087629368065,7909600
2004-08-12,15.624825477600098,15.761501698027935,15.619358303652168,15.630292651548029,5312400
2004-08-13,15.7287015914917,15.76150359637321,15.594758420527054,15.638494774621378,4730000
2004-08-16,15.79430866241455,15.851713485529224,15.679501101699472,15.728704639936545,5742000
2004-08-17,15.821634292602539,15.854436282594719,15.764229506670649,15.816167120477767,4968600
2004-08-18,15.843501091003418,15.87630412199769,15.772429942695311,15.816166274597933,7171600
2004-08-19,15.84077262878418,15.879041799973004,15.723231007128955,15.83803852069543,5589200
2004-08-20,15.868099212646484,15.906368363961702,15.78882680334715,15.854431807570501,6390600
2004-08-23,15.824373245239258,15.969249710803957,15.805238657061158,15.854442181735369,5378000
2004-08-24,15.900903701782227,15.94737413767878,15.859901480086089,15.892703465994266,4428400
2004-08-25,16.004783630371094,16.051254082982325,15.88724200893627,15.900909421084265,6052800
2004-08-26,16.034849166870117,16.135989246653754,15.94464343159187,15.966511077846164,5945200
2004-08-27,16.034849166870117,16.089519846640577,15.977445422351554,16.073118329882494,3820600
2004-08-30,15.96104621887207,16.053986075124936,15.958313153727856,15.985647976196553,3788400
2004-08-31,16.0594425201416,16.0594425201416,15.92003335026873,15.961035556581486,5632400
2004-09-01,16.081321716308594,16.135991360484343,15.95284575843101,16.064920197401893,6109200
2004-09-02,16.248069763183594,16.264471286091457,16.07859153082986,16.114127642418456,5853800
2004-09-03,16.201602935791016,16.349213537288684,16.182468344051358,16.25900671100998,5437800
2004-09-07,16.324609756469727,16.36287893522792,16.256271639328116,16.330076930971885,6942200
2004-09-08,16.127788543701172,16.31913539599129,16.105919855322206,16.291799535517583,7577400
2004-09-09,16.125049591064453,16.18245331296392,16.073111996507347,16.168785909095867,5227000
2004-09-10,16.163328170776367,16.187929929197143,16.021184793540403,16.15239382419898,5215600
2004-09-13,16.179723739624023,16.250795928059972,16.141454580969143,16.201592426144735,6076000
2004-09-14,16.092252731323242,16.256264768799397,16.092252731323242,16.209794326549723,5136600
2004-09-15,16.155122756958008,16.280865624919343,16.092251844355545,16.094985951678844,5384200
2004-09-16,16.190656661987305,16.228925817283674,16.11958552254495,16.163321848991693,3803200
2004-09-17,16.22073745727539,16.283608407398674,16.174266989853898,16.23713898273422,4705200
2004-09-20,16.138721466064453,16.250795877241718,16.067649277850755,16.204325439908708,4437600
2004-09-21,16.14692497253418,16.20706282970215,16.023916193216326,16.17152672839775,5512600
2004-09-22,16.045778274536133,16.10318200031992,15.944638227761441,16.01024218786973,9074400
2004-09-23,15.889975547790527,16.094989850936305,15.868106854931778,16.073121158077555,7255000
2004-09-24,16.029382705688477,16.09225362524872,15.859904529362755,15.859904529362755,5944400
2004-09-27,16.133258819580078,16.20432998497177,16.02118437696767,16.032118723260748,8448800
2004-09-28,16.22073745727539,16.25353946543601,16.026657431752596,16.155132398197114,6589200
2004-09-29,16.21526336669922,16.22073053952054,16.06491976376089,16.141458097746238,7159200
2004-09-30,16.300004959106445,16.335540022621917,16.15512746865369,16.278136265167642,8665200
2004-10-01,16.453079223632812,16.46674767671082,16.27266669622268,16.310935862225346,8296000
2004-10-04,16.515949249267578,16.595221684690333,16.464012675761207,16.51048311964081,8433400
2004-10-05,16.49408531188965,16.578824938753,16.43941461851835,16.46675048658237,5706000
2004-10-06,16.578821182250977,16.578821182250977,16.464012647909392,16.46947982028342,5235800
2004-10-07,16.466754913330078,16.584295527955142,16.442153146837153,16.52415868756123,4187000
2004-10-08,16.532350540161133,16.58702122048919,16.45581221335575,16.488614204449984,5289000
2004-10-11,16.524152755737305,16.576089336241772,16.491350759774306,16.53782016715883,3050400
2004-10-12,16.52688980102539,16.53782414989855,16.439417095553917,16.469486033576654,5274000
2004-10-13,16.466754913330078,16.578829395629622,16.384748329848975,16.578829395629622,6339200
2004-10-14,16.259004592895508,16.48042046629743,16.155130363585812,16.455818702586107,11385400
2004-10-15,16.414810180664062,16.442146044268405,16.30273574677768,16.324604437661158,8162000
2004-10-18,16.44214630126953,16.537819218488732,16.360139751931257,16.401143026600394,7029000
2004-10-19,16.223466873168945,16.324608026605915,16.073123239940198,16.305473439254445,10124000
2004-10-20,16.078590393066406,16.130526981130817,15.925512651695842,16.127793915551344,9220000
2004-10-21,15.996583938598633,16.10592428227793,15.794302686518987,16.0184515902318,9433000
2004-10-22,15.821634292602539,16.07858512592813,15.821634292602539,16.01844727531208,7261200
2004-10-25,15.81343936920166,15.81890654352395,15.731433839881104,15.786104540347102,7155600
2004-10-26,16.045778274536133,16.045778274536133,15.848964308698987,15.848964308698987,6989200
2004-10-27,16.168794631958008,16.223464276923806,15.911842712489548,15.991115157549249,7275200
2004-10-28,16.35468292236328,16.39295211101365,16.086796516296324,16.160601827017974,8527000
2004-10-29,16.324609756469727,16.387480699109176,16.223468592315164,16.31914258196757,6797200
2004-11-01,16.37653923034668,16.39567381140695,16.31913548716587,16.382006402471966,6785200
2004-11-02,16.346485137939453,16.466760948321852,16.2617464999963,16.321883362430093,8276600
2004-11-03,16.61652374267578,16.61652374267578,16.464963618352375,16.53385467951703,9490200
2004-11-04,16.925161361694336,16.944451832711234,16.577950753697344,16.624797238404888,9776600
2004-11-05,16.94719886779785,17.013334740539023,16.85901840493898,16.94719886779785,9630600
2004-11-08,16.977516174316406,17.038140654852917,16.914136513389302,16.94720393404815,5946000
2004-11-09,16.960975646972656,17.051912334045838,16.90861882941759,17.043644693552118,5036000
2004-11-10,16.94719886779785,17.054668741207475,16.941687457469918,16.963733098781653,4833600
2004-11-11,17.126319885253906,17.16214248367031,16.985781518193544,17.01609375623379,6919200
2004-11-12,17.24205780029297,17.24205780029297,17.084986236728273,17.164900134315744,5939400
2004-11-15,17.236549377441406,17.250327384298963,17.126324271386395,17.203481950744354,6858800
2004-11-16,17.134586334228516,17.244812462330106,17.12907492270401,17.233789639281095,5777200
2004-11-17,17.211746215820312,17.286148704217702,17.126321954144874,17.264104106467215,6291000
2004-11-18,17.208995819091797,17.272375500635164,17.164905560140124,17.22277382791519,4514000
2004-11-19,16.960975646972656,17.24480747686055,16.922396828648505,17.19520583867408,7879200
2004-11-22,17.098766326904297,17.142856577297177,16.947206156878426,17.029875244965766,6130400
2004-11-23,17.195213317871094,17.195213317871094,17.049163519154746,17.09876517891586,7367000
2004-11-24,17.208995819091797,17.244819482988376,17.175928387676713,17.19246157778691,4962400
2004-11-26,17.222768783569336,17.286148446549547,17.186945130165086,17.200723134953066,1774000
2004-11-29,17.140100479125977,17.313706290653325,17.10152164349644,17.28339404803171,7622200
2004-11-30,17.0216121673584,17.126326927868433,17.007834158363718,17.079480435852876,8465800
2004-12-01,17.327482223510742,17.327482223510742,17.09876336650083,17.126320425221827,9401200
2004-12-02,17.269609451293945,17.34401191808003,17.22827544831996,17.327478737368075,5129600
2004-12-03,17.195213317871094,17.275126168646732,17.134588833453197,17.2420587458708,5045400
2004-12-06,17.21726417541504,17.233798418411325,17.120817052590375,17.18695192218592,4943000
2004-12-07,17.03538703918457,17.21450427671401,17.024364213540863,17.21450427671401,6421400
2004-12-08,17.200721740722656,17.247568214637834,17.082230068195056,17.153876318001778,7434000
2004-12-09,17.349523544311523,17.355034955015363,17.112538140016998,17.14009519353619,7549000
2004-12-10,17.366060256958008,17.64713593583745,17.24481235773706,17.64713593583745,5739200
2004-12-13,17.429443359375,17.465267015554808,17.37157510406533,17.388108290614113,6795600
2004-12-14,17.346763610839844,17.443210643741352,17.335740792452864,17.429432646354538,5706600
2004-12-15,17.231033325195312,17.388104873709707,17.20898873039739,17.34125945276771,7763800
2004-12-16,17.294414520263672,17.316460168218462,17.115298361005568,17.231034859185172,11531400
2004-12-17,17.084989547729492,17.23930596078419,17.05467730130852,17.084989547729492,13108000
2004-12-20,17.107030868530273,17.189699941622393,17.07120721808578,17.181432298477173,6759200
2004-12-21,17.140100479125977,17.19245732016686,17.060186576067974,17.10152164349644,7022200
2004-12-22,17.16490364074707,17.195215887485812,17.043654653792103,17.104279147269587,7197800
2004-12-23,17.19797706604004,17.283402422895268,17.167664808730283,17.181442820817917,4441000
2004-12-27,17.170412063598633,17.310949395318584,17.170412063598633,17.250324912399112,4545400
2004-12-28,17.24481773376465,17.27512892962363,17.173170413239024,17.19521606607601,3614000
2004-12-29,17.195213317871094,17.264104395184365,17.129077421124805,17.195213317871094,3506400
2004-12-30,17.140100479125977,17.250325573611164,17.140100479125977,17.21725815038505,3413200
2004-12-31,17.126319885253906,17.214500367992287,17.126319885253906,17.156631072099877,2721400
2005-01-03,17.0601863861084,17.17592394290274,17.01609613856637,17.14836688119246,8168200
2005-01-04,17.07396697998047,17.22277198219332,17.021610131584648,17.071211798988934,9241400
2005-01-05,17.09324836730957,17.29165494368294,17.071203776153688,17.107027419375342,7694600
2005-01-06,17.15387535095215,17.167653353846596,17.029871222513645,17.112540291074566,8887600
2005-01-07,17.13182258605957,17.239293486841788,17.101511412765603,17.17866903786625,6573200
2005-01-10,17.120803833007812,17.20898429184446,16.98853314475284,17.098758192701656,7685200
2005-01-11,17.087738037109375,17.13458450446792,17.002313795587437,17.098760858981287,7490800
2005-01-12,16.859024047851562,17.071208686124542,16.83697839916089,17.049163037433868,11469200
2005-01-13,16.71021842956543,16.92240305967103,16.660616773115066,16.864534810877053,10710000
2005-01-14,16.723995208740234,16.768085450000214,16.622036722925465,16.707462025264164,10155000
2005-01-18,16.936182022094727,16.949960027178314,16.56141439713241,16.575193453410403,10051000
2005-01-19,16.809419631958008,16.94444658005165,16.798396809420932,16.919645754940337,6215400
2005-01-20,16.68266487121582,16.754311134836943,16.619285201152458,16.65510780736577,6901800
2005-01-21,16.566926956176758,16.693687344825666,16.536614712177986,16.64684086286543,6870600
2005-01-24,16.520084381103516,16.699200592939878,16.478749304651846,16.566929819967058,7968800
2005-01-25,16.624786376953125,16.6661203704844,16.520071701191622,16.520071701191622,7470600
2005-01-26,16.773590087890625,16.831459360270383,16.66060882458743,16.671631643249658,7278400
2005-01-27,16.65235137939453,16.801156359456492,16.586215482302183,16.66337420410899,6116000
2005-01-28,16.677152633666992,16.76808831188862,16.59172731674835,16.64132897803086,6079000
2005-01-31,16.892087936401367,16.919644991500643,16.784618049499617,16.825953106551445,6569800
2005-02-01,17.029870986938477,17.13458569963738,16.911378271535717,16.96097992222498,8031800
2005-02-02,16.87990379333496,17.01043317055701,16.813251260718992,17.01043317055701,8393000
2005-02-03,16.95488739013672,16.95488739013672,16.810472167951907,16.843799491133435,5671600
2005-02-04,16.935441970825195,16.971546030545397,16.82435410468824,16.96876822472403,5937600
2005-02-07,17.05764389038086,17.090971213371546,16.816026625523868,16.941001438181903,7077800
2005-02-08,17.06319236755371,17.215939894973175,17.015980265931287,17.215939894973175,7216800
2005-02-09,16.916006088256836,17.102079929380373,16.916006088256836,17.09374756911211,5659000
2005-02-10,16.782703399658203,17.024320708248403,16.77714884482104,16.98266313610417,8304000
2005-02-11,16.746601104736328,16.85491228702767,16.724383942446806,16.81603145845366,9075200
2005-02-14,17.02708625793457,17.02708625793457,16.924328656554554,16.935437758231675,6347800
2005-02-15,17.024311065673828,17.102073729926357,17.007648470023035,17.079855523162088,7888200
2005-02-16,16.87434959411621,17.002102226593642,16.857686990323057,16.996547672188285,6526800
2005-02-17,16.774368286132812,16.896565286519422,16.774368286132812,16.857684470915625,5904000
2005-02-18,16.610519409179688,16.79937006973852,16.585524437652104,16.788260958076656,8970000
2005-02-22,16.33833885192871,16.627168097373605,16.324451944265583,16.57995600147036,10694800
2005-02-23,16.521642684936523,16.55219114187069,16.41610828100043,16.454989098391934,10419800
2005-02-24,16.577190399169922,16.660507668791972,16.518869157972958,16.64384400298294,11462600
2005-02-25,16.635513305664062,16.704943659929064,16.516093011574405,16.579968810367433,6639200
2005-02-28,16.4910888671875,16.641057543806372,16.43832114927152,16.579959586451476,10207800
2005-03-01,16.621627807617188,16.716053139863313,16.566084366997412,16.566084366997412,7323600
2005-03-02,16.5244197845459,16.67438956290242,16.5244197845459,16.593850119775084,8147600
2005-03-03,16.499422073364258,16.654946379765928,16.499422073364258,16.607733208773972,7258600
2005-03-04,16.802146911621094,16.832696439149938,16.596632582423652,16.649400333400088,7183200
2005-03-07,16.866012573242188,16.97432369886294,16.793805509302544,16.80213680837412,6901600
2005-03-08,16.88268280029297,16.92156362365327,16.754931220845414,16.810474648832713,6662000
2005-03-09,16.591066360473633,16.796579472617292,16.57717945175868,16.76880777403217,8224600
2005-03-10,16.721603393554688,16.79658829040659,16.618846783538203,16.62440133805571,6687600
2005-03-11,16.607736587524414,16.80214174522147,16.54941535804216,16.760483118778218,6568800
2005-03-14,16.69104766845703,16.738260834592673,16.59940020154587,16.60773150051346,7924200
2005-03-15,16.65772819519043,16.84657881777652,16.64106453104825,16.788257582413372,6888400
2005-03-16,16.532756805419922,16.638291248117305,16.513316389583984,16.57997000060949,8023800
2005-03-17,16.552196502685547,16.63551377770623,16.460548983355217,16.468880287088023,6721000
2005-03-18,16.4910888671875,16.64661209618819,16.399440342021347,16.635504050847096,15738800
2005-03-21,16.438325881958008,16.529974433510297,16.385559208272745,16.49109361506612,7827200
2005-03-22,16.213376998901367,16.57441463752961,16.213376998901367,16.474434755572187,10154400
2005-03-23,16.3133544921875,16.393892888039844,16.14949883395487,16.191156405722012,9915800
2005-03-24,16.216150283813477,16.44110497017559,16.216150283813477,16.310575590004905,6903800
2005-03-28,16.349454879760742,16.454989284892964,16.274469991331756,16.274469991331756,6785400
2005-03-29,16.366121292114258,16.496650681994364,16.31613135809307,16.35223543475793,6835400
2005-03-30,16.579967498779297,16.60218465948654,16.377231007494096,16.377231007494096,7839000
2005-03-31,16.607736587524414,16.760483118778218,16.604959840158877,16.64939521396767,8826400
2005-04-01,16.504981994628906,16.738268000396285,16.45776880828087,16.70494173083609,10740000
2005-04-04,16.618844985961914,16.646616696122567,16.441103498318924,16.53552879605712,9716000
2005-04-05,16.574405670166016,16.677162244616877,16.568851117571025,16.618841031503354,5439400
2005-04-06,16.591066360473633,16.691045111033514,16.579957257270628,16.60217440425425,6572400
2005-04-07,16.62995719909668,16.743822927093973,16.568858154026856,16.591076373842437,6693600
2005-04-08,16.541091918945312,16.70494763639203,16.541091918945312,16.699393079597844,7322600
2005-04-11,16.663280487060547,16.699384558087576,16.591073404429334,16.643840077912806,5838200
2005-04-12,16.838241577148438,16.91322645020918,16.59106980636818,16.607732405211046,9482200
2005-04-13,16.72437858581543,16.907674618544597,16.685497769694514,16.86879380242368,8400000
2005-04-14,16.621627807617188,16.77992894411463,16.5910793390456,16.77992894411463,8100800
2005-04-15,16.421669006347656,16.67439547379375,16.421669006347656,16.62162772228336,9987200
2005-04-18,16.52719497680664,16.67716474105288,16.441102047253338,16.441102047253338,11165000
2005-04-19,16.366121292114258,16.549417363717616,16.366121292114258,16.524422396707024,10071000
2005-04-20,16.14949607849121,16.413330499602758,16.14116371802107,16.310573902135435,9099200
2005-04-21,16.293909072875977,16.299463626317053,16.04396052456407,16.246696957760957,10482400
2005-04-22,16.293909072875977,16.396666722401747,16.146717114667094,16.25225151120203,6322400
2005-04-25,16.427221298217773,16.46332431757481,16.31890906187746,16.35779094794538,6318800
2005-04-26,16.327245712280273,16.535536817800157,16.310582042446278,16.427225612437553,6901200
2005-04-27,16.52719497680664,16.59384855850144,16.238365614589824,16.318903990716667,8934400
2005-04-28,16.535524368286133,16.68271629968464,16.454984947194568,16.529969815856795,8910800
2005-04-29,16.646615982055664,16.654948342284708,16.435548239389206,16.557745242046337,9182000
2005-05-02,16.774368286132812,16.84935211084141,16.666056080550106,16.685497547774773,10383600
2005-05-03,16.743820190429688,16.8882354173582,16.68827570939213,16.791032310686756,8389200
2005-05-04,16.984575271606445,16.99577353402959,16.713024349358314,16.746618068702656,8421000
2005-05-05,16.86699676513672,17.020969136129715,16.74381908192734,16.950981597685164,6642000
2005-05-06,16.729820251464844,16.88379368607168,16.713023926180504,16.869795324434655,7046600
2005-05-09,16.858600616455078,16.908991735589684,16.696228995260192,16.732622818618566,6331200
2005-05-10,16.718618392944336,16.850194198638757,16.693422844122043,16.769009490588925,6476600
2005-05-11,16.811006546020508,16.858598627555256,16.654235143141538,16.707425287986176,5759800
2005-05-12,16.746623992919922,16.922992950738166,16.707431128499305,16.86140355354836,5820200
2005-05-13,16.5870418548584,16.75501147178832,16.51705433648347,16.65143024361236,7528000
2005-05-16,16.7998046875,16.866993180012717,16.587043085738646,16.61503766799611,7479200
2005-05-17,16.9257869720459,16.93698523511495,16.699028018485873,16.741019903107105,6099600
2005-05-18,17.068553924560547,17.09654850080684,16.995766317640772,17.037759249934844,8407200
2005-05-19,17.155344009399414,17.158144108800208,17.032166333889958,17.138547684694725,5630600
2005-05-20,17.169343948364258,17.214135931568038,17.06016248812525,17.180541143221365,7065400
2005-05-23,17.188940048217773,17.30091947014055,17.158145360113352,17.188940048217773,6383600
2005-05-24,17.085363388061523,17.21694034708433,17.004178627316502,17.11895818691338,6047600
2005-05-25,17.046171188354492,17.060168487792243,16.93699075764437,17.02097562219635,4333400
2005-05-26,17.060157775878906,17.093752554946246,17.004168613282985,17.07415613445271,4074200
2005-05-27,17.018169403076172,17.05456215266135,16.99297384755756,17.03496572813855,5001400
2005-05-31,16.911787033081055,17.020967411121536,16.911787033081055,16.998571956410018,7182800
2005-06-01,17.216934204101562,17.247728891432192,16.936984054441375,16.95098134833937,9600200
2005-06-02,17.225330352783203,17.281320589753594,17.202934898750012,17.2785215584713,7398200
2005-06-03,17.174945831298828,17.247733487645128,17.12175567314219,17.239335322653382,6123000
2005-06-06,17.20013999938965,17.22253652811857,17.110556020324488,17.152548977728586,4051600
2005-06-07,17.180538177490234,17.384901632325256,17.172140015815827,17.27012212843367,5839800
2005-06-08,17.216934204101562,17.309318266093456,17.174941254482505,17.267325316474402,6303000
2005-06-09,17.169343948364258,17.253328783380702,17.15534558592392,17.216934963301036,5360200
2005-06-10,17.16374397277832,17.418498564955723,17.054562517909375,17.202936822663293,4914000
2005-06-13,17.10495948791504,17.216940012728976,17.032172894333783,17.127356020047998,4074200
2005-06-14,17.11895751953125,17.158150382071696,17.04616985944864,17.07696455656625,5180000
2005-06-15,17.174945831298828,17.177745931579647,17.09376107788614,17.135752970770216,5105600
2005-06-16,17.202938079833984,17.21413634288378,17.104954880035983,17.16654425888472,4433200
2005-06-17,17.242136001586914,17.368113828120396,17.194543903596283,17.368113828120396,9063600
2005-06-20,17.26172637939453,17.32331575474821,17.149745891101492,17.21693439766233,5869400
2005-06-21,17.21413230895996,17.28411983473274,17.166540236113526,17.2617233138815,4980600
2005-06-22,17.275733947753906,17.37651623357033,17.275733947753906,17.30092951920801,6314600
2005-06-23,17.079761505126953,17.28412609416788,17.079761505126953,17.267328697446285,6583200
2005-06-24,16.99856948852539,17.076955170522996,16.797005085760325,17.029364168717258,8934600
2005-06-27,16.964982986450195,17.074164469832766,16.948186656641603,16.98457941651045,5039000
2005-06-28,17.172143936157227,17.214136889965967,16.959382271075043,17.009772320550283,5376800
2005-06-29,17.34011459350586,17.390505713748286,17.267328013114156,17.331716429440537,9936400
2005-06-30,17.239336013793945,17.398907562586583,17.174946519857958,17.356914600093617,12656800
2005-07-01,17.152544021606445,17.334510959287016,17.085355522758643,17.300917243825594,6923400
2005-07-05,17.132946014404297,17.216930829254714,17.082554911909074,17.124546785371855,5957800
2005-07-06,17.032167434692383,17.144147923611108,17.02376927179726,17.099355941628634,7746600
2005-07-07,16.976177215576172,17.009770935131904,16.866996826076225,16.992974609316583,10395800
2005-07-08,17.152544021606445,17.180538606503468,16.97337611524559,16.97337611524559,8564600
2005-07-11,17.281328201293945,17.300924632676065,17.144153181619103,17.180545943942803,7286600
2005-07-12,17.230932235717773,17.320516202010438,17.166543826690237,17.2729251871347,7835400
2005-07-13,17.281328201293945,17.34851672883651,17.214140741676797,17.230937072618374,5686800
2005-07-14,17.48848533630371,17.491284367776487,17.281321765792722,17.32891384423005,9578600
2005-07-15,17.6004638671875,17.6004638671875,17.418496928683147,17.5248772061134,7989400
2005-07-18,17.35411262512207,17.59206985776727,17.3429143612993,17.59206985776727,7942600
2005-07-19,17.30931854248047,17.44089438873265,17.256127329723657,17.412899800489658,10659200
2005-07-20,17.415691375732422,17.48847898268082,17.239323623047067,17.281315487433023,7015600
2005-07-21,17.295330047607422,17.376515894924637,17.186149596075985,17.3541204251384,7499200
2005-07-22,17.28691864013672,17.314913222910306,17.11054977847344,17.25052482819115,7391200
2005-07-25,17.31211280822754,17.379301296609313,17.25332354834648,17.258922678038694,6154000
2005-07-26,17.356908798217773,17.440893627204787,17.27012386977367,17.351309667228634,6649800
2005-07-27,17.30091667175293,17.376503329985493,17.244926435885297,17.359705938847725,5821400
2005-07-28,17.34011459350586,17.40730310980417,17.29252357323537,17.314919033384648,5843200
2005-07-29,17.172143936157227,17.362510142353212,17.158146640862707,17.314918056841627,7598000
2005-08-01,17.22813606262207,17.284126317826626,17.188943204356466,17.202940501176283,4878200
2005-08-02,17.278518676757812,17.331708805649907,17.202932029642874,17.228127578681185,5580400
2005-08-03,17.292640686035156,17.318050323592555,17.207942253176824,17.278524460058602,5798000
2005-08-04,17.210769653320312,17.292645293598405,17.157127549517057,17.292645293598405,6358400
2005-08-05,17.044193267822266,17.17406536416033,16.993373985994143,17.171241472392577,7680200
2005-08-08,17.041370391845703,17.092189673491298,16.939731828554514,17.047017098361785,4739600
2005-08-09,17.063949584960938,17.10347651538731,17.01877702718667,17.072420179980238,7410400
2005-08-10,17.027250289916992,17.21076336343956,16.965137609371467,17.07524566888479,8688600
2005-08-11,17.06960105895996,17.103481294506654,17.00466555632735,17.027252380025146,6420800
2005-08-12,16.98772430419922,17.06677710486372,16.939728922544845,17.03289794857834,4704200
2005-08-15,17.148651123046875,17.179706385167446,16.953843569297316,16.98772272242812,6040200
2005-08-16,16.928424835205078,17.19946006855233,16.928424835205078,17.165580933633493,6524000
2005-08-17,16.942550659179688,17.004663339251312,16.880439056106955,16.92843443470856,6829800
2005-08-18,17.035720825195312,17.06395327603662,16.919966053547608,16.94537569010437,5449800
2005-08-19,17.117597579956055,17.18535589728547,17.07807171534739,17.117597579956055,5422400
2005-08-22,17.128887176513672,17.286991686671783,17.080891799161435,17.171236925823536,6036200
2005-08-23,16.953845977783203,17.123243921499842,16.92561352566327,17.109126618440865,8539400
2005-08-24,16.792919158935547,16.967962736976837,16.792919158935547,16.93973028396984,10031200
2005-08-25,16.818330764770508,16.849387112910456,16.736455133674124,16.798567829954024,5754400
2005-08-26,16.598119735717773,16.92562128463636,16.595295843011854,16.818335978801105,10717000
2005-08-29,16.7364444732666,16.74491506636338,16.431530046744772,16.499288329528074,9488200
2005-08-30,16.598119735717773,16.736460322321584,16.56141666953738,16.736460322321584,9986200
2005-08-31,16.83244514465332,16.838091850695022,16.552940196082908,16.660224379878088,9824800
2005-09-01,16.86349868774414,17.004663084337007,16.66586831711435,16.83244234817389,11171000
2005-09-02,16.739274978637695,16.942550984320494,16.739274978637695,16.93972817017165,5735200
2005-09-06,17.007492065429688,17.010314880326856,16.804214928859064,16.835271277723933,5899800
2005-09-07,16.95949363708496,17.007490100786068,16.89738094653026,17.007490100786068,5596000
2005-09-08,16.88326644897461,16.900206569133488,16.72798578368204,16.742102011981512,8651200
2005-09-09,16.888917922973633,16.936914405138953,16.866332166718973,16.883271214660095,13154600
2005-09-12,16.88326644897461,16.92279231901281,16.798568002178587,16.91149998257274,8940400
2005-09-13,16.826797485351562,16.897379691375686,16.742099053522413,16.85503101396061,10214000
2005-09-14,16.711042404174805,16.880440341726388,16.705395698556522,16.826797176852182,10502400
2005-09-15,16.547300338745117,16.6094130539124,16.488011516266983,16.544476446055967,15864800
2005-09-16,16.931257247924805,16.93408006183977,16.651751282395292,16.660220801139005,20939000
2005-09-19,16.826797485351562,16.88608735693106,16.778802102214673,16.88326346557066,7762200
2005-09-20,16.722333908081055,16.934080498119727,16.69410146020877,16.835265853567886,11905000
2005-09-21,16.490814208984375,16.685620563842058,16.48799139673927,16.612215598489335,14770400
2005-09-22,16.600936889648438,16.64046275805488,16.39766084112971,16.403306470617082,12277000
2005-09-23,16.648927688598633,16.71950988015349,16.56422819713379,16.603755129083478,6879000
2005-09-26,16.55293846130371,16.742098247380696,16.52188211982864,16.705395200455705,7148800
2005-09-27,16.538822174072266,16.620696710291256,16.52188205778613,16.572701329645604,10178600
2005-09-28,16.408946990966797,16.62634026224459,16.408946990966797,16.544464664555797,9702000
2005-09-29,16.66021728515625,16.694097506978636,16.37506575197537,16.403298193162097,10643600
2005-09-30,16.535999298095703,16.612228210565036,16.49082672889154,16.606581504789638,8148000
2005-10-03,16.502117156982422,16.567052646161113,16.41741873966234,16.5162333803693,7618000
2005-10-04,16.31296157836914,16.629170684611058,16.30166924221698,16.504945293944893,9730600
2005-10-05,16.324251174926758,16.445652645421976,16.29601872564834,16.31295776441583,9008800
2005-10-06,16.44565200805664,16.533174320625974,16.276255164953454,16.29037138904558,9648200
2005-10-07,16.535999298095703,16.67434089709538,16.46259427701357,16.61787491634043,7177000
2005-10-10,16.33272361755371,16.533177920503984,16.327077988286693,16.521884507971752,10048000
2005-10-11,16.33836555480957,16.437181270124604,16.307309217910525,16.34683615023581,9535400
2005-10-12,16.34119415283203,16.4795346863249,16.267788048652918,16.332723554965767,9155000
2005-10-13,16.527523040771484,16.586811811746582,16.279073472925297,16.284720176398913,8234600
2005-10-14,16.65175437927246,16.71951377282044,16.555762533328917,16.609405700679115,7975400
2005-10-17,16.696928024291992,16.75904071596002,16.57552653257672,16.68563461180706,7193200
2005-10-18,16.629165649414062,16.761859444266214,16.60093212508469,16.696923953806902,10685200
2005-10-19,16.855026245117188,16.89172928342495,16.516231536657806,16.530347758468885,9381600
2005-10-20,16.691280364990234,16.880441243815056,16.61787534202774,16.855031605674377,12349200
2005-10-21,16.70257568359375,16.90585281192525,16.631993467034107,16.826799997019023,15356400
2005-10-24,16.934080123901367,16.934080123901367,16.79856243851122,16.826794885759604,9054600
2005-10-25,16.903026580810547,16.939729629901723,16.829621559627203,16.857854011544102,7473800
2005-10-26,16.86349868774414,16.93125807198822,16.83244234817389,16.860675873691786,7888200
2005-10-27,16.8239688873291,16.95666373367695,16.8239688873291,16.84090899867094,9985600
2005-10-28,17.126062393188477,17.126062393188477,16.840910821887718,16.852203153672843,10868000
2005-10-31,16.996196746826172,17.126067757523405,16.942553576799735,17.12324494294263,13614800
2005-11-01,16.908676147460938,16.99055177967152,16.852210157074353,16.945379202762094,11941200
2005-11-02,16.982723236083984,17.113731738524347,16.90867419631709,16.9172189848638,8252000
2005-11-03,16.945693969726562,17.07670243547157,16.880189736854057,16.959933831406357,10389800
2005-11-04,17.00834846496582,17.02828448602536,16.93429945551754,17.01689216358229,8273000
2005-11-07,17.170692443847656,17.202020800462357,17.062467508205636,17.09094723980148,6431000
2005-11-08,17.1336669921875,17.145059318779364,17.045378090748656,17.085251233820177,6620800
2005-11-09,17.210567474365234,17.284615441159396,17.11088731013611,17.1251271783928,6741000
2005-11-10,17.50105857849121,17.540930628755984,17.207712191026868,17.213408353412106,10906600
2005-11-11,17.700424194335938,17.708967896762815,17.444102257208183,17.529542540773384,12150800
2005-11-14,17.76877212524414,17.794404313386732,17.64345980900922,17.680484322200048,10287200
2005-11-15,17.51814842224121,17.79440636107591,17.42986060903741,17.78016649634291,10838600
2005-11-16,17.37004852294922,17.629217912528127,17.31878415257697,17.518144385767062,9411800
2005-11-17,17.76877212524414,17.780164450292386,17.358658201394647,17.358658201394647,9780400
2005-11-18,17.802949905395508,17.86560661338576,17.63206935724467,17.77162263783241,12561600
2005-11-21,18.002309799194336,18.01370212452268,17.748836536014352,17.76592502400687,11281200
2005-11-22,18.17888832092285,18.195975723177526,17.899781771200683,17.899781771200683,11893000
2005-11-23,18.301353454589844,18.426664694943387,18.09914347047025,18.127624285488785,9218600
2005-11-25,18.324140548706055,18.324140548706055,18.233004090557877,18.30135806381743,2334400
2005-11-28,18.164642333984375,18.381092118272733,18.164642333984375,18.32413050511087,10322600
2005-11-29,18.18173599243164,18.309896942441075,18.173192291241676,18.270024888311916,9595800
2005-11-30,17.899778366088867,18.198820885842,17.828577973087032,18.19027609990817,12234400
2005-12-01,17.922563552856445,18.084900366872883,17.896931367146912,18.05642064338754,7817800
2005-12-02,17.88554573059082,17.97098601942481,17.82858517589076,17.942506285290886,5053600
2005-12-05,17.9766788482666,17.98522363606721,17.771622410396258,17.885542412228222,5347400
2005-12-06,17.925413131713867,18.15325529126716,17.902629567617698,18.119078315475004,9467800
2005-12-07,17.800094604492188,17.942495361328124,17.6690861689467,17.91401564453356,7394800
2005-12-08,17.714664459228516,17.93111325489411,17.643464040249647,17.825736939006397,8688000
2005-12-09,17.83142852783203,17.9481971415404,17.691875264408903,17.751684426694183,6037600
2005-12-12,17.757375717163086,17.882689091016058,17.686175331630864,17.831424726518325,6328200
2005-12-13,17.999469757080078,18.116238424244862,17.7146680238555,17.72321172819387,7883800
2005-12-14,18.232999801635742,18.25008937736295,18.047879389881984,18.067815417510356,9934400
2005-12-15,18.144710540771484,18.264326696989954,18.116230813985737,18.230151893992605,7543200
2005-12-16,18.156105041503906,18.364011200392326,18.144712714851817,18.252936558750477,12464800
2005-12-19,18.12762451171875,18.287112732084925,18.093447533269984,18.156104240660706,7165600
2005-12-20,18.059268951416016,18.113380862918838,18.013700740036832,18.070661275868773,5788000
2005-12-21,18.136173248291016,18.284269183623724,18.05927665508039,18.184589018220493,8066200
2005-12-22,18.221614837646484,18.221614837646484,18.059277935943218,18.15041440404216,5297400
2005-12-23,18.2358455657959,18.270022539025028,18.19027735458891,18.261478838933673,3630400
2005-12-27,18.113391876220703,18.318449495322056,18.073519802824887,18.238705348530424,4331800
2005-12-28,17.9852237701416,18.158951855712843,17.976678982277296,18.1162322621194,5146000
2005-12-29,17.959592819213867,18.07351282975929,17.94250432873761,17.990920088772192,4514600
2005-12-30,17.894081115722656,17.962432876294617,17.780160066193858,17.894081115722656,5242800
2006-01-03,18.170345306396484,18.213065989065754,17.768775017747295,17.999464748583588,11016400
2006-01-04,17.959592819213867,18.124777214755966,17.865607751242596,18.113384887771794,10870000
2006-01-05,17.939651489257812,17.97382737367967,17.834274125440103,17.942499026946393,10158000
2006-01-06,18.045034408569336,18.09914633602384,17.877001375868097,17.988073855945967,8403800
2006-01-09,18.04218864440918,18.12763003010904,17.97383683956811,18.04218864440918,5619600
2006-01-10,18.027942657470703,18.0478786843197,17.91117403459859,17.97098211514558,7157800
2006-01-11,18.121923446655273,18.167491652495393,17.985218829134922,18.027938410992185,8047000
2006-01-12,17.911174774169922,18.10768859898426,17.90263107271957,18.059271755757532,10763600
2006-01-13,18.013696670532227,18.110529233641362,17.94819244937481,17.970976006701402,6365600
2006-01-17,17.828577041625977,17.98521876719163,17.7716175993458,17.919713452992326,10690400
2006-01-18,18.113391876220703,18.139024078608372,17.828590110327717,17.831438736388858,10780800
2006-01-19,17.83142852783203,18.124773831102157,17.81149250254757,18.116230130675074,8713400
2006-01-20,17.51529884338379,17.834276339257485,17.51529884338379,17.834276339257485,18166000
2006-01-23,17.546628952026367,17.640612926877285,17.515300598265387,17.51814813659274,7047400
2006-01-24,17.540935516357422,17.643464294996512,17.464038932378106,17.558024008274668,8232000
2006-01-25,17.657699584960938,17.694724097969047,17.503906456864392,17.563714533424637,8580800
2006-01-26,17.820043563842773,17.942508390565987,17.76308300245927,17.794411365541816,8598000
2006-01-27,17.857067108154297,17.99946796055356,17.677641729930183,17.820042582329446,7640000
2006-01-30,17.79155731201172,17.865605254195074,17.74314047231218,17.857061553367135,5756400
2006-01-31,17.760236740112305,17.825741010161277,17.717516044395293,17.728908374777486,11763400
2006-02-01,17.760234832763672,17.79757069131056,17.66258796118805,17.777467020300985,8224200
2006-02-02,17.605138778686523,17.745865494160636,17.576419577439054,17.705658174187263,9830600
2006-02-03,17.530473709106445,17.645351645777456,17.40985061569909,17.47590567578764,7532400
2006-02-06,17.533340454101562,17.576420353442053,17.42420551252171,17.47590095350336,7290000
2006-02-07,17.556324005126953,17.62237907487957,17.49026893537434,17.51898814985189,8095000
2006-02-08,17.6137638092041,17.648227086237707,17.458677419201152,17.518988427901913,5924400
2006-02-09,17.585039138793945,17.699918161180772,17.521855566924437,17.579295078117852,7052600
2006-02-10,17.7286376953125,17.788948690170287,17.55919173673521,17.59652758403328,6501200
2006-02-13,17.705656051635742,17.734375249440358,17.576417470380637,17.67693575826396,5401400
2006-02-14,17.99286460876465,18.14220585326312,17.743002817108703,17.777467192517193,8263600
2006-02-15,18.23410987854004,18.23410987854004,17.98712066432995,17.992864726935757,10144800
2006-02-16,18.3662166595459,18.380576265639885,18.09625124448097,18.193898099714893,8282600
2006-02-17,18.268566131591797,18.392060691194587,18.202511080385015,18.369084449609183,6829000
2006-02-21,18.239849090576172,18.334624460708884,18.119227087390204,18.32313633786231,6424800
2006-02-22,18.492589950561523,18.552900977055653,18.29729616380783,18.323143903100764,8381400
2006-02-23,18.492589950561523,18.61034161500456,18.300168743489348,18.466743306836737,8148800
2006-02-24,18.544273376464844,18.61894506169809,18.472474269046113,18.564377038896694,7995600
2006-02-27,18.521305084228516,18.650544847723552,18.48109774211072,18.541408755287414,6128800
2006-02-28,18.438013076782227,18.535661019040163,18.314519598724818,18.478220408554538,9832000
2006-03-01,18.57874298095703,18.60458961517863,18.469606904548982,18.50981424076179,8469600
2006-03-02,18.334623336791992,18.504069303904984,18.251336094611382,18.501196725585583,7875800
2006-03-03,18.32888412475586,18.438018027277458,18.214005064075536,18.29442084477893,6991800
2006-03-06,18.30015754699707,18.348980416030372,18.21112625600005,18.291540908792538,7712200
2006-03-07,18.521305084228516,18.558642038434904,18.22262150182436,18.300164702580638,10496800
2006-03-08,18.49832534790039,18.618947337233443,18.343237898418124,18.466733561484336,6629200
2006-03-09,18.354726791381836,18.541403843990928,18.323135003637997,18.481092846789572,5337200
2006-03-10,18.45237159729004,18.498324080249873,18.294413771601832,18.351853279734133,6338800
2006-03-13,18.48396110534668,18.558632785393524,18.426522699855084,18.455241902600882,5802800
2006-03-14,18.644804000854492,18.66778025627339,18.432279116070468,18.449510212066485,9241000
2006-03-15,18.639055252075195,18.664901888053453,18.506945111092055,18.595975334309127,5446200
2006-03-16,18.650535583496094,18.774030127553605,18.581606867416514,18.667766666948626,6533800
2006-03-17,18.684995651245117,18.759667323041683,18.653403874374817,18.751051782283326,9776600
2006-03-20,18.705102920532227,18.745310245921733,18.61032976276262,18.69074441354163,3767200
2006-03-21,18.63330841064453,18.78839478590669,18.578742564798258,18.72521120437743,8162200
2006-03-22,18.77403450012207,18.81424183163229,18.380574537617512,18.380574537617512,7438200
2006-03-23,18.65915870666504,18.73383041719058,18.561510748110777,18.725212680828097,5277400
2006-03-24,18.662029266357422,18.693618865059637,18.567253896844658,18.618949353748405,5661600
2006-03-27,18.647661209106445,18.679252986481924,18.56724657256323,18.56724657256323,4370400
2006-03-28,18.397809982299805,18.63044067385821,18.33749897075081,18.63044067385821,12745600
2006-03-29,18.438013076782227,18.547149141137286,18.294415932838664,18.374830596383287,8398400
2006-03-30,18.41790771484375,18.524171191105218,18.348981179743497,18.438011378878617,7766800
2006-03-31,18.34323501586914,18.501192827559567,18.314515812131756,18.460985504100265,7081600
2006-04-03,18.4753475189209,18.58160879943967,18.357595926726102,18.374828107537713,8248200
2006-04-04,18.63043975830078,18.742446230121104,18.455249699066812,18.475353368595187,7475600
2006-04-05,18.705102920532227,18.788390149163313,18.630433425457372,18.67351113756406,6983200
2006-04-06,18.650535583496094,18.667766666948626,18.53278400354452,18.6275593448029,4383200
2006-04-07,18.486831665039062,18.73956368920382,18.397799297770252,18.650533513069487,6489800
2006-04-10,18.49832534790039,18.65915466701113,18.472476526680374,18.535660099512487,4753800
2006-04-11,18.489707946777344,18.595971429468683,18.443757650975126,18.547148555449088,6077400
2006-04-12,18.492589950561523,18.570134264008473,18.417918216796092,18.524181753649348,4091200
2006-04-13,18.567245483398438,18.601707644961383,18.43226284091855,18.492573814788088,5030000
2006-04-17,18.51268196105957,18.639049093785854,18.423651767257823,18.52417008141059,6532600
2006-04-18,18.684995651245117,18.719460005413026,18.323128697019968,18.440879168175563,10444200
2006-04-19,18.59022331237793,18.684996455935863,18.547143415596373,18.684996455935863,6701600
2006-04-20,18.6763858795166,18.791264904427305,18.555763889371182,18.581610519630136,7559400
2006-04-21,18.6763858795166,18.79700786966202,18.581610519630136,18.79413748261224,7587400
2006-04-24,18.696491241455078,18.759674820447337,18.587357363009133,18.67638757460621,5664800
2006-04-25,18.693620681762695,18.73957317731422,18.604590460551105,18.667774046366656,9045600
2006-04-26,18.840089797973633,18.84583495495951,18.710852250551408,18.710852250551408,8547800
2006-04-27,19.29098892211914,19.40586796357977,18.759675820391127,18.782652066910348,14258200
2006-04-28,19.7275333404541,19.84815537548556,19.199090505674043,19.245043009192297,17036400
2006-05-01,19.52935791015625,19.77347444580621,19.48915058386731,19.77347444580621,13684800
2006-05-02,19.497770309448242,19.62126489272538,19.434586728543366,19.5494657673581,9664400
2006-05-03,19.49199104309082,19.55276758899039,19.379119999556064,19.497780547299673,6397400
2006-05-04,19.732196807861328,19.75824294225992,19.56433658157702,19.56433658157702,7822400
2006-05-05,19.931896209716797,19.957942348740357,19.790082092649378,19.819025191184547,7290600
2006-05-08,19.792970657348633,20.0389714616653,19.737981436978092,19.888477553345556,6428800
2006-05-09,19.766929626464844,19.85954179579794,19.737986529509016,19.764034875159602,5520200
2006-05-10,19.66562271118164,19.856636450548365,19.578800090780764,19.792965204092788,7143800
2006-05-11,19.529605865478516,19.66273568722309,19.399368586259364,19.628005304488436,7774600
2006-05-12,19.43699073791504,19.645366378214757,19.410942402847954,19.5353901618304,7781200
2006-05-15,19.581701278686523,19.68010072243574,19.439887198392174,19.448569242482066,9386200
2006-05-16,19.656936645507812,19.71482058863804,19.52380688837827,19.60773694988211,5938800
2006-05-17,19.23729705810547,19.651158050412473,19.144684916164977,19.5498638651725,10174000
2006-05-18,19.005769729614258,19.24598328399263,19.005769729614258,19.16494791818983,10211200
2006-05-19,19.118637084960938,19.228615524463017,19.017342897036148,19.017342897036148,11928600
2006-05-22,19.2864933013916,19.46303551017226,19.101269050875377,19.118633134346513,11066200
2006-05-23,19.358844757080078,19.587481402635373,19.315432344472637,19.396467670381448,9861800
2006-05-24,19.39069366455078,19.55855393068302,19.26624584076978,19.3038687798483,13867600
2006-05-25,19.416730880737305,19.53249660444906,19.245978149499297,19.53249660444906,7225400
2006-05-26,19.463043212890625,19.53539653338464,19.347277458490574,19.526714488213056,7154800
2006-05-30,19.173627853393555,19.382005747125643,19.15336901417226,19.335698567163902,8249600
2006-05-31,19.208356857299805,19.315438339178485,19.03760190352787,19.25755657643583,14804400
2006-06-01,19.581701278686523,19.593275865441154,19.20835792648634,19.24598085355848,11070400
2006-06-02,19.720613479614258,19.76981318921276,19.587483684675636,19.648260186188008,11030600
2006-06-05,19.48908233642578,19.749554638098502,19.477507752393496,19.648260467461142,7216600
2006-06-06,19.57880401611328,19.59616810206534,19.295178099960182,19.515132756892328,10172200
2006-06-07,19.746660232543945,19.98397892766076,19.584587366772308,19.59037686628939,12921000
2006-06-08,20.047653198242188,20.065019493278736,19.535392759641457,19.62221761068116,16089400
2006-06-09,20.004249572753906,20.16921507765214,19.882694299632778,20.120013134890737,9589400
2006-06-12,20.030284881591797,20.174991464069453,19.859532174130823,20.004238756608483,8986000
2006-06-13,19.410945892333984,19.940572650752117,19.318333743980634,19.93767790010263,18554200
2006-06-14,19.254663467407227,19.439887773631945,18.91315573879642,19.39358280109972,15514400
2006-06-15,19.367528915405273,19.416728624650666,19.101269327438985,19.272022038836734,13550800
2006-06-16,19.289390563964844,19.367531157810816,19.15915329682485,19.26623697762251,11961200
2006-06-19,19.23440170288086,19.419625980937955,19.16494315062134,19.347272678320415,7249400
2006-06-20,19.240190505981445,19.361743520040196,19.150470912516425,19.150470912516425,7897200
2006-06-21,19.2864933013916,19.46014076024466,19.23439884293096,19.240188342786166,7764800
2006-06-22,19.219934463500977,19.26045214074225,19.115745519724044,19.179414578211897,6289000
2006-06-23,18.959461212158203,19.07811948762629,18.881318403977634,19.075226945136418,10360000
2006-06-26,19.05786895751953,19.09549410676615,18.890008681931132,18.985515618874395,7111000
2006-06-27,18.852378845214844,19.043392649235425,18.852378845214844,19.043392649235425,8223400
2006-06-28,19.173627853393555,19.251768459519152,19.028921228084922,19.08391045227752,11937000
2006-06-29,19.50644874572754,19.616424959073303,18.887104718056598,19.173623147593805,9938800
2006-06-30,19.413837432861328,19.656943454072824,19.408047932519672,19.51223685819529,7969400
2006-07-03,19.518030166625977,19.529606961520575,19.364641498356296,19.422523264781432,2963400
2006-07-05,19.35596466064453,19.480412493372626,19.30676491953193,19.47751994957685,6975600
2006-07-06,19.535396575927734,19.54118387003869,19.36464379905309,19.37332584424358,6018600
2006-07-07,19.711933135986328,19.827698857051658,19.47750915166345,19.54696770108366,9838000
2006-07-10,19.775606155395508,19.83059316656524,19.729298979623444,19.781393448343177,4874200
2006-07-11,19.92609214782715,19.93188164652346,19.61352545963025,19.73797318503938,7012400
2006-07-12,19.703250885009766,20.010028165749254,19.68877934201179,19.926098074065397,10465800
2006-07-13,19.67720603942871,19.83059470700547,19.616429522542518,19.62511156666228,12563400
2006-07-14,19.613540649414062,19.720624377759265,19.535400020871915,19.67721193610318,7958800
2006-07-17,19.839275360107422,19.955038871433953,19.60774392135948,19.616425963904224,9472000
2006-07-18,19.75244903564453,19.93188599760528,19.6366833249617,19.694567284326755,11284600
2006-07-19,20.499141693115234,20.519400532951202,19.853749153115867,19.911633129824295,23302400
2006-07-20,20.487564086914062,20.834859101227593,20.487564086914062,20.539658559865877,15528000
2006-07-21,20.60332489013672,20.736454687320755,20.403629090337,20.403629090337,18395400
2006-07-24,20.510711669921875,20.695935917717435,20.45861721222642,20.61490058531278,9715800
2006-07-25,20.461519241333008,20.51940322563734,20.313920049465473,20.409424759483223,9140800
2006-07-26,20.50782012939453,20.571491388547297,20.36021877481744,20.39784390507001,9591400
2006-07-27,20.279186248779297,20.620693970578866,20.24156332134424,20.565704746748676,9789400
2006-07-28,20.956424713134766,21.00562445969875,20.46152587118284,20.46152587118284,14244400
2006-07-31,20.93614959716797,20.99982085375314,20.79144299876438,20.82617337727833,11020400
2006-08-01,20.99403953552246,21.034557217961574,20.76829753106223,20.92747350977358,7252400
2006-08-02,21.116527557373047,21.195276057836434,20.903611318715882,21.031944516001044,9775200
2006-08-03,21.189455032348633,21.250704393171876,21.00278967787021,21.11653880871717,9832400
2006-08-04,21.29153060913086,21.51902879932927,21.23903085560616,21.34403036265556,10971600
2006-08-07,21.110700607299805,21.294450883161602,21.046536210810814,21.291533611658323,7244000
2006-08-08,20.84528923034668,21.198203466438517,20.751956558200295,21.11362038461423,12422400
2006-08-09,20.33778953552246,20.9590348211352,20.27070564565321,20.88903588513437,15922800
2006-08-10,20.256120681762695,20.273622083963307,20.00820603197599,20.270704812725544,13050800
2006-08-11,20.29696273803711,20.323213740571905,20.110297348647112,20.1598820811624,6047800
2006-08-14,20.212369918823242,20.760698898030867,20.124869595708162,20.73153286540106,6539400
2006-08-15,20.399038314819336,20.912366798170414,20.38737145493963,20.906534480843558,8049500
2006-08-16,20.55071449279785,20.63821487803418,20.463216332788754,20.59154741251421,7873400
2006-08-17,20.562368392944336,20.64403418088018,20.451536570063666,20.614868145935354,5339700
2006-08-18,20.49820327758789,20.865701575357576,20.416537483689293,20.614869651111313,6990000
2006-08-21,20.539031982421875,20.585699412396593,20.422365632710616,20.486532236313085,6733700
2006-08-22,20.346532821655273,20.603196990969224,20.34069828074736,20.603196990969224,8289800
2006-08-23,20.36404037475586,20.39904095893173,20.171542724854266,20.352373513363904,7197400
2006-08-24,20.539031982421875,20.556533381275162,20.399034142948793,20.416533316576544,7025200
2006-08-25,20.35820198059082,20.539032715129956,20.294035374699277,20.474866109238413,4387700
2006-08-28,20.486530303955078,20.544864585921193,20.352364793271008,20.41653139082107,4224000
2006-08-29,20.329029083251953,20.49236283148496,20.19486358574902,20.49236283148496,6449700
2006-08-30,20.23571014404297,20.416543184761004,20.23571014404297,20.28820991552713,5045600
2006-08-31,20.270709991455078,20.358210349134705,20.23570940333792,20.35237580516858,11055800
2006-09-01,20.311538696289062,20.358206137457444,20.206539178886278,20.34653927716535,6150900
2006-09-05,20.3173770904541,20.439875808903118,20.27070964043934,20.334876271596393,6165500
2006-09-06,20.439870834350586,20.55653720576733,20.241538670509904,20.317372145714682,8283200
2006-09-07,20.224042892456055,20.4982086077436,20.16571080313923,20.43987651842677,6723800
2006-09-08,20.404870986938477,20.47486992220783,20.130705338063294,20.47486992220783,6596700
2006-09-11,20.439870834350586,20.480703730562553,19.955706171800177,20.47486918811744,5197800
2006-09-12,20.6148681640625,20.679034776133037,20.439869729013832,20.52736783392525,8839300
2006-09-13,20.69654083251953,20.731541421255347,20.498208613469718,20.609042698519847,6318700
2006-09-14,20.789875030517578,20.81904107731644,20.568209069438087,20.696542345625172,7104900
2006-09-15,20.924030303955078,21.011530626413684,20.83653220672211,20.95319633636607,12860300
2006-09-18,20.871532440185547,20.988198805589896,20.67903482871033,20.865700123266954,7045800
2006-09-19,20.98236083984375,20.988193155192178,20.784028739618662,20.9123597043112,4750900
2006-09-20,21.174861907958984,21.233196197234854,20.999863490582584,20.999863490582584,7031200
2006-09-21,21.058204650878906,21.2857051394869,20.92987360948967,21.239037687907853,6262000
2006-09-22,21.00570297241211,21.16320226934508,20.947370888463468,21.16320226934508,3550400
2006-09-25,21.215702056884766,21.285703227967016,21.029036717784827,21.169036834722963,6484300
2006-09-26,21.26820182800293,21.279868689852947,21.145703116417323,21.279868689852947,6973500
2006-09-27,21.1048641204834,21.26819568878403,21.052364369925947,21.262363372155747,5727500
2006-09-28,21.069868087768555,21.209868194514808,21.040702047887397,21.145701571640533,5447100
2006-09-29,21.1048641204834,21.25652883030174,21.05819668655423,21.087364945372823,5432100
2006-10-02,21.029033660888672,21.186532935089225,20.900702649678845,21.186532935089225,4577500
2006-10-03,21.28569984436035,21.326532741720957,21.029033374978244,21.029033374978244,6904600
2006-10-04,21.36737060546875,21.425702693763082,21.104871757691193,21.163203845985525,7836700
2006-10-05,21.297361373901367,21.419862273348162,21.23319699113723,21.349861123599794,4114600
2006-10-06,21.198198318481445,21.262364932229257,21.116532528339103,21.21569749487598,4834400
2006-10-09,21.239038467407227,21.244870786455376,21.104872877033277,21.151538105098428,2392000
2006-10-10,21.1632080078125,21.3323742124504,21.134041957929718,21.239041517689312,4296700
2006-10-11,21.128198623657227,21.22153126976287,21.011532259718717,21.16319697518071,4630000
2006-10-12,21.174861907958984,21.256527687719597,21.081529270343196,21.21569479783929,5446500
2006-10-13,21.192367553710938,21.268198807125614,21.09320035468443,21.134033252746505,6359300
2006-10-16,21.116527557373047,21.204025643973992,20.994028900996504,21.192361012607492,7133700
2006-10-17,21.279870986938477,21.39653739280598,20.854040496964714,21.11653935385994,8750900
2006-10-18,21.47236442565918,21.5540302176111,21.285699122561663,21.42569698727183,6670400
2006-10-19,21.431541442871094,21.478206677617568,21.17487486347109,21.38487398289765,7139800
2006-10-20,21.36737060546875,21.577369683690797,21.285704791766072,21.530702232874106,11002100
2006-10-23,21.39070701599121,21.437374477520645,21.192376980172245,21.26820826731701,4544800
2006-10-24,21.262367248535156,21.34986536526569,21.12820168936743,21.291533287445333,7779500
2006-10-25,21.227371215820312,21.314871576528667,21.017372130301553,21.262371805148977,7103600
2006-10-26,21.250701904296875,21.27986794528823,21.046537392131075,21.192369822314156,6275300
2006-10-27,21.186534881591797,21.361533349483853,21.145701979924524,21.25070150570501,8199100
2006-10-30,21.198198318481445,21.30903014435664,21.122364845395317,21.274031791567573,5850600
2006-10-31,21.169034957885742,21.425699220085825,21.104868336029178,21.285701340786204,11531700
2006-11-01,21.157278060913086,21.339514911135197,21.027946947184876,21.339514911135197,7279600
2006-11-02,21.086727142333984,21.221935888763248,21.00442636124905,21.086727142333984,6738800
2006-11-03,21.163156509399414,21.298365295772683,21.122006106700105,21.145521263250785,6358200
2006-11-06,21.363035202026367,21.39830794402977,21.174918396399974,21.221946476541966,7950800
2006-11-07,21.392423629760742,21.49823959146427,21.280730000197572,21.36890847326468,6877000
2006-11-08,21.633441925048828,21.703985130967773,21.368902099692683,21.421810064763914,6838200
2006-11-09,21.592304229736328,21.692242552530157,21.510003400688117,21.692242552530157,5831000
2006-11-10,21.557025909423828,21.645206627757297,21.445332276393074,21.598178555833915,5366300
2006-11-13,21.451213836669922,21.721631437980097,21.39242593908358,21.58054272630188,6552100
2006-11-14,21.580537796020508,21.703988988954716,21.27484752599641,21.474721847068764,5911000
2006-11-15,21.298370361328125,21.586425491262418,21.233704786698222,21.533517497704253,9744200
2006-11-16,21.45708656311035,21.533509691106115,21.368905858305354,21.521752114296884,7102800
2006-11-17,21.32187843322754,21.457087206797084,21.315998523382294,21.339513677706183,11406500
2006-11-20,21.257219314575195,21.345400048717458,21.186676072778923,21.321884887275623,5877200
2006-11-21,21.03382682800293,21.280731503596922,21.027949159728056,21.257216345439605,7766300
2006-11-22,20.875099182128906,21.05733826182275,20.81631353966174,20.963279888358173,9128900
2006-11-24,20.91037368774414,21.004432069191246,20.739892170581037,20.775164904571966,3660000
2006-11-27,20.692861557006836,20.9103711168871,20.663468736892494,20.845705567118486,10366100
2006-11-28,20.639955520629883,20.663470675939376,20.516504319047996,20.639955520629883,9385700
2006-11-29,20.8457088470459,20.86922400384869,20.663471988146203,20.66934965608251,5941700
2006-11-30,20.716386795043945,20.85747329728642,20.569420380399144,20.845715715011295,6475300
2006-12-01,20.71050453186035,20.863350841558393,20.581173384043435,20.828078098736707,8862600
2006-12-04,20.863346099853516,20.939766994804756,20.692864578755355,20.710499824893525,8880800
2006-12-05,20.88097381591797,20.9103666297249,20.75752265241209,20.869216241889607,8803800
2006-12-06,20.88097381591797,20.975032165616916,20.875093907639815,20.93975944353183,5104800
2006-12-07,20.863346099853516,21.045582956691288,20.816315786780056,20.95740448347168,5952900
2006-12-08,20.82807159423828,20.916252302489486,20.698740486810795,20.810436349599467,8873800
2006-12-11,20.8045654296875,20.93389659300106,20.76929492516892,20.828080594386243,7216500
2006-12-12,20.775157928466797,20.85158103852062,20.68697724436408,20.763400354417904,12805500
2006-12-13,20.78104591369629,20.863348972908653,20.74577541656291,20.78104591369629,10873500
2006-12-14,20.91037368774414,20.975039245463158,20.751649748578014,20.822192974031168,14117700
2006-12-15,20.957401275634766,21.02794449191853,20.828070177007522,20.928006213198817,19638400
2006-12-18,21.022066116333008,21.05146118091382,20.88685734086987,21.010310781534976,10313500
2006-12-19,21.09848403930664,21.20429996659576,20.98679044606947,20.992668112017522,10087800
2006-12-20,21.092618942260742,21.192555020624795,21.074981448850515,21.11613186259211,6413300
2006-12-21,21.09848403930664,21.198422300647707,21.08084879893446,21.09848403930664,5323400
2006-12-22,21.069107055664062,21.163165479203784,20.88099020858463,21.045591889146706,4564000
2006-12-26,21.127878189086914,21.145515673101556,20.998549347305804,21.02206225511172,5115000
2006-12-27,21.19254493713379,21.257210482968006,21.13375930048175,21.1513945429717,5199700
2006-12-28,21.11612892150879,21.216067228482657,21.063223176234974,21.192552068897154,4328300
2006-12-29,20.90448760986328,21.110239535711937,20.857457316796275,21.057331577275455,5992100
2007-01-03,21.010313034057617,21.169034738662006,20.792801193988698,21.12200666684225,12447600
2007-01-04,21.045591354370117,21.174922524399513,20.892747260950543,21.01032084802003,11060500
2007-01-05,20.92799949645996,21.063210461190465,20.875091540595584,21.03969531580014,10329200
2007-01-08,20.86922836303711,21.09849558343199,20.8045627895864,20.933893936487816,11650400
2007-01-09,20.922128677368164,21.074972687362415,20.857463127649222,20.916251010361183,10159800
2007-01-10,20.857473373413086,20.95741170185166,20.792807791928634,20.82220062645897,9801800
2007-01-11,20.892742156982422,20.951527814891364,20.83983416785273,20.83983416785273,7089700
2007-01-12,20.875099182128906,20.998552619355582,20.810435872426428,20.892736668891867,10251800
2007-01-16,21.298370361328125,21.457094342002616,21.016195143194345,21.05146788640955,15186000
2007-01-17,21.32187843322754,21.44532962963514,21.192547326974697,21.345393587551428,11854100
2007-01-18,21.28072738647461,21.39242100231944,21.24545465606275,21.321877784024203,8292400
2007-01-19,21.18667221069336,21.357153736276,21.08673391404778,21.33363857912071,10649900
2007-01-22,21.01618766784668,21.19842674584316,20.91625162807759,21.139638861395024,13683900
2007-01-23,21.169042587280273,21.192557753173023,20.904504819840593,21.045591330137803,8460900
2007-01-24,21.492366790771484,21.533517202694153,21.133768421848885,21.14552600275954,10893500
2007-01-25,21.210187911987305,21.539391150491696,21.17491517534946,21.433575183107035,8555000
2007-01-26,21.180801391601562,21.298374985315462,21.06323004041744,21.2395893097234,10103800
2007-01-29,21.133766174316406,21.2337022376351,21.0749782760151,21.11025101499588,13256200
2007-01-30,21.104372024536133,21.227823239442856,21.051464040643413,21.216065660519043,9689100
2007-01-31,21.282114028930664,21.32951403388114,21.015496911632457,21.02142078217295,8536500
2007-02-01,21.252483367919922,21.38283107974433,21.104361789994332,21.28803336027819,7875600
2007-02-02,21.246572494506836,21.359144148927385,21.19324860343241,21.25249636677853,6222200
2007-02-05,21.145843505859375,21.240641260539192,21.128069633155892,21.205093515132234,15495800
2007-02-06,21.270259857177734,21.341357582951723,21.181386004843283,21.205086000153262,9657100
2007-02-07,21.2584228515625,21.35322063058193,21.187322822179926,21.276196728829476,9411400
2007-02-08,21.068819046020508,21.216940659015194,20.95032130359347,21.216940659015194,11147500
2007-02-09,20.9503173828125,21.240634424262623,20.87329352562621,20.98586511677846,12378900
2007-02-12,21.09250831604004,21.11028443936724,20.956236758027707,21.021410603197854,8153500
2007-02-13,21.252483367919922,21.34728108738606,21.074737926440395,21.092511792541575,10409500
2007-02-14,21.335447311401367,21.44802124271523,21.22287564024513,21.258425659632294,10671900
2007-02-15,21.335447311401367,21.5428190342567,21.3176734317866,21.459871249177617,6591900
2007-02-16,21.18732261657715,21.495415960439875,21.062900956601037,21.48949208812748,11446000
2007-02-20,21.2939510345459,21.311727155631942,21.09250565676104,21.193229475731098,7986600
2007-02-21,21.4361629486084,21.495410697856354,21.222867435064952,21.293965186193848,12414900
2007-02-22,21.453943252563477,21.465793257996676,21.293971569451454,21.40654549098812,10513900
2007-02-23,21.11029624938965,21.45393727050431,21.056972369887415,21.430237266246248,15818200
2007-02-26,21.133991241455078,21.222865115771384,20.985869624365577,21.181391243798846,11862000
2007-02-27,20.375608444213867,21.0332687585717,20.02604135190459,20.825899407268068,15744000
2007-02-28,20.559274673461914,20.7488701050661,20.263031529060896,20.44077696367034,19013100
2007-03-01,20.53557777404785,20.683699368569304,20.268958451878007,20.44078004396037,18585400
2007-03-02,20.405237197875977,20.73703049952488,20.38153945216724,20.500034961181814,14720900
2007-03-05,20.162317276000977,20.529660577117525,20.13269339949981,20.14454340213166,15652700
2007-03-06,20.53557777404785,20.588901638481822,20.26303458256586,20.411156177087314,14467900
2007-03-07,20.334138870239258,20.57705827315848,20.316364996416866,20.452636636087952,10505800
2007-03-08,20.446706771850586,20.60667838751753,20.411159030695586,20.511880644176728,9772400
2007-03-09,20.440780639648438,20.64222610447441,20.428930640522648,20.60667610709704,10890000
2007-03-12,20.458555221557617,20.464481351405247,20.156388143861555,20.268959749247085,8307700
2007-03-13,19.83052635192871,20.405236791712124,19.800900215107813,20.29858902759625,21867900
2007-03-14,19.937170028686523,20.073441641529072,19.557976800593163,19.83644615649028,26108800
2007-03-15,20.203792572021484,20.470411999543746,19.860151512226064,19.91939926938343,20471200
2007-03-16,20.114925384521484,20.470416526393482,20.091225372354668,20.221573179114596,21731600
2007-03-19,20.29265785217285,20.40522944703966,20.197860124875515,20.197860124875515,12432400
2007-03-20,20.505958557128906,20.541506301374955,20.2630391774353,20.2926630510259,10092400
2007-03-21,21.021425247192383,21.06882526221078,20.34006698248133,20.535586394039417,16124700
2007-03-22,20.73110008239746,21.074741018319376,20.511878487593293,20.766647819815034,13373700
2007-03-23,20.71332550048828,20.837747111054586,20.62445389015081,20.748875500717116,9270700
2007-03-26,20.54743003845215,20.737025519532505,20.3933822974766,20.642227778992325,11924600
2007-03-27,20.381540298461914,20.70740748209677,20.375614166670942,20.440788055429323,14390400
2007-03-28,20.22749137878418,20.40523689986711,20.191943630661747,20.334139143465322,18239700
2007-03-29,20.464487075805664,20.54743483562443,20.280815421809148,20.440787070098317,10156800
2007-03-30,20.39930534362793,20.606674663410562,20.239333756871584,20.440779207584455,12506300
2007-04-02,20.150466918945312,20.411162451946797,20.103069169408496,20.39338631823324,19070700
2007-04-03,20.446706771850586,20.470406772724907,20.20378741328,20.20378741328,11247100
2007-04-04,20.345993041992188,20.470414704558298,20.322293031934638,20.470414704558298,8783800
2007-04-05,20.405237197875977,20.428937203741675,20.2571155514508,20.263041682995706,8935200
2007-04-09,20.363767623901367,20.39931764021748,20.274895973347245,20.387467634778776,10389300
2007-04-10,20.3874568939209,20.428930761027694,20.316359158903,20.375606894725205,10856200
2007-04-11,20.245264053344727,20.464485701176827,20.245264053344727,20.39931181993792,16288300
2007-04-12,20.345993041992188,20.399316934543002,20.162321354282202,20.245269129326275,13058300
2007-04-13,20.517807006835938,20.582980879900166,20.203787642086144,20.233413773592797,11352900
2007-04-16,21.039188385009766,21.039188385009766,20.559275908744794,20.618523637122507,16418600
2007-04-17,20.885141372680664,21.240632236663973,20.79034365827473,21.14583452225804,15190100
2007-04-18,21.299894332885742,21.376918225938653,20.825905491323738,20.97402714557168,17211900
2007-04-19,21.41246223449707,21.459862240448366,21.092518974795883,21.240640603158653,11740400
2007-04-20,21.50726318359375,21.619837084385395,21.34136765841493,21.57836094293367,20674700
2007-04-23,21.34136199951172,21.578355221189028,21.335435869379847,21.548731350998917,9400400
2007-04-24,21.199161529541016,21.329509253786338,21.086589933246685,21.299885387409528,11667100
2007-04-25,21.49541473388672,21.525040874230125,21.228797552053486,21.228797552053486,17424400
2007-04-26,21.370975494384766,21.542797022289392,21.056958554538976,21.056958554538976,15068300
2007-04-27,21.2939510345459,21.376900992585167,21.211003336661882,21.311727155631942,8692500
2007-04-30,21.264341354370117,21.465786866438087,21.246567481591306,21.41838911897567,19273800
2007-05-01,21.35321044921875,21.418384314998743,21.163614981580363,21.347284319517158,10277400
2007-05-02,21.311416625976562,21.454727804389215,21.281560794847984,21.35321524512736,8231300
2007-05-03,21.40098762512207,21.484584868220146,21.317390382023998,21.32933317073144,6225100
2007-05-04,21.44875717163086,21.556239995498945,21.347246881229946,21.472642749791344,8103300
2007-05-07,21.538330078125,21.59804175434212,21.442790029464945,21.448760285944882,8388900
2007-05-08,21.38306427001953,21.538315892645503,21.33529313822512,21.418890341012403,9384100
2007-05-09,21.562211990356445,21.627896189729984,21.32933330374411,21.347246347989966,11187600
2007-05-10,21.138242721557617,21.514430130671947,21.138242721557617,21.514430130671947,11804500
2007-05-11,21.20989990234375,21.377094328163842,21.150185980369997,21.209899902343754,13532500
2007-05-14,21.07853126525879,21.377094037508495,21.048675443604452,21.263641004080753,12078800
2007-05-15,21.144216537475586,21.400980717170487,21.07853235971364,21.16810210718053,11736100
2007-05-16,21.627901077270508,21.63387133408362,21.156171064124834,21.29948000618519,13810700
2007-05-17,21.63983917236328,21.675665261175926,21.496527983550486,21.526383816845716,9456600
2007-05-18,21.747316360473633,21.75925914751945,21.663719129006612,21.69954749014407,11731400
2007-05-21,21.681636810302734,21.789119627569598,21.574153993035875,21.76523405087608,15405800
2007-05-22,21.496524810791016,21.68760484910308,21.47861176902855,21.65177648772442,12812300
2007-05-23,21.550268173217773,21.60997983642395,21.436815101984465,21.532355129826712,14520200
2007-05-24,21.520410537719727,21.741346406487907,21.49055470861923,21.532353324930675,14604100
2007-05-25,21.574159622192383,21.580129878996548,21.43682093715103,21.538331247803725,7717100
2007-05-29,21.586091995239258,21.675659471199783,21.51443528104668,21.586091995239254,9657300
2007-05-30,21.633865356445312,21.6458081446262,21.46667087762077,21.53235507368868,9801600
2007-05-31,21.550268173217773,21.675664032663107,21.4905565100116,21.60400958124491,10211900
2007-06-01,21.73537826538086,21.777176885756848,21.526382885646946,21.5502684623915,9860900
2007-06-04,21.615943908691406,21.73536946621296,21.580115558079026,21.73536946621296,7486000
2007-06-05,21.442779541015625,21.59206093639386,21.347239539087685,21.562205112888876,13274400
2007-06-06,21.2517032623291,21.400984683874587,21.19796185945858,21.400984683874587,11550300
2007-06-07,20.935222625732422,21.335295651296782,20.923279841377084,21.233785401056227,12456600
2007-06-08,21.102415084838867,21.126300651324065,20.923277891905858,20.929248144600663,10598900
2007-06-11,21.186017990112305,21.311413831119815,21.024793789736815,21.06062214910479,7012700
2007-06-12,21.006887435913086,21.28753731233164,20.9889743894538,21.084514433660537,12201500
2007-06-13,21.460697174072266,21.48458274913125,21.024795679587992,21.078537084543797,10914500
2007-06-14,21.43083953857422,21.55623538028825,21.144219495576316,21.16810506862288,7805400
2007-06-15,21.478620529174805,21.777183495539294,21.466677737177665,21.49653357824318,13530400
2007-06-18,21.580120086669922,21.651774525078324,21.43681120985311,21.574149832574857,8271400
2007-06-19,21.723430633544922,21.75925671281999,21.51443530040868,21.586092014665745,10029000
2007-06-20,21.305444717407227,21.77120202485725,21.299472184932686,21.765231770236436,11947500
2007-06-21,21.27558135986328,21.365148814602822,21.096444172531275,21.305437178109795,9491900
2007-06-22,20.91133689880371,21.2397554936044,20.905364367744628,21.180043850132705,18177800
2007-06-25,20.947172164916992,21.144222475689798,20.881487968708075,20.89940101209089,14861400
2007-06-26,20.935222625732422,21.15018591056887,20.905364525917477,21.084504013394326,11361000
2007-06-27,21.096450805664062,21.12033410105889,20.714288467249503,20.785945186994905,13528900
2007-06-28,21.066587448120117,21.281552998056537,20.92327860006455,21.096445546163675,9297300
2007-06-29,21.000904083251953,21.586089115146557,20.869538013799815,21.1979566042099,14624700
2007-07-02,21.203929901123047,21.28752940186081,21.078534066796635,21.15018850386123,6758900
2007-07-03,21.305444717407227,21.43681309760235,21.215874953118963,21.341273078693277,3654400
2007-07-05,21.090482711791992,21.34127672797173,20.96508684262918,21.239764159229846,7500800
2007-07-06,21.096450805664062,21.138249419922058,20.98299547166066,21.042709404781828,8711000
2007-07-09,20.971054077148438,21.25170388681408,20.947170780168175,21.138250823133014,10523600
2007-07-10,20.56500816345215,20.899399373454777,20.499326250247023,20.899399373454777,21159600
2007-07-11,20.85162353515625,20.899394673493795,20.50529189362204,20.5411202473752,16253500
2007-07-12,21.16213035583496,21.186015926420296,20.851624771785772,20.988965663724752,18310100
2007-07-13,21.221853256225586,21.263651883498305,21.072571793721785,21.102427630651675,9719500
2007-07-16,21.168102264404297,21.50249113134395,21.168102264404297,21.287527835962738,10034300
2007-07-17,21.2517032623291,21.48458191548346,21.138250201981876,21.377099109742417,15446500
2007-07-18,21.13227653503418,21.19199046715886,20.89342764009626,21.168104894308986,19774000
2007-07-19,21.221853256225586,21.34724913804374,21.00091505166483,21.221853256225586,14956400
2007-07-20,20.732208251953125,21.29350567707706,20.690409628691455,21.0068855699167,21416100
2007-07-23,20.809829711914062,20.988969244008175,20.732205011050638,20.869543648563358,15077800
2007-07-24,20.26047706604004,20.71429163795749,20.200765401632527,20.57098273223787,23414300
2007-07-25,20.642641067504883,20.821778372273023,20.391849296400373,20.53515822907312,22049700
2007-07-26,20.093280792236328,20.523209748923936,19.949969621437937,20.212704110405575,30408300
2007-07-27,20.03954315185547,20.51724334781807,19.94400311266295,20.117167867674624,26603700
2007-07-30,20.666521072387695,20.732205264578266,19.908171151571313,20.16493538766874,23790300
2007-07-31,20.164932250976562,20.92328205383024,20.11119085462147,20.73220203964623,21447300
2007-08-01,20.58890151977539,20.636672686911545,20.02163143823399,20.158970126968498,29218200
2007-08-02,20.553068161010742,20.791919383069057,20.117166616930284,20.117166616930284,19716100
2007-08-03,19.591690063476562,20.594861167039625,19.502120320073246,20.36795282084357,34723700
2007-08-06,20.756088256835938,20.785946364014077,19.591694968209037,19.591694968209037,36005500
2007-08-07,20.83371925354004,21.078540745784387,20.4515590976322,20.4515590976322,29253000
2007-08-08,21.080720901489258,21.237364279259374,20.658985548345864,20.863828302828498,27057900
2007-08-09,20.58066749572754,21.213269523398445,19.719122971984184,20.4240240815348,25370300
2007-08-10,20.72526741027832,21.020480675005906,20.183035681612072,20.189059457142246,24789400
2007-08-13,20.424030303955078,20.972285868072124,20.363781050699682,20.893962987977115,13300800
2007-08-14,20.279438018798828,20.62285077977098,20.20714120024533,20.448131361515134,18934300
2007-08-15,20.22520637512207,20.89998176217035,20.014339784879937,20.29147938870487,22875600
2007-08-16,21.327743530273438,21.665130078082925,19.821547018199706,19.923967277849446,44702200
2007-08-17,22.43631362915039,22.88817277156264,21.6350156467676,22.31581739818557,49846400
2007-08-20,22.35196304321289,22.472459265468945,21.90010393345839,22.424262155531093,29025800
2007-08-21,22.514638900756836,22.75563141272695,22.086879375371065,22.249548976209653,27153000
2007-08-22,22.110965728759766,22.73754404273967,21.918172754961876,22.538724995731737,25721000
2007-08-23,21.960357666015625,22.29172062099712,21.779614444959787,22.15917451969462,17197600
2007-08-24,22.032655715942383,22.074829059917043,21.785639430544425,21.96035888316795,16806800
2007-08-27,21.767553329467773,22.038669169932835,21.737429857921335,21.9121469122001,18149200
2007-08-28,21.207252502441406,21.616938237129887,21.16507917371824,21.50849187804917,19522200
2007-08-29,21.677186965942383,21.755509853523247,21.092781794016496,21.297624678115056,15912900
2007-08-30,21.532594680786133,21.743461354770755,21.387998748429265,21.568741940169566,14342300
2007-08-31,22.01457977294922,22.15917342332996,21.749487583460134,21.918183239937182,15133700
2007-09-04,22.044694900512695,22.225438044098567,21.82780220890014,21.97842187826733,12123600
2007-09-05,21.622962951660156,21.906128712466213,21.237376901874804,21.695259761426374,13896400
2007-09-06,21.478376388549805,21.68924311059283,21.189184457926658,21.598870344988736,15233800
2007-09-07,21.207252502441406,21.44824262396319,21.03253311300313,21.128929621266654,17034300
2007-09-10,21.171104431152344,21.394020941180933,20.91203836614309,21.29160064948036,13618400
2007-09-11,21.761526107788086,21.815749273019616,21.134950118557935,21.23737037606558,16563400
2007-09-12,21.496442794799805,21.71935929719244,21.472343092304893,21.66513611571595,13375900
2007-09-13,21.574758529663086,21.695252405662014,21.472335977135963,21.53258521340879,14613700
2007-09-14,21.484390258789062,21.57476298271464,21.315696958953414,21.42414330835457,12095900
2007-09-17,21.484390258789062,21.56271313297297,21.315696958953414,21.36389405964624,11573500
2007-09-18,22.40618324279785,22.442332794140196,21.363895310970257,21.36992138533097,20974500
2007-09-19,22.472442626953125,22.88815417103147,22.40616963886686,22.520641999478617,21376400
2007-09-20,22.020597457885742,22.544753317467798,21.83985429578234,22.357986379213017,17721400
2007-09-21,21.833833694458008,22.237493405242056,21.761534580484536,21.990477178185195,23788600
2007-09-24,21.66513442993164,21.863953512633188,21.610911252674303,21.833830035995547,15541500
2007-09-25,21.731412887573242,21.839859269185645,21.424149671854458,21.424149671854458,15990400
2007-09-26,21.598867416381836,21.839859893133138,21.47837347628077,21.809736408107874,14538500
2007-09-27,21.701284408569336,21.8037046908107,21.418118666391926,21.641035155832657,13663600
2007-09-28,21.46029281616211,21.677185537773788,21.36389630636515,21.604888729994588,15879300
2007-10-01,22.080852508544922,22.12904962523309,21.20725764767879,21.20725764767879,19206300
2007-10-02,22.068788528442383,22.189284690444406,21.827796204438336,22.165184998389375,14569000
2007-10-03,22.291709899902344,22.36400669389892,21.894074085510706,21.978420728218985,16787300
2007-10-04,22.454383850097656,22.592953690271766,22.291714307734807,22.291714307734807,12525700
2007-10-05,22.57488250732422,22.761649473826065,22.273643092167074,22.586932359723427,11630000
2007-10-08,22.26761245727539,22.598975286442954,22.147116256230674,22.56282803492125,9408300
2007-10-09,22.364013671875,22.436312786703848,22.171220628880125,22.351963819403526,10259500
2007-10-10,22.062780380249023,22.35799610207564,21.857937427911676,22.35799610207564,13995900
2007-10-11,21.88203239440918,22.29171821024318,21.677189486492182,22.08687530232618,16334300
2007-10-12,21.713336944580078,22.056749683692793,21.67718738846716,21.960353165665964,13902700
2007-10-15,21.65910530090332,21.827798567001032,21.436188870949437,21.67115514823507,14955400
2007-10-16,20.815643310546875,21.12893258085514,20.61080041450972,21.12893258085514,34443800
2007-10-17,20.646940231323242,21.05059975757154,20.339674883090304,21.00240266856386,29190300
2007-10-18,20.183034896850586,20.430051052910944,20.062538706468384,20.31558093609837,28606400
2007-10-19,19.797462463378906,20.33366846403992,19.797462463378906,20.098701996179496,25084800
2007-10-22,20.37582778930664,20.43607473508638,19.676952646202828,19.71912596790338,23442600
2007-10-23,20.339677810668945,20.58669396035479,20.183034376006002,20.5445206395504,13762300
2007-10-24,20.508373260498047,20.689116391109888,19.80347206335619,20.189058021534407,31495500
2007-10-25,20.36980438232422,20.58669477001685,20.098688524866297,20.574647219262015,30605800
2007-10-26,20.815643310546875,20.86986649768243,20.303537219591167,20.779496051306086,18356600
2007-10-29,20.562604904174805,20.954214798852842,20.53850519728782,20.90601768335342,13636300
2007-10-30,20.484281539916992,20.634901257122266,20.393908790284033,20.490305317364427,12756900
2007-10-31,20.490299224853516,20.797564643624806,20.122789154697333,20.773464944451803,21564500
2007-11-01,19.34558868408203,20.122786648564038,19.30341536491853,19.990240617893875,32112000
2007-11-02,19.466087341308594,19.713103512785604,19.200996395405127,19.490184742270053,32732300
2007-11-05,19.237146377563477,19.556459374739088,19.002180036375837,19.279319705557462,28996500
2007-11-06,19.85167694091797,19.881800421295388,19.249198140272654,19.279321620650073,31844600
2007-11-07,18.70825958251953,20.082793738041932,18.70217743439164,19.882086329974975,49881300
2007-11-08,19.146162033081055,19.261720516700418,18.592699365292415,19.091423865053514,41754200
2007-11-09,19.255638122558594,19.723953038552303,18.64135514704431,18.93329126608545,33082100
2007-11-12,19.675296783447266,20.240923765707183,19.182655574454667,19.182655574454667,28380000
2007-11-13,20.611927032470703,20.636255624000082,19.748282914097455,20.064547643672814,22352300
2007-11-14,20.22268295288086,20.855212540412147,20.137535185348312,20.77614576194507,18661800
2007-11-15,19.444183349609375,20.15577848539699,19.26172353430023,19.845597031381683,34812300
2007-11-16,18.939367294311523,19.371190345916943,18.74474327783328,19.27387833767782,39530300
2007-11-19,18.56838035583496,18.927219104503735,18.14263911366984,18.860316611007384,40613800
2007-11-20,18.50146484375,18.842056901792954,18.063560769123345,18.410234973209125,38990900
2007-11-21,18.197372436523438,18.592702821277186,18.142634258321245,18.312930941622646,41541600
2007-11-23,18.756912231445312,18.939372002236624,18.404155823878092,18.53795957845499,12297700
2007-11-26,17.935842514038086,18.866390210715924,17.90543293625917,18.793405599975078,27166400
2007-11-27,18.142629623413086,18.355500133144876,17.81420179815483,18.355500133144876,39726300
2007-11-28,18.683927536010742,19.243472299774066,18.23994124521238,18.300761555196615,54712600
2007-11-29,18.574445724487305,18.726495865021548,18.276426428195737,18.68392085122953,24391500
2007-11-30,19.723953247070312,20.678828371560687,18.994111781700703,19.565819730854166,51608600
2007-12-03,19.365114212036133,19.918576865730206,19.267802173587793,19.918576865730206,19735700
2007-12-04,19.31645393371582,19.432012388912803,18.963697582107283,19.286043203374117,22999900
2007-12-05,19.705707550048828,19.78477198639208,19.365114254678634,19.638805088449146,18992400
2007-12-06,19.821264266967773,20.332153034405096,19.17657174045914,19.425933976940335,25330600
2007-12-07,19.28604507446289,20.052379312711402,19.194815194688353,19.900329126403555,22086200
2007-12-10,19.8516788482666,20.009812396208623,19.31646251698741,19.31646251698741,19879600
2007-12-11,18.714336395263672,19.827342504177686,18.65351609137554,19.827342504177686,35948300
2007-12-12,18.65351676940918,19.389439109058152,18.14262805425995,19.073175605435512,41219400
2007-12-13,18.58662223815918,18.63527827176491,18.093979752894743,18.26427645054047,27845000
2007-12-14,18.28860092163086,18.75083374595511,18.15479714092561,18.477142876272605,21069200
2007-12-17,18.28860092163086,18.78124332700821,17.94192659340046,18.24602704413606,21773800
2007-12-18,18.440649032592773,18.65960170323365,18.033154428928377,18.42848473754583,20313700
2007-12-19,18.62310791015625,19.030602468570752,18.373744529588365,18.483220852752094,23568800
2007-12-20,18.47105598449707,18.835975480705528,18.20344734856685,18.79948376309484,17637400
2007-12-21,18.47105598449707,18.71433603531964,18.173036617182287,18.6535157326013,35344200
2007-12-24,18.975872039794922,19.091429396846305,18.489310534128858,18.519721280761882,9505400
2007-12-26,19.012359619140625,19.115753814985695,18.708259179602326,18.988031027153028,11876900
2007-12-27,18.428485870361328,18.78732447594711,18.373747699336306,18.708258873383794,18016800
2007-12-28,18.30075454711914,18.59877267586305,18.185196118406044,18.562280967866982,12907200
2007-12-31,18.36157989501953,18.59269565610026,18.09397125583332,18.300759591561192,12947700
2008-01-02,17.698644638061523,18.537961285039437,17.625660026995554,18.537961285039437,24387800
2008-01-03,17.34588050842285,17.86285122414646,17.133010077236598,17.789866645435264,26313100
2008-01-04,16.719436645507812,17.224243166268845,16.41533630384332,17.181669304043933,50818700
2008-01-07,16.834991455078125,17.053944024885656,16.488317326249863,16.847155744523096,25887100
2008-01-08,16.117324829101562,17.096528708802992,16.038259217720963,16.950560623141804,41495200
2008-01-09,16.445749282836914,16.494405297754444,15.685498324718735,16.117320312105427,37293300
2008-01-10,16.974878311157227,17.309388170396723,16.11731557524091,16.153807285691446,44359200
2008-01-11,17.151256561279297,17.418863977205824,16.512645265882952,16.853237260730687,32925100
2008-01-14,17.1573486328125,17.28507143844341,16.82283856672665,17.260742843065607,22667200
2008-01-15,16.111238479614258,16.658618948130247,16.08691105170624,16.549142622416863,36283900
2008-01-16,16.646461486816406,17.096530076968357,16.25112991812296,16.847167765668647,43681900
2008-01-17,15.892284393310547,16.841078357128204,15.813218809684484,16.73160204129918,34795200
2008-01-18,15.496953010559082,16.41533617434706,15.217181255259149,16.214629996833843,49848000
2008-01-22,16.39101791381836,17.19384307269003,14.827940321713589,14.827940321713589,60889400
2008-01-23,17.868932723999023,18.306837888786156,15.934855833041233,15.94093681806278,88250400
2008-01-24,18.9515380859375,19.121834738794888,17.923678341287737,18.246025204179958,65278700
2008-01-25,18.64743995666504,19.486757868794268,18.264273890728603,19.182657411366527,57728300
2008-01-28,19.340787887573242,19.419854653104622,18.41024126591986,18.49538901952183,36801500
2008-01-29,19.827342987060547,19.967231197476195,19.07317537666333,19.46242347494598,44412500
2008-01-30,19.924659729003906,20.678829838060505,19.577985414385775,19.754364225711416,62076900
2008-01-31,20.72748374938965,20.83087676860683,19.322539108737452,19.590146617389454,60276300
2008-02-01,20.465959548950195,21.019422230143956,20.155775815913994,20.228759268351048,44720500
2008-02-04,19.0914249420166,19.796937858557854,18.915047292906838,19.699625812141896,39734200
2008-02-05,18.53187370300293,18.835974033173937,18.379823537917428,18.598776146856775,33198700
2008-02-06,18.48271942138672,19.041870747712604,18.279950271971558,18.949703165610146,30586300
2008-02-07,18.716215133666992,18.968141636553682,18.243087787792383,18.335255391691348,31932500
2008-02-08,18.114046096801758,18.722353483786787,17.849831528601594,18.654764555437964,34869000
2008-02-11,18.150922775268555,18.372124821811767,17.714661002299607,18.372124821811767,23042800
2008-02-12,18.38441276550293,18.648627440619435,18.07104195352578,18.298389818990486,28865800
2008-02-13,18.72235107421875,18.839097276485866,18.200067838128536,18.56259342163589,34892200
2008-02-14,18.181644439697266,18.826818913902823,18.126343636539666,18.76537461881643,25116200
2008-02-15,18.24308204650879,18.304527487095484,17.665496780152733,18.077179708517,26386700
2008-02-19,18.34754180908203,18.906693178987357,18.101760008353747,18.74079081508811,29717800
2008-02-20,18.83296012878418,18.937417052065786,17.97887192617106,18.150918968039175,28800700
2008-02-21,18.888267517089844,19.146337584015857,18.808389217030005,18.937423664505513,28937100
2008-02-22,19.318376541137695,19.404399469853242,18.62404493315663,18.961994329634642,28788100
2008-02-25,19.471996307373047,19.576453259157926,18.863688590028723,19.170914780928374,42232900
2008-02-26,19.293790817260742,19.65017289808752,19.054154934007553,19.41053701483433,30393300
2008-02-27,19.50271224975586,19.85295098035574,18.839103935525067,18.949705516559288,30550200
2008-02-28,18.777667999267578,19.312242187870403,18.765379840016177,19.312242187870403,27700300
2008-02-29,17.960437774658203,18.67934690554131,17.837548036132844,18.5933239713761,33507400
2008-03-03,17.739240646362305,17.97273203404158,17.33984566358146,17.966587369632272,25951400
2008-03-04,17.71465492248535,17.86212329356009,17.106347452311645,17.475018965985708,30441700
2008-03-05,17.806827545166016,18.433569178509277,17.567191520877323,17.97887461274302,32727100
2008-03-06,17.1002140045166,17.70237720762515,17.05105784858887,17.567198071817682,33668800
2008-03-07,17.272247314453125,18.058745179916432,16.67008342123995,16.88514187081792,48327100
2008-03-10,17.137069702148438,17.54260801824846,16.860566944066303,17.49959655623398,33698100
2008-03-11,18.937421798706055,18.937421798706055,17.665505584162347,18.359836244496996,51189600
2008-03-12,18.150922775268555,19.410549609663363,18.089477306571894,18.69164032145454,39549000
2008-03-13,18.114046096801758,18.32295988691471,17.124779096298482,17.696218516575854,51569200
2008-03-14,17.481159210205078,18.47042609599303,17.204655351832404,18.27994631132193,51388600
2008-03-17,17.68393898010254,18.009597974161,16.65165884895342,16.743826466668555,54665200
2008-03-18,19.379819869995117,19.40439734466159,18.218504599651286,18.495008514488955,55149600
2008-03-19,18.789949417114258,19.92668629337928,18.611758877274948,19.4719917772682,46917900
2008-03-20,20.00042152404785,20.15403459618946,18.894407873418146,19.023442291469227,47658600
2008-03-24,19.71776580810547,20.60257589069911,19.662465031446587,19.902100948985584,45234500
2008-03-25,19.6993408203125,19.957409651240674,19.26307909475002,19.68705149351362,27482600
2008-03-26,18.931272506713867,19.533436571000067,18.525734136628536,19.533436571000067,36599400
2008-03-27,18.593326568603516,19.170912053474506,18.464290977356658,19.170912053474506,26998000
2008-03-28,18.03417205810547,18.75308116916644,17.948147954337582,18.685491053057643,28854000
2008-03-31,17.88056182861328,18.279955581718056,17.763815565652745,18.05875238284014,34976200
2008-04-01,19.34910011291504,19.373678764066913,18.50115657174354,18.636335637155057,36070500
2008-04-02,18.759231567382812,19.508863048435344,18.62405129383365,19.484284390708257,37101500
2008-04-03,18.918987274169922,19.04802169731351,18.43356938449694,18.574893135170807,20045200
2008-04-04,19.005006790161133,19.134041189997937,18.667057375969122,18.931272010272558,25087100
2008-04-07,18.918987274169922,19.52115025945621,18.906697946639646,19.330669198661234,20142300
2008-04-08,18.39055633544922,18.63633700513625,18.224653943919968,18.599470197676865,33757900
2008-04-09,18.095617294311523,18.525733120086574,17.84369199253591,18.43971018932647,29806200
2008-04-10,17.524169921875,18.163199341418505,17.450435172094473,18.009586353685325,45453800
2008-04-11,17.18623161315918,17.720805667280413,17.14322013666175,17.35213402705627,44211800
2008-04-14,16.71310043334961,17.14936093605319,16.639365653131268,16.989603222225597,36081500
2008-04-15,17.08791732788086,17.192374260826938,16.66394610472446,16.885148125335498,29674500
2008-04-16,17.825260162353516,18.642481619400176,17.505744706612422,18.402845613581693,69841500
2008-04-17,18.25537109375,18.37826198095979,17.561040745345462,17.634775512066206,32575200
2008-04-18,18.679340362548828,19.07259043521639,18.587172797945584,18.820664039738745,37941600
2008-04-21,17.985013961791992,18.396696932003636,17.8559784062461,18.353685470813144,24365800
2008-04-22,18.052597045898438,18.181632559611153,17.78838370253247,17.935852023936977,22788100
2008-04-23,17.769960403442383,18.212365633562097,17.56104652955883,18.089475877849548,24533400
2008-04-24,18.341398239135742,18.519588766103443,17.67778991599395,17.794534989120372,28973100
2008-04-25,18.796096801757812,18.92513122805201,18.163210482192753,18.470436646102524,25805400
2008-04-28,18.642478942871094,18.851392774555833,18.507299887299883,18.740791196372793,17222000
2008-04-29,18.359832763671875,18.697782205264883,18.273809823472583,18.642481408858295,19367400
2008-04-30,18.279956817626953,18.796096868588524,18.169355210710215,18.36597976879561,21492200
2008-05-01,19.158618927001953,19.521145802552628,18.279952132768102,18.292241457492587,38326900
2008-05-02,19.134033203125,19.908243966875258,19.01114351723972,19.53342790518088,25950200
2008-05-05,19.140186309814453,19.28765470113931,18.839104864362717,19.12175349338297,18618000
2008-05-06,19.21392250061035,19.410547036797237,18.746938641179156,18.820672256261897,21163200
2008-05-07,18.556074142456055,19.400096633474053,18.481602266018665,19.375271885522167,27670800
2008-05-08,18.233360290527344,18.6864024900882,18.04717940787052,18.661577741089058,24230300
2008-05-09,18.202333450317383,18.587108835402926,17.997533973143778,18.15268512808467,16056300
2008-05-12,18.469194412231445,18.556078683909014,18.23957017231432,18.307837062180653,13503000
2008-05-13,17.978918075561523,18.593316598227457,17.935475935126995,18.487814933577628,27224800
2008-05-14,17.941682815551758,18.264397562226954,17.854798531335202,18.078215431279144,25831600
2008-05-15,18.369897842407227,18.369897842407227,17.817558900017175,17.98512243929425,27903900
2008-05-16,17.96650505065918,18.40092759445849,17.755499375436013,18.39472140592729,25883600
2008-05-19,17.674823760986328,18.27060496230446,17.625175426185624,17.997538529045748,28571900
2008-05-20,17.407958984375,17.581728702781334,17.221778073282717,17.556905133700067,31462700
2008-05-21,17.19074821472168,17.618964544452897,17.04800825443525,17.345899367620937,32859800
2008-05-22,17.321075439453125,17.64999632539143,17.097657389856582,17.221778791567864,26221400
2008-05-23,17.1783390045166,17.333490186011574,17.035600201631528,17.27142947667167,23920700
2008-05-27,17.103866577148438,17.389345377653857,16.849418724366227,17.153514909795952,27493300
2008-05-28,17.04801368713379,17.296256557847762,16.52670555257002,17.19695869933633,39715000
2008-05-29,17.36452293395996,17.457613422118204,16.911481690202677,16.979748600583285,25225100
2008-05-30,17.11007308959961,17.556909275569684,17.066630945676884,17.556909275569684,19411300
2008-06-02,16.824588775634766,17.091448906402064,16.57634602273828,17.048005596048757,23179200
2008-06-03,16.61979866027832,17.029397775235537,16.50188340484826,16.91768871048178,30363600
2008-06-04,16.532913208007812,16.756331337967868,16.25984791995646,16.514295819651036,33490000
2008-06-05,16.88044548034668,17.04800782160454,16.51428867410401,16.644615071050048,26962600
2008-06-06,15.77576732635498,16.64461343857495,15.713706636115866,16.632201063785285,57724400
2008-06-09,15.682680130004883,16.05504316482943,15.403407557959106,15.961951518341202,40108200
2008-06-10,16.07986068725586,16.439811209322105,15.397195577486352,15.539935496010992,43539900
2008-06-11,15.856449127197266,16.235018361421307,15.825419366628848,16.203988600852888,48023600
2008-06-12,16.14813995361328,16.650829596513994,15.88127965438515,15.96816396252085,40700800
2008-06-13,16.18537139892578,16.508086144368175,15.695094275092934,16.321904014131597,32367300
2008-06-16,16.371557235717773,16.74392042370806,15.899898539134682,16.154346461124224,33166500
2008-06-17,15.763365745544434,16.880455383649014,15.682687621585615,16.594976486550834,40682000
2008-06-18,15.781977653503418,16.042631673912204,15.372378647676681,15.515117444071858,42211000
2008-06-19,15.90609359741211,15.949536908867016,15.248253126457442,15.806796967219299,47029900
2008-06-20,15.20481014251709,15.76335395182691,14.894507894710618,15.242046080815307,62647400
2008-06-23,15.055870056152344,15.384790970930673,14.820039608965008,15.285493130629494,36638600
2008-06-24,15.639238357543945,15.943334507688867,14.832451565997692,15.031044873544621,50002700
2008-06-25,15.763365745544434,16.47085620479034,15.651656663362974,15.744748354320873,41995500
2008-06-26,14.937957763671875,15.70750759511242,14.937957763671877,15.384793989721691,59131200
2008-06-27,14.91313648223877,15.260674902003393,14.658688562661643,15.043462945759279,49640300
2008-06-30,14.739357948303223,15.099308537166047,14.559382062017194,14.962775963359192,42295500
2008-07-01,14.968981742858887,15.03104124871917,14.29872889966874,14.565587852511866,58147900
2008-07-02,14.64006519317627,15.37858512898928,14.615240436613359,15.031045639365779,34038500
2008-07-03,14.844866752624512,15.15516915031005,14.497328398655428,14.83245437262676,28348800
2008-07-07,14.596623420715332,15.204815767317744,13.963606316924457,15.01863482324258,58126600
2008-07-08,15.310320854187012,15.378587762716826,14.205643855851555,14.702128418751537,61171700
2008-07-09,14.714540481567383,15.620624181560098,14.621449990453495,15.34755771507752,52656700
2008-07-10,14.652475357055664,14.987601234041199,14.21184546433193,14.478705638505417,61009300
2008-07-11,14.273907661437988,14.757979738700431,13.721569874195467,14.000841270389213,82338800
2008-07-14,13.386445045471191,14.888308675034352,13.336796709936445,14.807630573681525,56418100
2008-07-15,12.72860050201416,14.162196798148852,12.697569561754504,13.038902802354702,122587000
2008-07-16,16.899066925048828,16.954921446804818,14.398030559860192,14.757981264671217,206249200
2008-07-17,17.27143669128418,17.829980941238873,15.85025189066291,16.737716025208996,115206800
2008-07-18,17.290048599243164,17.56932002466726,16.41499600223702,17.426581217203193,71649800
2008-07-21,17.09145736694336,17.749298146858603,16.942511167991082,17.40796478451512,70613600
2008-07-22,18.885000228881836,18.996709258469497,16.526701781224162,16.936301950948742,100898900
2008-07-23,18.897415161132812,19.84073348401683,18.531258262964357,18.69261564043771,122201200
2008-07-24,18.09062957763672,19.120833444925143,17.997539094922168,19.052567722246316,70564700
2008-07-25,18.053380966186523,18.624337025971133,17.6934304839555,18.20232587086396,55525300
2008-07-28,17.33348274230957,18.413334359737238,17.25280349970177,17.99752932454592,46645300
2008-07-29,18.90361785888672,18.90361785888672,17.209367377845883,17.482433766668308,62303400
2008-07-30,19.362873077392578,19.549054071253895,18.537468619510253,19.238751625678436,65749100
2008-07-31,18.785709381103516,19.387695668681314,18.62435197558878,19.058774667011683,48107500
2008-08-01,18.928438186645508,19.01532244215792,18.438160039204437,18.785699428672487,40425300
2008-08-04,18.7298526763916,19.096009595718225,18.270605275680683,18.68020434073933,46627900
2008-08-05,19.573869705200195,19.66696015871048,18.76708301278925,18.959470107871756,45806300
2008-08-06,19.01551628112793,19.429578902874553,18.88376962721265,19.322926336872605,42199300
2008-08-07,18.199939727783203,19.22254869876675,17.9113499222053,18.76457049934629,57510900
2008-08-08,18.927677154541016,19.140982196118888,18.01172000012865,18.212478601373164,45857600
2008-08-11,19.831100463867188,20.1196891345829,18.94651178660819,18.94651178660819,55278900
2008-08-12,19.059436798095703,19.7746370374006,18.877500724343914,19.448405433269198,54318600
2008-08-13,18.37560272216797,19.028064586571997,18.193665492866945,18.9088643741544,53459400
2008-08-14,18.927677154541016,19.14725601458983,18.162289250214165,18.30658348522022,40937100
2008-08-15,18.670461654663086,19.128439758037484,18.350504005335964,18.70182955893465,43611700
2008-08-18,18.06818962097168,18.739474077740848,17.917621513734627,18.739474077740848,38157700
2008-08-19,17.434555053710938,17.879985702092334,17.17733310588796,17.879985702092334,45428100
2008-08-20,18.143476486206055,18.199939682883976,17.04558285663835,17.572571894559577,52813300
2008-08-21,17.842330932617188,17.992898979720938,17.59138418744427,17.672941430897293,37272800
2008-08-22,18.41952133178711,18.607731217062394,18.005458626894065,18.33168901493061,44892000
2008-08-25,17.986637115478516,18.3379627922125,17.905079817822315,18.143479085025202,30517900
2008-08-26,17.999174118041992,18.356773405716908,17.62275337437051,17.999174118041992,33048100
2008-08-27,18.137197494506836,18.281491757502476,17.80469223070019,18.024271133341983,25864700
2008-08-28,19.090797424316406,19.097071244292263,18.18111387016695,18.41324042283841,36971300
2008-08-29,18.990413665771484,19.178623428739442,18.720645461337856,18.927676679246005,29295400
2008-09-02,19.580142974853516,19.881280343860563,19.266459162786457,19.58641679468791,37648600
2008-09-03,19.454666137695312,19.69306525897082,19.184897923746366,19.523676944968354,38035000
2008-09-04,18.613988876342773,19.41701949587982,18.551251903524403,19.172345421548997,46546500
2008-09-05,19.573869705200195,19.66170078676354,18.061913876698075,18.551259841532396,52598700
2008-09-08,21.054460525512695,21.305406165433666,19.969113513031495,20.85370305628879,97528900
2008-09-09,19.555049896240234,21.17365840175444,19.54877607608369,20.747048203980196,68945200
2008-09-10,19.887556076049805,20.389449744974858,18.8837675415908,19.762082060514093,57747600
2008-09-11,21.236391067504883,21.29285424394942,19.147258325491727,19.2601846783808,76365300
2008-09-12,21.512441635131836,21.644188293852498,20.68431636143319,20.866251197811092,63888200
2008-09-15,19.448396682739258,21.957867222447547,19.448396682739258,20.49609948432302,100858600
2008-09-16,21.913949966430664,22.0331489461906,19.448395162444072,19.573869158264614,115545500
2008-09-17,20.97290802001953,22.114717348394027,20.64040381578849,21.205033461092988,98504500
2008-09-18,23.21260643005371,24.812393691859757,20.245157300641115,21.506165407744327,166561000
2008-09-19,24.969234466552734,28.074705120541083,23.218877975167935,27.792389171411614,96587700
2008-09-22,22.070796966552734,24.592815532189235,21.518712693208844,24.561447624284938,54381000
2008-09-23,21.437156677246094,22.95538800480117,21.349325567751336,21.989241013922328,32709700
2008-09-24,21.49988555908203,22.428389217107696,21.380686589836014,22.020599364964312,26497100
2008-09-25,21.40578842163086,22.45976650506105,21.34305259963405,22.11471469764219,38564000
2008-09-26,23.40709114074707,23.996815952263837,20.70313533136488,20.87252490762584,56079000
2008-09-29,20.859975814819336,24.09719301847311,20.859975814819336,22.585236972435972,67567100
2008-09-30,23.54511833190918,23.83998203341565,21.832404120378996,22.18373103295652,46865200
2008-10-01,23.02438735961914,24.216384154584112,22.892640761102815,23.20004949097424,47778200
2008-10-02,22.058250427246094,23.626669833032132,21.964144305611697,23.21260720563334,39351300
2008-10-03,21.68183708190918,24.435981982771324,21.644194143578975,23.82743430913634,81074700
2008-10-06,21.10464859008789,22.259005228929713,20.025576600130925,20.891343480957843,59028000
2008-10-07,19.197450637817383,21.95159547926943,19.197450637817383,21.39323625149398,45277800
2008-10-08,20.013032913208008,21.179936226902683,18.33168698981387,18.789666400846432,57472800
2008-10-09,17.09576988220215,20.74704971696184,16.424486632413473,20.740777092956705,122764600
2008-10-10,17.760774612426758,18.526163772319222,15.684188402929328,15.95395663491709,122081300
2008-10-13,19.071971893310547,19.44839263525,17.29024808519122,19.228813769401274,69324000
2008-10-14,21.02936363220215,21.437151163284117,19.93774407948471,20.68431190798891,96432200
2008-10-15,20.922710418701172,21.976688274676135,20.08831267876464,20.263974857021243,95036300
2008-10-16,21.26775550842285,21.524976042958663,18.84611699667675,20.634113103423655,73953600
2008-10-17,20.11341094970703,21.60654447330849,19.93147372762531,20.95408383140328,67021500
2008-10-20,20.220056533813477,20.703129850852793,19.511131704822397,20.533740319432457,52147200
2008-10-21,20.477285385131836,21.33050600838205,19.787181736265627,19.8122758269799,52862300
2008-10-22,19.63661766052246,20.389459729166237,18.708113320042088,19.975396950395005,65131500
2008-10-23,19.655424118041992,20.013023408696547,18.294036568102428,19.580139490036977,63126100
2008-10-24,19.391931533813477,20.075762282282415,18.193659568318438,18.218754845543458,50050200
2008-10-27,19.341745376586914,20.16987171291825,18.98414599321666,19.084524725509752,48569000
2008-10-28,21.61909294128418,21.61909294128418,19.16608503799326,19.918926846259286,62933400
2008-10-29,20.144779205322266,21.462250547227043,19.98166344373398,21.368146818929894,69966000
2008-10-30,19.975383758544922,20.859971946879384,19.90009912275513,20.79723614643136,57908900
2008-10-31,21.36186981201172,21.681828680796226,19.787177930239185,19.82481965737486,63355800
2008-11-03,21.20502471923828,21.62536226201259,20.960351734485215,21.430877441538804,37362400
2008-11-04,22.026884078979492,22.114715189013847,21.28031485725097,21.631641690606642,47060300
2008-11-05,20.069358825683594,22.17258687286582,19.834962375656858,21.93819163114918,53767600
2008-11-06,18.225862503051758,19.619566917750483,17.73806541416779,18.865700007631418,119014900
2008-11-07,18.688325881958008,18.688325881958008,17.136244096572984,17.357970238529454,291576400
2008-11-10,18.130840301513672,19.02407864214792,17.763408935921642,18.96706332608105,80723300
2008-11-11,18.26387596130371,18.70732816876042,17.700059155851374,17.70639432547905,64961800
2008-11-12,17.294614791870117,18.637640392515912,17.294614791870117,17.940787520717905,64430300
2008-11-13,18.4285831451416,18.586958729951473,16.31268523541691,17.427649497475596,86007600
2008-11-14,18.200523376464844,18.93538605227108,17.503670505735503,17.86476788305074,69123200
2008-11-17,17.630367279052734,18.200519053008726,16.9335145738578,17.858428471958984,64412800
2008-11-18,17.23126792907715,17.972465878568784,16.36336900033682,17.719063920071402,81619800
2008-11-19,15.45745849609375,17.23126596147792,15.37510371480307,17.167915479087423,86670000
2008-11-20,14.272809982299805,16.116301931026346,13.937053264126972,15.128037284132342,110888100
2008-11-21,13.785017967224121,14.893647617449167,12.60036746646991,14.519880952994175,139652100
2008-11-24,16.483728408813477,16.572418334861343,14.412175814878404,14.557881038616932,99328200
2008-11-25,17.072885513305664,17.99779818540512,15.850226020982994,17.091889806811242,78431300
2008-11-26,18.14984130859375,18.24486641536245,16.36336495142694,16.69278644931424,56597700
2008-11-28,18.30189323425293,18.377914092476185,17.43399518260466,17.972472737446953,28138600
2008-12-01,14.830293655395508,17.76341095195689,14.481867758384958,17.76341095195689,76566300
2008-12-02,16.401378631591797,16.55341908004303,14.29815061555125,15.311754813536233,80340500
2008-12-03,17.801414489746094,18.054815162647625,15.679181588615041,15.748867226779108,72932900
2008-12-04,17.452991485595703,18.47293078586509,16.965195532184687,17.44665752460036,60716600
2008-12-05,18.967063903808594,19.005073712907596,16.838495261303727,17.167916828988538,69302900
2008-12-08,20.690187454223633,20.734532427108448,19.1444413221379,19.410512367756677,70930700
2008-12-09,19.32182502746582,20.753539523565195,19.25847453981212,20.36076867507034,56791300
2008-12-10,18.491928100585938,19.51186574064285,18.14983635952785,19.359825369609077,51041700
2008-12-11,16.407716751098633,18.04215337617636,16.287350921319067,17.877442558664924,72244500
2008-12-12,16.92717933654785,17.022205638739376,15.628500234106149,15.736195662721531,51372900
2008-12-15,16.515413284301758,17.123576434239038,16.173322494214215,17.091900577918654,37629900
2008-12-16,18.86570167541504,18.891041142782832,16.75613875764233,16.768807887171263,64931200
2008-12-17,18.992395401000977,19.353491456633,18.289208790463178,18.4982644652138,57126400
2008-12-18,18.78334617614746,19.898310560448017,18.504604777994835,19.16978303211065,62937100
2008-12-19,18.59963035583496,19.119102116685355,18.05481791966996,19.062086805537394,88618600
2008-12-22,17.370634078979492,18.561617937462366,17.281944138713374,18.44125336376115,41191700
2008-12-23,17.09823226928711,17.795085258474614,17.09823226928711,17.71272925711339,28140900
2008-12-24,17.408653259277344,17.53535427789463,17.015882276522596,17.29462258418388,11211400
2008-12-26,17.42765235900879,17.64937845581089,17.199591092776913,17.46566216727743,12384400
2008-12-29,17.630367279052734,17.681047409886386,17.294610657086274,17.668377075100565,20971000
2008-12-30,18.244863510131836,18.244863510131836,17.49099673594071,17.61769645535395,28636600
2008-12-31,18.6756591796875,19.31549704735704,17.864776502490855,18.17519267839401,45109700
2009-01-02,19.005067825317383,19.302813452922543,18.162509866727365,18.485596164754924,36522300
2009-01-05,17.776079177856445,18.87203938209503,17.776079177856445,18.84036353323837,43614200
2009-01-06,17.446659088134766,18.257541498927658,17.288283466238017,18.162516367451627,54222900
2009-01-07,16.388713836669922,17.218601957158917,14.963332895955578,17.155251451465087,52631000
2009-01-08,16.293682098388672,16.515408191010355,15.907246436938305,16.065622044766652,52580100
2009-01-09,15.92624568939209,16.458387659719666,15.831220596471367,16.439383366121287,43187900
2009-01-12,15.077354431152344,16.040278228289708,14.912644894558891,15.957923459992982,57566500
2009-01-13,15.444790840148926,15.717197115918106,14.830293833358335,14.880973986410032,65413600
2009-01-14,14.614900588989258,15.020341749823958,14.380505370997936,14.798616870186212,71135600
2009-01-15,12.771406173706055,14.583223124515001,12.055549111834608,14.564217620668778,178862300
2009-01-16,11.833823204040527,13.487264600226181,10.78854464657651,13.195852912754841,173589900
2009-01-20,9.014739990234375,10.782212487429003,8.755004070392237,10.623836867607697,203896600
2009-01-21,10.547816276550293,10.66184691872545,8.704324116878896,9.502537403794879,188824400
2009-01-22,10.003003120422363,10.509805173848093,9.553216381078338,10.1613793285132,94501600
2009-01-23,10.053682327270508,10.237397986527942,9.306149353113739,9.458190377863454,84417000
2009-01-26,9.806620597839355,10.699859225453963,9.781280516352247,10.262743272917724,75464000
2009-01-27,10.256406784057617,10.541482211052871,9.977665319348938,10.009340568177896,77306500
2009-01-28,13.423918724060059,13.58862952409695,11.662781285182684,12.042883038474727,203219500
2009-01-29,11.897173881530762,13.132502667767024,11.865498040872536,12.562350827326458,127527600
2009-01-30,11.973196983337402,12.511674348875063,11.637441432356956,12.258273591066201,97576800
2009-02-02,12.182250022888184,12.34062561197922,11.529743369151419,11.66277828399916,81939400
2009-02-03,11.73880386352539,12.505341445896153,11.054621089255734,12.448326114014487,95285100
2009-02-04,11.261245727539062,12.455130340822057,11.151537272000633,11.938855979991311,89512300
2009-02-05,10.499740600585938,11.22897832235057,9.467190600978881,11.119269861813036,206588100
2009-02-06,12.351873397827148,12.513209262400208,11.035373382976353,11.196709247549414,118216200
2009-02-09,12.300249099731445,12.648735246697923,11.984030872425906,12.364783708158045,74538100
2009-02-10,10.551366806030273,12.300247155701973,10.370670177173588,12.158272024318558,136825300
2009-02-11,11.293506622314453,11.345134031923537,10.557815727661364,10.809499195643832,74251900
2009-02-12,10.841772079467773,10.848225663229861,9.854397150878016,10.673983825234474,144748600
2009-02-13,10.170619010925293,10.596545844542709,10.041550366715143,10.551371972931117,88502000
2009-02-17,8.83475399017334,9.718875301491833,8.83475399017334,9.409110040241691,122235400
2009-02-18,8.421733856201172,9.29294732139244,7.782843858638057,9.247773467659977,190592400
2009-02-19,7.750578880310059,8.873476900356838,7.705404397585567,8.331388031245211,129429500
2009-02-20,7.0406975746154785,7.3569157458643195,5.685476576928645,7.14395243743571,372764600
2009-02-23,7.118136405944824,8.357195587572138,6.814825498950224,7.589237333605463,225178200
2009-02-24,8.421733856201172,8.460454126415398,7.1955806828780435,7.3504636100777425,187177900
2009-02-25,8.673419952392578,9.086440184581853,7.595696428371896,8.363655239836454,209935600
2009-02-26,9.292946815490723,9.705966906459391,8.918647608075942,9.415562433871724,170145000
2009-02-27,7.808656215667725,9.57044358940204,7.660226897867888,8.099060653426982,186832300
2009-03-02,6.995521545410156,7.376274194960491,6.627676057412806,7.0858692144917015,162697700
2009-03-03,6.8858160972595215,7.5956942865337895,6.737386752761402,7.408544056160805,156370200
2009-03-04,6.234018325805664,7.305288474156031,5.769370817509375,7.305288474156031,237467700
2009-03-05,5.240190029144287,5.769371591370796,5.033680271289576,5.7371049032917165,274724600
2009-03-06,5.556407928466797,6.124310345180505,5.1692021548762614,5.633849083184904,256312500
2009-03-09,6.4340739250183105,6.905174315608149,5.485418946628963,5.582220211272854,209041300
2009-03-10,7.621506214141846,7.711853900870908,6.905174609661661,7.2149397775186905,233377400
2009-03-11,7.666680812835693,8.215222415632391,7.305288183972293,8.015166276353337,190297200
2009-03-12,9.002542495727539,9.041263379938739,7.331102584873406,7.447264622059431,194211600
2009-03-13,8.996091842651367,9.686610091958565,8.331387934858249,9.344577452270338,197054500
2009-03-16,8.841205596923828,9.835034536453412,8.8347520143843,9.299399494622712,183999100
2009-03-17,9.460739135742188,9.460739135742188,8.350747729934705,8.757314360238277,144894400
2009-03-18,11.112815856933594,11.170896876834071,9.13806487300289,9.292947182439104,232658000
2009-03-19,9.95119571685791,11.3580445879526,9.789859859730443,11.267695670952683,175963000
2009-03-20,9.028356552124023,9.983465372210423,9.002542833497234,9.931837934956844,167275700
2009-03-23,11.183804512023926,11.403221433970922,9.822129740840806,10.260962969287185,186689100
2009-03-24,10.002821922302246,11.31286936557104,9.95764808475759,10.680431947261592,167873500
2009-03-25,10.596540451049805,11.09345524764591,9.596257890517442,10.519098688492662,217755200
2009-03-26,10.293231964111328,10.90630836032215,9.983467281353416,10.874041667453989,163404200
2009-03-27,10.060908317565918,10.732065121237188,9.880212255039039,9.912478947475915,129904000
2009-03-30,8.628244400024414,9.757595770950871,8.628244400024414,9.486551392692709,148010900
2009-03-31,9.189693450927734,9.518818860945844,8.873475209356295,9.041264706477017,145973500
2009-04-01,9.344572067260742,9.641430053676341,8.808937098470246,8.85411155463936,156839200
2009-04-02,9.893117904663086,10.486834099860214,9.622073527923193,10.27387074891425,206881200
2009-04-03,10.544912338256836,10.544912338256836,9.634978149207186,9.7898604334183,130556900
2009-04-06,9.841489791870117,10.09317401466597,9.705967612741215,9.989918522824453,119301700
2009-04-07,9.583352088928223,9.93829055370902,9.363935180588951,9.525271070197524,117192300
2009-04-08,9.609166145324707,9.789862175729654,9.299400906325769,9.744688321990317,91295200
2009-04-09,12.655191421508789,12.874608396542978,11.241888254293396,12.803620189650879,376577100
2009-04-13,12.693907737731934,12.874604375708222,11.94530931466539,12.164726221174046,173737800
2009-04-14,11.79042911529541,12.60356228506358,11.648452720495902,12.442226367988038,154442900
2009-04-15,12.616466522216797,12.668093959485644,11.358047277202969,11.596823712985683,119185500
2009-04-16,12.551933288574219,12.900418186295687,12.03565767924157,12.687454851328342,129565500
2009-04-17,13.074660301208496,13.545760791186352,12.184085524452563,12.526118044640729,166941600
2009-04-20,10.970843315124512,12.422866695067462,10.957936145221217,12.242170009107747,162271800
2009-04-21,12.138914108276367,12.138914108276367,10.415846457269405,10.68689084835686,185041900
2009-04-22,11.73234748840332,13.268264799046735,11.712986736219197,11.751707009692142,248215300
2009-04-23,12.964949607849121,13.087565204206102,12.00338804480626,12.016295208821713,206481900
2009-04-24,13.810354232788086,14.178199926172457,12.939140035833049,13.313439313597279,222241900
2009-04-27,13.100480079650879,13.700650076198562,13.074666964894977,13.203735000465992,134002500
2009-04-28,12.571292877197266,12.984313613100868,12.442224897329755,12.506758271815901,107394300
2009-04-29,12.887510299682617,13.35215844523315,12.48739798645315,12.803616179455517,142750100
2009-04-30,12.913326263427734,14.171745611130165,12.842338069804645,13.139196781495954,115836200
2009-05-01,12.655191421508789,13.152105177066899,12.487401897606436,12.893967921407713,96730100
2009-05-04,15.64958667755127,15.64958667755127,13.074665140993602,13.190827218430059,294065000
2009-05-05,15.017148971557617,15.585050915352756,14.668662764693531,15.249471878571521,175576000
2009-05-06,17.35832405090332,17.35832405090332,15.780294255308645,15.851435321978702,256184300
2009-05-07,16.01310920715332,18.32841329479365,15.67034027352379,18.076187819856905,236941900
2009-05-08,18.224945068359375,18.224945068359375,15.411654893019417,15.541002049823103,478736600
2009-05-11,17.15782928466797,18.399556864124218,17.15782928466797,17.584673024461168,188439600
2009-05-12,16.621044158935547,17.520002935215274,15.709150422273703,17.29364606271115,189795100
2009-05-13,15.650948524475098,16.38822419401328,15.625078596784473,15.961380255486327,135710100
2009-05-14,16.614578247070312,16.614578247070312,15.437523879196188,15.683281981925996,122509300
2009-05-15,16.084257125854492,16.892673721305556,15.896703883607849,16.543437159968697,94467400
2009-05-18,17.416519165039062,17.429454120553473,16.342942528247924,16.827992258131097,107543400
2009-05-19,16.45936393737793,17.51353873503634,16.427026530366355,17.474735080168397,96754700
2009-05-20,15.81909465789795,16.912074192681605,15.702683709407555,16.724522192158933,122873300
2009-05-21,16.19420623779297,16.342954635771797,15.159432467397423,15.165899949946002,98832400
2009-05-22,15.722086906433105,16.297680408926986,15.722086906433105,16.220071866569114,59379300
2009-05-26,16.588706970214844,16.659848019680926,15.57333600459695,15.670345741612506,92738800
2009-05-27,15.573335647583008,16.75038989242513,15.5539332072064,16.718053725343154,110028600
2009-05-28,16.019582748413086,16.019582748413086,15.01714548018061,15.631542555340701,128903700
2009-05-29,16.49169921875,16.49169921875,15.605674051296186,16.032519165937806,121275800
2009-06-01,16.446428298950195,16.847402261054047,16.16833277780461,16.65985024227538,122370300
2009-06-02,15.773818969726562,16.135990372192435,15.592734502039047,16.064849340717814,102133000
2009-06-03,15.605670928955078,15.935504995363264,15.443987635630222,15.715615617757807,82289300
2009-06-04,16.233001708984375,16.233001708984375,15.379314180048741,15.77382054808988,75247800
2009-06-05,15.987241744995117,16.61457363977974,15.96784054151633,16.472291568692675,79067200
2009-06-08,16.420557022094727,16.556371647687186,15.844964817342253,15.909638389836482,65703100
2009-06-09,16.595172882080078,16.614575321067758,16.245937615121132,16.491695674570344,70525600
2009-06-10,16.11012840270996,16.685720716375087,15.8967064365777,16.65338454078227,88999800
2009-06-11,16.181264877319336,16.427022949302724,15.676812539822055,16.129526270925695,63676900
2009-06-12,16.478759765625,16.49169472420472,16.026047317244746,16.116589560211686,49000500
2009-06-15,15.980780601501465,16.491700543783494,15.941976945614849,16.310614760402654,59908800
2009-06-16,15.780294418334961,16.239475765196172,15.715620832834587,15.715620832834587,62161500
2009-06-17,14.933073043823242,15.676816144316758,14.861931981095232,15.625077526027104,100761400
2009-06-18,15.327590942382812,15.476339414401702,13.9500473125125,14.894279264314953,73968300
2009-06-19,15.644474029541016,16.297674608363902,14.965403534624315,15.521594395186385,101330400
2009-06-22,14.55795955657959,15.644471162492858,14.538557123064972,15.379310738852746,82122000
2009-06-23,14.816657066345215,15.068882612001758,14.331607180977619,14.654973771222682,83126100
2009-06-24,14.984806060791016,15.198227935651968,14.784319144053878,14.991273539852923,69038200
2009-06-25,15.39224910736084,15.398716587151352,14.389813177198945,14.920134184564368,64436000
2009-06-26,15.437519073486328,15.573332427402633,15.198227292503928,15.353443082784898,62738900
2009-06-29,15.864363670349121,15.935503473808453,15.262901679242187,15.495724760588521,60701400
2009-06-30,15.68974781036377,16.155395277123407,15.638009202946032,15.819093712135261,75007300
2009-07-01,15.612139701843262,15.929038834982775,15.547467365993114,15.683280751533305,57186500
2009-07-02,14.926600456237793,15.450453941413478,14.913665497703693,15.346976740231751,52546200
2009-07-06,14.939539909362793,15.146494373988917,14.37041389809504,14.842530158262536,77596200
2009-07-07,15.088288307189941,15.418122448435819,14.874866360918597,14.971876112215405,64747000
2009-07-08,14.816657066345215,15.243500866785048,14.279868575880233,15.088285051492896,93891900
2009-07-09,15.055948257446289,15.24996771007663,14.622636995262635,15.010675900523319,53836900
2009-07-10,14.790792465209961,15.094756699906968,14.75198757551129,14.920138396900906,53700500
2009-07-13,16.038976669311523,16.038976669311523,15.081812199199478,15.120615830813424,86119200
2009-07-14,15.780294418334961,16.058389972504333,15.489265133902345,15.98724890509932,67883400
2009-07-15,16.36235237121582,16.47229708407496,15.941975963300012,15.987247097969204,90990200
2009-07-16,16.200668334960938,16.414090270184577,15.890236653462159,16.21360329674318,61519900
2009-07-17,16.1683292388916,16.381751135503144,15.896701258336398,16.213600363393198,54724600
2009-07-20,16.504636764526367,16.802133538235328,16.01311922950863,16.220073721401135,64893800
2009-07-21,16.394681930541992,16.75038459002754,16.03897803751113,16.672777320179385,64544500
2009-07-22,15.812634468078613,16.084262585696834,15.146498523228962,15.321116863172012,150692300
2009-07-23,15.68974781036377,15.877299799673429,15.534531988110556,15.767355104717524,99923300
2009-07-24,15.178825378417969,15.553930526223432,14.984805942277227,15.54099680174741,93905100
2009-07-27,15.663883209228516,15.73502428116656,15.120627030083376,15.211170548971648,62487900
2009-07-28,15.857901573181152,15.935508882120374,15.4569263651754,15.515132463652783,62683700
2009-07-29,15.76736068725586,16.01312008466213,15.62507977486801,15.709155812655574,48075900
2009-07-30,16.084257125854492,16.36881887930027,15.864367713208138,15.941975015585776,54517400
2009-07-31,15.81909465789795,16.123060074002566,15.806160930429535,16.10365763248128,54880800
2009-08-03,16.68571662902832,16.70511906975879,16.084255768932493,16.103656976117236,66231200
2009-08-04,17.17076301574707,17.45532592023708,16.31060805690848,16.614573398140585,82298700
2009-08-05,18.155656814575195,18.175094628025313,17.235562823116314,17.30683686555539,87411700
2009-08-06,18.123262405395508,18.78417539801215,17.799285593627364,18.505555142151792,85642200
2009-08-07,18.63514518737793,19.01743790005354,18.14270031620471,18.408361186250694,71572200
2009-08-10,18.55738067626953,18.784164560843248,18.239883732215432,18.466667616789145,43352200
2009-08-11,17.423471450805664,18.3500452722043,17.423471450805664,18.337085903935126,72918200
2009-08-12,17.604900360107422,17.81872501080211,17.248526354240774,17.31332072921763,53521000
2009-08-13,18.064945220947266,18.077904589124113,16.87919022197981,17.844642141307702,49493800
2009-08-14,17.967748641967773,18.201012276462237,17.68912846429341,18.013105185147673,45055900
2009-08-17,17.04117774963379,17.488266042003346,17.00878056671318,17.33275733941248,51950300
2009-08-18,17.067100524902344,17.33276144253486,16.982865851970903,17.196691759009056,36659900
2009-08-19,17.24204444885254,17.404032837178104,16.736640232362383,16.859751753534344,46441900
2009-08-20,17.80576515197754,17.96127387221934,17.2938824356658,17.300362120160056,48097300
2009-08-21,18.10382080078125,18.19453389362191,17.896475882360768,18.08438175122688,51137800
2009-08-24,17.702085494995117,18.492589380578128,17.624331784334036,18.252846094981734,51642300
2009-08-25,17.70857048034668,18.18805595926612,17.689131428923197,17.86407918411461,42789000
2009-08-26,17.8964786529541,17.961273023086562,17.507706252792392,17.5854599913007,43310800
2009-08-27,17.974233627319336,18.045508922413795,17.728011790615664,17.851122091030764,35292800
2009-08-28,17.68912696838379,18.149174515746193,17.630811064691752,18.149174515746193,35405800
2009-08-31,17.83167266845703,17.88350887591703,17.345707760067288,17.475297660780953,35614100
2009-09-01,16.982858657836914,17.993666889582634,16.723677535289195,17.715046719391434,87353300
2009-09-02,16.905105590820312,17.300357590366012,16.775514406613258,16.911585273617977,53902400
2009-09-03,17.43642807006836,17.44290775318137,17.047655734400117,17.060615100626134,39465400
2009-09-04,17.43642807006836,17.481784615986236,17.209644104605786,17.416989020729332,31552900
2009-09-08,17.48179054260254,17.682657079583343,17.23556868020084,17.630819597105507,31736000
2009-09-09,17.935348510742188,17.980705046453036,17.4817806818879,17.514179090162013,47483700
2009-09-10,18.051984786987305,18.11030070047438,17.68912993954034,17.818721133039002,40938900
2009-09-11,17.77336883544922,18.201018146017482,17.734491962453973,18.0260703637286,33802300
2009-09-14,18.090858459472656,18.13621499843436,17.559536884424695,17.6048934233864,32056200
2009-09-15,18.51851463317871,18.719379911753112,18.006631909868435,18.097345022281367,50756800
2009-09-16,19.056312561035156,19.153505340007595,18.382441555736122,18.641622711620364,49675000
2009-09-17,18.648101806640625,19.075751009325298,18.499071565320115,18.946159817535253,36872000
2009-09-18,18.460193634033203,18.842486268234026,18.291725588802915,18.842486268234026,42749200
2009-09-21,18.330608367919922,18.589789566835027,18.23989402139455,18.395402740743616,34390700
2009-09-22,19.043352127075195,19.140546136474075,18.350042110485763,18.550907340555323,45230300
2009-09-23,18.63514518737793,19.05631476897229,18.60274676671782,19.0044785317895,38182200
2009-09-24,18.434276580810547,18.913761996793337,18.09086079931187,18.725854898650717,46650900
2009-09-25,18.26580810546875,18.427796468003553,18.006626972587693,18.31764433204496,34479100
2009-09-28,18.725852966308594,18.725852966308594,18.149174837220485,18.343560362388402,31319700
2009-09-29,18.36948585510254,18.771216417931033,18.33708743173025,18.596269875214617,29705900
2009-09-30,18.25933265686035,18.583309457057666,18.07142551952667,18.42132105695901,39190600
2009-10-01,17.235563278198242,18.181574791193174,17.190206731119474,18.181574791193174,56454900
2009-10-02,17.028215408325195,17.29387619739289,16.840308333394237,16.872706744178714,52060900
2009-10-05,18.201007843017578,18.337077439413118,17.715042880108683,17.779838455671097,56118100
2009-10-06,18.570350646972656,18.823052163247464,18.343566632838968,18.363005686349897,59068600
2009-10-07,18.959123611450195,18.985041114336852,18.37596558395535,18.460199013178837,41824100
2009-10-08,18.82305335998535,19.069276443284416,18.73234024291387,18.894328658183532,45338900
2009-10-09,18.926721572875977,19.004476538431224,18.69993883140911,18.797131611448233,29218700
2009-10-12,19.620027542114258,19.78849555849272,18.86192208634764,19.114623492978875,52504500
2009-10-13,19.477481842041016,19.658909266751248,19.19238319219051,19.425645611534268,38648600
2009-10-14,20.30686378479004,20.365179701519917,19.691307435251698,19.89217391993162,62894600
2009-10-15,20.33277702331543,20.42997102141681,20.0347190543654,20.086555276612057,39072700
2009-10-16,19.451560974121094,19.846811699792806,19.3284494845481,19.81441452479239,57472400
2009-10-19,19.483963012695312,19.71074700192692,19.289577442424402,19.66539045125526,32327500
2009-10-20,19.736663818359375,19.85329565083594,19.341413007700577,19.425646422337387,41722700
2009-10-21,18.725852966308594,20.16431030169407,18.686976108449617,19.50339753872631,113718800
2009-10-22,19.548755645751953,19.62003092076715,18.537948609288822,18.65458042808709,74918700
2009-10-23,18.998003005981445,19.555243604571526,18.823055203744048,19.555243604571526,49377700
2009-10-26,18.434276580810547,19.004475086449414,18.317644759325216,18.991515720534785,55207900
2009-10-27,18.395395278930664,18.602740153956447,18.168612594291805,18.408354642588012,49819400
2009-10-28,17.792804718017578,18.317648007777283,17.753927849252428,18.2917292713516,57274600
2009-10-29,18.512035369873047,18.544433793524572,17.941836708214637,18.12974262189951,47894800
2009-10-30,17.83167266845703,18.466666518810186,17.72152057312045,18.362994103890188,66430300
2009-11-02,17.890003204345703,18.298213517844356,17.326282905265607,18.051991639775494,55576000
2009-11-03,17.974233627319336,18.16862045870237,17.50122777193886,17.57250306703332,37878400
2009-11-04,17.409488677978516,18.25334980633335,17.34457609301205,18.18843722136689,46075800
2009-11-05,17.714576721191406,17.740541011238395,17.20176868313971,17.539313120482255,53391400
2009-11-06,17.60423469543457,17.74055007354971,17.25370731495822,17.344584233701646,37610100
2009-11-09,18.435104370117188,18.435104370117188,17.60422720790187,17.850893555908385,44419900
2009-11-10,18.240365982055664,18.46755939718732,18.130014965454833,18.337734234796514,35216700
2009-11-11,18.694753646850586,18.90896432187121,18.337736267851096,18.415631621542524,40085800
2009-11-12,18.318267822265625,18.759672075012634,18.24686506710128,18.681777935177884,34730700
2009-11-13,17.967737197875977,18.27282477202447,17.766509276122914,18.220894945826753,36576600
2009-11-16,18.311777114868164,18.616866015135756,18.0326549923476,18.123531904884292,45256000
2009-11-17,18.415634155273438,18.49352828157735,18.162475149523676,18.29879172771275,29199400
2009-11-18,18.73371124267578,18.779149705675742,18.350728142954303,18.36371091469865,27288800
2009-11-19,18.383180618286133,18.584408592700008,18.266338169237738,18.558444291858724,30848000
2009-11-20,18.0910701751709,18.35721067707215,17.95475361379691,18.311770997877712,41877900
2009-11-23,18.22090721130371,18.402662344397278,18.097573326772167,18.31827554620523,32738800
2009-11-24,18.084583282470703,18.220898639584416,17.837915629448315,18.104056197426967,29019100
2009-11-25,18.065105438232422,18.259841976635055,17.948263019948953,18.181947856515887,22882000
2009-11-27,17.617216110229492,17.909322258673114,17.46142657709461,17.500373650852044,23176800
2009-11-30,18.2014217376709,18.240368797157174,17.688613628998663,17.70808777779415,36739300
2009-12-01,18.168970108032227,18.428619310309102,18.078093196761582,18.27282978894298,33169200
2009-12-02,17.818437576293945,18.16247218110035,17.708086550311517,18.097559594386343,35368000
2009-12-03,17.195281982421875,18.117037434966534,17.14335215008576,17.86387965709109,66620600
2009-12-04,17.50035858154297,17.805447237899966,17.240709583231546,17.539306859867747,63916000
2009-12-07,17.110891342163086,17.727557761617202,16.99404894489055,17.571768311288654,35764600
2009-12-08,16.896684646606445,17.17580670327081,16.818789284164325,16.87071911309081,42682400
2009-12-09,16.851247787475586,17.10440682926713,16.760370881148102,16.97458161613788,35697000
2009-12-10,16.435810089111328,17.045986647075203,16.390371633175572,16.994056806276472,62139500
2009-12-11,16.494226455688477,16.65001593219017,16.234577328185658,16.28650715368622,48496300
2009-12-14,16.546157836914062,16.81878975595196,16.28650868499816,16.48773662296988,43877900
2009-12-15,16.656511306762695,17.084932779336874,16.22808983418852,16.89019619656861,254575800
2009-12-16,16.773340225219727,17.01351506774385,16.591585319930772,16.935620992694297,87439800
2009-12-17,16.922645568847656,16.994049533678005,16.630540803650348,16.64352232971579,80733500
2009-12-18,17.38353157043457,17.52633832589066,16.99405713779376,17.123881123270635,145756600
2009-12-21,17.747032165527344,17.84440041863694,17.428961878380253,17.519838749535275,47240800
2009-12-22,17.630191802978516,17.721068684630527,17.312121479091825,17.69510439191766,45699700
2009-12-23,17.428970336914062,17.70809370590086,17.344583568654972,17.70160232079592,25516800
2009-12-24,17.584758758544922,17.617214443922133,17.44195200953814,17.500371995596115,10481200
2009-12-28,17.364051818847656,17.65615785870566,17.22773649231705,17.578262502041966,19753100
2009-12-29,17.318620681762695,17.44844468015643,17.23423390660681,17.344584986199354,18586500
2009-12-30,17.409488677978516,17.409488677978516,17.162822340831458,17.201769396569503,19087700
2009-12-31,17.519838333129883,17.682119163823682,17.32510183153912,17.357557502436084,28942400
2010-01-04,17.734050750732422,17.837910393697694,17.409489056939794,17.539314229698686,39335700
2010-01-05,18.22090721130371,18.331258321020243,17.682134437536075,17.701608599758597,55416000
2010-01-06,18.246858596801758,18.389665294596515,18.0391393134259,18.194928775957795,33237000
2010-01-07,18.908966064453125,19.103703847575705,18.12352726302919,18.253352451777577,61649000
2010-01-08,18.73371124267578,19.051781721780774,18.564938924315022,18.75967554805922,35508700
2010-01-11,18.694753646850586,18.9349298524699,18.55194694287172,18.883000029377165,24387800
2010-01-12,18.22738265991211,18.532470172650164,17.850891186235682,18.480540356905294,39795000
2010-01-13,18.551952362060547,18.668794807676075,18.045635510428255,18.168969340589648,36715300
2010-01-14,18.818084716796875,18.960891400102422,18.50001444163602,18.50001444163602,31540700
2010-01-15,18.22738265991211,18.759663580823148,18.097557501497697,18.707733765078277,47255900
2010-01-19,18.357213973999023,18.480546553934563,17.922301157008476,18.130020489641893,40815800
2010-01-20,18.058609008789062,18.597381268456665,17.980714910437133,18.188434156848107,75712300
2010-01-21,18.175447463989258,18.500009025846207,17.643166700640514,18.162464704369995,90151500
2010-01-22,17.695100784301758,18.441592309648176,17.636679589977703,18.155977719408845,69506900
2010-01-25,17.954755783081055,18.20791355008457,17.64966818597157,17.818440443342183,48319700
2010-01-26,17.519838333129883,18.402646448297578,17.47439989863234,17.8184357054208,66590800
2010-01-27,18.305282592773438,18.33124688810439,17.448438560966075,17.46142132768394,63074200
2010-01-28,18.46756362915039,18.675282946092313,17.99370254450874,18.357212587261895,62109300
2010-01-29,18.454574584960938,18.934925651523116,18.42211767891354,18.46106596617042,88783700
2010-02-01,18.77914047241211,18.883000119091026,18.50650859035379,18.56492979637376,45240000
2010-02-02,18.68826675415039,18.908967612119014,18.50651172264727,18.798616564082273,50306600
2010-02-03,18.29811668395996,18.71427939413564,18.194076316480793,18.57772563665735,44597600
2010-02-04,17.595844268798828,18.259102567510254,17.556829439539055,18.174570230737572,68235300
2010-02-05,17.829931259155273,18.01850392022977,17.309729531785546,17.75190037992044,68479000
2010-02-08,17.186174392700195,17.823421567999763,17.166666370504316,17.706375915341013,43425800
2010-02-09,17.36825180053711,17.647860704714958,17.1471669882022,17.4852975037054,46845300
2010-02-10,17.673870086669922,17.920965587958552,17.26421015630518,17.303226214607626,42104800
2010-02-11,17.608850479125977,17.712890855702803,17.368256333130116,17.654367988845948,35821600
2010-02-12,17.478790283203125,17.582831845841618,17.212186802072022,17.42026868709053,45333600
2010-02-16,17.810422897338867,17.810422897338867,17.51780989624402,17.680373088049624,36097500
2010-02-17,17.771413803100586,17.97299187859936,17.615353237528073,17.940479725868926,50109700
2010-02-18,17.777910232543945,17.927468066947124,17.660864539442784,17.751899527295382,30287900
2010-02-19,17.797422409057617,17.868949384642704,17.602345795008073,17.60884847283562,32174300
2010-02-22,18.21358299255371,18.30461799724605,17.803922990920345,17.868948525811554,41852200
2010-02-23,17.74539566040039,18.207074452991442,17.67386747102377,18.174562316143078,38755100
2010-02-24,17.98598289489746,18.05751106218328,17.673862012618102,17.849430473997042,35782300
2010-02-25,17.842933654785156,17.868943116712977,17.58283283421423,17.66736513580283,34185600
2010-02-26,17.777910232543945,17.881950573020827,17.511306705039605,17.875447896708685,50819700
2010-03-01,17.78441619873047,17.94047673831486,17.654365128947347,17.849441733622026,34311000
2010-03-02,18.122549057006836,18.34363390426564,17.797422603628778,17.816929397065707,45592200
2010-03-03,18.33713150024414,18.499694718365955,18.168065604566383,18.174568282122326,35902200
2010-03-04,18.4866886138916,18.577723615466834,18.34363219397752,18.43466843581163,30891500
2010-03-05,18.954866409301758,19.03289728087773,18.564714531939156,18.61673469957026,40554100
2010-03-08,18.785799026489258,19.084915896233355,18.740281538546544,18.941859516689362,31311900
2010-03-09,18.84432601928711,19.000386543888347,18.512696939412432,18.714276202248815,31292400
2010-03-10,19.227977752685547,19.397043652862347,18.92235934097689,18.941866133904895,42568300
2010-03-11,19.351516723632812,19.351516723632812,19.013385087970235,19.201958929486874,32127400
2010-03-12,19.266990661621094,19.4685699303845,19.175955662991708,19.397041722742077,36671500
2010-03-15,19.436052322387695,19.436052322387695,19.026393677297172,19.16944882124368,26911900
2010-03-16,19.68965721130371,19.715666680985734,19.338520068654542,19.462068460356168,40201400
2010-03-17,19.865224838256836,19.943255728982983,19.676652149411954,19.774189832625442,33176200
2010-03-18,19.69615936279297,19.871726689170025,19.410047762377985,19.813203833624712,33984900
2010-03-19,19.754676818847656,19.85871839366866,19.48157063055674,19.754676818847656,53781800
2010-03-22,19.774188995361328,19.89123470636522,19.540097573353542,19.566108282580576,28594000
2010-03-23,20.209856033325195,20.235866739438233,19.754678598416845,19.813201446912455,39320200
2010-03-24,20.066795349121094,20.33990148686948,19.94324700959582,20.053789999642984,36135600
2010-03-25,20.196849822998047,20.801585071611733,20.09280948347942,20.17734303449998,47424300
2010-03-26,20.300899505615234,20.658539422533746,20.157844283003378,20.294396826370253,36079700
2010-03-29,20.222858428955078,20.45044711312628,20.092807397926236,20.38542159761186,25280200
2010-03-30,20.053794860839844,20.352910529794038,20.027784155578424,20.222860724263008,26937900
2010-03-31,20.235870361328125,20.261879831837703,19.884733207506667,19.884733207506667,28384000
2010-04-01,20.398426055908203,20.547983866864104,20.242364329401138,20.417932841527715,33041400
2010-04-05,20.48946189880371,20.645522391673524,20.326898730365336,20.47645654766659,30821900
2010-04-06,20.990158081054688,21.061686280794664,20.38542406235208,20.391926738715597,39500100
2010-04-07,20.801584243774414,21.126711842154418,20.658529092694117,20.990156886550324,34514700
2010-04-08,20.9576473236084,21.074693025364375,20.52197790054936,20.67153698627021,32203600
2010-04-09,21.003170013427734,21.230760036671644,20.75607443550019,21.068196797433785,27106200
2010-04-12,21.08119773864746,21.263270236633563,20.983661292368645,21.068194863557977,25108400
2010-04-13,20.905624389648438,20.96414722932852,20.632516977635678,20.912125824938627,38042000
2010-04-14,21.640413284301758,21.731448283180033,21.03567795687589,21.10720616471387,54445900
2010-04-15,21.789968490600586,22.03706522934631,21.53637031580354,21.60789851495499,47891800
2010-04-16,21.172231674194336,21.620905205011265,20.58700317267875,21.594894498162233,89843800
2010-04-19,21.47134780883789,21.627407092149078,20.89262321223353,21.211245695962464,54879400
2010-04-20,21.907014846801758,22.037065896421353,21.458341330157474,21.58188846301149,46816100
2010-04-21,21.464839935302734,22.271154352181515,21.139713594394976,21.191734999588437,96214600
2010-04-22,21.835494995117188,21.92653001016477,21.172236696247218,21.2632717112948,49765400
2010-04-23,21.770463943481445,21.972043209070975,21.588393949089376,21.91352035651386,30999200
2010-04-26,21.276273727416992,21.750958003152345,21.19174016363686,21.692435148307286,36186000
2010-04-27,20.62602424621582,21.503866024379796,20.580506735688505,20.938146621741534,52674300
2010-04-28,21.100709915161133,21.230761008608752,20.78858753893868,20.853613085662488,39027300
2010-04-29,21.607898712158203,21.718442970178607,21.282772335242463,21.321788393458615,31021400
2010-04-30,21.529865264892578,21.99154404305951,21.445331727314265,21.620900237430625,53446100
2010-05-03,22.03057098388672,22.167123510190503,21.594900210727445,21.60140412941897,37442300
2010-05-04,21.41932487487793,22.089086899847743,21.276270955408453,21.724944463752674,53828300
2010-05-05,21.269542694091797,21.608188499022138,20.657375468586075,21.250006248286333,45183200
2010-05-06,20.30570411682129,21.328152768347067,19.087882328237864,21.126267069173075,78743100
2010-05-07,20.071252822875977,20.676907314614002,19.667483989813267,20.11032694559147,66958000
2010-05-10,21.471416473388672,21.543053380569077,20.94391037129526,21.002522160416753,67195800
2010-05-11,21.432353973388672,21.92729633503568,21.11324460027572,21.171856424549986,47883200
2010-05-12,21.920785903930664,22.01847310978213,21.530042049102487,21.608190323210355,39616100
2010-05-13,21.543058395385742,22.03148925699988,21.543058395385742,21.8165784854315,33791100
2010-05-14,20.865764617919922,21.41280721973276,20.683416669934385,21.334656502125533,57390600
2010-05-17,20.82018280029297,20.996019482147428,20.279652599888156,20.89182097909186,47043700
2010-05-18,19.921470642089844,21.067654189577826,19.76517288561421,21.022067499207118,56666700
2010-05-19,19.58934211730957,19.71959089985216,18.9446132522271,19.504681278158003,72538500
2010-05-20,18.684110641479492,19.53723627781021,18.658060396879947,19.17254154842475,78027500
2010-05-21,19.60887336730957,19.732608303728615,18.267315571011814,18.267315571011814,88191700
2010-05-24,18.697139739990234,19.374431382881617,18.57991733300769,19.257207733754694,64867000
2010-05-25,18.820877075195312,18.82738963855148,17.87006518379519,18.04589942583387,55196200
2010-05-26,18.260805130004883,19.107418252758812,18.039383007042638,19.035781318228647,62366800
2010-05-27,19.15300941467285,19.198596113787044,18.56037984189954,18.697139939242124,48871900
2010-05-28,18.684110641479492,19.21161567318004,18.58642470851925,19.19207798973038,40885500
2010-06-01,18.384540557861328,19.01624537799463,18.358491553254172,18.677599623092668,39475500
2010-06-02,19.00322151184082,19.016246636078186,18.44315359107626,18.599451355492,32478900
2010-06-03,18.79482078552246,19.198589620087553,18.573398685737484,19.12044137436578,30888500
2010-06-04,18.091487884521484,18.527819704654497,18.00682580062484,18.417108608735838,50696800
2010-06-07,17.772375106811523,18.306392757048943,17.75283742126229,18.24126838069566,36969800
2010-06-08,18.078453063964844,18.111014622069327,17.362087606371876,17.883079988906495,47134900
2010-06-09,17.60305404663086,18.208707455597274,17.518391975967916,18.202196135217932,37988200
2010-06-10,18.319419860839844,18.39105681164322,17.84401394148596,17.92216345528459,41612900
2010-06-11,18.13055419921875,18.202191125116567,17.811446176260034,18.065429834052,39468100
2010-06-14,17.844005584716797,18.215212806590323,17.78539378735321,18.104501771808412,45506200
2010-06-15,18.1761474609375,18.189172587114,17.909138585041163,17.967750410691032,45128400
2010-06-16,18.31291389465332,18.39757475405751,18.01985468489893,18.071953961950292,28707100
2010-06-17,18.18917465209961,18.358497585183905,17.928678309717828,18.299885752879938,30739400
2010-06-18,18.28034019470215,18.384538686814462,18.0654306494525,18.260803753771096,39496700
2010-06-21,18.195674896240234,18.56036952865211,18.097988989255015,18.52129541428676,30005400
2010-06-22,17.88308334350586,18.449663752670126,17.863546901835953,18.254291883106752,33694800
2010-06-23,17.791913986206055,18.07846053610667,17.681202903890654,17.830988120510213,36030500
2010-06-24,17.49234390258789,17.648641685072803,17.1146239510466,17.61607887071489,66950600
2010-06-25,17.616077423095703,17.980773461068917,17.485829902800347,17.68120180431551,78977700
2010-06-28,17.60305404663086,17.80493851628633,17.46629271792314,17.739814133194287,31717000
2010-06-29,16.886688232421875,17.362094114970013,16.795514841835736,17.303482294694838,55568200
2010-06-30,16.671781539916992,17.225337026539833,16.61968227306687,16.96483945014473,37501000
2010-07-01,16.398256301879883,16.89319984404219,16.020536393669726,16.63270356978419,58947800
2010-07-02,16.202882766723633,16.72387654459108,16.124734507437235,16.541528536015843,32231100
2010-07-06,16.37871742248535,16.697825490475687,16.144271413802237,16.580601865062068,37248300
2010-07-07,17.362092971801758,17.407679664093276,16.372205896936084,16.46338052366332,48830500
2010-07-08,17.349069595336914,17.62259101878341,16.997399903559604,17.62259101878341,38228800
2010-07-09,17.583513259887695,17.60956350539076,17.192768272350268,17.25789264396385,24905000
2010-07-12,17.62257957458496,17.66816624186443,17.296959102996176,17.537918798515026,18761700
2010-07-13,18.195674896240234,18.286848243807277,17.79190490731931,17.824467704410186,31658500
2010-07-14,18.013334274291992,18.091483776903395,17.74632544043135,18.03938452254386,31305800
2010-07-15,18.111021041870117,18.338955755828803,17.596541037017793,18.13707129130277,48127100
2010-07-16,17.08856773376465,17.889594055157385,17.03646849112473,17.870057615507367,55456400
2010-07-19,16.945295333862305,17.192766428886387,16.684799117483287,17.108105624367184,34667100
2010-07-20,16.873666763305664,16.88017932720773,16.476409060291303,16.587120162337378,47672300
2010-07-21,16.971351623535156,17.974264040019946,16.91273979440841,17.92867733784236,70914600
2010-07-22,17.837505340576172,17.9026297428498,17.290462348909145,17.336050300001947,53000300
2010-07-23,17.857038497924805,17.941699329874037,17.58351707157016,17.798426674981357,25737000
2010-07-26,18.1761474609375,18.18266002402575,17.733303108091558,17.876577011744303,22724200
2010-07-27,18.488740921020508,18.736213321483305,18.391054970161722,18.501766045706816,38411500
2010-07-28,18.28034019470215,18.586424352158076,18.182654263614857,18.397563808864504,23935100
2010-07-29,18.032873153686523,18.553865731755096,17.89611182560334,18.443154653647486,30045500
2010-07-30,18.058917999267578,18.228240858650114,17.746322524473975,17.75934764645971,27490900
2010-08-02,18.60596466064453,18.612477223023294,18.202195730315314,18.423617882616213,28005100
2010-08-03,18.31291389465332,18.5538725852116,18.195690210751565,18.52782356775829,29544200
2010-08-04,18.221572875976562,18.430341142923172,18.071520839653317,18.37814907618652,28936700
2010-08-05,18.18895149230957,18.24114355742719,17.980183231839096,18.078043198390006,21881200
2010-08-06,18.104141235351562,18.117189563716437,17.77141632818982,17.934516699679474,38637900
2010-08-09,18.41728401184082,18.44338065491368,17.954079796505432,18.20199168391545,29199300
2010-08-10,18.117189407348633,18.312909353704143,17.947564873140557,18.22809770877864,29837400
2010-08-11,17.15814971923828,17.869267071125545,17.132054320346242,17.784455469280875,39624100
2010-08-12,16.962430953979492,17.216867020095098,16.877619346726462,16.962430953979492,31944800
2010-08-13,16.858051300048828,17.158155329391835,16.838478811212912,16.955911255514728,25494200
2010-08-16,16.753660202026367,16.9037121541859,16.649276127101793,16.74713604179904,24593600
2010-08-17,16.531850814819336,16.968959782479615,16.447037939882208,16.936338967366545,49481000
2010-08-18,16.557947158813477,16.74714416409676,16.368751397887124,16.50575509603825,38076300
2010-08-19,15.938164710998535,16.544898147757035,15.833780597616082,16.375273652421352,51516800
2010-08-20,16.049072265625,16.12083556262677,15.833779885906232,15.938163994596742,40025600
2010-08-23,15.807685852050781,16.23174651931446,15.781590442738844,16.21869943683696,33766900
2010-08-24,15.42276382446289,15.690248214393614,15.357524700562928,15.631532007398429,55658300
2010-08-25,15.396672248840332,15.429291818894143,15.01827951217469,15.27271564279355,55554200
2010-08-26,15.324904441833496,15.72286958249696,15.26618823274031,15.4814805846298,41212900
2010-08-27,15.657634735107422,15.657634735107422,15.311861520071943,15.422769815886568,45099500
2010-08-30,15.168327331542969,15.644579891049084,15.155279009386406,15.611960330014169,37964800
2010-08-31,15.36405086517334,15.448863735141765,15.024803118370006,15.122663069262444,35713300
2010-09-01,16.088212966918945,16.146929172549463,15.501052154970264,15.598912082902293,53882000
2010-09-02,16.375268936157227,16.381793096909195,16.062116686201286,16.10126040635667,38196400
2010-09-03,16.858051300048828,17.047247048035324,16.694950959486714,16.79933507789792,42741400
2010-09-07,16.25783348083496,16.753658405743824,16.251309321307136,16.681893895293957,30986700
2010-09-08,16.453561782836914,16.570994226245862,16.3296064208891,16.3296064208891,22687800
2010-09-09,16.76019287109375,16.968961126930683,16.453563406520917,16.77323995381584,28728700
2010-09-10,16.79933738708496,16.942865258540074,16.747145320705194,16.85152945346473,19893500
2010-09-13,17.28863525390625,17.477832236994974,17.12553492132223,17.203823628479544,39588200
2010-09-14,17.001583099365234,17.177731806717855,16.89067479225697,17.158159313337407,29814000
2010-09-15,17.184253692626953,17.24949408422074,16.708000949399157,16.779764260231048,32614200
2010-09-16,17.001583099365234,17.14511222877424,16.89719895671712,17.06682349960959,28999400
2010-09-17,16.968957901000977,17.203822766346384,16.877622117525195,17.203822766346384,34400600
2010-09-20,17.327774047851562,17.38649025039949,16.910237713605348,17.021145957934053,30529000
2010-09-21,17.210336685180664,17.588729190181418,17.151621743902474,17.373436924307818,32217500
2010-09-22,16.838478088378906,17.27558703209565,16.779761868748537,17.203823731491596,32251200
2010-09-23,16.336132049560547,16.74714439401352,16.336132049560547,16.505755322641047,59315100
2010-09-24,16.6949520111084,16.786287809382273,16.525327496916262,16.61013913183387,46480600
2010-09-27,16.655805587768555,16.91024169582282,16.629708938554412,16.779760938465557,28381000
2010-09-28,16.538372039794922,16.877620990562026,16.381795888138562,16.68842402958769,38697900
2010-09-29,16.336132049560547,16.551424467008665,16.251319168663347,16.447039095668202,37676000
2010-09-30,16.388324737548828,16.72104837726452,16.32308434460883,16.466612213591226,37365700
2010-10-01,16.67538070678711,16.760193592092488,16.388324964841097,16.505756180533368,32117900
2010-10-04,16.557947158813477,16.82543288043807,16.45356303326302,16.642760038546303,25645400
2010-10-05,17.125530242919922,17.190770607002335,16.570989014754083,16.747137624469666,42788700
2010-10-06,17.15814971923828,17.282106285955663,17.047241474145135,17.105957677097766,31852900
2010-10-07,16.962430953979492,17.34082359471708,16.858046863041984,17.26905906556385,27293900
2010-10-08,16.929821014404297,17.125540985062116,16.779767709585595,17.086397239802,29467900
2010-10-11,16.734086990356445,17.027667965980143,16.61013044016463,16.93633097114373,24637400
2010-10-12,16.949384689331055,16.98852966145256,16.505751626807346,16.59708865073419,37344700
2010-10-13,16.838478088378906,17.184251243495876,16.72104564911817,17.112486698535026,41846800
2010-10-14,16.127363204956055,16.629712614149952,15.788115400686761,16.603617203524777,117397100
2010-10-15,15.383621215820312,16.310031027984074,15.246617552476422,16.310031027984074,144985700
2010-10-18,16.225223541259766,16.231746460296332,15.42276886485676,15.455389681824242,66672500
2010-10-19,16.016448974609375,16.51879819764236,15.912064882077397,16.094737666186628,72213100
2010-10-20,16.701473236083984,16.942861016012536,15.76853919434183,15.83377957206947,101499400
2010-10-21,16.982006072998047,17.229918016357438,15.572819382302097,16.812381587812478,52489800
2010-10-22,17.034198760986328,17.125534547043063,16.799333889004146,16.982006705474372,26633200
2010-10-25,16.779760360717773,17.236441751387364,16.649280852209806,17.20382218534954,36779700
2010-10-26,16.903718948364258,16.955911006804303,16.623186167615195,16.70147487745368,30595600
2010-10-27,16.79933738708496,16.96243775006637,16.70147741816752,16.76019364838939,35352000
2010-10-28,16.92329216003418,16.936339241934064,16.70799975422508,16.858051773107235,23976400
2010-10-29,17.001583099365234,17.047251006229143,16.747146907205096,16.84500688539306,24018000
2010-11-01,16.916767120361328,17.027675399083343,16.701474725707634,16.982007503907834,24764600
2010-11-02,16.9428653717041,16.99505743843247,16.81890999094737,16.962437863361124,25101700
2010-11-03,17.295841217041016,17.321988212786877,16.792524016506967,16.825206514431915,32381400
2010-11-04,17.94950294494629,17.97564994330743,17.406965196527675,17.524624195637795,57381100
2010-11-05,19.099943161010742,19.191456401186958,18.008331002022086,18.014867751088772,79752600
2010-11-08,18.98227882385254,19.1391570066831,18.63583872421194,18.897302362262877,35734000
2010-11-09,18.387449264526367,19.02803680348862,18.328621030697576,18.98228081786784,37178800
2010-11-10,18.68160057067871,18.70774756607193,18.2240381253563,18.354770608807666,37250900
2010-11-11,18.426673889160156,18.675064115515106,18.289404654701787,18.53779612781412,23280400
2010-11-12,18.00179100036621,18.32862089146866,17.910277783062703,18.30901064916996,27040000
2010-11-15,18.073692321777344,18.43974144248038,18.021399590248336,18.05408332667713,23160300
2010-11-16,17.773006439208984,18.060615790887613,17.55076205588477,17.97564058397276,45295900
2010-11-17,17.55730628967285,17.929892253918585,17.491940046685073,17.76647726982783,31956700
2010-11-18,17.982179641723633,18.11291084199449,17.720715994424907,17.805691212263113,30765200
2010-11-19,17.9691104888916,18.008329733772275,17.707646778424913,17.92989124401093,24750900
2010-11-22,17.616134643554688,17.88413510037771,17.505012411694608,17.81876886162049,24825700
2010-11-23,17.518085479736328,17.616135465827515,17.341598247638395,17.413499991545937,30165900
2010-11-24,17.72072410583496,17.740333109134976,17.485406092174117,17.596528348985338,22038200
2010-11-26,17.420024871826172,17.746854611435506,17.420024871826172,17.596513230436774,9239700
2010-11-29,17.779550552368164,17.877599292283225,17.328524852650034,17.374280848159906,31181000
2010-11-30,17.786087036132812,17.92989302625187,17.550770296700843,17.570379297711668,33064700
2010-12-01,17.995254516601562,18.171741712847403,17.779546835183663,18.02793700748784,35338900
2010-12-02,18.812334060668945,18.812334060668945,18.034478360705247,18.06062411074001,43197400
2010-12-03,18.988815307617188,19.04110803793643,18.498570493340424,18.531254229013093,36853100
2010-12-06,18.78618621826172,19.021504191769456,18.779649469357906,18.86462595835009,27255700
2010-12-07,18.609695434570312,19.119550565139978,18.577012940854157,19.01496508913962,30166400
2010-12-08,19.197996139526367,19.197996139526367,18.629311349750125,18.66199385341507,31376300
2010-12-09,19.65555191040039,19.681698903403074,19.276429239162223,19.315648481909,45744200
2010-12-10,19.786279678344727,19.975840345523203,19.71437671143722,19.818962165071614,40143400
2010-12-13,19.753597259521484,19.982378422106642,19.609792562892803,19.930085691809207,30423700
2010-12-14,19.492141723632812,19.83204523546426,19.38755621949353,19.69477598205798,26799300
2010-12-15,19.472524642944336,19.69476781197789,19.381011429717187,19.46598789580261,36800800
2010-12-16,19.62287139892578,19.845115874878875,19.413700420795195,19.505212412037984,34396900
2010-12-17,19.58365249633789,19.766677740448912,19.420237500553664,19.603262744664686,37736800
2010-12-20,19.675155639648438,19.7928145756828,19.511740727768892,19.622862917717256,22290400
2010-12-21,20.145797729492188,20.19155372258169,19.64901606054258,19.688236551839843,25481400
2010-12-22,20.46609115600586,20.662189874406128,20.171944948541437,20.185017199028934,29063200
2010-12-23,20.25691032409668,20.498764918338296,20.17193512689416,20.41378847437906,16954800
2010-12-27,20.400726318359375,20.485702809532448,20.119653588826072,20.20462883324174,13823700
2010-12-28,20.39418601989746,20.459551001726368,20.26345356272542,20.302672801174186,14863300
2010-12-29,20.27652931213379,20.446481026649792,20.25038231908952,20.413797285344454,12280700
2010-12-30,20.145797729492188,20.341896445706595,20.06735924041227,20.28960370406755,11675700
2010-12-31,20.25691032409668,20.283057305855433,20.04120271161382,20.080421937495238,12108400
2011-01-03,20.642576217651367,20.69486895123269,20.368039054660148,20.459551026738186,34397100
2011-01-04,20.688335418701172,20.87789738661499,20.583749935285724,20.688335418701172,30341100
2011-01-05,21.158966064453125,21.243942532768155,20.52491653615382,20.53145328346706,43245600
2011-01-06,21.015161514282227,21.224332430365664,20.995550026608523,21.015161514282227,32500000
2011-01-07,20.590288162231445,21.067459620420113,20.028140213443077,21.067459620420113,81572300
2011-01-10,20.39418601989746,20.557600967983955,20.24384332012248,20.37457577729452,30263400
2011-01-11,20.52491569519043,20.714477619236256,20.28959903534077,20.714477619236256,27230700
2011-01-12,20.92364501953125,21.015159468232607,20.668719392975916,20.740621109156073,29181000
2011-01-13,20.8452091217041,21.008624059934473,20.721014666314083,21.00208855955145,25139400
2011-01-14,21.40735626220703,21.4465767438639,20.799452510852554,20.799452510852554,34358900
2011-01-18,21.237401962280273,21.564231769376832,20.95632812869615,21.426961355325982,35506000
2011-01-19,20.792917251586914,21.420431288666766,20.68833178653312,20.95633344333519,51635900
2011-01-20,20.8452091217041,21.17857699206194,20.668721935950646,20.917112093487717,34435600
2011-01-21,21.25048065185547,21.38121312071524,20.949797718938097,21.093603684035294,35549000
2011-01-24,21.374677658081055,21.381213159454383,21.211262695088866,21.243945188984416,27472000
2011-01-25,21.374677658081055,21.381213159454383,20.910578514869485,21.257018685245523,28232300
2011-01-26,21.21126937866211,21.459660898861305,21.18512237790109,21.400831393906632,25866200
2011-01-27,21.243940353393555,21.276622839849846,20.962866481544467,21.054378441027634,23077200
2011-01-28,20.812536239624023,21.440049293639163,20.779853735594838,21.302781280607455,30345800
2011-01-31,21.19165802001953,21.243952021883796,20.740633474758873,20.904048490311826,23646400
2011-02-01,21.858381271362305,21.89106625386649,21.26355099509166,21.315844972287092,31359000
2011-02-02,21.419771194458008,21.779821847741886,21.39358505673799,21.70126593182937,24766100
2011-02-03,21.439416885375977,21.583438194870507,21.275757214495243,21.380499303968975,18950200
2011-02-04,21.445959091186523,21.53106280704286,21.190650440865546,21.41322766116425,18236900
2011-02-07,21.812557220458984,21.963123793738053,21.56379386157496,21.603073075266543,21356800
2011-02-08,22.32317543029785,22.421372219941357,21.734002184181097,21.79291975851758,39820700
2011-02-09,21.688180923461914,22.035138636833896,21.432872228924154,21.75364379484394,71834200
2011-02-10,21.60308074951172,21.88457563784587,21.439421046863902,21.648905266473196,31174900
2011-02-11,22.10059928894043,22.185703010989982,21.37395249947313,21.400136147047576,40581700
2011-02-14,22.172609329223633,22.296992265088846,21.989311314998876,22.015497459101883,17735100
2011-02-15,22.048227310180664,22.382091883193944,21.982764451863698,22.21843224015356,24395000
2011-02-16,21.799470901489258,22.113697216607715,21.262667301005795,22.067872701730987,86403000
2011-02-17,21.570348739624023,21.73400843795615,21.524524223870934,21.64235940644997,26621100
2011-02-18,21.367408752441406,21.64890361935857,21.17101762365584,21.60962439470198,43900100
2011-02-22,20.542564392089844,21.105555391761495,20.378904696889997,20.928801372651428,59143100
2011-02-23,20.621118545532227,20.738953708429424,20.162870967292942,20.56874750075838,38562600
2011-02-24,20.581838607788086,20.680034151279745,20.2545192970665,20.34616830450884,35604200
2011-02-25,21.210289001464844,21.432866197677974,21.11209222477608,21.171009791339785,46480100
2011-02-28,21.1186466217041,21.387048430227114,20.974627783611723,21.288854108425337,30717000
2011-03-01,20.71931266784668,21.24956961564845,20.686581235357036,21.171013678223655,34960100
2011-03-02,20.653841018676758,20.91569737755193,19.52131688644918,20.5556455084104,31044700
2011-03-03,21.216842651367188,21.29539860533565,20.902616338244584,20.915709413447452,31246600
2011-03-04,20.889524459838867,21.184112425659,20.666947163135756,21.13174012184702,39680800
2011-03-07,20.765140533447266,21.19065546779929,20.693131120591097,21.07282029396734,23555800
2011-03-08,21.282302856445312,21.459055603605538,20.850242666649567,20.915706785815306,33966900
2011-03-09,21.472148895263672,21.58343877301279,21.0990050354403,21.262664710704883,24760800
2011-03-10,20.987712860107422,21.328125206557303,20.954978934734097,21.151372497982486,29742100
2011-03-11,21.19719696044922,21.262659816587803,20.909155648668463,20.922247470721814,22893500
2011-03-14,21.013900756835938,21.10555227028169,20.778231679667847,20.94189135066267,27021900
2011-03-15,21.12519645690918,21.151382610828744,20.424733071679935,20.58839278780357,42774600
2011-03-16,20.444366455078125,21.197201964639063,20.35926397283279,21.138284381306047,48008900
2011-03-17,20.529464721679688,20.75204192200075,20.05157764532923,20.699670889491316,50554400
2011-03-18,20.83715057373047,21.190654836063334,20.69967704077443,20.843697110817555,63760300
2011-03-21,20.869874954223633,21.112091750052844,20.594926732650084,21.105546463803062,32893300
2011-03-22,20.627666473388672,20.856790277961,20.621119936272404,20.84369720372846,24174100
2011-03-23,20.58838653564453,20.63421104246351,20.241427593320015,20.581839999152653,25385700
2011-03-24,20.693355560302734,20.739282273430923,20.378427203378294,20.48340290521675,20992300
2011-03-25,20.955806732177734,21.1395149405719,20.59495145691168,20.667122762246848,23474900
2011-03-28,20.739290237426758,21.021413013732626,20.732729097116206,21.014850622012517,17533000
2011-03-29,20.726163864135742,20.739286142165664,20.509651282279243,20.739286142165664,21738700
2011-03-30,20.936126708984375,21.04766488157413,20.73273629438951,20.870516534512163,19395700
2011-03-31,20.80490493774414,20.863953965591335,20.68680813345966,20.739296019167174,21679800
2011-04-01,21.034534454345703,21.17231464113637,20.877069595999927,21.054216623081793,24788900
2011-04-04,20.863937377929688,21.080451142172265,20.680230549712583,20.98203533973149,24425900
2011-04-05,20.988605499267578,21.172313657866333,20.73928844604948,20.844264179131777,23086800
2011-04-06,21.257604598999023,21.33633576338712,20.90987174395859,21.073895211668674,34716200
2011-04-07,21.10669708251953,21.40850443105811,21.014843651458424,21.237917342386094,30236500
2011-04-08,20.745851516723633,21.34290027206892,20.706484674596595,21.32321810241497,25826800
2011-04-11,20.60150718688965,20.87050766159346,20.516214872324067,20.745849759644496,27145200
2011-04-12,20.60150718688965,20.791776486826688,20.352190131582255,20.44404358594664,22836800
2011-04-13,20.129119873046875,20.726169932721174,20.109436450238718,20.69336547945059,38994300
2011-04-14,19.78138542175293,20.07006934414414,19.748580970953522,20.043824782376948,39664600
2011-04-15,19.610795974731445,19.99133329160735,19.591113808378314,19.886357566359468,78436200
2011-04-18,19.3680419921875,19.60423677161746,19.25650511666993,19.354919712383204,44730100
2011-04-19,19.728897094726562,19.78138496564112,19.42053100952973,19.473018880444286,40190900
2011-04-20,18.91533660888672,19.308996310967682,18.508554624740793,19.204020557267384,143256200
2011-04-21,18.72506332397461,19.053112776029586,18.567598485747993,19.000623662347817,67291500
2011-04-25,18.738191604614258,18.89565525238633,18.672581438523437,18.6988260055237,32213300
2011-04-26,18.941570281982422,18.96125244235331,18.646325362329357,18.81691117686124,34600000
2011-04-27,19.204011917114258,19.276181933181853,18.928450374777537,18.9874993660932,31409900
2011-04-28,19.204011917114258,19.269622046510452,19.092475072563463,19.092475072563463,37234200
2011-04-29,19.099042892456055,19.302433238472283,19.0203104593542,19.164651793396434,27800000
2011-05-02,19.11216163635254,19.26306534413512,18.987503738344845,19.24994306495239,30771000
2011-05-03,19.361478805541992,19.374601083959107,18.928453629052026,18.954696934476907,31819500
2011-05-04,18.95962905883789,19.46688710412648,18.946453198825417,19.374658597077495,40496200
2011-05-05,18.53141975402832,18.97938887823843,18.29426059031396,18.913510844115947,53431000
2011-05-06,18.610471725463867,18.834456264451138,18.524831169507024,18.735639851725896,35833900
2011-05-09,18.584125518798828,18.755407937986003,18.478721146455833,18.491897007128514,21580100
2011-05-10,18.79493522644043,18.82787362108843,18.64341534410968,18.669767065043448,25331200
2011-05-11,18.551179885864258,18.854218280508885,18.46553933794308,18.748812692770816,28456300
2011-05-12,18.5972957611084,18.630235402838828,18.248144354397834,18.590707832762313,27282700
2011-05-13,18.399673461914062,18.709298732181026,18.34697126151714,18.63024605984543,32371800
2011-05-16,18.35354995727539,18.66976300052387,18.30084778340064,18.327198242078545,32320800
2011-05-17,18.93987274169922,18.94646067430478,18.281094559379248,18.300858357195924,40162800
2011-05-18,19.051860809326172,19.06503667158174,18.74882226004501,18.92010469980925,23852500
2011-05-19,18.84763526916504,19.157260415822964,18.748817583416336,19.11114616595041,25207600
2011-05-20,18.44577980041504,18.84763469101017,18.41284141052191,18.755404937575154,29293400
2011-05-23,18.136154174804688,18.399665056409827,18.12956624569968,18.175680492915706,28094700
2011-05-24,18.202030181884766,18.26790821362559,18.037335730792176,18.162503865447846,21103400
2011-05-25,18.155916213989258,18.386488700345122,18.070275650981117,18.070275650981117,20648700
2011-05-26,18.24814796447754,18.333788536881446,18.05710177420244,18.096628095579696,18407800
2011-05-27,18.538005828857422,18.761990368558774,18.25473119002813,18.267907046838534,24528200
2011-05-31,18.68952751159668,18.82128232313279,18.491893409514034,18.709290042241655,27428500
2011-06-01,17.747472763061523,18.68293720916324,17.734296906626003,18.68293720916324,46071600
2011-06-02,17.892412185668945,18.017580370129746,17.371978166522588,17.813359521339613,54133000
2011-06-03,17.69477081298828,18.0043959039447,17.530076375061046,17.569602688338307,31962700
2011-06-06,17.29950714111328,17.62230814894722,17.180926922619367,17.371973109419354,43207700
2011-06-07,16.97670555114746,17.52349111816081,16.930591302540883,17.37197251373376,43318200
2011-06-08,16.706605911254883,17.246803522416833,16.64072787797487,17.035994821135972,56130000
2011-06-09,17.27315330505371,17.37197097936153,16.700017327966762,16.792245817033876,43128400
2011-06-10,17.31267738342285,17.49054639693862,16.904234680734728,17.108455403819452,46257400
2011-06-13,17.72111701965332,17.806758810486766,17.411492002953533,17.549834694504966,41440900
2011-06-14,17.8001766204834,18.195443555404925,17.727710659734083,17.931931427777943,42166500
2011-06-15,17.490550994873047,17.655245453418065,17.18751379427934,17.569604887843017,43190200
2011-06-16,17.655242919921875,17.767235185922555,17.365381619170915,17.483961813350316,39935600
2011-06-17,18.00439453125,18.09662300737152,17.852875961473572,17.912166055128477,46513800
2011-06-20,17.754064559936523,17.997811674512604,17.635484339215576,17.898995242751518,31769100
2011-06-21,18.090044021606445,18.155922075622392,17.75406833351191,17.879235253970904,29746600
2011-06-22,18.030746459960938,18.393073697539805,17.984630964825094,18.043921059195274,31172600
2011-06-23,17.81334686279297,17.94510162855391,17.51689644092339,17.727705071355736,46395300
2011-06-24,17.958284378051758,18.063688733743117,17.60254373520415,17.833116234473632,44103400
2011-06-27,18.083446502685547,18.241552983597984,17.905576240464573,17.91216416756742,30881900
2011-06-28,18.109806060791016,18.24815008647751,17.925347778715437,18.221798364815605,35223100
2011-06-29,18.491891860961914,18.531418175460825,18.13615251743393,18.379899589449256,38475600
2011-06-30,18.485313415527344,18.643420011151438,18.353558547433693,18.5314276821861,29556000
2011-07-01,18.887155532836914,18.939857695293508,18.41942274158083,18.49847661352505,30309400
2011-07-05,18.72246742248535,18.814695923710694,18.498482842493157,18.788345461868776,31275200
2011-07-06,18.524826049804688,18.564352352667136,18.208611857349567,18.4260084078708,29465000
2011-07-07,18.880571365356445,19.065029598947003,18.8278691924047,18.90033515140794,28868600
2011-07-08,18.643413543701172,18.709291583154492,18.48530700292466,18.630238941025784,24149500
2011-07-11,18.175683975219727,18.452370768045675,18.08345546311749,18.34696639520905,28903200
2011-07-12,18.04392433166504,18.39307703333236,18.01757387189865,18.024161800969996,25518600
2011-07-13,18.136154174804688,18.511657338156887,18.096626600174666,18.202030952816724,28163200
2011-07-14,17.971460342407227,18.31402387216065,17.938520695735427,18.234971233186414,27128100
2011-07-15,17.90558433532715,18.13615686209086,17.747477782936965,18.063690887717332,34385200
2011-07-18,17.70794677734375,17.951695117123485,17.37197120382416,17.806764452928387,49007200
2011-07-19,18.71588134765625,18.8673999736904,17.879233054568026,17.978050751695637,64679100
2011-07-20,18.90692901611328,19.22973008385423,18.808111311349894,18.82128717285425,44396200
2011-07-21,19.354887008666992,19.51958142290742,19.00573565464923,19.137490432130374,46306800
2011-07-22,19.196786880493164,19.38783306742287,19.0913825209868,19.36148134928674,25926400
2011-07-25,19.07161521911621,19.130905313575045,18.841042769167277,19.012325124657377,27127500
2011-07-26,19.084789276123047,19.282423337543463,18.92668278089795,19.071614677243335,22662900
2011-07-27,18.827871322631836,19.137496466690138,18.742230753090283,19.038680038290174,40987100
2011-07-28,18.643413543701172,19.078206844966353,18.577536760766947,18.880573983125487,26866800
2011-07-29,18.40625762939453,18.788348818252945,18.300853250159058,18.42602016517661,38011600
2011-08-01,18.399673461914062,18.735650460639274,18.096634867242084,18.689536192356915,31121600
2011-08-02,17.90558433532715,18.320613878286483,17.90558433532715,18.182271116139766,35543600
2011-08-03,18.064393997192383,18.13718133861563,17.726928397355444,17.925437722211466,33577000
2011-08-04,17.032136917114258,17.92543107172994,16.979201032652863,17.72030467720342,51507800
2011-08-05,16.681434631347656,17.462239814632408,16.482925395162795,17.296815030448045,58462000
2011-08-08,15.17276668548584,16.89980243702489,15.139680959884846,16.343974867842007,107020900
2011-08-09,16.396909713745117,16.44984560921592,14.98748944593664,16.112378802305315,104006100
2011-08-10,15.139677047729492,16.079289956444356,14.94116779378467,16.019736927842697,86503900
2011-08-11,16.072675704956055,16.357205327905078,15.291870372638604,15.351423407279167,73369600
2011-08-12,15.96679973602295,16.69466904440787,15.768290498322948,16.410138211504506,50527400
2011-08-15,16.555721282958984,16.5821886058561,16.244721719799628,16.251338866046805,35854000
2011-08-16,16.24471092224121,16.496157264135842,16.099137587837994,16.29764679494154,37863500
2011-08-17,16.463075637817383,16.69467061160208,16.284417811952455,16.449842612928514,30987300
2011-08-18,15.6954984664917,16.178539653851544,15.510223570273661,16.05943364223105,54908900
2011-08-19,15.457295417785645,15.847698089737989,15.232317564047303,15.47052844405345,56250900
2011-08-22,15.146296501159668,15.96018759548163,15.086743463475347,15.940336162223106,51264900
2011-08-23,15.841079711914062,15.84769685557825,14.980869966936464,15.245550665139481,45910400
2011-08-24,16.165311813354492,16.41675695645192,15.741824725152053,15.887398096198872,40816200
2011-08-25,16.383668899536133,17.124771140982386,16.105755243471087,16.780688588499167,57371600
2011-08-26,16.271188735961914,16.46308091026192,15.72859541692479,16.145465493570647,40700300
2011-08-29,16.820392608642578,16.840244037690248,16.476308744362196,16.482925887378087,28990900
2011-08-30,16.807165145874023,16.94612268143882,16.542485628240474,16.701293338820605,28148200
2011-08-31,17.270353317260742,17.33652350479335,16.879950599118835,17.005673829221656,40392400
2011-09-01,16.694669723510742,17.36298603535313,16.674819556187852,17.2769656987416,38742000
2011-09-02,16.013126373291016,16.291040178516447,15.91387045121006,16.185167110823993,42752900
2011-09-06,15.827844619750977,15.907249077592443,15.397740400178225,15.490377882584069,44239400
2011-09-07,16.516016006469727,16.555718878185818,15.960189685450004,16.17855043152285,35509900
2011-09-08,16.145462036132812,16.429992925939413,16.066058830009375,16.324121143047357,30515500
2011-09-09,15.563170433044434,16.06606213631974,15.50361738515055,15.920487458316265,46465800
2011-09-12,15.946954727172852,15.980039190126256,15.219085183375741,15.278638226364954,46200700
2011-09-13,16.118988037109375,16.482921982120484,15.986647732328601,16.10575375421316,34748500
2011-09-14,16.337352752685547,16.516010568215343,15.807992662930339,16.198395271616818,34475300
2011-09-15,16.6682071685791,16.688057341565354,16.350590517794075,16.56233537234788,31740600
2011-09-16,16.509395599365234,16.813776626566863,16.22486474049089,16.780692171294014,43811100
2011-09-19,16.09914207458496,16.251332593251767,15.91386583745291,16.10575921827801,34552600
2011-09-20,16.324119567871094,16.654969173006634,16.039588705519957,16.165311908856967,36200400
2011-09-21,15.688888549804688,16.641735819431297,15.675655524046173,16.41014083042669,66061000
2011-09-22,15.33156967163086,15.490377319449484,15.020571519080761,15.291868075198952,61762900
2011-09-23,15.675652503967285,15.821225855993957,15.159526736087589,15.179378164037509,46958000
2011-09-26,16.403526306152344,16.46969522669454,15.715358426110441,15.85431467375856,46418300
2011-09-27,16.516016006469727,17.20418397111834,16.363825451165617,16.80054694331131,50743100
2011-09-28,16.178550720214844,16.760845632769165,16.152082138598473,16.516016301183495,40277800
2011-09-29,16.535863876342773,16.721140118121845,15.953569099751773,16.59541690898279,42439200
2011-09-30,15.960190773010254,16.588804472919758,15.953573627273332,16.264571904359624,40205200
2011-10-03,15.3381929397583,16.20501883687091,15.324958648299114,15.913870735226343,44760600
2011-10-04,16.019733428955078,16.059436280745345,14.961015956363605,15.159525166951811,61000000
2011-10-05,16.211627960205078,16.35058416548893,15.622716164703442,15.96018285736678,41426500
2011-10-06,16.787311553955078,16.84686332897135,15.841081366681577,16.158696723194137,41514800
2011-10-07,16.23809814453125,16.88656302451258,16.23809814453125,16.879945881399586,42315700
2011-10-10,17.290205001831055,17.296822147372023,16.69467578614999,16.7343786593958,38967600
2011-10-11,17.237266540527344,17.415925657335134,16.985821357757743,17.151246185448375,33668700
2011-10-12,17.832796096801758,18.223198772880725,17.36960609607007,17.44239342072279,54694200
2011-10-13,17.28358268737793,17.587963696457354,16.97920041620751,17.587963696457354,41606200
2011-10-14,17.647520065307617,17.726924535205143,17.07184112930143,17.594584172739676,39545600
2011-10-17,16.15869903564453,16.80716413018148,16.079294554107303,16.70129232952612,77765400
2011-10-18,17.11154556274414,17.336523442289074,16.224868334441474,16.44322906904787,69467900
2011-10-19,16.661582946777344,17.323282023220663,16.60864707114551,17.065219787276835,42878200
2011-10-20,17.04537582397461,17.14463047648174,16.489548255425007,16.701291850664592,35366200
2011-10-21,17.409303665161133,17.521792567151913,17.144624266974276,17.26373031168109,49625100
2011-10-24,17.548261642456055,17.69383500012073,17.19756064097044,17.217412069689196,37427600
2011-10-25,16.906415939331055,17.33652147693783,16.82039558906442,17.33652147693783,39377100
2011-10-26,17.04537582397461,17.263736564326855,16.793929358059064,17.230652100854936,53053100
2011-10-27,17.91219139099121,18.19672215757138,17.42915143298289,17.839404098491915,66818300
2011-10-28,17.9188175201416,18.104093783939632,17.50856338676428,17.74677554563442,36000200
2011-10-31,17.144624710083008,17.640899067793843,17.12477328142183,17.44900697243295,41518700
2011-11-01,16.39029312133789,16.946120673556155,16.238102574492526,16.396910266256125,52809300
2011-11-02,16.842432022094727,16.915573664724626,16.56316543087634,16.702799360602977,39223800
2011-11-03,17.161602020263672,17.22144498161338,16.656262162330314,17.035268006956976,30803800
2011-11-04,16.88898468017578,17.13500588487321,16.742702590069662,16.95547700049148,27170400
2011-11-07,16.90227508544922,17.002012882754556,16.66290335732848,16.8889763742792,24587900
2011-11-08,17.640342712402344,17.706833753056607,16.975422159977253,16.982071517689743,42714300
2011-11-09,16.61635971069336,17.321174940007523,16.509972554126502,17.234735850885055,46938400
2011-11-10,16.676204681396484,16.90892709039614,16.523273283684034,16.769293137702306,30472200
2011-11-11,17.05521011352539,17.121702415387524,16.888979992987647,16.91557742102657,25833300
2011-11-14,16.68950653076172,17.00201874153739,16.589768699087386,16.975422578267395,29278000
2011-11-15,16.815839767456055,16.9355243901008,16.503326326106198,16.61636285991111,28387500
2011-11-16,16.583112716674805,17.002011949661444,16.503321722268627,16.656253087626066,36164200
2011-11-17,16.403589248657227,16.80254181356316,16.27060463761017,16.57646873572431,39889500
2011-11-18,16.41689109802246,16.669560385373828,16.370346855739484,16.456785981659944,31119100
2011-11-21,16.077777862548828,16.263954790526633,15.978040041384261,16.077777862548828,32214100
2011-11-22,15.911550521850586,16.25730954607018,15.898251805172427,16.044533883925904,37236500
2011-11-23,15.4328031539917,15.758615293034936,15.419505708748499,15.698772350617617,35928800
2011-11-25,15.632274627685547,15.798504683783989,15.479343280451305,15.499290075512922,14601000
2011-11-28,16.05782127380371,16.343737139528848,15.878292529990087,16.343737139528848,32648300
2011-11-29,16.011287689208984,16.250659506438733,15.891601780594112,16.091078717697357,27692400
2011-11-30,17.194843292236328,17.254686234367067,16.483378611609893,16.636310011172842,51597900
2011-12-01,17.048559188842773,17.19484249313525,16.842434213435713,17.035261744281232,25810900
2011-12-02,17.334484100341797,17.600452152076464,17.1084109393084,17.148307098245382,36436400
2011-12-05,17.77997398376465,17.912958590804077,17.434215020050296,17.567199627089725,34440500
2011-12-06,17.720130920410156,17.873062329731013,17.587147582484054,17.64699052843312,22431700
2011-12-07,17.98609733581543,18.092484504408286,17.520653790280452,17.587146087709762,28082500
2011-12-08,17.414270401000977,17.85311788374569,17.327830015112717,17.746730692064265,29405800
2011-12-09,17.893009185791016,17.959501484355354,17.480759217515317,17.507355375999985,28607100
2011-12-12,17.48076057434082,17.740079163810965,17.334477252498,17.706832377830686,24916000
2011-12-13,17.148303985595703,17.67359063389556,16.935528314593927,17.653642558047917,31517500
2011-12-14,17.194843292236328,17.420916347344647,16.882329868168,16.882329868168,33698900
2011-12-15,17.02861213684082,17.494055663744543,16.99536535533946,17.381019143109988,32596500
2011-12-16,17.274639129638672,17.361079529089306,17.121707676131315,17.161602562212458,43828300
2011-12-19,16.829133987426758,17.420913971314228,16.74269489849125,17.38101783651174,28759600
2011-12-20,17.62040138244629,17.746736690860416,17.101762696511287,17.18820311161835,37826000
2011-12-21,17.879714965820312,17.879714965820312,17.427568743835117,17.660291213178724,28577200
2011-12-22,18.11908531188965,18.185577621727134,17.88636286157611,17.89301221938339,38975400
2011-12-23,18.47814178466797,18.597826412465327,18.212172563157647,18.22547127788021,27457800
2011-12-27,18.358457565307617,18.544634515486038,18.358457565307617,18.424948608522563,14090300
2011-12-28,18.025991439819336,18.431591998693285,18.006043372372442,18.34515290955997,18306800
2011-12-29,18.458194732666016,18.504738968531992,18.0991370247251,18.119085097911363,20122000
2011-12-30,18.325212478637695,18.471495831071227,18.318563120051127,18.37840607909476,15071100
2012-01-03,18.903688430786133,18.963531372220608,18.577877565329057,18.577877565329057,40071200
2012-01-04,18.990131378173828,19.076571763642153,18.6443736410066,18.84384930738136,27519200
2012-01-05,19.295991897583008,19.668346997066962,18.78400284314562,18.950232956801774,48435100
2012-01-06,19.2427978515625,19.335886307147586,18.923635077119894,19.17630555404383,32303500
2012-01-09,19.482168197631836,19.53536178159165,19.282692574841303,19.38243038623657,25720100
2012-01-10,19.555316925048828,19.814635582128723,19.402385474372764,19.77474069678617,29860100
2012-01-11,19.69493865966797,19.73483352016314,19.33588111050718,19.448917605439124,30908700
2012-01-12,19.688297271728516,19.90772099559366,19.44227611794747,19.7946844549216,29175900
2012-01-13,19.688297271728516,19.70824407593018,19.182957517443732,19.21620303660335,43051100
2012-01-17,19.83457374572754,20.406405645526938,19.721537236888935,19.927662187747014,50040400
2012-01-18,20.10719871520996,20.140445506024538,19.615157625272722,19.688299296829403,42454000
2012-01-19,20.04734992980957,20.240177455749855,19.94096276661321,20.18698387415168,33156700
2012-01-20,20.30666732788086,20.326614125954283,19.921012321996393,20.034048827940317,37193700
2012-01-23,20.559343338012695,20.63913436157549,20.240181780232117,20.306674088495228,35272800
2012-01-24,20.30666732788086,20.379807701208197,20.053996894248613,20.246824397190846,28199400
2012-01-25,20.080598831176758,20.220231522027042,19.92101680129764,20.16038857788116,34173600
2012-01-26,19.315940856933594,20.226882539535143,19.149710724711323,20.226882539535143,54668100
2012-01-27,19.6816463470459,19.781384164818117,19.12976240258878,19.20290279256299,31196200
2012-01-30,19.448923110961914,19.502116696091548,19.302641068914188,19.448923110961914,22814800
2012-01-31,19.422330856323242,19.615158446413883,19.26939941688025,19.615158446413883,31203600
2012-02-01,19.95646095275879,20.089994157764657,19.729455268329026,19.78286829563797,34825000
2012-02-02,19.963136672973633,20.096669870839794,19.822927961334425,20.016549697426708,24624600
2012-02-03,20.450532913208008,20.50394594349305,20.263587943943914,20.32367776219797,46264900
2012-02-06,20.163434982299805,20.370410277603355,20.083314814797248,20.303643683595702,23337800
2012-02-07,20.203493118286133,20.357055383112073,20.029900494517634,20.043254067146,25436800
2012-02-08,20.450532913208008,20.450532913208008,20.11670115555973,20.23020400409883,31639700
2012-02-09,20.41714859008789,20.597418030222165,20.223526848566145,20.550681791698537,29693200
2012-02-10,20.203493118286133,20.296965579751177,20.08331351156434,20.15008010123942,20049600
2012-02-13,20.44384765625,20.530643311550815,20.33034486180033,20.430494086675573,21961600
2012-02-14,20.310319900512695,20.38376327920726,20.043254805441773,20.250230094938384,23510000
2012-02-15,20.14339828491211,20.510612526227728,20.06327814261548,20.443847226691403,27140300
2012-02-16,20.276935577392578,20.343700890581886,19.996516932210636,20.203492204724277,26470800
2012-02-17,20.75765609741211,20.78436197235377,20.256908525953406,20.403794021799865,35720000
2012-02-21,20.670856475830078,21.011364933375354,20.57070722913247,20.79103608125391,29334500
2012-02-22,20.4238224029541,20.637474475640882,20.363732598327594,20.56403109810475,29074600
2012-02-23,20.463882446289062,20.4839128062389,20.21684770757524,20.463882446289062,23327000
2012-02-24,20.15007972717285,20.470557823503746,20.043253695062557,20.323672347718773,21604000
2012-02-27,20.71759605407715,20.78436137624991,20.023225496971783,20.063284944968817,36242500
2012-02-28,20.944599151611328,21.004687679518767,20.684209587834324,20.70423994611463,30734800
2012-02-29,20.89118194580078,21.298455628072002,20.84444445252174,20.97797760067175,33656100
2012-03-01,21.058107376098633,21.198316099666886,20.904543803447183,21.07145967824771,27218100
2012-03-02,20.884506225585938,21.178277128943883,20.844445515019043,21.12486412165457,22716500
2012-03-05,20.67753791809082,20.80439433832134,20.497269742830348,20.797717550575836,21920400
2012-03-06,20.10334587097168,20.403793644206647,20.023225700695544,20.37041098278062,29644200
2012-03-07,20.303647994995117,20.52397691057955,20.15008568759597,20.210175507616004,23750200
2012-03-08,20.964630126953125,21.02471993374602,20.503942032696543,20.6040925596626,28442300
2012-03-09,21.13822364807129,21.298462715090626,20.8911888972999,21.024720816415897,24042700
2012-03-12,21.03807258605957,21.131545048770892,20.750977138055607,21.09816239022165,23677000
2012-03-13,22.253217697143555,22.42013351228469,21.151572298438804,21.2583983182518,62583800
2012-03-14,22.279930114746094,22.333344416873835,21.772506979203076,22.279930114746094,53025300
2012-03-15,22.74729347229004,22.753971533053825,22.106337173398533,22.366725510639835,45009500
2012-03-16,22.627111434936523,22.78735176603841,22.453520077598665,22.78735176603841,39886400
2012-03-19,22.867469787597656,23.094475428972316,22.373397786864487,22.52696259900244,36658700
2012-03-20,22.91421127319336,23.04106642216595,22.52696776494673,22.74061988265538,34156500
2012-03-21,22.713909149169922,23.047740848810395,22.700555575552254,23.034387275192728,29346900
2012-03-22,22.338916778564453,22.63355384465865,22.25186393118382,22.41257668369864,30065600
2012-03-23,22.452749252319336,22.55989021817501,22.292039080756883,22.359001226500887,25470400
2012-03-26,23.028635025024414,23.028635025024414,22.55989229827044,22.707212097821152,27043300
2012-03-27,22.767480850219727,23.082208608806148,22.713909080910312,23.03533458788169,24979000
2012-03-28,23.082204818725586,23.082204818725586,22.70051496561814,22.70051496561814,29445400
2012-03-29,22.727296829223633,23.04871970829563,22.459445707217952,23.008543444937864,31559500
2012-03-30,22.861230850219727,22.888016737168748,22.606770033089585,22.888016737168748,26891100
2012-04-02,23.108999252319336,23.162571038582605,22.63356114422797,22.653651841298377,24606100
2012-04-03,23.088897705078125,23.12907652144915,22.847829915735755,23.00184488016185,26009000
2012-04-04,22.687129974365234,22.961678957082427,22.513024246138897,22.82775206331825,26655600
2012-04-05,22.58667755126953,22.780871362638756,22.5197154012178,22.620158626295396,19563100
2012-04-09,22.379093170166016,22.586679944428784,22.084456102501083,22.138027871772465,22890500
2012-04-10,22.044267654418945,22.546491277153244,21.99739365398573,22.35230008440481,34674500
2012-04-11,22.513017654418945,22.70721146579569,22.37909079986801,22.439357756693816,29673900
2012-04-12,22.780874252319336,22.874622296060313,22.44605835070578,22.559894531121937,31469600
2012-04-13,21.990705490112305,22.680425334979837,21.963919608607753,22.586677304156165,41933000
2012-04-16,22.198293685913086,22.399182701396875,21.876868195808118,22.218381821128737,30129800
2012-04-17,22.553197860717773,22.620160014880113,22.28534413518352,22.312130018625435,23724900
2012-04-18,22.479537963867188,22.593376691301412,22.318827772062033,22.405878061605474,19718500
2012-04-19,22.17820167541504,22.61346331174292,22.024186687568534,22.566589296069736,25355100
2012-04-20,22.097843170166016,22.312125081400154,22.03088103082105,22.251858134212934,23511000
2012-04-23,21.890262603759766,21.94383437384659,21.716159459862766,21.863479273158944,27262400
2012-04-24,22.144725799560547,22.198297575445565,21.923748610142013,21.963924887612908,19978200
2012-04-25,22.332223892211914,22.41258156318542,22.01080087164719,22.298742806527837,20489000
2012-04-26,22.660343170166016,22.667038365084643,22.238474365890298,22.298741337929684,23413600
2012-04-27,22.61345672607422,22.754078732140727,22.50631578510333,22.70720473011856,19831300
2012-04-30,22.379093170166016,22.613465829064477,22.1648112019656,22.60007288674663,20361100
2012-05-01,22.827749252319336,22.968371323956212,22.36570420789414,22.46614745001646,25970300
2012-05-02,22.62554931640625,22.77382600731893,22.43683539781507,22.713167594766862,19156700
2012-05-03,22.50423240661621,22.77382592161851,22.403136766766075,22.77382592161851,18647800
2012-05-04,22.2616024017334,22.524454707822915,22.0796271349711,22.403140434349442,27154400
2012-05-07,22.578367233276367,22.679465428406093,22.09310001030794,22.099841261201334,28211800
2012-05-08,22.342479705810547,22.612070666084552,22.140283271811967,22.328999772141678,27069000
2012-05-09,21.99201774597168,22.18073174908473,21.877439550484848,22.113334625411632,27552100
2012-05-10,22.36944007873535,22.57837522278741,22.173987441240964,22.382920014258207,24902300
2012-05-11,22.450313568115234,22.64576615229615,21.917867829853932,22.018963462147347,36384600
2012-05-14,21.843734741210938,22.20768527543879,21.82351612409874,22.160506788153853,29761900
2012-05-15,21.729158401489258,22.052669119320942,21.63479885913304,21.75611569969925,28625200
2012-05-16,21.54718017578125,22.052667400582973,21.54718017578125,21.86395090161334,28226100
2012-05-17,21.18996810913086,21.675234083348982,21.183228143243756,21.54043733664098,46067300
2012-05-18,20.85298728942871,21.28433502398645,20.657532043758703,21.210196650040217,53576100
2012-05-21,21.163007736206055,21.210186210763194,20.56990489310385,20.846237060238824,30865500
2012-05-22,21.344993591308594,21.870699610176814,21.14279966086879,21.264115247822076,30213700
2012-05-23,21.39216423034668,21.432602744474853,20.879938337826815,21.230408888316802,30587800
2012-05-24,21.439346313476562,21.486524802139563,21.13605547827837,21.466306184436792,23765100
2012-05-25,21.47304916381836,21.66850439914085,21.412390731167765,21.446089289076948,18935300
2012-05-29,21.735898971557617,21.742637653936868,21.540443759106097,21.6348007386248,20188900
2012-05-30,21.365209579467773,21.594363344207864,21.24389272925038,21.500005079862433,28690800
2012-05-31,21.601099014282227,21.81003413186187,21.14953151562011,21.41238508294222,31879900
2012-06-01,20.32727813720703,21.203453409209033,20.219441220207322,21.163014886713505,50519500
2012-06-04,20.253137588500977,20.48903130104363,20.084642263187266,20.48903130104363,37812600
2012-06-05,20.569904327392578,20.610342835112704,20.131816851459785,20.185735290258943,24618000
2012-06-06,20.873201370239258,20.8799413378152,20.468813599821534,20.738405875272473,38718500
2012-06-07,21.01473617553711,21.28432842606489,20.987776307725706,21.19671142671233,28903000
2012-06-08,21.18323516845703,21.18323516845703,20.731667588399404,21.028219758195416,33927700
2012-06-11,20.88667869567871,21.526961394701463,20.86645879547728,21.33150621597257,26855900
2012-06-12,21.09561538696289,21.149533842637837,20.448593918863537,20.9742998258323,32437000
2012-06-13,21.284326553344727,21.547178813792367,20.99451442745777,21.06865277189875,30209200
2012-06-14,21.587617874145508,21.73589456678948,21.250628546224082,21.33150557355973,31265500
2012-06-15,21.870698928833008,21.938096046534863,21.425871267309144,21.668505004692204,39130600
2012-06-18,21.877429962158203,22.059405201562967,21.702195974787504,21.789814253990023,20933700
2012-06-19,22.21441650390625,22.3896530301976,21.904385814047856,22.045921228413576,30620000
2012-06-20,22.113323211669922,22.349215593805923,21.783071305645386,22.25485864095152,29557200
2012-06-21,21.79655647277832,22.335741026473332,21.749377985019677,22.180725627975686,31928700
2012-06-22,22.113323211669922,22.302037117378724,21.93808666691106,22.018963687781383,34799300
2012-06-25,21.71567726135254,21.904391193519512,21.56740055977306,21.877431325771518,20175000
2012-06-26,21.789819717407227,21.88417670126784,21.601103178651012,21.76959852726925,19167400
2012-06-27,22.059410095214844,22.14028714032503,21.830256324873563,21.965053114080476,17072700
2012-06-28,21.890911102294922,21.938089584997552,21.50674198826811,21.843732619592295,29698300
2012-06-29,22.53792953491211,22.53792953491211,22.22116013140828,22.349215628906922,30171700
2012-07-02,22.612077713012695,22.733394582805786,22.38292391129633,22.692954769196334,19654600
2012-07-03,22.564899444580078,22.726656129621297,22.47728113305628,22.598598004078376,13531500
2012-07-05,22.32900047302246,22.484015858528515,22.241382186941806,22.416616188068573,21927700
2012-07-06,22.27507781982422,22.36269609443162,21.98526570238253,22.07288397698993,17957600
2012-07-09,22.41661834716797,22.625553489165963,22.26834419994387,22.26834419994387,19708700
2012-07-10,22.22115707397461,22.699683024666356,22.07288041335257,22.57162754478701,21878400
2012-07-11,22.423355102539062,22.497493446797293,22.08636449848113,22.140281658192578,23266200
2012-07-12,22.140283584594727,22.322258835143593,21.99874813562377,22.254861736881566,29956400
2012-07-13,22.85470199584961,22.88840054106284,22.01222551034788,22.045924055561105,39549100
2012-07-16,22.928848266601562,23.1512607987452,22.733393037329673,22.861448581834487,29744300
2012-07-17,22.996238708496094,23.083856987755293,22.645768162493646,23.04341718862774,21711600
2012-07-18,22.888402938842773,23.002981089811954,22.740128810164585,22.861443071434206,23349300
2012-07-19,23.01645851135254,23.14451401101474,22.888400440656156,22.942320169588147,22687500
2012-07-20,22.787311553955078,23.110822310252644,22.753610427874857,22.88840721909091,24839600
2012-07-23,22.53792953491211,22.719904760431746,22.32899701641612,22.389655424922665,26461300
2012-07-24,22.396404266357422,22.61881938879957,22.207690274735217,22.57837957443682,24927200
2012-07-25,22.349214553833008,22.517709839242194,22.234638993851092,22.48401129636716,25968000
2012-07-26,22.767086029052734,22.807525830027952,22.430095400695958,22.692947679448732,22763000
2012-07-27,23.01645851135254,23.171473875480736,22.81426209889176,22.82774203112476,25808800
2012-07-30,22.888402938842773,23.184956338268083,22.854704390099297,23.016461023516236,19113800
2012-07-31,22.787311553955078,22.91536709154111,22.726653126459603,22.794050236550156,19404300
2012-08-01,22.847970962524414,23.45455269249038,22.780571278504823,22.861448328293275,41075800
2012-08-02,22.470535278320312,22.69968900922596,22.133544648814027,22.665990460482227,31475000
2012-08-03,23.14451026916504,23.184950059326,22.665984321912337,22.75360001071042,25066400
2012-08-06,22.915363311767578,23.292793750710295,22.908624630284013,23.218655399218466,16959300
2012-08-07,22.888402938842773,23.184956338268083,22.888402938842773,23.050159572259712,16834400
2012-08-08,22.942672729492188,23.030862321070117,22.71202481999516,22.813782240108054,12444400
2012-08-09,22.942672729492188,23.051212769973223,22.800214411573087,22.895186623519155,13025800
2012-08-10,22.949459075927734,23.030863463376406,22.752729434111192,22.779865092527025,11408500
2012-08-13,23.037643432617188,23.085129535480178,22.78664509065587,22.83413119351886,11385300
2012-08-14,23.037643432617188,23.214022604221316,22.97658950210784,23.13940084606561,13204200
2012-08-15,23.0444393157959,23.186897690379457,22.949467066073527,23.071572395859633,13766800
2012-08-16,23.152965545654297,23.20045164210173,22.915532475618967,23.146180338848566,19596400
2012-08-17,23.085126876831055,23.268288647264875,23.037640779436902,23.234370375954512,16927000
2012-08-20,23.112262725830078,23.200452302226648,23.051208801832182,23.085127073431405,18147600
2012-08-21,23.322566986083984,23.58034799603246,23.13261995141789,23.22759476265044,25280400
2012-08-22,23.186891555786133,23.37683600497697,23.139405443488425,23.2886489894521,18862500
2012-08-23,23.010513305664062,23.21402818145592,22.983380231651072,23.173324688737722,17540600
2012-08-24,23.091917037963867,23.207239702720326,22.90197001983738,22.9291056778267,16677900
2012-08-27,23.078353881835938,23.234380065168303,23.01051472312667,23.125839999032774,13813000
2012-08-28,23.132612228393555,23.234369626842046,22.976586115157836,22.983371321880078,15936800
2012-08-29,23.112262725830078,23.25472101922575,23.112262725830078,23.132613171229963,12663500
2012-08-30,22.976594924926758,23.09870281476474,22.935894020180186,23.03086624832103,15140400
2012-08-31,23.085126876831055,23.20045210464415,23.01729033421033,23.071559050747265,16880100
2012-09-04,22.929105758666992,23.15297105617002,22.881619650917646,23.091917119378177,14717600
2012-09-05,22.89518165588379,23.071558212972015,22.888399036987295,22.95623557714474,16121100
2012-09-06,23.634614944458008,23.709236702722304,23.044428673874457,23.051211293808244,32143100
2012-09-07,23.74315071105957,23.87204116902659,23.566774158694273,23.716015060603965,26773900
2012-09-10,23.465028762817383,23.702459356224857,23.465028762817383,23.654973237543363,19616700
2012-09-11,23.16653823852539,23.451454877068112,23.132617372966646,23.152970409861638,28575700
2012-09-12,23.28864860534668,23.370052998257407,23.207241624636957,23.268295566269753,17146900
2012-09-13,24.116260528564453,24.17053183775947,23.159750700289187,23.29542638547827,35911100
2012-09-14,24.509723663330078,24.828558598373895,24.12304958097991,24.15018265210358,42005000
2012-09-17,23.96702003479004,24.414747992505013,23.953452207247345,24.197665339620375,32266600
2012-09-18,24.041645050048828,24.136619865939824,23.858483215386315,23.973808483640102,26286600
2012-09-19,23.91274642944336,24.312988246242426,23.905963810222264,24.184097778655634,25755900
2012-09-20,23.87883758544922,23.899188038945404,23.64140441419689,23.770297520470784,22245300
2012-09-21,23.72280502319336,24.048425130548495,23.60747977953505,24.028072094727275,67455100
2012-09-24,23.810998916625977,23.89240590788165,23.56000049641931,23.587136160171198,19628400
2012-09-25,23.553213119506836,24.163749903874503,23.553213119506836,23.89240108453292,31518500
2012-09-26,23.349699020385742,23.6074826066708,23.261512009861,23.60069998578385,27547000
2012-09-27,23.580339431762695,23.6278281140308,23.32934113416417,23.41074549785595,21591600
2012-09-28,23.424327850341797,23.648193224078003,23.383626937153153,23.478599184992877,21511200
2012-10-01,23.539636611938477,23.824553155375888,23.478582697230767,23.59390532067986,18903300
2012-10-02,23.621049880981445,23.65496816021663,23.43110544702533,23.627835089507776,21664000
2012-10-03,24.041645050048828,24.190888601506977,23.675323968522935,23.729592704090088,29288800
2012-10-04,24.401187896728516,24.42153835059156,24.04843203223961,24.16375472119595,29103700
2012-10-05,24.3129940032959,24.65218197622815,24.17731829656322,24.48937061058917,26200600
2012-10-08,24.285860061645508,24.38083228673422,24.170537384837516,24.21123828827608,13882500
2012-10-09,23.810998916625977,24.38762012625668,23.722811891131325,24.326566176714593,40870500
2012-10-10,23.89919090270996,23.994163147471408,23.74316470234479,23.824569113883232,21229300
2012-10-11,23.865262985229492,24.190883087813017,23.79064122650854,24.14339698459033,23087800
2012-10-12,23.234375,23.349697662966097,22.82735048767424,22.95624097942436,61315900
2012-10-15,22.9969482421875,23.20046053176986,22.745947250163397,23.125838755103192,50238300
2012-10-16,22.881620407104492,23.15297182132443,22.725594249657632,23.13261878318867,39858400
2012-10-17,23.38361930847168,23.553213292228396,22.983377403293876,23.017295682485454,34806200
2012-10-18,23.451457977294922,23.63461980677111,23.336135300105692,23.451457977294922,23132500
2012-10-19,23.29542350769043,23.478585271899128,23.078343473324146,23.478585271899128,27819800
2012-10-22,23.403966903686523,23.431102558849396,23.173319010399123,23.26829121567067,23043800
2012-10-23,22.976594924926758,23.1733245905323,22.820568751866922,23.09192019324002,29170300
2012-10-24,22.874839782714844,23.241160859744774,22.786650177226573,23.091919897917432,25150500
2012-10-25,23.105484008789062,23.220806669262277,22.88161872038997,23.132617077971847,18816500
2012-10-26,23.0444393157959,23.125843731586542,22.861277439417158,22.969817523071256,23257700
2012-10-31,22.85448455810547,23.247943846673184,22.82735148714816,23.19367252916087,24902700
2012-11-01,23.105484008789062,23.105484008789062,22.779863888407487,22.895186548880705,26179000
2012-11-02,22.888402938842773,23.342913528535313,22.834131627226522,23.295427424770377,19149600
2012-11-05,23.078353881835938,23.11227216729092,22.752733683429348,22.766301515171204,17548100
2012-11-06,23.2818660736084,23.336137400322297,23.07156856429098,23.09870422764793,18787700
2012-11-07,22.469388961791992,23.049727655821442,22.401114740551325,23.049727655821442,32189300
2012-11-08,22.087045669555664,22.75614551258118,22.06656392489991,22.65373158031343,28044300
2012-11-09,22.087045669555664,22.326010643348916,22.018771451040156,22.073392909448152,21637100
2012-11-12,22.100696563720703,22.230421198952293,21.998285256662776,22.1553180110801,14994700
2012-11-13,21.861730575561523,22.2235884878888,21.848075216012294,21.89586767218784,20615600
2012-11-14,21.458911895751953,22.032424116298554,21.33601623388524,21.902702075214435,30910400
2012-11-15,21.55449867248535,21.793462335161454,21.452086046266224,21.499878518352006,22953000
2012-11-16,21.807117462158203,21.848082251751027,21.43843044908126,21.58863684800024,25581200
2012-11-19,22.12118148803711,22.264558884369354,21.950493367309953,22.175800332332905,22655800
2012-11-20,22.476207733154297,22.681035536524277,22.032420236337998,22.12117877749874,23890300
2012-11-21,22.250905990600586,22.53083443546753,22.16897641282093,22.50352370804287,15861100
2012-11-23,22.667383193969727,22.667383193969727,22.34648869015984,22.428418259719834,8783100
2012-11-26,22.462556838989258,22.564968144669155,22.291868725028834,22.551312783013053,16967700
2012-11-27,22.278221130371094,22.55814963067969,22.244084016576355,22.401116823628023,18988300
2012-11-28,22.40110969543457,22.428417815083822,21.930008819692404,22.155318387133267,18115300
2012-11-29,22.640071868896484,22.756141143481337,22.489865491608082,22.551313318272065,21316700
2012-11-30,22.53766441345215,22.681044453076577,22.42159771010756,22.60594124291491,19535500
2012-12-03,22.360143661499023,22.694693521801106,22.353317282694253,22.653727435490442,19623300
2012-12-04,22.35331153869629,22.421585727176044,22.12800202862509,22.414759350125404,20296900
2012-12-05,22.517179489135742,22.66738588826128,22.319180618378326,22.476213397239402,27232100
2012-12-06,22.626419067382812,22.708348644041497,22.407938459963457,22.517178763673133,18833100
2012-12-07,22.68787384033203,22.76980344204977,22.530841018500077,22.72883994343844,18525200
2012-12-10,22.564971923828125,22.76297079426141,22.551316559885034,22.612764395381763,17977000
2012-12-11,22.728832244873047,22.831243561208346,22.564970492444694,22.605936581675333,20841900
2012-12-12,22.872207641601562,23.15896242754812,22.776622712952708,22.824415177277135,26297900
2012-12-13,22.708343505859375,22.960963767179607,22.667380029045916,22.86537884862328,18612400
2012-12-14,22.63324546813965,22.749312138117624,22.54448691760156,22.70151967348034,19231900
2012-12-17,23.473039627075195,23.52083210989789,22.70152831158819,22.70152831158819,43475600
2012-12-18,23.869029998779297,24.026062782449554,23.541309067055135,23.6642047420135,35083200
2012-12-19,23.636892318725586,23.91682075728624,23.623236955320888,23.875857271566403,33517600
2012-12-20,23.93730926513672,23.93730926513672,23.527656105277565,23.527656105277565,25128300
2012-12-21,23.54129981994629,23.81440179135486,23.350130002656346,23.68467718291375,37148300
2012-12-24,23.50033950805664,23.896337203296998,23.43206530070199,23.48668675018096,7911300
2012-12-26,23.43889617919922,23.63689243833359,23.350137618866675,23.534481119021525,14289700
2012-12-27,23.336483001708984,23.513997523556828,22.98145135351894,23.43206794458816,19264700
2012-12-28,23.15213966369629,23.370620278861374,23.12482893567706,23.138484299686674,15877700
2012-12-31,23.336483001708984,23.384275473148573,23.015588461048022,23.036072809160956,26697900
2013-01-02,23.930471420288086,23.94412678101061,23.718819840323345,23.916816059565562,30443000
2013-01-03,23.732471466064453,23.923643902579602,23.63006017226448,23.882677822363437,25374800
2013-01-04,23.855375289916992,23.923652113711398,23.520827969055212,23.616412917872864,31420300
2013-01-07,23.73930549621582,23.875856521478624,23.534480260568696,23.834890432551532,28135100
2013-01-08,23.698341369628906,23.752962826054627,23.507171481127667,23.677859625716458,20132600
2013-01-09,23.698341369628906,23.998754170981588,23.664204261610028,23.793926313879528,24589300
2013-01-10,24.16943359375,24.16943359375,23.821228445925875,23.91681335568357,37523100
2013-01-11,23.96462059020996,24.019242060611482,23.57545172933183,23.848553872349317,44149200
2013-01-14,23.73930549621582,23.93730435262218,23.568617365760854,23.889511884454325,23145600
2013-01-15,23.9714412689209,24.032889099580245,23.623236027019864,23.643720373569085,24837500
2013-01-16,23.957778930664062,24.094329915093574,23.83488330512684,23.875849381803715,16799200
2013-01-17,23.91681671142578,24.046541339578564,23.848542510446077,24.026056995689597,22912100
2013-01-18,23.848546981811523,23.950960906976487,23.554963174465883,23.88951307277637,31399000
2013-01-22,23.92365074157715,23.930477121317804,23.69834114271995,23.759788978363332,20931100
2013-01-23,23.86219596862793,23.978262621936345,23.80757452860495,23.9168148041573,18180200
2013-01-24,24.005578994750977,24.210404234081917,23.81440911864133,23.93730478313874,22090700
2013-01-25,23.991924285888672,24.107993574188235,23.862202238489672,24.08750922655049,19431600
2013-01-28,23.9714412689209,24.067026204503406,23.79392415612982,24.032889099580245,22067900
2013-01-29,24.0806884765625,24.121654576920708,23.93048204641063,23.964619161128354,16846900
2013-01-30,24.04629135131836,24.09442498007128,23.881259893389746,24.060044191402913,27810800
2013-01-31,23.950027465820312,24.060047578900825,23.922521781778585,23.970655417308407,16751600
2013-02-01,24.15631675720215,24.23883119275579,24.032543792328383,24.108183117871974,21009300
2013-02-04,23.90188980102539,24.06692127248035,23.805622535629272,24.01878763978229,22241600
2013-02-05,23.963781356811523,24.1356879737846,23.963781356811523,24.039420687973568,17534100
2013-02-06,24.04629135131836,24.053166459817618,23.867507053305193,23.950024093812516,24087000
2013-02-07,23.833131790161133,24.032544082990285,23.757492463702718,24.025666349810443,27095000
2013-02-08,23.984418869018555,24.01192194214007,23.846893011060708,23.853768123569196,18425800
2013-02-11,24.24570655822754,24.33509872781971,24.01191346912338,24.032544045544125,24198900
2013-02-12,24.41761589050293,24.445121580077203,24.21820619880676,24.293845533592552,19559000
2013-02-13,24.15631675720215,24.42449064006644,24.032543792328383,24.376357000736267,21344300
2013-02-14,24.211332321166992,24.25259086209992,24.00504486267704,24.0806842095104,22296200
2013-02-15,24.17695426940918,24.314480131764665,24.080686952686634,24.231965663586433,21105000
2013-02-19,24.163192749023438,24.252584920936016,24.12193684128433,24.18382070289299,25413400
2013-02-20,24.135696411132812,24.286975126340852,24.108193336348577,24.128821298208685,27539300
2013-02-21,24.383237838745117,24.534516525369998,24.080683088582578,24.101311046545163,38030800
2013-02-22,24.630779266357422,24.637656999796384,24.335099682563865,24.45887265359776,20521000
2013-02-25,23.922534942626953,24.72018185705324,23.908782093040035,24.644542495869118,27023500
2013-02-26,23.89502716064453,24.13569544971813,23.736873338812217,24.1219452244176,29601900
2013-02-27,24.15631675720215,24.21820323963903,23.791872972590895,23.94315162367808,32171300
2013-02-28,24.12194061279297,24.321350318579036,24.080682075516307,24.115062878369965,22097000
2013-03-01,24.335107803344727,24.452005703035976,23.963788766331504,24.025675272500376,20624800
2013-03-04,24.65140151977539,24.67203209223464,24.293838156239445,24.321341214374886,16880500
2013-03-05,24.67204475402832,24.953971573520125,24.62391109873124,24.74768410466301,23312000
2013-03-06,24.7889404296875,24.85082693366474,24.623911501139865,24.816446125474613,18491700
2013-03-07,25.04335594177246,25.084614476200485,24.809565449274455,24.843946249754342,21509700
2013-03-08,25.098369598388672,25.180884051644995,24.91271011124657,25.063988794789136,24042200
2013-03-11,25.53157615661621,25.538451268394287,25.118998626575014,25.153382054727246,18989900
2013-03-12,25.20838737487793,25.5659534695037,25.187759419274094,25.504066979605263,22688600
2013-03-13,25.284027099609375,25.345913590462565,25.118995582971877,25.263399143687298,15812000
2013-03-14,25.421552658081055,25.46280856948993,25.304654788553048,25.407799813249117,21874700
2013-03-15,26.267333984375,26.267333984375,25.648469057816047,25.689727593948994,56046200
2013-03-18,25.964773178100586,26.061043082937168,25.8685058963507,25.923517270543034,29754300
2013-03-19,25.779125213623047,26.08168000647247,25.66910505048802,26.07480227078976,23724800
2013-03-20,25.744735717773438,26.01978737237238,25.68284922664302,25.889139279135723,19049900
2013-03-21,25.538448333740234,25.7034798514102,25.510942643614076,25.552201178803315,24008300
2013-03-22,25.5797061920166,25.703479171221936,25.510941968520903,25.627839836920128,15646600
2013-03-25,25.58658218383789,25.71723290143491,25.40092270863713,25.682849476959692,20304500
2013-03-26,25.648468017578125,25.751613042183656,25.49031423678006,25.73786019736379,18635500
2013-03-27,25.428430557250977,25.552203551223535,25.304657563278422,25.504069900577232,14840800
2013-03-28,25.435306549072266,25.46968735102273,25.32528640897855,25.462809616780408,16967500
2013-04-01,25.39404296875,25.50406308698994,25.27027000784425,25.455929449202877,10903800
2013-04-02,25.359668731689453,25.510944793960586,25.284029389010286,25.46281114372606,17094700
2013-04-03,25.215261459350586,25.407798655134737,25.13274701720699,25.35278727831446,26277200
2013-04-04,25.730985641479492,25.772244181034992,25.270277087002423,25.284029933520923,24102400
2013-04-05,25.545318603515625,25.57969939458382,25.180874873551343,25.31152555193119,24520900
2013-04-08,25.455936431884766,25.517822929313397,25.18088474929369,25.517822929313397,20087000
2013-04-09,25.751625061035156,25.889150950333256,25.428439614647843,25.545337538632086,21250100
2013-04-10,25.834138870239258,26.026673536372073,25.579717686694025,25.820386019360043,23566000
2013-04-11,25.792875289916992,26.067927007710548,25.54533189160789,25.847886682710737,30560000
2013-04-12,25.58658218383789,25.730983123520595,25.167129586875465,25.394047597594287,36662500
2013-04-15,25.146514892578125,25.730996693686258,25.125886925483698,25.455947514436474,23092300
2013-04-16,25.483436584472656,25.593456708972443,25.270271445653893,25.339033039808758,20352400
2013-04-17,25.139633178710938,25.35967351358514,24.926467956700684,25.31153985427439,31790200
2013-04-18,24.940208435058594,25.194629454233954,24.885197067082082,25.160248660791837,19322200
2013-04-19,25.229015350341797,25.256521039893183,24.953966324088714,25.036480769655945,18107000
2013-04-22,25.256521224975586,25.345913405129203,25.029605842231106,25.31153260448149,14432000
2013-04-23,25.53157615661621,25.538451268394287,25.242771623278646,25.339038926695405,19883100
2013-04-24,25.67597770690918,25.75161705365775,25.538451860374273,25.57971040126095,16740700
2013-04-25,25.882261276245117,25.99228141232457,25.669098738077594,25.765366029261244,14861200
2013-04-26,26.047292709350586,26.047292709350586,25.758488213628052,25.827252437889104,17814600
2013-04-29,26.047292709350586,26.116054310524696,25.96477564023732,26.09542635478985,16016500
2013-04-30,26.116050720214844,26.157309249099452,25.813496044320814,26.10229787725331,20585300
2013-05-01,25.75849151611328,26.102304812237872,25.641596254512816,26.06104889547878,17639200
2013-05-02,25.724102020263672,25.889133500806206,25.703474068853254,25.792863607022664,13205400
2013-05-03,25.95102882385254,26.07479919759011,25.854758897254207,25.951028823852543,15878400
2013-05-06,26.061046600341797,26.12293309311751,25.95102646019464,26.033540909533244,14228700
2013-05-07,26.404857635498047,26.51487776635067,26.067919509275544,26.143558841065502,23273300
2013-05-08,26.647424697875977,26.79989190708133,26.370207264107613,26.432581054518426,18741300
2013-05-09,26.259323120117188,26.689007800738676,26.183088186964326,26.640495142139876,27766600
2013-05-10,26.356348037719727,26.446444106783648,26.210810064129863,26.36327992812395,16390500
2013-05-13,26.474164962768555,26.536538754357526,26.217740550121192,26.363278515914985,12774700
2013-05-14,26.862266540527344,26.883059567144432,26.481094539939324,26.515746059312516,21730600
2013-05-15,27.236507415771484,27.291951957936803,26.75831013643136,26.820683924496702,25696800
2013-05-16,27.208789825439453,27.541451848176937,27.090974118682134,27.222650963365325,22959500
2013-05-17,27.638465881347656,27.659256257874045,27.257293997166872,27.31966512674603,24390400
2013-05-20,27.860239028930664,27.92261280296428,27.617673177137398,27.6523273300655,18939000
2013-05-21,28.192909240722656,28.276073423865014,27.83945683581963,27.95034593833173,23049200
2013-05-22,27.790939331054688,28.483980238499853,27.714707051978372,28.220626597164394,30388300
2013-05-23,27.728572845458984,28.026580725634755,27.305820001335682,27.305820001335682,24730000
2013-05-24,27.887975692749023,27.92955646774641,27.375124103264152,27.388985242843965,17121900
2013-05-28,28.082012176513672,28.400810294613674,28.005777269198298,28.276062745141374,20993200
2013-05-29,28.241413116455078,28.345370295852497,27.867170443113444,27.971127622510863,22848100
2013-05-30,28.587942123413086,28.823576176361794,28.206770090515914,28.26914388817121,22022700
2013-05-31,28.102811813354492,28.657244080504626,28.102811813354492,28.594870285216388,26904700
2013-06-03,28.227558135986328,28.386957240398146,27.71470930331204,28.296863818605466,23638000
2013-06-04,28.026578903198242,28.532498548711594,28.01271776505163,28.276074102353707,18708700
2013-06-05,27.596891403198242,28.10281099751956,27.48600495298729,27.887969987340437,21099300
2013-06-06,28.220630645751953,28.248350276783118,27.44442281456335,27.51372850149535,24721900
2013-06-07,28.587942123413086,28.678038196413333,28.283005025843686,28.574080985740608,23459300
2013-06-10,28.601808547973633,28.892884561674368,28.532502846800472,28.76120769505863,16340600
2013-06-11,28.179035186767578,28.55327780498294,28.130522548525644,28.262199331790825,18368500
2013-06-12,27.908763885498047,28.380032019182877,27.80480666869569,28.269145555006556,18320100
2013-06-13,28.37310028076172,28.407754449043566,27.86025137258944,27.922625174258158,17377700
2013-06-14,27.832517623901367,28.456255383506385,27.790934225347442,28.303785565882766,19475700
2013-06-17,28.144392013549805,28.213695047633074,27.957270649035426,28.130530877984892,15494200
2013-06-18,28.30379867553711,28.393894758930617,28.15826067879975,28.220634483650333,15784400
2013-06-19,28.179035186767578,28.539416673522314,28.151312923846326,28.262199331790825,20898800
2013-06-20,27.784015655517578,28.179048840460432,27.70778071741601,27.9226243935439,29302200
2013-06-21,28.386953353881836,28.553284325653586,27.825591942102033,28.165180487346905,38847800
2013-06-24,27.58302879333496,28.068157978501784,27.30581400448347,28.054296842498005,31047900
2013-06-25,27.929548263549805,28.088947356281707,27.645401594985753,27.832522958733975,22263000
2013-06-26,28.42853355407715,28.622584129491887,28.227551090259993,28.227551090259993,19405900
2013-06-27,28.802772521972656,28.9275200598107,28.518625939950557,28.678024984134616,18800400
2013-06-28,28.601808547973633,28.844371892724244,28.449338649134862,28.802791115762528,20249300
2013-07-01,28.66417121887207,29.07999468936217,28.60179743392444,28.80277992361582,16177100
2013-07-02,28.567150115966797,28.816645292414957,28.421609500544346,28.553288979081728,15558700
2013-07-03,28.567150115966797,28.622592019765534,28.269142282291664,28.40081911708751,8074400
2013-07-05,29.156234741210938,29.156234741210938,28.712688922951347,28.73347930701301,14933800
2013-07-08,29.682950973510742,29.779976302523057,29.308708152684453,29.357220817190612,22830100
2013-07-09,29.59285545349121,29.856211811336212,29.267125290991924,29.766115728226243,22540600
2013-07-10,29.156234741210938,29.50968713270891,28.92753258530779,29.48889410490563,25414800
2013-07-11,29.031494140625,29.46811081725581,28.71962508588871,29.433459287561167,32231700
2013-07-12,29.544334411621094,29.835410321653608,29.246326612068998,29.5235413868036,35799500
2013-07-15,30.043323516845703,30.05025540670058,29.779969864670512,29.78689911078402,21926700
2013-07-16,29.81461524963379,30.11262300229822,29.69679694000931,30.043317336712995,21829100
2013-07-17,30.15421485900879,30.41064195046506,29.918580796753332,29.939373825954146,23959200
2013-07-18,30.777956008911133,30.902703621911034,30.265104417273516,30.29975858823954,23443500
2013-07-19,30.805681228637695,31.0205223041784,30.583908260745304,30.784888195324942,18904400
2013-07-22,30.930423736572266,31.034378310969053,30.680928528032965,30.826466518433598,18409400
2013-07-23,30.888830184936523,31.041300016511745,30.840317537388227,30.94427472141515,13431500
2013-07-24,30.70863914489746,30.99971501517341,30.667055744683378,30.965063503532114,17947800
2013-07-25,30.251239776611328,30.646272922956115,30.091838025023794,30.646272922956115,29467400
2013-07-26,30.15421485900879,30.28589435022736,29.939373825954146,30.181937135448678,18503800
2013-07-29,29.974016189575195,30.14727639876349,29.946293921607232,30.084902617706067,12402400
2013-07-30,29.980939865112305,30.244296074402083,29.932427227051093,30.140341554445417,18579200
2013-07-31,30.147279739379883,30.528451713083555,30.008671027921835,30.008671027921835,25488500
2013-08-01,30.67399024963379,31.006652220911118,30.57696494290345,30.62547759626862,19822300
2013-08-02,30.833393096923828,30.87497386202126,30.52845338625505,30.660132859040722,13506500
2013-08-05,30.72943878173828,30.874976760726014,30.646274599994097,30.819534854143786,14162200
2013-08-06,30.51459312438965,30.71557564059127,30.47301235810069,30.680924120769973,13788000
2013-08-07,30.193605422973633,30.361074818036087,30.193605422973633,30.242450885023352,18578700
2013-08-08,30.158721923828125,30.402949280529956,29.998229280584273,30.361080592861693,18704100
2013-08-09,30.165695190429688,30.27036556645737,30.005202565897946,30.151738962834113,10716100
2013-08-12,30.14475440979004,30.305246992952817,29.900524482638158,30.040084060742437,11087600
2013-08-13,30.228490829467773,30.25640327906858,30.047065230817953,30.17964537360522,12733900
2013-08-14,30.074979782104492,30.37503200814402,30.074979782104492,30.319209761978456,13772000
2013-08-15,29.99822998046875,30.08894147971521,29.872626576412074,29.935428278440412,17748800
2013-08-16,29.830753326416016,30.13080556112905,29.753995406576184,29.781907861404886,16238000
2013-08-19,29.649337768554688,29.99125613981556,29.62840208938017,29.977299907658917,15873700
2013-08-20,29.719106674194336,29.774928922922495,29.41905443438051,29.635371970162968,15113700
2013-08-21,29.55861473083496,29.774929609728822,29.39812210195689,29.62141642577667,14586200
2013-08-22,29.642349243164062,29.747019621342602,29.433011148685278,29.593503776514957,14037600
2013-08-23,29.837730407714844,29.88657853509291,29.551634397553727,29.781908159377135,12161600
2013-08-26,29.579545974731445,29.886577648049858,29.565589747591687,29.795863502580495,10107000
2013-08-27,28.686376571655273,29.24461250039854,28.637531094257668,29.230656269445095,19230000
2013-08-28,28.784061431884766,29.014335201041437,28.595656346723395,28.67241426977562,13927000
2013-08-29,28.784061431884766,29.070157451156852,28.63054558578032,28.651481258717126,10512600
2013-08-30,28.665437698364258,28.90268559045437,28.55378787355244,28.867796351139848,15031800
2013-09-03,28.881752014160156,29.20273726857895,28.651480909686946,29.063180314051323,15949300
2013-09-04,28.958515167236328,29.132964053785944,28.784066280686712,28.860824216669144,12465000
2013-09-05,29.181800842285156,29.307404216161803,28.958506546921782,28.99339578147019,11331000
2013-09-06,28.909656524658203,29.321355815876434,28.749163941556528,29.314376372941222,14548700
2013-09-09,29.112028121948242,29.112028121948242,28.532856598939226,28.972468494317763,27418600
2013-09-10,29.621416091918945,29.62839287488792,29.23762914354669,29.391142325768623,18702300
2013-09-11,29.656307220458984,29.677240232578203,29.481858354456282,29.649330437045393,14707900
2013-09-12,29.48884391784668,29.767963251307073,29.35626369848658,29.670272283159708,14499500
2013-09-13,29.439987182617188,29.579546796011524,29.35625247933187,29.3911417172109,9986500
2013-09-16,29.928457260131836,30.054060699556555,29.802853820707114,29.844722521141804,19286200
2013-09-17,29.900527954101562,30.040087548408767,29.70514611919819,29.984265307812603,16850300
2013-09-18,30.221515655517578,30.577390090285167,29.8307493259542,29.865638558872146,23921600
2013-09-19,29.977285385131836,30.584369211387422,29.823772229536587,30.584369211387422,15953300
2013-09-20,29.900527954101562,30.074976781516106,29.656300660472343,29.977285864064417,32062300
2013-09-23,29.523719787597656,29.670256160190085,29.34927096445111,29.60047503380479,16474300
2013-09-24,29.119001388549805,29.516744549037025,29.098068378590952,29.356251928303426,22392800
2013-09-25,29.174835205078125,29.279502948707016,28.811981171030858,29.18879143660444,19188200
2013-09-26,29.035268783569336,29.44696820105203,28.895709162716525,29.251583667106747,20495000
2013-09-27,29.021299362182617,29.146902697662902,28.965474474468202,29.007343140254015,20034100
2013-09-30,28.832902908325195,28.9864187331823,28.539830146555754,28.65147729321239,20358800
2013-10-01,28.9515323638916,29.00735461180491,28.672413138690423,28.86779499920432,12771100
2013-10-02,28.791040420532227,28.791040420532227,28.609614766410804,28.749174395208023,17782400
2013-10-03,28.609609603881836,28.7631254340451,28.358402849752142,28.7631254340451,19049600
2013-10-04,28.818950653076172,28.818950653076172,28.553787645026958,28.609612556986082,12329500
2013-10-07,28.344451904296875,28.539836450511512,28.344451904296875,28.46307852112846,15290200
2013-10-08,28.07929229736328,28.44912306327715,28.05835662213215,28.295607200349004,19256200
2013-10-09,28.163021087646484,28.295601247450957,27.96065979488331,28.211866549778556,17031000
2013-10-10,28.91663360595703,28.937569273102483,28.211861589203547,28.581692212283116,26580700
2013-10-11,28.909656524658203,28.965478758752134,28.121147171265147,28.218838077337686,46034600
2013-10-14,29.13295555114746,29.23762591728002,28.67938751374367,28.707299966296084,17183700
2013-10-15,28.986417770385742,29.2934467480239,28.902680416766177,29.209712056282196,17256600
2013-10-16,29.453947067260742,29.747022557966062,29.132961779913742,29.244608952116113,25931800
2013-10-17,29.78190803527832,29.837730283383422,29.307406947932957,29.33531940292462,18826200
2013-10-18,29.78190803527832,29.963333668967678,29.572569946597298,29.80982049026998,17581300
2013-10-21,29.740039825439453,29.907511896172778,29.670261348729554,29.753996053157085,16457100
2013-10-22,29.963329315185547,30.040087224320295,29.705145798723244,29.83074916605687,18654300
2013-10-23,29.837730407714844,29.984269466092574,29.79586438693112,29.942400783430617,13612900
2013-10-24,29.788883209228516,29.99124450417146,29.691192283912077,29.956355268255315,13956600
2013-10-25,29.90751838684082,29.956363863514074,29.70515703383515,29.754002510508403,19831600
2013-10-28,29.886568069458008,29.998215188915232,29.70513983666671,29.886568069458008,12704500
2013-10-29,29.977285385131836,30.04706651210951,29.774924109713307,30.012174617681765,13105700
2013-10-30,30.074979782104492,30.28432052539021,30.019157535938927,30.081959226549017,16039700
2013-10-31,29.788883209228516,30.16569334563026,29.781906426796514,30.033113184397678,18760200
2013-11-01,29.774917602539062,30.033103723114316,29.712118594800323,29.809809489341344,15538700
2013-11-04,29.795856475830078,29.89354738089182,29.677229904056873,29.83074570451248,11921600
2013-11-05,29.74701690673828,29.879597066704466,29.656302764720344,29.774926698077763,16603700
2013-11-06,29.824316024780273,29.964864708854677,29.704851385800097,29.95080957237292,14751500
2013-11-07,29.311321258544922,29.936760208496988,29.311321258544922,29.908652610856755,22432500
2013-11-08,30.014047622680664,30.18973275652554,29.311307087301152,29.31833599387069,23461300
2013-11-11,30.042160034179688,30.119461927513935,29.824309487577953,29.999994633976666,11764400
2013-11-12,29.711877822875977,30.042166830664968,29.564302909893183,29.99297519300404,13376800
2013-11-13,30.04920196533203,30.07028601682414,29.374571293952286,29.62755846590569,24062300
2013-11-14,30.281097412109375,30.30217877564886,29.92270082822281,30.13352250584685,17831300
2013-11-15,30.597333908081055,30.667606913102755,30.189742972873933,30.203798110026934,23401200
2013-11-18,30.505979537963867,30.723830161866143,30.47084303236506,30.625446873892063,13116600
2013-11-19,30.61139488220215,30.794106338543898,30.477872394160276,30.58328460253609,14700500
2013-11-20,30.653553009033203,30.969786905838436,30.55516972574789,30.73085492611264,15790600
2013-11-21,30.9768123626709,31.194660271168026,30.77301690958259,30.78707204573452,16441600
2013-11-22,31.17359161376953,31.18764675565038,30.871412765191742,30.92060442140262,11035100
2013-11-25,31.25792121887207,31.426580248438576,31.20170332951279,31.25792121887207,12363900
2013-11-26,31.138446807861328,31.44765180467201,31.124391669723096,31.293047965894925,13429900
2013-11-27,31.110326766967773,31.25790164998458,30.969778110443013,31.25790164998458,13655800
2013-11-29,30.934646606445312,31.278988055695578,30.892481198463553,31.194659920475136,9770200
2013-12-02,31.047088623046875,31.25791032597869,30.983841844092993,30.9978969817209,16740500
2013-12-03,30.73085594177246,31.117362859200345,30.618417517052652,30.969787929395,22404100
2013-12-04,30.744909286499023,30.969786122820807,30.45678567241528,30.49895108450437,18009600
2013-12-05,30.393550872802734,30.885470151401602,30.365440586998364,30.653564314632153,19048900
2013-12-06,30.99789810180664,31.05411597360626,30.520034128164127,30.68869042430649,16909700
2013-12-09,31.145479202270508,31.25791764889176,31.0189856147286,31.0189856147286,14011200
2013-12-10,30.99789810180664,31.22980117918826,30.9557326873993,31.07520002118168,14352400
2013-12-11,30.583288192749023,31.040068227597324,30.55517790978306,30.969795200926548,18230100
2013-12-12,30.5692195892334,30.765986121855086,30.548138226664772,30.61841122238882,13744200
2013-12-13,30.73085594177246,30.801131632687035,30.5621996450645,30.583281011967117,14097300
2013-12-16,30.906522750854492,31.018961108645435,30.780029263246938,30.89949652631714,13254200
2013-12-17,30.632474899291992,30.794104979120856,30.562201883972904,30.751939561483184,13376100
2013-12-18,31.574140548706055,31.66549759229102,30.681659518704105,30.90653633311087,28008400
2013-12-19,31.637407302856445,31.763900925947972,31.27198157845257,31.356309766931997,17713600
2013-12-20,31.595224380493164,31.76388334484515,31.48278596450627,31.693607659388782,29401400
2013-12-23,31.770915985107422,31.99579286246644,31.69361405587579,31.707669195803707,13037300
2013-12-24,31.89740753173828,31.946599177980396,31.749832593011938,31.799024239254052,4355300
2013-12-26,32.002811431884766,32.07308442807354,31.925509527631334,31.97470116111207,7309800
2013-12-27,31.97471046447754,32.06606753069858,31.89740853773233,32.03795725174692,6843900
2013-12-30,31.97471046447754,32.052012391222746,31.85524580004858,32.02390211227108,11321400
2013-12-31,31.9044246673584,32.0098341500859,31.728739515403216,31.988752789688938,13243500
2014-01-02,31.637407302856445,31.834173969556698,31.560105346439983,31.72876440414361,17333100
2014-01-03,31.862255096435547,31.960638339737525,31.609268081806274,31.6162969881806,14693800
2014-01-06,31.918485641479492,32.19255680351997,31.876322909429717,31.995787557895262,18438900
2014-01-07,31.9044246673584,32.18551930204109,31.77793114349125,32.18551930204109,16897000
2014-01-08,32.26985549926758,32.29093954568309,31.86929346703641,31.904432650814478,20850700
2014-01-09,32.43851852416992,32.466628802410966,32.18553138148785,32.304998723640466,14229900
2014-01-10,32.28390884399414,32.368239663486825,32.06606092882936,32.368239663486825,15386700
2014-01-13,32.016868591308594,32.403375456266915,31.9395666821683,32.29796327457685,20950900
2014-01-14,32.037940979003906,32.213626112102034,31.56710342831489,31.96063909152195,28487500
2014-01-15,32.6071662902832,32.846098211610226,32.15741003545258,32.28390356325764,27394500
2014-01-16,32.60014343261719,32.64933507136548,32.37526660384122,32.53689665697749,12892600
2014-01-17,32.60014343261719,32.7196107558225,32.42445824258951,32.663390208256885,15168200
2014-01-21,32.67744827270508,32.91638025977825,32.494736838234296,32.68447450140863,15533900
2014-01-22,32.79691696166992,32.909358080711065,32.67745229380445,32.846111291622336,11817300
2014-01-23,32.57203674316406,32.64231243535445,32.326078522356596,32.607175929631026,19825200
2014-01-24,31.960636138916016,32.43849987125603,31.960636138916016,32.35417176576724,20115400
2014-01-27,31.99578857421875,32.24174946887656,31.784966865043113,31.995788574218754,21323600
2014-01-28,32.29794692993164,32.494716057460224,32.080099129772485,32.17848235316588,16117300
2014-01-29,32.037940979003906,32.47363935847939,31.96766799806161,32.066051243677784,20428800
2014-01-30,32.361209869384766,32.46662205049483,32.164443324105314,32.22066118815239,12623600
2014-01-31,31.862255096435547,32.12226833669682,31.7849532107719,31.911446718086538,27251200
2014-02-03,31.222774505615234,32.05903510720245,31.145472587341633,31.84118717106061,29540200
2014-02-04,31.461694717407227,31.49683120872771,31.082214177364136,31.32114607138285,20744800
2014-02-05,31.291908264160156,31.57490196035891,31.24945840008197,31.55367567890587,21998800
2014-02-06,31.681034088134766,31.688110417467275,31.32021955821444,31.390966658566224,21043100
2014-02-07,32.098445892333984,32.11967217980638,31.72348143254185,31.8720519507053,16773000
2014-02-10,32.204566955566406,32.275314045261084,31.992322987653893,32.11259357990054,12501500
2014-02-11,32.52294158935547,32.60783865589537,32.162124333609995,32.21872417718932,13561100
2014-02-12,32.537078857421875,32.7210228796393,32.409731957875955,32.515852574945534,12175700
2014-02-13,32.530006408691406,32.593679866055794,32.147965664505065,32.232865406876485,14597400
2014-02-14,32.6361198425293,32.7422404400771,32.40972599583428,32.56537007866989,11165300
2014-02-18,32.6361198425293,32.77761667142057,32.593669984213655,32.749316765876806,12120400
2014-02-19,32.211631774902344,32.72101931763417,32.17625823972991,32.579522478116694,16187900
2014-02-20,32.28239822387695,32.43804239882009,32.01355435976917,32.112601388959106,13388500
2014-02-21,32.261165618896484,32.58660926389388,32.17626856746737,32.27531557727277,15411100
2014-02-24,32.60075378417969,32.84837126738844,32.331910017532934,32.35313360214278,14106700
2014-02-25,32.60075378417969,32.72809799066693,32.50878041949008,32.68565082144723,13751600
2014-02-26,32.579524993896484,32.848368739856944,32.409730932426264,32.791768920148236,13910700
2014-02-27,32.579524993896484,32.60075127570123,32.26823408198244,32.508777918088555,13799700
2014-02-28,32.84129333496094,33.00401647177776,32.55122599788038,32.61489944742626,16347300
2014-03-03,32.650272369384766,32.71394581246435,32.515849156868,32.62197246160989,16067600
2014-03-04,33.067691802978516,33.110138972539126,32.848371531212024,33.053541846848915,14881900
2014-03-05,33.3153076171875,33.41435460629862,33.03231390644597,33.124287267261174,13643700
2014-03-06,33.4921875,33.6053844765996,33.37191419427172,33.45681395084302,14726300
2014-03-07,33.923744201660156,34.29870859644606,33.67612401548809,33.78932096667789,20491600
2014-03-10,34.06523132324219,34.157201964337375,33.6619671312789,33.88836096891347,11810200
2014-03-11,33.82469177246094,34.21380606098415,33.76101832896967,34.19965610700522,13373600
2014-03-12,34.04401397705078,34.05109030442378,33.647826006663124,33.746872999260034,13497400
2014-03-13,33.84590148925781,34.17134220097503,33.775154447172035,34.12181873174966,14813900
2014-03-14,33.53462600708008,34.00863734247513,33.442652651396,33.66904652782766,15347300
2014-03-17,34.05108642578125,34.079383635565605,33.66197212826113,33.74686915526985,11085700
2014-03-18,34.24211120605469,34.27748474699827,34.0440145188799,34.079388059823486,9757400
2014-03-19,33.82469177246094,34.24917959651757,33.59122158005035,34.22795601496307,28293000
2014-03-20,34.68781661987305,34.92128680720417,33.74686764078228,33.74686764078228,25208400
2014-03-21,34.75149917602539,35.35286022003626,34.694902045325456,35.22551330242588,30999100
2014-03-24,34.65244674682617,35.013263856496714,34.53924980432381,35.00618752949957,19677600
2014-03-25,34.63828659057617,34.85760678282127,34.60291306249205,34.84345683182218,14659400
2014-03-26,34.3128547668457,34.8080923857204,34.28455485746363,34.80101605896093,17399800
2014-03-27,34.737342834472656,35.225506828538464,34.418978297785465,35.027410160424665,29075100
2014-03-28,34.871768951416016,35.09816284906592,34.701972178764514,34.76564563115531,15008000
2014-03-31,35.19014358520508,35.31041418778926,34.99204685914185,35.19721721525115,17901800
2014-04-01,35.21135330200195,35.32455022994402,35.02033298006953,35.28917669599231,16397000
2014-04-02,35.20429229736328,35.28919205439024,35.02742185180034,35.21136862652994,13036800
2014-04-03,35.253814697265625,35.29626187236555,35.06279431283037,35.23966473928947,9598900
2014-04-04,35.06277084350586,35.720728605434864,35.06277084350586,35.4094351359814,18702400
2014-04-07,34.426055908203125,35.14061116495047,34.41898227940802,35.07694040930987,19653700
2014-04-08,34.546321868896484,34.66659242472868,34.270401825439535,34.426048614236635,19086900
2014-04-09,34.737342834472656,34.737342834472656,34.39067838822236,34.71611925171429,15928100
2014-04-10,33.753936767578125,34.82223518726556,33.753936767578125,34.82223518726556,24910800
2014-04-11,34.015724182128906,34.57463271921554,33.05354856050974,33.57000991941412,36426700
2014-04-14,34.03694534301758,34.440209699952426,33.56293119611173,34.22088939928512,24321400
2014-04-15,34.51095199584961,34.581701775990034,33.98741711695124,34.15013756303199,21749600
2014-04-16,34.73027801513672,34.82932502490095,34.4048370691032,34.709054426995415,17866000
2014-04-17,34.617069244384766,34.87176301055755,34.52509589574955,34.68074268592796,19399900
2014-04-21,34.75149917602539,34.90007237912311,34.638302215797104,34.72320196008963,12478000
2014-04-22,34.8293342590332,35.013281067788796,34.595866631094886,34.69491366711898,14203800
2014-04-23,35.084007263183594,35.14060437909987,34.808089913375944,34.808089913375944,13309900
2014-04-24,34.89297866821289,35.190122227550454,34.78685539012939,35.190122227550454,12617100
2014-04-25,34.70195770263672,34.984951306060715,34.66658417691547,34.85760445440262,16274500
2014-04-28,34.6241455078125,34.90006557472499,34.3340781851046,34.8576157108551,18411700
2014-04-29,34.999107360839844,35.02740456705638,34.75856356562066,34.85761053444724,14745800
2014-04-30,35.11939239501953,35.1972158165773,34.928372005421885,34.984971838856126,14982800
2014-05-01,35.11939239501953,35.260889279776514,34.984971838856126,35.190142186812324,11851000
2014-05-02,35.07693099975586,35.381145535246354,35.0203311892653,35.21135150142968,13369700
2014-05-05,35.06277084350586,35.11936793869857,34.737327425547534,34.86467426326455,9127000
2014-05-06,34.73027801513672,34.970821909776404,34.716128056766316,34.9425219930356,16213000
2014-05-07,35.193443298339844,35.22194643601731,34.822910663159206,34.91554450150657,15504500
2014-05-08,35.15067672729492,35.26468651249746,35.058042927377954,35.16492557201351,12901800
2014-05-09,34.97254943847656,35.143562821579124,34.85141246708759,35.107935259950146,15174600
2014-05-12,35.457096099853516,35.52122681060415,35.15069683538854,35.186324403981274,16450500
2014-05-13,35.492706298828125,35.59958894411392,35.371569372321645,35.4713275952048,9707100
2014-05-14,35.12217712402344,35.52833719443132,35.050919302245234,35.52833719443132,13262500
2014-05-15,34.936912536621094,35.09367703992556,34.673265368688476,34.986791657089206,17370900
2014-05-16,34.97254943847656,35.00817700010553,34.72315107065631,34.92266759034554,13923400
2014-05-19,35.26469802856445,35.300325588410864,34.78728002835503,34.80153159593531,10533800
2014-05-20,34.88702392578125,35.24330481403851,34.82289325716665,35.17204972367004,15095400
2014-05-21,35.39295196533203,35.49271292504751,35.029546554382975,35.043798120056614,12933500
2014-05-22,35.620967864990234,35.656595413636126,35.343066461853745,35.40007271425335,12159000
2014-05-23,35.74210739135742,35.7919865105237,35.46420866508585,35.563966903418404,13167200
2014-05-27,36.02000427246094,36.12688964703227,35.770608689405144,35.84186379364738,13322200
2014-05-28,35.94162368774414,36.126891316468,35.856117015060576,36.00575437180884,12458400
2014-05-29,35.82048797607422,36.06275913713917,35.734981306936,36.06275913713917,13026600
2014-05-30,36.18389892578125,36.21240205928211,35.85612104514655,35.85612104514655,15489200
2014-06-02,36.404788970947266,36.46179251165754,36.248024477129924,36.29790359457944,11828300
2014-06-03,36.404788970947266,36.45466808839677,36.16251780696049,36.25515161859873,9293500
2014-06-04,36.369171142578125,36.39054713628396,36.21240660684525,36.30504044325183,10129200
2014-06-05,36.78956985473633,36.85370053132107,36.3549066821295,36.41903735871425,11862900
2014-06-06,37.03896713256836,37.06747026085881,36.7753199914015,36.81094754266061,13152400
2014-06-09,37.41663360595703,37.45938830929062,36.967721452893166,36.98197302067103,11049600
2014-06-10,37.4736328125,37.50213594268228,37.188606947093376,37.338247021446314,12331700
2014-06-11,37.2242317199707,37.40949660237106,37.09597037130596,37.3026112390812,11735400
2014-06-12,36.84656524658203,37.252725202445944,36.80381328377985,37.138715437961466,13420600
2014-06-13,36.981971740722656,37.110233128075656,36.86796192065427,36.97484459797609,11111900
2014-06-16,36.404788970947266,36.97483796909025,36.29790359457944,36.96771354582948,16310500
2014-06-17,36.81094741821289,36.87507809754564,36.32640511174503,36.362032662883685,15470800
2014-06-18,37.08172607421875,37.15298118490212,36.71831794239218,36.832327750410506,18077100
2014-06-19,37.067466735839844,37.19572808274163,37.003336062388954,37.05321517304991,16335000
2014-06-20,37.687416076660156,37.701667647508366,37.24562825320257,37.3240105337631,29836500
2014-06-23,37.75154113769531,37.801420269096134,37.43088763711233,37.55202461209203,13122500
2014-06-24,37.40238952636719,37.75867061162491,37.35250767367886,37.71591590283875,11226300
2014-06-25,37.480751037597656,37.5876363990011,37.10309413886542,37.259858610735094,12815300
2014-06-26,37.31686782836914,37.52351144218543,37.05322067313929,37.49500831237462,12545900
2014-06-27,37.694522857666016,37.694522857666016,37.16010147150747,37.21710500589636,16864500
2014-06-30,37.4522705078125,37.59478077437633,37.33826066363597,37.58053192228723,12914600
2014-07-01,37.566261291503906,37.73015018946515,37.4950034761679,37.573385713933654,12482600
2014-07-02,37.523502349853516,37.65176368471506,37.445120120970635,37.59475743890663,14436000
2014-07-03,37.765777587890625,37.822783839932804,37.64464337961257,37.68739535043649,8741500
2014-07-07,37.40950393676758,37.75153336086161,37.37387638142183,37.694529815950055,13551800
2014-07-08,37.23136901855469,37.37388197949232,37.1244836182993,37.26699657923694,17282100
2014-07-09,37.188602447509766,37.266984686923244,36.98908599679021,37.266984686923244,16116300
2014-07-10,36.91783142089844,37.02471407035112,36.71831224914604,36.89645271644165,20059900
2014-07-11,36.6898078918457,36.81806651374482,36.212390077402674,36.43328521163244,29998900
2014-07-14,36.561553955078125,36.93921091174847,36.44041701235619,36.63280906147356,21252400
2014-07-15,36.59005355834961,36.81094873242827,36.483170901117745,36.7040633569884,19293100
2014-07-16,36.461795806884766,36.810952378794326,36.37628912898768,36.75394883293236,21599400
2014-07-17,36.11263656616211,36.426162817154044,36.06275745164539,36.39766240757869,24398000
2014-07-18,36.540184020996094,36.59719029436471,36.19103011034385,36.319291507214515,15487400
2014-07-21,36.376285552978516,36.44754337606125,36.23377262502107,36.340658000541154,15236900
2014-07-22,36.59005355834961,36.68268736918363,36.37628552567787,36.483170901117745,11920800
2014-07-23,36.57581329345703,36.782454233204426,36.53305858960827,36.64706841499632,9109000
2014-07-24,36.761077880859375,36.810957009090785,36.63994091357693,36.661319624396555,9939600
2014-07-25,36.7681999206543,36.88933688007908,36.68982038009526,36.68982038009526,10040200
2014-07-28,36.7681999206543,36.84658217942178,36.461798028131476,36.561558996331826,13468000
2014-07-29,36.7254524230957,37.16011575246279,36.68269771721723,36.80383469143518,14511800
2014-07-30,37.124473571777344,37.266986494148526,36.832323304109984,36.8608264322258,11439600
2014-07-31,36.2693977355957,36.967707993209345,36.26227059519741,36.95345643062038,19638900
2014-08-01,35.87749099731445,36.419039569844465,35.79198432941265,35.98437637084768,18813700
2014-08-04,36.333534240722656,36.36203465226811,35.99862926163908,36.02000524985018,13380100
2014-08-05,35.91313934326172,36.29079647493609,35.813378342588166,36.148283477897486,12766000
2014-08-06,35.92029571533203,36.25036568516339,35.75526073041635,35.78396044376352,15271500
2014-08-07,35.6619758605957,36.17143199385173,35.5902197407748,36.121204078585144,14109100
2014-08-08,35.87724304199219,35.90594549335772,35.49694514165632,35.683505601099455,14563200
2014-08-11,35.798309326171875,36.05662588990488,35.7193789608961,35.93464458881772,14666400
2014-08-12,35.719383239746094,36.070981435215586,35.697857769261844,35.77678814399274,15219900
2014-08-13,35.87007141113281,35.96335027904216,35.7624385792785,35.89159688261703,12283100
2014-08-14,36.14990997314453,36.228840343864924,35.92029584225777,35.956172536980766,11904300
2014-08-15,36.02793502807617,36.322128378672204,35.78396961022456,36.23602374214135,13297200
2014-08-18,36.372344970703125,36.401047419669815,36.16425905873513,36.21448697581874,9913700
2014-08-19,36.49433898925781,36.65937401011934,36.415408601624705,36.42975983003227,8718400
2014-08-20,36.487152099609375,36.55173124130067,36.336468348068415,36.44410116329264,8402900
2014-08-21,36.80288314819336,36.88181353494976,36.52304104039661,36.59479444442048,10102200
2014-08-22,36.72394943237305,37.018142741749024,36.688072733613375,36.838756510734,9210400
2014-08-25,36.91768264770508,37.13294555274147,36.8889801971092,36.93920811704381,8665600
2014-08-26,36.996620178222656,37.08989905488708,36.93204102049204,37.00379442365189,7025200
2014-08-27,36.838748931884766,37.097065489357504,36.7885210165113,37.06118879797876,8315800
2014-08-28,36.702423095703125,36.795701962836915,36.594790264743715,36.74547403831362,7718000
2014-08-29,36.91050720214844,36.93203540959922,36.72394673994588,36.78852588786531,8860700
2014-09-02,37.0037956237793,37.10425148634787,36.76700719589866,37.10425148634787,9990300
2014-09-03,36.98942947387695,37.333850608267184,36.88179940906392,37.132938964176844,7735500
2014-09-04,37.0037956237793,37.25493528020073,36.88181428700802,36.9463934468331,8306200
2014-09-05,37.06119918823242,37.06119918823242,36.7096009448301,36.867461715812794,12102500
2014-09-08,36.93204879760742,37.11860932743888,36.83876716408297,36.939223044547404,7746900
2014-09-09,36.645015716552734,36.853104382517444,36.59478779541869,36.75982278446147,10745000
2014-09-10,36.96791458129883,37.039667978362544,36.6378445752591,36.65219580211517,11381400
2014-09-11,37.01815414428711,37.118610026643836,36.82441662664878,36.88182155211976,8981900
2014-09-12,37.09709167480469,37.333880194817446,36.967933304900264,37.0755634550086,12523700
2014-09-15,37.269287109375,37.42714788865083,37.06837538099995,37.118603313093715,10414800
2014-09-16,37.5347785949707,37.65675992675042,37.15447789724433,37.15447789724433,10524600
2014-09-17,37.678279876708984,37.92224524172171,37.434314511696265,37.592175258826984,16919100
2014-09-18,38.202091217041016,38.30254706386798,37.764388395395045,37.764388395395045,16388300
2014-09-19,38.288204193115234,38.6039230287866,38.187748324366034,38.46041347176612,22553800
2014-09-22,37.9581184387207,38.38864419461503,37.900713544752925,38.2164322499277,13445700
2014-09-23,37.38407516479492,38.058568887516955,37.37690092267081,37.92223365221836,20596500
2014-09-24,37.40561294555664,37.52042000945494,37.22622673713953,37.47019209007546,18245200
2014-09-25,36.88898849487305,37.43432149277953,36.88898849487305,37.38409356154671,16684900
2014-09-26,37.21905517578125,37.25493187524575,36.84593147947362,36.91768761561934,10753400
2014-09-29,37.089900970458984,37.25493599602365,36.867463766845184,37.07554974164245,9995300
2014-09-30,37.21905517578125,37.441495092007926,37.1042480951648,37.1688272490876,16669900
2014-10-01,36.781349182128906,37.28363114335591,36.73829824133742,37.19752652455646,16527000
2014-10-02,36.881805419921875,36.96073305209508,36.515856023155294,36.73111892507994,15434400
2014-10-03,37.38407516479492,37.45583127211408,37.01095435559775,37.15446109580484,14018800
2014-10-06,37.333858489990234,37.64240300124771,37.30515877564401,37.49889348065086,10872300
2014-10-07,36.65220260620117,37.19753564188389,36.63785137668095,37.19753564188389,11889700
2014-10-08,37.41997528076172,37.44867500234506,36.659376545852005,36.774183643836764,15267200
2014-10-09,36.6808967590332,37.463020857229715,36.61631760460536,37.355390757994456,18735700
2014-10-10,36.33649444580078,37.12579593750235,36.3149689621823,36.601985446895284,20211500
2014-10-13,36.02075958251953,36.58044380715511,35.98488287992799,36.314952923317335,19298900
2014-10-14,35.037723541259766,35.77679401276418,34.59284367202029,35.518477375713374,45851500
2014-10-15,34.33452606201172,34.81528262005878,33.32278775371091,34.53544051692277,38470600
2014-10-16,34.535438537597656,34.93008770497142,33.76048869282005,33.853770300924765,28973400
2014-10-17,34.9372673034668,35.18123272858937,34.73635556650131,34.79376048404409,28314000
2014-10-20,35.288856506347656,35.331910183434104,34.87985615428387,34.930084075609855,15018500
2014-10-21,36.20014953613281,36.293431162187524,35.568709104497984,35.611762794342596,17660200
2014-10-22,35.99922561645508,36.37234928563794,35.97770014578454,36.250367968882884,20078200
2014-10-23,36.30778503417969,36.580452969158834,36.2288573635967,36.422592153557595,14394500
2014-10-24,36.73829650878906,36.77417320349554,36.271891265955745,36.29341947255271,10888600
2014-10-27,36.81722640991211,36.85310310416102,36.60196076998598,36.81722640991211,11654500
2014-10-28,37.154476165771484,37.16165314802221,36.81005492258807,36.996618140072876,13267200
2014-10-29,37.4343147277832,37.50607085744612,37.08271927269252,37.19752634293673,16546900
2014-10-30,37.64240264892578,37.75720971688541,37.254927768105865,37.319506914909184,14107600
2014-10-31,38.094459533691406,38.15186170336826,37.872019625304105,38.058582835491286,21126300
2014-11-03,38.295372009277344,38.46040701411489,38.09446030551279,38.187741912496335,14349500
2014-11-04,38.22361755371094,38.38147830928148,37.965300949037896,38.30254793149621,14931500
2014-11-05,38.664215087890625,38.67866123058566,38.375300499949844,38.59198712973542,14496900
2014-11-06,39.047035217285156,39.090370894751835,38.62810529963866,38.67866542689664,15328100
2014-11-07,38.88813018798828,39.18426925555942,38.74367150141986,39.14815527274738,13312700
2014-11-10,38.880916595458984,38.996483017731094,38.72923342752864,38.772571869126004,11837300
2014-11-11,38.7003288269043,39.07591748662496,38.664212095302126,38.91701543991846,12520500
2014-11-12,38.671443939208984,38.76533974443573,38.43308669058655,38.49809296245446,10687900
2014-11-13,38.5630989074707,38.765339415869924,38.368080093519914,38.69311145010457,13494400
2014-11-14,38.53419876098633,38.77977765195748,38.44752466867878,38.56309104352875,9488400
2014-11-17,38.59920883178711,38.63532556619253,38.1875034085093,38.35362991655824,9657900
2014-11-18,38.476417541503906,38.64254403569187,38.30306659890964,38.353626716474686,12580400
2014-11-19,38.54141616821289,38.57753013713346,38.22360662894579,38.46918547505255,12490600
2014-11-20,38.628108978271484,38.685893560823715,38.339194331471965,38.39697615870365,10245900
2014-11-21,38.866451263427734,39.068691713746006,38.786998870711415,39.003685461098065,14587500
2014-11-24,39.07591247558594,39.263709536683216,38.953124420908,39.04702295145664,11028000
2014-11-25,38.9170036315918,39.20591810950736,38.85921908281732,39.16980414418278,14390400
2014-11-26,39.205928802490234,39.307049035106054,38.98202050321798,39.14092254504868,11792500
2014-11-28,39.35039138793945,39.53818848611009,39.19871102386931,39.23482500264982,11054300
2014-12-01,38.87367248535156,39.429836472315586,38.78699840130974,39.30704566088016,13858500
2014-12-02,39.162593841552734,39.32149588625267,38.82311640708152,38.82311640708152,12925300
2014-12-03,39.28538131713867,39.44428611475856,39.075916403061484,39.126476519518775,14781300
2014-12-04,39.364830017089844,39.46595024050282,39.12647284305689,39.23481751403904,12310000
2014-12-05,39.74765396118164,39.978786750927256,39.6176414225347,39.646533710082956,14261400
2014-12-08,39.55986022949219,39.834331454908536,39.42984768878551,39.68987277019887,18939300
2014-12-09,39.60319519042969,39.653755312348636,39.03980664497289,39.21315760249498,12895800
2014-12-10,39.191471099853516,39.79097338110766,39.15535713533289,39.530948428048944,23309500
2014-12-11,39.31427764892578,39.85599559989721,39.270939220932874,39.42984403492022,17007700
2014-12-12,38.7869987487793,39.44428296556691,38.758106468733374,38.90978680599525,18792900
2014-12-15,38.418636322021484,39.29983174260342,38.396968485554716,39.01091439821984,24852800
2014-12-16,38.11527633666992,38.83756695645449,38.08638405060173,38.15139031659514,24243300
2014-12-17,38.852012634277344,38.89534830754069,38.23806396161981,38.31029467592541,19782600
2014-12-18,39.87766647338867,39.87766647338867,39.26372051765647,39.314280643172296,21404700
2014-12-19,39.328731536865234,40.02935168448194,39.328731536865234,39.65376292252274,36186100
2014-12-22,39.70431137084961,39.70431137084961,39.2492675648292,39.335941657059855,17395500
2014-12-23,40.06546401977539,40.18825211012005,39.7693249577039,39.78377110162449,13205700
2014-12-24,39.97156524658203,40.26048261279663,39.95711910273928,40.181030199321604,4297000
2014-12-26,39.928226470947266,40.116023583964356,39.91378032722901,40.02212502745581,5826000
2014-12-29,40.23881149291992,40.41216246144474,39.783770366767605,39.783770366767605,11385600
2014-12-30,40.02932357788086,40.2676806784407,40.01488019783353,40.10155425471047,8749400
2014-12-31,39.59596633911133,40.20991218290842,39.59596633911133,40.087124116276875,10090800
2015-01-02,39.50929641723633,39.863217268670745,39.14092666782665,39.80543545336961,11700900
2015-01-05,38.42586898803711,39.263726159532716,38.35363825883541,39.104821310609566,15000500
2015-01-06,37.624122619628906,38.62088455569903,37.45077163953483,38.53420768799181,20211200
2015-01-07,37.848026275634766,38.021374466274786,37.638561352901576,38.01415277304804,15714700
2015-01-08,38.685874938964844,38.70754276933162,38.25249904439486,38.281391321763365,16721600
2015-01-09,38.050270080566406,38.7075544345284,38.04304563138745,38.67144045459379,14550800
2015-01-12,37.595218658447266,38.05748412142106,37.349639786827495,37.97803448366954,16967500
2015-01-13,37.45076370239258,37.94192149402499,37.01739047698505,37.77579499910811,25080900
2015-01-14,37.01737594604492,37.36407494134037,36.417873705731616,36.836803380454455,37590100
2015-01-15,36.63457489013672,37.22685287726076,36.4467778179347,36.98849569069349,32144700
2015-01-16,37.2990837097168,37.34242213480454,36.48289461347625,36.49734075517216,23174900
2015-01-20,37.559120178222656,37.77580685895597,37.342433497489345,37.54467403213102,17691000
2015-01-21,37.63133239746094,38.0647083327976,37.34963955491782,37.55188276020272,17928300
2015-01-22,38.83757400512695,38.87368799160654,37.90581827522272,37.913042725710966,21488700
2015-01-23,38.46919250488281,38.989242569394,38.454749118930586,38.80866993647425,17779700
2015-01-26,38.7003288269043,38.71477221316144,38.20194658611999,38.2163927276969,13429400
2015-01-27,38.25973129272461,38.526978024578064,37.970813970766436,38.23083900946484,14351600
2015-01-28,37.67466735839844,38.541416394169595,37.66744566669967,38.50530242503731,18775100
2015-01-29,38.1080436706543,38.20916665008889,37.486876186044256,37.73245505403221,16700000
2015-01-30,37.5013313293457,38.11528006948155,37.486887940217144,37.703574596309664,21754800
2015-02-02,38.1441650390625,38.216392992127055,37.551887006909766,37.69634291303888,17714500
2015-02-03,38.60643005371094,38.664211864353675,38.259730923895226,38.28862045155672,20258900
2015-02-04,38.5555305480957,38.89724555544238,38.461015873558665,38.5555305480957,14435600
2015-02-05,39.020851135253906,39.14445132759103,38.69368019193837,38.708221554182806,13281900
2015-02-06,39.58795928955078,40.0460025638843,39.137188084204446,39.34803093564409,19317000
2015-02-09,39.4134635925293,39.587957183677624,39.3189488885771,39.457087683686765,9739200
2015-02-10,39.675193786621094,39.77698053658212,39.420726911718525,39.7115458011099,12342500
2015-02-11,39.18806838989258,39.449804542932746,39.01357484771837,39.30439649351513,18296800
2015-02-12,39.88603210449219,39.91511482019,39.238956934358164,39.39890632373529,20159500
2015-02-13,40.22776412963867,40.39498565555257,39.84969698577531,39.973294419653655,18809000
2015-02-17,40.25684356689453,40.32227831736625,39.9514832470142,40.21322224890109,11908600
2015-02-18,39.63883590698242,40.13323099662374,39.55159053042234,40.05325491249345,13231600
2015-02-19,39.66791915893555,39.85695127294658,39.355286884106086,39.55886035665344,10784600
2015-02-20,39.864234924316406,39.944208259287215,39.28259150774842,39.55887185327008,15049100
2015-02-23,40.06052780151367,40.06779986807686,39.457076630365194,39.755167569398225,13715000
2015-02-24,40.25684356689453,40.380443772666254,40.00237663366092,40.125974065951084,11957800
2015-02-25,40.22776412963867,40.40952701956442,40.162329378326135,40.271385448192625,10516900
2015-02-26,40.09689712524414,40.24230522745909,39.958755545265454,40.14779051571573,13579100
2015-02-27,39.83515548706055,40.191409196960656,39.83515548706055,39.85696614626377,12937000
2015-03-02,40.3876953125,40.39496737795632,39.78424423320172,39.83513759747457,12988500
2015-03-03,40.315006256103516,40.409523727740215,40.08961929250259,40.315006256103516,11759600
2015-03-04,39.856956481933594,40.13323678327018,39.74789766539837,40.11142335587458,16653300
2015-03-05,39.87149429321289,39.99509168570195,39.73335554158147,39.94419831544402,9576100
2015-03-06,39.68973922729492,40.344086649285316,39.63157377934857,39.973288852330356,17298400
2015-03-09,39.74790954589844,39.99510720024794,39.71882958981394,39.82788566546471,11937900
2015-03-10,38.744571685791016,39.38437495249386,38.744571685791016,39.377105658466355,18723200
2015-03-11,39.042659759521484,39.25350532589059,38.9699529572489,39.16625716316349,16612900
2015-03-12,40.41678237915039,40.453134389905074,39.40618150337476,39.6388377003815,26266900
2015-03-13,40.23502731323242,40.46041426095761,40.0023710713463,40.344086140014554,17591400
2015-03-16,40.518577575683594,40.5840123180918,40.227758655465834,40.35135607252511,15505200
2015-03-17,40.64943313598633,40.70032649892788,40.17684873898017,40.351342250122826,13107700
2015-03-18,40.8384895324707,40.91846565710749,40.344096965908776,40.48223577988382,20000500
2015-03-19,40.358619689941406,40.70033471594975,40.16231826380984,40.67852406270865,14841100
2015-03-20,40.7221565246582,40.86756739088814,40.36590281455052,40.373172109795306,26487200
2015-03-23,40.554931640625,40.925729457477516,40.518579620448435,40.73669451498919,16477400
2015-03-24,40.2422981262207,40.620365226924974,40.2422981262207,40.49676780715617,13927400
2015-03-25,39.653377532958984,40.249559361524355,39.653377532958984,40.17685256933313,15413700
2015-03-26,39.624305725097656,39.80606859539627,39.23896932757861,39.51524689352597,15038600
2015-03-27,39.3480224609375,39.69700681315314,39.23169434353229,39.65338550255186,13600300
2015-03-30,39.820613861083984,40.00237674919913,39.54433349457412,39.54433349457412,11706700
2015-03-31,39.551605224609375,39.762448065171725,39.398922292053925,39.602498610967345,13306200
2015-04-01,39.21715545654297,39.566139830777466,39.100827331798136,39.566139830777466,15436900
2015-04-02,39.5297737121582,39.60974978942177,39.12989609932063,39.224413533675786,13498900
2015-04-06,39.31893539428711,39.529778162149604,38.94086838778659,39.12990050429655,10786100
2015-04-07,39.27531814575195,39.54432639529324,39.24623542323909,39.46435029512341,10853700
2015-04-08,39.26078414916992,39.52252315392144,39.13718671552704,39.24624278518577,9828700
2015-04-09,39.39891815185547,39.47162496292763,39.064475141367296,39.30440345768354,10279400
2015-04-10,39.49342727661133,39.60975537627148,39.304395154718826,39.500699342922964,9531500
2015-04-13,39.68973922729492,39.79152598771982,39.464352276724625,39.5007070684317,14931600
2015-04-14,39.39891815185547,39.602494449376266,38.948147017133095,39.209885990030365,29289600
2015-04-15,39.849693298339844,39.92239733818994,39.39891937612896,39.5297888666442,16899900
2015-04-16,39.849693298339844,40.0387254660389,39.50797820938544,39.64611699449316,15643200
2015-04-17,39.2971305847168,39.66792837988478,39.24623720474961,39.55886955225156,17569700
2015-04-20,39.522518157958984,39.747902337518966,39.38437660431255,39.50797679581298,13327200
2015-04-21,39.464351654052734,39.87877075694751,39.39891691288613,39.66065587755255,10954200
2015-04-22,39.74790954589844,39.9224031498141,39.37711445111505,39.48617330024756,13563800
2015-04-23,39.88603210449219,40.07506420956713,39.55885848659284,39.55885848659284,14657800
2015-04-24,39.769710540771484,39.92965995639382,39.70427580645479,39.81333184799536,15268100
2015-04-27,39.96601867675781,40.351355053720816,39.77698374858193,39.835149195245634,19852400
2015-04-28,40.28591537475586,40.30045673463932,39.893306978344874,39.92238969811179,13028300
2015-04-29,40.3222770690918,40.5403919727514,40.04599948541431,40.11143146037887,18144500
2015-04-30,40.06052780151367,40.46040825806595,39.82787159414549,40.46040825806595,16577800
2015-05-01,40.125972747802734,40.40952517285314,39.95875122953084,40.1768661327776,12069400
2015-05-04,40.518577575683594,40.54766029974974,40.17686250160948,40.18413456936663,9981800
2015-05-05,40.51130676269531,40.86029111796242,40.424058593767704,40.51857605669873,17068100
2015-05-06,40.20021057128906,40.6979555889148,39.85618297989561,40.573520730644915,15670700
2015-05-07,40.11968994140625,40.397839395953504,39.9732938750656,40.2294848969572,14723100
2015-05-08,41.027347564697266,41.027347564697266,40.324649676444515,40.38320643766231,17477500
2015-05-11,40.6320686340332,40.961459058064804,40.580830433880784,40.932179288757,12922100
2015-05-12,40.60279083251953,40.72722566114221,40.25876053081989,40.48567454993895,11705900
2015-05-13,40.69795608520508,40.86631340133504,40.529601561348244,40.60280100146413,11448100
2015-05-14,41.02002716064453,41.08590525920456,40.7857945418251,40.9541490620845,11025400
2015-05-15,40.63941192626953,41.02004075607264,40.478375900355985,41.02004075607264,13323200
2015-05-18,40.8077507019043,40.97610521277662,40.661354625236605,40.683315851714156,10637300
2015-05-19,41.28354263305664,41.50313538053894,40.91023244929078,40.91755378982839,17194100
2015-05-20,41.04930114746094,41.261572508644676,40.93950340125309,41.22497419066629,13292000
2015-05-21,40.99807357788086,41.12251125048626,40.86632014846572,40.924876917953156,13466700
2015-05-22,40.990753173828125,41.1591077178621,40.98343462507598,41.020032953383634,8568800
2015-05-26,40.74188995361328,40.99076255222849,40.59549381461479,40.968804108674654,15859100
2015-05-27,41.041988372802734,41.217664244939336,40.778475960734454,40.932190603683196,12526100
2015-05-28,41.14445114135742,41.21032922250278,40.91021858445668,41.07125451442806,10348700
2015-05-29,40.96146774291992,41.18106047474264,40.75651489885513,41.173741927000215,17291500
2015-06-01,41.02002716064453,41.34941765344469,40.84435130039342,41.166423245474945,15746200
2015-06-02,41.12251281738281,41.32014715744641,40.800443592246054,40.998075140035944,13148700
2015-06-03,41.65684509277344,41.86911926686017,41.24693663166869,41.24693663166869,16197700
2015-06-04,41.09321975708008,41.642202926885616,40.93950513968,41.37869055861531,17627100
2015-06-05,41.437255859375,41.88376267960086,41.28354122062375,41.752006477164606,16890300
2015-06-08,41.078575134277344,41.67879644067482,41.078575134277344,41.67879644067482,14248400
2015-06-09,41.503135681152344,41.671490215183965,40.99075073846685,41.15910527249847,14669900
2015-06-10,41.87644577026367,42.139958203018466,41.65685300705917,41.708091225397766,18622400
2015-06-11,41.91303634643555,42.13995040873137,41.773961606993375,41.91303634643555,13943300
2015-06-12,41.78861618041992,41.93501231101949,41.53242504607612,41.81789596499462,13439000
2015-06-15,41.708091735839844,41.77396984483479,41.34210286192871,41.46654053104072,12920600
2015-06-16,41.88376235961914,41.89840224780834,41.525092079666535,41.6129286165286,10476100
2015-06-17,41.84715270996094,42.1253049442915,41.795914507883275,41.949631906388845,17497700
2015-06-18,42.23511505126953,42.33759148542423,41.861804849964955,41.9350042974136,18299900
2015-06-19,41.759334564208984,42.139963370163265,41.759334564208984,42.03016557896102,36241100
2015-06-22,42.38882064819336,42.483978513414044,42.11066839184901,42.14726950389199,15111200
2015-06-23,42.37419509887695,42.64502610753757,42.27903720146018,42.45471310497778,13354200
2015-06-24,42.11799621582031,42.56450304567165,42.11799621582031,42.21315130341865,16166600
2015-06-25,41.84715270996094,42.30098077446675,41.81787573182555,42.27170100405878,14053600
2015-06-26,42.04479217529297,42.147271384403766,41.93499721108367,41.97159553248677,16975900
2015-06-29,41.03468704223633,41.86182015883816,40.99808590899026,41.576349190075184,19289700
2015-06-30,41.16642379760742,41.63488904152944,40.983429387183314,41.38601653166173,17346700
2015-07-01,41.65684509277344,41.86911926686017,41.43725237128884,41.78860128411879,12165300
2015-07-02,41.53242492675781,41.825214394841865,41.37138890433353,41.605621595710346,10106800
2015-07-06,41.31282043457031,41.37869853934383,40.99806979979388,41.0639479045674,11682100
2015-07-07,41.17375183105469,41.33478784285486,40.31733913326015,41.224990054395874,15831800
2015-07-08,40.4417724609375,41.11519068017669,40.412492679507885,40.87363946406651,12906600
2015-07-09,40.624759674072266,41.10054626464183,40.58084000974683,41.034668164290245,13623200
2015-07-10,41.04930114746094,41.327450597914854,40.888265197628805,41.23229552962557,13269600
2015-07-13,41.53242492675781,41.54706202672917,41.29818944310706,41.40066868882411,15521800
2015-07-14,41.90572738647461,41.99356393715114,41.27622605670003,41.32746427728414,20066300
2015-07-15,42.29366683959961,42.571819122623126,41.91303813448139,42.02283589659604,17159400
2015-07-16,42.57914352416992,42.71089973991218,42.440068759674645,42.63038453453499,13194500
2015-07-17,42.41078567504883,42.49130366642472,42.0813979536358,42.43274690414341,12963900
2015-07-20,42.491294860839844,42.666970695824496,42.36686002160825,42.44737799629818,10084900
2015-07-21,42.418094635009766,42.72552382987263,42.271698583624975,42.469332834153576,12504300
2015-07-22,42.83533477783203,42.88657299277883,42.44738749544249,42.505944258693134,14871100
2015-07-23,42.608428955078125,43.01833754645244,42.50595250530301,42.98905776300988,13582200
2015-07-24,42.29366683959961,42.703575320251474,42.235110080805384,42.58645901038995,13157300
2015-07-27,42.15460205078125,42.33759650267867,41.97160759888383,42.07408404518258,15495300
2015-07-28,42.01551818847656,42.33758734896362,41.83984232403707,42.25706936077357,16730600
2015-07-29,42.42543029785156,42.54986796902911,42.03016163732084,42.16191785749775,13718400
2015-07-30,42.56449508666992,42.59377206615556,42.24974452094938,42.344899590754956,9864800
2015-07-31,42.35954284667969,42.63769511596792,42.30098609077703,42.62305522892402,12369800
2015-08-03,42.38882064819336,42.505936946821585,42.08870995844147,42.505936946821585,13085900
2015-08-04,42.32295608520508,42.57182864838201,42.242438080607585,42.28635775373541,12324700
2015-08-05,42.47398376464844,42.74658269283331,42.34873378542768,42.59186461012036,12032500
2015-08-06,42.38556671142578,42.695005655878184,42.29715678893971,42.47397944441262,12556600
2015-08-07,42.34137725830078,42.62871170996011,42.02457188582981,42.4150517498282,13596200
2015-08-10,42.687644958496094,42.71711587531553,42.496089620172384,42.58449956012938,12397500
2015-08-11,42.149803161621094,42.40030027289251,41.980349646716995,42.16453861646066,15425500
2015-08-12,41.788787841796875,41.95824133029074,41.40567450718024,41.92140410418341,21663200
2015-08-13,41.91404724121094,42.09086991298368,41.72249192308307,41.81090185371893,11868600
2015-08-14,42.238224029541016,42.26769213439773,41.862476884980865,41.914049581606584,9742500
2015-08-17,42.252952575683594,42.36346709229865,41.94351642596289,42.00982457383174,11462500
2015-08-18,42.3929443359375,42.52556065148069,42.194019862622724,42.29716526126713,10581500
2015-08-19,42.039302825927734,42.40031173029673,41.95825920766083,42.201387251960156,13744600
2015-08-20,41.34674072265625,41.68565057592859,41.33937440020502,41.59723784350933,20857700
2015-08-21,39.76272201538086,41.096248569819274,39.755352881538045,40.76471061992092,31954400
2015-08-24,37.75874710083008,39.22489285902432,35.18010095735875,36.24839777889712,40198100
2015-08-25,36.8525276184082,39.52695211647524,36.837792164282426,39.45327484584638,31041800
2015-08-26,38.532344818115234,38.61338844163533,37.26512619285151,37.98714685889173,30235800
2015-08-27,39.806941986083984,39.8585147022392,38.959673927461,39.37225565670271,26452500
2015-08-28,39.4459114074707,39.73324575767573,39.0775334589,39.600629471350224,18342200
2015-08-31,39.291202545166016,39.46065610393264,39.09227806909179,39.342775245203626,13842200
2015-09-01,37.56718826293945,38.547072244605125,37.22827837971205,38.39235416494755,28031700
2015-09-02,38.303951263427734,38.67232931715737,37.77348596669658,38.67232931715737,20919600
2015-09-03,38.62812805175781,39.04807886375426,38.4734099232332,38.5986571290383,15719000
2015-09-04,37.78821563720703,38.1786954149811,37.39773304893189,38.16395995782911,22303800
2015-09-08,38.99649429321289,39.03333153015706,38.296575549269605,38.79020351792473,19685400
2015-09-09,38.4512939453125,39.563797059434705,38.326046776577456,39.49748890819232,16221500
2015-09-10,38.723907470703125,38.944933771952755,38.16397117633536,38.3628956906106,17996200
2015-09-11,38.768096923828125,38.79756783606082,38.333410805149,38.56180615920104,12549400
2015-09-14,38.87862014770508,38.95966376924715,38.613387499204286,38.77547474228844,16225600
2015-09-15,39.39435577392578,39.63011753823582,38.915463109263676,39.07755037616505,14305500
2015-09-16,39.57853317260742,39.70378034341895,38.97439347816116,39.43118141068127,15218500
2015-09-17,38.46603775024414,39.71852376191543,38.333421418978844,39.56380564560647,25025800
2015-09-18,37.60403060913086,37.928202269200455,37.35353343209937,37.7734841685196,39561600
2015-09-21,37.979766845703125,38.12711859076275,37.707167944168326,37.95766506761945,16673300
2015-09-22,37.346160888671875,37.685070787016265,37.08093108764308,37.47877719443683,21761300
2015-09-23,37.412471771240234,37.53035262824311,37.20618097411054,37.486149063430354,12521200
2015-09-24,37.24302291870117,37.33880200539445,36.6904558047427,36.90411576332704,17064300
2015-09-25,37.928199768066406,38.21553416766899,37.626129910727634,37.8397898321505,18394800
2015-09-28,37.11040115356445,37.79558449940256,36.985153975110805,37.626130946523425,17647900
2015-09-29,37.49351501464844,37.545087713418134,36.837802578432544,37.18407882203022,20816400
2015-09-30,37.83243179321289,38.10503362552688,37.35354192359747,38.038725451518346,20514800
2015-10-01,37.89873504638672,38.20817408841582,37.51562151413727,37.9503077516413,15556600
2015-10-02,37.766109466552734,37.78821405660668,36.47678652994421,37.04408895931208,21630300
2015-10-05,38.613380432128906,38.7312612753877,37.94293260912556,38.0976506889338,15240700
2015-10-06,38.33340835571289,38.709155436417944,38.252364757501965,38.44392286427337,14490700
2015-10-07,38.4512939453125,38.84914285276684,38.24500316833664,38.67232298978783,13863500
2015-10-08,38.70915222167969,38.745989451307004,38.141849891817564,38.480756901189594,15384100
2015-10-09,38.414459228515625,39.099642566142876,38.29657837529487,39.06280532648037,16983100
2015-10-12,38.44392013549805,38.628109096357846,38.12711489797915,38.399713773111515,10639000
2015-10-13,38.20817184448242,38.53971265200619,38.09765730514068,38.326052708212934,16002200
2015-10-14,37.94292449951172,38.23762794992168,37.382991316333275,38.090276224716696,26269100
2015-10-15,38.819664001464844,38.82703313370784,38.134480848890554,38.29656803223085,18262400
2015-10-16,38.95966339111328,39.18805598360439,38.68706161029911,39.158587875558155,15676300
2015-10-19,38.723907470703125,39.055445517326625,38.64286383779448,38.871256464534945,15515700
2015-10-20,39.10700225830078,39.26172031382859,38.738624329615206,38.76809242792963,13583300
2015-10-21,39.136474609375,39.681675239694044,39.07016646258621,39.077535595841,17666700
2015-10-22,39.82903289794922,40.116367306493316,39.34277401952814,39.34277401952814,18263200
2015-10-23,40.33739471435547,40.3742319556473,39.86587128061674,40.03532483896026,16924800
2015-10-26,39.998497009277344,40.38161059196167,39.902717910980755,40.344770531500046,12661400
2015-10-27,39.87323760986328,40.02795852011129,39.65221135158216,39.77009221003218,12443900
2015-10-28,40.853126525878906,40.88996376897588,39.91007680168764,39.9616523146252,16681600
2015-10-29,40.587890625,40.94153318928347,40.45527431208104,40.80891687636451,11334900
2015-10-30,39.88798141479492,40.57316492618776,39.806937780683654,40.57316492618776,18450500
2015-11-02,40.41106033325195,40.53631029877373,39.88059799189719,39.93953700293628,10992300
2015-11-03,40.470001220703125,40.63208841569578,40.11635873112879,40.28581224839353,10709100
2015-11-04,40.48855972290039,40.61466783549136,40.340195073519006,40.47372297498022,12823600
2015-11-05,40.69626998901367,40.859471392149594,40.31793997807502,40.31793997807502,12263900
2015-11-06,41.4306526184082,41.794145722752724,41.215526934019806,41.571600252456925,22376800
2015-11-09,41.14876937866211,41.70513455542144,40.90396734257458,41.6012801751975,17609700
2015-11-10,41.475162506103516,41.51225294588043,40.97072460164391,41.022651783295416,13475900
2015-11-11,41.393577575683594,41.6680503301513,41.178448981453656,41.63837966494253,10808500
2015-11-12,40.92622375488281,41.356480878388524,40.92622375488281,41.18586255245965,17552200
2015-11-13,40.48114013671875,41.06717894830833,40.30310482042592,40.81495989204321,16550200
2015-11-16,41.00040054321289,41.00040054321289,40.3550177969851,40.41436193822178,11955400
2015-11-17,40.77044677734375,41.16361349696251,40.68142912546522,41.04492235118443,11331900
2015-11-18,41.29713439941406,41.37131812668935,40.77786245758628,40.84462639722412,16612600
2015-11-19,41.519683837890625,41.593864737287205,41.14135389343629,41.37131920927755,12167600
2015-11-20,41.408409118652344,41.7348090334861,41.33422822022373,41.7348090334861,16264100
2015-11-23,41.245208740234375,41.571611492753526,41.21553807803987,41.46775710052287,9638100
2015-11-24,41.007835388183594,41.156200050724145,40.71852585263084,40.90398097335138,14156500
2015-11-25,40.963314056396484,41.185859559705584,40.87429359121716,41.141349327115925,10034400
2015-11-27,41.08942413330078,41.14877111296984,40.78527793704621,41.05233368591749,4914000
2015-11-30,40.87430191040039,41.31197604891033,40.87430191040039,41.14135770065326,15998900
2015-12-01,41.326820373535156,41.37133062334512,41.00042036439079,41.17845570398928,15543400
2015-12-02,40.85946273803711,41.39357142003053,40.80011575680461,41.39357142003053,12779900
2015-12-03,40.2066650390625,40.96332216392801,40.0805541033415,40.89655821673929,15410100
2015-12-04,41.29713439941406,41.45291881178225,40.28826117684877,40.414369268486986,19647700
2015-12-07,41.11167907714844,41.215536294705295,40.814952659302605,41.13393561010625,17991600
2015-12-08,40.35502243041992,40.95589501734598,40.26600196361486,40.78527670069909,19949500
2015-12-09,40.147308349609375,40.75560068598077,39.84316218142368,40.147308349609375,18499600
2015-12-10,40.31051254272461,40.792696837685156,39.969275906504365,40.243748606958064,14075300
2015-12-11,39.546451568603516,40.013796442526726,39.309069236820754,39.65030598503089,17815700
2015-12-14,39.464847564697266,39.739320332301155,39.131027804195035,39.5538652242244,22055100
2015-12-15,40.73334884643555,40.88913041607727,39.91734772275255,39.93218446697838,19056700
2015-12-16,41.4306526184082,41.571600252456925,40.666578799458925,40.95588819382538,21086800
2015-12-17,41.14876937866211,41.71997129971337,41.14876937866211,41.623533876725595,18800500
2015-12-18,39.902523040771484,40.911399314546586,39.902523040771484,40.80012511412533,31468600
2015-12-21,40.07313919067383,40.45888614636796,39.72448268979599,40.28084800150132,12993400
2015-12-22,40.31051254272461,40.42920366966294,39.835748034971274,40.32534928731936,10318100
2015-12-23,40.82978820800781,40.84462495293824,40.399531094484786,40.503385479178,13033600
2015-12-24,40.66659927368164,40.86689114673363,40.58499856653224,40.77787347976184,4999400
2015-12-28,40.56275177001953,40.63693270016796,40.184421668727666,40.466314296969685,8288800
2015-12-29,41.015254974365234,41.05976239203234,40.79270939656804,40.88172706172281,7894900
2015-12-30,40.7185173034668,41.03008331236834,40.64433640268165,41.00040982012629,8016900
2015-12-31,40.32535171508789,40.763025802614145,40.22149732649181,40.43662306151805,10929800
2016-01-04,39.249725341796875,39.51678119361936,38.79721435174443,39.38325326770811,25985400
2016-01-05,39.2348747253418,39.516767228178836,38.982655713291784,39.26454821612882,14759600
2016-01-06,38.485652923583984,39.03459857437216,38.44856246012332,38.663688280123566,20026400
2016-01-07,37.38774490356445,37.97378080011546,37.20228982533213,37.840252917402594,30425600
2016-01-08,36.764617919921875,37.7289838182747,36.69043418631314,37.68447357810946,22981400
2016-01-11,37.15779113769531,37.33582931325928,36.82397132715088,37.2245550998042,19046400
2016-01-12,38.099876403808594,38.21856749295553,37.42482030369441,37.74380313636781,28961500
2016-01-13,36.89073181152344,38.426299965447086,36.72011344217865,38.37437275868217,22013500
2016-01-14,37.56578826904297,37.83284409187454,36.79429429860076,37.15037061558988,24569800
2016-01-15,36.21566390991211,36.82395628065403,35.70380896277161,36.04504559419861,41090400
2016-01-19,35.76316833496094,36.74979103301311,35.59996973687641,36.53466239255982,29918500
2016-01-20,35.51093673706055,35.79282924157171,34.77653622954918,35.07326264972211,40241100
2016-01-21,35.61479568481445,36.38628956970204,35.54061477772997,35.62963243219539,24272900
2016-01-22,36.36402893066406,36.5494839928381,36.02279229542055,36.371445888030365,18298700
2016-01-25,35.35514450073242,36.33434676889959,35.32547101871063,36.282419590270955,23440800
2016-01-26,35.80025100708008,36.022799389370995,35.3551599021387,35.42192385086193,18895100
2016-01-27,36.030216217041016,36.57174476368251,35.70381626326018,35.82992437160043,20441500
2016-01-28,36.28984832763672,36.64592456786304,36.05246605403245,36.42337621026661,21306600
2016-01-29,37.26165008544922,37.27648683769947,36.475319195112384,36.564339708613936,25358300
2016-02-01,37.046512603759766,37.22455075856037,36.76462286757115,37.1800405124051,17385400
2016-02-02,36.22309112548828,36.586581533128,36.18599784200567,36.542071290841,25593200
2016-02-03,35.583919525146484,36.26420024733628,34.769077530284406,36.219348390925695,47149700
2016-02-04,36.06983947753906,36.338962052195996,35.411984611902184,35.43441339427065,30851700
2016-02-05,35.778297424316406,36.37634611378065,35.58392981791484,36.144600998985275,23733700
2016-02-08,34.76161193847656,35.38956375207918,34.43268588438796,35.21762493846097,31172100
2016-02-09,34.7242317199707,34.95597395636315,33.909389583230336,34.09627995540271,29896200
2016-02-10,34.5149040222168,35.29984567245996,34.47005216909666,35.04567471513895,19885500
2016-02-11,33.75986862182617,34.03646550785033,33.26647827164142,33.587929862853315,32570900
2016-02-12,35.36712646484375,35.42692988651617,34.33549106258386,34.357916989246014,28533900
2016-02-16,36.06236267089844,36.18944673824065,35.56149505722409,35.920324181844926,20410600
2016-02-17,35.980125427246094,36.60059981058637,35.87546730367448,36.36885763745494,18060500
2016-02-18,35.681114196777344,35.98761433330526,35.49422380007201,35.95023682430842,17162800
2016-02-19,35.950225830078125,36.010029255839875,35.389554811425455,35.43440951953696,18234900
2016-02-22,36.77255630493164,36.88469169241288,35.95023963580709,35.95023963580709,17572800
2016-02-23,35.957706451416016,36.57070664376745,35.86799987128967,36.53332913969154,15224700
2016-02-24,35.59138870239258,35.64371775754062,34.80645002345225,35.3895468389417,18595700
2016-02-25,35.6960563659668,36.002556421741886,35.66615322595938,35.66615322595938,16646200
2016-02-26,35.93526840209961,36.28662309572362,35.75585530234423,35.980123102898354,20325600
2016-02-29,35.075584411621094,35.90537813763846,35.06811005133554,35.90537813763846,24018100
2016-03-01,36.42119598388672,36.42119598388672,35.240047484258,35.240047484258,24758500
2016-03-02,37.05661392211914,37.05661392211914,36.33895574866941,36.5108945078259,18667700
2016-03-03,37.20612716674805,37.221078735325584,36.68283367341469,37.1014690384254,14268100
2016-03-04,37.460296630859375,37.7443707190305,37.13884504859942,37.385538790961704,18685600
2016-03-07,37.43040466308594,37.4976853132085,36.95944011222801,37.206136779917685,14386100
2016-03-08,36.667877197265625,37.123889996828076,36.570693440378605,37.086512506246834,18098200
2016-03-09,36.4735221862793,37.00429010744796,36.26420305054198,36.91458353597225,17920100
2016-03-10,36.26420974731445,36.72769996425765,35.853051462759886,36.58566144382753,18542700
2016-03-11,37.43040466308594,37.475259380407934,36.54080749077283,36.72022065661909,18318400
2016-03-14,37.28837203979492,37.43040771196943,36.95944312274921,37.355652695397815,12803900
2016-03-15,37.36311721801758,37.370594428738514,36.78002025747936,36.8547752543667,12945600
2016-03-16,37.03419494628906,37.59486603422623,36.839827372173964,37.19118216649852,16629700
2016-03-17,37.176231384277344,37.32574424791118,36.51090213541349,36.95196351468693,16002800
2016-03-18,37.7817497253418,37.90135942224546,37.32573686473403,37.70699188245193,35812100
2016-03-21,37.87893295288086,37.938739230838955,37.50515227080363,37.75184888980034,13543200
2016-03-22,37.6546630859375,37.811653131262034,37.378066194579254,37.53505338818365,13907000
2016-03-23,37.19865798950195,37.624770656678834,37.153806125803875,37.51263529399217,13648100
2016-03-24,36.55575180053711,36.69031307404841,36.271677684044334,36.64545836563788,20871100
2016-03-28,36.40624237060547,36.660413371986174,36.29410701492671,36.660413371986174,18478100
2016-03-29,35.920318603515625,36.36885707842513,35.76333142057128,36.34642830106169,24459500
2016-03-30,36.36886215209961,36.750117199826114,35.99508146339035,36.18197180774498,16794200
2016-03-31,36.152069091796875,36.51089821495541,36.08478845297213,36.331482227515956,16397600
2016-04-01,36.21935272216797,36.31653650887961,35.71848506916547,36.05488829107452,14321400
2016-04-04,36.25672912597656,36.38381319944795,36.03246126873731,36.19692284312848,12110200
2016-04-05,35.51664352416992,35.950230537529144,35.479266021709456,35.94275617772531,18297700
2016-04-06,35.942752838134766,35.98013033712233,35.299849589355226,35.426933656257034,17214400
2016-04-07,35.08306121826172,35.71848734886267,34.85131612799556,35.66615827230592,17593100
2016-04-08,35.18770980834961,35.62129672680688,35.11295481979078,35.397026057690354,12236500
2016-04-11,35.1578254699707,35.66616764878065,35.13539953175665,35.21763177417024,15113500
2016-04-12,35.71100616455078,35.755860872336925,35.09800608340805,35.240041713817135,18772600
2016-04-13,36.652931213378906,36.81739561904999,36.08478585553724,36.099737424390995,26311900
2016-04-14,36.4735221862793,36.85477725384144,36.01003205492706,36.10721583752937,30067900
2016-04-15,36.06983947753906,36.585655844484464,35.927803830568166,36.34643641183843,24885200
2016-04-18,36.51089096069336,36.54079409461195,35.81565878154511,36.0698297164135,18225800
2016-04-19,37.28837203979492,37.318272335390915,36.61556548376604,36.637991418393305,18673400
2016-04-20,37.71446990966797,37.7667989749645,37.198650763573326,37.36311516977396,22647700
2016-04-21,37.415443420410156,37.96116284070625,37.3257368606722,37.78922407965845,20255400
2016-04-22,37.841556549072266,37.93126596860304,37.41544678732238,37.41544678732238,16365700
2016-04-25,37.75932312011719,37.82660375673081,37.4677746453649,37.6098131291716,11689100
2016-04-26,38.06582260131836,38.11815451943967,37.714470705728345,37.759322561660554,13333500
2016-04-27,38.07329559326172,38.43212465956229,37.916308411452704,38.028440890579176,15342700
2016-04-28,37.684566497802734,38.07329873126432,37.52757930305483,37.75932149004836,15506300
2016-04-29,37.36311721801758,37.72194633617344,37.13884937563521,37.72194633617344,17887000
2016-05-02,37.81913757324219,37.901369797070586,37.490211529649486,37.58739247442769,14780300
2016-05-03,37.37807083129883,37.47525461394194,37.034193264063795,37.27341268924647,16246400
2016-05-04,36.86582946777344,37.11441531920572,36.66997629955697,36.9562258902356,22402500
2016-05-05,36.880889892578125,37.05414536543723,36.737766555927216,36.88842436340951,15953600
2016-05-06,36.926090240478516,37.00141771181314,36.64737514826979,36.69257048164703,14189600
2016-05-09,36.820640563964844,37.0767580585755,36.767910745094376,36.92610020170577,13877000
2016-05-10,37.212337493896484,37.29519655779733,36.911021880145306,36.911021880145306,14234400
2016-05-11,36.9713020324707,37.4534049227016,36.9713020324707,37.18222132855675,17344300
2016-05-12,37.06168746948242,37.34793707529879,36.94869337220881,37.16714709437286,13589600
2016-05-13,36.33853530883789,37.23494504369567,36.31593476399381,36.986359165326704,25251700
2016-05-16,36.36113357543945,36.632317129532986,36.11254769300056,36.24813947004732,19655300
2016-05-17,35.87149429321289,36.285801200731086,35.81876447990472,36.263203530330244,21495600
2016-05-18,36.64738845825195,36.70011828204893,35.87150142862809,35.916699651979734,30028200
2016-05-19,36.4439811706543,36.88088560059399,36.278257314353894,36.489176496148346,13604100
2016-05-20,36.72271728515625,37.06922838937205,36.57959388303929,36.62478923446571,13222800
2016-05-23,36.68505096435547,36.82064275625536,36.42139898074577,36.73024631261558,10644000
2016-05-24,37.06168746948242,37.189744764403876,36.67750983759954,36.94869337220881,16597700
2016-05-25,38.040958404541016,38.28954426451277,37.295203698184956,37.34793638321225,22478600
2016-05-26,38.0786247253418,38.16148668428056,37.96563349606482,38.05602705419828,14983300
2016-05-27,38.30459976196289,38.31213423269189,38.03341916045029,38.11627822355883,13430500
2016-05-31,38.20669174194336,38.560734438682275,38.03343619384561,38.43267711452477,19725000
2016-06-01,38.4176139831543,38.4477461347563,37.79238476843331,37.86018067275775,16774300
2016-06-02,38.500450134277344,38.500450134277344,38.199134567522755,38.38745607835482,14206700
2016-06-03,37.80744171142578,37.89783814439553,37.37053711297643,37.79237563926416,25452600
2016-06-06,38.033424377441406,38.319671086117424,37.807436201511145,37.845102813205536,14528500
2016-06-07,37.867698669433594,38.214209641393126,37.867698669433594,38.214209641393126,15310100
2016-06-08,37.66432189941406,37.99576689764741,37.46846868990338,37.85264350891113,18168500
2016-06-09,37.016483306884766,37.42325854342519,36.798029619828746,37.40066087702588,19464400
2016-06-10,36.41386795043945,36.69258313879127,36.28580775672549,36.526862069977675,16815300
2016-06-13,36.1351432800293,36.54191568179596,36.127608808138596,36.25566896824888,16150100
2016-06-14,35.314056396484375,36.248129636565,35.03533844507761,36.05227649705089,25311700
2016-06-15,35.23872375488281,35.826288882182816,35.20859449400367,35.607835217847665,20142000
2016-06-16,35.291473388671875,35.29900786329523,34.62104882519912,35.005226571306956,15619300
2016-06-17,35.103153228759766,35.40446900803951,35.04289179703996,35.29147487241955,25661300
2016-06-20,35.35172653198242,36.082415167545975,35.344192059737466,35.773567897364536,19490100
2016-06-21,35.57770919799805,35.66057114516344,35.231198213087325,35.62290740742253,11731600
2016-06-22,35.381858825683594,35.841363933584816,35.351726683692874,35.517450591082614,17072100
2016-06-23,36.08994674682617,36.08994674682617,35.698237523516084,35.88655909970983,16270000
2016-06-24,34.432708740234375,35.38185088501369,34.10879547042731,34.470372472490375,46744100
2016-06-27,33.905418395996094,34.14647267911351,33.52124361000046,34.04854464599326,35030100
2016-06-28,34.72650146484375,34.73403593794474,34.15400507222853,34.56831201243739,27525700
2016-06-29,35.381858825683594,35.396924896678954,34.76416428266992,35.125741365880906,20856400
2016-06-30,35.653045654296875,35.675643326100534,35.05041425297748,35.58524976532642,22538800
2016-07-01,35.427059173583984,35.61538077731098,35.299001862358246,35.46472579317709,19013600
2016-07-05,34.809364318847656,35.22367126966432,34.50805147896263,35.178475924139356,22213000
2016-07-06,35.14081573486328,35.14834733535983,34.42519299817558,34.56831639608916,19024100
2016-07-07,35.25379943847656,35.570181189256004,34.98261590168255,35.08807840098189,17946200
2016-07-08,35.99956130981445,36.097486482546714,35.74344379351499,35.74344379351499,19775700
2016-07-11,36.2180061340332,36.49672125620969,36.112543639842904,36.23306933107267,16008700
2016-07-12,36.42139434814453,36.6323164829161,36.32346919032998,36.47412416344757,15067900
2016-07-13,36.36113357543945,36.5117914247758,36.14267983757972,36.391265720018616,14389600
2016-07-14,36.86582946777344,37.02402177030267,36.66244182757224,36.94869141825087,17578400
2016-07-15,35.93928146362305,36.8206277518231,35.71329619373231,36.798027213343,35121000
2016-07-18,36.3686637878418,36.406330403909024,35.9920206156444,36.0146211599966,24139200
2016-07-19,36.43645095825195,36.572042697694485,36.19539961558937,36.218000154535574,15982900
2016-07-20,36.61725616455078,36.67751758855479,36.459066693785395,36.60219009015981,16569900
2016-07-21,36.38373565673828,36.7679133627856,36.37620405646041,36.64738764342091,15532000
2016-07-22,36.39878463745117,36.42891677153181,36.23306077356615,36.39878463745117,13588500
2016-07-25,36.248138427734375,36.35359805716949,36.04475076801263,36.33853485887252,12122200
2016-07-26,36.1351432800293,36.285798235134465,36.00708311991901,36.18033861713722,16130100
2016-07-27,36.15774917602539,36.323473112621286,35.992025239429495,36.120085428678976,17886800
2016-07-28,36.25567626953125,36.32347216240516,35.91669680516171,36.112550010375415,12562600
2016-07-29,36.1351432800293,36.285798235134465,36.120077209806965,36.120077209806965,13111700
2016-08-01,36.014617919921875,36.19540501711877,35.87902616024465,36.142675207639755,16026600
2016-08-02,35.93175506591797,36.02968308401255,35.69823529155676,35.901622925956715,17033100
2016-08-03,36.1215934753418,36.17474673445594,35.93935455741772,35.93935455741772,14913500
2016-08-04,36.32661437988281,36.44810795720809,36.12159342502727,36.14437256557721,14662600
2016-08-05,36.96445083618164,36.97963789314696,36.54681690785768,36.74424285513694,19064700
2016-08-08,37.13911437988281,37.24542092990302,37.010028682468636,37.040399913448525,14871600
2016-08-09,37.154296875,37.32135165971051,37.0631773999924,37.22263720541468,10449800
2016-08-10,36.584800720214844,37.15430259581391,36.50886829545617,37.070775190597566,16782700
2016-08-11,36.63035583496094,36.82778184455631,36.3873657434527,36.62276085576351,14614100
2016-08-12,36.37217330932617,36.50885393744782,36.31902005357166,36.48607190167075,13227500
2016-08-15,36.65312957763672,36.70628283764201,36.47088776002184,36.4860748195427,11758900
2016-08-16,36.782222747802734,36.90371635213743,36.49367724790534,36.56960966437602,13957600
2016-08-17,36.91130447387695,36.94927067505841,36.683504370152725,36.729062652916284,13062900
2016-08-18,36.850547790527344,36.949262208287514,36.6986830206007,36.82776865436531,12189200
2016-08-19,36.94167709350586,37.002422433602604,36.59997550347615,36.78221442040176,12557700
2016-08-22,36.92649459838867,37.01002198590152,36.8277801498157,36.93408668060088,9212600
2016-08-23,36.75943374633789,37.01760794840758,36.74424668778847,36.93408057470338,15430200
2016-08-24,36.92649459838867,37.03280112917385,36.7138786401826,36.8277801498157,16315800
2016-08-25,36.73664855957031,36.972040686750084,36.67590033537246,36.918887438894345,13643200
2016-08-26,36.83536148071289,37.08594357011281,36.660714674450006,36.88851762722625,15527300
2016-08-29,37.63267135620117,37.776944069658406,36.97204733412924,37.017608510469294,21201400
2016-08-30,38.43756866455078,38.45275572470161,37.723794217274936,37.761760419334244,25055800
2016-08-31,38.574249267578125,38.66536873174908,38.14902317035662,38.49831686354158,24533600
2016-09-01,38.29328918457031,38.726110184311224,38.05030205828191,38.665361954421606,17017100
2016-09-02,38.38441467285156,38.46794205377595,38.1034613069895,38.30848227017603,12684000
2016-09-06,37.95918655395508,38.39959967987259,37.68582528432025,38.3920075986651,21832200
2016-09-07,37.792118072509766,37.98954397517528,37.7009986479437,37.807305126043154,12437300
2016-09-08,37.89085006713867,37.95919039145627,37.63267583045391,37.82250974282107,14169200
2016-09-09,36.99481964111328,37.86046148746656,36.99481964111328,37.57950821551415,32147200
2016-09-12,36.858158111572266,36.934090528147316,36.43292904749833,36.729069527431456,35588400
2016-09-13,35.65840530395508,36.34180862187762,35.32429862443514,36.29624743513747,59000500
2016-09-14,35.32429122924805,36.12918798000218,35.30910417018076,35.74952019322604,44841700
2016-09-15,35.0433349609375,35.19519974569783,34.31437066956651,35.020552925915375,60827800
2016-09-16,34.49660873413086,34.83071527974331,34.35992812532695,34.70162964733672,51871400
2016-09-19,34.93703079223633,35.14964673670814,34.53458383836464,34.64089036228278,33562400
2016-09-20,35.35466766357422,35.840641999023674,35.02055813547607,35.80267579718585,51510400
2016-09-21,34.80035400390625,35.33948161671283,34.42068618137165,35.31669957764854,64530200
2016-09-22,34.716827392578125,35.0205599193881,34.45105817290426,34.80035477885746,36964400
2016-09-23,34.73201370239258,34.86109937175253,34.49661860948044,34.54977187293873,28710500
2016-09-26,34.078983306884766,34.549770578434064,33.904336462546084,34.45105613715202,30938000
2016-09-27,34.23844909667969,34.2460411796628,33.91193449232183,34.0106489509183,24359000
2016-09-28,34.40549850463867,34.53458417160329,34.139729295643264,34.443464706884996,28220300
2016-09-29,33.691715240478516,34.36752337034274,33.57022167664489,34.31437011720522,45266700
2016-09-30,33.62337112426758,33.9650726390741,33.48669051834497,33.6613402121842,54117700
2016-10-03,33.28168487548828,33.53226414838629,33.07666389040675,33.501890025418106,38197700
2016-10-04,33.22093963623047,33.47911391155462,33.06907190428049,33.12222517596757,44008300
2016-10-05,34.162498474121094,34.23083877109259,33.2816695890632,33.2816695890632,40459000
2016-10-06,34.30678176879883,34.466241545558184,34.0410154741999,34.30678176879883,29878200
2016-10-07,34.42068099975586,34.51180045238927,34.116945628797616,34.32196656969916,24893600
2016-10-10,34.66366958618164,34.86868763901405,34.50420691661657,34.701635784978926,21804900
2016-10-11,34.51179504394531,34.79274833523982,34.28399499974342,34.777561279408395,25442600
2016-10-12,34.4130859375,34.80034867934887,34.4130859375,34.557358645200175,21780500
2016-10-13,33.98027038574219,34.352346129290105,33.623381702812104,34.352346129290105,44174600
2016-10-14,33.94989776611328,34.56496071347961,33.65375731255623,34.29919148586592,45418600
2016-10-17,33.790435791015625,33.98786178179179,33.65375514484921,33.820809911638285,18861300
2016-10-18,34.13213348388672,34.1700996819841,33.72209159251045,33.980265794861964,23877600
2016-10-19,34.3675422668457,34.57256331166191,34.06380963857611,34.06380963857611,26977000
2016-10-20,34.1169548034668,34.39031613151401,33.91193380743139,34.14732892805781,27210600
2016-10-21,34.23844909667969,34.39790890904905,33.91193449232183,33.97268274273074,21490800
2016-10-24,34.56494903564453,34.68644258827843,34.390302234772975,34.511795787406875,19303800
2016-10-25,34.716827392578125,34.77757273928585,34.48143229457597,34.526993477083515,20402000
2016-10-26,35.0433349609375,35.05851912210546,34.50420454715201,34.51939160495506,25181900
2016-10-27,35.24076461791992,35.54450001259033,35.12686312075967,35.24835669930076,25661000
2016-10-28,35.10409164428711,35.41541918831075,34.83832528840207,35.36226591713374,20882000
2016-10-31,34.93703079223633,35.354667702822645,34.929438710514546,35.23317411882541,20115900
2016-11-01,34.92184829711914,35.1420534371971,34.625704956382364,35.02055984739573,20020200
2016-11-02,34.63855743408203,34.84528364718729,34.50839334796719,34.745749669253456,19566600
2016-11-03,34.71512222290039,35.059670776788074,34.64621251212286,34.70746688648926,14982700
2016-11-04,34.14852523803711,34.776367866555034,34.06430486850765,34.73043001422421,27391600
2016-11-07,34.76105880737305,34.983098585723624,34.615581146199354,34.623239402455326,25769400
2016-11-08,34.86824035644531,35.082624733690814,34.355245412763196,34.59260163097648,19462600
2016-11-09,36.744117736816406,37.21882732116919,35.2204491931069,35.47311903493937,67615000
2016-11-10,39.531124114990234,39.760822097351245,37.35664423515394,37.463836432204516,100988800
2016-11-11,39.60769271850586,39.80676646312407,38.84203076086043,39.11766953293576,46594900
2016-11-14,40.7485237121582,41.391679769107505,39.745505658830105,39.745505658830105,59154400
2016-11-15,40.266170501708984,40.266170501708984,39.46222586996394,40.10538215951381,39437900
2016-11-16,39.56940460205078,39.94457727254505,39.3243930439575,39.65362787278938,26996200
2016-11-17,40.189605712890625,40.503527063298925,39.01814069048523,39.34737563369017,29205900
2016-11-18,40.44226837158203,40.564774180098475,39.80677040264325,40.15897423703192,29673400
2016-11-21,39.90630340576172,40.564773206014046,39.82973837256583,40.46523632624435,23587200
2016-11-22,39.98285675048828,40.25849544250862,39.668935555857956,40.143645013910906,22816900
2016-11-23,39.936920166015625,40.29678215382355,39.77613188579984,40.15896279341916,19986800
2016-11-25,40.28913879394531,40.28913879394531,39.84505629573991,40.120695118445596,9635500
2016-11-28,39.49284744262695,40.18194149157308,39.34736979303784,39.90630270368713,26518500
2016-11-29,39.707237243652344,39.91396636255207,39.47753919624237,39.47753919624237,16267300
2016-11-30,40.518829345703125,40.70258950044525,40.044119750374776,40.18193913623922,26567200
2016-12-01,41.60607147216797,41.70560834585719,40.62602508743903,40.67962119155586,35623100
2016-12-02,41.024169921875,41.55247563185285,40.817440838639676,41.52950670730514,21894700
2016-12-05,41.61372375488281,41.75154313272412,41.24620638756212,41.26917823104794,24793900
2016-12-06,42.53253173828125,42.54784533173394,41.51420260021651,41.69030454376848,30706700
2016-12-07,43.85712432861328,43.86478258527459,42.28751760149473,42.5325292408123,46617000
2016-12-08,43.86478042602539,44.42371338325313,43.42069502614174,43.86478042602539,39828600
2016-12-09,43.74992752075195,43.8264954755025,43.252248958333155,43.573825605978946,20331200
2016-12-12,42.708621978759766,43.71929550353671,42.532520083463474,43.259899508917556,27886200
2016-12-13,42.75455856323242,43.03785263483653,42.33344512257373,42.76221389672736,24355600
2016-12-14,41.88170623779297,42.58611377917605,41.36871124937847,41.91233341457527,54590600
2016-12-15,42.25688934326172,43.06849220337099,42.03484955879771,42.24157575109712,31345900
2016-12-16,42.371734619140625,42.60909088738129,42.05015506472525,42.48658508588227,33171800
2016-12-19,42.27985763549805,42.471273140300895,41.84343051820907,42.24923045374508,16801400
2016-12-20,42.95364761352539,43.122094229669,42.2262708709477,42.471282537645976,19245300
2016-12-21,42.655025482177734,42.94597783382169,42.60142938066022,42.94597783382169,14058400
2016-12-22,42.68566131591797,42.90004576545943,42.49424579432192,42.69331665164342,14515500
2016-12-23,42.84644317626953,42.86175676617465,42.58611798941973,42.70862378789207,8313000
2016-12-27,42.83879470825195,42.95364226979612,42.7545714106581,42.800512187737226,8893900
2016-12-28,42.35641860961914,42.93832332407984,42.31813609648138,42.861755377035784,10609100
2016-12-29,41.98889923095703,42.463608796999615,41.71326047623282,42.25687973095646,15933500
2016-12-30,42.19563674926758,42.387052264972276,41.95062512282708,42.02719016080137,15095500
2017-01-03,42.8770751953125,43.14505574697562,42.46361698351601,42.62440531451388,22063800
2017-01-04,42.91535949707031,43.11443327580748,42.578469229443904,42.999582794169186,15036100
2017-01-05,42.24921798706055,42.739241067439295,41.71325414760831,42.48657419445498,18831600
2017-01-06,42.14204025268555,42.547840207618,41.881715036879896,42.31048391884054,18715900
2017-01-09,41.52950668334961,41.96593377411623,41.48356591351205,41.8663968998525,21794100
2017-01-10,41.820465087890625,42.249236935910865,41.54482625136114,41.61373596049351,17978200
2017-01-11,41.958274841308594,41.958274841308594,41.13136144296411,41.805141865091144,21100600
2017-01-12,41.728572845458984,41.94295723919347,41.269176881522725,41.843423296827204,20566600
2017-01-13,42.348777770996094,43.030216668713145,41.84344083060607,42.195644745260125,37231600
2017-01-17,41.17731475830078,42.080796444503775,41.024184645333236,41.95829060166793,26974400
2017-01-18,41.55247497558594,41.56778856529876,40.840409118166626,41.1772993295431,21186700
2017-01-19,41.78983688354492,41.93531162432715,41.23855926244347,41.5295116647769,20906900
2017-01-20,42.16501235961914,42.1956395451458,41.82046382436713,41.920000716944195,24160800
2017-01-23,41.53715133666992,42.111397668513284,41.460586327397955,41.889355052549554,17227400
2017-01-24,41.88170623779297,42.16500032110848,41.445279191334244,41.62138107668002,18523300
2017-01-25,43.351776123046875,43.512567342434885,42.325789056361764,42.402356999110424,32252100
2017-01-26,43.78056716918945,43.89541767363459,43.32882633021874,43.3441399255294,23769800
2017-01-27,43.32881546020508,43.726960076089725,43.1909960577539,43.66570571021413,17186200
2017-01-30,42.93832778930664,43.12208503978453,42.6856579189385,42.9689520505404,15961400
2017-01-31,43.129737854003906,43.16802036629264,42.72393504559165,42.861754426445856,22409100
2017-02-01,43.098907470703125,43.99310754629047,42.99098722822628,43.58455150245498,21157700
2017-02-02,42.975563049316406,43.13744338824113,42.70576248444186,42.83680763292218,13044400
2017-02-03,44.14727783203125,44.16269542865432,43.49975347689186,43.84664204939615,19879800
2017-02-06,43.592254638671875,44.25519656796707,43.54600479097597,44.00081358382227,13940200
2017-02-07,43.43038558959961,44.08561742101015,43.37642545951199,43.83123437068374,14937400
2017-02-08,42.8830680847168,43.33016666366527,42.52846921242634,43.33016666366527,18592200
2017-02-09,43.73100662231445,43.761841812089536,42.88305948773866,42.88305948773866,15907800
2017-02-10,43.83121871948242,43.9699741303344,43.677045714024054,43.95455653572802,12268100
2017-02-13,44.000823974609375,44.33229207692733,43.854358247369085,43.99311370443543,15325300
2017-02-14,44.69458770751953,44.71000530360036,43.931435815455934,44.03935604741597,16382900
2017-02-15,45.133975982666016,45.48857184775862,44.62520710734883,44.787087444812116,25350400
2017-02-16,44.80251693725586,44.98752518677562,44.332290454474226,44.98752518677562,14694500
2017-02-17,44.77938461303711,44.787091941049574,44.286033283274726,44.38624619107205,15783200
2017-02-21,44.90272521972656,45.195653692598334,44.63292461353286,44.90272521972656,16916800
2017-02-22,44.98752212524414,45.164820092806494,44.7100112401531,44.7100112401531,12344200
2017-02-23,45.08772659301758,45.164811628604966,44.756255646901714,45.04147380730178,13841400
2017-02-24,44.56353759765625,44.64062262888516,44.1858138871815,44.47874229894118,16379100
2017-02-27,44.75624465942383,44.9027073673261,44.48644121989241,44.563529177160625,10101000
2017-02-28,44.61750793457031,44.95668626656939,44.501877420617426,44.70230325272161,15558900
2017-03-01,46.04360580444336,46.24403165344146,45.55025439245783,45.56567199165818,25912700
2017-03-02,45.25731658935547,46.08984913146639,45.149396357734965,46.08213886314734,17578600
2017-03-03,45.39607238769531,45.66587590957903,45.226481770545874,45.36523719537618,14740000
2017-03-06,45.180240631103516,45.38837380846636,44.84876960129673,45.12628050444719,13225500
2017-03-07,44.941261291503906,45.110851899968,44.72542083753554,45.04147419110593,13099900
2017-03-08,44.87189483642578,45.58108969828113,44.841059637952426,45.4423342457574,14711300
2017-03-09,45.24961853027344,45.380663712481976,44.864187372333475,45.05690295130346,15721500
2017-03-10,45.365238189697266,45.61962412099709,45.1108551990033,45.46545109662803,15120200
2017-03-13,45.24961853027344,45.50400156539851,45.110863078166545,45.34983145470761,14063500
2017-03-14,45.29586410522461,45.33440956985983,44.90272565515772,45.087733887346076,10885000
2017-03-15,45.25731658935547,45.7198356485079,44.98751601030421,45.40378228135967,17777300
2017-03-16,45.7275505065918,45.79692822985943,45.2958665684147,45.3729545612711,18468200
2017-03-17,45.22648620605469,45.796925557480314,45.110858634426656,45.76609036213708,20985700
2017-03-20,44.4247932434082,45.072317664916405,44.417082974003456,45.072317664916405,17663200
2017-03-21,43.05263900756836,44.6791582030041,42.883051377091334,44.65603328534928,31766400
2017-03-22,42.65181350708008,42.836818816836825,42.28179700635383,42.805983618341905,27740900
2017-03-23,42.59012985229492,43.16056908445451,42.381996738153134,42.57471225784678,19000000
2017-03-24,43.037235260009766,43.206822933453104,42.56700887785967,42.782849338936146,21127500
2017-03-27,42.69805908203125,42.84452478988989,41.8115692687562,42.112205072414966,16854800
2017-03-28,43.137447357177734,43.36099809755945,42.582428581140974,42.66722095175615,14878900
2017-03-29,42.91389465332031,43.23765828675039,42.821392018314185,43.122027787538414,10329100
2017-03-30,43.35328674316406,43.49974948673961,42.86764278620527,42.921602899133404,12106500
2017-03-31,42.90618896484375,43.307037652658664,42.8753537717951,43.18369982106991,11864600
2017-04-03,42.77515411376953,43.029537166210574,42.23554986780119,42.937034505378065,14550700
2017-04-04,42.55159378051758,42.65180668930411,42.382003156510514,42.628678823826654,11937400
2017-04-05,42.38200759887695,43.322460516974154,42.34346507318249,43.00640710130962,17411700
2017-04-06,42.68263244628906,42.89847582779539,42.17386359230456,42.358871784937776,10387500
2017-04-07,42.274078369140625,42.6363845030267,42.09678043612984,42.35116340415207,15848800
2017-04-10,42.04282760620117,42.590139095162776,41.873236971072636,42.389716205052224,14607700
2017-04-11,41.7498893737793,41.826974404131306,41.06382260558804,41.803849483146784,28086800
2017-04-12,40.94820022583008,41.64197739876449,40.89424010578029,41.5880172787147,25601300
2017-04-13,39.583778381347656,40.662986789929555,39.583778381347656,39.93066700843515,47982000
2017-04-17,40.63984680175781,40.670679047824045,39.514386013090615,39.80731440525922,31959100
2017-04-18,40.43172073364258,40.601308408616255,40.15420988655104,40.36234302186969,22257500
2017-04-19,40.20047378540039,40.96362588521998,40.12338578401025,40.76320296281878,17414600
2017-04-20,41.24113082885742,41.310508549745165,40.41630844752876,40.6398592082344,31552900
2017-04-21,40.85570526123047,41.50322976412706,40.81716273118081,41.156341112467004,26177300
2017-04-24,41.35675811767578,41.888651975918584,41.3105053271567,41.74218921685037,23856700
2017-04-25,42.058250427246094,42.46680652740622,41.85011724208722,41.88095244150479,27061300
2017-04-26,42.04282760620117,42.45138365562236,41.904072166660754,42.08907745897724,15915500
2017-04-27,41.965736389160156,42.1276196832424,41.55718037116575,42.04282437220072,13978000
2017-04-28,41.50321960449219,42.07365890765077,41.418424294776166,41.880943363971035,16501900
2017-05-01,41.98114776611328,42.20469847290227,41.60342699729576,41.70363694949322,13915800
2017-05-02,42.04282760620117,42.096787728177326,41.672814080962084,41.98115721502494,15634900
2017-05-03,42.57844924926758,42.609500789816096,41.87980735435332,41.9263817039382,15737100
2017-05-04,42.83460998535156,43.160642201042705,42.593965044314864,42.90447445460498,17054100
2017-05-05,42.7802848815918,42.99763976114461,42.60174295035368,42.888962321368204,13078800
2017-05-08,42.7259521484375,42.92001987844177,42.50083287093529,42.78805228219482,14242800
2017-05-09,42.44649124145508,42.98211707360136,42.26794929740631,42.8035751295526,14402900
2017-05-10,42.47753143310547,42.625021792356854,42.19807352190279,42.252412231165806,15897200
2017-05-11,41.71678924560547,42.24465060390554,41.18892492606764,42.13597317833676,32200100
2017-05-12,41.15787887573242,41.390759527470365,40.78526924070408,41.37523375585609,29642300
2017-05-15,41.39075469970703,41.46838058748611,41.15787407513197,41.18892561473873,15245000
2017-05-16,41.34417724609375,41.48390621259898,41.10353521807524,41.45285763433833,12650100
2017-05-17,40.55237579345703,41.344169167283496,40.094376039682075,41.344169167283496,33173100
2017-05-18,40.66107177734375,41.111307372855826,40.3272750435427,40.60673304963088,19790100
2017-05-19,41.18891906738281,41.40627388760395,40.66881622597709,40.80854517075849,16895000
2017-05-22,41.15010452270508,41.390749482467804,40.75420780695343,41.35193654347057,13947000
2017-05-23,41.445098876953125,41.57706645705972,41.02591192071549,41.15011513427795,11751700
2017-05-24,41.21221160888672,41.61587272850398,40.98709239503979,41.52272107358853,11304400
2017-05-25,40.971561431884766,41.336409562473435,40.80854531613817,41.336409562473435,16643800
2017-05-26,40.684356689453125,40.99486622585005,40.65330514356575,40.855137230595275,14247700
2017-05-30,40.49028015136719,40.75421231145277,40.28845106953127,40.49028015136719,19379700
2017-05-31,39.698482513427734,40.56014345096883,39.45784049532223,40.54461768185917,30519700
2017-06-01,40.428192138671875,40.52910522918462,39.63639542134891,40.00124075096931,21001800
2017-06-02,40.21858596801758,40.55238260537689,40.001228158727365,40.10990558275362,19477300
2017-06-05,40.148719787597656,40.50580358321155,40.109903885312924,40.140955422645675,13663800
2017-06-06,40.21858596801758,40.389363508099805,39.77611190663202,39.838212022688,14887500
2017-06-07,40.43594741821289,40.606727947416864,40.13320227006998,40.24187971184044,17022400
2017-06-08,40.800785064697266,41.16563024434665,40.27292080346259,40.43593692381045,22644200
2017-06-09,41.763362884521484,41.879804673505696,40.98709218792726,41.03366949576849,25750000
2017-06-12,41.988487243652344,42.37662263952222,41.87204544039616,41.90309698276288,22791400
2017-06-13,42.267940521240234,42.45424383233109,42.135972961416286,42.19031167392093,17966000
2017-06-14,42.33003616333008,42.415426405736206,41.584817075265114,41.98847815494299,16575000
2017-06-15,41.84099197387695,42.267940267235346,41.77112749232829,41.949669398233155,17232300
2017-06-16,41.833229064941406,42.104925596528396,41.64692574848422,41.86428060476355,23492700
2017-06-19,42.10492706298828,42.41543358831074,42.011772440277404,42.159265778950655,15367300
2017-06-20,41.49943542480469,41.99624825304029,41.47614824886803,41.96519967220409,13622200
2017-06-21,41.1268196105957,41.514954944362636,40.9870906535406,41.50719354063184,12653700
2017-06-22,40.7464599609375,41.05696653746549,40.536866467130935,40.98710203952997,15362200
2017-06-23,40.71540451049805,41.010388246964744,40.61448847621557,40.90947221268227,21868500
2017-06-26,41.06473922729492,41.476161931166935,40.824094138691834,40.932771610564515,12532800
2017-06-27,41.26655578613281,41.65469118779367,41.07248808530238,41.15787834746587,13496300
2017-06-28,42.17477798461914,42.24463948732567,41.54599780912762,41.61586227307112,20961700
2017-06-29,43.30037307739258,43.93691473186129,42.85789907273109,43.1994600315837,32552100
2017-06-30,43.01316452026367,43.50997735396921,42.819096822020065,43.49445158276116,16750700
2017-07-03,43.30037307739258,43.82047591871936,43.24603437234554,43.32366320901083,11825000
2017-07-05,43.30037307739258,43.48667932415194,42.958815079777295,43.44786638643796,14086900
2017-07-06,43.12960433959961,43.7195688121751,43.08302702811815,43.455636636256024,14481200
2017-07-07,43.26933288574219,43.33919737165586,42.88895891549269,43.300381465185446,11503500
2017-07-10,43.15288162231445,43.323662097358664,42.958813977486855,43.106304321510414,10979000
2017-07-11,42.7259521484375,43.246052243454436,42.555171598437404,43.2072392897013,14842700
2017-07-12,42.826866149902344,42.8812078398027,42.38439195294899,42.640562783415994,11951500
2017-07-13,43.160648345947266,43.21498705629882,42.741464431983566,42.896716197995055,14201800
2017-07-14,42.6871223449707,42.85013846313035,42.011764779045215,42.15925809082171,17949600
2017-07-17,42.46976852416992,42.67936196475723,42.26017508358262,42.61726184971525,14953600
2017-07-18,42.53963851928711,42.63279018454528,42.09716440776325,42.15926749209407,13603300
2017-07-19,42.64832305908203,42.85791656175109,42.45425533008163,42.53964560463997,12366200
2017-07-20,42.60173416137695,42.93553077824787,42.44647943890995,42.663834273621234,15123500
2017-07-21,42.05058670043945,42.39990914343148,41.99624798277826,42.25241876138508,17384500
2017-07-24,42.12821578979492,42.236893225722696,41.94967386487957,41.996248216712594,18489900
2017-07-25,42.74146270751953,43.01315624831541,42.6250209264713,42.69488540285274,20167800
2017-07-26,42.625030517578125,42.95106580113225,42.54740462023761,42.943301434655304,19686900
2017-07-27,42.46976852416992,42.66383619568732,42.22136214152667,42.58621031157543,17352600
2017-07-28,41.375221252441406,42.361085242738376,41.282069612143886,42.15149183114101,32590600
2017-07-31,41.87203598022461,42.089393766445866,41.45285209793252,41.46837490437074,20378100
2017-08-01,41.98072052001953,42.22136253977885,41.80217565465026,42.097159347285675,19350300
2017-08-02,41.92599868774414,42.1918481139879,41.79307546599671,41.863447460671495,19422100
2017-08-03,41.75397491455078,41.95727010340694,41.70705926354621,41.83216468347658,19374700
2017-08-04,41.31609344482422,41.98853601630954,40.588917453124765,41.9650767056837,44664600
2017-08-07,41.08152770996094,41.40211050019767,40.99551718381847,41.23008944791273,22673700
2017-08-08,41.21445083618164,41.67577758071836,40.83131683472209,40.90950659505109,24877800
2017-08-09,41.277008056640625,41.29264660640251,40.7687656289986,40.878232494583436,14631600
2017-08-10,40.62020492553711,41.222275684493304,40.596745608916486,40.964244080905594,18373000
2017-08-11,40.61238098144531,40.82349691802187,40.456001457535166,40.526373436394024,14714500
2017-08-14,41.31609344482422,41.51157079780262,40.925138738867425,40.94859506674557,16313200
2017-08-15,41.32392120361328,41.72269677030667,41.30828563641799,41.59759135350546,11028100
2017-08-16,41.198814392089844,41.605407728616285,41.018975547948045,41.44902521722176,11224400
2017-08-17,40.50291442871094,41.15190079230203,40.49509664555544,41.0267953825764,16814300
2017-08-18,40.409088134765625,40.76876583284229,40.17451585266121,40.369993251539626,17130600
2017-08-21,40.5185661315918,40.58893813382957,40.190165442981645,40.45601489779667,13503100
2017-08-22,40.8313102722168,40.87040514609788,40.59673506343494,40.62019437396174,12984100
2017-08-23,40.68274688720703,41.03460672897586,40.50290807535802,40.526367386641134,10019500
2017-08-24,40.78438949584961,41.073695105419795,40.69056121380606,40.80784582067366,12345000
2017-08-25,40.479454040527344,41.104981026478775,40.47163327540723,40.870408779590484,15307800
2017-08-28,40.3699951171875,40.67493939629069,40.205791827652405,40.62020596069517,12425900
2017-08-29,40.205780029296875,40.26833421319159,39.97902856954771,40.04157977069476,10715500
2017-08-30,40.15888214111328,40.45600865837545,40.03377671006849,40.2370719169855,11427500
2017-08-31,39.932125091552734,40.065051281433156,39.77574256694282,39.877391655351545,25231100
2017-09-01,39.85393142700195,40.260524758165246,39.82265432858594,39.92430340706384,16217700
2017-09-05,39.17367935180664,39.619367694236544,38.90782990344941,39.58809356947327,31251300
2017-09-06,39.00164794921875,39.306592186784165,38.751437139793374,39.29095363835156,26854000
2017-09-07,38.84526062011719,39.0485557589801,38.524677873959824,39.0485557589801,23367300
2017-09-08,38.76708221435547,39.079844287414126,38.649794572740575,38.79053854957899,18975700
2017-09-11,39.611541748046875,39.72100861903905,39.0485658598031,39.095481511406255,17987100
2017-09-12,40.32307815551758,40.448183573207096,39.75228450088737,39.76010228454052,17129500
2017-09-13,40.2370719909668,40.276166878974784,40.018138231923054,40.18233855120586,12617300
2017-09-14,40.10413360595703,40.44035488459911,39.93993334878233,40.299610954807186,13739400
2017-09-15,40.39344787597656,40.40908642515501,40.072865074688984,40.09632140708252,28494300
2017-09-18,41.21445083618164,41.31609991080788,40.35435154156993,40.401264204668074,20943400
2017-09-19,41.72270202636719,41.902540899252536,41.07371554431464,41.222280296121205,17047000
2017-09-20,42.02764129638672,42.30912923161157,41.66014282731556,41.746153361161866,21560400
2017-09-21,42.270023345947266,42.4107672769272,41.84779155300745,41.871247880588214,16210900
2017-09-22,42.4185905456543,42.50460106824001,42.02763579408145,42.16055897789715,18047800
2017-09-25,42.2465705871582,42.48114583033414,41.87125437392407,42.27784768394808,11595900
2017-09-26,42.06674575805664,42.442062096227325,42.035468650855144,42.30131809656968,12052500
2017-09-27,42.3873176574707,42.637528484695984,42.27003301000479,42.590615818808956,15840800
2017-09-28,42.4185905456543,42.48114473762501,42.01981801145913,42.449867641639656,14531700
2017-09-29,43.122314453125,43.18486566838421,42.293489226015076,42.41859463928182,20872300
2017-10-02,43.372528076171875,43.372528076171875,42.89556272523043,43.13013501738647,11764400
2017-10-03,43.45853042602539,43.48980453840596,42.88773387954753,43.263053055594,17405100
2017-10-04,42.9737434387207,43.27868765253429,42.92683077982501,43.247413540853124,14697800
2017-10-05,43.30997085571289,43.607097329202006,42.83300553801277,43.00502659888778,14560700
2017-10-06,43.45853042602539,43.536720181098765,43.17704253536452,43.38033768820406,11151200
2017-10-09,43.11448669433594,43.552357061126294,42.94246566046333,43.48980287326431,11377000
2017-10-10,43.48198699951172,43.567997520222896,43.12230935176316,43.294327410437525,12800500
2017-10-11,43.521080017089844,43.560174893174484,43.20831504291704,43.34905898302002,12843100
2017-10-12,43.16923522949219,43.56019009224669,43.05195056031518,43.54455153980664,15067500
2017-10-13,41.98072052001953,41.99635906815001,41.31609862958854,41.82434100421087,35310000
2017-10-16,42.06674575805664,42.19967197228847,41.7696192051406,41.94946108017468,22802400
2017-10-17,41.58977127075195,42.22311913151411,41.53503783642357,42.20748058131336,18614700
2017-10-18,41.76179885864258,42.27785916482314,41.691426863129365,41.76179885864258,21604000
2017-10-19,42.02764129638672,42.16838526399915,41.44120909225109,41.5272196260974,12669700
2017-10-20,42.94247055053711,43.05975817476053,42.25439230218744,42.387315492409016,28407700
2017-10-23,42.93465805053711,43.03630713852186,42.77045774261844,42.80955262792071,18102100
2017-10-24,43.33342361450195,43.442893451415436,43.00502305200571,43.00502305200571,18779400
2017-10-25,43.200496673583984,43.45852822118135,42.90337025043338,43.38815625208642,17096900
2017-10-26,43.48980712890625,43.91985677292192,43.356883940814264,43.356883940814264,15979200
2017-10-27,43.685279846191406,43.81820600283745,43.106668527373095,43.18485827875465,17258600
2017-10-30,43.669647216796875,43.755657744620095,43.24741832627561,43.35688518614217,12249200
2017-10-31,43.89638900756836,44.193515386097566,43.708732439995345,43.74782730967744,14619200
2017-11-01,43.951141357421875,44.443745279340604,43.93550280626191,44.03715189742738,11678300
2017-11-02,44.470794677734375,44.50229029593118,43.58106298699323,43.935381182738595,15630000
2017-11-03,44.368446350097656,44.43931000670326,44.01413107065785,44.2897102887973,10049200
2017-11-06,44.23460006713867,44.43144324899543,44.09287273591471,44.17160880722198,10414900
2017-11-07,43.3448600769043,44.321203401030736,43.045657654473736,44.226716528523376,18679100
2017-11-08,42.72284698486328,43.297631774422214,42.557499417033995,43.148029019500484,24047100
2017-11-09,42.518123626708984,42.667723350770416,41.896098504642225,42.43938756216893,24438800
2017-11-10,42.368526458740234,42.62048548477509,42.35277864416449,42.53387400640276,13671700
2017-11-13,42.29765701293945,42.44725672557626,42.053570425764356,42.140181892297065,13447000
2017-11-14,42.54961395263672,42.59685438403966,41.982704747097785,42.14017986014615,20830100
2017-11-15,42.32127380371094,42.612600800983046,42.116558265960016,42.226789940409574,18238600
2017-11-16,42.99053955078125,43.1952580935153,42.40788555226592,42.47874920112188,26361800
2017-11-17,42.63623046875,42.88031406949813,42.49450315056605,42.68347090575244,15814800
2017-11-20,42.55748748779297,42.683466980862434,42.40001237055914,42.61260332828661,16943100
2017-11-21,42.92755126953125,42.97479470325403,42.510244784204254,42.58110843299448,13757000
2017-11-22,42.56536102294922,43.00628772749958,42.54173780407123,42.880308239972635,11421700
2017-11-24,42.5889892578125,42.76221221212567,42.51812559501061,42.6677253259975,5386500
2017-11-27,42.4787483215332,42.880306987676825,42.40788467414458,42.53386415799237,11066800
2017-11-28,43.75429153442383,44.006250505364214,42.297653545950475,42.41575762406062,25685200
2017-11-29,44.62826919555664,45.077071236577055,43.85664458110774,43.96687623980223,29631800
2017-11-30,44.46293640136719,45.14007738979662,44.39207273970391,44.90386318186009,30984400
2017-12-01,44.25033950805664,45.021964274480034,43.65193466644632,44.54166652106829,31242400
2017-12-04,45.18730926513672,45.659734587892785,45.03770956490395,45.09282540202065,28720400
2017-12-05,46.10066604614258,46.777806976183804,45.22668196218649,46.187277514439224,39754900
2017-12-06,46.11642074584961,46.5337273333209,45.76210241517181,46.20303222708069,26758300
2017-12-07,46.73844909667969,47.24236719956753,45.89596045524117,46.02193998096313,32990600
2017-12-08,46.699058532714844,47.179353177891784,46.57307906775924,46.699058532714844,22017100
2017-12-11,46.35262680053711,46.69119727839616,46.155783639158045,46.4234904587771,15876600
2017-12-12,47.5021858215332,47.68328114164893,46.22664016988494,46.22664016988494,25040400
2017-12-13,46.76993179321289,47.63604041755136,46.75418398140463,47.486440710754856,18227000
2017-12-14,46.62820053100586,47.23447771799483,46.62032512397649,46.888031894808144,14731000
2017-12-15,47.139991760253906,47.75414436606393,46.73055769090982,46.80929674477664,36467500
2017-12-18,47.966732025146484,48.1320825355167,47.53367774394057,47.588793579534716,19970900
2017-12-19,47.52580642700195,48.24231530969558,47.46281518283257,48.187199472841286,17062700
2017-12-20,47.35259246826172,48.084849300541094,47.28960421576276,47.93524957271622,16544500
2017-12-21,48.51002883911133,48.91158756399985,47.777772043501436,47.777772043501436,22130700
2017-12-22,48.46278762817383,49.006076697146845,48.17933298411632,48.817105933245706,11653200
2017-12-26,48.13209533691406,48.59664536303808,47.87226089693128,48.423422403049564,11662800
2017-12-27,47.9903678894043,48.21870669908785,47.76202907972075,48.1084719952627,10010800
2017-12-28,48.265933990478516,48.27380939754332,47.958859193881814,48.05334305354517,10550900
2017-12-29,47.769901275634766,48.486413331204304,47.769901275634766,48.3919264426261,10711400
2018-01-02,48.1005973815918,48.31318836668424,47.793522515432194,48.06122934811285,13819300
2018-01-03,48.47065734863281,48.63600487039906,48.108463677293535,48.20295054994972,14203700
2018-01-04,49.07693862915039,49.64384489370455,48.7462405548712,48.801356399986346,18740500
2018-01-05,49.40763854980469,49.45488199465017,48.88797267085865,49.41551095548464,14217900
2018-01-08,48.848594665527344,49.391880654219875,48.76985560685511,49.3367648149433,15569400
2018-01-09,49.021820068359375,49.4233818035148,48.87222034553796,49.05331569534967,15766500
2018-01-10,49.69895935058594,49.91942572847657,49.100557475941535,49.195041350129976,18107500
2018-01-11,49.61235046386719,50.13201630433934,49.36039145052241,50.11627149414511,22075000
2018-01-12,49.250152587890625,49.91942106007242,48.85646631140295,49.76194594875977,25886100
2018-01-16,49.210784912109375,49.72257827663049,48.95882593364641,49.439123674962666,17907800
2018-01-17,50.29735565185547,50.4233351304868,49.20290836807317,49.48635994230287,23892900
2018-01-18,50.352481842041016,50.6359334745683,50.28161818301212,50.28949058797608,16305900
2018-01-19,50.5650749206543,50.59657054899574,50.25800005329622,50.50995907285097,16524000
2018-01-22,50.96662521362305,50.98237002066525,50.368220424035435,50.3918406381865,12245200
2018-01-23,50.77765655517578,51.06111116763678,50.5650685994181,50.63592924894529,12937100
2018-01-24,51.557159423828125,51.67526050564224,51.021745826625136,51.13984690843926,20180300
2018-01-25,51.691009521484375,51.84848162987084,51.49416638241336,51.730374544993055,17568700
2018-01-26,51.911476135253906,51.99808760245695,51.37606252307883,51.879980510164046,16251900
2018-01-29,51.82486343383789,52.21067431944209,51.69888694365485,51.7933678094981,16105200
2018-01-30,51.399681091308594,51.91147447004308,51.399681091308594,51.51778817981287,16158900
2018-01-31,51.79336929321289,52.04532828797289,51.30520211990203,51.391807580347276,18147900
2018-02-01,51.88842010498047,52.34781533949155,51.531985578768406,51.7775309749601,15717600
2018-02-02,50.74784469604492,51.90426434873881,50.55774988761709,51.74585301554979,18905300
2018-02-05,46.06671905517578,47.436997650204525,45.543953793364224,46.4944369116132,103394400
2018-02-06,45.369686126708984,46.336010736295194,44.2528695785404,45.07662160567941,83076900
2018-02-07,45.575626373291016,46.0350245740238,44.949891476041195,45.100383417030905,45551000
2018-02-08,43.88059997558594,45.496417561638964,43.84099412989443,45.409292557022354,43569700
2018-02-09,44.45880889892578,44.78355688605949,43.341992355709664,44.46672825502583,48904600
2018-02-12,44.75187301635742,45.24295467069342,44.260791362021415,44.640983902943006,24401300
2018-02-13,45.93998718261719,46.0112734904848,44.31624686063552,44.40337490597399,24234200
2018-02-14,47.167694091796875,47.207296925528354,45.781573760677304,45.82117659440878,23681800
2018-02-15,47.53997802734375,47.603341971210085,46.85087889721763,47.381563635423106,22397300
2018-02-16,47.48451614379883,47.86470873299438,47.262734867308176,47.262734867308176,18661900
2018-02-20,47.48451614379883,48.53004651946211,47.34986290219714,47.41322984448078,18517600
2018-02-21,47.310264587402344,47.91223851051662,47.310264587402344,47.41323436768549,19987800
2018-02-22,46.581565856933594,47.65877685544856,46.47859606991652,47.429079206491,17948600
2018-02-23,46.866703033447266,46.92215062164348,46.21720694803055,46.787497372885134,21099200
2018-02-26,47.50035858154297,47.524119674499524,46.692448184496214,47.32610250918911,16478300
2018-02-27,46.898380279541016,47.90430774693412,46.898380279541016,47.54787627872367,17024400
2018-02-28,46.26472473144531,47.381541286526875,46.19343843978046,47.10431849755342,17869100
2018-03-01,45.39344024658203,46.684509539063406,45.195423150268816,46.137983440979326,28491000
2018-03-02,45.47266387939453,45.63899758098983,44.6885145380845,45.084548887503196,22428500
2018-03-05,45.615230560302734,45.91621747277558,44.82316196437562,44.99741802236019,20560900
2018-03-06,45.20336151123047,45.83701588156396,44.86277172064452,45.71028500749726,23975900
2018-03-07,44.83108901977539,44.94198118031044,44.36376834706473,44.67267769058731,24788700
2018-03-08,44.92613220214844,45.16375217913473,44.538017256586016,44.949893293396485,16828400
2018-03-09,46.12215805053711,46.153841522332094,45.14791395410768,45.274644819785436,19051500
2018-03-12,45.95581817626953,46.38353592348084,45.90829297496769,46.1538353161079,12414800
2018-03-13,45.59147262573242,46.27264912732792,45.480580476563645,46.24888803468566,13810600
2018-03-14,44.85485076904297,45.86077836810988,44.712278163096336,45.82909489534346,12212900
2018-03-15,45.013267517089844,45.24296515316684,44.545946844067274,44.96574230540025,13277700
2018-03-16,44.27663040161133,45.28255473866714,44.252866291967194,45.13998518831006,37095000
2018-03-19,43.94395446777344,44.34791104379895,43.54000091324908,44.26078303636203,17982200
2018-03-20,43.48457717895508,44.2687235781823,43.29447934251971,44.173676170715915,26874600
2018-03-21,43.39745330810547,44.02318842896842,43.19943609427564,43.57962878224856,18997300
2018-03-22,41.607364654541016,42.99348477328246,41.33014183939356,42.93804021025297,32656300
2018-03-23,40.37966537475586,41.78162745477604,40.34798189891864,41.75786635864941,30975800
2018-03-26,41.417266845703125,41.62320334740202,40.80737367545762,41.14796340717267,26718000
2018-03-27,40.47471237182617,41.821229866277875,40.14996430153216,41.504404175614404,23669300
2018-03-28,40.77570724487305,41.13213885972833,40.35591168821188,40.52224543464332,23342500
2018-03-29,41.51231002807617,41.781613439351005,40.96578384997498,41.23508726124982,17706800
2018-04-02,40.672725677490234,41.504400212129134,39.93610156032575,41.48063609700941,23359800
2018-04-03,41.25094223022461,41.33806725525369,40.44303173716233,40.96579699484939,16646400
2018-04-04,41.90834045410156,42.011310195883496,40.40340923052417,40.49845961747731,15952700
2018-04-05,42.18557357788086,42.740022218890594,42.01923989202854,42.24894051811146,16488800
2018-04-06,41.36973571777344,41.91626187290951,41.15587686885026,41.70240604548775,22943800
2018-04-09,41.38558578491211,42.24102135289251,41.314299487580406,41.58360294177771,17032000
2018-04-10,41.678653717041016,42.02716587519903,41.28261937113583,41.97172130849249,14594700
2018-04-11,41.13212203979492,41.55983980271698,40.96578836138141,41.441028305849116,14673200
2018-04-12,41.742027282714844,42.19350626692814,41.21133960385718,41.314309396143486,19967800
2018-04-13,40.308372497558594,41.42518915608952,40.245008577710394,41.195488525947894,32054900
2018-04-16,40.23709487915039,40.66481276102489,39.84898285491453,40.070761154477886,31879100
2018-04-17,40.054908752441406,40.52222934604333,39.991544835793,40.35589566565161,25507100
2018-04-18,39.91233444213867,40.371735659414,39.80936468283527,40.221240698547085,21055700
2018-04-19,40.823219299316406,40.87866386357588,39.99154781392215,40.00738652813732,23678400
2018-04-20,41.631126403808594,41.83706290886408,41.044994314570545,41.13212234338314,31149300
2018-04-23,41.67072677612305,41.852902179505904,41.330137058906736,41.623201575522494,17723900
2018-04-24,41.59153366088867,42.57370035671888,41.33015251360099,41.94004588594271,23052100
2018-04-25,42.066768646240234,42.36775559472489,41.13212734950021,41.536081052293554,20978500
2018-04-26,41.53608322143555,42.06677084309637,41.39351060794473,41.971723441269965,17025800
2018-04-27,41.47271728515625,41.932115556316454,41.35390577250153,41.40935033933979,12304300
2018-04-30,41.1558837890625,42.01923868514396,41.1558837890625,41.63112676263598,17050500
2018-05-01,41.631126403808594,41.66280685123889,40.87073825694536,40.99746911117225,13903800
2018-05-02,41.33805465698242,41.87666148821034,41.2350879256459,41.48854960840003,16397200
2018-05-03,41.13058090209961,41.330088954929835,40.54801775314551,41.19442189599461,19216100
2018-05-04,41.824859619140625,42.21589666311476,40.7554965503601,40.83529853766061,16660500
2018-05-07,42.02436828613281,42.28772032797718,41.80092028281084,42.27175932141837,16259100
2018-05-08,42.447322845458984,42.86229986896651,42.00042685418213,42.07224985910171,20786200
2018-05-09,42.90220642089844,43.0777744655067,42.5750133659246,42.65481840631518,16286700
2018-05-10,43.61245346069336,43.67629444272305,42.79846039112247,43.19747642262286,20699000
2018-05-11,43.452842712402344,43.835897704478974,43.309196709842304,43.644368686315424,14424000
2018-05-14,43.47679901123047,43.748130112956915,43.35709599368303,43.716208090576956,12809100
2018-05-15,43.6922607421875,44.11521681265472,43.396989695498185,43.4368906946317,14991100
2018-05-16,43.923675537109375,44.14712349001726,43.54062059887442,43.65234457532836,16450200
2018-05-17,43.26929473876953,43.62840669278408,43.11766671491855,43.412940738075505,21622400
2018-05-18,42.85432052612305,43.428901516375966,42.84633850106017,43.213435547687745,21492700
2018-05-21,43.524681091308594,43.59650411796428,43.149604947189836,43.15758697473577,11491400
2018-05-22,44.09925079345703,44.41048585753757,43.44486474041728,43.596492781847715,17398200
2018-05-23,44.83344650268555,44.83344650268555,43.59649727704527,43.91570831100831,23566100
2018-05-24,43.62841796875,44.61000023245212,43.44487093203165,44.586057196879345,24673400
2018-05-25,43.81195831298828,43.88378131524238,43.51668427913781,43.572546275974275,17741900
2018-05-29,42.25579071044922,43.30121057578529,42.00839971968449,43.12564562373468,31604000
2018-05-30,43.27728271484375,43.44486873411899,42.59895661153862,42.82240463723894,16416200
2018-05-31,43.08575439453125,43.39698642627818,42.934126347294935,43.26131938634311,17515900
2018-06-01,43.64438247680664,43.90773457946264,43.31718937742435,43.54064047659497,14100200
2018-06-04,43.7560920715332,44.02742000456092,43.57254204916118,43.724170063794574,10593700
2018-06-05,43.49275207519531,43.835906142447946,43.325166054700134,43.58053609857404,11883900
2018-06-06,44.3546257019043,44.39452669816447,43.620434584863425,43.66831760692616,15848200
2018-06-07,44.394527435302734,44.68181948394766,44.091274379038545,44.50625144438667,17299600
2018-06-08,44.434425354003906,44.506248361189556,43.87580230303227,44.338662359173284,12965900
2018-06-11,44.29874801635742,44.77756896763263,44.290769037082,44.52219901131919,13518400
2018-06-12,44.19501876831055,44.649896824013425,43.96358872754919,44.40250577586326,13608300
2018-06-13,44.01945114135742,44.633936232421846,44.00349013381992,44.20299816166224,14901100
2018-06-14,43.68428421020508,44.171081297738944,43.47679413227144,44.15512333259137,18189100
2018-06-15,43.87580490112305,44.18703693594012,43.396986854366155,43.53265085138861,35715800
2018-06-18,43.955604553222656,44.075307528121094,43.436882529244514,43.50072350700691,17856700
2018-06-19,43.955604553222656,44.075307528121094,43.57254650964618,43.6363905316591,16654800
2018-06-20,43.47679901123047,44.362615344638925,43.44487698885051,44.258870294029855,16545600
2018-06-21,43.388999938964844,43.70023193870889,42.99796595517123,43.29323694925526,21191600
2018-06-22,43.04584503173828,43.9316610397993,42.9181600333669,43.85983803794975,24015000
2018-06-25,43.061805725097656,43.2054517277561,42.37549772222964,42.91815972243921,21069600
2018-06-26,42.63885498046875,43.04585000850416,42.31166194404787,43.013931038408856,14409100
2018-06-27,42.51914978027344,43.0458508502813,42.343584786438086,42.48723080955395,19520900
2018-06-28,42.798465728759766,42.98201276083104,42.31166562253759,42.734621694517,13837300
2018-06-29,44.24290084838867,45.58359509024145,44.218960858293414,44.38654687746226,43888500
2018-07-02,44.945167541503906,44.99305056334158,43.94762741843386,44.051372443623386,21204900
2018-07-03,44.33866882324219,45.19256300857581,44.23492378790459,45.03295596442208,12830400
2018-07-05,44.083290100097656,44.753637118300105,43.93166206806044,44.62594907268958,16788600
2018-07-06,44.602012634277344,44.79354167367838,43.91570455577894,44.13117358351105,12389100
2018-07-09,45.304290771484375,45.46389782883272,44.69778456241096,44.84143060959933,16684000
2018-07-10,45.184574127197266,45.551671186334865,44.96112612583145,45.53571017991578,15581400
2018-07-11,44.74565505981445,45.288317076250536,44.6738320563376,45.009007087313094,15641400
2018-07-12,44.71373748779297,45.07285254083159,44.37058344202838,45.056891533557554,18236100
2018-07-13,44.17905807495117,44.52221212562247,42.79846289064031,43.684279019384775,34323400
2018-07-16,45.47984313964844,45.67136910695181,44.39451917742814,44.48230318087983,25538700
2018-07-17,45.13669967651367,45.51177271839031,45.032954644217504,45.4479317291511,21649000
2018-07-18,45.14467239379883,45.3441804043934,44.80151837203612,44.897281364731334,19913900
2018-07-19,44.95315170288086,45.39206876903336,44.705760644676246,44.89728665262413,22219400
2018-07-20,45.016998291015625,45.2165063499271,44.570099143123414,44.74566720912596,17250400
2018-07-23,46.28586196899414,46.357684980026406,44.929206785190686,45.00102979622296,24584100
2018-07-24,46.56517791748047,46.83650898879571,46.16616181520814,46.28586786359035,27245000
2018-07-25,46.46940612792969,46.68487514776793,46.166153095092454,46.36566110854445,15531100
2018-07-26,46.53326416015625,46.8684362624033,46.44548012073395,46.66094920542917,14165300
2018-07-27,46.78861618041992,47.004085181898624,46.41354017292917,46.58910818396747,17662900
2018-07-30,46.67689895629883,47.299363021309794,46.52527090869296,46.94822999257941,22699900
2018-07-31,45.71925735473633,46.85246141638383,45.647434347712846,46.772659428246946,21633800
2018-08-01,46.006553649902344,46.509311701446435,45.65541756333073,46.25394166262217,19192700
2018-08-02,46.51728820800781,46.64497321226939,45.55167017301398,45.55167017301398,13489100
2018-08-03,46.94822311401367,47.02802509477139,46.30979509095025,46.33373812057791,13720400
2018-08-06,46.9961051940918,47.10782918986727,46.43748217096387,46.748717216089126,13360500
2018-08-07,46.94024658203125,47.21157761030747,46.84448358506634,47.03600957899616,13810900
2018-08-08,47.23551940917969,47.48291045876069,46.892365358962856,46.892365358962856,13778600
2018-08-09,46.97827911376953,47.34806256856365,46.946126563963034,47.14709456626334,15859500
2018-08-10,46.664772033691406,46.96220383448441,46.12617923045734,46.12617923045734,16170100
2018-08-13,46.311058044433594,46.71299397182285,46.27086506500022,46.351251023866965,19541100
2018-08-14,46.680850982666016,46.83358557241846,46.35930092720672,46.35930092720672,14860400
2018-08-15,46.616539001464844,46.825544373861106,46.34322239662151,46.36733757552499,17378400
2018-08-16,47.155128479003906,47.27571049815266,46.664766098706906,46.73711469689053,19992500
2018-08-17,47.31589889526367,47.460596077603086,47.034541900035784,47.034541900035784,13737600
2018-08-20,47.45256423950195,47.597261448058894,47.16316982238808,47.27571448078778,11403400
2018-08-21,47.39629364013672,47.854500446957914,47.38021583172722,47.42844925695571,17943500
2018-08-22,47.56510925292969,47.83038850987618,47.29179569102643,47.46060809097678,20829600
2018-08-23,47.12297439575195,47.46863959091016,47.08278141023946,47.42844660539767,19655600
2018-08-24,47.17924499511719,47.36413518093829,47.16316718767254,47.34806044002186,14366600
2018-08-27,47.50884246826172,47.81431474150997,47.23552581672989,47.32395224318561,19915200
2018-08-28,47.48472213745117,47.69373058942056,47.420413967518805,47.58118592561399,19330200
2018-08-29,47.39629364013672,47.57314646611276,47.28375204779865,47.46864224471524,14436600
2018-08-30,46.994361877441406,47.49276478360263,46.97024669591153,47.163174281207944,14800900
2018-08-31,47.01044464111328,47.058678075784414,46.68085717051641,46.84163221955784,16720200
2018-09-04,47.267677307128906,47.38825934476186,46.680851061474286,46.98632330802347,19003700
2018-09-05,47.388248443603516,47.589216415742186,47.275706869850325,47.33197765672692,22332300
2018-09-06,46.568302154541016,47.55706428178186,46.568302154541016,47.35609629494767,20756900
2018-09-07,46.142250061035156,46.680842782813606,46.10205401126705,46.56026076656539,21482400
2018-09-10,46.19049072265625,46.49596298320349,46.06991174602644,46.31911013764529,15623000
2018-09-11,46.12617874145508,46.27087595469142,46.0779453148668,46.14225655031784,22160300
2018-09-12,44.968597412109375,46.13421239524495,44.856055825666864,46.08598203907144,23868800
2018-09-13,44.21295928955078,45.217799273404204,44.204921918952394,45.024868647231905,26954800
2018-09-14,43.99591827392578,44.66313356776312,43.97180309297745,44.36569869226694,20997600
2018-09-17,43.658294677734375,44.02003466804305,43.36085979404105,44.011997296348305,21959500
2018-09-18,43.81102752685547,43.97180255310377,43.44124711305437,43.61005951067723,22055200
2018-09-19,44.38980484008789,44.5746949988616,43.63416333337265,43.802978753581485,17046200
2018-09-20,44.65509033203125,44.86409877558396,44.20492396104708,44.719401565902366,20308000
2018-09-21,44.20491409301758,44.86408876040442,44.14864024267837,44.81585534576841,36158500
2018-09-24,43.61809158325195,44.341577580214725,43.60201684245562,44.05218318142961,19604700
2018-09-25,43.5939826965332,43.9637631187754,43.56986751533047,43.65025349702533,15207400
2018-09-26,42.73383712768555,43.770832785641595,42.62129553377313,43.71456198868539,22025100
2018-09-27,42.460533142089844,43.08755253267061,42.412299701841576,42.83031365107187,19991000
2018-09-28,42.25151062011719,42.58913536577864,42.13092860150775,42.35601176528205,18588600
2018-10-01,42.0023078918457,42.44443683529637,41.929959296260826,42.3962064825918,17209000
2018-10-02,41.90585708618164,42.08270687836495,41.704889043655484,41.99428351553778,17509600
2018-10-03,42.323856353759766,42.540899066123664,42.06661759356087,42.203274343310575,18444900
2018-10-04,43.01519012451172,43.29654716935912,42.388170934813104,42.388170934813104,21417500
2018-10-05,42.75794982910156,43.29654565428744,42.58913744801738,43.167926259195454,14793000
2018-10-08,43.14380645751953,43.3769300610015,42.58913591117486,42.58913591117486,12858200
2018-10-09,43.03125762939453,43.3849631934798,42.58912874081559,42.910678696069894,15918300
2018-10-10,42.14700698852539,43.46535650853992,42.13092918138763,43.1679247428118,21875900
2018-10-11,41.35118103027344,42.476603232544235,41.00551577099864,42.10682279079453,33147900
2018-10-12,41.88976287841797,42.87048752336227,40.89296042838123,41.88172244260787,32067300
2018-10-15,42.79814147949219,43.401045406946444,42.21131229155877,42.21131229155877,34118900
2018-10-16,43.192039489746094,43.24027291067861,42.227392536792685,42.854414742802874,28227200
2018-10-17,43.77886962890625,44.22099862817274,42.757951791892566,43.05538664825066,23524200
2018-10-18,42.685604095458984,43.73064020063452,42.4122874792102,43.54574693289782,22533300
2018-10-19,42.516788482666016,43.11165509645441,42.49267330458279,42.66952612126846,19521000
2018-10-22,41.519989013671875,42.741871725317374,41.44764041277579,42.661485753889835,17621500
2018-10-23,41.4476432800293,41.76115288342413,40.571422638129874,40.86885443282132,25529800
2018-10-24,40.34632873535156,41.39136463729058,40.20967198706814,41.24666745291526,31161500
2018-10-25,41.68880844116211,42.291712528375534,40.53123063113393,40.619657054569835,29366100
2018-10-26,41.19844436645508,41.745077629712775,40.82866394323035,41.25471516709673,30053800
2018-10-29,41.98623275756836,42.72579656689609,41.47175518578988,41.70487879379207,30541300
2018-10-30,42.356014251708984,42.5328670716438,41.69683946207888,42.163086690442185,24910900
2018-10-31,42.79011154174805,43.43320860884406,42.62933650834187,42.63737694660297,23667400
2018-11-01,43.05537796020508,43.37692486454722,42.72579062000091,42.95087375969318,17654800
2018-11-02,43.0955696105957,43.91551925114665,42.693633692670396,43.577891485494995,18285600
2018-11-05,43.135780334472656,43.65025803042075,41.12609991809482,43.19205114080892,18990000
2018-11-06,43.0473518371582,43.17597125496529,42.57306715902042,42.89461723680254,20696800
2018-11-07,43.071468353271484,43.553790384009815,42.43640866179402,43.264395938955346,20668500
2018-11-08,43.07957458496094,43.436138800743436,42.83646247913932,42.86887825093904,22429200
2018-11-09,42.982330322265625,43.26596059691288,42.73111272805081,43.02284849130979,18972200
2018-11-12,42.42316436767578,43.41992914522935,42.36643831904594,43.05525948165339,19003300
2018-11-13,42.739219665527344,43.21734149566836,42.6419723469189,42.6419723469189,28102000
2018-11-14,42.26108932495117,43.18491702632554,41.72624154566403,43.06335944821307,24788400
2018-11-15,42.80403518676758,42.876969108017946,41.556056130411285,41.76675549906225,23220100
2018-11-16,42.901275634765625,43.09576710487903,42.52850366599672,42.6662691013556,18872500
2018-11-19,43.209224700927734,43.33888466714141,42.62575330729749,42.925594490878275,20215500
2018-11-20,42.57713317871094,43.144396695831745,42.43126532884166,42.99042335911558,22999200
2018-11-21,42.48798751831055,43.11197702142193,42.35832756255605,42.64195774972614,16946300
2018-11-23,42.00177764892578,42.37454976125771,41.82349399027215,42.115229762127825,11139400
2018-11-26,42.85266876220703,43.09578085893545,42.40696273631526,42.40696273631526,20581700
2018-11-27,43.10387420654297,43.2092238931651,42.504198033266746,42.69868643328273,18044600
2018-11-28,44.04389953613281,44.052005020873374,42.609537870720274,43.07145157815889,23713300
2018-11-29,43.79269027709961,44.100630723864114,43.59009641359489,43.73596424262525,14978400
2018-11-30,43.98719787597656,44.20599971513181,43.654943918297484,43.8251251874216,18939000
2018-12-03,43.954769134521484,44.603068925904964,43.43612621007745,44.39236956161955,21261700
2018-12-04,41.961246490478516,43.75217886944603,41.742444713192775,43.71976310436573,33280500
2018-12-06,41.4020881652832,41.442606325682405,40.53498654912291,41.04552402589778,40310200
2018-12-07,40.72947692871094,41.69382588615211,40.559298791987544,41.24001443021876,28510500
2018-12-10,39.54633331298828,40.575510816995866,39.141145465331974,40.575510816995866,34524600
2018-12-11,38.70353698730469,40.18652580732579,38.533358854582204,40.0406579531815,32388600
2018-12-12,38.68733596801758,39.14114436619277,37.96609902271883,39.13304196965587,42820000
2018-12-13,38.11196517944336,38.99527474651281,38.03092885236231,38.87372025589123,35227100
2018-12-14,37.71487808227539,38.48473545759779,37.58521812053016,37.722980477424386,25913000
2018-12-17,37.771610260009766,38.33887384407388,37.37452482376354,37.4555642451086,29443300
2018-12-18,37.69868469238281,38.50906053764124,37.536608905063424,38.039041063548865,26740000
2018-12-19,37.00986099243164,38.436124119645086,36.710022814515646,37.59333255277699,34287600
2018-12-20,37.3096923828125,37.90126618426405,36.734326463894384,36.79105250709265,43969900
2018-12-21,36.564144134521484,37.706773542120985,36.41017389212772,36.94502163416712,55577900
2018-12-24,35.332374572753906,36.54793796068816,35.332374572753906,36.03740356351881,18049900
2018-12-26,36.94502258300781,36.94502258300781,34.862357602840795,35.52686532694574,27770000
2018-12-27,36.89640808105469,36.89640808105469,35.53497653047341,36.24000568114682,27005300
2018-12-28,37.0989990234375,37.62574447159858,36.89640509588909,37.01796268895333,23635000
2018-12-31,37.34210205078125,37.66625037451151,36.92880884200364,37.26106265134593,16544500
2019-01-02,38.03904342651367,38.047148916619335,36.79916929547629,36.89641353737327,20295200
2019-01-03,37.73918914794922,38.371281088253134,37.577113419545356,37.80402067584572,22262000
2019-01-04,38.85751724243164,38.98717723681495,38.24973543913397,38.42801599932471,23343600
2019-01-07,38.60629653930664,39.08441830968587,38.52526020860014,38.71974863883089,21858000
2019-01-08,38.525264739990234,39.02769685041054,38.022829538231704,38.81700051098855,19702900
2019-01-09,38.73595428466797,38.88182214458018,38.152485936356804,38.50094461132744,18837700
2019-01-10,38.695438385009766,38.938550468637544,38.33887420177822,38.49284446676364,16208400
2019-01-11,38.79267883300781,38.970962452979265,38.233520785830386,38.49284072869565,20006900
2019-01-14,39.23838424682617,39.2951133816693,38.4118038725051,38.50094258991569,23827600
2019-01-15,38.63059616088867,39.10061540503972,38.095748488328134,38.57387012677899,27447600
2019-01-16,39.65978240966797,39.98393389975883,38.88992803054317,39.01958800831197,32026400
2019-01-17,39.89479446411133,40.000144168372906,39.22218425537486,39.416672687955426,25738800
2019-01-18,40.526885986328125,40.64844357363267,39.59495581856547,39.7894442486473,36380300
2019-01-22,40.405330657958984,40.5998190840341,40.21894462824625,40.332396725346364,33975200
2019-01-23,40.61602783203125,40.77810358476652,40.11359578075598,40.518783616925234,16806700
2019-01-24,40.502567291259766,40.7943029671142,40.23514498261801,40.34859705848646,17862100
2019-01-25,40.62413024902344,40.956384125912805,40.48636478764424,40.842932034975604,20183400
2019-01-28,40.3729133605957,40.437744894390256,39.870481339038584,40.33239519764294,19913100
2019-01-29,40.39722442626953,40.60792382386459,40.291877818809745,40.34049837876419,11927600
2019-01-30,40.591712951660156,40.8024092424056,40.18652516140256,40.38911905653136,16885100
2019-01-31,39.994781494140625,40.41181832701189,39.79035100130217,40.29733775012024,24934700
2019-02-01,39.994781494140625,40.133795851338895,39.89665573099946,40.06837659633694,21123500
2019-02-04,40.1174430847168,40.19103819066855,39.831238508521345,39.94571909125475,17547800
2019-02-05,40.289154052734375,40.33003951946333,39.863938336158675,40.289154052734375,14784900
2019-02-06,40.248268127441406,40.501759889889506,40.125608609290886,40.141963419668365,12145700
2019-02-07,39.31606674194336,40.31368524470605,39.013507421533234,40.141964410545405,24189700
2019-02-08,38.964439392089844,39.283350348947955,38.481983474972,39.20157630913776,20641200
2019-02-11,38.964439392089844,39.217931117099795,38.743654163643306,39.144336040950954,15995900
2019-02-12,40.10926818847656,40.44453412309174,39.25883645991438,39.25883645991438,22033000
2019-02-13,40.0847282409668,40.648955233622594,39.97842351967402,40.26462805863743,13770900
2019-02-14,39.675865173339844,39.99477620086232,39.27518008788766,39.765815077381845,16456500
2019-02-15,40.248268127441406,40.411809992493936,39.651331585788526,40.141963419668365,19346200
2019-02-19,40.37910079956055,40.57535227228655,39.92117549759835,40.09289631607383,15121700
2019-02-20,40.73073196411133,40.78797225178142,40.313692017530116,40.41999674578674,16742600
2019-02-21,40.52629470825195,40.79614128802317,40.37092556534739,40.68983657751393,16938800
2019-02-22,40.0847282409668,40.68166485853753,40.02748795704642,40.559005324787286,15848200
2019-02-25,40.60807418823242,41.074175476307595,40.272808294715865,40.28098414215496,16564100
2019-02-26,40.55082321166992,41.00056956698288,40.34639276658576,40.46905228138067,16997800
2019-02-27,40.8043212890625,40.91062288290938,40.362750744377486,40.55082639429267,17455000
2019-02-28,40.796142578125,40.99239719455124,40.66530720696127,40.869737669364675,17786600
2019-03-01,40.91062927246094,41.57298519293731,40.77979388167864,41.074174290779254,19051400
2019-03-04,40.976043701171875,41.62204473179104,40.63259889121987,41.12323388838539,16697000
2019-03-05,40.796142578125,40.92697794928872,40.33822033873261,40.9106231379731,14235400
2019-03-06,40.73889923095703,41.065989193920295,40.62441867972821,40.86155874690852,14211000
2019-03-07,40.62442398071289,40.763435205526825,40.30551294085835,40.64895463935971,19047300
2019-03-08,40.72255325317383,40.80432732133113,40.20738754154895,40.28098264320964,17400000
2019-03-11,40.68983459472656,40.967860126029606,40.58353300875852,40.88608919538326,19471500
2019-03-12,40.59989547729492,40.92698238094118,40.50994556499967,40.7061970833151,18299300
2019-03-13,40.8206672668457,40.95150573824026,40.56717552692088,40.77978180421533,21647300
2019-03-14,41.172298431396484,41.53209808138917,40.828856713888904,40.943337286391426,20160700
2019-03-15,41.4257926940918,41.54027326476578,40.886096347084745,41.06599616920763,46117300
2019-03-18,42.300758361816406,42.57878396446228,41.56481043906805,41.57298628648623,23843300
2019-03-19,42.039085388183594,42.864983186411145,41.98184510114613,42.864983186411145,19911900
2019-03-20,41.21318817138672,42.16992137053477,41.155947883541714,41.85918615126064,20632400
2019-03-21,40.7716178894043,41.00057904261819,40.207387734181815,40.86974365230143,24132800
2019-03-22,39.504150390625,40.452707772587836,39.25065545119908,40.27280793690739,27975800
2019-03-25,39.31606674194336,39.97841942209475,39.12798797764033,39.594089167139906,17227600
2019-03-26,40.0765495300293,40.10108330855235,39.585917630629886,39.675867540037466,16989600
2019-03-27,39.88029479980469,40.223736477797345,39.61862405865943,40.019306016317536,16912000
2019-03-28,40.1419677734375,40.24827249274028,39.53685220128491,39.84758739343686,15881600
2019-03-29,39.51232147216797,40.72254949495016,39.08710571507777,40.72254949495016,53590800
2019-04-01,39.91300964355469,39.9866047440893,39.38966497344095,39.602274428035024,42015500
2019-04-02,39.4223747253418,39.97025005758562,39.21794423647025,39.7167551284147,35393600
2019-04-03,39.95389175415039,39.96206760047193,39.31606968278115,39.63498071846577,30366300
2019-04-04,40.20738220214844,40.62442209596486,39.9702452343876,40.027485514815524,19260100
2019-04-05,39.88847351074219,40.403639184094345,39.741283318355855,40.280979650651894,23734900
2019-04-08,39.97024154663086,40.15013821736605,39.724925636093026,39.77398694658397,18875200
2019-04-09,39.3651237487793,39.823049042476484,39.26699801418735,39.80669423348435,22903500
2019-04-10,39.07892990112305,39.40601678575205,38.76001886288115,39.31606999804806,30977800
2019-04-11,39.03805160522461,39.46326432145554,38.74367117140164,39.22612730030884,33662700
2019-04-12,38.015892028808594,39.921182409948955,37.66427136665042,39.04622023742367,70271400
2019-04-15,38.24484634399414,38.481986398418066,37.33717470899016,37.50889552659608,34954000
2019-04-16,38.964439392089844,39.144336040950954,38.32661435901296,38.33479332267431,25217100
2019-04-17,38.8826789855957,39.217944867969116,38.36751327192278,39.217944867969116,25144000
2019-04-18,38.90721130371094,39.14434829499401,38.53105684155111,38.79272761213782,22416800
2019-04-22,38.64553451538086,38.84178913828278,38.514699139900046,38.76819404461474,15972600
2019-04-23,38.7191276550293,38.79272274498326,38.392040792514905,38.59647125134687,16434300
2019-04-24,38.82543182373047,38.9971526580996,38.457456379110035,38.481990154992204,17831800
2019-04-25,38.84996795654297,39.21794345303323,38.359336040797054,38.57194237245718,23042800
2019-04-26,39.21794128417969,39.23429609638164,38.76001901997089,38.85814477382114,13035500
2019-04-29,39.471439361572266,39.8966551548592,39.21794443114302,39.226123397581034,16918700
2019-04-30,39.58592987060547,39.70858944306245,39.34061384505401,39.53686541775018,18525100
2019-05-01,39.438724517822266,39.94571119225783,39.24247302033296,39.51231960922108,17542100
2019-05-02,39.4959716796875,39.65134085491297,39.12799615857699,39.53685715550826,16883000
2019-05-03,39.78217697143555,39.88030273905929,39.53685787333333,39.67587223688205,16571300
2019-05-06,39.602272033691406,39.84758798085447,39.15252561066554,39.242475519143014,19279900
2019-05-07,38.57194137573242,39.381487447091786,38.359335049566184,39.291537537011685,23919100
2019-05-08,38.432926177978516,38.686421069356506,38.2775601525695,38.481990610963,19814400
2019-05-09,38.58979034423828,38.66409686744314,37.797186380214555,37.97882524794103,23246900
2019-05-10,38.92831039428711,39.10994617434607,38.06965764476874,38.31734508995223,19983400
2019-05-13,38.25129318237305,38.796206773262654,38.1934964057559,38.21000932057274,23304700
2019-05-14,38.38339614868164,38.746670852577154,37.96232466395689,38.29257668532859,21267600
2019-05-15,37.84673309326172,38.26780138053983,37.557764969592064,37.99534617101077,20123300
2019-05-16,37.896278381347656,38.41642109379509,37.78068796239801,37.97058493305684,20764100
2019-05-17,37.73114776611328,38.1687289898258,37.49171522315053,37.516483020865124,22273500
2019-05-20,37.524742126464844,37.904529733362345,37.40089683531642,37.66509718355091,18854000
2019-05-21,38.25129318237305,38.27606097984006,37.58253430511543,37.66509572968313,18416300
2019-05-22,38.061397552490234,38.23478158930249,37.94581029429311,38.036629754167016,13155000
2019-05-23,37.615570068359375,37.863257556988835,37.211011422301326,37.83848975298108,17643700
2019-05-24,38.11918640136719,38.26779947170328,37.64032451324126,37.7806795521608,13425500
2019-05-28,37.64032745361328,38.18524103757422,37.63207257106806,38.03662795562884,19984600
2019-05-29,37.54950714111328,37.71463313389718,37.26053901587872,37.47520060183634,16058800
2019-05-30,37.194488525390625,37.85498936772341,37.05413347430836,37.722889199256855,13775900
2019-05-31,36.63307189941406,37.03763054602716,36.50922972968807,36.765172103498834,17540500
2019-06-03,36.75690460205078,37.24402452794662,36.49270428456656,36.52573011163114,20172500
2019-06-04,37.714630126953125,37.78067862909091,37.161458567658244,37.285303839751215,21082000
2019-06-05,37.863250732421875,37.896276564824426,37.40089852733638,37.87150561576415,13705400
2019-06-06,37.91278076171875,38.1357003734116,37.52473831130491,37.76417083677311,16020500
2019-06-07,37.6733512878418,38.11093247844428,37.60729963291208,37.89627089895521,14979900
2019-06-10,38.20174026489258,38.647579350989204,38.028359447915655,38.028359447915655,15242700
2019-06-11,38.19350814819336,38.358634197612545,37.788952634109656,37.846746278978756,15078300
2019-06-12,37.07890319824219,38.20175626330809,36.97157082156237,37.987091509948456,22470400
2019-06-13,37.392635345458984,37.6733485595486,37.0871511878065,37.23576425111959,15629400
2019-06-14,37.64032745361328,37.80545345016554,37.02110732867965,37.40915294814998,16147500
2019-06-17,37.37612533569336,37.99534543108354,37.26879297062784,37.632070775613826,13420400
2019-06-18,38.061397552490234,38.3008301013366,37.202747998947366,37.35961597085538,18611100
2019-06-19,37.68986511230469,38.5980533429198,37.67335219817325,38.3751337264198,17787600
2019-06-20,37.863250732421875,37.970583112971795,37.35136292824929,37.85499269956288,19205200
2019-06-21,38.71364212036133,38.71364212036133,37.805453853899785,37.84673456609959,39186200
2019-06-24,38.20174026489258,38.54850189884642,38.16871444751165,38.43291468752847,21854400
2019-06-25,38.094425201416016,38.416419193052114,37.50823085000071,38.08617031808648,20814000
2019-06-26,37.81370544433594,38.21000591608034,37.797192530990394,38.15221229412904,17106800
2019-06-27,38.21826934814453,38.416418037259085,38.0696562565503,38.1604757180264,13391600
2019-06-28,39.06865692138672,39.38239596313862,38.63933064044097,38.647588671535416,31030900
2019-07-01,39.37413024902344,39.72914992842491,39.13470093577687,39.53100131404738,15089100
2019-07-02,38.994354248046875,39.46496128248857,38.738408800563214,39.23378678122356,12107200
2019-07-03,39.3493766784668,39.45670905392309,38.78795015233375,39.052150499982645,10438400
2019-07-05,39.440185546875,39.786947228972885,39.35762099195951,39.71264070430681,10801600
2019-07-08,39.242034912109375,39.62182557679503,39.060399185015356,39.13470571185431,13189300
2019-07-09,39.4897346496582,39.539270246099605,38.97784372330898,39.05215026748764,12595000
2019-07-10,38.92831039428711,39.47322403349747,38.83749092949926,39.35763361952955,12784900
2019-07-11,38.9200439453125,39.283321725908664,38.85399544398705,38.97783756504079,19751400
2019-07-12,39.1016845703125,39.15122016112516,38.73840677359993,38.90353275851326,12792600
2019-07-15,38.565025329589844,39.1759905197711,38.342105725720316,39.13470981153959,21338400
2019-07-16,37.40089797973633,38.77969654194633,37.334849465415,38.573289816727566,37548300
2019-07-17,37.32659149169922,37.77243077476073,37.26879786050792,37.318336608464755,24502100
2019-07-18,37.83021926879883,37.995345256715,37.31007350919357,37.334844454566564,19409100
2019-07-19,38.00360107421875,38.31734014402998,37.863246028220985,37.94580744945304,21847900
2019-07-22,38.3751335144043,38.43292713878689,37.78893923880013,37.8880135735251,17972100
2019-07-23,38.969581604003906,39.29157551914701,38.523742421721465,38.540255333974436,21150200
2019-07-24,40.001625061035156,40.01813797744203,39.03563992309192,39.052152839498795,29357200
2019-07-25,39.70438766479492,40.24104627332719,39.638336017799496,40.059407393605646,20562000
2019-07-26,40.703399658203125,40.71165768973913,39.68787909589414,39.75393075011727,21641500
2019-07-29,39.86125946044922,40.92631874997229,39.7786980432294,40.76945079744816,19148600
2019-07-30,40.08418273925781,40.117208568978356,39.539269146934735,39.63834348657989,14207000
2019-07-31,39.96860122680664,40.43920834462609,39.7209137673517,39.844755922320715,23422800
2019-08-01,38.854000091552734,40.158488856549795,38.76318063554022,39.96859506194019,22668600
2019-08-02,39.16773986816406,39.30809808201602,38.284319317593166,38.89528462288881,20159000
2019-08-05,38.094425201416016,38.639338837150206,37.85499264114214,38.391651393546795,27113500
2019-08-06,38.74667739868164,38.82923884321466,37.83023087658587,38.4824769967553,19446100
2019-08-07,37.82196807861328,38.10268134061725,37.3431029818644,38.03662967919676,27830000
2019-08-08,38.74037551879883,38.94075498130715,38.030690027898665,38.14757857852421,20671300
2019-08-09,38.656890869140625,38.95746332133291,38.19768437161348,38.42311371075769,19786100
2019-08-12,37.930511474609375,38.33127370270313,37.84702053812216,37.99730358680413,17364400
2019-08-13,38.37301254272461,38.757075880186136,37.78856653334105,38.08079113052009,16649100
2019-08-14,36.71152114868164,37.654980710089916,36.686471323042504,37.58818860665974,28786700
2019-08-15,36.21891784667969,37.15402961024576,36.18552020173722,36.98704457050813,27900000
2019-08-16,37.062191009521484,37.18743059682232,36.42765162346897,36.51949356282624,21196600
2019-08-19,37.78022003173828,37.96390388865353,37.513045249847714,37.680030284772975,15378100
2019-08-20,37.3043098449707,37.60488223130029,37.262564387974756,37.60488223130029,13345800
2019-08-21,37.57148361206055,37.80526071312165,37.41284960562253,37.53808597334492,13513700
2019-08-22,38.08913803100586,38.264474059078495,37.62158378274401,37.847013088859306,14703900
2019-08-23,37.08723449707031,38.11419138160868,36.811711887418966,37.73847583665253,21152500
2019-08-26,37.55479431152344,37.57149313511382,37.1456842809715,37.32936497051576,15973100
2019-08-27,37.36275863647461,37.84701491407036,37.09558385744751,37.76352080501526,15038200
2019-08-28,37.963905334472656,38.222729122737974,37.14568213564972,37.2709185278822,14740000
2019-08-29,38.56504440307617,38.81552354046693,38.22272652494661,38.40641037637329,16196600
2019-08-30,38.882320404052734,39.15784621494121,38.74873300073633,38.857273761235575,15250600
2019-09-03,38.48155212402344,38.6902826078411,37.97224923391243,38.6652359689748,17224200
2019-09-04,38.823875427246094,38.99086047468084,38.64019155657039,38.85727307372802,17123100
2019-09-05,39.75899124145508,40.21819777945556,39.491816412619336,39.500167417568996,19243400
2019-09-06,39.3665771484375,39.88422794364679,39.324828496667024,39.72559389583385,18846100
2019-09-09,40.4185676574707,40.61059930565017,39.14948603104737,39.50850269046199,27651400
2019-09-10,40.335079193115234,40.852729892894445,40.134696530472816,40.134696530472816,25822400
2019-09-11,40.78594207763672,40.89448283914744,39.90092671678375,40.318387754159666,19190000
2019-09-12,40.618961334228516,40.97797809110057,40.259944577356464,40.51042056971544,24305900
2019-09-13,40.844383239746094,41.21175096288369,40.62730491832591,40.919526348117444,25142400
2019-09-16,40.89447784423828,40.91117666589069,40.41022475621656,40.460318036199226,17759700
2019-09-17,40.710792541503906,40.79428664679312,40.335080215113045,40.660699263304835,18346100
2019-09-18,40.85273742675781,41.08651458880737,40.43527638882649,40.602261440994006,20511700
2019-09-19,40.836036682128906,41.1700067707541,40.80263903627142,40.90283197384387,16887500
2019-09-20,40.60226058959961,41.161656839909554,40.58556176623552,40.96962514868488,30229400
2019-09-23,40.877769470214844,40.98631019310431,40.33507222571516,40.343420042103354,20603400
2019-09-24,40.618961334228516,41.09486667520309,40.46867510181812,40.89448397033088,21629300
2019-09-25,41.12826156616211,41.3620419217729,40.618961756559315,40.68575386889449,21313100
2019-09-26,40.802635192871094,41.220096171842485,40.76088973196886,41.119906428682214,19984000
2019-09-27,42.33889389038086,42.92333992785582,41.95483053445933,42.080070108552064,59467400
2019-09-30,42.11347579956055,42.455793783738095,41.79620764786708,42.38900166205677,26897100
2019-10-01,40.96126937866211,42.397332874501345,40.911172918293865,42.2887953211649,27249300
2019-10-02,40.468666076660156,40.94457131150027,40.38517197451098,40.67739655457159,23515900
2019-10-03,40.47701644897461,40.50206308871294,39.508507097739944,40.32673024059556,20212200
2019-10-04,41.086509704589844,41.11990734804815,40.518762505697,40.627303254449195,15779500
2019-10-07,40.75254440307617,41.15330658517163,40.702447935948726,40.86943297473218,15691900
2019-10-08,39.92597198486328,40.36847965005068,39.69219483117558,40.28498871944074,19734000
2019-10-09,40.20149230957031,40.426918428487674,40.14304802911405,40.21818794543689,13467800
2019-10-10,40.618961334228516,40.96962708653608,40.20984810489465,40.351786517715595,18267800
2019-10-11,41.086509704589844,41.67930354358913,41.03641642437697,41.29524019874237,23024600
2019-10-14,41.1366081237793,41.28689434150572,40.8944799746673,40.986321906052865,16870500
2019-10-15,41.83794021606445,42.78975074748577,40.72749247275656,41.14495345565886,38478400
2019-10-16,41.403785705566406,41.97988078904067,41.28689712500423,41.77950127521264,23728400
2019-10-17,41.42048263549805,41.888036936370476,41.31194187923489,41.72940289642801,20560100
2019-10-18,41.72104263305664,41.92977307939377,41.17834219859057,41.1950410164944,21199500
2019-10-21,42.13016891479492,42.16356656359575,41.89639174313929,41.97988268016628,19409100
2019-10-22,42.26374435424805,42.597714377712556,41.938125333105944,42.11345816218643,18526900
2019-10-23,42.522579193115234,42.55597683867024,42.22200675306974,42.34724633141362,14173700
2019-10-24,42.66450881958008,42.74800292252863,42.297144321529544,42.297144321529544,16695400
2019-10-25,43.05693435668945,43.190521771230294,42.581028993326754,42.647824293084774,17433300
2019-10-28,43.123714447021484,43.45768127309828,43.056919170821686,43.36583936081059,23914800
2019-10-29,43.55788040161133,43.716517624330535,42.99848417511136,42.99848417511136,21063000
2019-10-30,43.44099807739258,43.64972861312477,43.098680126190786,43.31576166693839,16155900
2019-10-31,43.107017517089844,43.44098435780237,42.70625539725029,43.22390607058794,18814700
2019-11-01,43.56623458862305,43.65807652743945,43.340805243794144,43.52448912142695,16359300
2019-11-04,44.01708984375,44.08388194905715,43.61632765698286,43.90020127073143,17559900
2019-11-05,44.5013427734375,44.66832781347347,44.033788483306466,44.033788483306466,25965300
2019-11-06,44.91880798339844,44.952205631525075,44.392806172816435,44.492999117196355,22051100
2019-11-07,45.51728057861328,45.8544469061189,45.33183877693955,45.33183877693955,23452500
2019-11-08,45.60155487060547,45.71113437167939,45.14638466509705,45.373971375578904,14722100
2019-11-11,45.559410095214844,45.63527233237048,45.289678410984884,45.340254307573744,10659400
2019-11-12,45.70271301269531,45.719571647160755,45.19696362509929,45.306543141396794,15187600
2019-11-13,44.9188117980957,45.4329889822271,44.851377248819844,45.357126722019906,16846800
2019-11-14,45.08738708496094,45.14639069754896,44.75864853781319,44.85980034406899,16491400
2019-11-15,45.348690032958984,45.466697263739704,45.036813320830525,45.33183139778233,15225300
2019-11-18,45.51728057861328,45.61000147945015,45.222262453638166,45.38241469070231,14374600
2019-11-19,45.542572021484375,45.7954484031248,45.4077061184893,45.601575653078676,14434100
2019-11-20,45.1295280456543,45.39925974074626,44.88508269214738,45.28968023478532,14994700
2019-11-21,45.14639663696289,45.45827337530913,44.960954849886456,45.382411118364786,16186100
2019-11-22,45.75328826904297,45.81229188525637,45.35712159096098,45.4329838425862,13823400
2019-11-25,45.69428253173828,45.9640142548948,45.550988960573285,45.9640142548948,15561000
2019-11-26,45.35710906982422,45.61840980793375,45.2896745467927,45.60998210028233,18078900
2019-11-27,45.80386734008789,45.85444324981788,45.52570465975718,45.64371511579382,16352900
2019-11-29,45.90501403808594,46.14945943511379,45.57627867713069,45.57627867713069,10508600
2019-12-02,45.19696807861328,45.88815608252435,45.13796445989815,45.778579770885415,20252700
2019-12-03,44.32034683227539,44.716513574744894,43.97474957334837,44.68279629844132,25560700
2019-12-04,44.87665939331055,45.07895657678084,44.28662004651998,44.33719273465967,18867400
2019-12-05,44.868228912353516,45.121102001921805,44.758649394540136,45.019953409185646,13499700
2019-12-06,45.82914352416992,45.86286078984612,45.25596286949633,45.399259640892446,18325700
2019-12-09,45.44984436035156,45.980880181290885,45.441416649428334,45.660572503451384,15070800
2019-12-10,45.2559700012207,45.40769450521787,44.99466918969132,45.08739007718469,15959100
2019-12-11,44.817649841308594,45.500410028807316,44.73335988922727,45.298112857629924,16834200
2019-12-12,45.82072067260742,45.9808728783628,44.75864919941265,44.986235943668675,19119500
2019-12-13,45.340267181396484,45.87129977681091,45.03681814661326,45.559423031264245,19179300
2019-12-16,45.70271301269531,45.98930336769633,45.70271301269531,45.719571647160755,19793500
2019-12-17,45.80386734008789,45.9471609278053,45.508849238636664,45.60999784264049,16723400
2019-12-18,45.23910140991211,45.90500289585895,45.20538736179795,45.90500289585895,18857000
2019-12-19,45.20539474487305,45.37397787479823,45.028380689950936,45.298115627104686,18133300
2019-12-20,44.9525146484375,45.55940931989931,44.733355649070674,45.55940931989931,66318000
2019-12-23,45.35710906982422,45.51726123884151,44.88507705496872,44.960939285651655,17637700
2019-12-24,45.36554718017578,45.55098894558077,45.298115857136736,45.47512669750198,4635500
2019-12-26,45.64370346069336,45.84600061704452,45.475120353430505,45.55941029933427,12517100
2019-12-27,45.44984436035156,45.787010675493796,45.407699374822855,45.76172432726783,9892000
2019-12-30,45.180110931396484,45.73643308008425,45.095820963441675,45.66057082274246,10900500
2019-12-31,45.348690032958984,45.365548668135645,45.06209966586757,45.12110328125793,12566000
2020-01-02,45.30653762817383,45.55098297499326,45.104237254661626,45.39082757478829,16803100
2020-01-03,45.02838134765625,45.19696448004384,44.590069705086655,44.767080547138505,15608800
2020-01-06,44.75864791870117,44.84294108941504,44.43834351635552,44.455202150498295,13200300
2020-01-07,44.38776779174805,44.716503120209865,44.22761558993364,44.716503120209865,13278600
2020-01-08,44.52263641357422,44.952523573981765,44.505777778317466,44.53949504883098,16585600
2020-01-09,44.446773529052734,44.84294341329932,44.23604541453108,44.84294341329932,20817400
2020-01-10,44.252899169921875,44.59006540216062,44.236040536764385,44.49734452752219,13777600
2020-01-13,43.924171447753906,44.25290681245921,43.68815697370006,44.25290681245921,25197600
2020-01-14,41.55558776855469,42.769383889585995,41.51344278445358,42.339496691568684,56668300
2020-01-15,40.72953414916992,41.16784906092143,40.44294375361918,41.159421350224136,47148000
2020-01-16,41.513450622558594,41.57245425453178,40.32494383995234,40.847548815482035,37020200
2020-01-17,41.45443344116211,41.65673062310434,40.906539077111745,41.61458564482102,29669200
2020-01-21,41.252140045166016,42.044479919375284,41.13413279976198,41.37857821693107,30858300
2020-01-22,40.93183898925781,41.37858165987509,40.70425219041791,41.328005743869596,20367700
2020-01-23,40.64523696899414,40.83910643519693,40.4429365781337,40.788530533617916,17297900
2020-01-24,40.097347259521484,40.63681074359225,39.76861189988186,40.61995210778304,21239600
2020-01-27,39.701175689697266,39.97090742040733,39.39772990424035,39.524164844316765,18156200
2020-01-28,39.92875671386719,40.28278156931041,39.852894474519026,40.04676392719646,16673300
2020-01-29,39.844486236572266,40.37552217150889,39.83605530838289,39.97092122030015,16166300
2020-01-30,40.38394546508789,40.41766274324182,39.65061235025139,39.76018868106672,14760200
2020-01-31,39.56629943847656,39.99618648207941,39.406147270236204,39.97089692833776,23080400
2020-02-03,39.71803665161133,40.22378608791305,39.64217439693887,39.819188468145306,15471100
2020-02-04,39.83604049682617,40.32493125541091,39.8276127872273,40.20692402829205,14973300
2020-02-05,40.721092224121094,40.79695445574054,40.27434654215987,40.375498327955846,20141800
2020-02-06,40.874446868896484,41.31743835046065,40.76369818606462,41.26632282382364,18259200
2020-02-07,40.75517654418945,40.891481352039065,40.448489914087084,40.66146637946229,13174600
2020-02-10,40.69554901123047,40.77222067933935,40.397379968689975,40.610356463463155,18124800
2020-02-11,40.88296127319336,41.18112700694431,40.84036338286085,40.959632926124,13686100
2020-02-12,40.71257781982422,41.30891251304766,40.68701843670259,41.07889756352879,16668100
2020-02-13,40.99370574951172,41.044821266881954,40.5081197086639,40.567752854047825,12530000
2020-02-14,41.07890701293945,41.16409631024069,40.67851016614422,41.010752975287765,15526400
2020-02-18,40.031063079833984,40.99371448898136,39.63918386264263,40.865930542957486,22423800
2020-02-19,40.116249084472656,40.337743189258674,40.02253891522211,40.252553898901695,15602500
2020-02-20,40.3292121887207,40.38884532215146,39.76695460940062,40.039564147873264,15965500
2020-02-21,40.63591003417969,40.763693962888674,40.124764570054914,40.448489705690974,21729100
2020-02-24,39.51991271972656,39.996981176000915,39.409164046887994,39.68177691458976,23075900
2020-02-25,38.437992095947266,39.758445549698465,38.30168728620062,39.43472365765206,31110100
2020-02-26,37.60311508178711,38.88949444036351,37.59459745513472,38.744668789175506,27372600
2020-02-27,36.180450439453125,37.7564753083522,36.146373418022186,36.90456927116056,41180000
2020-02-28,34.80035400390625,35.66929839411986,33.8632588329622,35.192233179717675,71703000
2020-03-02,36.00153732299805,36.01857582880152,33.616201756478695,34.911098949677815,44231200
2020-03-03,34.52774429321289,36.54676356962098,34.10179135300641,35.83116250008357,45091000
2020-03-04,35.26890563964844,35.29446177678202,34.04215906102637,34.936659608096214,33881500
2020-03-05,33.13914489746094,34.08475783329678,32.85801435589853,34.076240203141936,45037900
2020-03-06,31.597190856933594,32.09981548217611,30.949743784470904,31.520519193769033,56766500
2020-03-09,27.669902801513672,29.37371457438838,27.448408700935705,28.726267530591734,53277200
2020-03-10,29.88485336303711,29.884853363037106,27.499514815427265,29.501495150045358,40078700
2020-03-11,27.542118072509766,29.194814274524877,27.26950520694561,29.007393945000445,44769500
2020-03-12,23.171838760375977,26.28981390553803,23.103686360340575,25.39531182708182,68447600
2020-03-13,26.31537437438965,27.05653326862168,23.657428710338994,25.684964164007358,78365700
2020-03-16,22.575502395629883,24.901204705283646,22.40512059552168,22.439197605495828,57466700
2020-03-17,25.241968154907227,26.085356327332576,22.055840655891714,23.538156553837027,58112800
2020-03-18,23.955595016479492,24.611561335345428,22.916268761481717,23.597794467606445,51904100
2020-03-19,24.100419998168945,24.798982614078486,22.396608105752843,23.563718342124155,53123500
2020-03-20,22.575502395629883,24.492290334881478,22.302892815361773,24.432657192307985,73915800
2020-03-23,21.510622024536133,22.89071017234528,21.391355729312636,22.371047100503347,47064100
2020-03-24,24.63711929321289,24.850095773401492,22.43068282846843,22.96738284359581,48630300
2020-03-25,24.67971420288086,25.81274902458994,23.65742806198636,24.70527196573383,53341100
2020-03-26,26.323894500732422,26.741328236639735,24.773425874539065,24.986402369892694,45494700
2020-03-27,25.79570960998535,26.656134709702908,24.773421944509863,25.574213894969613,38942800
2020-03-30,25.48902130126953,25.966088088692914,24.611557752630347,25.863860303828577,41232800
2020-03-31,24.44969940185547,25.344199925752967,23.98966944678943,25.054551796610983,36920300
2020-04-01,22.635143280029297,23.316669088680946,22.319938954366435,23.018501648950963,48497400
2020-04-02,23.188879013061523,23.452971023365194,22.47327789621075,22.549949560507734,33113500
2020-04-03,22.345495223999023,23.308149967092852,22.072885548925957,23.001463270194733,32735800
2020-04-06,24.390066146850586,24.560447983403293,23.34222223923181,23.350741493547606,36056100
2020-04-07,24.509328842163086,26.221659596373904,24.45821332719708,26.1961018388909,39229900
2020-04-08,25.79570960998535,25.9660898043103,24.43265993097852,24.9949176595256,42213700
2020-04-09,28.283275604248047,28.88812799350823,26.494272947825348,26.511311455239255,62462000
2020-04-13,26.77539825439453,28.31734884746809,26.758359749249994,28.300310342323552,36068900
2020-04-14,25.71051788330078,27.686939123853286,25.182335560451765,27.354696374329095,64267100
2020-04-15,24.228200912475586,24.798977851821434,24.040780600376713,24.509329755742566,41883900
2020-04-16,22.907751083374023,24.09190149021389,22.711813099646584,24.09190149021389,52962100
2020-04-17,24.177087783813477,24.517851430424255,23.682982446085635,23.981149824429323,46985000
2020-04-20,23.580753326416016,24.6115585873106,22.933304709085935,23.282585964833803,45441600
2020-04-21,22.86515235900879,23.214433615527128,22.575504249962158,22.916266253287194,41918700
2020-04-22,22.831079483032227,23.495566728576513,22.745890185426447,23.42741431556287,28043300
2020-04-23,22.60106086730957,23.180355431244525,22.50735071180067,22.95886135893837,38331500
2020-04-24,22.933305740356445,23.248511622461933,22.46475816885849,22.83107632254666,35135900
2020-04-27,24.202646255493164,24.34747032209111,23.137763890767552,23.316664972979854,39606100
2020-04-28,24.59452247619629,25.48902296407921,24.355988254482835,25.216413353481805,35188000
2020-04-29,25.557178497314453,25.94905445433008,25.259011089869453,25.64236941728183,38515200
2020-04-30,24.747861862182617,25.224930261246747,24.364505242259046,24.977876809065542,29506100
2020-05-01,23.50407600402832,24.304867735602308,23.239985718837275,24.279309982242786,35197600
2020-05-04,23.29962730407715,23.384818221298808,22.660697862237086,22.96738288940083,34343900
2020-05-05,22.42215919494629,23.68297932143726,22.362526052121634,23.444446750138646,56753400
2020-05-06,21.81730842590332,22.703289627906774,21.638407359947905,22.541427068210236,57732900
2020-05-07,21.930307388305664,22.686525627649363,21.852077858101243,22.243225509123338,52387000
2020-05-08,22.104148864746094,22.408374599778828,21.93030511389971,22.28668331102761,53725300
2020-05-11,21.539161682128906,21.930307680464864,21.382702619635694,21.826002744067438,51444200
2020-05-12,20.89594078063965,21.96507541524706,20.86117136590594,21.695617424751642,53560500
2020-05-13,19.583425521850586,20.8177115798891,19.12274071682951,20.8177115798891,90209900
2020-05-14,20.913326263427734,21.374011114869568,19.140127353115982,19.23573993896456,87965500
2020-05-15,20.304880142211914,20.713410941665572,20.06149913906439,20.591721269040534,51616700
2020-05-18,22.086767196655273,22.243226262362402,21.15670681483746,21.33924128623104,55684400
2020-05-19,20.81770896911621,21.860766428121327,20.791631910929794,21.730384452982783,48234300
2020-05-20,21.313161849975586,21.504388639733786,21.17408751962475,21.287084791323505,45297100
2020-05-21,21.261011123657227,21.600006308614496,21.139321479665778,21.200166301661504,28376500
2020-05-22,21.008941650390625,21.287090384171503,20.791637744887165,21.2436302662297,30415300
2020-05-26,22.825597763061523,23.04290162410602,21.76515551800726,21.773846213499777,57720300
2020-05-27,24.294574737548828,24.564031087758437,23.32974496828929,24.164191081672744,61963000
2020-05-28,23.660043716430664,24.659642800289117,23.573123498614176,24.61618103348399,51490200
2020-05-29,23.008134841918945,23.529664499650877,22.6778336648304,23.03421190506952,51336900
2020-06-01,23.547048568725586,23.981656328712553,22.921213991187287,23.129825517033385,34201700
2020-06-02,23.816505432128906,24.32934273266534,23.6078939017594,23.972964494380303,39058000
2020-06-03,25.059478759765625,25.372396819858633,24.633563432359438,24.677023537196032,50814000
2020-06-04,26.26769256591797,26.293769628508183,24.89433210287706,25.624473276432685,61839200
2020-06-05,27.528053283691406,29.457710979951575,27.34551717764284,29.457710979951575,107651200
2020-06-08,28.962255477905273,29.057869697860454,28.049580014703604,28.597186618941986,69051300
2020-06-09,28.362497329711914,28.753644893899715,27.388975424342657,28.197344293836306,51480400
2020-06-10,25.824390411376953,28.10173729429811,25.77223794820909,28.07565857586881,82090000
2020-06-11,23.286285400390625,24.711798373094016,23.20805586819133,23.642663643566472,75621300
2020-06-12,24.311962127685547,24.537958404873393,23.77304933107382,24.338039195094765,51301200
2020-06-15,24.52056884765625,24.67702790539834,23.08636358151544,23.3471292303846,48311400
2020-06-16,24.790027618408203,25.772240449914545,24.138115962889806,25.581013627805426,52985600
2020-06-17,23.859962463378906,24.81609803980258,23.773040595186735,24.772637934654863,38660800
2020-06-18,23.946887969970703,24.27719081057418,23.40797525220287,23.55574196344188,33670200
2020-06-19,23.990345001220703,24.38149093044418,23.47750779050605,24.33803082427383,71903000
2020-06-22,23.77304458618164,24.016423868501906,23.373204588531607,23.70350741153342,32808300
2020-06-23,23.668739318847656,24.590109006832055,23.633971558527797,24.14680887194834,47279100
2020-06-24,22.70391273498535,23.49489881694066,22.59091377590761,23.43405233087721,57380900
2020-06-25,23.79043197631836,23.825199738613485,22.503991613454644,22.564836440894016,45102200
2020-06-26,22.025920867919922,22.947288832256728,21.94769134041145,22.68652484582648,81172300
2020-06-29,22.338842391967773,22.512684523523657,21.95638704990923,22.243228141978825,43769200
2020-06-30,22.251914978027344,22.48660353820934,21.878152083936794,21.912919838465516,46610000
2020-07-01,21.80862045288086,22.564837128229488,21.66954608366968,22.364917929725575,37509300
2020-07-02,22.025920867919922,22.747369665467073,21.81730934719632,22.382299089726526,37013300
2020-07-06,22.156307220458984,22.616992122217106,21.713007029989242,22.443148325127957,46983100
2020-07-07,21.261011123657227,21.921615127133915,21.156706188206574,21.904232076490178,36920500
2020-07-08,21.339235305786133,21.53915608810356,20.922012352761023,21.243622748569948,38413400
2020-07-09,20.89594078063965,21.53916003214078,20.609098082777376,21.295779102695644,38118900
2020-07-10,22.138917922973633,22.191072046034762,20.99155374198046,21.017630803511025,56483300
2020-07-13,22.086767196655273,22.634373926630225,21.678236481228854,22.443145442811687,51038800
2020-07-14,21.078474044799805,21.200163673706708,20.27879578791833,20.791633021021497,118952600
2020-07-15,22.03461265563965,22.208454756160336,21.591312563781926,21.713002199936103,61714300
2020-07-16,22.130224227905273,22.67783088158001,21.5739268788107,21.65215640076423,48676800
2020-07-17,21.68692970275879,22.286687268083803,21.608700166777755,22.156305260747807,39184100
2020-07-20,21.35662078857422,21.62607708165617,21.20885411342024,21.48700275891086,38682200
2020-07-21,22.773447036743164,22.842984211262657,21.478314467234984,21.51308388344324,58395200
2020-07-22,22.825597763061523,22.90382728566929,22.44314250341208,22.712598826896127,41030500
2020-07-23,22.90382957458496,23.04290392692021,22.338839810985867,22.73867815947545,50791000
2020-07-24,22.825597763061523,23.338435007758285,22.773445300621972,23.008132210548393,39357000
2020-07-27,22.156307220458984,22.616992122217106,21.9476956586904,22.616992122217106,34761000
2020-07-28,22.191070556640625,22.338837246268902,22.017226807231992,22.017226807231992,30505200
2020-07-29,22.408374786376953,22.44314254209762,21.730386141906585,22.121533755619662,31442100
2020-07-30,21.42616081237793,21.93899806772509,21.29577882462289,21.895537957772387,51019200
2020-07-31,21.087173461914062,21.43485941661597,20.93071436782385,21.295785034735207,45537900
2020-08-03,21.113245010375977,21.295779467161097,20.774249842508368,21.07847559504721,27863700
2020-08-04,21.052398681640625,21.11324515889399,20.88724893135817,21.035015631750934,28106900
2020-08-05,21.208858489990234,21.5130842554856,21.156706022672957,21.208858489990234,32935400
2020-08-06,21.156490325927734,21.383416579187507,21.05175615655837,21.121579491044482,44670300
2020-08-07,21.880910873413086,22.01182943440471,20.947023029694382,21.060485338628506,46272400
2020-08-10,21.55797576904297,22.238752864774685,21.139034096993132,22.01182661129091,50602600
2020-08-11,22.099105834960938,22.814795418648426,21.994371667197665,22.072923125379912,55000100
2020-08-12,21.985645294189453,22.814797236471737,21.575431721059747,22.675150558514307,42868500
2020-08-13,21.837270736694336,22.020556379307678,21.540521126512964,21.77617552248989,27387800
2020-08-14,22.081647872924805,22.247478901195436,21.505605000742033,21.636525197372215,26743400
2020-08-17,21.35723304748535,21.942004121158142,21.331050336469346,21.845998072899995,36661700
2020-08-18,20.981929779052734,21.33977452448562,20.955745408148122,21.313590153581007,29680700
2020-08-19,21.008115768432617,21.287409109519608,20.807373887616297,20.955748683158713,33667800
2020-08-20,20.728818893432617,20.894649910701496,20.597900370207437,20.720090769921693,36022100
2020-08-21,20.632816314697266,20.868470713756235,20.52808213603978,20.632816314697266,27198000
2020-08-24,21.374691009521484,21.39214726140972,20.606634238356985,20.772463637135804,36906700
2020-08-25,21.47942543029785,21.723806281631592,21.208858538150213,21.59288773059999,35077300
2020-08-26,20.981929779052734,21.45323680230021,20.981929779052734,21.392141601575478,28348200
2020-08-27,21.461963653564453,21.627794663356994,20.92083167331897,20.93828791955382,36706600
2020-08-28,21.549243927001953,21.619067249512835,21.252494390150883,21.601611002705283,25797300
2020-08-31,21.077939987182617,21.392145841435177,21.025572899713755,21.374689590705657,27615500
2020-09-01,20.99066162109375,21.243772277257992,20.72009637790285,20.964478908193858,30508800
2020-09-02,21.44451141357422,21.523062871586692,20.885924747458485,20.95574808072295,40334000
2020-09-03,21.4008731842041,22.13401904083697,21.20885776264048,21.645254026601968,42349300
2020-09-04,21.636524200439453,21.985640824355183,21.16521550961368,21.819809803725445,48745000
2020-09-08,20.92083740234375,21.427057028744233,20.72009550982901,21.191404298918975,49082900
2020-09-09,20.807369232177734,21.008111068080098,20.68517883897095,20.9557439945228,49427900
2020-09-10,20.903377532958984,21.53178742820247,20.824826087963636,20.973200854652706,54211700
2020-09-11,21.182676315307617,21.226315278418024,20.69391127192845,20.87719857937557,34861100
2020-09-14,21.653982162475586,21.79362883383552,21.14776256261591,21.278681108925895,49787100
2020-09-15,21.715078353881836,21.85472669626872,21.43578499854749,21.784901692715422,41954800
2020-09-16,22.439498901367188,22.69260957647808,21.601618731455098,21.706354585054065,51768200
2020-09-17,21.91581916809082,22.195112488486867,21.732531886131227,22.020553330879586,51531300
2020-09-18,21.933277130126953,22.16893152977521,21.732535233264993,21.767447736051295,115153200
2020-09-21,20.981929779052734,21.400869725210352,20.702634816894957,21.33977452448562,56188400
2020-09-22,20.641542434692383,21.261225979628676,20.53680826621162,20.92956389509387,39839500
2020-09-23,19.925853729248047,21.060483371489305,19.925853729248047,20.75500731261489,45697700
2020-09-24,20.3535213470459,20.702638022908168,19.69019883054778,20.03931550641005,43329100
2020-09-25,20.632816314697266,20.693911529700756,20.08295771494609,20.178965432648578,30229900
2020-09-28,20.789918899536133,21.182676224729274,20.737551811083623,20.938293704084685,41103500
2020-09-29,20.3011531829834,20.702636922709072,20.135322146491713,20.702636922709072,38416300
2020-09-30,20.51935386657715,20.833559729787332,20.292427594783096,20.388435311812817,43071500
2020-10-01,20.5629940032959,20.78119216192724,20.213877282429724,20.571722129407533,38879800
2020-10-02,20.938289642333984,21.02556921597024,20.14404868521094,20.205143887340498,26238600
2020-10-05,21.339778900146484,21.470697452075296,21.139035344821288,21.139035344821288,22607500
2020-10-06,21.104122161865234,21.819811719923603,20.981931748943907,21.540518396263707,30991300
2020-10-07,21.653982162475586,21.758717998355355,21.287409233975847,21.313593609125697,34647300
2020-10-08,22.081647872924805,22.107832245194732,21.53178937301196,21.71507498474309,26483400
2020-10-09,22.081647872924805,22.26493514937539,21.82853893319332,22.16019932501513,28211300
2020-10-12,22.41330909729004,22.46567617516612,21.950728526013037,21.9943691448426,25855600
2020-10-13,21.5928897857666,22.25621239414273,21.557978945704622,22.186389049298917,29939600
2020-10-14,20.29242515563965,21.322320548173476,20.274968906510708,21.182673884581046,75388100
2020-10-15,20.030588150024414,20.152778564929807,19.85602898754281,20.126594191141702,60328600
2020-10-16,19.952035903930664,20.274968177608642,19.73383779182195,20.082954438251992,43141200
2020-10-19,19.672744750976562,19.99567706018018,19.64656037534397,19.978220809758454,37423600
2020-10-20,19.908395767211914,20.187689091153445,19.8036616030936,19.83857243622653,34751200
2020-10-21,19.812389373779297,20.03058748730233,19.725109795426185,19.917123536027436,29528300
2020-10-22,20.29242515563965,20.353520362871393,19.73383850126993,19.777477459372736,32238300
2020-10-23,20.3186092376709,20.589174436407475,20.178962576083016,20.580446311968295,24558300
2020-10-26,19.812389373779297,20.091682692733663,19.725109795426185,20.048042071197358,34034100
2020-10-27,19.04433250427246,19.733839393566836,19.04433250427246,19.733839393566836,49636500
2020-10-28,18.485746383666992,18.747583481480426,18.154084284068997,18.529385345062675,54835900
2020-10-29,18.45083236694336,18.660302360928995,18.119171959312652,18.372280911108803,46184000
2020-10-30,18.72140121459961,18.73012767531,18.18899721640146,18.41592348342494,34592400
2020-11-02,19.114152908325195,19.183976232572107,18.494471113723776,18.939595430067598,38401200
2020-11-03,19.279987335205078,19.637832143305516,19.1927077482909,19.472001094640543,38427000
2020-11-04,19.096698760986328,19.69019791470685,18.47701689824373,18.983236470878367,47203200
2020-11-05,19.578941345214844,19.789373116716956,19.166846001735255,19.193148927946105,38319700
2020-11-06,19.210683822631836,19.789371567037133,19.14930810312869,19.727995847533986,29502900
2020-11-09,21.236093521118164,21.806014808639546,20.429437525515326,21.069502739942905,102118900
2020-11-10,21.209789276123047,21.367613519948137,20.920445386564726,21.358845320584184,49029100
2020-11-11,21.209789276123047,21.516669564409273,21.051965032297957,21.244860401215828,38309200
2020-11-12,20.876602172851562,21.174714230117218,20.65740222911875,20.964282484817257,34505900
2020-11-13,21.104572296142578,21.20102081559493,20.80646021089259,20.964284452773526,30056100
2020-11-16,21.83231544494629,21.94630035943438,21.38514733070837,21.911227563480214,36954800
2020-11-17,21.95507049560547,22.051517348263406,21.499134142149945,21.50790234191214,29490400
2020-11-18,21.97260284423828,22.752955814969607,21.97260284423828,22.05151496119272,44318300
2020-11-19,22.937082290649414,22.989689809599824,21.89369007601618,22.086587099439143,44560000
2020-11-20,22.34085464477539,22.99845438121993,22.32331825043651,22.83186365208839,38469100
2020-11-23,23.059831619262695,23.18258471541798,22.68280915013372,22.752953059781287,40691400
2020-11-24,25.085247039794922,25.19046209699949,23.971710704806956,24.076925762011523,80523400
2020-11-25,25.067707061767578,25.155387378499626,24.550395032647753,24.83973890720944,38875500
2020-11-27,24.953720092773438,25.102776117230714,24.708217232982253,25.067704996844604,20281400
2020-11-30,23.980480194091797,25.041407385146794,23.919104462029214,24.92742412165389,48211000
2020-12-01,24.60300064086914,25.14661722445151,24.585465916776403,24.681912752556304,41924200
2020-12-02,25.313213348388672,25.418428397785203,24.418877066702873,24.541628515119843,35508000
2020-12-03,25.567480087280273,25.856823932352594,25.24306512250728,25.374584748019647,41264600
2020-12-04,25.90943145751953,26.277687412505927,25.725304316207723,25.865592139787037,47168800
2020-12-07,25.72530746459961,25.979578548820044,25.488571106200496,25.79545138497383,31713000
2020-12-08,25.374589920043945,25.690236751138396,24.901117164857595,25.453502045908333,32209500
2020-12-09,25.47102928161621,25.63762168414992,25.08523863792911,25.63762168414992,35276000
2020-12-10,25.856822967529297,25.918198678987373,25.023864255456854,25.18168679676503,31730200
2020-12-11,25.49734115600586,25.76914865813962,25.137853328949337,25.444733629997444,29779100
2020-12-14,25.111543655395508,26.111096481751236,24.99756042668304,25.900664747877073,28378000
2020-12-15,26.06725311279297,26.102325901418926,25.339509472430397,25.54117298994184,38866200
2020-12-16,25.997114181518555,26.225082334112987,25.84805814606692,25.988345982684585,35204800
2020-12-17,25.83928680419922,26.2163109463849,25.812983883259665,26.128630641073368,42870500
2020-12-18,25.435964584350586,25.970813043465288,25.251835740900013,25.839291724273576,53716400
2020-12-21,25.90943145751953,26.20754350071627,25.28690444943167,25.92696785355764,52731600
2020-12-22,25.392122268676758,26.058490340018885,25.38335574205802,25.997114619509986,25655900
2020-12-23,26.61087417602539,26.73362561246127,25.663930462067285,25.67269866072169,38383700
2020-12-24,26.163705825805664,26.637176842024456,26.005881596278442,26.558266399623722,14443700
2020-12-28,26.24262046813965,26.72485972937515,26.225084069311404,26.37414011462542,21658500
2020-12-29,26.111099243164062,26.45305063782774,26.084794646511877,26.435514240059618,19584400
2020-12-30,26.084793090820312,26.33906582620449,25.99711277957188,26.128632410263112,18519300
2020-12-31,26.461814880371094,26.514422393447102,26.014646838318303,26.084790746540545,21081200
2021-01-04,26.04095458984375,26.689786237694374,25.777913647831078,26.58456952641673,31421600
2021-01-05,26.768695831298828,27.136951777534453,26.146167165641177,26.38290348944181,37360000
2021-01-06,28.66259002685547,28.934399223664148,27.87347205486415,27.96991891506936,73507500
2021-01-07,29.311412811279297,29.986548948771066,29.21496431381972,29.442934097765125,50634100
2021-01-08,29.100988388061523,29.504318896681852,28.645052024418842,29.469246096849425,32324700
2021-01-11,29.144826889038086,29.425402558089228,28.338169331971702,28.61874500102284,33739300
2021-01-12,29.758583068847656,30.267128542268562,29.51308020290691,29.811192259288827,59146400
2021-01-13,29.635833740234375,30.039160861412064,29.486779373822333,29.65337013829331,35734800
2021-01-14,30.468793869018555,30.77567246937731,29.819960527898193,29.872569721413647,55856900
2021-01-15,28.092666625976562,29.372793541779625,27.89976959807649,29.004539228216753,91993100
2021-01-19,28.60997200012207,28.969459703785585,28.303090132047085,28.417075017030655,43806800
2021-01-20,28.460918426513672,28.785336734741367,28.32063060353499,28.741494072471035,29949800
2021-01-21,28.05759620666504,28.43462042327019,27.9874522830429,28.3381719011536,28240600
2021-01-22,27.96991539001465,28.110204907144055,27.312315490536108,27.47890793333232,24476100
2021-01-25,28.26802635192871,28.364471518067152,27.724409753007333,27.952376223910672,28515500
2021-01-26,27.513978958129883,28.52229846585183,27.496444231870218,28.487229013332506,28026500
2021-01-27,26.453054428100586,27.207102916542755,26.23385444168025,27.110654387361592,45074900
2021-01-28,27.014205932617188,27.224637719476966,26.575805958568523,26.76870301746237,28770200
2021-01-29,26.198776245117188,27.347385141489294,26.146168727473245,26.97912917325603,39500800
2021-02-01,26.29522705078125,26.49689061299656,26.023419568127444,26.426746692558062,23713400
2021-02-02,26.961597442626953,27.347389874295324,26.637180737558822,26.70732466401097,25302900
2021-02-03,27.7945556640625,27.855931385432633,26.838843702365644,26.935290547791716,28507800
2021-02-04,28.726905822753906,28.894023786055243,27.97047114251805,28.032042772721862,30825400
2021-02-05,28.638944625854492,29.193074100488907,28.594963220141455,29.02595616683395,24908100
2021-02-08,29.377792358398438,29.527318426674626,27.06451027002517,28.832453702152844,29223800
2021-02-09,29.254648208618164,29.386585733927728,28.94679845664338,29.21067015195186,23539800
2021-02-10,29.201873779296875,29.632863401016873,29.1051200484139,29.448153563136874,22687000
2021-02-11,28.779682159423828,29.325017475228638,28.471829034379027,29.201877567335053,22393200
2021-02-12,29.492137908935547,29.571299764246625,28.7181146073507,28.7181146073507,34473100
2021-02-16,30.600399017333984,30.723538915945294,29.905534326243778,29.967104275549435,36468200
2021-02-17,32.18363571166992,32.94007042716448,29.9319234603502,30.20459280242479,80157700
2021-02-18,32.50906753540039,32.86089862147105,31.823000608403504,32.051688465632495,43334700
2021-02-19,33.274314880371094,33.291903422949375,32.5706523860279,32.658611875476524,39023000
2021-02-22,32.7729377746582,33.35345669320095,32.63220601729359,33.13356311261188,34690000
2021-02-23,32.667396545410156,33.22152942247985,32.192425507921854,33.06320574331708,36792500
2021-02-24,33.67890167236328,33.7228797175028,32.66738985760547,32.75534930319428,42764300
2021-02-25,33.03683090209961,34.02195374476065,32.80813957369783,34.02195374476065,37233100
2021-02-26,31.814208984375,32.90488287259181,31.603112977178547,32.632213561709975,39468000
2021-03-01,32.6234130859375,32.91367087943651,32.31556340263402,32.64100497574197,28066100
2021-03-02,32.667396545410156,32.940065849592806,32.535462382981486,32.67619416942501,19701200
2021-03-03,33.15115737915039,34.00434560672198,32.85210195388994,32.85210195388994,35365100
2021-03-04,32.68497848510742,33.4238209777759,31.9813197671635,33.0895818285115,42932500
2021-03-05,32.92247009277344,33.52937522145814,31.96373386161901,33.30948162124208,34558300
2021-03-08,34.01313781738281,34.19785097718981,33.22152293154779,33.53817022800572,38255200
2021-03-09,33.538169860839844,34.12748304644396,32.966445209015454,33.57335028370907,35854100
2021-03-10,34.813560485839844,34.91910848685405,33.670110946162524,34.02194208995716,38437200
2021-03-11,34.19785690307617,34.82235398191043,33.960371389580665,34.49691236207306,30598700
2021-03-12,35.1566047668457,35.20058283445384,34.67283595722173,34.74320354964394,28754000
2021-03-15,34.91910934448242,35.38528276944584,34.45293256420847,35.24455097953364,25892200
2021-03-16,34.61125946044922,34.734402723951256,34.057129873588885,34.62885135523523,24668300
2021-03-17,35.0422477722168,35.569991123436075,34.488114904719275,34.901515988204295,33537000
2021-03-18,35.89543914794922,36.53752817673137,35.31492007019339,35.31492007019339,57420600
2021-03-19,34.857540130615234,35.24455172220118,34.496914701659286,35.130206091953504,60291800
2021-03-22,34.27701950073242,34.576074966358526,33.96916641109089,34.54968544962268,32206000
2021-03-23,33.634925842285156,34.34737894427009,33.467804562315365,33.86361370525699,32494400
2021-03-24,33.52937698364258,34.32099532814906,33.52058271550817,33.74047632728105,24201700
2021-03-25,34.56727981567383,34.62005549761123,33.23032607105592,33.39744738620234,28773000
2021-03-26,34.97188186645508,35.38528296960899,34.45293275909761,35.09502511922155,29156100
2021-03-29,33.81083297729492,34.61124541094253,33.33586543211652,33.93397619081028,38426900
2021-03-30,34.646446228027344,35.25335490672287,33.83723913018149,33.898809089569276,36134200
2021-03-31,34.36497116088867,34.85753402737247,34.23303366021854,34.540886710012174,25832800
2021-04-01,34.857540130615234,34.87513202413877,34.233039654116865,34.26822344116394,22706900
2021-04-05,34.72560119628906,35.47324154177239,34.58486940912792,35.209366504948584,21293400
2021-04-06,35.051048278808594,35.09502969532958,34.53209910378435,34.67283091284291,20969600
2021-04-07,35.17417907714844,35.26213516838489,34.85753178020153,35.042241584983955,19393200
2021-04-08,35.20935821533203,35.35888759134801,34.59365888853002,35.068626461304476,20845000
2021-04-09,35.622764587402344,35.87784197861127,35.40287097883813,35.48203281213365,28363600
2021-04-12,35.860252380371094,35.96580037974432,35.534810758372565,35.587583080403974,21093000
2021-04-13,34.99827194213867,35.631563332770284,34.91911009889589,35.622769063659135,29333200
2021-04-14,36.93334197998047,37.10045995986777,34.35618792075597,34.91911517438802,64926900
2021-04-15,37.153221130371094,37.170809664277094,36.08893364232945,37.030077905860566,44146300
2021-04-16,38.560550689697266,38.815628129577036,37.452288167404674,37.53144666049409,57060200
2021-04-19,38.59573745727539,39.05311668829125,38.155950122296034,38.358251893749205,39124200
2021-04-20,37.41709518432617,38.17352969310771,37.24997390359397,38.17352969310771,29734000
2021-04-21,38.03280258178711,38.13835058153826,36.73982700242144,37.15322808813654,27258000
2021-04-22,37.557838439941406,38.2790893886238,37.5402465442039,38.05039809934732,24638300
2021-04-23,38.57814025878906,38.85960384606464,37.496263966077834,37.56662818524141,28024200
2021-04-26,38.82440948486328,39.299380417272296,38.69247535162281,38.81561521810447,24606600
2021-04-27,39.66001892089844,39.77436455859503,38.877198062313475,39.044316028707854,29130200
2021-04-28,39.651214599609375,40.170160261909,39.519277100689486,39.71278453768933,20795100
2021-04-29,40.671531677246094,40.8034658563203,40.03823688069509,40.12619300007789,26880700
2021-04-30,39.62482452392578,40.478012732788955,39.45770660226915,40.28450529853712,34176500
2021-05-03,40.003047943115234,40.1525773531972,39.6424225315546,39.97666178175801,16522700
2021-05-04,40.23173522949219,40.31969132889231,39.29058751829825,39.809536557503264,26137600
2021-05-05,40.407649993896484,40.63634123535329,39.994252274095885,40.39885572552215,19620200
2021-05-06,41.10403060913086,41.15691805130158,40.28424162918625,40.645653722082166,34271500
2021-05-07,41.024696350097656,41.095214060993925,40.15201655967597,40.48698493366539,25140400
2021-05-10,41.07758331298828,41.73870323774215,41.068769860215355,41.289143168466644,28193100
2021-05-11,40.30187225341797,41.32440428351813,40.11675611629588,40.56631955449683,31478500
2021-05-12,40.231353759765625,41.57122398213828,40.09031496597009,41.28033294108564,33392900
2021-05-13,40.90129852294922,41.24508043965631,39.94047050215288,40.09913959642242,23553400
2021-05-14,41.394927978515625,41.52715332948412,40.96299810892853,41.077589826295515,17078500
2021-05-17,42.22352981567383,42.29404753010516,41.253885181860234,41.35966343482225,25212800
2021-05-18,41.30678176879883,42.42627880404918,41.28033804251614,42.22353572307746,24126000
2021-05-19,40.69853973388672,40.8307650599261,39.99334584114606,40.49579669988814,28911100
2021-05-20,40.3106803894043,40.707352970017084,39.90519435705764,40.610388187797355,26107000
2021-05-21,40.44291687011719,40.81314247248888,40.35476551529272,40.52225140814403,27312700
2021-05-24,40.76025390625,40.998254151183964,40.33713413993787,40.54869402309393,25707400
2021-05-25,40.62802505493164,41.447814067183444,40.583951063842505,40.89247236409642,29415300
2021-05-26,40.90129852294922,41.07759452757694,40.19610105391537,40.64566460855598,26170600
2021-05-27,41.218624114990234,41.76515236732034,40.82195483080966,41.42137052762784,42572900
2021-05-28,41.18336486816406,41.32440365075518,40.79550569406612,41.297956567211344,15760100
2021-06-01,41.65937042236328,41.79159575779377,41.24507087243235,41.571222440496264,17878600
2021-06-02,41.2626953125,41.835663838957124,41.05995229274168,41.76514613595094,18492600
2021-06-03,40.95417404174805,41.43018118580762,40.85720924988816,41.15691707807792,20206400
2021-06-04,41.394927978515625,41.51833651268337,40.998255288240486,41.48307933337141,18190300
2021-06-07,41.52714920043945,41.58885346138807,41.236254802284535,41.518332384515354,16644300
2021-06-08,41.086395263671875,41.438990497548,40.81313118324861,41.200990311930596,21271700
2021-06-09,40.47816848754883,40.84839740167989,40.22253800025845,40.76024942159768,22617500
2021-06-10,39.74652862548828,41.12165923159793,39.6760075552433,40.96299018617644,21640000
2021-06-11,40.26662063598633,40.275434090834935,39.8258739156823,39.8258739156823,19389300
2021-06-14,39.799415588378906,40.44290516044763,39.52615151148833,40.204901615277656,25452300
2021-06-15,40.07267761230469,40.30186771334965,39.66719157215375,39.84349087388922,23865400
2021-06-16,40.16965103149414,40.513432894333455,39.067784362070604,39.62312610499653,38287700
2021-06-17,37.71910095214844,40.51343323525866,37.604505876027595,40.363580981018536,48910400
2021-06-18,36.802345275878906,37.29598273443752,36.555528227914635,36.74064101388784,61292200
2021-06-21,38.15102767944336,38.17747476415246,37.22546041774432,37.28716467768226,26444700
2021-06-22,38.38021469116211,38.671105698262174,37.78079904683687,38.26561963375678,26455200
2021-06-23,38.75044250488281,39.05896716029446,38.3449564164754,38.3449564164754,18778500
2021-06-24,39.82586669921875,40.03742320355741,38.970817140722474,39.01489113224053,27951000
2021-06-25,40.883663177490234,41.12166678936524,39.86113100941446,40.169652341865216,49074700
2021-06-28,40.36357879638672,40.61039584301423,39.74653281718788,40.54869158135735,27127500
2021-06-29,39.482093811035156,40.88366857997589,39.31460789760383,40.58396066200646,39534000
2021-06-30,39.92283630371094,40.01098429735756,39.18238172413593,39.332233985861265,18168100
2021-07-01,40.028602600097656,40.231345614969236,39.640746836338465,40.09030684972686,18658000
2021-07-02,39.72890090942383,40.0286087519536,39.52615786339338,39.93164395545427,13218500
2021-07-06,38.336143493652344,39.50852778506515,38.16865762157199,39.42919325687707,25486900
2021-07-07,38.25680160522461,38.75925239953912,38.009981252442024,38.151020012905235,21884000
2021-07-08,37.3047981262207,37.86013987562569,36.99627680023474,37.533988279207634,29148700
2021-07-09,38.70636749267578,38.88266681073661,37.77198346079423,38.06287783998908,25055900
2021-07-12,38.92674255371094,39.00607708228179,37.86894996030951,38.1510275368659,17618900
2021-07-13,38.10696029663086,38.90030572287974,37.913030667407675,38.60059782436689,25387800
2021-07-14,39.62312316894531,39.78179222659543,37.47227743752369,38.43310523656942,49618000
2021-07-15,39.667198181152344,40.01098002736819,39.111856465079796,39.3057860655626,33388100
2021-07-16,39.03251647949219,40.134382941651566,38.882664254700714,40.028604702820545,27838200
2021-07-19,37.94828414916992,38.168657464046206,37.27835075150319,37.648576306432986,43362200
2021-07-20,39.52616500854492,39.79942917874741,37.789621898563404,37.90421698447162,34556200
2021-07-21,40.37239456176758,40.68091925035016,39.85231335328348,39.922834435004155,29654600
2021-07-22,39.69364929199219,40.50462502098633,39.49090620040133,40.40766020269707,23309500
2021-07-23,39.305789947509766,40.116762243022514,39.155934324346525,39.75535009173873,23946500
2021-07-26,39.67600631713867,39.878752706451344,39.200002558357795,39.200002558357795,22976700
2021-07-27,39.79060363769531,40.002163491248254,39.02370547349677,39.305783036480825,22124500
2021-07-28,40.11676788330078,40.583961726961064,39.649577402271355,40.002176148886946,23252800
2021-07-29,40.989437103271484,41.17454988315829,40.26661289003064,40.45172566991745,24487400
2021-07-30,40.49579620361328,41.297954877268424,40.31068343953048,40.77787375725269,25794000
2021-08-02,40.36357879638672,41.26270236105417,40.16964919539078,40.58395212019845,23960700
2021-08-03,41.28032684326172,41.377288267536315,39.764157511951765,40.5310556297664,24050300
2021-08-04,40.68091583251953,41.4037400462767,40.58395103461528,40.78669408358327,22178000
2021-08-05,41.60165786743164,41.61050968136685,40.734031502081486,40.769445512354125,28092600
2021-08-06,43.17754364013672,43.3723173169592,42.00890833373358,42.05317415739346,33583900
2021-08-09,43.07130813598633,43.68218465257968,42.75258877871463,43.080159950458935,29795200
2021-08-10,43.938926696777344,43.9920443327294,43.10671437602694,43.14212838483883,28708100
2021-08-11,44.85081100463867,44.912783825254536,43.5316680145322,43.93892232077772,29203900
2021-08-12,45.28463363647461,45.37316529101403,44.76228876925327,44.939352078332114,21729900
2021-08-13,44.594078063964844,45.51482221717275,44.425866553717164,45.33775551428408,15843300
2021-08-16,43.74414825439453,44.24878600449273,43.32804213940411,44.204520186938836,22615500
2021-08-17,43.124427795410156,43.70874551866337,42.522403065117,43.274935666616585,16887000
2021-08-18,42.46928024291992,43.36346203717763,42.40730741446968,42.81455839493295,16319300
2021-08-19,41.83185958862305,42.4515915172413,41.460022457812485,41.92039127388252,20259400
2021-08-20,41.98234558105469,42.0089077767111,41.46885595433029,41.7256024563254,15357400
2021-08-23,42.15055465698242,42.486980945282454,42.00890201621378,42.274500295496814,15551900
2021-08-24,42.81455993652344,42.82341175064968,42.239094077604136,42.27450808864107,15109100
2021-08-25,43.63792037963867,43.93007754936409,42.91194998545281,43.04474747086755,21357400
2021-08-26,43.425437927246094,44.15140829221696,43.28378525547778,43.85039594255104,21627600
2021-08-27,44.098289489746094,44.133700123806044,43.48740961480434,43.575944643119236,16873300
2021-08-30,42.85883331298828,44.09829689953446,42.805712287073476,44.05402768930551,16054100
2021-08-31,40.45957946777344,43.3723158193836,40.02576630544747,42.858822826314736,73514300
2021-09-01,38.46759033203125,40.698622404382036,38.308230657058616,40.45958289192309,84960500
2021-09-02,39.45915603637695,39.733609539718614,38.54726725854793,38.67121291255198,37629000
2021-09-03,39.105018615722656,39.397179093005384,38.795154513088335,39.388327280329584,21687500
2021-09-07,39.228973388671875,39.8044358604472,39.175852373028306,39.23782520264618,19733500
2021-09-08,38.795162200927734,39.4326009123968,38.626950708630545,39.06076053828448,21252400
2021-09-09,39.27323532104492,39.59195462878897,38.74203534904965,38.821715175985666,19776900
2021-09-10,39.24667739868164,40.061179312793456,39.122728371639454,39.83984683040234,23367400
2021-09-13,40.5127067565918,40.55697596653724,39.450313263232246,39.450313263232246,28027200
2021-09-14,40.76944351196289,41.557386626905476,40.51269701598262,40.742884694194494,36053200
2021-09-15,41.291786193847656,41.51311866991011,40.59237475894659,40.61008176230345,31535600
2021-09-16,40.97307205200195,41.849550253673144,40.73403254245527,41.5219790934496,24102400
2021-09-17,41.14128875732422,41.33605907298147,40.49499822212021,40.49499822212021,34912100
2021-09-20,40.55696487426758,40.61008250804803,39.698193770650235,39.866405239731044,30603100
2021-09-21,40.592384338378906,41.043904587369674,40.48614567043194,40.70747819872684,23049100
2021-09-22,41.68135070800781,42.221399335483795,41.14129870326487,41.159005713926426,29430700
2021-09-23,42.31877517700195,42.64634634570654,41.75216449256178,42.01776282873485,21852800
2021-09-24,42.42501449584961,43.00048038089649,42.25680300168591,42.30106882885887,20384700
2021-09-27,42.10629653930664,43.32804952286474,40.86683317299051,42.83226687815107,48927500
2021-09-28,40.65435028076172,41.637067080075745,39.90182116310157,41.61936007554346,49349100
2021-09-29,41.63707733154297,41.74331938489452,40.6632154833534,41.1235875827436,21730200
2021-09-30,41.088165283203125,41.74331097108631,40.83141877192012,41.734455779791894,22947500
2021-10-01,41.62821960449219,41.88496613106698,41.15899575591946,41.21211339778588,18021700
2021-10-04,41.62821960449219,42.221389120441394,41.31835205878484,41.62821960449219,22315200
2021-10-05,42.460426330566406,42.8942395200485,41.920374485865295,42.05317533783854,20250500
2021-10-06,42.38075256347656,42.57552627365669,41.66363731647962,42.12400939137219,17425700
2021-10-07,42.283363342285156,43.0181889333787,42.088593020270466,42.726028384457294,19272300
2021-10-08,42.4958381652832,42.796850487377924,42.19482584318848,42.38074432461781,14295400
2021-10-11,41.8583984375,42.903088035758785,41.80528080260712,42.672903737603015,15387900
2021-10-12,41.30064010620117,42.07972796620262,41.18554627657567,41.86725068702603,18995700
2021-10-13,40.76944351196289,41.22981549112091,40.034621409822826,41.22981549112091,24150300
2021-10-14,40.11430740356445,41.51312718295525,39.689349367650806,41.32720867548045,53257700
2021-10-15,42.832271575927734,43.15099095520944,40.46843843109932,40.47729362344956,60096600
2021-10-18,43.76186752319336,44.00975887279067,42.61979087294914,42.664056702910614,33842700
2021-10-19,44.56751251220703,44.5763643262452,43.62906149266178,43.94778083429096,26500300
2021-10-20,44.40816116333008,44.611786697026126,44.00976191163495,44.434719987687565,24227900
2021-10-21,44.55866622924805,44.79770238787561,44.05402495751663,44.22223984051589,20448300
2021-10-22,44.85081100463867,45.25806193361877,44.70030654807598,44.7445723660494,21517200
2021-10-25,44.81541061401367,45.25807568275773,44.72687895117144,45.054450156407434,19330300
2021-10-26,44.82426452636719,45.24036738256049,44.585224990800974,44.91279618668074,18196300
2021-10-27,44.310760498046875,45.14297275945865,44.22222885959545,44.4966789651542,21988300
2021-10-28,45.47055435180664,45.50596836625355,44.57636906198692,44.60293126145525,26785500
2021-10-29,45.293487548828125,45.7184455893787,45.16954187582582,45.3731673925105,19788500
2021-11-01,45.780418395996094,46.03716493405686,45.39087437006224,45.64762090812301,18699000
2021-11-02,45.41743087768555,45.78927125476682,45.346606229882426,45.62991157562715,21672500
2021-11-03,46.03715515136719,46.54179292803747,45.169532248017134,45.187239251424145,24225700
2021-11-04,44.988433837890625,45.94828354050687,44.3574234168959,45.81496995170837,32005700
2021-11-05,44.82846450805664,45.86830181626593,44.79291715151812,45.32616479296002,23443200
2021-11-08,45.21062469482422,45.65499884111978,44.92622551241952,44.92622551241952,19509500
2021-11-09,44.339656829833984,44.93512001671436,43.73530765074916,44.88179389256944,28324800
2021-11-10,44.75737380981445,45.1217605494925,44.15302457469382,44.20635070378319,19827800
2021-11-11,44.96177291870117,45.24617207998491,44.632937024149115,44.81068395722238,16069700
2021-11-12,45.29061508178711,45.3261658294444,44.76625341991267,45.04176662879785,17124700
2021-11-15,45.39726257324219,45.94828554303367,45.30838571340127,45.495022033608876,20110200
2021-11-16,44.7662467956543,45.486134072813066,44.58849647397622,45.423921968771545,19244900
2021-11-17,44.29521560668945,45.05065030896234,44.019702411941154,44.81068786004719,17802700
2021-11-18,44.348541259765625,44.59738969737322,43.78862888484285,44.10857881337015,19198200
2021-11-19,43.388694763183594,43.76197083819618,42.45550966111106,43.548669739573846,30548400
2021-11-22,44.739593505859375,45.42393016408844,44.19745645256714,44.997331349277985,28549400
2021-11-23,45.681663513183594,45.983838067733586,45.05953903142707,45.06842502260251,28024400
2021-11-24,45.60167694091797,45.9838389848919,45.486138711498796,45.77942389041731,18901900
2021-11-26,43.04207992553711,43.63753965207,42.38440469966693,43.63753965207,29919300
2021-11-29,43.69086456298828,44.23300154697798,42.93542989401266,44.14412468631254,27677000
2021-11-30,42.46440124511719,43.113187228002296,42.05557775841803,42.757689870557705,40671700
2021-12-01,41.95780944824219,43.948607275217036,41.931148082221696,43.273156620046336,29365100
2021-12-02,43.46868133544922,43.904169515403396,42.22443229869947,42.419958019124515,29184900
2021-12-03,42.4377326965332,43.779741181170685,42.100007382332755,43.779741181170685,29221900
2021-12-06,43.37981414794922,44.348550118245115,43.29093726654671,43.53089976087392,31650100
2021-12-07,44.65960693359375,44.899569407536355,43.85084602821952,43.95749488653643,28370200
2021-12-08,43.913047790527344,44.7129225150673,43.83306031807335,44.5973843014548,19990300
2021-12-09,44.16191101074219,44.46408563133383,43.317602662015496,43.56645115298282,16927200
2021-12-10,44.61516571044922,44.970662999233014,44.06414270913561,44.69515319372908,20040900
2021-12-13,43.15761184692383,44.40185723607227,43.042073636900454,44.348534516296226,19598900
2021-12-14,43.45091247558594,43.9841635956937,43.19317460371584,43.20206398705282,17602900
2021-12-15,43.495338439941406,43.788626991847714,42.77545452218147,43.56643992778738,20284300
2021-12-16,44.704036712646484,45.166186213780726,43.82417783553567,44.18856448581192,32781100
2021-12-17,42.615478515625,44.197449287888126,42.54437702952958,44.17078792575507,74833400
2021-12-20,41.63785171508789,41.9222508671887,41.104604152475204,41.82449141327712,29134900
2021-12-21,42.491058349609375,42.784343531904554,42.07334555480404,42.29553263454206,21249400
2021-12-22,42.68657684326172,42.94431464629931,42.3221902008072,42.428842430529606,15688000
2021-12-23,42.97987365722656,43.486459979786666,42.855449422254765,43.01542440730597,16025600
2021-12-27,43.3442497253418,43.38868645687527,42.73101469344718,43.14872403822817,11900400
2021-12-28,43.03318405151367,43.717520537919114,42.97986133199192,43.15761164110979,14320500
2021-12-29,43.059852600097656,43.424239240296274,42.98875111405624,43.19316280096713,14390700
2021-12-30,42.7487907409668,43.46867806539869,42.69546801417559,43.09540541663775,13701300
2021-12-31,42.642147064208984,42.97987239946794,42.51772283287833,42.686583805354786,12649300
2022-01-03,45.08620071411133,45.157302205240356,43.47756507552684,43.48645445707082,38978100
2022-01-04,46.88147735595703,47.236978066437416,45.788317248143,45.841643371806875,43855100
2022-01-05,46.4726448059082,47.22807942977075,46.21490701082838,47.032553738288755,35072600
2022-01-06,47.663570404052734,47.699117758022595,46.801483502054,47.23697164366419,29720800
2022-01-07,48.6767463684082,49.05001903910523,47.81465940469485,47.867985524925494,35149300
2022-01-10,49.19221878051758,49.82323267236255,48.41900868158502,49.325532386332696,34733500
2022-01-11,49.82323455810547,49.885446672425616,49.08557178787234,49.37886037564386,25073700
2022-01-12,50.12541198730469,50.400921826297164,49.55661015356176,50.134297979724444,34159400
2022-01-13,49.76990509033203,50.8186283616742,49.55660400535323,50.30315271732044,34037300
2022-01-14,51.60072708129883,52.32061102840362,50.116515669915536,50.525339070778216,56739600
2022-01-18,50.38313674926758,51.645161019142726,50.223161794067835,51.29854974631178,41689600
2022-01-19,49.38774490356445,51.263004440413326,49.29887142582898,50.75641815864824,34970200
2022-01-20,48.88116455078125,50.10763835606843,48.801177054994994,49.5210645170713,26972800
2022-01-21,47.6991081237793,48.88114470489865,47.219186734217466,48.43677066212685,38357600
2022-01-24,47.388057708740234,47.539146678311944,45.48613694441636,46.86369609135421,48451400
2022-01-25,47.628021240234375,47.75244545902165,45.8149739056909,46.81037104629478,40858700
2022-01-26,48.11682891845703,48.810051457118696,47.485818485044206,47.91241723116719,39687100
2022-01-27,47.779109954833984,49.334419572235305,47.30807441274747,48.52565870679886,34209200
2022-01-28,48.16127395629883,48.187938713364154,46.89925287187107,47.64580165388523,35519700
2022-01-31,47.814659118652344,48.03684619949209,47.13032250282922,47.832434491956214,34657500
2022-02-01,49.414405822753906,49.60104554880295,47.983523858416724,48.63230973288541,35870200
2022-02-02,49.70768737792969,49.814336213246456,48.84560053416368,49.12111369822945,29037100
2022-02-03,49.25239562988281,50.25226549053226,48.859591802467165,49.850532368443474,25227400
2022-02-04,50.28797149658203,50.921815142276294,49.52021568662997,50.02907646196512,33622100
2022-02-07,51.18071746826172,51.68064902092003,49.91302659074609,50.35939599449289,37480100
2022-02-08,52.448394775390625,52.653724252656495,51.6002923915341,51.77884079953457,39099600
2022-02-09,52.72514724731445,53.01082335019942,52.08237431305939,52.40376078018692,25883100
2022-02-10,52.716217041015625,53.83214036282175,52.4930323766544,53.16258636973807,36092000
2022-02-11,52.05559539794922,53.778581380422,51.6984985517939,52.2430697096932,38650500
2022-02-14,51.644927978515625,52.359121601340135,51.04679473575682,52.23413533347654,32680500
2022-02-15,52.11809158325195,52.9572648209809,51.85919651647992,52.77871638163715,18224600
2022-02-16,51.903831481933594,52.564459669389805,51.37711547203131,51.69850197373822,22057200
2022-02-17,50.12727737426758,51.35925427930698,49.77910643446663,51.02001603877437,24946500
2022-02-18,49.663055419921875,50.63614075061266,49.43094144809036,50.127279958056995,22137900
2022-02-22,49.35060501098633,50.100505818781905,48.83281822291696,49.60950010778532,26887800
2022-02-23,48.16324996948242,50.011218668809256,47.99362744954082,49.85945133020507,21860700
2022-02-24,47.05625534057617,47.163386434919104,45.24399689703939,46.208152907431,40917600
2022-02-25,48.306095123291016,48.60069714489235,47.3955011742474,47.46691850457907,27493500
2022-02-28,47.64546585083008,47.67225032893,46.60988904320487,46.984841086851404,31094800
2022-03-01,44.89582824707031,47.06518347386284,44.64585910529577,46.8152143320883,54135500
2022-03-02,46.61881637573242,47.15445823779507,45.529674063273426,45.81535017711055,34894300
2022-03-03,45.74393081665039,46.92234558519271,45.476106492004426,46.73486787683498,24159700
2022-03-04,43.55672073364258,44.69049925859452,43.01214959746991,44.672644076446325,35871600
2022-03-07,40.8963623046875,43.36924898682808,40.8606519382853,43.36924898682808,56332500
2022-03-08,41.47663879394531,43.03000561574419,41.378436992985954,41.67304239586403,60018100
2022-03-09,43.88703536987305,44.41375135126494,43.163915780173944,43.55672299678835,34560200
2022-03-10,43.75312805175781,44.25306301674223,42.71755115720521,43.083573937033414,26178800
2022-03-11,43.27104568481445,44.63693479992319,43.23533531964783,44.34232939559032,23707100
2022-03-14,44.51194763183594,44.97617211761948,44.01201278433193,44.33339922876111,28166600
2022-03-15,44.735137939453125,45.19936248392122,44.038802825514956,44.779774194482606,25080600
2022-03-16,46.06532287597656,46.61882340988874,45.288641037136465,45.574317194078304,34672800
2022-03-17,45.95819091796875,45.96712021265707,44.842267468895514,45.547531906036546,29930300
2022-03-18,45.90462112426758,46.01175221745861,44.67264420232089,45.395760350957474,60963400
2022-03-21,45.6546630859375,46.24387057576921,45.18151259720959,46.11888768482436,23411500
2022-03-22,47.6633186340332,48.386438206809586,46.69023331509959,46.788435116955036,28625600
2022-03-23,45.636802673339844,47.359788685216614,45.61894749017458,47.100893637612174,27988700
2022-03-24,45.824275970458984,46.26171599643471,45.44932397123787,46.163514201268995,19677800
2022-03-25,46.92234420776367,46.949125277231,45.89569340816601,45.949258952628306,19130900
2022-03-28,46.2527961730957,46.520617118782816,45.33327293868154,46.44919638365127,24115400
2022-03-29,46.06532287597656,47.58297958818534,45.99390553950531,47.368724173243166,20915000
2022-03-30,44.735137939453125,46.13673746165213,44.4494618206309,46.002825291035734,30913800
2022-03-31,43.262115478515625,45.0208117623169,43.235334407969304,44.4137491893965,31238500
2022-04-01,43.48529052734375,44.163773678987226,42.69968311721462,43.967370123691424,29989900
2022-04-04,43.262115478515625,43.44066389505595,42.503288965129016,43.25318959017612,23778300
2022-04-05,42.958580017089844,43.65491843337008,42.64612287265654,42.771105730429866,21757300
2022-04-06,42.75326156616211,42.922884121584545,42.31582145124059,42.574713120967715,26001200
2022-04-07,42.61935043334961,43.119281965658125,41.58377359503148,42.994299082581,29486500
2022-04-08,43.50316619873047,43.64600428654345,42.78897575966556,42.8514672102382,23659800
2022-04-11,44.03879928588867,44.80655166506018,43.672773169693656,43.69062835137592,27041000
2022-04-12,43.226409912109375,44.54766629784672,42.8514612607315,44.35126267729935,25791900
2022-04-13,43.33354568481445,43.40496302373358,42.36046017765056,42.44080681238991,20645300
2022-04-14,41.37844467163086,42.69077188156714,40.20002965249446,40.96778561461967,65583200
2022-04-18,42.110477447509766,42.47650353690699,41.19988708707465,41.26237851562358,26120900
2022-04-19,42.6996955871582,43.02107867305243,42.25332621696685,42.30688836185187,19753300
2022-04-20,43.43174362182617,44.074513236733424,43.13713818561717,43.2799762562108,25893000
2022-04-21,42.655052185058594,44.18163788543956,42.494358953439544,43.87810660410666,19027600
2022-04-22,41.36952209472656,42.78004783128447,41.298101345772366,42.574718286334274,21676800
2022-04-25,40.91421890258789,41.03920178378917,39.75365579308327,40.851724056459155,30045500
2022-04-26,39.79828643798828,41.06597355211794,39.78043125821539,40.31607302929295,21527400
2022-04-27,39.79828643798828,40.34285409618863,39.40547929403923,39.646519112682334,19520900
2022-04-28,40.32500457763672,40.449990853593796,39.557252172781524,40.208951001111146,17431000
2022-04-29,38.95018768310547,40.530335479147126,38.84305659469314,40.20894902496541,27149400
2022-05-02,38.98588943481445,39.316205138355805,38.039588785553235,39.1644378194668,25009300
2022-05-03,39.423343658447266,39.851857856247676,38.97697427671415,39.19123307837842,21545300
2022-05-04,41.04813003540039,41.182042218982076,39.44120086006162,39.55725785879719,29468000
2022-05-05,40.17743682861328,40.44672534765668,39.00155778192624,40.392866959018846,29978600
2022-05-06,39.98894119262695,40.28515722049452,39.06439436166952,40.04279958609725,27035300
2022-05-09,39.4593391418457,39.979959920533624,38.80407753787834,39.468317251351635,27132700
2022-05-10,38.66944122314453,40.1325582218884,37.87055716706152,39.84532031881317,25276100
2022-05-11,38.211647033691406,39.95302695619732,38.13983928207385,38.696362197654864,25291600
2022-05-12,37.52946472167969,38.06803494000008,36.730580656561926,37.906463189674774,30171700
2022-05-13,38.27448272705078,38.76817260979209,37.9513392622323,38.103936309127945,21253200
2022-05-16,37.88850402832031,38.301408021286214,37.43071976205731,38.0590538606528,16837400
2022-05-17,39.23493957519531,39.33367824805681,38.56172508657159,38.58865599453579,23340500
2022-05-18,37.79874801635742,38.87589182543718,37.60127068118483,38.857939029135515,27351300
2022-05-19,37.700008392333984,37.978271591731755,37.314031842004624,37.430723302932165,25211900
2022-05-20,37.40378952026367,38.40912546545437,36.569006834567126,38.15778976708399,35410400
2022-05-23,39.333683013916016,39.78249272737845,38.355277701602056,38.355277701602056,27979100
2022-05-24,38.857933044433594,39.288789816877966,38.27447923900014,39.216978642731284,23996000
2022-05-25,39.60295867919922,39.90814934827988,38.62455360104173,38.678411986460276,22343900
2022-05-26,40.93143844604492,41.075057396151735,40.16846341562985,40.240274602756195,23502500
2022-05-27,41.19175338745117,41.33537235333236,40.79680208731448,41.02120693551297,19482600
2022-05-31,41.08403778076172,41.532847452706925,40.39287047506858,40.698061188957155,40727400
2022-06-01,40.53649139404297,41.35332489953102,39.854302166310205,41.254586219063306,20417900
2022-06-02,40.6890754699707,40.77883601036423,39.95302465733423,40.500572856512086,14633300
2022-06-03,40.231285095214844,40.68907272309441,40.042785918626734,40.24026320313517,12572400
2022-06-06,40.500579833984375,41.191747071353795,40.35696089012487,40.698057165845846,11867200
2022-06-07,40.81474304199219,40.87757610732247,40.06074283388357,40.17743085569967,13281600
2022-06-08,40.06074142456055,40.45569259619167,39.70169241460852,40.28514619974428,12364400
2022-06-09,38.301414489746094,40.06075094776467,38.27448700604931,40.01587066688805,20142400
2022-06-10,35.97657775878906,37.19733694629615,35.922719376223675,36.8293132257961,27619300
2022-06-13,34.9981689453125,35.6175248691398,34.8006916547538,34.98919083711711,27553800
2022-06-14,33.5978889465332,35.27643599252166,33.220887079349254,34.80069888369369,36817600
2022-06-15,34.26212692260742,34.70196188475785,33.508130000313905,34.10953328570875,31358100
2022-06-16,33.79536437988281,33.867172135603845,32.79900651618024,33.53505398908483,37991500
2022-06-17,34.54038619995117,34.98022111196281,33.66071980007338,33.95693577790386,59114300
2022-06-21,34.9981689453125,35.85090432004508,34.89045219183775,35.77909657520692,24884700
2022-06-22,34.648101806640625,35.069983951405085,34.387794825542485,34.459602585248476,18631700
2022-06-23,34.01976776123047,34.43267175579767,33.34655338672706,34.163386690825384,23143800
2022-06-24,36.58695983886719,36.892150526801295,34.56731648687123,34.719913542911165,39407700
2022-06-27,36.120201110839844,36.79341556668383,35.815010420558075,36.65877130585671,16996800
2022-06-28,36.066341400146484,37.305056912271546,35.97658084564792,36.77546142278042,18136600
2022-06-29,35.64445877075195,36.38050626478526,35.50083983104169,36.14712677181069,15778700
2022-06-30,35.15974044799805,35.64445561060113,34.3608599526774,35.06997990269169,20425700
2022-07-01,35.83295822143555,35.976580586230696,34.52243495999059,34.75581787863707,15333900
2022-07-05,35.99453353881836,36.01248633620389,34.567318676055066,35.00715365163575,19144500
2022-07-06,35.45595932006836,35.93169641268699,34.93533852696861,35.55469798249387,17014100
2022-07-07,36.012481689453125,36.34460326201237,35.66241074597036,36.09326755519111,21060400
2022-07-08,36.066341400146484,36.53310381665949,35.77910351677628,36.1740547503739,14437500
2022-07-11,35.71627426147461,35.91374818730837,35.22258431067115,35.608557475587794,13111600
2022-07-12,35.545719146728516,36.32665032042785,35.01612367883673,35.07896017339776,15127300
2022-07-13,35.069984436035156,35.32131673469783,34.477555857654735,35.07896254621354,14116800
2022-07-14,34.77376937866211,34.78274406405462,33.597886991804266,34.19031552792944,24355300
2022-07-15,36.919071197509766,37.529452404151044,35.21359369233948,35.3661907060722,40328300
2022-07-18,36.97293472290039,38.40912754041151,36.82034109791901,37.637174457422944,17991300
2022-07-19,38.50786209106445,38.660455699750706,37.47559872071597,37.592290166511205,25724200
2022-07-20,38.34629440307617,38.62455417148437,38.023150934083525,38.184722668579845,19111200
2022-07-21,38.848960876464844,38.9297467476612,37.951341607236756,38.13086614591153,17809000
2022-07-22,38.75020980834961,39.073353189724415,38.3193531078981,38.75020980834961,15965400
2022-07-25,39.04644012451172,39.414463905960815,38.786129701886615,39.07336760818123,20297900
2022-07-26,38.50786209106445,39.20800391754536,38.42707623230548,38.69636128678697,15446700
2022-07-27,39.23493957519531,39.46832251543994,38.31936745976954,38.57967788383241,19498400
2022-07-28,38.88486099243164,39.34264867278415,38.33731276745663,39.09131298437963,14527300
2022-07-29,39.37855911254883,39.809415980753855,38.87589447838264,38.87589447838264,17512700
2022-08-01,39.08233642578125,39.63885930887802,38.74124020910801,38.992572461317174,13668300
2022-08-02,38.48991012573242,39.082338627997046,38.471957331828,39.03745835530866,17764000
2022-08-03,39.396514892578125,40.00689635811384,38.82203902481422,38.947705192869286,17359500
2022-08-04,38.655391693115234,39.40554128590021,38.53789713724119,39.31516297997333,15062800
2022-08-05,39.55015563964844,40.038206852487484,38.43848573110081,38.4836783397693,16021000
2022-08-08,39.03499221801758,39.938789241847026,38.98076660312351,39.73995624104873,12879700
2022-08-09,39.224788665771484,39.57726892155254,38.85423205742324,39.062104940378426,10489500
2022-08-10,40.0653190612793,40.399722955842435,39.803217127402846,39.803217127402846,14037600
2022-08-11,40.896812438964844,41.2221798961905,40.57144498173919,40.670863198970565,14038800
2022-08-12,41.52042770385742,41.538504055303754,40.84258003932161,41.14083466661889,10706000
2022-08-15,41.34870910644531,41.411974615053545,40.5895195554349,41.04141801561463,11070300
2022-08-16,41.62888717651367,41.86387285759237,40.987188746133654,41.19506507072187,12234100
2022-08-17,41.70118713378906,41.85483439488081,41.167946841255564,41.32159410234731,13151700
2022-08-18,41.70118713378906,41.755416187299936,41.357743356976435,41.70118713378906,7885900
2022-08-19,40.9871826171875,41.59272825294109,40.707007821763526,41.484273604638624,13142900
2022-08-22,40.13761901855469,40.435873641743356,39.87551709776068,40.30933918336208,12391400
2022-08-23,40.101470947265625,40.63471130217768,40.020129081339654,40.182812813191596,10475100
2022-08-24,40.34549331665039,40.399722372165655,39.78514020050569,40.06531848243383,11706700
2022-08-25,41.02334213256836,41.14083669891785,40.15569790655289,40.48106535323661,11783200
2022-08-26,39.73995590209961,41.321600680311015,39.71283964717182,41.19506964968802,13405200
2022-08-29,39.694759368896484,40.05627951868969,39.38747172359742,39.58630470304319,12504900
2022-08-30,39.893592834472656,40.164731202833224,39.360352549355255,40.0020474922746,14365000
2022-08-31,39.50497055053711,40.3003129666545,39.414592219308645,40.020134623506515,22609100
2022-09-01,39.49592971801758,39.53208242558604,38.682511036286854,39.45977701044911,13173000
2022-09-02,39.20670700073242,40.49009682969985,39.01690704835042,40.03819841988688,13025900
2022-09-06,38.75481414794922,39.658611097170066,38.28483932062897,39.50496382299241,14708700
2022-09-07,39.622459411621094,39.68572492387805,38.18542208746255,38.44752403693384,19475800
2022-09-08,40.87873077392578,40.905843575934064,39.170555293177095,39.423617305817984,18500300
2022-09-09,40.969112396240234,41.40293446554692,40.89680699416679,41.131792655482826,12875500
2022-09-12,41.14987564086914,41.70119235358197,40.905850041092386,41.28544656776019,12127900
2022-09-13,39.06209945678711,40.24607107818136,38.89941575423181,40.08338737562607,21124900
2022-09-14,39.116329193115234,39.41458382855762,38.18541947833132,39.08921638906105,15067800
2022-09-15,39.893592834472656,40.39068041775227,39.179592487877734,39.224785089030675,13173200
2022-09-16,39.71284103393555,39.82129916201002,39.1615277309282,39.49593167321085,21238800
2022-09-19,40.0562744140625,40.31837631687567,39.23381945341973,39.25189580337697,11324100
2022-09-20,39.23382568359375,40.02916796945344,38.944610933774186,39.667647808323096,19503900
2022-09-21,38.203487396240234,39.59533515894215,38.17637459817164,39.45976427317749,19207100
2022-09-22,37.5256462097168,38.42040317442305,37.45334080569009,38.4023302711278,15499000
2022-09-23,36.522438049316406,37.03760208348999,35.880742981866796,36.892994695787095,23316200
2022-09-26,36.16091537475586,36.63993011491666,35.55537305771373,36.27840994661174,21420000
2022-09-27,36.17899703979492,36.685124660189835,35.61864379959108,36.341680794646415,17541400
2022-09-28,36.883949279785156,37.10989848364824,36.061494315632,36.061494315632,16033500
2022-09-29,36.60377502441406,36.77549519693266,35.94400369078582,36.296483935683355,14811300
2022-09-30,36.35071563720703,37.18220720386734,36.314562930557834,36.73030871388799,21182200
2022-10-03,37.57987976074219,37.778712750191474,36.73030840029872,37.31777781134104,16827600
2022-10-04,39.351314544677734,39.396503696335785,38.104073962190114,38.104073962190114,18601300
2022-10-05,39.14344787597656,39.35132076462944,38.46560015082994,38.70962574560814,15873400
2022-10-06,38.17637634277344,38.98979135140068,38.149260095754826,38.74576581449921,15634800
2022-10-07,37.76966857910156,38.06791972618277,37.40814848499772,37.986577877394964,17186700
2022-10-10,37.46238327026367,38.0588891034837,37.19124488202033,37.90524183326175,10973700
2022-10-11,36.3597526550293,37.344891516401425,36.20610882095045,37.25451319608586,19135900
2022-10-12,36.61281204223633,37.254510481481475,36.11572442129789,36.36878990562295,16469900
2022-10-13,38.302913665771484,38.565012147047256,35.92592684854617,35.92592684854617,23808700
2022-10-14,39.01690673828125,40.60759105889996,38.98075748604405,39.58629969547975,33954200
2022-10-17,39.73090744018555,40.8425771167512,39.667641938506215,40.36356590469016,24507000
2022-10-18,40.37260437011719,40.94199736134972,39.604378412706,40.77027719789738,24810400
2022-10-19,39.423614501953125,40.23703298146354,39.13439980872967,39.929741938949725,17876800
2022-10-20,39.45073699951172,40.155697494959526,39.315166082212535,39.4778498038869,17572700
2022-10-21,40.51721954345703,40.56240870210623,39.378433438311035,39.44169894996227,18632800
2022-10-24,40.851619720458984,41.14987089844995,40.51721583976866,40.625670500155245,16154300
2022-10-25,41.00526809692383,41.213140989002355,40.101471115167534,40.472027739779136,16362200
2022-10-26,41.303524017333984,41.764458975114756,41.095651118906424,41.267371309508675,15010800
2022-10-27,41.25833511352539,42.01752474402817,41.167953343398864,41.59273904371352,14655500
2022-10-28,41.890995025634766,42.017529518189136,41.09565604442451,41.49332553502964,14990400
2022-10-31,41.56562423706055,42.04463552869678,41.55658433662675,41.701191714161,14000000
2022-11-01,42.433265686035156,42.53268389793769,41.809643610541684,42.09886179412705,22409100
2022-11-02,42.37000274658203,42.975545059116776,42.01752248134995,42.37000274658203,29246700
2022-11-03,41.42399597167969,42.02434358851925,41.30574468459894,42.02434358851925,17140100
2022-11-04,42.51553726196289,42.670170621541686,41.751458175421945,42.142594104836746,27082500
2022-11-07,42.81571578979492,43.497929238924755,42.57921665419341,42.870294114895444,17713300
2022-11-08,42.915771484375,43.17956150007082,42.497348095978275,42.97944445783029,14842700
2022-11-09,41.81513214111328,42.752037381874665,41.796939368390575,42.57011312456422,18318700
2022-11-10,43.616172790527344,43.761711495014254,42.68836224820463,42.770227986348296,23091900
2022-11-11,43.252323150634766,43.98911477444482,43.05220960595461,43.752612217209645,18076600
2022-11-14,42.6337890625,43.27052227246062,42.6337890625,42.93396462844936,13929900
2022-11-15,42.488250732421875,43.2159443491249,42.06073268443709,43.097696521978506,19076000
2022-11-16,42.03343963623047,42.61559449978794,41.86970814711534,42.45186301067281,14713300
2022-11-17,41.83332824707031,41.99705627478713,41.360326528341524,41.587731000619776,11350900
2022-11-18,42.29722595214844,42.54282316438959,41.81512964844343,42.49734297025228,10515300
2022-11-21,42.60650634765625,42.8339108427932,42.188082909384384,42.188082909384384,11656800
2022-11-22,42.85209655761719,43.11588656128882,42.6701722975017,42.8702893306204,11684900
2022-11-23,43.052215576171875,43.20684894895544,42.74294536068795,42.86119318578709,10878500
2022-11-25,43.15227127075195,43.3341955419694,42.7702334241205,43.079503644215094,4913300
2022-11-28,42.733848571777344,43.43425477192405,42.679270248548285,42.86119452272821,12492600
2022-11-29,43.27051544189453,43.34328652636457,42.788419151987554,42.91576507989383,13344900
2022-11-30,43.616172790527344,43.616172790527344,41.96976337671208,43.0431126235217,26417000
2022-12-01,42.6337890625,43.82538973442749,42.260845870509996,43.597985264435614,15980300
2022-12-02,41.787845611572266,42.315425665883616,40.8236528459807,42.197174365793664,29820400
2022-12-05,39.713924407958984,41.73327761393034,39.67753885273557,41.56954608534252,32574600
2022-12-06,39.477420806884766,39.886746112483614,38.804301990489904,39.73211272502043,25961400
2022-12-07,38.613285064697266,39.422844535186236,38.60418694147979,39.19544003359193,24114900
2022-12-08,38.731529235839844,39.013508545078764,38.30400774129479,38.84977705652605,17161400
2022-12-09,38.65876007080078,39.040797916528604,38.49502857408404,38.50412669607767,16023700
2022-12-12,38.98623275756836,39.04990574768765,38.30401917493219,38.749730105767235,18428900
2022-12-13,38.767921447753906,40.09596647654362,38.304017755515794,39.91404216726526,31496000
2022-12-14,38.36767578125,39.32277369511027,38.15846412163613,38.7406189083732,22044400
2022-12-15,37.630889892578125,37.94016010374155,37.30342690782664,37.67637009158988,16766600
2022-12-16,37.46715545654297,37.70365802468978,37.15788526967779,37.32161674918974,29836200
2022-12-19,38.04021453857422,38.122080275970944,37.39438676017579,37.603598429097126,17454200
2022-12-20,37.27614212036133,38.71334010627452,37.26704746788207,37.558124926056415,25415400
2022-12-21,37.40348434448242,37.87648603432453,37.22156008378674,37.62179415130057,20170800
2022-12-22,37.003257751464844,37.05783607655514,36.402910055139714,37.03054517905147,17382700
2022-12-23,37.27614212036133,37.29433489523685,36.79404573086951,37.012352089541764,10167500
2022-12-27,37.33071517944336,37.421675571073884,36.939579249582366,37.303424286020984,10297400
2022-12-28,37.40348434448242,37.63998692436181,37.1669852345197,37.23975285684797,11889400
2022-12-29,37.594512939453125,37.65818592073157,37.34891566741459,37.43078142476077,11597100
2022-12-30,37.55812454223633,37.68547049514658,37.28523986172622,37.39439303994686,10021500
2023-01-03,38.01292419433594,38.33128899867733,37.70365404015453,37.849192732127186,15944300
2023-01-04,38.79520797729492,39.168151207821204,38.41316662387543,38.44045405272068,18943600
2023-01-05,38.58598709106445,38.77700947452106,38.14027629280464,38.73152927652346,12380700
2023-01-06,38.931644439697266,39.113568709071664,38.29491123184529,38.74062551831672,15247000
2023-01-09,38.55870056152344,39.231819305233394,38.34948886994356,39.222721183472615,21225600
2023-01-10,38.53141403198242,39.00441574695445,38.22214381334367,38.81339335462107,18348800
2023-01-11,38.877071380615234,38.95893713211306,38.222145368632695,38.549608374623965,18272100
2023-01-12,38.95893859863281,39.61386116535142,38.93164770049491,39.159052188780414,20940400
2023-01-13,40.223304748535156,40.35065069966556,36.803139492864986,37.63998976730566,41649700
2023-01-17,40.1323356628418,40.35974010886638,39.2772961949593,39.87764379366754,25473900
2023-01-18,39.45922088623047,40.578050356770504,39.386449797130375,39.98679740254007,20278000
2023-01-19,39.068084716796875,39.29548916396109,38.67694879008109,39.03169917247064,18565300
2023-01-20,39.95041275024414,39.96860552292548,38.895256224142514,39.18633711712737,23237200
2023-01-23,40.96010208129883,41.09654618476115,39.904945220265645,39.96861820990335,19692000
2023-01-24,40.432518005371094,41.11473145831914,40.35974690482978,40.85094142373247,13697200
2023-01-25,41.24207305908203,41.314840682021845,40.05047243793201,40.06866521114613,17285300
2023-01-26,41.66960144042969,41.75146719846265,41.07834835797864,41.41490604326201,16724600
2023-01-27,41.951576232910156,42.178980706048094,41.66959690696592,41.66959690696592,18161800
2023-01-30,42.10622024536133,42.433683297599956,41.669603999015656,41.76056441578528,19427400
2023-01-31,42.6337890625,42.6428871844531,41.8970008004731,42.133499922501244,22840400
2023-02-01,43.052215576171875,43.47973361675495,42.26994365054094,42.44276979716671,21874600
2023-02-02,43.23530197143555,43.54654502479035,42.50296640238055,43.31768994120745,19058000
2023-02-03,43.555702209472656,43.976794735090095,42.97898640748698,43.02475672687122,17346900
2023-02-06,43.6472282409668,43.72046002906303,43.16205673217187,43.2627500042979,15948900
2023-02-07,44.059173583984375,44.315490113104865,43.34514347964032,43.42753143429345,21764800
2023-02-08,44.16902542114258,44.49857725762434,43.58315704164211,43.66554500076255,18070500
2023-02-09,43.54653549194336,44.51688209105314,43.473303697094885,44.3704150093055,17362100
2023-02-10,43.49161148071289,43.67469621624037,43.00643989980832,43.400070858974594,18929000
2023-02-13,44.059173583984375,44.07748240635738,43.14375341763885,43.33599081447922,16451700
2023-02-14,44.397884368896484,44.70912740930895,43.71131914669706,43.876095079389025,16844400
2023-02-15,43.91271209716797,44.178181325304415,43.66554820168817,43.866938289372584,12854000
2023-02-16,43.22614288330078,43.766240940006284,43.198677902755804,43.57400004439516,12631700
2023-02-17,43.47330856323242,43.54654036627802,43.04305993466715,43.1071390718512,13463800
2023-02-21,42.329036712646484,43.088833754829075,42.08187280965657,43.088833754829075,13652700
2023-02-22,42.11848449707031,42.31987807110973,41.82555029413179,42.06356151655131,13402900
2023-02-23,42.33818435668945,42.51211293798941,41.91709190172055,42.219178752615306,14783600
2023-02-24,42.67688751220703,42.80504577777313,41.83470262874358,41.962860894309685,16040300
2023-02-27,42.82334899902344,43.41837343080964,42.76842603070804,42.96981606794845,15468200
2023-02-28,42.81420135498047,43.05220906037128,42.603655136967234,42.722657243637244,18627200
2023-03-01,42.731815338134766,42.95151423121745,42.33818437163977,42.567039422297285,13382200
2023-03-02,41.92625045776367,42.67689484975463,41.54177559496161,42.53042773648936,19115000
2023-03-03,42.88743209838867,43.00643769418586,42.02693842520683,42.127635199185164,14947200
2023-03-06,42.6860466003418,43.18952703194257,42.576193657698994,42.914901659437696,14236000
2023-03-07,40.6904296875,42.35649421713802,40.388339337155784,42.28325892297541,24056800
2023-03-08,40.132022857666016,40.791126538008946,39.91232046686803,40.5164976764987,14852000
2023-03-09,37.65122985839844,39.848236012949236,37.37660452558591,39.76584806390042,33599800
2023-03-10,37.861785888671875,38.77720623030494,36.369649754035564,37.14775913965455,55435400
2023-03-13,35.16128921508789,37.12028785498531,34.97820447942299,36.43372271528009,78806900
2023-03-14,36.772430419921875,38.081481680053514,36.04009490531531,37.98994105024689,52855100
2023-03-15,35.56407165527344,35.68307725329919,34.8592012083267,35.06059126800401,47324600
2023-03-16,35.97602081298828,36.6717422685032,34.9232894543234,35.3626908247294,40388800
2023-03-17,34.566261291503906,35.48168138758457,34.35571508845141,35.48168138758457,47403800
2023-03-20,34.3099479675293,35.19790666062533,34.28248647955341,34.89581632468718,34283700
2023-03-21,35.22536849975586,35.664769772004576,35.115519054706404,35.335217944805315,34664700
2023-03-22,34.05363464355469,35.43591771073948,34.0444784853326,35.43591771073948,22994400
2023-03-23,33.5135383605957,34.45642016955072,33.42199423367444,34.319109217245895,30239900
2023-03-24,33.16566848754883,33.39452350346516,32.26855724420285,32.95512229195185,35694800
2023-03-27,34.30079650878906,34.502186581114415,33.83393024447137,33.888856714406096,27454600
2023-03-28,34.03532791137695,34.410650104377126,33.75154635391774,34.2001038489918,15270000
2023-03-29,34.758506774902344,34.7951209296425,34.145173413328976,34.41979878016065,20789100
2023-03-30,34.21841049194336,35.24368021122278,34.02616958228688,35.06059545976723,22340400
2023-03-31,34.21841049194336,34.740199763758405,34.15433135274159,34.53880618795218,30287900
2023-04-03,34.5296516418457,34.93243527947753,34.236717452286015,34.34656690035815,21541000
2023-04-04,33.69662094116211,34.60288504068501,33.31214261708334,34.511344411740666,21942700
2023-04-05,33.76984786987305,33.879697307155304,33.202288369855616,33.41283457966772,15486900
2023-04-06,34.694427490234375,34.8775087393029,33.92547437117324,33.97124468344037,23484900
2023-04-10,35.3626823425293,35.43591414067219,34.42895334486424,34.51134130030677,27005800
2023-04-11,36.040096282958984,36.19571955004042,35.43591902380731,35.490845499021574,25116100
2023-04-12,35.87532424926758,36.47950157409758,35.60069882744516,36.08587052239982,20252900
2023-04-13,36.305564880371094,36.323873703360746,35.7380053358954,35.99432187364876,22397800
2023-04-14,36.28725051879883,37.0836649910108,35.81123166987604,36.38794728384697,40963100
2023-04-17,37.806861877441406,37.806861877441406,36.21403233463728,36.46119626204862,31445100
2023-04-18,38.32864761352539,38.50257970829848,37.66039120258233,37.72447034527198,27892300
2023-04-19,38.66734313964844,38.82296286669668,38.255403432682144,38.42017931546866,23310500
2023-04-20,38.14555740356445,38.4934180513724,37.944167337613216,38.328642138834475,19265500
2023-04-21,37.751930236816406,37.89839732778544,36.80904506490551,37.724465256474716,23975300
2023-04-24,37.94417190551758,38.0814828544621,37.56884972445382,37.65123769064105,17327800
2023-04-25,37.12029266357422,37.58715897460045,36.97382555447902,37.25760710612342,20728000
2023-04-26,36.12248229980469,37.028749885636074,35.92109221899304,36.836512470840404,26915600
2023-04-27,36.305564880371094,36.415414326258116,35.99432187364876,36.18655927696378,21695800
2023-04-28,36.3879508972168,36.543570646253244,35.664768141922075,35.93024082303797,20193000
2023-05-01,36.973819732666016,37.69700249772531,36.79073500211229,37.06536384396827,26564300
2023-05-02,35.55491638183594,36.62595620934171,35.07889751670543,36.62595620934171,36239500
2023-05-03,35.3809928894043,36.31471844052452,35.34437524252284,35.72885005862516,25202700
2023-05-04,33.8771858215332,35.13189692890381,33.5819600926658,34.76286300813541,53247000
2023-05-05,35.00273513793945,35.31641293758795,34.43996347093554,34.55989651244191,27039700
2023-05-08,35.40866470336914,35.77769504321226,35.19647146610161,35.45479305592857,22735400
2023-05-09,35.5562858581543,35.67621889898207,34.845897800635484,35.00273493988804,18999100
2023-05-10,35.31639862060547,36.19285125131962,34.96582038381351,36.16517494824844,17941600
2023-05-11,35.3625373840332,35.50092244575482,34.51376089079581,34.83666288751406,18536200
2023-05-12,34.58757400512695,35.54705586908052,34.30157253912669,35.48247546052696,17658600
2023-05-15,35.768470764160156,36.072920706407906,34.559888219194356,34.68904901404902,24405800
2023-05-16,35.41789245605469,35.76847430491297,35.353312052234486,35.685441854377274,21821200
2023-05-17,37.327632904052734,37.46602148585585,35.87918076381618,35.9714409914742,29241600
2023-05-18,37.09699630737305,37.198480821895124,36.506544789464975,37.198480821895124,27213900
2023-05-19,36.930931091308594,37.32764136170464,36.55267287062499,37.207708317626675,19774900
2023-05-22,37.807373046875,38.038018321821305,36.99550069364106,37.087760915240146,27519400
2023-05-23,38.01957321166992,38.8591220248202,37.807379942342735,37.835056254186384,26116600
2023-05-24,37.70589065551758,38.09337656900442,37.53060150380198,37.724342700861506,21193700
2023-05-25,37.73357009887695,38.09337618099916,37.38298827964886,37.475244986061,17691800
2023-05-26,38.038021087646484,38.30557047068651,37.60440681302078,37.733571132651306,17399400
2023-05-30,37.807373046875,38.21330746380817,37.21692170611126,38.04724610366502,14752600
2023-05-31,36.72796630859375,37.33686988365598,36.25744783005508,37.17080495233276,27221100
2023-06-01,36.9586067199707,37.39221752108162,36.608024854064844,37.09699179801402,17079400
2023-06-02,38.04725646972656,38.33325443618552,37.253835944643214,37.47525349807153,16906100
2023-06-05,37.31840896606445,37.97344075098738,37.30918118353435,37.97344075098738,18443900
2023-06-06,38.065704345703125,38.397834189507876,37.14312301040925,37.27228735361993,18825100
2023-06-07,38.8129997253418,38.87758014263903,37.816613630349565,38.24100023526535,17781800
2023-06-08,39.08976745605469,39.11744728734746,38.34247887914669,38.471639693952106,17157300
2023-06-09,38.86834716796875,39.182024918571756,38.77608693581022,39.05286411291781,11098900
2023-06-12,38.59157943725586,39.44957685221237,38.20409344141461,38.849901088237665,19433400
2023-06-13,39.34809875488281,39.984678664217746,38.31480503620594,38.453193656194266,18864000
2023-06-14,38.82222366333008,39.66177252437022,38.739191203694524,39.44035145888594,14826100
2023-06-15,39.08055114746094,39.135903782578055,38.39783931960838,38.58235631519304,14188200
2023-06-16,38.91447830200195,39.43112508086294,38.803769534877546,39.28351221824098,36422100
2023-06-20,38.64693069458008,38.87757602316494,38.13951167556707,38.85912397455394,16679600
2023-06-21,38.425514221191406,38.711512184213746,38.31480192643903,38.61002767370833,11686500
2023-06-22,37.881187438964844,38.40705847056775,37.75202310753535,38.33325028117946,11504400
2023-06-23,37.46602249145508,37.58595903094572,37.18002105709059,37.39221430734763,18952000
2023-06-26,37.44757080078125,38.028797938355154,37.327634260152486,37.622859960647936,13618500
2023-06-27,37.7427978515625,37.88118644334421,37.216926833780924,37.47524845111417,11749600
2023-06-28,37.47524642944336,37.77047212457431,37.253828917779096,37.752020078707645,13959600
2023-06-29,39.163578033447266,39.218930660669216,38.16718851103051,38.26867302009538,23956300
2023-06-30,39.37576675415039,39.873961457636696,39.32041061397367,39.62486410589354,20062200
2023-07-03,40.0400276184082,40.224541052732384,39.43112413478117,39.56028494655537,9249100
2023-07-05,40.113834381103516,40.24299519961635,39.458802504720786,39.88318905679678,15722200
2023-07-06,39.56949996948242,39.95698583367991,38.969824409240445,39.87395339987811,14978600
2023-07-07,39.45880126953125,40.06770476586563,39.2927363596793,39.2927363596793,13506500
2023-07-10,39.043636322021484,39.661767559569036,39.00673222916563,39.40344242894606,16675800
2023-07-11,39.431129455566406,39.60641864957494,38.81299810519243,39.0713197635984,15401100
2023-07-12,39.91086959838867,40.45519276220266,39.68022424964323,39.95700148363274,13998300
2023-07-13,40.326026916503906,40.37215527664438,39.947768732362775,40.10460938008232,18034800
2023-07-14,40.18763732910156,41.80215438853053,39.94776425228324,41.28550766254082,30897600
2023-07-17,41.27629470825195,41.63610090269193,40.17842055464716,40.18764833978959,25173900
2023-07-18,42.06970977783203,42.16197002801811,41.14712839218336,41.30396905781535,24183200
2023-07-19,42.67860794067383,42.96460940093759,42.01435182039371,42.37415795208049,18932700
2023-07-20,43.48125457763672,43.58273907655449,42.63247801162563,42.78009086840563,18927200
2023-07-21,42.40184020996094,43.55506695752973,42.39261594450263,43.52739064178608,16215400
2023-07-24,42.82622528076172,43.20448701906528,42.40183869744321,42.41106648194109,12053200
2023-07-25,41.958988189697266,43.02918212961616,41.91285983836848,42.79853685360461,13537400
2023-07-26,42.84467315673828,43.20448281036437,42.54022316596946,42.88157725239761,19520900
2023-07-27,42.22654342651367,43.51815504016843,42.05125425934164,42.9553834447104,19509600
2023-07-28,42.56789779663086,42.65093024890051,42.04202677204581,42.48486534436121,12616400
2023-07-31,42.58635330200195,43.06609600747703,42.30957961175014,42.752418220026726,11696600
2023-08-01,42.17119216918945,42.58635447569337,41.82983805911668,42.44796586706923,12699200
2023-08-02,41.60841369628906,41.672994103371146,41.11022248727988,41.60841369628906,13911700
2023-08-03,41.9803352355957,42.20348452543785,41.38526218659729,41.571222292728415,12145400
2023-08-04,41.70138931274414,42.49171880145507,41.571218314976,41.93383853644259,10840800
2023-08-07,41.89665222167969,42.26856887689707,41.766477668114995,42.008226863555514,10860300
2023-08-08,41.357364654541016,41.42245015216569,40.33458950881588,40.892466216139844,14520000
2023-08-09,40.650726318359375,41.1435175975156,40.51125534842372,41.1156248222861,11973800
2023-08-10,40.60423278808594,41.273687754858194,40.557743648036535,40.91106749682123,11982200
2023-08-11,40.6600227355957,40.771597383429146,40.33459520154228,40.45546625882263,7316000
2023-08-14,40.66932678222656,40.82739058697993,40.23232100949403,40.47406669526225,10677000
2023-08-15,39.730224609375,40.223015874756264,39.53496809443835,40.10214482087777,13835900
2023-08-16,39.25603103637695,39.73022595252466,39.181645572804065,39.66514044534545,10076700
2023-08-17,39.48848342895508,39.748825478368595,39.29322334500054,39.48848342895508,12686000
2023-08-18,39.5163688659668,39.78601082242436,39.09795954506605,39.14444868141196,10797300
2023-08-21,39.507076263427734,39.86039657120934,39.16304881815931,39.65584364220265,12600400
2023-08-22,38.58657455444336,39.58145703631243,38.52148904978979,39.47917880131568,13634500
2023-08-23,38.68885040283203,38.71674317542179,38.32623017159006,38.64236126621784,11927400
2023-08-24,38.521484375,39.218832023284726,38.48429164917036,38.54008073791482,10363300
2023-08-25,38.33552169799805,38.86550559107089,37.907816020587205,38.71673824471524,12534700
2023-08-28,38.93989562988281,39.11655576610954,38.39131531045969,38.502889946661114,10314500
2023-08-29,39.05147933959961,39.39550328350847,38.726051763860774,38.930604719941805,14404800
2023-08-30,38.62376403808594,39.17234435040537,38.558678538903436,39.107258851222866,12536300
2023-08-31,38.391319274902344,38.78183231538014,38.223955529870686,38.7539395401729,21534900
2023-09-01,38.72604751586914,39.042178646292754,38.59587295295833,38.63306568521856,12890300
2023-09-05,38.62376403808594,39.311811757127714,38.40991117693005,38.72604226448521,14337200
2023-09-06,38.14026641845703,38.49359020723018,37.749749905203885,38.31692653939689,18775400
2023-09-07,37.59169387817383,38.14027426295608,37.47081927219966,37.870632275357615,13801000
2023-09-08,38.12167739868164,38.233252046718164,37.49871510467577,37.61028975271229,13921200
2023-09-11,38.42850875854492,38.79112899316758,38.3169305733581,38.47499789559253,15053800
2023-09-12,39.55355453491211,39.95336742054351,38.372712238616266,38.50288321591149,18393900
2023-09-13,39.28391647338867,39.86968947547115,39.163041891109614,39.71162216835339,15274200
2023-09-14,40.02775955200195,40.34389066922892,39.70233202554508,39.804610261544106,20764500
2023-09-15,39.934783935546875,40.269511440452064,39.61865279723578,39.67443835012381,47371800
2023-09-18,40.38108825683594,40.53915206101379,39.76742231392618,39.97197881052759,15849700
2023-09-19,40.185829162597656,40.66932404852916,39.8882943938543,40.49266034109802,15318100
2023-09-20,39.86039352416992,40.65072304534809,39.81390438689916,40.35318831054265,16788100
2023-09-21,39.349002838134766,40.139328750511645,39.32111006733596,39.74881577175419,14990500
2023-09-22,38.33552169799805,39.41408584579986,38.261139798266875,39.35830030772481,16780300
2023-09-25,38.642356872558594,38.69814241139527,37.90781653813323,38.01009475519162,10624000
2023-09-26,37.79624938964844,38.40991526648825,37.526607408958235,38.168166060733554,15219400
2023-09-27,37.99150085449219,38.30763193365565,37.61958068598449,37.77764799901302,11815500
2023-09-28,38.037994384765625,38.30763636075071,37.861334235099875,37.97290887978909,12454600
2023-09-29,37.99150085449219,38.48429206290533,37.731158864672956,38.30763193365565,13124500
2023-10-02,36.829254150390625,37.898518410043465,36.67118683998501,37.84273286851851,15102000
2023-10-03,35.95524978637695,36.699090254901094,35.76929321614014,36.615408379536845,19252900
2023-10-04,36.234188079833984,36.36435908462442,35.69490414925205,35.806478789516156,14343500
2023-10-05,36.541019439697266,36.65259408060996,35.89016086506777,36.03892823524932,11820600
2023-10-06,36.90363693237305,37.08959701796368,36.03892554923615,36.1598001369041,13976800
2023-10-09,36.91294479370117,37.00592308296438,36.35506441743877,36.36436437450171,12096600
2023-10-10,37.02452087402344,37.54520853584655,36.93154258118462,37.11749916686225,14429700
2023-10-11,36.90363693237305,37.38713173615126,36.494527581588535,37.201171650560624,14835900
2023-10-12,36.95013427734375,37.20117634564697,36.55961769362772,36.903641589908126,14878100
2023-10-13,38.08448028564453,38.71674246327033,37.628881789554406,37.96360924204968,28077900
2023-10-16,38.72604751586914,39.20953884767545,38.493598259583955,38.55868376759227,18419000
2023-10-17,39.032875061035156,39.39549529962548,38.52148745412845,38.52148745412845,16982300
2023-10-18,38.61446762084961,38.995684242515885,38.44710387993329,38.7725349525568,16053200
2023-10-19,38.289039611816406,39.25602931448396,38.27044324673888,38.56797799419137,16120300
2023-10-20,37.44292449951172,38.20535773303324,37.13608979614883,38.16816500288732,17498900
2023-10-23,36.70838165283203,37.54520029222309,36.65259256124138,37.43362210904179,13785800
2023-10-24,36.52242660522461,37.03381781486644,36.48523741925503,36.83855774077855,15097800
2023-10-25,36.28997802734375,36.45734178148276,35.871572188890504,36.327170760906704,13849000
2023-10-26,36.866455078125,37.17328626545726,36.243489199647236,36.280681933534275,15480300
2023-10-27,36.03893280029297,36.64330231333869,35.908761778257116,36.61540953630081,13582800
2023-10-30,36.66189193725586,36.81065929891957,35.973840672752665,36.35505725869677,14141900
2023-10-31,36.97803497314453,37.01522771230225,36.485243593436664,36.85716034432936,11919200
2023-11-01,36.829254150390625,37.1732779950708,36.52241948442924,37.154681632264634,19850300
2023-11-02,38.001869201660156,38.030014220172035,36.9512136924285,37.27954599929228,19998500
2023-11-03,39.04314422607422,39.26828647468923,38.52719756370333,38.621004746492716,16147500
2023-11-06,38.78047561645508,39.20261503469761,38.60224056364784,39.20261503469761,15148600
2023-11-07,38.499053955078125,38.64914758619187,38.217628844054154,38.63038543498835,13796900
2023-11-08,38.4427604675293,38.63975765134972,37.92681392863657,38.52718834324002,19418700
2023-11-09,37.89867401123047,38.817997817656035,37.77672183510357,38.74294922357366,14006500
2023-11-10,38.35833740234375,38.414623852714385,37.861152948869616,38.11443660776613,14706600
2023-11-13,38.24576950073242,38.517815319857455,38.020627269401345,38.21762806375892,12159700
2023-11-14,39.47466278076172,39.7560878806226,38.89304685206635,38.930571152984946,20183800
2023-11-15,40.18760299682617,40.36583804241269,39.46527637232191,39.46527637232191,17268100
2023-11-16,39.89680099487305,40.30017830725811,39.39023721664615,40.16884682480986,16931200
2023-11-17,40.300174713134766,40.328319727231104,39.812369551463796,40.178226106602665,13893800
2023-11-20,40.14070510864258,40.29079874161717,39.87803856705119,40.206370849411805,10369100
2023-11-21,39.96246337890625,40.084415564583665,39.54032752893263,39.9999876788861,16078400
2023-11-22,40.131324768066406,40.178231938864606,39.77485460390012,40.01875543088309,11862200
2023-11-24,40.26264953613281,40.44088816697424,40.084414483805496,40.15008021774262,5287200
2023-11-27,40.356468200683594,40.36584748800859,39.887425107107795,39.99999444758184,15715000
2023-11-28,40.684791564941406,40.75984016769525,40.14070350903341,40.30955928671521,15332900
2023-11-29,41.06941223144531,41.40712383222982,40.928701450128315,40.98498433124919,16746000
2023-11-30,41.82925033569336,41.97934393623544,40.78797441633292,41.097544480364924,23247500
2023-12-01,42.232627868652344,42.43900791285783,41.63225346206955,41.75420205317848,18116100
2023-12-04,42.326438903808594,42.52343968155146,41.7635887407223,41.94182379071301,13424000
2023-12-05,41.735450744628906,42.18573162789857,41.66040214149345,42.166969477114705,14531700
2023-12-06,41.74483108520508,42.44839565405685,41.67916534506007,42.0262561970429,18923800
2023-12-07,42.589111328125,42.62663205329686,41.88554673732017,42.016878221708076,18787800
2023-12-08,43.24576187133789,43.470904079130435,42.32643804833682,42.55158025612936,20238400
2023-12-11,43.15196228027344,43.358342375434205,42.74858495528537,43.05815509802652,21116900
2023-12-12,43.59286117553711,43.864903418397255,42.973724507400036,43.09567312096981,19787100
2023-12-13,44.80298614501953,44.8217482945918,43.48028501754477,43.620999350079714,26549100
2023-12-14,47.38272476196289,47.420249062767525,45.44088692675177,45.44088692675177,41115400
2023-12-15,47.19511032104492,47.62662904389656,46.82925375669929,46.9981095314698,44099200
2023-12-18,46.58534622192383,47.354576383072306,46.46339405144504,47.28891065554844,20531700
2023-12-19,46.98872756958008,47.2044869187186,46.257021639587336,46.594729591381935,20556400
2023-12-20,46.2851676940918,47.43901315213804,46.23826410542606,46.744831451450594,20481500
2023-12-21,46.38835525512695,46.74482895124605,46.08816800950484,46.54782816376372,11127700
2023-12-22,46.13507080078125,46.77296958136617,46.05064291574754,46.585351661456336,10450400
2023-12-26,46.566593170166016,46.59473460788349,45.994360079814335,46.11631227411415,8856600
2023-12-27,46.275779724121094,46.500918338875145,46.10692397379868,46.35082473620119,12536700
2023-12-28,46.41650390625,46.575980418190554,46.05065086743581,46.09755446088369,9872600
2023-12-29,46.1725959777832,46.51030752433486,46.163213113426636,46.29454458630467,11733600
2024-01-02,46.275779724121094,46.67915337376492,45.797353905369654,46.013113235556354,14916000
2024-01-03,45.66602325439453,46.050638341675636,45.32831174780354,46.050638341675636,21653600
2024-01-04,46.228878021240234,46.77296963171299,45.750455724543656,45.797359309943054,15917500
2024-01-05,46.82925796508789,47.34520820020578,46.23826627879492,46.3414563258185,15074800
2024-01-08,46.82925796508789,46.89492728652393,46.10693479295204,46.32269417376743,15119700
2024-01-09,46.23826217651367,46.39773508702734,46.01311995039018,46.378972936640864,13625200
2024-01-10,46.041259765625,46.078780483646334,45.60035822762095,45.96621117255457,11849800
2024-01-11,46.003746032714844,46.041270337866585,45.347085006618144,45.86303167765316,21049200
2024-01-12,44.46527862548828,45.75983475207694,44.0900427873815,44.981225218999484,30454100
2024-01-16,43.921180725097656,44.146322911406386,43.358330627096294,43.87427714668315,25209900
2024-01-17,43.780479431152344,44.1463360400198,43.34896065578833,43.377105674017955,17445600
2024-01-18,43.56471633911133,43.73357212007223,43.26452907929514,43.667906380644595,17901300
2024-01-19,45.14069747924805,45.196983927714165,43.50842983738587,43.74295133822352,25606900
2024-01-22,45.52531814575195,45.90055402422867,45.17822728419545,45.24389302615169,19372200
2024-01-23,46.07878875732422,46.17259951550644,45.40336919098482,45.637890718668594,16422100
2024-01-24,46.425880432128906,46.98873063367024,46.20073820440379,46.313307529009194,17776000
2024-01-25,46.79173278808594,46.848015660370216,46.43525909005706,46.60411486393841,17979600
2024-01-26,47.20449447631836,47.37335026850708,46.68854781285933,46.75421355665332,19211100
2024-01-29,47.23263168334961,47.53281893622877,46.894923707746294,47.05439662023833,16725200
2024-01-30,48.0206184387207,48.095667032323746,47.485909734097696,47.49529259755503,14736800
2024-01-31,47.073158264160156,48.255145112334624,47.054396113742875,47.851767824648775,20394400
2024-02-01,46.03401565551758,47.205414326062055,45.2310432887532,47.063711624327446,27566100
2024-02-02,46.440223693847656,46.82754030669065,45.401082616556465,45.8167383267431,19329000
2024-02-05,46.005672454833984,46.21349850089271,45.5711228269441,45.92065156210343,14202700
2024-02-06,45.61835861206055,46.402437022490176,45.35384714999875,45.83563343913501,13926600
2024-02-07,45.79784393310547,45.91120392498851,44.824829828506914,45.769504836047005,15839600
2024-02-08,45.67502975463867,45.81673243041905,45.401076773724675,45.51443675215973,10839200
2024-02-09,45.40108108520508,45.599461967217714,44.84372269980119,45.55222893868839,16594000
2024-02-12,46.213497161865234,46.563029490546015,45.231037945461,45.34439793126745,14101900
2024-02-13,45.571128845214844,46.015123695977266,44.9570885828855,45.72227671851367,13660100
2024-02-14,45.8450813293457,46.02457190420967,45.306616812052816,45.91120829787995,12683400
2024-02-15,49.160884857177734,49.548201439335465,45.93009468094223,46.03400950116851,46473600
2024-02-16,49.038082122802734,49.42539875248548,48.480723694366645,49.066421221378505,24359700
2024-02-20,48.905826568603516,49.349824984355735,48.43348905521578,48.65076387893623,19839100
2024-02-21,49.74658203125,49.7654759624252,48.301230531011726,48.78301316320818,18562500
2024-02-22,50.41730880737305,50.927434223510936,49.83161125753853,49.90718699488466,20467900
2024-02-23,50.88019943237305,51.031347298195996,50.464540098622905,50.56845493206044,20863500
2024-02-26,51.1352653503418,51.54147594099415,50.71016082481613,50.77628779504794,18099900
2024-02-27,51.777645111083984,51.85321724749637,51.23918057591584,51.27696484229722,19548200
2024-02-28,51.692623138427734,52.35389283207391,51.55092043056095,51.71151707305327,20045200
2024-02-29,52.51449203491211,52.618406878594186,51.90045174241789,51.99492142015148,28335600
2024-03-01,52.01380920410156,52.66563368694915,51.8626613412536,52.33499886310965,17761000
2024-03-04,52.72230911254883,53.43081530967169,51.70205845894046,51.834312372486245,19483500
2024-03-05,53.46860885620117,53.940946403000304,52.36334072644298,52.627848599482654,21786100
2024-03-06,53.95038986206055,54.214897709066754,53.15686271739277,53.6764332470046,25418600
2024-03-07,53.846473693847656,54.48885296655741,53.72366493780486,53.893706721972094,18116300
2024-03-08,53.912601470947266,54.356599870073325,53.73311451989481,54.044855393159516,17872500
2024-03-11,53.931495666503906,54.177109579861565,53.393031207068674,53.638645120426325,16622000
2024-03-12,54.422733306884766,54.89507085878809,53.940946985899636,54.082649692930445,23622800
2024-03-13,54.62110900878906,55.20680650831434,54.43217328530211,54.43217328530211,17444900
2024-03-14,54.196006774902344,54.9139618331374,53.95983801168148,54.66834430134407,24851100
2024-03-15,54.3282585144043,55.07455264095647,53.71422191698667,53.71422191698667,40782800
2024-03-18,54.57387924194336,54.63056104347335,53.95039383971105,54.41328260609974,16376500
2024-03-19,53.855918884277344,54.73446690168681,53.770897992152264,54.460513896971825,14504800
2024-03-20,54.129886627197266,54.328267548413194,53.16631751945587,53.487507222036335,22841600
2024-03-21,54.64944839477539,54.90451108228302,54.27158054945422,54.40383447549909,18141700
2024-03-22,53.96928405761719,54.81004423568499,53.95983528952139,54.61166334946321,13736600
2024-03-25,53.59141540527344,54.158222600119956,53.25133180909539,53.92205383651291,15028200
2024-03-26,53.5441780090332,53.98817640159307,53.459157116918526,53.9787276337753,11445900
2024-03-27,54.422733306884766,54.45107240683111,53.260783361640534,53.260783361640534,13762800
2024-03-28,54.75337219238281,54.86673580783315,54.375504285164425,54.46997036105657,14619000
2024-04-01,54.422733306884766,54.6777960173505,54.092094858362714,54.6777960173505,11039500
2024-04-02,54.17710876464844,54.791148944276685,54.02596091170674,54.1865575325099,14632900
2024-04-03,53.96928405761719,54.7533624380577,53.70477260567231,54.03541101969112,13226500
2024-04-04,53.5441780090332,54.791148690949086,53.41192408877683,54.536086014605054,12361900
2024-04-05,54.22434997558594,54.4321760386498,53.44026794473102,53.49694974573901,11081000
2024-04-08,54.59276580810547,54.77225274991997,54.13932226800916,54.20544922571181,15308800
2024-04-09,54.39439392089844,54.78171056727643,53.72367186194915,54.50775392373725,10643800
2024-04-10,53.789794921875,54.12987850932836,53.298563473736735,53.648095829535606,16475200
2024-04-11,53.553627014160156,53.84647757548091,52.552273772600806,53.82758364213931,18995600
2024-04-12,53.345794677734375,53.84647123960163,52.27831099326094,52.873457210720325,27876700
2024-04-15,53.818138122558594,54.772258326299664,53.60086329603636,54.42272957090731,19407500
2024-04-16,53.28911590576172,53.80868642820597,52.5806096650698,53.752008235286034,25620000
2024-04-17,54.01652145385742,54.44162596130477,53.515844813780234,53.733119650109,18867700
2024-04-18,55.490211486816406,55.85863416289635,54.05430504399648,54.44162165265093,24468500
2024-04-19,57.011138916015625,57.483476450046076,55.60357508264855,55.73582901559317,34334300
2024-04-22,57.719642639160156,58.08806892631458,57.00169120510508,57.05837300397097,21753400
2024-04-23,57.56849670410156,58.34312996292416,57.44569154125972,57.78577153487869,21731200
2024-04-24,57.24730682373047,57.577945254778435,56.72773626482577,57.24730682373047,19731600
2024-04-25,56.6143798828125,57.587394097279486,56.30263536537187,57.25675924876631,24002500
2024-04-26,56.59547805786133,57.08670948120297,56.09480147030021,56.472669301113655,18785900
2024-04-29,56.49156951904297,56.96390706285378,56.075913777803265,56.548251321614075,15338400
2024-04-30,56.03812789916992,56.671062104247746,56.01923396430868,56.30263577992803,18007700
2024-05-01,56.227054595947266,56.82220083553033,56.047567649123366,56.28373639140961,16365400
2024-05-02,56.51991271972656,56.82220846213478,56.03812640275442,56.79386575877498,15329500
2024-05-03,56.623817443847656,56.92611315150454,55.849184242520764,56.70883833685422,17298500
2024-05-06,56.859989166259766,57.511817247971045,56.529354344847725,57.12450062703868,16240100
2024-05-07,56.92611312866211,57.2567515362879,56.73718101418919,56.94500706083922,16268200
2024-05-08,57.84244918823242,58.03138490690662,56.77496544082496,56.82220207323033,18718400
2024-05-09,58.22248458862305,58.307994259011494,57.46240064315136,57.7094301906585,14224300
2024-05-10,58.802059173583984,58.87806939252187,58.39351330770966,58.39351330770966,14428200
2024-05-13,58.20349884033203,59.06809525748432,58.155994259594095,58.868573843764686,15203500
2024-05-14,58.802059173583984,58.89707194725634,57.97546797665146,58.48852608138202,14499600
2024-05-15,59.22960662841797,59.42912801332652,58.783055660355984,59.09659237181227,17489600
2024-05-16,58.01347351074219,59.362622287464056,57.92796382599455,59.3341202673371,21104100
2024-05-17,58.032474517822266,58.55503207762427,57.85195206352158,58.34600760395681,15795800
2024-05-20,57.67143249511719,58.707048136460315,57.56692025962171,57.93746100411177,15029000
2024-05-21,58.393516540527344,58.62154358559845,57.74744414125396,57.78544925282696,18422100
2024-05-22,57.889957427978516,58.38401297059619,57.49091103324758,58.24149562439942,10340500
2024-05-23,56.70233154296875,57.74744678856912,56.398297885180746,57.71894476576621,13056100
2024-05-24,57.20588302612305,57.37690240096319,56.8828468319102,57.04436674120005,9913000
2024-05-28,56.51230239868164,57.177377299471644,56.23677079881103,56.977855916544634,11276300
2024-05-29,55.818729400634766,55.99924824200942,55.50519267026275,55.932741109694184,12835000
2024-05-30,56.25577163696289,56.426790995502415,55.676206435730776,55.88523090158276,13580800
2024-05-31,56.93035125732422,56.996862013467215,56.02775343340032,56.31278451592191,25386600
2024-06-03,56.37928771972656,57.196379423896985,55.676207715748156,57.196379423896985,13206500
2024-06-04,55.77122497558594,56.512306523038205,55.42918622311046,55.885236684955466,12520700
2024-06-05,55.75221633911133,55.980239732980046,55.22965880176515,55.92323569669612,11199100
2024-06-06,54.8496208190918,56.056255915242225,54.631096866549626,55.84723142830324,18587400
2024-06-07,55.44818878173828,55.75222242298476,54.69760414425052,54.69760414425052,14466700
2024-06-10,55.039642333984375,55.22966426391224,54.50758165505971,55.01114031302359,12787500
2024-06-11,54.27956008911133,54.86862483003965,53.69049172381603,54.86862483003965,19197800
2024-06-12,54.441070556640625,55.53369385584173,54.30805630269265,55.37217395864305,16929800
2024-06-13,54.412567138671875,54.745102764991486,53.86150395863767,54.583586496312385,15963700
2024-06-14,54.53607940673828,54.73560077331838,53.79499434972225,54.14653613773442,15375400
2024-06-17,55.33417510986328,55.34367457515481,54.222549203683016,54.35556346396496,18361100
2024-06-18,56.103763580322266,56.103763580322266,55.01114375746622,55.3056743241475,15547400
2024-06-20,56.018245697021484,56.246272718744954,55.66670751188242,55.809224853505405,11985500
2024-06-21,55.2011604309082,55.543199191134555,54.460078866662414,55.39118236707473,62732600
2024-06-24,56.06575012207031,56.4932985214489,55.36267375364024,55.571698220973445,16198300
2024-06-25,54.3460578918457,56.05624777712191,54.32705533903119,55.83772385630456,26726900
2024-06-26,54.16553497314453,54.91611949302953,53.99451924805943,54.36505996374874,30425700
2024-06-27,54.555084228515625,54.60259242752852,53.519472178382244,53.59547877294277,13832200
2024-06-28,56.42679214477539,56.483799806905175,55.19165512689612,55.19165512689612,31074500
2024-07-01,57.566917419433594,57.58591997261948,56.597808953152175,56.63581405952394,14470200
2024-07-02,57.92796325683594,58.12748464449782,57.139373546981766,57.47191281745162,9543700
2024-07-03,57.633426666259766,58.08947708641973,57.158373692213985,57.95646283358556,6698800
2024-07-05,56.645320892333984,57.63343204033439,56.160768408346094,57.48141521943948,11436300
2024-07-08,56.06575012207031,57.395899892500005,55.733214491646166,56.97785458220014,12480000
2024-07-09,56.8923454284668,57.405399888099296,55.9802409599018,56.13226139163478,12233800
2024-07-10,56.74032974243164,56.996858789500834,56.4172935673482,56.56931037771884,12097200
2024-07-11,57.15837097167969,57.68092849338486,56.32227676233157,56.43629208021976,16852800
2024-07-12,53.718994140625,54.08003181128778,52.82589218051859,53.395957955465256,53042800
2024-07-15,54.8496208190918,55.33417692529274,54.194048961465285,54.20354842706847,27277300
2024-07-16,57.2343864440918,57.59542411082201,54.659596456143575,55.14415254078859,25577300
2024-07-17,57.8709602355957,57.956469926363376,56.90185161501771,57.158380687320744,17371100
2024-07-18,56.284278869628906,57.785444407212715,56.04675237876586,57.59542248964895,17739000
2024-07-19,56.2747802734375,56.78783840451324,56.16076856354297,56.341287406239886,12362800
2024-07-22,56.189266204833984,56.426792696145846,55.61920407543219,56.30327790584102,13638600
2024-07-23,56.69282150268555,56.920848530257075,56.09425735099775,56.24627416125655,10927800
2024-07-24,56.47429656982422,57.205878588924506,56.407789443030246,56.78783327416716,10777100
2024-07-25,56.72132873535156,57.6999367522844,56.48380223614521,56.58831447569468,14119600
2024-07-26,57.37689971923828,57.433907382976145,56.597813103320874,56.86384161869754,12538900
2024-07-29,56.616817474365234,57.794950525512945,56.38879043646455,57.709440839346044,8986200
2024-07-30,57.01585006713867,57.699927434176956,56.90183838075435,57.4433984215376,11503900
2024-07-31,56.37928771972656,57.12036920752457,56.24627346544144,56.835338144861225,11535800
2024-08-01,54.04203414916992,56.37929420601829,53.699995384876594,56.30328398090109,17752700
2024-08-02,50.60264587402344,52.797392121581865,50.1655979673859,52.42685134750365,27642600
2024-08-05,49.51951599121094,49.78554809433884,47.64780992734776,48.74042948252348,28594000
2024-08-06,49.747554779052734,50.3176169755911,49.45302059036658,49.671544553185186,18723500
2024-08-07,49.68103790283203,50.82116569673534,49.54802365801047,50.49812954886884,18407500
2024-08-08,50.12759017944336,50.65965083587444,50.02308156554979,50.3271151908342,16176000
2024-08-09,50.51053237915039,50.57755123144053,49.84995241166148,50.070145734157784,11669000
2024-08-12,49.84037780761719,51.19026108172244,49.47657841648083,50.654135855419085,18090100
2024-08-13,50.6158447265625,50.702007651487556,49.601041001950364,50.12759058669029,12268600
2024-08-14,51.37216567993164,51.48704836773874,50.472244596675594,50.76902517784849,13217200
2024-08-15,52.24336624145508,52.81778332415841,52.10933583229462,52.17635103687485,16549400
2024-08-16,52.97096252441406,53.06669748284296,52.28165913715136,52.4444092968914,19173900
2024-08-19,54.043209075927734,54.05278111089185,52.903943356306975,52.99010627920221,12792900
2024-08-20,53.75600051879883,54.301697812797364,53.53580354215317,53.64111418696947,12533500
2024-08-21,53.095420837402344,54.04321305910553,52.84650773738953,54.03363737138111,13691700
2024-08-22,53.5740966796875,53.96661583306983,53.28688816658776,53.32518360888223,15683000
2024-08-23,54.28255081176758,54.952706481454506,53.91875139358532,54.01448635266005,17074400
2024-08-26,54.30169677734375,54.71336366174604,54.12937093494026,54.58890529733141,9478800
2024-08-27,53.86130142211914,54.49316156752569,53.76556647513947,54.29211598763591,7638500
2024-08-28,54.636775970458984,54.914412471906736,53.641116301025114,53.66983971114174,11905200
2024-08-29,54.90483856201172,55.30693344816984,54.10065244175027,54.86654676737436,9283300
2024-08-30,55.97708511352539,56.08239575829427,54.93355800489992,55.000573205742924,20377300
2024-09-03,55.881343841552734,56.436616795861326,55.43138517905044,56.12068487660554,15933600
2024-09-04,55.64200973510742,56.48449130597529,55.25906622257099,55.99623714057352,10985800
2024-09-05,54.43572998046875,56.178132563805164,54.129373723094524,56.120689396027,18301000
2024-09-06,51.697669982910156,54.35914145411354,51.40088574789816,54.263406489041195,21853800
2024-09-09,52.262516021728516,52.73162612431075,52.10933788350766,52.3965464361649,17134800
2024-09-10,51.64979934692383,53.70813018674765,51.10410204480807,53.612395227520345,24650000
2024-09-11,51.439178466796875,51.56363683643443,50.194605726585124,51.4296064316192,17322000
2024-09-12,49.37127685546875,52.023176415277185,48.07883650614328,51.439183605622496,42594200
2024-09-13,50.52968215942383,50.77859890077188,49.54359818545298,49.64890883355756,24762000
2024-09-16,51.49662399291992,51.630654403874665,50.55840746418196,50.55840746418196,18066200
2024-09-17,52.18592071533203,52.72204597981397,51.66894682507059,51.66894682507059,15885200
2024-09-18,51.94658279418945,52.83693184221482,51.79340465969341,52.1380563753232,20109000
2024-09-19,53.42091751098633,53.62196310099318,52.31995095710052,52.66459897480326,21399000
2024-09-20,53.89003372192383,53.89003372192383,52.5401502952212,52.990109002752256,45276000
2024-09-23,52.76034927368164,54.110232844746726,52.559303639110375,53.86131607161125,14759300
2024-09-24,51.8508415222168,52.83692541482875,51.496617814044775,52.769910217392265,16365600
2024-09-25,51.32429504394531,52.01359843254167,51.132821474662485,51.96572730118003,10555700
2024-09-26,53.98576736450195,54.675070766235486,51.04665952396709,51.73596292570061,34463400
2024-09-27,53.51666259765625,54.205962368615374,53.420923982207235,54.205962368615374,13530400
2024-09-30,54.08150863647461,54.1102283956076,53.114568689042684,53.28689454795026,16284200
2024-10-01,53.028404235839844,53.64111676010304,52.84650634646631,53.6123970017953,11069400
2024-10-02,52.942237854003906,53.43049562570146,52.57843844694262,52.970961262491954,9007200
2024-10-03,52.63587951660156,52.85607282862087,52.0901822537593,52.73161812099322,8135300
2024-10-04,54.531463623046875,54.69421743512301,53.593247151013415,53.60282283810561,14582800
2024-10-07,54.722938537597656,55.17290088857372,54.37828683489724,54.78995374067222,11177800
2024-10-08,54.856971740722656,55.795188283657765,54.82825198138485,55.795188283657765,12073000
2024-10-09,55.08673858642578,55.26863647510783,54.636776230356595,54.876117287490466,12415300
2024-10-10,55.287784576416016,55.900497102544506,54.90483742155834,55.259064818020846,12744000
2024-10-11,58.389644622802734,59.08852005603685,57.36526156087917,57.40355700567259,37049200
2024-10-14,59.509761810302734,60.64902395643974,58.34177625318333,58.65770820960604,30758800
2024-10-15,60.3426628112793,61.098981386394456,59.576772201313396,60.22778013279804,24693400
2024-10-16,61.1660041809082,61.34790573414754,60.42883323602156,60.54371958082165,17412600
2024-10-17,61.635101318359375,61.96060892734195,60.79262349623715,61.74041195913826,15073500
2024-10-18,61.61595916748047,62.01805036982252,61.10855732108089,61.66383029809173,19234000
2024-10-21,61.29045486450195,61.931894450496536,61.1947199022087,61.73084883844788,15603400
2024-10-22,62.04677963256836,62.42972682380165,61.27131686580082,61.290460938512915,26164900
2024-10-23,61.807430267333984,62.27654398317422,61.13727825057533,62.00847587236158,18380900
2024-10-24,62.64033126831055,62.77436165351667,61.58723225421608,61.855293024628324,18393300
2024-10-25,61.778709411621094,63.13816479522249,61.510648609683805,63.042429837974744,14855500
2024-10-28,62.81266784667969,62.946698254832704,62.046773539425786,62.22867508082321,16158900
2024-10-29,62.515892028808594,63.186044120564524,62.45844520372238,62.697786279936636,13205500
2024-10-30,62.62119674682617,63.5689852735827,62.35312863144103,62.35312863144103,16021700
2024-10-31,62.15208435058594,62.94669841820506,61.87444784608855,62.32441020495985,12963200
2024-11-01,61.92231750488281,62.783946756234144,61.86487798949582,62.43929505569361,13313900
2024-11-04,60.984100341796875,61.89359706327242,60.36181215024661,61.80743048703478,12607400
2024-11-05,61.33832550048828,61.74999240871073,60.90751086955146,61.2713102970153,13447200
2024-11-06,69.38018798828125,71.1034392464299,66.96762600111981,70.17480206443972,63689100
2024-11-07,66.8431625366211,68.61428469701468,66.76657165406897,68.58556494208479,18681200
2024-11-08,67.44015502929688,67.52681075317004,66.78539595731552,67.41126978800581,14270900
2024-11-11,69.86661529541016,70.53100527265202,68.38377826205932,68.38377826205932,17117800
2024-11-12,69.9051284790039,70.64655063777917,69.43331905281698,70.07844727685564,17848200
2024-11-13,70.06880950927734,71.21463963472664,69.96289941465636,70.04955513194491,18823000
2024-11-14,70.09770965576172,70.74283788581454,69.81847340405321,70.14584927738298,13654800
2024-11-15,71.58053588867188,71.64794457888668,70.18436204276044,70.2902794899615,18837000
2024-11-18,71.33981323242188,71.92717092934605,70.98355214642199,71.73459776643774,18439600
2024-11-19,70.70433044433594,71.40723659113694,70.41546329442939,70.88728012902321,15412900
2024-11-20,70.8487548828125,71.04132806045193,69.74144074589618,70.93541060889149,14415400
2024-11-21,72.05236053466797,73.21744523529216,71.1953973470502,71.1953973470502,20068200
2024-11-22,73.1404037475586,73.25595205511011,71.78274602825644,71.80200040641732,14997400
2024-11-25,74.04551696777344,74.44029417966843,73.15003774787051,73.37149616410055,28636600
2024-11-26,74.47880554199219,75.22985115999151,73.52555589962344,74.62323908688327,19139100
2024-11-27,74.34400939941406,74.90248190415313,73.5929637153423,74.49807381983695,19793900
2024-11-29,73.34259796142578,75.14318694562303,73.31371272495217,74.80618027644023,9785000
2024-12-02,72.48564147949219,74.09365012067815,72.02346296219321,74.09365012067815,18274500
2024-12-03,71.3879623413086,73.03448717609366,71.27241403237446,72.99597107311563,15047900
2024-12-04,70.34805297851562,71.49388322201476,70.01104624401466,71.30131004407016,14301100
2024-12-05,70.92577362060547,71.84050705994076,70.38655560248239,70.67542266026956,17766700
2024-12-06,71.57091522216797,71.9464380603978,70.99318834382946,71.24353200518546,14798100
2024-12-09,69.92438507080078,71.78274474336669,69.73180456166205,71.55164813240022,15517500
2024-12-10,69.37554168701172,70.77171544784491,69.23110814543016,70.77171544784491,12277100
2024-12-11,68.94225311279297,70.21325527772001,68.79781954596564,69.89550289993916,11867400
2024-12-12,68.17195129394531,69.38517559406101,68.16232043074548,69.21185678744503,12446700
2024-12-13,67.8253173828125,68.41267518472654,67.4209019145036,68.22009464119931,16794500
2024-12-16,69.30814361572266,69.60663422852518,67.22831814973033,67.85419196197036,24602500
2024-12-17,68.18156433105469,68.8844703126778,67.76752543145643,68.4126609351526,15595900
2024-12-18,66.20767211914062,68.84596290645304,66.06323855988789,67.9889997600684,21201200
2024-12-19,66.29432678222656,68.06603087795934,66.12100798314614,66.82391404224893,16444600
2024-12-20,67.72901153564453,68.40303230024645,66.21728942905085,66.60244310222404,50113400
2024-12-23,67.92160034179688,68.06603390515346,67.03575192763087,67.13203852113654,11817000
2024-12-24,68.9326171875,68.9326171875,67.92159698634255,68.04676881709656,4442700
2024-12-26,69.09630584716797,69.17333070306773,68.47043206098841,68.77855352317287,6964300
2024-12-27,68.47044372558594,69.07705589148641,68.00825778047388,68.53784507735266,7219500
2024-12-30,67.79643249511719,68.17195537422855,67.180182098779,67.79643249511719,8443800
2024-12-31,67.63272857666016,68.2874876522683,67.45940978175813,67.91196482101319,7031500
2025-01-02,67.5845947265625,68.56672975072985,67.17055575595748,67.86383099475624,8303300
2025-01-03,68.66302490234375,68.76894237403678,67.15130239732179,67.7386602508205,9152800
2025-01-06,69.35628509521484,70.53100054591005,68.87484481845095,69.2599985091012,15565600
2025-01-07,68.9326171875,70.4154541620601,68.85559232421836,70.26139708930098,13522000
2025-01-08,68.91336059570312,69.40443173261095,68.42228945879532,68.8555901135477,16544700
2025-01-10,67.36312866210938,68.29712405787447,66.7661400209512,68.26823881407906,14466600
2025-01-13,67.91197204589844,67.98900426209353,66.9779766265732,67.30535987230412,10439800
2025-01-14,68.54747772216797,68.80745227253952,67.68088364393516,68.80745227253952,21909800
2025-01-15,73.13077545166016,73.96848418186558,70.91615457567356,72.56267944853609,33482900
2025-01-16,73.13077545166016,73.6025922144058,71.9175512376745,73.03448886508608,22897900
2025-01-17,74.21883392333984,74.38252185235518,72.69748090424358,73.15966679662309,20673700
2025-01-21,74.96025848388672,75.3839283283032,74.45956376919166,74.80620139713305,21057700
2025-01-22,74.66175842285156,74.92173293796107,74.00699935768455,74.690643663842,11669500
2025-01-23,74.55583953857422,75.39354824213409,74.17068585833306,74.8254449108844,12981800
2025-01-24,74.44993591308594,74.76768830923432,74.14181438093512,74.14181438093512,10393200
2025-01-27,75.04692077636719,75.14320737285229,74.0358931477826,74.52696433991194,10637100
2025-01-28,74.9891357421875,75.24911760855377,74.30549142272122,74.97951222580039,11562000
2025-01-29,75.46094512939453,76.04830280418604,74.72915391476667,74.86395659296194,9175400
2025-01-30,75.89424896240234,76.29865705325624,75.18171937191747,76.21200132501441,11276000
2025-01-31,75.875,76.34680947301605,75.40318318078741,75.76908253823363,14980600
2025-02-03,75.239501953125,75.59577047874016,74.1610728579473,74.36328428207835,12395200
2025-02-04,76.5201187133789,76.88601067884582,75.52835291929584,76.87637981638217,14665200
2025-02-05,77.0785903930664,77.367450148202,76.24088167616253,76.70306756905325,17931000
2025-02-06,78.39773559570312,78.474767805716,76.94379119923863,77.51188721914279,16988900
2025-02-07,78.0590591430664,78.66867349194602,76.53019513939857,78.63963826095707,17951400
2025-02-10,76.53987121582031,77.96229480988052,75.7173835420164,77.85585444689208,18357400
2025-02-11,77.06239318847656,77.3817142715071,75.29162069072214,76.22054871024979,16682800
2025-02-12,76.68501281738281,77.13980208721,76.27860821209767,76.63662815284079,13440500
2025-02-13,76.29796600341797,77.08175483654021,76.06573582960522,76.85919569072423,10093400
2025-02-14,77.39138793945312,77.73972946577679,76.33666280383089,76.6656622765577,17521300
2025-02-18,78.1655044555664,78.33000052925958,76.91725521275781,77.40107240535968,15318300
2025-02-19,77.74942016601562,78.03971343004994,77.38172176304127,77.72039231610506,13917400
2025-02-20,76.0850830078125,77.6816810930815,75.49482548912236,77.51718503245347,14807100
2025-02-21,74.99166107177734,76.87854507479126,74.82716500637903,76.35602902969826,18205400
2025-02-24,74.7207260131836,75.97864624417625,73.93694454866318,75.44645177884006,12989700
2025-02-25,73.54021453857422,75.5141896041896,72.50484602392183,75.34969352767114,15683000
2025-02-26,73.97565460205078,75.25293184727079,73.80148009668144,73.87889262850456,13466800
2025-02-27,74.14015197753906,75.39807229506891,73.90791440117822,74.4981719884487,13744400
2025-02-28,75.78511810302734,75.88188005656308,74.1111075152501,74.54654737985668,24698800
2025-03-03,74.53688049316406,76.42377209991163,73.84986091964412,76.30765330823849,18013400
2025-03-04,70.92760467529297,73.20154404528601,69.03103474931453,73.02736955749063,28858200
2025-03-05,71.75977325439453,72.21455523764509,70.09544084474012,70.84051611152199,20422000
2025-03-06,70.29863739013672,71.49850192363749,69.31164621353531,71.40173996459882,19460400
2025-03-07,68.75042724609375,69.91158557603161,65.89590132942753,69.91158557603161,21256900
2025-03-10,64.61862182617188,67.29897315607525,63.39940045705608,67.29897315607525,27582900
2025-03-11,65.10243225097656,65.80880851361078,63.660659261378875,64.66699978415704,24310700
2025-03-12,66.69903564453125,67.24090851492336,65.50884215281808,66.5732458374657,18462300
2025-03-13,66.24424743652344,67.4634687978911,66.0991008059499,67.37637786656126,17471500
2025-03-14,68.55690002441406,68.76978078683923,67.00868636468334,67.2118887154169,15762300
2025-03-17,68.5472183227539,69.24391628181053,67.81182148371833,68.18919831446321,11185000
2025-03-18,68.80848693847656,69.1665143458295,68.11178894712222,68.71172496911402,11102100
2025-03-19,70.40507507324219,71.44044349862233,68.53754054344839,68.83750481976122,14453200
2025-03-20,70.17283630371094,70.99533136604158,69.4567889876172,69.51484468332474,12388300
2025-03-21,70.17283630371094,70.42442328921669,68.8471820352965,69.63096345720366,32647100
2025-03-24,71.8758773803711,72.11778596465207,70.96629874108608,71.25659199520891,10688900
2025-03-25,71.83717346191406,72.2435855074224,71.44044720964666,72.05973261498922,9499100
2025-03-26,71.09209442138672,72.94027212720081,70.75342388707146,71.98231622086224,10848100
2025-03-27,69.94060516357422,71.18885428113494,69.88254946867586,71.18885428113494,10457600
2025-03-28,68.40206909179688,70.20186942941193,67.68601441470624,69.93092563181719,13555200
2025-03-31,69.46646881103516,69.73740523980106,67.30864102628267,67.63764053440127,14855300
2025-04-01,69.00201416015625,69.31165690632747,67.8408557076305,68.54722476180295,10661000
2025-04-02,69.9212646484375,70.12446698897521,67.94728956290226,68.27628171925912,8854100
2025-04-03,63.54454040527344,66.4958278662541,63.29296081176892,65.58624929484428,25880300
2025-04-04,59.006343841552734,61.51251702457192,57.777447740334686,60.71905713106613,31050800
2025-04-07,60.1578254699707,62.24791919920907,56.5291966754298,58.72572708200641,41305800
2025-04-08,60.07074737548828,63.505845183334166,58.90958531758271,62.59627383634398,27374200
2025-04-09,64.18318939208984,65.01535553904846,57.50651077734793,58.677347476565444,42744800
2025-04-10,61.067405700683594,62.89623406996703,59.49983905433097,62.84784939846592,29026000
2025-04-11,60.48682403564453,61.560898798092005,57.71939278358422,59.548221188299756,33867000
2025-04-14,61.05772399902344,61.93827477212627,60.38038292930124,61.11578338695619,28057800
2025-04-15,62.45112609863281,63.30264172708138,61.251257798571864,61.38672602622357,20903300
2025-04-16,61.90924835205078,62.87688644145435,61.31899077856913,61.82216110856607,17351000
2025-04-17,62.61561965942383,63.583254036572946,61.996334248645546,62.29629854317316,18961800
2025-04-21,61.93827819824219,63.05105920216555,61.34802064092104,62.12212370878536,17859100
2025-04-22,64.08643341064453,64.26060790840765,62.615624900097096,62.615624900097096,17536600
2025-04-23,65.74107360839844,67.25058068292175,65.25725648118318,65.25725648118318,20678800
2025-04-24,67.30863952636719,67.58925435918262,65.31531523132553,65.50883913828467,18420900
2025-04-25,67.47314453125,67.91825543353967,66.76676822780213,66.83450233505351,17775900
2025-04-28,67.18284606933594,68.27627011083767,66.44744197447334,67.55054442553552,16694100
2025-04-29,68.79879760742188,69.03102777352665,66.71838237522704,66.71838237522704,24563600
2025-04-30,68.71171569824219,69.09877090593427,67.08608973190665,67.4150818598433,23953000
2025-05-01,69.4858169555664,70.12445913930851,68.15048427473818,68.46980536660922,19672500
2025-05-02,71.41141510009766,71.7597640426319,70.51151489562817,70.6373046983629,18347400
2025-05-05,71.45979309082031,72.46613367001329,70.67601165362147,70.97597593058123,16070400
2025-05-06,71.10177612304688,71.78879563373637,70.21154689989739,70.77277660129364,18095100
2025-05-07,70.81148529052734,71.8952384701421,70.61796136459753,71.21788996445866,14310300
2025-05-08,70.93727111816406,71.59526276480318,70.27927947152494,71.30497689221966,19957500
2025-05-09,70.48971557617188,71.25834141724984,70.08108130814536,71.16104860433387,11136900
2025-05-12,72.85396575927734,73.21395732470299,72.06588434149666,72.96099007810751,20425500
2025-05-13,73.93394470214844,74.50798499583959,72.94154599804472,73.39883044650205,13635100
2025-05-14,74.21609497070312,74.42041212128511,73.77827356559406,74.17717635778754,14067100
2025-05-15,73.54475402832031,74.44959126874932,73.28206269792217,74.00203840250006,15303900
2025-05-16,74.1187973022461,74.28419582909481,73.33071585540675,73.51556997595759,13864600
2025-05-19,74.00204467773438,74.34258067748759,73.38909323951783,73.55449177353347,12720500
2025-05-20,73.47664642333984,73.8171823854318,73.03882507631508,73.43773523855289,10655600
2025-05-21,71.20970153808594,73.09720593678281,71.11240129835667,72.91235181182265,17711300
2025-05-22,71.40428924560547,71.89076076651733,70.51891493748838,71.16105348514954,9717000
2025-05-23,70.85945129394531,71.20971142127816,69.95461386882997,69.95461386882997,9260900
2025-05-27,71.9880599975586,72.08535282581286,71.07349850440806,71.61834428100556,11014100
2025-05-28,71.73509216308594,72.3480435936948,71.34591347031703,72.19236914740078,8711100
2025-05-29,72.49398803710938,73.04856527336005,71.34591495222614,72.39669521763784,14016600
2025-05-30,72.75667572021484,72.77613873690672,71.73509003286999,72.19236700360572,17042000
2025-06-02,72.69830322265625,72.72749032541327,71.28753139801572,72.25075032679425,11237500
2025-06-03,73.60314178466797,73.77827182717833,72.35777589257924,72.69830446885878,13193500
2025-06-04,73.34043884277344,76.66790946142885,73.34043884277344,75.59766624968734,29578000
2025-06-05,72.8734359741211,73.71016759146967,72.17291579001844,73.56422464928723,20138400
2025-06-06,74.26473999023438,74.68310577162505,73.77826849666224,74.08960995562977,10988000
2025-06-09,74.39122772216797,74.62473198518514,73.87556907247867,74.47879646015359,13453200
2025-06-10,73.40855407714844,74.28420435354698,73.09721258142527,74.0993502117833,14892900
2025-06-11,72.90261840820312,73.67124425969459,72.55235833858762,73.49611422488684,16442400
2025-06-12,72.00752258300781,72.50371823100417,71.1902465000702,72.31886408532525,14522500
2025-06-13,70.40216064453125,71.79346952177733,69.98379483045119,70.94700638455495,21168300
2025-06-16,71.17078399658203,71.72536122573084,70.95673534270597,71.41401975362916,16231500
2025-06-17,70.53836059570312,71.2291491673328,70.34377498393557,70.81078342136381,14156800
2025-06-18,72.7177505493164,73.10692919541734,70.60646622964785,70.68430344346109,23498300
2025-06-20,73.35990142822266,73.72961708458335,73.03882846658622,73.20422698998713,27677500
2025-06-23,74.92633819580078,74.94579378857591,72.79559077309378,73.09720071038451,17375700
2025-06-24,75.99658203125,76.61926498778965,75.61713483657635,75.61713483657635,16342300
2025-06-25,76.93059539794922,77.16409961731543,75.87981527635336,76.16196961027994,13954500
2025-06-26,77.79652404785156,77.93273547866914,77.04736117835482,77.29059693666711,18214800
2025-06-27,77.34896850585938,77.98138294050048,76.82357839506365,77.83544000589623,21324200
2025-06-30,77.95218658447266,78.90566645449637,77.74786946946757,78.30244661675711,21685800
2025-07-01,79.28512573242188,79.30458874995567,77.74788138073417,77.88409281160565,20967100
2025-07-02,80.13158416748047,80.1705027773105,79.05161686933596,79.70348688231593,15195100
2025-07-03,81.3380355834961,81.67856415839844,80.26779973824605,80.40401116820699,11237300
2025-07-07,80.11211395263672,81.32829256442413,79.29484548853887,80.72507272367528,18156000
2025-07-08,79.38240814208984,80.18995253562804,78.83756249004735,80.07320413759909,18303400
2025-07-09,79.57701110839844,80.28725536159823,79.25593812781793,80.19969405214876,16135400
2025-07-10,80.13158416748047,80.50129982641705,79.40187693484044,79.40187693484044,14348100
2025-07-11,80.31645202636719,80.44293195103972,79.2267531343047,79.53809461447021,12583100
2025-07-14,81.1726303100586,81.2601916122057,79.89807742570228,79.97590721995562,20194200
2025-07-15,76.72628784179688,78.88622255331715,75.61713338284855,78.56514957231468,53938000
2025-07-16,77.74787902832031,77.91327755752178,76.09387146740762,76.75547300717949,30567500
2025-07-17,77.55328369140625,78.46785246378495,76.95978788247528,77.31004794751539,21837600
2025-07-18,78.45812225341797,78.5846021700657,76.74574050967043,77.68949639925269,21236000
2025-07-21,78.10786437988281,79.25593743925435,78.00084005395246,78.5651487865005,14506600
2025-07-22,80.15104675292969,80.3553639051367,78.10786780789303,78.10786780789303,22437000
2025-07-23,81.43531799316406,81.65909812690725,80.37481379216156,80.75426093040697,19379200
2025-07-24,81.6007308959961,82.53475527166178,80.87102365660422,81.57153637112907,19031200
2025-07-25,82.03854370117188,82.17475511112656,80.9780395203868,81.84395809351236,14072400
2025-07-28,80.82237243652344,82.2136811842525,80.47211237255208,82.03855115226682,10627100
2025-07-29,80.41374206542969,81.43532778236843,79.97591325277067,81.36722206790584,12478200
2025-07-30,79.56727600097656,80.84182893398078,79.1099916110684,80.74453612022639,15579100
2025-07-31,78.4483871459961,79.71321594630899,78.1565087156693,79.14890725552536,14813900
2025-08-01,75.67549896240234,77.20301904650225,75.30578332588833,77.04735203958886,16071300
2025-08-04,75.48092651367188,76.40521947765808,74.82905642652511,76.39548796835192,13892100
2025-08-05,75.85063171386719,76.23007887164363,74.09933885250648,76.22034736368468,15765100
2025-08-06,75.51010131835938,76.68736137176886,75.46145120272007,75.80198716626424,14157000
2025-08-07,74.96526336669922,76.18144215316114,74.70256459196236,76.16197913571666,13105600
2025-08-08,76.18859100341797,76.51155022023751,74.72060270868323,75.46438553532305,14123000
2025-08-11,75.93412017822266,76.42344949747886,75.58180993760523,76.34516248099324,14408100
2025-08-12,77.78379821777344,77.86208524064361,76.48218033042339,76.5506861420432,14365200
2025-08-13,76.22772979736328,78.01867711023303,75.45458848525163,77.97952986406074,14415100
2025-08-14,77.71529388427734,77.8816640775793,76.05156955153696,76.60940473292922,16051500
2025-08-15,75.45458984375,77.95017269950426,75.36651413820694,77.84251963723571,15380400
2025-08-18,75.78733825683594,75.94391977890247,75.26865029846876,75.34693732621506,11660900
2025-08-19,75.87541198730469,76.11028799757555,75.38608261040571,75.51331302700665,10118500
2025-08-20,76.49197387695312,76.8051443880875,74.95547242347398,75.81669692902396,12101900
2025-08-21,76.16899871826172,76.40387468572641,75.43500478668375,76.21792716709015,9102700
2025-08-22,77.41190338134766,77.61742081688449,76.46260322679169,76.66812066232852,11282600
2025-08-25,78.47864532470703,78.78202713929396,77.18681611003,77.19659732131935,12017000
2025-08-26,79.77046966552734,79.88790392641252,78.07738689422669,78.11653413671276,14936600
2025-08-27,80.73934936523438,81.43419620317661,79.506237211561,79.52581456844611,15567700
2025-08-28,80.2304458618164,81.35589742653028,80.17172126082608,81.1112327443623,13963200
2025-08-29,80.42617797851562,81.042730315352,80.05429033406139,80.22066053290351,12041200
2025-09-02,80.03470611572266,80.07385335913642,78.72330706094093,79.96620030639187,13326000
2025-09-03,78.79181671142578,80.259804811428,78.31226855615874,79.98578156074602,11174000
2025-09-04,80.08364868164062,80.37724183174518,78.50800746971913,79.02669542148698,10822300
2025-09-05,77.27489471435547,80.26958812758039,77.02044134637578,79.89770048712838,20661400
2025-09-08,77.45105743408203,78.08718715231997,76.8834335337113,77.30425711963109,17107000
2025-09-09,79.03648376464844,79.72154191189466,77.3140422516916,77.61742407881867,17157300
2025-09-10,78.58629608154297,79.50623017624349,78.2046197883705,78.93861380855961,16460200
2025-09-11,79.51602935791016,79.65304099578555,78.0773996936444,78.48843460727053,17785800
2025-09-12,79.7215347290039,79.89769358907733,79.06583520906463,79.36921700885708,10498300
2025-09-15,79.672607421875,80.07385360157784,79.39857671714893,79.86833617296323,9563200
2025-09-16,79.65303802490234,79.86834415255443,78.37099740406818,79.8194082266066,10705900
2025-09-17,80.71977233886719,80.95464833470652,78.82117208385162,79.48666029420745,14746100
2025-09-18,81.71800994873047,81.73757983947348,80.1913046072555,80.80785696441099,13021100
2025-09-19,82.83367156982422,83.11748348812485,81.16016609287084,82.0409604140498,36482400
2025-09-22,83.34257507324219,83.46000933384065,81.9528741013852,82.08988571646542,14545000
2025-09-23,82.5694351196289,84.81056438196244,81.88436956700322,83.33278769167978,14818500
2025-09-24,82.31498718261719,83.54809928511689,81.87459373643983,82.84346379797421,9478700
2025-09-25,82.52050018310547,82.85324801927906,81.77671749039969,81.9039478983072,8514900
2025-09-26,83.19578552246094,83.81233786992598,82.75538458863677,82.88261500947607,8502600
2025-09-29,82.84346771240234,83.37194435273035,82.24648525573038,82.89239617174862,9833700
2025-09-30,82.03117370605469,83.30343303014689,80.89593347216763,82.85325091441811,11429000
2025-10-01,79.14413452148438,81.81586868452743,79.04626267480702,81.32653931743508,16961900
2025-10-02,78.78202819824219,79.32029348933168,78.33184607595535,78.97775695868913,11420000
2025-10-03,78.94840240478516,79.9466385469033,78.72331506548575,79.29093148626727,10124900
2025-10-06,78.96797943115234,79.72154340725804,77.87187890842466,78.84074901101025,12837700
2025-10-07,79.40836334228516,79.62366944286136,78.82116963762384,79.14412878848813,10371300
2025-10-08,78.0284652709961,79.59431777463514,77.84251771955424,79.52581196093136,11277400
2025-10-09,78.18504333496094,79.0266904184774,77.72507254901899,78.20462069033948,8432200
2025-10-10,75.96349334716797,78.72331066843479,75.96349334716797,77.91102213016575,16004300
2025-10-13,77.23574829101562,77.5391375868075,76.60940727590976,77.05958941385623,14229300
2025-10-14,82.75537872314453,84.22336679869647,78.67437366508777,80.75891404440507,36260600
2025-10-15,84.61483764648438,85.60328510987432,83.34258570605849,83.35236691797421,22909400
2025-10-16,82.20732879638672,85.56412835423544,81.22867012023926,85.13351614742714,22715600
2025-10-17,81.50270080566406,82.72602426268129,80.55340060836687,82.64772976945447,18799000
2025-10-20,84.18421936035156,84.30166109409198,81.31674902737409,81.83544441813083,15777200
2025-10-21,82.95111846923828,85.44669382371383,82.85325408669344,84.28209497825475,20101100
2025-10-22,82.08989715576172,83.34258668710181,81.36569173705149,83.33279800849688,18955000
2025-10-23,82.65751647949219,83.65575257792938,81.96266966844111,82.51071617483099,14157800
2025-10-24,84.56591033935547,85.02587370260322,82.95112182895456,82.99026907687279,14011400
2025-10-27,85.15310668945312,85.47605842800006,84.46804103011344,85.04545362107937,11682000
2025-10-28,85.04544067382812,85.43690563862958,83.94934026569867,85.20202217980481,13201000
2025-10-29,84.16465759277344,85.37819242556336,83.84169839375359,84.96715751766946,16444400
2025-10-30,84.15486145019531,85.39776220894899,84.04720839340331,84.24294461783127,14830000
2025-10-31,85.11394500732422,85.48583261082413,83.19577492627678,83.65574569195246,14776700
2025-11-03,85.4369125366211,86.01431761972748,84.01785285796564,85.28032355142858,12769300
2025-11-04,85.2705307006836,86.6112958211354,84.04720731337942,85.14330775637039,16737700
2025-11-05,85.09436798095703,86.41556315267715,84.07656953939309,85.51519150579664,15609400
2025-11-06,84.20379638671875,85.47604823101865,83.69488967574006,85.04544347546754,16800200
2025-11-07,84.6465072631836,84.69569296561465,82.67889902602683,83.73156913267252,15612100
2025-11-10,84.7055435180664,85.5909688347646,84.06606926123824,84.89246872543343,13138200
2025-11-11,84.79408264160156,85.64998745393449,84.65635066017258,84.7153765076907,13851500
2025-11-12,84.86294555664062,87.20439666190244,84.54812853823711,84.91213125917974,16775200
2025-11-13,83.32820892333984,85.48274242458233,83.10193817096234,84.76456959472152,15708000
2025-11-14,83.67254638671875,83.9676831297265,81.6163917996969,83.08225788904316,15397300
2025-11-17,82.0689468383789,83.67255253257845,81.20320182047067,83.31838241029087,14457100
2025-11-18,82.50181579589844,83.38724102322576,81.58687764529854,82.068939572354,14233900
2025-11-19,82.79695892333984,83.44626574406733,82.25586365120876,82.6198738802633,10959600
2025-11-20,81.06546783447266,84.64651453319598,80.98676169682743,83.68238311161797,12135800
2025-11-21,81.76396179199219,82.27553663669686,79.73732768736582,81.42946448497656,16169500
2025-11-24,83.28886413574219,83.71189272070949,81.07530476651087,81.74428439250387,27574500
2025-11-25,83.72173309326172,84.15460932851805,82.25586698636657,83.16096501842061,12966400
2025-11-26,84.17427825927734,84.99083748176986,83.75124218667048,84.03654628269183,9304300
2025-11-28,84.45958709716797,85.11873409438122,83.9283319408702,84.25298912069054,6545000
2025-12-01,84.01688385009766,85.15809286890129,83.79060557165094,84.43991997480443,9794000
2025-12-02,84.9219741821289,85.38436333494667,83.89881696236469,84.30218026787126,9484000
2025-12-03,87.90289306640625,87.94224613031454,84.86294206132753,84.86294206132753,14439300
2025-12-04,88.74897003173828,89.16216596663912,87.87338495290227,87.95209108502524,13433000
2025-12-05,88.37512969970703,89.63439782650252,88.09966573519928,88.53253446264142,11210900
2025-12-08,88.60139465332031,89.54584568658676,87.70613682727976,88.3751239140722,13267300
2025-12-09,87.45034790039062,88.78832210825003,87.34212884638511,88.77848196538686,17101700
2025-12-10,89.22119140625,89.39827643490736,86.76168128924745,87.49953432434822,22729100
2025-12-11,91.09041595458984,91.90697514050811,88.75880509409119,89.07362209873288,15505100
2025-12-12,91.2576675415039,91.90697432400859,90.62803353781418,91.61183760680805,12532800
2025-12-15,91.3954086303711,92.7333828981757,90.99204531903685,92.0643957642734,13885200
2025-12-16,90.69690704345703,91.6610309077566,89.94921378738695,91.57249213700318,12981100
2025-12-17,91.09041595458984,91.81843637631019,90.97236426899262,91.257668352235,14819000
2025-12-18,89.99840545654297,92.36936951581015,89.81148026926796,91.52329736033259,11844100
2025-12-19,91.50362396240234,91.62167565392222,90.11645654040517,90.12629668330844,37783900
2025-12-22,92.7530517578125,92.86127081209159,91.54297688662602,91.69054150079768,9512300
2025-12-23,92.93997955322266,93.14657752469391,92.50710332395144,92.7137012954227,8642100
2025-12-24,93.75653839111328,94.29762616950228,92.93997914613918,93.11706419317176,5506800
2025-12-26,93.7171859741211,93.9237839461196,93.1859308293406,93.81556488852561,5169400
2025-12-29,92.9891586303711,94.0615089839621,92.84159402257235,93.81555796319154,8624200
2025-12-30,92.7825698852539,93.34333796805174,92.46775284764512,93.1957733456025,6417800
2025-12-31,91.69053649902344,93.14656982800474,91.61183787770155,92.96948479482904,7919300
2026-01-02,93.65814971923828,93.80572183918822,91.30685846041314,91.78892788597163,9242600
2026-01-05,94.81903839111328,96.17669288055332,93.44171862766653,93.54993017551182,14384000
2026-01-06,94.8288803100586,94.9862925750178,93.5302591474648,93.85491631457073,12329200
2026-01-07,92.76289367675781,94.33697880664171,92.13325962480427,94.1598937604154,14589500
2026-01-08,94.05167388916016,94.60260930921844,92.66451396059797,92.73337994987652,12406000
2026-01-09,94.39600372314453,95.00596498876384,93.71718397415859,94.25827174475145,10261300
2026-01-12,93.42203521728516,93.9926433892448,92.36936514424282,93.29414338805124,15958100
2026-01-13,92.04471588134766,94.19924941874385,91.55281379561009,93.7467004005649,21998600
2026-01-14,87.80452728271484,89.32942683729591,86.63379785041286,89.28023362360081,33803900
2026-01-15,87.51921081542969,88.45382920303625,86.92892986347422,87.8930536669746,21738600
2026-01-16,86.9486083984375,88.23739694369749,86.6534716558373,87.51921660895994,26981600
2026-01-20,85.2564697265625,87.2043977056778,84.88261935247563,85.84675070490563,19353500
2026-01-21,84.7252197265625,86.14189265923545,84.63667344624088,85.09906261746517,17606700
2026-01-22,86.6141128540039,87.55856387828359,85.03018767102027,85.03018767102027,19668900
2026-01-23,85.5516128540039,86.28946600851205,84.6366746421806,86.08286802594942,15227500
2026-01-26,86.62396240234375,86.86007330759374,85.68934391326904,85.68934391326904,13047400
2026-01-27,87.27326202392578,87.62743210531725,86.06318716736301,86.72233412213004,15105000
2026-01-28,86.60428619384766,87.61760336184152,85.43355674438682,87.18473459946874,16395700
2026-01-29,89.17200469970703,89.17200469970703,87.10601755203844,87.25358967097829,21497000
2026-01-30,89.02444458007812,89.57538006465703,88.29643153589943,88.74898059070406,18306900
2026-02-02,90.7756118774414,91.29703441779372,88.44400068489445,88.69979188316513,13835200
2026-02-03,90.81495666503906,93.25479420534575,90.41160087554073,91.20847981745366,18099000
2026-02-04,91.63152313232422,92.38905657409312,91.0314019662898,91.14946117309066,12382800
2026-02-05,90.51982116699219,91.55281101213706,89.4376381124371,91.34621304310808,12641300
2026-02-06,92.9024429321289,93.57471800635233,91.5084577980269,91.69630169225279,13205700
2026-02-09,93.53517150878906,94.00971418302238,87.9889040331684,92.68494104617457,20544800
2026-02-10,90.86585235595703,93.93063303738035,88.7303875966354,93.23858092046531,20148400
2026-02-11,87.93946838378906,92.02255378319965,87.49458368721317,91.59743855510102,15461700
2026-02-12,85.3096923828125,88.94788557637301,84.85491917645741,88.29537996982887,16858200
2026-02-13,85.99185943603516,86.45651362412245,84.12332400671677,84.70662518242825,12425000
2026-02-17,86.4070816040039,87.83071715387283,86.31810013935726,86.83219683066748,12361900
2026-02-18,87.55390167236328,88.38436267940452,86.65424375268186,86.82231063816785,8250900
2026-02-19,86.57514953613281,87.15845068804138,85.61616813810538,86.84207884787413,10427300
2026-02-20,87.69230651855469,87.70219502392493,85.16139221958409,86.36753342228714,14255000
2026-02-23,84.18264770507812,87.59345067011623,82.8282089909995,87.16833541991053,20607000
2026-02-24,83.60923767089844,84.22219684297656,81.53309634223695,83.4411707752823,18817700
2026-02-25,85.77435302734375,85.93253140280655,84.00468766695535,84.22218953309645,16620700
2026-02-26,85.319580078125,87.31662827338735,84.60775852964504,85.9028736820229,18768400
2026-02-27,80.52467346191406,83.85639084560793,79.53603409446161,83.70809343194611,29145000
2026-03-02,81.641845703125,82.12627691045986,78.0431987917684,78.2508121663405,21834300
2026-03-03,81.5924072265625,82.5415001309122,78.94285337339961,80.07979017454517,19018600
2026-03-04,82.97650909423828,83.08526003683355,81.09809263626246,81.75059829183401,18061200
2026-03-05,81.17718505859375,82.84798812662119,80.26763858363456,82.69969070200993,20939200
2026-03-06,79.50637817382812,79.6546755913203,77.05455670314151,79.34819979316447,16798900
2026-03-09,77.9344482421875,78.88354119187088,75.98682735412795,78.52763039289958,24959500
2026-03-10,77.41046905517578,78.89342817467937,76.57011951994764,78.05307863945123,18481700
2026-03-11,76.00659942626953,77.34126873946815,75.63091914459082,77.1633133338897,17497300
2026-03-12,74.39511108398438,74.68181740059718,73.80192898255633,74.62250145327027,24794100
2026-03-13,73.2581787109375,75.34420846770337,73.18897425400442,74.79057281223872,15496900
2026-03-16,74.88943481445312,75.02784372752427,73.52511515301458,73.97988837349409,17836300
2026-03-17,75.36398315429688,76.29329904119082,74.9586373885394,75.63091246773921,18173400
2026-03-18,75.3244400024414,76.01648458099763,74.94875219460785,74.94875219460785,12951200
2026-03-19,75.52216339111328,75.92750916684548,73.83159091712399,74.82023032011563,18744400
2026-03-20,76.71841430664062,77.03477860623155,75.34420617316252,75.53205006885459,40461100
2026-03-23,77.39068603515625,78.89342205018582,77.23250766356972,78.58693872689769,15320800
2026-03-24,78.70558166503906,79.55581213547079,76.69864492996881,76.74807237334933,19134300
2026-03-25,79.34819793701172,79.87217559620292,78.42876302133213,78.60671840961591,17213400
2026-03-26,78.12227630615234,79.38774098068431,77.8256890336635,78.9823952360809,15430500
2026-03-27,76.31307983398438,77.7367154807508,75.98682701260697,77.72683451723287,13674900
2026-03-30,75.92750549316406,77.33137156723463,75.62102216401593,76.99523026426692,14311500
2026-03-31,78.70558166503906,78.83410206909228,76.57011698319572,76.94580477503106,19097600
2026-04-01,79.65467071533203,80.77183044564316,79.26910197908661,80.26762981684195,14979400
2026-04-02,79.68433380126953,79.92160514432474,77.79603647730845,78.5078580491941,10001800
2026-04-06,80.92012786865234,80.93990487922822,79.84251461657196,80.04023946601365,7069200
2026-04-07,80.8212661743164,81.15739992994884,79.98092424251575,80.48513241868397,8820900
2026-04-08,83.6982192993164,84.75606320710827,83.29287350507671,83.54003336710957,15130300
2026-04-09,85.04275512695312,85.17128307214949,83.48071065778933,83.49059162071228,10496100
2026-04-10,84.42980194091797,84.92412161558057,84.02445618718919,84.8549171628366,7946200
2026-04-13,85.65571594238281,85.71503189197131,83.11491301783691,83.62900218061696,14506600
2026-04-14,80.77183532714844,82.21525547738075,79.40751568126635,82.07683902316782,32845600
2026-04-15,79.37786102294922,80.76195773843003,79.23945210567317,80.00070115069146,31494000
2026-04-16,80.32694244384766,80.93990152002885,79.09114332932693,79.18011724506721,20713300
2026-04-17,80.4851303100586,81.66160596666926,80.10944254275958,81.1969442814643,24033900
2026-04-20,81.03877258300781,81.47377633138014,80.31706250436466,80.6235458464997,14240500
2026-04-21,80.62354278564453,82.155929267263,80.27751297563805,81.21672489281039,17387300
2026-04-22,79.66456604003906,80.94979275663484,79.25922025852306,80.62354748145971,13724200
2026-04-23,79.5953598022461,80.44559028535124,78.83410324418404,79.64478724636336,13906500
2026-04-24,78.51773834228516,79.45695028600967,78.34967145666874,79.19990193330698,15419600
2026-04-27,79.64479064941406,79.97104347395216,78.4386493291607,78.48808431811023,20114400
2026-04-28,80.57410430908203,81.0189889844984,80.02046870541376,80.3961489303716,14826700
2026-04-29,80.58399963378906,81.06843082799475,79.78319659046291,80.31706277177366,19930700
2026-04-30,81.29581451416016,81.6912642075554,79.1010340193072,79.90182945396782,13535900
2026-05-01,79.8919448852539,81.72093374956226,79.8919448852539,81.3155879883247,14632700
2026-05-04,78.28046417236328,79.95126709047165,78.28046417236328,79.66456077334111,12968800
2026-05-05,78.9823989868164,79.19990085593537,78.11239905306041,78.49796780550953,11379900
2026-05-06,79.50637817382812,80.55434105944481,79.43717371802778,79.87217746461282,14347500
2026-05-07,78.26069641113281,80.08967774319851,77.79603469884546,79.7733134454505,19094800
2026-05-08,75.20821380615234,78.57886162419419,75.11873120598754,78.54903409080593,31062100
2026-05-11,73.15998077392578,75.2877642790468,72.77220764075796,75.2380466626537,25403900
2026-05-12,74.75084686279297,74.82044697515008,72.4540355691652,73.47815475920973,21003400
2026-05-13,73.11026000976562,74.33324201345388,72.86168711018892,73.72672353161929,16343900
2026-05-14,73.36878204345703,74.06478316677263,72.80203610423054,73.55769988514697,19388500
2026-05-15,73.00088500976562,73.63723100561458,72.36453901391667,73.51792087254455,16479000
2026-05-18,73.94547271728516,74.34318330848082,72.91140849132124,72.91140849132124,16934200
2026-05-19,74.12444305419922,74.91987179599843,73.42843437105151,74.05484294446875,18649800
2026-05-20,75.37724304199219,75.86445138310302,73.55769519677085,74.46249659941144,14695300
2026-05-21,75.48661804199219,75.62581826205788,74.48238896663875,75.15849998647604,9433400
2026-05-22,75.96388244628906,76.41131064779086,75.68548200216856,75.92410987057997,8728900
2026-05-26,77.07748413085938,77.22662939312984,76.33176540535018,76.4709732130876,21956700
2026-05-27,75.675537109375,77.26640221162579,74.75084558340373,76.68971124148388,15575700
2026-05-28,76.21245574951172,77.17691985438,74.91987358272766,75.40707436245997,14146700
2026-05-29,77.09737396240234,77.30617429456882,75.9042194539385,76.18262748267024,22322900
2026-06-01,76.72948455810547,77.57463094066343,76.06331097539395,76.31188388707824,15566900
2026-06-02,78.98652648925781,79.08595413128083,76.28205214551208,76.37153474757994,19447400
2026-06-03,78.23086547851562,78.67829367611517,76.95817341029698,78.42972076948362,15236600
2026-06-04,81.15408325195312,81.42253864660914,79.26492769178044,79.51350059217572,19452100
2026-06-05,81.47225952148438,81.97934279677693,80.98505115540503,81.6810598558713,15110600
2026-06-08,80.49784851074219,82.06883108832633,80.3685933312611,81.34299486916507,11481200
2026-06-09,81.53191375732422,82.08871464331907,80.46802201538797,80.78619503393405,15565500
2026-06-10,81.50208282470703,82.70517473799106,80.98504694997035,81.38276510303484,12580800
2026-06-11,81.92962646484375,82.43671728697817,80.36858901138608,82.07877171674713,10929900
2026-06-12,83.25203704833984,83.61992007675069,82.14837279142189,82.45660075270507,10526000
2026-06-15,82.6654052734375,84.4451881963168,82.5560325875848,83.93809734244003,14526900
2026-06-16,84.56450653076172,84.57444398529756,83.46084220983158,83.52049728041922,12400500
2026-06-17,83.33157348632812,86.58291114614224,83.11282812868404,84.64403804635,19403500
2026-06-18,81.73076629638672,85.08153171153029,81.48219339696237,84.4451856958714,36738600
2026-06-22,83.36140441894531,83.64974989434002,82.21797514328316,82.24780267766141,18657600
2026-06-23,83.64974975585938,83.84861262779009,82.57592059080515,83.53043961854385,11612300
2026-06-24,83.81878662109375,84.00769687056726,83.03329533079807,83.70941393599922,11424900
2026-06-25,84.25627136230469,85.80737147747168,83.79889811867955,83.79889811867955,11403800
2026-06-26,83.38129425048828,84.6738763658737,82.62563050983944,84.3457583170053,20829300
2026-06-29,83.03329467773438,84.09718639959651,82.99352210293617,83.28186758084088,16658300
2026-06-30,82.16825866699219,83.3216405845482,82.04894094198337,83.22220535411935,17283400
2026-07-01,85.44942474365234,85.5587974293513,82.27763203006873,82.35717718073035,14670600
2026-07-02,85.0218734741211,86.30451049764417,84.6042652534131,86.11559267365348,10782000
2026-07-06,86.95079803466797,87.12977082743754,85.42953308904804,85.50907823824406,9914200
2026-07-07,86.68234252929688,88.06440725500514,86.39399705320655,87.52748887737242,10029500
2026-07-08,85.07158660888672,86.27467853091366,84.61421338458379,86.02610563167232,9978600
2026-07-09,86.41388702392578,86.95079781503536,85.16107747770326,85.35993276434807,13324900
2026-07-10,86.66246032714844,87.3385713392142,86.15536948225615,87.00051583318131,14054800
2026-07-13,87.16954040527344,87.50760348481295,85.61844797849004,87.38828576512088,15026800
2026-07-14,84.80313110351562,88.17377900591067,83.3514662841639,84.36564037395874,38943000
2026-07-15,87.01045989990234,87.12977003677074,85.21078694842763,85.44942239385017,28730300
2026-07-16,87.5672607421875,88.3925245892218,86.71216936094476,87.44794301951077,20161000
2026-07-17,87.01045989990234,89.27744353051642,86.0062232614837,87.23914271946202,22762700
2026-07-20,85.83719635009766,88.0644074282633,85.56873336783165,87.37834379118678,17536100
2026-07-21,87.23914337158203,87.75617925468623,85.39970541796313,86.18519669687083,17605300
2026-07-22,85.92668151855469,87.68658196554271,85.75765376073011,87.68658196554271,15478700
2026-07-23,85.697998046875,85.99628098447252,84.6142162251609,85.290334837229,11220700
2026-07-24,85.81730651855469,86.4536525427318,85.21078802897291,85.45936093172469,11871400
2026-07-27,86.7718276977539,87.3982362830978,86.40394464753547,86.80166281892903,10379300
2026-07-28,86.37411499023438,87.71640714809855,85.91674175941326,87.24908887713005,16570500
2026-07-29,83.39124298095703,86.52325559342788,83.23215267658298,86.35422783441288,18076900
2026-07-30,84.94232940673828,85.0914746598953,83.5403746472421,84.09718308663878,15139000
2026-07-31,85.95650482177734,86.24485029284509,84.9522757788453,85.5090766411318,14776700
2026-08-03,87.38829040527344,87.46783555595852,85.91674304681504,87.06017234807983,11180000
2026-08-04,87.88543701171875,88.91950122243094,86.87126288177893,87.06017313405759,16454100
2026-08-05,88.66098022460938,89.10841599648458,88.33286217573614,88.7206428790318,9613300
2026-08-06,87.08999633789062,89.65527044923459,86.70222322639012,89.32715240539792,13095000
2026-08-07,87.25,87.36000061035156,86.04000091552734,86.45999908447266,7391000
2026-08-10,87.5199966430664,87.80999755859375,86.56999969482422,86.91000366210938,12927700
2026-08-11,87.44999694824219,88.5,87.25,87.62000274658203,11059400
2026-08-12,88.93000030517578,89.22000122070312,87.4000015258789,88.0,14441100
2026-08-13,88.11000061035156,89.5,87.77999877929688,89.36000061035156,10459200
2026-08-14,88.81999969482422,88.83999633789062,87.76000213623047,88.06999969482422,8788100
2026-08-17,87.54000091552734,89.52999877929688,87.4800033569336,88.72000122070312,14586000
2026-08-18,87.4000015258789,88.30000305175781,86.8499984741211,88.30000305175781,8219400
2026-08-19,85.94000244140625,87.41000366210938,85.58000183105469,87.41000366210938,10692400
2026-08-20,83.69999694824219,85.66999816894531,83.62000274658203,85.62000274658203,13730000
2026-08-21,83.83999633789062,85.0,83.4800033569336,84.5,13304500
2026-08-24,84.72000122070312,85.68000030517578,84.0199966430664,84.22000122070312,7948400
2026-08-25,84.79000091552734,85.1500015258789,83.87999725341797,84.9800033569336,8984500
2026-08-26,85.2300033569336,85.58999633789062,84.0999984741211,84.98999786376953,9896500
2026-08-27,84.97000122070312,85.29000091552734,83.72000122070312,84.76000213623047,10844000
2026-08-28,86.69000244140625,86.72000122070312,85.19999694824219,85.41000366210938,12024000
2026-08-31,86.38999938964844,87.08999633789062,85.87999725341797,86.29000091552734,19125600
2026-09-01,87.04000091552734,87.94000244140625,86.01000213623047,86.44000244140625,19322900
2026-09-02,89.2699966430664,90.08999633789062,87.58000183105469,87.75,20602400
2026-09-03,89.19000244140625,90.33999633789062,88.68000030517578,89.80000305175781,13206000
2026-09-04,89.97000122070312,90.12999725341797,88.7300033569336,88.75,8003900
2026-09-08,87.95999908447266,89.7300033569336,87.95999908447266,89.63999938964844,9752600
