tree
version=v4
num_class=1
num_tree_per_iteration=1
label_index=0
max_feature_idx=21
objective=binary sigmoid:1
feature_names=Resistance_Distance_% Close_Position Volume_Ratio Volume_Surge_10 Distance_MA10_% Distance_MA30_% MA_Ratio Momentum_5d_% Momentum_10d_% Momentum_20d_% ATR_Pct Daily_Range_% Range_Ratio Volatility_10d Price_Range_10d_% RSI_14 Breakout_Pct Upper_Shadow_Pct Volume_Conviction Momentum_Accel_5_20 Squeeze_Tightness Extension_ATR_Ratio
feature_infos=[1:40.539999999999999] [0.69999999999999996:1] [1.2:17.350000000000001] [0.63:14.220000000000001] [1.6100000000000001:99.590000000000003] [2.3300000000000001:155.12] [0.91400000000000003:1.363] [1:155.13] [1.0600000000000001:145.68000000000001] [1.3100000000000001:198.5] [0.72999999999999998:10.56] [0.80000000000000004:29.48] [0.33000000000000002:11.59] [0.0025999999999999999:0.14879999999999999] [1.5700000000000001:58.630000000000003] [52.049999999999997:99.489999999999995] [1:40.539999999999999] [0:7.1971200000000009] [0.84479999999999988:15.840550000000002] [-12.489999999999998:105.505] [1.1249999994977677:8.0680628251130724] [1.5311355305746754:17.587301585307561]
tree_sizes=2544 2635 2649 2628 2654 2652 2643 2619 2647 2666 2660 2455 2668 2654 2447 2327 2422 2343 2335 2644 2436 2190 2429 2033 2341 2337 2649 2331 2662 2237 2526 2630 1999 2666 2519 2237 2331 2513 2342 2247 2311 2210 2642 1908 2638 1607 1719 2332 1622 1798 1827 1610 2650 1605 1727 1502 1611 1904 1729 1621 1936 1204 1698 1205 2217 1181 1356 2643 2234 1820 1415 1410 1378 989 2355 1410 1388 2661 1294 1374 2639 893 1199 1721 2528 1199 1196 894 1618 2632 1278 1915 1414 2246 1714 890 1508 1401 1510 1384 2448 1618 2140 2358 1194 889 1098 992 1723 2626 1411 2452 1818 1718 2623 1817 1269 896 1694 1191 988 2566 2638 1592 991 1730 1806 1828 1602 1091 2451 2653 1818 1585 1725 1310 1799 962 1392 1622 892 1100 1291 1718 2651 1601 2423 1705 1073 1096

Tree=0
num_leaves=24
num_cat=0
split_feature=0 14 10 0 10 0 13 6 18 6 12 9 5 18 0 18 0 10 21 20 20 21 13
split_gain=120.754 137.975 112.002 40.0857 34.1024 30.8248 25.7407 20.8365 17.9998 17.0756 16.1461 14.8839 19.3233 14.9121 14.4642 14.078 12.9569 18.3388 12.7487 12.2336 11.0914 7.61521 7.05079
threshold=2.2250000000000005 9.5450000000000017 2.0250000000000004 4.3350000000000009 3.0850000000000004 1.3550000000000002 0.026150000000000003 1.0865000000000002 2.2572800000000002 1.0425000000000002 2.0350000000000006 8.2650000000000023 6.035000000000001 1.8738500000000002 1.1950000000000001 1.946515 4.2750000000000012 1.905 6.2633752119644663 4.473447092353843 3.3986511071522787 6.7491000165133199 0.051650000000000008
decision_type=2 2 2 2 2 2 2 2 2 2 2 2 2 2 2 2 2 2 2 2 2 2 2
left_child=2 16 5 7 6 11 14 18 9 -7 19 12 -1 -13 -4 22 17 -2 -3 -5 -19 -9 -6
right_child=1 3 4 10 15 8 -8 21 -10 -11 -12 13 -14 -15 -16 -17 -18 20 -20 -21 -22 -23 -24
leaf_value=0.4233104490484399 0.48558540061293343 0.41329868615825366 0.38319300087965219 0.4497070099563254 0.37058228188009684 0.45649984215887673 0.48590124843835153 0.36272723398389572 0.40274975300483057 0.41697228688293231 0.47991286376018683 0.41535870170434736 0.47965863543662579 0.35971931866208262 0.41398638780998426 0.42597296738498808 0.4921797358613525 0.46242818007824232 0.45522531417911888 0.40838816092192226 0.42990936961303761 0.4133714029576927 0.4133714029576927
leaf_weight=62.078844964504242 49.663076758384705 83.328910917043686 31.278186947107315 33.90460017323494 75.688436895608902 126.78410366177559 5.969119817018508 16.474770128726963 12.415768921375273 19.339947819709778 17.907359391450882 39.634954780340195 10.505650848150252 9.0730617940425855 117.47227558493614 10.028121113777159 43.693957030773163 68.047965347766876 12.415769100189207 15.997240751981733 21.488830983638763 8.3567675650119764 8.3567675650119764
leaf_count=184 200 233 71 116 157 447 25 31 32 55 71 112 42 16 330 30 181 247 44 43 66 23 23
internal_value=0.430514 0.447971 0.418243 0.423981 0.398768 0.43558 0.41061 0.410171 0.447166 0.451157 0.448358 0.42049 0.431914 0.403618 0.407185 0.379789 0.472626 0.466035 0.419017 0.43613 0.454615 0.378138 0.374491
internal_weight=899.904 371.279 528.625 188.385 248.793 279.832 154.72 120.576 158.54 146.124 67.8092 121.293 72.5845 48.708 148.75 94.0733 182.894 139.2 95.7447 49.9018 89.5368 24.8315 84.0452
internal_count=2779 1255 1524 561 636 888 426 331 534 502 230 354 226 128 401 210 694 513 277 159 313 54 180
is_linear=0
shrinkage=1


Tree=1
num_leaves=24
num_cat=0
split_feature=0 14 13 0 0 11 3 6 1 11 12 7 2 19 12 9 8 0 21 20 5 9 3
split_gain=111.672 128.895 73.8226 36.9967 22.9189 30.3196 22.56 19.0381 16.6321 20.0836 24.0045 15.7821 20.3189 15.3084 15.1941 14.4813 14.201 12.3638 11.7925 11.3265 9.46103 10.8901 7.40277
threshold=2.2250000000000005 9.5450000000000017 0.018950000000000005 4.3350000000000009 1.3550000000000002 2.3950000000000005 2.2450000000000006 1.0865000000000002 0.83050000000000013 4.1150000000000011 1.1150000000000004 4.0950000000000006 1.4550000000000003 2.69875 2.0350000000000006 14.495000000000003 7.4050000000000011 4.2750000000000012 6.2633752119644663 4.473447092353843 13.170000000000002 20.395000000000003 4.1800000000000006
decision_type=2 2 2 2 2 2 2 2 2 2 2 2 2 2 2 2 2 2 2 2 2 2 2
left_child=2 17 4 7 11 6 -6 18 -4 10 -10 12 -1 -13 19 -11 -7 20 -3 -5 22 -22 -2
right_child=1 3 8 14 5 16 -8 -9 9 15 -12 13 -14 -15 -16 -17 -18 -19 -20 -21 21 -23 -24
leaf_value=0.021974003474684842 0.040568215841506598 -0.016474815856525608 -0.055224103231197232 0.018523921392008348 0.03029366711681401 0.0047471622216339734 -0.037905909250533602 -0.049929330732010689 -0.026630216289529579 -0.01336466887477525 0.032357399950197291 -0.053103162363140471 -0.019389861495623585 -0.014871660211134053 0.048038110345891651 -0.062636703461347615 -0.020533219467116306 0.06008648187508224 0.023918303813929648 -0.021199033669131836 -0.016676560367619372 0.042281368978350553 -0.0076493591216210436
leaf_weight=33.235364586114883 114.61746284365654 83.627646133303642 49.551852643489838 33.763960838317871 79.235598653554916 82.715316370129585 7.6401752531528464 25.081416457891464 32.951426804065704 16.131092756986618 15.315105050802229 23.524633809924126 41.659218683838844 60.159930378198624 17.710521131753922 27.200811892747879 60.514609336853027 43.087508082389832 12.349098682403563 16.070569142699242 11.398497298359873 7.3636008799076071 4.7360001355409613
leaf_count=115 438 233 104 116 287 263 18 54 85 45 56 50 114 169 71 53 165 181 44 43 32 29 14
internal_value=0 0.0168449 -0.0117637 -0.0062671 -0.00271327 0.00531979 0.0238418 -0.0194757 -0.0364351 -0.0256978 -0.00747403 -0.01438 -0.000881068 -0.0262136 0.0172281 -0.04519 -0.00594664 0.040847 -0.011002 0.00539172 0.0343986 0.00702659 0.0385408
internal_weight=899.641 369.806 529.835 188.603 388.685 230.106 86.8758 121.058 141.15 91.5984 48.2665 158.579 74.8946 83.6846 67.5451 43.3319 143.23 181.203 95.9767 49.8345 138.116 18.7621 119.353
internal_count=2779 1255 1524 561 1181 733 305 331 343 239 141 448 229 219 230 98 428 694 277 159 513 61 452
is_linear=0
shrinkage=0.04


Tree=2
num_leaves=24
num_cat=0
split_feature=16 10 13 16 10 10 16 17 12 17 15 16 4 3 6 9 5 17 3 12 3 6 4
split_gain=103.363 96.3376 79.9321 30.7776 32.9105 28.5527 26.6244 24.5918 21.2804 25.1915 22.3558 16.8296 16.6126 15.3842 16.1787 13.3486 18.0218 13.1931 13.1705 11.9965 11.413 9.84242 9.53132
threshold=2.2250000000000005 2.0250000000000004 0.022250000000000002 4.8350000000000009 3.0850000000000004 3.0350000000000006 1.3550000000000002 0.2089100000000001 2.2050000000000005 0.49246499999999976 70.680000000000021 1.1950000000000001 7.4050000000000011 2.5350000000000006 1.0425000000000002 8.2650000000000023 6.035000000000001 0.36859499999999995 2.4250000000000003 1.2350000000000001 1.9850000000000001 1.0465000000000002 7.1350000000000007
decision_type=2 2 2 2 2 2 2 2 2 2 2 2 2 2 2 2 2 2 2 2 2 2 2
left_child=1 6 8 4 -4 11 15 -6 9 -2 -11 19 -13 14 -8 16 -1 -15 -5 -3 -17 -10 -7
right_child=2 5 3 18 7 22 13 -9 21 10 -12 12 -14 17 -16 20 -18 -19 -20 -21 -22 -23 -24
leaf_value=-0.0065364330792023334 0.035933152605712546 -0.012078803912580243 0.03158612643607283 0.0057086975592892187 0.016885808724665542 -0.018188869522039432 0.025368418704820886 -0.034687698610640132 0.05686566148583605 0.056343680505579877 -0.014422373331356099 -0.019047106120522222 0.015467829689814834 -0.046764524411345633 -0.013175911666567168 -0.013788428971019317 0.048056532129905315 0.022829214352351829 0.047691295861198441 -0.063266479219119737 -0.060022657289190762 0.015993565784979593 -0.051513695193750764
leaf_weight=62.285122439265251 81.414012804627419 13.289052531123163 18.597144857048988 34.412042573094368 17.29258893430233 19.146761119365692 121.89739206433296 78.748865485191345 61.689735308289528 7.7764165401458731 37.271668031811714 89.268678829073906 28.552921935915947 10.085757270455362 19.373731732368469 38.434301763772964 10.409128561615942 6.222080633044242 18.047506153583527 18.650515273213387 10.681953504681585 12.918488577008246 82.541592940688133
leaf_count=184 308 37 68 111 58 51 435 194 258 33 107 244 95 22 55 108 42 22 73 35 20 45 174
internal_value=0 -0.0112865 0.0162624 -0.00413963 -0.0157596 -0.029202 0.00485549 -0.025241 0.0331935 0.0227826 -0.00107437 -0.0178166 -0.0105556 0.0156876 0.0199708 -0.00910586 0.00171824 -0.0199647 0.0209234 -0.043225 -0.0250003 0.0501996 -0.0455551
internal_weight=899.007 530.839 368.168 167.098 114.639 251.45 279.389 96.0415 201.07 126.462 45.0481 149.761 117.822 157.579 141.271 121.811 72.6943 16.3078 52.4595 31.9396 49.1163 74.6082 101.688
internal_count=2779 1524 1255 504 320 636 888 252 751 448 140 411 339 534 490 354 226 44 184 72 128 303 225
is_linear=0
shrinkage=0.04


Tree=3
num_leaves=24
num_cat=0
split_feature=16 14 10 16 10 16 10 12 19 16 18 6 12 6 18 16 10 1 20 20 18 13 2
split_gain=95.8064 114.485 88.3523 32.3765 25.9411 24.6312 17.7509 19.1431 16.0163 22.2662 15.0479 14.5928 13.857 13.1171 12.5772 11.9166 17.0658 11.0141 10.395 10.3232 10.0987 9.71334 8.66313
threshold=2.2250000000000005 9.5450000000000017 2.0250000000000004 4.3350000000000009 3.0350000000000006 1.3550000000000002 3.8350000000000004 1.2650000000000003 4.0962500000000004 1.7250000000000003 2.2572800000000002 1.0425000000000002 2.0350000000000006 1.0125000000000002 1.1712250000000004 4.2750000000000012 1.905 0.90250000000000019 4.473447092353843 3.3986511071522787 1.946515 0.012650000000000002 2.2850000000000006
decision_type=2 2 2 2 2 2 2 2 2 2 2 2 2 2 2 2 2 2 2 2 2 2 2
left_child=2 15 5 6 8 13 7 -3 9 -4 11 -7 18 17 -15 16 -2 -1 -5 -18 -6 -10 -8
right_child=1 3 4 12 20 10 22 -9 21 -11 -12 -13 -14 14 -16 -17 19 -19 -20 -21 -22 -23 -24
leaf_value=-0.0056697001130528767 0.051493280936963315 -0.029993414434660165 -0.03980059228287354 0.01756850199427043 -0.048085489269973927 0.02384683158973885 -0.042944296545632525 0.011159654218174296 -0.037303188741665834 0.0032091363363389472 -0.025213859266752483 -0.012641635185555005 0.045929331840896655 0.011296912280538069 -0.025715165540820883 0.057756301282919108 0.028930451055647566 0.037472277171471668 -0.020483253941904901 -0.0025957453773064391 -0.0080170794600692274 0.0063641546320437805 0.0061062662613716239
leaf_weight=24.703420639038086 48.044051736593246 29.313243120908737 65.301185920834541 33.549328565597534 90.047500565648079 124.97317960858345 42.682879373431206 43.62581604719162 8.7032231986522657 26.476014673709869 12.56154780089855 19.425995260477066 17.353165283799171 17.890617743134499 65.470530167222023 41.981796845793724 66.5703354626894 13.910441741347311 16.123454794287682 21.234245643019676 12.368920862674711 49.743249669671059 6.04955731332302
leaf_count=73 200 74 152 116 190 447 96 142 20 82 32 55 71 59 170 181 247 52 43 66 35 157 19
internal_value=0 0.0157162 -0.010834 -0.005951 -0.0279251 0.00466181 -0.0182281 -0.00545299 -0.0170719 -0.027406 0.0151171 0.0188298 0.0161583 -0.00874078 -0.0176372 0.0386569 0.0323172 0.0102236 0.0048988 0.0212728 -0.0434481 -0.000521869 -0.036694
internal_weight=898.104 366.528 531.576 188.697 252.64 278.936 121.671 72.9391 150.224 91.7772 156.961 144.399 67.0259 121.975 83.3611 177.83 135.849 38.6139 49.6728 87.8046 102.416 58.4465 48.7324
internal_count=2779 1255 1524 561 636 888 331 216 411 234 534 502 230 354 229 694 513 125 159 313 225 177 115
is_linear=0
shrinkage=0.04


Tree=4
num_leaves=24
num_cat=0
split_feature=0 10 10 0 10 0 20 20 3 0 6 17 7 18 6 2 6 21 11 8 1 18 0
split_gain=88.7254 81.1104 67.464 42.5629 23.6482 22.7408 20.9146 18.9157 16.1846 14.7926 14.7454 14.2398 14.2352 13.9607 13.5795 12.7529 14.1254 12.2768 11.0132 10.4277 9.6468 9.17955 8.96056
threshold=2.2250000000000005 2.0250000000000004 3.0850000000000004 4.3350000000000009 3.0350000000000006 1.3550000000000002 3.3436043013214038 3.0115731433284108 2.4550000000000005 1.1950000000000001 1.0425000000000002 0.2146600000000001 8.4450000000000021 2.2572800000000002 1.0425000000000002 1.2450000000000003 1.0125000000000002 4.2048528352836323 2.9150000000000005 28.585000000000004 0.89250000000000018 1.9081450000000002 2.8750000000000004
decision_type=2 2 2 2 2 2 2 2 2 2 2 2 2 2 2 2 2 2 2 2 2 2 2
left_child=1 5 6 7 9 15 22 20 19 18 17 -9 -11 14 -7 -1 -17 -8 -3 -5 -4 -6 -2
right_child=2 4 3 8 21 13 10 11 -10 12 -12 -13 -14 -15 -16 16 -18 -19 -20 -21 -22 -23 -24
leaf_value=0.034745836416383978 0.027716116857687049 -0.0082337129985598362 -0.016311410186556834 0.018588782204743807 -0.046142827984702255 0.0230377063790808 -0.00085253917377105324 0.0042190078034768323 0.045568361035584204 -0.017019418745645835 -0.0058929334764135045 -0.040806980254516415 0.01568275748701 -0.024177744773659318 -0.012131165207340009 0.0077691233931449647 -0.021976364909525523 0.039446868085200565 -0.057623693278760185 -0.020822368687476608 0.026518386184913003 -0.0093292429056864076 0.05323229044339664
leaf_weight=9.0578366518020612 42.707959562540054 12.185480520129202 15.568898454308512 32.130699336528778 89.396826550364494 124.23820388317108 16.290027856826782 13.494218349456785 24.95193937420845 91.805813252925873 30.098593041300774 54.244500979781151 26.543618753552437 12.617540389299391 19.474748641252518 37.105210483074188 75.998319447040558 41.638477116823196 20.10719108581543 14.811704292893408 15.968655109405516 13.614089503884314 62.759498670697212
leaf_count=34 162 34 43 113 187 447 51 42 103 250 91 123 89 32 55 119 201 163 38 40 57 38 267
internal_value=2.46292e-06 -0.0103967 0.0151864 -0.00306836 -0.0267183 0.00448294 0.031309 -0.0199997 0.0201553 -0.0163568 0.0164888 -0.0317901 -0.00954794 0.0145654 0.0181657 -0.00836814 -0.0121653 0.0281564 -0.040034 0.0058116 0.00527757 -0.0414909 0.0433323
internal_weight=896.81 532.145 364.665 171.171 253.653 278.492 193.495 99.2763 71.8943 150.642 88.0271 67.7387 118.349 156.33 143.713 122.161 113.104 57.9285 32.2927 46.9424 31.5376 103.011 105.467
internal_count=2779 1524 1255 521 636 888 734 265 256 411 305 165 339 534 502 354 320 214 72 153 100 225 429
is_linear=0
shrinkage=0.04


Tree=5
num_leaves=24
num_cat=0
split_feature=0 14 13 0 17 0 3 17 1 11 21 5 21 14 21 20 20 0 14 15 18 18 13
split_gain=82.1979 101.627 53.2053 29.6614 20.6826 19.6521 19.2276 23.3235 16.5486 27.6494 18.8765 15.8045 17.4971 14.8145 13.0246 12.33 11.3881 10.8703 15.3351 12.4321 10.5389 8.81151 8.07837
threshold=2.2250000000000005 9.4450000000000021 0.018950000000000005 4.3350000000000009 0.73413000000000028 1.7250000000000003 2.1150000000000007 0.60457000000000016 0.9165000000000002 3.1250000000000004 6.4406577446779112 16.705000000000002 6.324645686186221 5.4050000000000011 5.0962056720059206 4.473447092353843 4.9904481300834611 1.8350000000000002 10.475000000000003 75.285000000000011 1.946515 1.9081450000000002 0.025550000000000003
decision_type=2 2 2 2 2 2 2 2 2 2 2 2 2 2 2 2 2 2 2 2 2 2 2
left_child=2 20 5 11 17 6 13 -8 10 -10 -7 14 -13 -1 -3 22 -17 19 -19 -4 21 -2 -5
right_child=1 3 4 15 -6 8 7 -9 9 -11 -12 12 -14 -15 -16 16 -18 18 -20 -21 -22 -23 -24
leaf_value=0.008042146956981194 0.031059353511450893 -0.011802101475566396 -0.037539956667996366 0.056020868709246149 -0.052859290370258973 0.036418314434409793 -0.042278915393063859 0.030248149641281898 0.024581099760949448 -0.03502933570386723 -0.037718151651199412 -0.044674556163151982 0.0013145485705366893 -0.011830591455587007 0.03263298163523904 -0.039951914994076049 0.02044322211646914 0.045968514831185414 -0.019951582418886667 -0.0020401837065930194 0.049439563175480317 -0.016775487735264581 0.016472241299431045
leaf_weight=108.32509361207485 97.576800912618637 49.517560258507729 52.872349381446838 10.524960979819296 45.615767493844032 47.129443362355232 40.832628667354584 7.659981206059455 24.897547319531441 22.925531402230263 5.2818312197923651 43.502010822296143 18.28680682182312 131.61691744625568 12.314590856432913 9.6206055581569689 8.3824873119592649 7.9540481567382839 14.199368849396704 23.18597973883152 68.313412621617317 5.7414240688085547 38.993171259760857
leaf_count=352 376 139 120 46 89 177 93 28 90 55 12 94 56 374 46 22 29 31 36 67 292 17 138
internal_value=6.02646e-06 0.0146764 -0.00998226 -0.00535313 -0.0306809 -0.00224311 -0.00756101 -0.0302811 0.0129042 -0.0039634 0.028231 -0.0169833 -0.0311322 -0.00282943 -0.0024465 0.0157602 -0.0118141 -0.0198702 0.00433426 -0.0269888 0.036931 0.0281891 0.0259791
internal_weight=895.27 362.774 532.496 191.142 143.828 388.669 288.435 48.4926 100.234 47.8231 52.4113 123.621 61.7888 239.942 61.8322 67.5212 18.0031 98.2117 22.1534 76.0583 171.632 103.318 49.5181
internal_count=2779 1255 1524 570 343 1181 847 121 334 145 189 335 150 726 185 235 51 254 67 187 685 393 184
is_linear=0
shrinkage=0.04


Tree=6
num_leaves=24
num_cat=0
split_feature=12 10 0 0 0 3 10 6 1 8 20 0 10 8 1 9 4 0 21 14 0 8 20
split_gain=77.2414 54.5385 52.4818 46.0612 35.5509 25.189 20.8901 19.8719 19.5261 26.5717 18.0029 17.7015 17.191 13.6829 13.3834 12.7896 10.2257 11.2167 8.7764 8.0488 4.73005 10.3839 3.82881
threshold=2.2050000000000005 3.0850000000000004 1.7450000000000003 3.7850000000000006 1.9150000000000003 2.1250000000000004 2.0250000000000004 1.0655000000000003 0.95650000000000002 4.4900000000000011 3.503264279592051 3.6750000000000003 2.0650000000000004 6.8750000000000009 0.84650000000000014 7.1050000000000013 10.740000000000002 8.3150000000000031 2.9299912015459002 10.475000000000003 2.3350000000000004 6.2650000000000006 4.473447092353843
decision_type=2 2 2 2 2 2 2 2 2 2 2 2 2 2 2 2 2 2 2 2 2 2 2
left_child=1 2 5 13 8 6 -1 20 9 -2 -9 12 -4 18 -11 -7 -5 -18 -3 -15 21 -6 -13
right_child=4 3 11 16 7 15 -8 10 -10 14 -12 22 -14 19 -16 -17 17 -19 -20 -21 -22 -23 -24
leaf_value=0.0040037302633017403 0.059855697725081411 0.032339071216191353 0.026344495679876224 0.043734515152938594 0.054488189410257432 -0.012824609249525472 -0.020012245694206784 0.038061536585839016 -0.040701892763322103 0.019355305085895041 -0.04710413590988944 0.057120822814239552 0.0022407309056759208 -0.013278246918657794 -0.039708403794528023 -0.061031676571922891 -0.0080951781390862457 0.035701570312373122 -0.023604293532669466 -0.040416918056512409 0.050008878262687066 -0.0095115601283383682 0.011764517079830419
leaf_weight=163.56653912365437 11.86031226813793 7.3165568411350277 83.178314536809921 8.785758972167967 6.7384900003671628 17.44406957924366 88.238388255238533 6.8448350578546506 13.945796877145765 10.733879670500757 7.0122320652008057 18.7804398983717 110.50671738386154 22.815545469522476 11.807049974799154 19.558780565857887 51.364783868193626 10.389091804623602 8.7004776597022992 126.26097774505615 75.424948528409004 7.6422121077775955 4.7749770581722251
leaf_count=521 50 26 311 36 29 48 230 28 32 37 16 84 352 62 27 36 152 41 22 274 327 22 16
internal_value=9.55535e-06 -0.0053132 0.00208077 -0.0211681 0.0258975 -0.00906206 -0.00442626 0.0390068 -0.00226952 0.0137941 -0.00476694 0.0169048 0.0127154 -0.0326789 -0.0116153 -0.0394516 0.00574062 -0.000148099 0.00187911 -0.0364329 0.0458273 0.0215501 0.0491059
internal_weight=893.691 741.681 506.048 235.633 152.01 288.808 251.805 103.663 48.347 34.4012 13.8571 217.24 193.685 165.094 22.5409 37.0029 70.5396 61.7539 16.017 149.077 89.8057 14.3807 23.5554
internal_count=2779 2211 1598 613 568 835 751 422 146 114 44 763 663 384 64 84 229 193 48 336 378 51 100
is_linear=0
shrinkage=0.04


Tree=7
num_leaves=24
num_cat=0
split_feature=16 14 10 16 16 10 6 4 14 3 12 3 1 17 6 10 11 1 18 16 10 12 4
split_gain=71.9305 89.6444 65.5018 25.5946 19.765 18.9427 14.6118 14.1818 13.433 12.531 12.255 11.9006 15.0058 11.0957 10.8232 11.1501 10.4499 10.4125 10.3043 9.99968 13.9291 8.41329 6.61251
threshold=2.2250000000000005 9.4450000000000021 2.0250000000000004 4.3350000000000009 1.3550000000000002 3.0850000000000004 1.0865000000000002 4.5450000000000008 5.4850000000000012 1.1950000000000001 2.0350000000000006 2.5350000000000006 0.79950000000000021 0.36859499999999995 1.0125000000000002 1.4750000000000003 7.4150000000000009 0.90250000000000019 1.946515 4.6550000000000011 1.905 1.7050000000000003 5.9850000000000012
decision_type=2 2 2 2 2 2 2 2 2 2 2 2 2 2 2 2 2 2 2 2 2 2 2
left_child=2 19 4 6 14 7 16 8 -4 -9 21 12 -6 -13 17 -16 -3 -1 -7 20 -2 -5 -22
right_child=1 3 5 10 11 18 -8 9 -10 -11 -12 13 -14 -15 15 -17 -18 -19 -20 -21 22 -23 -24
leaf_value=-0.0059265500308787952 0.047773219812164654 -0.0030193625909957001 -0.0068094808832144258 0.01624135945429489 -0.010843681329030607 -0.042095427047152079 -0.04197399720085479 0.025176414863105637 -0.059331834521518322 -0.013312392074440996 0.043114920716576292 -0.041805891782431229 0.023443438570735827 0.021930082244165577 -0.031572289260981816 -0.0022282125224974518 -0.041100486274393937 0.036146723684090505 0 0.05603040104430184 0.00068447833266800661 -0.017463025794816386 0.026277967575782064
leaf_weight=24.660578042268753 46.309098318219185 85.922713443636894 13.906789764761923 32.677335605025291 23.82589927315712 87.57973600924015 25.689017355442047 14.347267657518385 18.873758375644684 110.57142645120621 17.10812009871006 10.267164304852487 114.8284624516964 6.1543892174959174 38.003011971712112 45.907999888062477 12.47533658146858 13.775884076952932 10.276426210999487 31.075655341148376 21.945182263851166 17.17636650800705 68.639680445194244
leaf_count=73 203 254 39 113 72 180 54 49 35 303 73 22 418 22 93 136 27 52 30 145 75 49 262
internal_value=1.88372e-05 0.0138458 -0.00928864 -0.00486468 0.00414535 -0.0238627 -0.0156094 -0.0150445 -0.0381478 -0.00866347 0.0148654 0.0136092 0.0174589 -0.0175723 -0.00779841 -0.0158276 -0.00829286 0.00948414 -0.0376967 0.0350774 0.0298911 0.00435664 0.0202402
internal_weight=891.997 359.019 532.979 191.049 277.423 255.555 124.087 157.699 32.7805 124.919 66.9618 155.076 138.654 16.4216 122.347 83.911 98.3981 38.4365 97.8562 167.97 136.894 49.8537 90.5849
internal_count=2779 1255 1524 570 888 636 335 426 74 352 235 534 490 44 354 229 281 125 210 685 540 162 337
is_linear=0
shrinkage=0.04


Tree=8
num_leaves=24
num_cat=0
split_feature=12 10 0 0 0 3 11 0 6 1 8 10 20 1 8 10 0 4 6 8 4 1 0
split_gain=67.9713 46.6665 46.3947 39.3746 31.9696 22.5731 18.9957 22.9196 18.7436 17.9268 24.6719 17.7161 16.7369 12.4204 12.2267 9.56772 11.3939 9.26855 7.87667 7.28067 6.63561 5.43053 4.19514
threshold=2.2050000000000005 3.0850000000000004 1.7250000000000003 3.7850000000000006 1.9150000000000003 2.1250000000000004 3.2450000000000006 3.5750000000000006 1.0655000000000003 0.95650000000000002 4.4900000000000011 2.0250000000000004 3.503264279592051 0.84650000000000014 6.8750000000000009 3.8350000000000004 5.5500000000000007 4.5050000000000008 1.0215000000000003 6.0150000000000006 17.860000000000003 0.97950000000000015 2.3350000000000004
decision_type=2 2 2 2 2 2 2 2 2 2 2 2 2 2 2 2 2 2 2 2 2 2 2
left_child=1 2 5 14 9 11 17 -8 22 10 -2 -1 -10 -12 19 21 -17 -4 -7 -3 -16 -5 -6
right_child=4 3 6 15 8 18 7 -9 12 -11 13 -13 -14 -15 20 16 -18 -19 -20 -21 -22 -23 -24
leaf_value=0.0035891923382297994 0.058266094742066524 0.025669134426662705 0.0063041553878028043 0.042498021995826606 0.020928478452714616 -0.019266153911304418 -0.006191800166581103 0.040764834202045561 0.036574238283582389 -0.03873157319702325 0.018989185146429534 -0.018627337379567524 -0.045841148730836591 -0.037868647609927426 -0.036987981996606412 -0.021286574062684166 0.015408089995143806 0.033328524655250463 -0.058113994185168133 -0.025375303682285404 -0.010712881834612923 -0.0035843593711463312 0.048062227797945334
leaf_weight=162.77604122459888 11.663943216204641 8.9307984709739703 28.101532548666 13.055573508143427 14.272619336843489 21.20894855260849 82.288746073842049 19.752606675028801 6.704145595431326 14.041058912873266 10.698352530598642 87.206029281020164 7.0394851118326187 11.877960875630377 130.27331590652466 26.734874919056892 25.331067934632301 87.060360819101334 16.007480427622795 7.0877310782670966 19.576326474547386 5.1325385868549338 73.094756498932838
leaf_count=519 50 31 97 52 51 55 252 82 28 32 37 226 16 27 285 72 89 338 29 17 51 16 327
internal_value=1.95231e-05 -0.00494444 0.00191764 -0.0195831 0.0245479 -0.00860335 0.0158414 0.00312757 0.0372342 -0.0020741 0.0134037 -0.00417249 -0.00534237 -0.0109232 -0.0301692 0.0053707 -0.00332924 0.026914 -0.0372681 0.00244947 -0.0337022 0.0295679 0.0440071
internal_weight=889.916 740.524 504.402 236.122 149.392 287.198 217.203 102.041 101.111 48.2813 34.2403 249.982 13.7436 22.5763 165.868 70.2541 52.0659 115.162 37.2164 16.0185 149.85 18.1881 87.3674
internal_count=2779 2211 1598 613 568 829 769 334 422 146 114 745 44 64 384 229 161 435 84 48 336 68 378
is_linear=0
shrinkage=0.04


Tree=9
num_leaves=24
num_cat=0
split_feature=12 14 16 16 11 16 20 1 6 1 1 1 20 13 12 17 21 6 2 9 1 13 16
split_gain=63.2967 43.1308 44.284 30.1272 28.4274 25.4156 21.4255 18.0413 17.7606 17.7284 16.785 16.029 15.5675 13.9372 11.3245 10.5834 9.52125 12.9193 9.37018 7.15272 9.52577 6.30222 4.0668
threshold=2.2050000000000005 11.630000000000001 2.2050000000000005 1.9150000000000003 2.9650000000000003 3.7850000000000006 5.7796050121252547 0.79750000000000021 1.0655000000000003 0.87050000000000016 0.88150000000000006 0.80950000000000022 3.503264279592051 0.011450000000000002 2.4750000000000005 0.58424500000000013 3.5958047574698981 1.0555000000000001 1.6050000000000002 9.9800000000000022 0.95650000000000002 0.027850000000000003 2.3350000000000004
decision_type=2 2 2 2 2 2 2 2 2 2 2 2 2 2 2 2 2 2 2 2 2 2 2
left_child=1 2 4 10 7 6 18 -1 22 11 14 -4 -10 -6 -2 -8 -7 -18 -3 20 -12 -11 -5
right_child=3 5 9 8 13 16 15 -9 12 21 19 -13 -14 -15 -16 -17 17 -19 -20 -21 -22 -23 -24
leaf_value=-0.018151043977222055 -0.00054301449958249254 -0.043379344682194523 0.024486219082080086 0.020243316138666711 0.010490260547638304 -0.032793107488712392 0.033875460132981296 0.0069712385364040846 0.035671654133906883 0.035276784855301883 0.020881634804394717 -0.016065393143476971 -0.043850781536094896 -0.027418760753490874 0.056665551559687881 -0.025283185106106529 0.031401209457608749 -0.0089454220300175143 -0.020705303173639136 -0.054566579896387302 -0.031891236423451604 -0.0041124998095300579 0.047012708220667908
leaf_weight=57.300349533557892 12.3656073063612 77.899368271231651 29.132884100079536 14.20079058408737 17.373112991452217 9.2663961648941022 11.388944894075395 210.49355956912041 6.6257269233465177 76.651429712772369 8.7117683291435295 31.213822111487389 7.1085676103830338 102.54818390309811 8.6158101856708509 6.8964881449937812 22.241895139217377 26.807239070534706 54.26562137901783 7.0967122912406913 11.41890439391136 6.4859835952520362 71.786388233304024
leaf_count=157 38 161 110 51 57 23 41 679 28 311 31 93 16 249 37 16 82 79 134 13 27 19 327
internal_value=2.33082e-05 -0.00475042 0.00129755 0.0238274 -0.00571695 -0.0201103 -0.0287544 0.00151849 0.0362788 0.0202155 -0.00198011 0.00346087 -0.00512714 -0.0218194 0.0240943 0.0109945 0.00216485 0.00945223 -0.0343551 -0.0224982 -0.00876719 0.0320964 0.0429672
internal_weight=887.896 739.965 531.199 147.93 387.715 208.766 150.45 267.794 99.7215 143.484 48.2088 60.3467 13.7343 119.921 20.9814 18.2854 58.3155 49.0491 132.165 27.2274 20.1307 83.1374 85.9872
internal_count=2779 2211 1675 568 1142 536 352 836 422 533 146 203 44 306 75 57 184 161 295 71 58 330 378
is_linear=0
shrinkage=0.04


Tree=10
num_leaves=24
num_cat=0
split_feature=0 14 5 0 10 0 6 3 15 0 20 18 21 21 3 10 19 15 0 15 12 0 20
split_gain=59.527 72.4448 35.5732 27.7397 27.0092 22.7247 20.1449 18.1161 16.9761 16.2893 13.9297 13.9197 13.3635 13.2535 12.5972 12.4586 14.1361 12.2034 11.5695 10.4905 11.7627 9.57819 8.94302
threshold=1.8250000000000004 11.530000000000001 7.9450000000000012 4.2750000000000012 2.0650000000000004 3.7850000000000006 1.0705000000000002 1.6850000000000003 76.310000000000016 1.7450000000000003 3.0509588053555263 1.5643800000000001 6.2633752119644663 4.3550149811860761 1.7150000000000001 2.0450000000000004 4.3687500000000012 68.285000000000011 2.2050000000000005 73.785000000000011 1.2050000000000003 5.5500000000000007 4.843848786315883
decision_type=2 2 2 2 2 2 2 2 2 2 2 2 2 2 2 2 2 2 2 2 2 2 2
left_child=2 3 7 4 22 6 12 15 -4 11 14 -10 -3 -12 -9 17 -17 -1 -6 21 -21 -7 -2
right_child=1 5 8 -5 18 19 -8 10 9 -11 13 -13 -14 -15 -16 16 -18 -19 -20 20 -22 -23 -24
leaf_value=0.03728919552622828 0.034209126259957076 -0.016611954672866757 -0.037404225756847195 0.048596076087119182 -0.011668022979317984 -0.029595870753771708 -0.047907026968700687 -0.048380675101408345 -0.024671758806175871 0.042526256958813007 -0.044859308754342138 0.015913530639550501 0.039973846753691304 0.0024156131419953313 0.0070510841452341676 -0.029722408095752516 0.023654000343354197 0.0066705324136608493 0.012160515009354991 -0.016828344477087365 0.032402251667949529 0.014057639629647437 -0.0078522829690066426
leaf_weight=28.148387670516968 100.04576814174652 52.147680312395096 84.227443620562553 49.24547666311264 46.491900444030762 18.006050154566768 35.25925500690937 6.5750048309564582 72.242366641759872 6.9241607487201682 30.109516814351082 15.601544559001921 6.6121021509170523 13.061068609356878 47.842044815421104 23.16255921125412 10.78780937194824 78.424486339092255 102.04424914717674 9.6145905405282956 28.317762717604637 12.856615230441092 8.0980862230062467
leaf_count=108 414 134 183 231 127 45 68 13 180 27 67 50 26 41 152 54 36 257 360 26 109 46 25
internal_value=2.46471e-05 0.00980515 -0.0109446 0.0212622 0.0158188 -0.0116721 -0.0243706 -0.000762395 -0.0243657 -0.0124242 -0.0139539 -0.0172756 -0.00954826 -0.0306445 -0.000254335 0.00837589 -0.0123415 0.0151035 0.00462052 0.0056684 0.0196067 -0.0112894 0.0309431
internal_weight=885.846 468.74 417.106 305.925 256.68 162.814 94.019 238.111 178.996 94.7681 97.5876 87.8439 58.7598 43.1706 54.417 140.523 33.9504 106.573 148.536 68.795 37.9324 30.8627 108.144
internal_count=2779 1611 1168 1157 926 454 228 728 440 257 273 230 160 108 165 455 90 365 487 226 135 91 439
is_linear=0
shrinkage=0.04


Tree=11
num_leaves=22
num_cat=0
split_feature=12 14 16 11 16 6 20 16 17 6 10 14 6 5 2 16 2 17 15 11 14
split_gain=56.1085 40.3787 51.6009 23.9969 21.5544 17.7291 15.7724 14.9248 15.7913 15.6837 14.4102 12.4124 10.2042 9.39039 12.1705 11.1098 9.2534 7.68203 7.36189 1.34801 4.62311
threshold=2.4950000000000006 11.630000000000001 2.2050000000000005 2.9550000000000005 3.7850000000000006 1.0255000000000003 5.7796050121252547 1.7050000000000003 0.55626000000000031 1.0655000000000003 2.0250000000000004 9.5450000000000017 1.0595000000000001 20.705000000000002 2.4150000000000005 8.3150000000000031 1.6050000000000002 0.58424500000000013 77.195000000000007 5.4750000000000005 5.3050000000000006
decision_type=2 2 2 2 2 2 2 2 2 2 2 2 2 2 2 2 2 2 2 2 2
left_child=1 2 3 5 6 -1 16 8 -2 19 -5 18 -13 14 -6 -15 -3 -8 -4 -9 -21
right_child=7 4 11 10 13 -7 17 9 -10 -11 -12 12 -14 15 -16 -17 -18 -19 -20 20 -22
leaf_value=0.0098507195731348234 -0.027418717051709791 -0.039704432585709493 0.019616767360055524 0.0033740328111030076 0.043544140481164333 -0.010692109143837549 0.02631242325006861 0.055016750937924103 0.051584353208292855 -0.0067965841269541742 -0.025972866777190448 -0.0076935449819636546 0.036657395192892163 -0.018698121260598898 -0.02389331735320302 0.029632880868592976 -0.017667202048035659 -0.023500275252862149 0.041013735178899627 0.0069402682635306048 0.045421782549469304
leaf_weight=165.86304952204227 12.004600495100023 78.6798175573349 75.979616239666939 34.851951390504837 13.813454210758211 111.4113489985466 12.069167330861093 28.225614935159683 4.8655263483524314 9.8022601902484876 105.58330348134041 34.021124124526978 9.8468813449144346 34.559553608298302 5.1099111586809149 8.6375684738159162 56.572753816843033 6.9106072187423697 43.911687359213829 7.4462909400463131 23.34201318025589
leaf_count=549 30 163 298 112 55 319 42 136 21 31 252 102 38 95 14 34 141 16 193 30 108
internal_value=2.76518e-05 -0.0032802 0.00220229 -0.00524827 -0.0179941 0.00155892 -0.0259663 0.0306018 -0.00257413 0.0387698 -0.0186609 0.0211719 0.00267856 0.00177035 0.0246471 -0.00840118 -0.0307428 0.00750659 0.0277943 0.0464588 0.0368776
internal_weight=883.508 797.822 581.469 417.71 216.353 277.274 154.232 85.6863 16.8701 68.8162 140.435 163.759 43.868 62.1205 18.9234 43.1971 135.253 18.9798 119.891 59.0139 30.7883
internal_count=2779 2423 1863 1232 560 868 362 356 51 305 364 631 140 198 69 129 304 58 491 274 138
is_linear=0
shrinkage=0.04


Tree=12
num_leaves=24
num_cat=0
split_feature=12 10 0 0 0 3 11 0 6 1 17 3 9 12 7 0 14 14 11 13 9 1 0
split_gain=52.569 36.0261 37.7503 29.0914 25.7045 20.436 16.5176 19.5407 16.0493 15.0879 13.8935 11.0648 10.9051 10.2465 9.52399 9.39266 9.06758 7.77805 10.3449 7.11847 6.39387 8.76162 3.98068
threshold=2.2050000000000005 3.0850000000000004 1.7250000000000003 3.7850000000000006 1.9150000000000003 2.1250000000000004 3.2450000000000006 3.5750000000000006 1.0655000000000003 0.88150000000000006 0.28067499999999995 2.4950000000000006 7.1050000000000013 2.4750000000000005 9.3700000000000028 8.3150000000000031 13.045000000000002 10.475000000000003 3.9050000000000007 0.037100000000000001 9.9800000000000022 0.95650000000000002 2.4650000000000003
decision_type=2 2 2 2 2 2 2 2 2 2 2 2 2 2 2 2 2 2 2 2 2 2 2
left_child=1 2 5 17 9 10 16 -8 22 13 -1 -10 -7 -2 -5 -16 -4 18 -3 -19 21 -11 -6
right_child=4 3 6 14 8 12 7 -9 11 20 -12 -13 -14 -15 15 -17 -18 19 -20 -21 -22 -23 -24
leaf_value=0.0050470314237342322 -4.7705605985858123e-05 -0.036456571694648957 0.027428280839862085 0.042874345240571266 0.021821117888891853 -0.010399156998335931 -0.0058807952227499299 0.038113181085489896 -0.03474610551874277 0.020474420584258659 -0.013801716110829559 0.033168460923412829 -0.054582403465244962 0.054699889659624558 -0.0081749923893313699 0.032451810649463682 -0.024206885222552064 -0.038052334235009762 0.0072319056959530082 -0.017837445767345791 -0.051237272529954102 -0.030138983975184594 0.045600398469507468
leaf_weight=137.44322568178177 12.372850924730303 12.653583094477652 107.85610577464104 8.012227922677992 19.020248502492905 17.575033217668533 82.110459640622139 19.022885337471962 7.9163829535245878 8.6735657602548653 112.76510563492775 5.7008728682994843 19.842489272356033 8.4070518761873227 51.550809040665627 9.9988547116518003 4.8197557032108298 81.636477544903755 22.519683793187141 49.507666125893593 7.1480092406272879 11.468736052513121 63.285619229078293
leaf_count=434 38 28 423 33 74 48 252 82 20 31 311 24 36 37 155 41 12 168 69 119 13 27 304
internal_value=3.75161e-05 -0.00427781 0.00177737 -0.0171369 0.0220663 -0.00765775 0.0144837 0.00260816 0.0339317 -0.00165659 -0.00343709 -0.00544233 -0.0348486 0.0232291 0.00444608 -0.00103389 0.0249557 -0.0261844 -0.00883721 -0.0306744 -0.0210396 -0.00802819 0.0405291
internal_weight=881.308 737.314 501.435 235.879 143.993 287.626 213.809 101.133 95.9231 48.0702 250.208 13.6173 37.4175 20.7799 69.5619 61.5497 112.676 166.317 35.1733 131.144 27.2903 20.1423 82.3059
internal_count=2779 2211 1598 613 568 829 769 334 422 146 745 44 84 75 229 196 435 384 97 287 71 58 378
is_linear=0
shrinkage=0.04


Tree=13
num_leaves=24
num_cat=0
split_feature=0 14 10 0 10 6 21 9 3 3 6 12 17 20 13 11 17 13 18 12 11 11 10
split_gain=49.4032 59.2163 28.7067 25.6044 23.2277 20.2056 18.1074 17.6553 17.0264 16.9587 15.897 14.8294 14.1092 13.687 11.506 10.8983 10.4784 9.21653 8.73392 8.60711 7.99926 6.51896 5.57144
threshold=1.8250000000000004 11.530000000000001 2.0250000000000004 4.2750000000000012 2.0650000000000004 1.0705000000000002 7.7923213907798194 8.2050000000000018 1.6850000000000003 2.4250000000000003 0.98950000000000016 2.0250000000000004 0.28067499999999995 2.2521367506054513 0.037100000000000001 6.0850000000000009 1.0000000180025095e-35 0.007150000000000001 1.8887050000000001 1.8650000000000004 1.7150000000000001 3.7550000000000003 3.8350000000000004
decision_type=2 2 2 2 2 2 2 2 2 2 2 2 2 2 2 2 2 2 2 2 2 2 2
left_child=2 3 7 4 17 10 14 8 12 20 -3 -12 -1 -10 -7 18 -6 -2 19 -4 -9 -20 -5
right_child=1 5 15 22 16 6 -8 9 13 -11 11 -13 -14 -15 -16 -17 -18 -19 21 -21 -22 -23 -24
leaf_value=0.034518862982430835 0.003497701525144985 -0.040074927077744488 -0.023389909278773078 0.053126690741972009 -0.035635471224185596 -0.0537129025678156 0.015074768163215312 0.017749083858275002 0.029780167390166423 -0.063095945398059572 0.00077720698852708496 0.052618843435597085 0 -0.018187700314656004 -0.012162367757038975 -0.048503369839933176 0.0068709238680523012 0.034370596986453006 -0.014105219323435786 0.012935563665277395 -0.013155856200895787 0.034581490032370168 0.014183612987612577
leaf_weight=46.904320612549782 19.878693655133247 12.419652014970778 140.03487475216389 38.245399698615074 8.9100204259157163 30.684803262352943 11.528544843196867 15.26948571205139 11.053972527384756 8.9210741519927961 80.91449211537838 8.9630166143178922 31.681595295667648 43.610881239175797 18.015450105071068 20.90160408616066 138.43417876958847 85.085123732686043 7.9089777916669828 10.357087314128874 72.885449036955833 7.5954660922288895 8.6684756875038129
leaf_count=180 76 27 334 196 22 57 38 52 41 14 241 42 101 122 49 38 465 363 20 32 207 27 35
internal_value=3.81554e-05 0.0090517 -0.00991829 0.0195949 0.0143885 -0.0103114 -0.0284881 -0.00041707 0.00897394 -0.0133492 0.000485157 0.00655725 0.0208223 -0.00798349 -0.0390573 -0.0215263 0.00402371 0.0286874 -0.0178093 -0.0207665 -0.00757398 0.00991133 0.0465442
internal_weight=878.873 461.748 417.125 299.222 252.308 162.526 60.2288 230.327 133.251 97.076 102.297 89.8775 78.5859 54.6649 48.7003 186.798 147.344 104.964 165.896 150.392 88.1549 15.5044 46.9139
internal_count=2779 1611 1168 1157 926 454 144 717 444 273 310 283 281 163 106 451 487 439 413 366 259 47 231
is_linear=0
shrinkage=0.04


Tree=14
num_leaves=22
num_cat=0
split_feature=12 14 0 11 0 1 1 1 19 0 6 17 18 15 15 8 14 19 4 11 14
split_gain=47.28 32.1559 43.3479 20.4733 17.6059 16.2952 13.8466 16.5158 13.3342 13.132 14.0751 13.9465 10.7347 13.4821 10.712 8.5908 7.72573 9.83469 9.43278 1.5691 4.61107
threshold=2.4950000000000006 11.630000000000001 2.2250000000000005 2.9650000000000003 3.7850000000000006 0.79750000000000021 0.87050000000000016 0.80950000000000022 5.9250000000000007 1.7050000000000003 1.0655000000000003 0.55626000000000031 1.4449200000000002 81.615000000000009 76.960000000000022 13.160000000000002 18.700000000000006 11.123750000000001 18.800000000000001 5.4750000000000005 5.3050000000000006
decision_type=2 2 2 2 2 2 2 2 2 2 2 2 2 2 2 2 2 2 2 2 2
left_child=1 2 3 5 12 -1 7 -4 -5 11 19 -2 15 -14 -8 -3 17 -6 -18 -11 -21
right_child=9 4 6 8 16 -7 14 -9 -10 10 -12 -13 13 -15 -16 -17 18 -19 -20 20 -22
leaf_value=-0.016672235247628866 -0.025563625250770078 -0.0030323266451163962 0.025849358404056128 -0.022176528592883615 2.4912542457905561e-05 0.006637776216850088 0.018924003892126531 -0.013270183821824818 0.012188680233268263 0.053121921089190283 -0.0064664840573478476 0.049309953866514863 -0.022776196335435154 0.016148936985833702 0.048305304286329752 -0.037258814704406548 -0.04304011758726782 0.045341112154522557 0.0046620806465081646 0.00442270171515932 0.043084745922243782
leaf_weight=60.394776180386543 12.032599300146105 14.635323464870451 32.40462452173233 120.70349006354809 26.302438512444496 217.81953407824039 59.124598309397697 34.581518530845642 20.236549213528633 26.789084672927856 9.765520513057707 4.7178474366664878 42.413855358958244 20.09685505926609 32.266724288463593 77.152499288320541 9.9942736327648181 10.024050340056418 15.655051484704016 7.1967365741729763 22.14557084441185
leaf_count=165 30 39 131 303 85 708 232 110 63 136 31 21 99 65 151 159 21 42 50 30 108
internal_value=4.02083e-05 -0.00296119 0.00195814 -0.00476784 -0.016083 0.0015074 0.0197272 0.00563813 -0.0171348 0.0286543 0.0365946 -0.00243451 -0.0232803 -0.0100788 0.0297945 -0.0319792 0.00179395 0.0136236 -0.0145425 0.0442083 0.0343241
internal_weight=876.454 793.806 577.532 419.154 216.274 278.214 158.377 66.9861 140.94 82.6474 65.8969 16.7504 154.299 62.5107 91.3913 91.7878 61.9758 36.3265 25.6493 56.1314 29.3423
internal_count=2779 2423 1863 1239 560 873 624 241 366 356 305 51 362 164 383 198 198 127 71 274 138
is_linear=0
shrinkage=0.04


Tree=15
num_leaves=21
num_cat=0
split_feature=12 14 0 11 0 21 18 19 6 0 8 0 14 3 0 15 5 21 15 14
split_gain=44.3079 29.6936 40.3073 18.9296 20.7378 16.7221 16.9943 13.2952 12.7895 12.5987 21.0309 11.7373 11.475 9.92781 8.6747 5.91283 5.26531 3.60999 2.07492 1.19582
threshold=2.4950000000000006 11.630000000000001 2.2250000000000005 2.3950000000000005 1.8350000000000002 2.8262620923838773 1.4514150000000001 6.11625 1.0545000000000002 4.2750000000000012 9.2350000000000012 4.8350000000000009 9.5450000000000017 1.5350000000000004 1.7050000000000003 77.195000000000007 5.8650000000000011 5.1808574842466708 79.565000000000012 13.755000000000001
decision_type=2 2 2 2 2 2 2 2 2 2 2 2 2 2 2 2 2 2 2 2
left_child=1 2 3 4 -1 19 11 -5 -8 10 14 -7 15 -14 16 -4 -2 -12 -16 -3
right_child=9 5 12 7 -6 6 8 -9 -10 -11 17 -13 13 -15 18 -17 -18 -19 -20 -21
leaf_value=0.00079089242720166409 0.026846948115510472 -0.026689669920210882 0.018202407505160605 -0.015394626793154533 0.048586966279056967 -0.027053415865364184 0.016566535971428979 0.015397362175846157 -0.01286310389191923 0.05112481151159786 -0.034866118011149874 0.019200356972622692 0.031594687290069749 -0.010180570429118595 0.053242360019598575 0.037987624179236339 -0.018989673398806483 0.0019612772944570252 0.021958582652275311 -0.054723959169680807
leaf_weight=170.67252187430859 7.5502922981977445 8.4667429178953189 72.643373772501945 209.61367136240005 14.920100331306456 90.774053052067757 43.592682734131813 24.048682481050491 49.177329733967781 25.283530324697495 9.8265925943851489 8.7927422672510129 11.600943833589552 31.629223629832268 18.270936653018001 41.338178604841232 6.454643189907074 6.2070125937461844 7.9596410989761344 15.329327538609503
leaf_count=530 29 18 294 567 65 205 145 77 134 136 24 32 43 96 91 191 17 23 36 26
internal_value=4.89255e-05 -0.00284317 0.00188998 -0.00457663 0.00491597 -0.0154548 -0.0113453 -0.0121393 0.00090978 0.0279477 0.0166829 -0.0227389 0.0191057 0.00130994 0.0319812 0.0257155 0.00533078 -0.0208615 0.0451981 -0.0465505
internal_weight=874.152 792.6 576.467 419.255 185.593 216.133 192.337 233.662 92.77 81.5526 56.2691 99.5668 157.212 43.2302 40.2355 113.982 14.0049 16.0336 26.2306 23.7961
internal_count=2779 2423 1863 1239 595 560 516 644 279 356 220 237 624 139 173 485 46 47 127 44
is_linear=0
shrinkage=0.04


Tree=16
num_leaves=22
num_cat=0
split_feature=12 10 0 0 3 7 9 0 0 8 10 18 10 8 0 13 0 1 10 1 12
split_gain=41.5426 29.2279 35.4325 27.1873 15.8715 13.9976 13.602 12.3985 12.2025 19.7362 11.8765 11.2465 10.8927 8.7016 10.8015 10.2036 8.31854 7.48186 3.45229 2.90165 1.90216
threshold=2.4950000000000006 3.0850000000000004 1.7250000000000003 3.2150000000000003 2.1250000000000004 10.595000000000001 7.5650000000000004 8.3150000000000031 4.2750000000000012 9.2350000000000012 2.0250000000000004 1.0214400000000003 1.2750000000000001 9.0250000000000004 2.1050000000000004 0.047500000000000007 1.7050000000000003 0.88550000000000006 3.9250000000000003 0.92850000000000021 2.7150000000000003
decision_type=2 2 2 2 2 2 2 2 2 2 2 2 2 2 2 2 2 2 2 2 2
left_child=1 2 4 13 10 18 -6 -7 9 16 -1 -4 -13 14 -3 -15 17 -2 -5 -11 -18
right_child=8 3 11 5 6 7 -8 -9 -10 19 -12 12 -14 15 -16 -17 20 -19 -20 -21 -22
leaf_value=0.0032596099903016845 0.035253949592063294 -0.021177019654167763 -0.025569719186881633 0.045691818328221605 -0.0063472351722622432 -0.011937829253934476 -0.052645971455195818 0.032735185278820904 0.05042787730119766 -0.033653472980509143 -0.014433584607112583 -0.027765102168693635 0.017564061487063357 -0.035281215377130234 0.027502466423501459 -0.0038124251159147959 0.021743007066407746 -0.019608575838877158 0.0098914338646302596 0 0.052231733935846875
leaf_weight=173.46114899218082 6.253140449523924 21.888449192047123 9.9676167964935285 11.004665434360506 21.486156716942787 67.618464425206184 19.630544185638428 10.584781557321547 24.634595647454262 9.1482435017824191 91.807041391730309 7.8187408596277228 220.3197824805975 96.488264620304108 9.6504497081041318 20.858022928237915 7.9026706814765957 7.7146491408348083 8.857033506035803 6.9338862746953955 17.834769710898399
leaf_count=554 26 50 26 48 60 193 35 45 136 24 235 24 834 200 35 54 36 20 30 23 91
internal_value=5.78639e-05 -0.00272861 0.00243868 -0.0141179 -0.00653156 0.0021611 -0.029367 -0.00545338 0.0272748 0.0162021 -0.00286502 0.0139937 0.0158612 -0.0248366 -0.00564849 -0.0298348 0.0312039 0.00513235 0.03135 -0.0200263 0.0443327
internal_weight=871.863 791.441 544.491 246.95 306.385 98.0649 41.1167 78.2032 80.422 55.7874 265.268 238.106 228.139 148.885 31.5389 117.346 39.7052 13.9678 19.8617 16.0821 25.7374
internal_count=2779 2423 1768 655 884 316 95 238 356 220 789 884 858 339 85 254 173 46 78 47 127
is_linear=0
shrinkage=0.04


Tree=17
num_leaves=21
num_cat=0
split_feature=12 10 13 0 0 0 11 6 0 3 1 9 12 4 17 17 0 18 11 11
split_gain=39.1383 25.9578 30.0221 24.8445 21.7089 20.1211 18.5605 18.3342 16.5703 16.4585 14.1067 11.4897 8.1476 9.80166 7.00076 6.98677 14.5189 7.6621 5.16667 5.30124
threshold=2.2050000000000005 3.0850000000000004 0.026150000000000003 1.7250000000000003 3.7850000000000006 1.7950000000000002 3.2450000000000006 1.0615000000000003 3.7250000000000005 2.1250000000000004 0.95650000000000002 5.8350000000000009 0.89500000000000013 10.585000000000003 0.61008000000000007 0.18543500000000007 2.2050000000000005 2.2406600000000005 3.1450000000000005 5.4750000000000005
decision_type=2 2 2 2 2 2 2 2 2 2 2 2 2 2 2 2 2 2 2 2
left_child=1 2 3 9 15 10 -5 18 -9 -1 11 -2 -6 -14 -13 16 -3 -17 -7 -20
right_child=5 4 -4 6 12 7 -8 8 -10 -11 -12 14 13 -15 -16 17 -18 -19 19 -21
leaf_value=-0.0038760421501084137 0.043985682304801203 -0.028266671622943093 0.060429381129734096 0.021905657500051526 -0.03229191944105865 0.0078485367687795866 -0.0022939319239203742 -0.050575970850850166 0.026686412240685652 -0.032226861287413512 -0.037939282362919609 -0.023659382787479574 0.050536028295543968 0.0029195719479861073 0.025040960141989511 -0.028305218115811225 0.028782193315161058 0.010560569251859728 0.052722142320322976 0.028378588153145767
leaf_weight=246.2540383040905 10.076579675078394 15.368315279483797 12.480287894606588 107.43510240316391 7.5694581866264334 9.7362006455659849 93.913342595100403 7.2211004942655554 8.6101769208908063 37.06830108165741 12.308569744229315 12.627482503652574 7.0351962447166434 54.396700039505959 6.165981411933898 130.8125596344471 11.616171792149542 7.842027246952056 34.51086513698101 36.287421748042107
leaf_count=728 43 32 53 426 17 39 309 14 37 82 26 33 33 179 22 288 40 24 182 172
internal_value=5.92581e-05 -0.00361774 0.00154779 -7.32419e-05 -0.0145564 0.019565 0.0106233 0.0294899 -0.00899094 -0.00771374 -0.00361988 0.0115245 0.00415817 0.00922287 -0.00681916 -0.0223787 -0.00327169 -0.0259899 0.03717 0.0409254
internal_weight=869.336 731.792 497.151 484.671 234.64 137.544 201.348 96.3658 15.8313 283.322 41.1786 28.87 69.0014 61.4319 18.7935 165.639 26.9845 138.655 80.5345 70.7983
internal_count=2779 2211 1598 1545 613 568 735 444 51 810 124 98 229 212 55 384 72 312 393 354
is_linear=0
shrinkage=0.04


Tree=18
num_leaves=21
num_cat=0
split_feature=12 14 0 11 19 21 18 0 8 6 19 0 14 6 0 8 17 21 15 14
split_gain=37.007 24.6785 34.1348 17.0294 15.7547 14.6711 14.6122 11.7194 18.0601 11.683 11.3144 10.2267 10.1407 9.40579 7.62493 5.96 5.61896 3.15787 2.1414 1.22089
threshold=2.4950000000000006 11.630000000000001 2.2250000000000005 2.9650000000000003 6.588750000000001 2.8262620923838773 1.4514150000000001 4.2750000000000012 9.2350000000000012 1.0545000000000002 5.9250000000000007 4.8350000000000009 9.5450000000000017 1.0595000000000001 1.7050000000000003 11.895000000000001 0.46997500000000003 5.1808574842466708 79.565000000000012 13.755000000000001
decision_type=2 2 2 2 2 2 2 2 2 2 2 2 2 2 2 2 2 2 2 2
left_child=1 2 3 4 -1 19 11 8 14 -8 -5 -7 15 -14 16 -4 -2 -10 -16 -3
right_child=7 5 12 10 -6 6 9 -9 17 -11 -12 -13 13 -15 18 -17 -18 -19 -20 -21
leaf_value=-9.0898404864451009e-06 -0.015183213123740666 -0.024047576012286784 0.020334157764000032 -0.020028685831911468 0.056718121992572187 -0.0248155408747632 0.016191749042502476 0.049372847067672573 -0.032322362020411131 -0.011981678240082181 0.011673746969335519 0.018447059007746878 -0.0088803549316253377 0.034228596454837744 0.051126539550758583 0.050155852308442918 0.032844762258213207 0.002067276384422835 0.019476003226845326 -0.05125455355561586
leaf_weight=270.61121161282063 8.1473845839500409 8.4256472736597079 98.999797284603119 120.92639747262001 7.0583059936761847 90.529606327414513 43.346328318119049 23.570312798023224 9.8791314810514468 49.117407977581024 20.121095985174179 8.7295156419277173 33.477789759635925 9.5682100355625135 17.180194109678272 12.380920067429541 5.7185019403696051 6.1652726531028739 7.6074008494615546 15.238514289259909
leaf_count=843 22 18 421 303 30 205 145 136 24 134 63 32 101 38 91 64 24 23 36 26
internal_value=6.58312e-05 -0.00254083 0.00178914 -0.00412869 0.00160255 -0.0140548 -0.0102028 0.0261289 0.0152624 0.00117215 -0.0153995 -0.0207849 0.0178097 0.00107978 0.029932 0.0241371 0.0049631 -0.0192924 0.042855 -0.0432596
internal_weight=866.799 788.531 573.144 418.717 277.67 215.387 191.723 78.2682 54.6979 92.4637 141.047 99.2591 154.427 43.046 38.6535 111.381 13.8659 16.0444 24.7876 23.6642
internal_count=2779 2423 1863 1239 873 560 516 356 220 279 366 237 624 139 173 485 46 47 127 44
is_linear=0
shrinkage=0.04


Tree=19
num_leaves=24
num_cat=0
split_feature=0 14 5 0 6 19 6 3 15 4 11 0 11 0 20 14 14 0 19 5 13 19 9
split_gain=33.5248 41.1435 23.3912 17.8126 16.7417 15.2687 14.7293 14.1745 13.1872 12.7996 20.5142 12.6917 14.5602 12.3931 10.4692 9.2088 8.14252 5.74295 3.91898 3.87159 3.67836 1.55575 1.54642
threshold=1.8250000000000004 9.0050000000000008 7.9450000000000012 8.3150000000000031 1.0845000000000002 -0.11250000000000014 0.98750000000000016 1.6850000000000003 76.310000000000016 5.495000000000001 2.9550000000000005 4.2750000000000012 2.3550000000000004 1.3150000000000002 3.0509588053555263 4.7350000000000012 8.1550000000000029 4.1850000000000014 11.763750000000002 16.595000000000002 0.018350000000000002 3.5262500000000006 26.575000000000003
decision_type=2 2 2 2 2 2 2 2 2 2 2 2 2 2 2 2 2 2 2 2 2 2 2
left_child=2 11 5 4 6 -1 -3 13 19 16 -11 12 21 -7 -9 -14 -10 -6 -5 20 -4 -2 -13
right_child=1 3 8 18 17 7 -8 14 9 10 -12 22 15 -15 -16 -17 -18 -19 -20 -21 -22 -23 -24
leaf_value=0.057381155638854063 0.053009605304352815 -0.039472015756550717 -0.016701104942559039 0.0041300232959976362 -0.035655270638653723 -0.0052615478553390497 0.002879242873971928 -0.0011115011120791018 -0.01501973110064941 0.029760773723399653 -0.016444848960089093 0.049164972874108551 0.029886837908001836 0.018699302485853397 -0.0277581153085159 0.0064535337174942229 -0.060497162102646752 -0.0059159418352833885 0.050664997454852811 0 -0.038426344842298059 0.023985766898651454 0.012138169575659363
leaf_weight=6.2365806698799124 16.075095936656002 13.305658832192419 20.875393137335777 4.7226068079471579 34.415067940950394 68.290052339434624 159.41934642195702 52.37783071398735 24.995376214385033 24.889292970299721 36.761737167835236 24.514292076230053 34.190461859107018 67.43426601588726 43.065244108438492 123.21060125529766 8.3557972162961942 16.338954210281372 9.986907020211218 6.6579493284225455 56.438269153237343 8.3769629150629026 3.4292741417884818
leaf_count=26 78 29 53 19 70 201 501 157 67 87 89 143 161 237 107 456 14 50 50 17 113 37 17
internal_value=7.45043e-05 0.00767007 -0.00807728 -0.00367832 -0.00657566 0.000133579 -0.000545615 -0.00161693 -0.0189534 -0.0084888 0.00225853 0.0205485 0.016447 0.00663452 -0.0133809 0.0117507 -0.028076 -0.0265353 0.0374478 -0.0304593 -0.0329506 0.0447138 0.0454738
internal_weight=864.363 447.985 416.378 238.189 223.479 237.404 172.725 231.167 178.974 95.0022 61.651 209.797 181.853 135.724 95.4431 157.401 33.3512 50.754 14.7095 83.9716 77.3137 24.4521 27.9436
internal_count=2779 1611 1168 719 650 728 530 702 440 257 176 892 732 438 264 617 81 120 69 183 166 115 160
is_linear=0
shrinkage=0.04


Tree=20
num_leaves=22
num_cat=0
split_feature=0 10 0 10 10 1 20 6 3 4 0 6 6 2 4 2 6 21 2 6 4
split_gain=31.812 40.7421 29.1283 19.0382 13.1967 14.1455 13.111 12.8513 12.6462 10.9959 10.7045 7.93025 14.9046 7.56699 10.1837 11.1995 6.6506 5.745 5.2582 6.95224 3.2834
threshold=4.3350000000000009 3.0850000000000004 1.7250000000000003 3.7950000000000004 2.0650000000000004 0.99900000000000011 4.5924501389829109 1.0185000000000002 1.9850000000000001 2.7100000000000004 8.3150000000000031 1.1175000000000004 1.0365000000000002 2.2850000000000006 7.0550000000000006 1.4550000000000003 1.0095000000000003 6.0262739693345084 2.6350000000000002 1.0345000000000002 21.775000000000002
decision_type=2 2 2 2 2 2 2 2 2 2 2 2 2 2 2 2 2 2 2 2 2
left_child=1 2 7 6 16 -6 -2 9 -9 -1 11 12 -5 14 15 -3 -4 -16 -15 -20 -12
right_child=3 13 4 10 5 -7 -8 8 -10 -11 20 -13 -14 18 17 -17 -18 -19 19 -21 -22
leaf_value=-0.029555739108100422 0.050642888978545922 0.040189097081013668 0.040655563947677206 -0.018908820111238331 0.0081631546855814845 -0.039534079585086868 -0.0092781362383607072 -0.0073542345028241021 -0.035680824984079922 0.0070809662796387576 0.0051466936447666922 -0.037283715372978907 0.037724717035941782 0.026490089443015813 -0.027476543383758295 -0.023715877416004668 0.017186174224456625 -0.0055412970356861994 -0.033346089248190179 0.017311408155579074 0.049274269220010727
leaf_weight=13.477924257516859 36.137387722730637 7.9185439497232419 26.244987770915031 16.969738319516185 125.68118295073509 9.7697199732065183 6.3422997444868079 144.3790350407362 30.154479488730431 133.90563607215881 4.8053592294454566 8.661183297634123 11.636557459831236 8.4036018252372759 133.09712341427803 7.5774419754743576 89.129166305065155 24.062101244926453 8.6734616756439191 6.782859042286872 8.1511825323104841
leaf_count=35 208 29 125 50 440 24 20 408 65 427 19 20 48 29 296 17 374 62 20 22 41
internal_value=7.71469e-05 -0.00259077 0.00279493 0.0220924 0.0129971 0.00439973 0.0415049 -0.00514501 -0.0124692 0.00350009 0.00502724 -0.00583474 0.00435461 -0.0182626 -0.0211707 0.00891166 0.0228971 -0.024225 0.0024643 -0.0109283 0.0350227
internal_weight=861.961 769.257 572.742 92.7037 250.825 135.451 42.4797 321.917 174.534 147.384 50.224 37.2675 28.6063 196.515 172.655 15.496 115.374 157.159 23.8599 15.4563 12.9565
internal_count=2779 2373 1898 406 963 464 228 935 473 462 178 118 98 475 404 46 499 358 71 42 60
is_linear=0
shrinkage=0.04


Tree=21
num_leaves=20
num_cat=0
split_feature=12 14 8 6 5 2 2 15 3 8 21 1 20 2 15 20 19 21 15
split_gain=32.2109 19.7275 29.0392 17.201 16.0134 12.0825 13.0705 11.6999 10.7438 9.07867 9.61267 9.61055 8.44265 7.86952 10.2819 6.15437 5.67149 5.41623 1.7014
threshold=2.5550000000000002 9.0050000000000008 8.8650000000000002 1.0125000000000002 6.3150000000000004 1.6250000000000002 1.675 81.615000000000009 1.5650000000000002 14.810000000000002 3.6718051605625246 0.8045000000000001 4.78413029309342 1.5750000000000004 68.285000000000011 4.1820855590792068 7.8400000000000007 3.791121948778263 88.970000000000013
decision_type=2 2 2 2 2 2 2 2 2 2 2 2 2 2 2 2 2 2 2
left_child=1 2 3 4 -1 9 -7 -8 -5 10 -3 -11 16 -2 17 18 -4 -15 -16
right_child=13 5 12 8 -6 6 7 -9 -10 11 -12 -13 -14 14 15 -17 -18 -19 -20
leaf_value=0.0033394802616141493 -0.010318432179416099 -0.022385692087513922 0.036041244225568411 0.0024475349472525979 0.03813227706911277 0.042207120254900019 -0.011993159102472551 0.012360962847506774 -0.013861102290131752 -0.052155693857844167 0.0020159105808973256 -0.018392841302640257 -0.011129740759582164 0.021793030076126679 0.04855125206975125 0 0 -0.022745889337270422 0.010876853860576694
leaf_weight=95.441547125577927 7.5564868450164786 43.484483227133751 54.638593912124634 111.23961320519447 26.527895614504814 9.3633413910865766 98.673842042684555 45.004885047674179 150.06669610738754 17.630048364400864 59.989529684185982 63.540106683969498 7.6150610744953147 9.207899481058119 36.246355786919594 5.2567156851291648 8.0724781900644285 6.5823064148426047 3.3221842050552359
leaf_count=316 25 105 236 354 111 36 275 150 453 30 176 157 23 37 205 19 32 22 17
internal_value=7.78898e-05 -0.00219831 0.00323633 -0.00110201 0.0112204 -0.0095101 -0.00112523 -0.00427665 -0.00690506 -0.0163733 -0.00827829 -0.0263689 0.0266763 0.0262638 0.0310475 0.0406547 0.0314953 0.00250115 0.0459314
internal_weight=859.46 791.288 453.602 383.276 121.969 337.686 153.042 143.679 261.306 184.644 103.474 81.1702 70.3261 68.1719 60.6155 44.8253 62.7111 15.7902 39.5685
internal_count=2779 2454 1525 1234 427 929 461 425 807 468 281 187 291 325 300 241 268 59 222
is_linear=0
shrinkage=0.04


Tree=22
num_leaves=22
num_cat=0
split_feature=12 14 0 10 18 19 18 1 1 8 18 8 15 0 12 17 14 1 18 18 0
split_gain=30.1429 18.4138 28.4472 14.0738 21.2248 18.835 12.8519 11.1505 16.1003 10.4454 9.67783 9.31759 10.959 9.26723 8.83871 7.36659 7.24323 5.87305 4.30269 2.94472 2.49954
threshold=2.5550000000000002 11.630000000000001 2.2250000000000005 2.0250000000000004 2.3011500000000003 5.8512500000000012 1.1979300000000002 0.87050000000000016 0.80950000000000022 19.600000000000005 1.3800750000000004 15.030000000000001 74.645000000000024 1.7050000000000003 1.1450000000000002 0.46997500000000003 16.085000000000004 0.91850000000000021 1.3733400000000002 1.1312250000000004 2.3350000000000004
decision_type=2 2 2 2 2 2 2 2 2 2 2 2 2 2 2 2 2 2 2 2 2
left_child=1 2 3 4 -1 -5 11 8 -4 14 -11 12 -3 15 -8 -2 18 -9 -15 -13 -20
right_child=13 6 7 5 -6 -7 9 17 -10 10 -12 19 -14 16 -16 -17 -18 -19 20 -21 -22
leaf_value=0.0050448363735094894 -0.022907146126374744 -0.029450568917126888 0.023536392630417236 -0.018562334152423362 -0.043240183017358706 0.018312651824724645 -0.029579583061215081 0.04151603151265125 -0.015528291325390806 0.03642486762686397 -0.0016534330586140018 -0.024115390287257059 0.035329011613507225 0 -0.0046168350773244512 0.031445701431077132 -0.013861635544936165 0.018075458940680772 0.017808339273998365 -0.050941384717207418 0.046276369821724464
leaf_weight=239.41199223697186 9.4019761532545072 9.0097769796848279 31.7332633882761 140.63043569028378 14.491155490279196 25.231900349259377 38.227486565709114 25.655545860528946 33.736064404249191 12.101127803325651 55.625765323638916 16.563156262040138 6.1505500227212897 4.1029889285564414 57.152258589863777 5.448022171854972 4.0423748642206183 64.78286574780941 8.9039823412895185 20.050331726670265 35.35432069003582
leaf_count=788 23 19 136 347 29 82 84 121 110 42 167 36 21 17 160 23 13 278 36 34 213
internal_value=8.00112e-05 -0.00211 0.00161114 -0.00379693 0.00209883 -0.0128286 -0.0120774 0.0161542 0.0033554 -0.00641797 0.00546482 -0.0292957 -0.00211455 0.0255941 -0.0149078 -0.00173609 0.0333761 0.0251939 0.0376875 -0.0399823 0.0412459
internal_weight=857.807 790.554 575.673 419.765 253.903 165.862 214.88 155.908 65.4693 163.107 67.7269 51.7738 15.1603 67.2537 95.3797 14.85 52.4037 90.4384 48.3613 36.6135 44.2583
internal_count=2779 2454 1891 1246 817 429 563 645 246 453 209 110 40 325 244 46 279 399 266 70 249
is_linear=0
shrinkage=0.04


Tree=23
num_leaves=18
num_cat=0
split_feature=16 10 13 16 14 10 5 7 1 10 14 8 2 21 13 7 14
split_gain=28.135 34.2362 27.5915 22.8736 20.4382 16.6323 16.3912 14.4601 10.0424 7.32342 6.9468 6.91917 8.09583 4.88703 4.80314 3.62609 3.20106
threshold=4.3350000000000009 3.0850000000000004 0.026150000000000003 1.7250000000000003 13.255000000000001 2.2950000000000004 7.9850000000000012 17.575000000000006 0.85250000000000015 3.8350000000000004 15.875000000000002 6.1750000000000007 2.2850000000000006 6.0262739693345084 0.035850000000000007 14.440000000000001 25.105000000000004
decision_type=2 2 2 2 2 2 2 2 2 2 2 2 2 2 2 2 2
left_child=1 2 3 6 9 -5 -1 10 -9 -2 -6 -3 13 -13 -14 -11 -10
right_child=4 11 -4 5 7 -7 -8 8 16 15 -12 12 14 -15 -16 -17 -18
leaf_value=0.00025710310350788982 0.049215125197833665 0.011624070935468047 0.059104061384310874 0.018608972271107593 -0.042932622696147213 -0.0030137448639448077 -0.019243108148209391 -0.013254524102771493 0.053831483514961233 0.032558400433696323 0.00055838150807364169 -0.024617197019047962 0.019849377900491141 -0.0044287369020294415 -0.017137016155555788 -0.0060637590070122043 0.0097364121196589701
leaf_weight=217.65233127772808 33.148752421140671 11.859181791543959 12.477697044610975 149.60224676132202 10.651782363653185 90.179424256086349 99.413556218147278 7.1652086526155498 10.054169252514837 6.2693270891904813 11.087231889367102 138.9279679954052 12.323103770613672 23.964484095573425 8.6044433861970884 7.2226500362157822 4.7757940739393225
leaf_count=667 204 38 54 633 26 295 249 21 47 28 35 312 42 62 21 28 17
internal_value=7.87875e-05 -0.00241456 0.00253942 0.00115392 0.0210674 0.0104649 -0.00587316 0.00110832 0.0236168 0.0391987 -0.0213506 -0.0168084 -0.0187389 -0.0217411 0.00418943 0.0123391 0.0416487
internal_weight=855.379 765.004 569.325 556.848 90.3749 239.782 317.066 43.7342 21.9952 46.6407 21.739 195.679 183.82 162.892 20.9275 13.492 14.83
internal_count=2779 2373 1898 1844 406 928 916 146 85 260 61 475 437 374 63 56 64
is_linear=0
shrinkage=0.04


Tree=24
num_leaves=21
num_cat=0
split_feature=12 10 0 0 6 0 14 15 9 9 17 0 12 17 14 14 11 18 20 0
split_gain=27.1333 16.1444 21.4922 16.7768 14.8666 27.383 12.4353 10.498 19.4211 8.69173 8.55289 8.52903 7.9451 6.88074 6.82415 6.52118 5.07321 4.6806 4.32687 2.35701
threshold=2.5550000000000002 3.2850000000000006 3.7500000000000004 3.2150000000000003 1.0345000000000002 1.3150000000000002 4.6450000000000005 65.975000000000009 28.245000000000001 14.380000000000001 0.18543500000000007 1.7050000000000003 1.0650000000000002 0.46997500000000003 16.085000000000004 10.475000000000003 5.7950000000000008 1.3246950000000004 4.7297574756056617 2.3350000000000004
decision_type=2 2 2 2 2 2 2 2 2 2 2 2 2 2 2 2 2 2 2 2
left_child=1 2 4 10 5 -1 -6 9 -9 -5 12 13 -3 -2 17 -12 18 -13 -4 -19
right_child=11 3 16 7 6 -7 -8 8 -10 -11 15 14 -14 -15 -16 -17 -18 19 -20 -21
leaf_value=-0.011905374568084775 -0.021951706679718158 -0.016436813883000168 0.049990198665510209 -0.04869481677941697 0.021278372682966215 0.011016405027066094 -0.014382175537676399 0.02985568903723982 -0.011473772018581532 0.0045466817770298948 -0.0044733647893764553 -0.0035530905647374262 0.036913565212080938 0.030708584154452198 -0.01357488630292791 -0.029851524154260366 -0.0042854127722020711 0.017616627927215526 0.002318266598350474 0.045374591910787986
leaf_weight=119.3192500025034 9.413803353905676 9.789361923933031 19.232568666338928 9.6067074537277239 16.50239822268486 269.7134168446064 142.56682670116425 34.757744953036308 35.878446534276009 8.3705374449491483 21.348243564367294 3.742328166961669 6.5621877908706656 5.3926148861646643 4.0182328671216956 85.790707245469093 3.8454244136810294 8.9877274930477125 4.1250462085008612 33.991542518138885
leaf_count=327 23 22 108 21 61 960 399 135 104 29 58 15 23 23 13 177 16 37 14 214
internal_value=8.42781e-05 -0.00197669 0.00149228 -0.0113862 -0.000245014 0.00395311 -0.0105228 0.00181391 0.0088843 -0.0245498 -0.020861 0.0246207 0.00540612 -0.00153688 0.0322905 -0.0249568 0.0355475 0.0366045 0.0423404 0.0402844
internal_weight=852.955 787.409 575.305 212.104 548.102 389.033 159.069 88.6134 70.6362 17.9772 123.491 65.5462 16.3515 14.8064 50.7398 107.139 27.203 46.7216 23.3576 42.9793
internal_count=2779 2454 1885 569 1747 1287 460 289 239 50 280 325 45 46 279 235 138 266 122 251
is_linear=0
shrinkage=0.04


Tree=25
num_leaves=21
num_cat=0
split_feature=12 14 8 16 9 16 3 20 20 15 8 16 8 20 4 20 16 1 2 10
split_gain=25.4402 15.1159 25.9683 18.3034 17.118 13.2911 13.2285 11.4403 13.4587 10.4738 10.3397 8.16252 16.3627 7.81846 7.751 7.66905 5.99118 5.84299 3.37619 2.82487
threshold=2.5550000000000002 9.0050000000000008 8.8650000000000002 1.3150000000000002 13.620000000000003 3.7850000000000006 1.5050000000000001 5.7796050121252547 6.1566544540978541 61.295000000000009 14.810000000000002 4.2750000000000012 9.2350000000000012 3.7222093723720229 3.4750000000000005 4.78413029309342 2.8450000000000002 0.9255000000000001 2.4050000000000007 2.2950000000000004
decision_type=2 2 2 2 2 2 2 2 2 2 2 2 2 2 2 2 2 2 2 2
left_child=1 2 3 6 -5 7 -1 9 -9 -3 18 12 14 -12 -2 16 -4 -14 -7 -16
right_child=11 5 15 4 -6 10 -8 8 -10 -11 13 -13 17 -15 19 -17 -18 -19 -20 -21
leaf_value=0.001043719275510643 -0.0071659050886061209 0.018162303721252656 0.0416245693541588 0.0091555859578311225 -0.020288339008738131 0.045683750459785878 -0.0248533398675857 0.051727800939713929 -0.009718379171853057 -0.017330994588167874 -0.015258743670553949 0.046026442225016402 -0.040079625427528798 0.012619572931428345 0.046193224443592237 -0.010588590738517952 0.015194350735458781 0.0085188147291999534 0.0014914981877949471 0.0080505061332095691
leaf_weight=54.813396602869034 6.4630730003118542 13.130765572190283 33.001843988895416 219.54995605349541 35.78844790160656 10.868671193718908 71.367375433444977 8.2693108171224612 13.777609959244726 223.30854521691799 30.966647446155548 18.578117549419403 8.3376281112432462 31.327344641089439 20.389987856149677 7.6236214190721503 28.065330848097801 5.9640135765075675 4.1952463388442984 4.8196242153644553
leaf_count=166 21 40 135 791 103 48 174 33 37 552 96 128 21 107 114 23 133 22 16 19
internal_value=8.57141e-05 -0.00189903 0.00287715 -0.00120106 0.00493444 -0.00831493 -0.0136209 -0.0126672 0.0142261 -0.015258 0.00610201 0.0240362 0.014189 -0.0011346 0.0300387 0.0253352 0.0300471 -0.0200582 0.0347334 0.0397916
internal_weight=850.607 786.054 450.21 381.519 255.338 335.844 126.181 258.486 22.0469 236.439 77.3579 64.5524 45.9743 62.294 31.6727 68.6908 61.0672 14.3016 15.0639 25.2096
internal_count=2779 2454 1525 1234 894 929 340 662 70 592 267 325 197 203 154 291 268 43 64 133
is_linear=0
shrinkage=0.04


Tree=26
num_leaves=24
num_cat=0
split_feature=0 10 12 8 18 17 3 20 10 0 11 0 19 21 18 11 1 4 5 17 8 9 1
split_gain=24.4344 24.5508 23.4909 15.2467 14.8105 12.1206 11.6871 11.5034 11.7345 11.3673 11.2017 10.4988 10.1182 9.17609 8.20268 8.05648 9.81251 12.006 7.62193 6.86911 6.73248 6.55486 5.4601
threshold=2.2250000000000005 2.0250000000000004 1.9750000000000003 5.9650000000000007 2.2572800000000002 0.2146600000000001 2.3350000000000004 3.3436043013214038 3.7950000000000004 1.3550000000000002 2.3550000000000004 3.7500000000000004 4.4212500000000006 3.981205742770054 1.2880250000000004 2.9850000000000008 0.80850000000000011 4.5050000000000008 7.9850000000000012 0.096135000000000095 9.4250000000000025 16.165000000000003 0.96650000000000003
decision_type=2 2 2 2 2 2 2 2 2 2 2 2 2 2 2 2 2 2 2 2 2 2 2
left_child=1 4 3 22 9 6 -5 14 12 18 -11 -7 -9 -6 -4 16 20 -18 -1 -17 -3 -21 -2
right_child=2 15 7 5 13 11 -8 8 -10 10 -12 -13 -14 -15 -16 19 17 -19 -20 21 -22 -23 -24
leaf_value=0.0020047296068272501 0.052354680367606841 -0.040811481303435926 -0.0063261932060351593 0.022688576263444591 -0.0022210129885732095 -0.015045452793133936 -0.024050327899420354 -0.0046744195226877134 -0.030980137968037336 0.025992594460465038 0.0029323805350638743 0.0065172173674111038 0.042171902260513393 -0.055994335732255325 0.040222709069882311 -0.037199261453557002 -0.026731870854038671 0.016347989513479856 -0.022598527459309715 -0.0081520723576178709 0.0031582459946810177 -0.02552005095156654 0
leaf_weight=89.692559197545052 11.150853529572485 14.111881956458094 6.1775540709495536 46.587161168456078 10.794942870736124 97.621345922350883 9.4212311655282956 13.534791693091394 8.8291755765676481 62.220386773347855 74.714518159627914 55.677839756011963 14.103506028652189 9.3313832730054838 55.512236349284649 27.455162838101387 12.586431607604025 41.898579463362694 24.78253248333931 91.135668992996216 8.1046535819768888 58.957621470093727 4.2433959394693366
leaf_count=277 54 29 21 180 32 273 31 56 23 243 259 199 76 16 325 56 29 133 61 238 23 128 17
internal_value=9.37025e-05 -0.00521244 0.00874904 0.00154759 0.0031253 -0.00131888 0.0144023 0.0249721 0.00663222 0.00583357 0.0135809 -0.00717062 0.0195892 -0.0290015 0.0354072 -0.0141258 -0.00311279 0.00594962 -0.00340189 -0.0187945 -0.0249815 -0.015151 0.0387126
internal_weight=848.645 525.786 322.859 224.702 271.536 209.308 56.0084 98.1573 36.4675 251.41 136.935 153.299 27.6383 20.1263 61.6898 254.25 76.7015 54.485 114.475 177.548 22.2165 150.093 15.3942
internal_count=2779 1524 1255 754 888 683 211 501 155 840 502 472 132 48 346 636 214 162 338 422 52 366 71
is_linear=0
shrinkage=0.04


Tree=27
num_leaves=21
num_cat=0
split_feature=12 10 0 0 6 0 14 15 5 9 17 0 8 4 12 14 12 8 10 15
split_gain=22.8976 13.9383 19.2483 13.839 12.6594 22.9754 11.1117 9.67656 17.7371 7.8677 7.84911 7.78755 15.2154 7.3956 7.19296 5.82687 4.91535 4.57535 2.7182 2.08508
threshold=2.5550000000000002 3.2850000000000006 3.7500000000000004 3.2150000000000003 1.0345000000000002 1.3150000000000002 4.6450000000000005 65.975000000000009 17.665000000000003 14.380000000000001 0.18543500000000007 4.2750000000000012 9.2350000000000012 3.4750000000000005 1.0650000000000002 10.475000000000003 2.2950000000000004 20.140000000000004 2.2950000000000004 77.665000000000006
decision_type=2 2 2 2 2 2 2 2 2 2 2 2 2 2 2 2 2 2 2 2
left_child=1 2 4 10 5 -1 -6 9 -9 -5 14 12 13 -2 -3 -12 17 -4 -15 -14
right_child=11 3 16 7 6 -7 -8 8 -10 -11 15 -13 19 18 -16 -17 -18 -19 -20 -21
leaf_value=-0.010767185858758434 -0.0070862466482121992 -0.014887304873452828 0.049457294418301385 -0.046689543366428547 0.020546693080631107 0.010237706666639264 -0.013288880051537324 0.044422730252441575 -0.0025658986972911554 0.0039739421059360285 -0.0037738655901046088 0.045262688483788026 -0.030468239194568252 0.045336727252235989 0.035966299316440006 -0.027781187204672781 -0.0042747268231013141 0.00081679599134117423 0.0077219287027804426 0
leaf_weight=119.59867942333221 6.464022725820544 9.7206580340862292 18.247174844145782 9.6497018486261386 16.344078376889229 267.45030200481415 142.66873519122601 15.678262174129484 54.500048696994781 8.3263509273529035 21.326710671186447 17.617476128041744 8.7830485254526121 19.696770295500759 6.5408604443073264 85.122833237051964 3.9500898867845526 4.1293173283338538 4.7889080494642249 5.4809509813785544
leaf_count=327 21 22 105 21 61 960 399 68 171 29 58 128 22 114 23 177 18 15 19 21
internal_value=8.69629e-05 -0.00177876 0.00145088 -0.0105488 -0.000173703 0.00371553 -0.00965443 0.00146172 0.00829588 -0.0238283 -0.0191837 0.0231339 0.0135455 0.0291124 0.00600267 -0.0231258 0.0342137 0.0412424 0.0388856 -0.0194014
internal_weight=846.085 783.254 572.388 210.865 546.062 387.049 159.013 88.1544 70.1783 17.9761 122.711 62.8312 45.2137 30.9497 16.2615 106.45 26.3266 22.3765 24.4857 14.264
internal_count=2779 2454 1885 569 1747 1287 460 289 239 50 280 325 197 154 45 235 138 120 133 43
is_linear=0
shrinkage=0.04


Tree=28
num_leaves=24
num_cat=0
split_feature=0 14 10 18 0 6 9 13 13 9 0 10 13 11 2 6 15 15 9 11 7 13 7
split_gain=21.7282 29.7602 21.7525 14.0119 12.0263 12.151 12.4776 11.3922 8.75026 8.5544 7.83023 11.0619 10.0688 7.29625 10.3496 8.92211 12.8764 9.38976 7.77554 7.16352 6.72062 5.3431 3.78909
threshold=2.2250000000000005 9.4450000000000021 2.0250000000000004 2.2572800000000002 8.3150000000000031 0.98750000000000016 30.895000000000003 0.012150000000000003 0.010750000000000001 8.4550000000000018 4.6550000000000011 1.8550000000000002 0.0099500000000000022 2.9850000000000008 1.635 1.0255000000000003 76.425000000000026 70.295000000000016 7.285000000000001 5.8850000000000007 4.5450000000000008 0.007150000000000001 21.455000000000002
decision_type=2 2 2 2 2 2 2 2 2 2 2 2 2 2 2 2 2 2 2 2 2 2 2
left_child=2 10 3 7 5 -3 -7 8 -1 -5 11 21 -13 15 18 17 -17 -4 -15 -16 -9 -2 -6
right_child=1 4 13 9 22 6 -8 20 -10 -11 -12 12 -14 14 19 16 -18 -19 -20 -21 -22 -23 -24
leaf_value=0.0048240568225674267 0.0094703372235717242 -0.043477945682921029 -0.0013873861591267064 -0.0029154396029610857 0.00096017240783183679 0.0044610317882662984 -0.020903980666938712 0.038566974836363878 -0.016937501525006473 -0.055034153412396182 0.045523725026591279 -0.029640668707811832 0.014846848749083749 -0.046580524850143128 0.0034644241290690348 -0.036283931298142669 0.0074345297660106139 0.042513902260473121 -0.019417507707303543 -0.024068588493602397 0.010347592140309933 0.048508551843553627 0.048154232605446413
leaf_weight=152.21848954260349 8.8844874799251574 11.223465904593466 25.51119776070118 11.017868936061861 4.3859131485223761 119.86698372662067 40.66824708878994 20.630712598562241 35.601737946271896 9.069341689348219 20.018492184579372 8.0690344572067243 75.688070490956306 22.024745598435402 46.614267855882645 21.376979380846024 19.777020156383514 9.9880102872848493 87.396458491683006 20.995643272995949 42.135983034968376 22.157214939594269 8.4024474024772626
leaf_count=510 47 22 73 33 18 383 102 82 103 15 145 30 329 42 131 45 59 37 202 47 145 134 45
internal_value=9.03002e-05 0.00830986 -0.00490694 0.00295421 -0.00209841 -0.0049971 -0.00200477 0.00559559 0.000588881 -0.0283202 0.0225269 0.0180891 0.0101675 -0.0133047 -0.0177575 -0.00282146 -0.0154068 0.0115718 -0.0253298 -0.00519529 0.0202078 0.0382293 0.0337922
internal_weight=843.723 319.364 524.358 270.674 184.547 171.759 160.535 250.587 187.82 20.0872 134.817 114.799 83.7571 253.684 177.031 76.6532 41.154 35.4992 109.421 67.6099 62.7667 31.0417 12.7884
internal_count=2779 1255 1524 888 570 507 485 840 613 48 685 540 359 636 422 214 104 110 244 178 227 181 63
is_linear=0
shrinkage=0.04


Tree=29
num_leaves=20
num_cat=0
split_feature=12 16 11 12 13 18 13 4 3 3 3 21 1 16 1 14 18 16 10
split_gain=20.8195 12.7944 20.1142 15.2495 15.0586 13.1404 13.076 11.323 10.6483 10.7194 9.99525 11.9166 11.5317 7.44002 6.29908 6.05845 4.71128 2.00607 0.88116
threshold=2.5550000000000002 1.8250000000000004 2.3550000000000004 1.3150000000000002 0.0067500000000000008 1.3152850000000005 0.0072500000000000004 8.2250000000000032 1.425 1.7150000000000001 2.3850000000000002 3.4765673956034004 0.79750000000000021 1.7050000000000003 0.9125000000000002 16.085000000000004 1.3065100000000003 2.3350000000000004 1.3750000000000002
decision_type=2 2 2 2 2 2 2 2 2 2 2 2 2 2 2 2 2 2 2
left_child=1 4 7 5 8 -4 -5 18 -1 -10 12 -12 -6 14 -2 16 -15 -18 -3
right_child=13 2 3 6 10 -7 -8 -9 9 -11 11 -13 -14 15 -16 -17 17 -19 -20
leaf_value=-0.016609092839328338 0.02275138096710785 0.019627365981152649 -0.025692264926829193 -0.037042951820337615 -0.02063349554332064 0.0020472349727628635 0.008227833212987281 -0.011535473854243619 0.058764605986047221 0.003354456209400431 -0.0043269670422177312 -0.055399905696938423 -0.0029087790459507439 -0.0065591540977658633 -0.026458284112620349 -0.013492559042748112 0.016980068415085228 0.043478999057444505 0.051813226363601847
leaf_weight=8.4827241152524966 7.1371611654758436 4.2231804430484834 52.908822581171989 9.6313135176897031 75.608133301138878 54.135393232107162 238.04347279667854 5.988243803381919 11.651942417025568 10.812543749809263 14.717726409435274 14.690492331981657 260.23552419245243 3.5017643719911566 7.467722550034523 3.8995824158191672 8.7795579433441144 30.475122541189194 18.842231929302216
leaf_count=24 29 20 126 31 188 167 881 20 50 33 40 24 753 14 17 13 37 215 97
internal_value=8.86017e-05 -0.00167662 0.00351071 0.000823206 -0.00671759 -0.0117004 0.00629334 0.0349373 0.0195827 0.0337153 -0.00901519 -0.0310857 -0.00697229 0.0223578 -0.00198077 0.0300262 0.0343958 0.0383201 0.047313
internal_weight=841.233 779.972 383.773 354.719 396.199 107.044 247.675 29.0537 30.9472 22.4645 365.252 29.4082 335.844 61.2609 14.6049 46.656 42.7564 39.2547 23.0654
internal_count=2779 2454 1342 1205 1112 293 912 137 107 83 1005 64 941 325 46 279 266 252 117
is_linear=0
shrinkage=0.04


Tree=30
num_leaves=23
num_cat=0
split_feature=12 2 10 13 0 15 20 0 15 21 0 12 8 0 1 8 20 11 20 15 8 1
split_gain=19.562 12.8445 12.2832 26.8163 15.9923 13.6832 11.951 11.4159 10.3849 13.7869 9.56597 8.25262 9.59323 7.71862 11.7646 7.42346 7.19106 6.83425 6.56174 5.882 4.17308 2.84874
threshold=2.2050000000000005 1.5750000000000004 3.0850000000000004 0.026150000000000003 3.6750000000000003 68.830000000000013 3.2815645953596424 4.8350000000000009 68.285000000000011 3.5958047574698981 5.3050000000000006 2.4450000000000007 5.6750000000000007 2.9650000000000003 0.84650000000000014 6.535000000000001 4.473447092353843 5.4050000000000011 5.7796050121252547 77.665000000000006 17.745000000000005 0.98650000000000004
decision_type=2 2 2 2 2 2 2 2 2 2 2 2 2 2 2 2 2 2 2 2 2 2
left_child=2 11 3 4 5 -1 8 15 9 -3 -9 12 -2 14 -8 -4 -12 -13 -17 -15 -6 -10
right_child=1 6 7 -5 20 -7 13 10 21 -11 16 17 -14 19 -16 18 -18 -19 -20 -21 -22 -23
leaf_value=0.0097710495704842765 -0.015877027922945635 0.033155816493458216 0.01664013021870327 0.057777623195424531 0.047060449794045084 -0.0059577631574056419 0.022936783992041229 0.051486449858240323 0.047323836075086841 -0.029342084282713118 0.011095050144123484 -0.00052456368931659157 0.049930581029675278 -0.011052382175127008 -0.038626677217802878 -0.018011687137841317 -0.030236189700437652 -0.055157780723568195 0.01324270673961438 0.038775887913677337 0 0.010407303424234396
leaf_weight=118.35965958237648 6.9852656871080416 13.103525698184969 10.792298153042791 12.020436048507689 12.882729038596155 339.62338338792324 7.2107568234205273 6.0978711843490592 36.127508372068405 8.3737445250153524 24.667591094970703 7.4218161851167661 5.3475599437952042 4.8300867080688468 11.53093661367893 168.99785739183426 8.1290461272001249 6.9097106009721756 10.474176079034804 10.304743513464926 4.156776785850524 5.0305730029940596
leaf_count=398 20 57 36 53 78 1053 30 28 231 29 95 27 26 19 30 403 20 14 31 61 16 24
internal_value=8.63673e-05 0.0147534 -0.00244204 0.00113953 -0.000395258 -0.001863 0.0215211 -0.0100608 0.0317488 0.00821135 0.00937973 -0.00934577 0.0136622 0.00201325 -0.0145732 -0.0141049 2.23584e-05 -0.0292665 -0.01608 0.0226786 0.0365272 0.0433553
internal_weight=839.378 123.176 716.202 487.043 475.023 457.983 96.5119 229.159 62.6354 21.4773 38.8945 26.6644 12.3328 33.8765 18.7417 190.264 32.7966 14.3315 179.472 15.1348 17.0395 41.1581
internal_count=2779 568 2211 1598 1545 1451 481 613 341 86 143 87 46 140 60 470 115 41 434 80 94 255
is_linear=0
shrinkage=0.04


Tree=31
num_leaves=24
num_cat=0
split_feature=0 14 5 19 0 3 6 9 17 0 5 1 15 6 20 13 3 7 15 3 5 14 14
split_gain=18.5663 22.0296 13.567 14.5284 12.9093 12.02 11.7322 11.4676 11.4166 11.271 12.5897 11.1749 13.0769 10.2257 9.18847 6.14179 5.64744 5.45764 5.45104 4.82805 6.65366 3.62732 3.44706
threshold=1.8250000000000004 8.6350000000000033 7.9450000000000012 -0.11250000000000014 8.3150000000000031 1.6850000000000003 1.0845000000000002 8.6700000000000017 0.43509999999999999 4.2750000000000012 12.925000000000002 0.97450000000000003 74.300000000000026 0.98750000000000016 3.0509588053555263 0.025550000000000003 4.0950000000000015 19.005000000000003 83.435000000000016 1.5050000000000001 9.5250000000000004 11.775 13.255000000000001
decision_type=2 2 2 2 2 2 2 2 2 2 2 2 2 2 2 2 2 2 2 2 2 2 2
left_child=2 9 3 -1 6 7 13 -5 11 10 16 12 -4 -3 -7 -8 -2 -6 -12 21 -21 -10 -13
right_child=1 4 8 5 17 14 15 -9 19 -11 18 22 -14 -15 -16 -17 -18 -19 -20 20 -22 -23 -24
leaf_value=0.056456946036905264 0.017601474237953548 -0.03170556749944798 -0.018710061964315398 0.012210766740566656 -0.004250682254276693 -0.00071449532993871708 0.0055583770494614659 -0.016240146588009898 -0.04832255145269107 0.044915226897655779 0 -0.014025276481409877 0.015935765938694689 0.0033976084148568592 -0.025770562687996348 -0.027990239941904766 -0.025505351158661066 0.048352687992059197 -0.048303405560373616 -0.031995328935202724 0.00095787825552433293 -0.02094303948849988 -0.044729321175435384
leaf_weight=6.1634162962436667 144.66432504355907 13.417990297079085 26.648566588759422 107.03171895444393 3.818914681673049 51.987088814377785 10.223612770438192 27.565841645002365 19.631049141287804 19.241707444190979 7.494817912578581 18.542156413197521 45.927278310060501 165.71166813373566 42.744442209601402 40.248074054718018 4.0324276685714713 10.134678490459917 5.9674761146306992 17.423768535256386 19.866124749183655 19.039936795830727 9.8481690883636457
leaf_count=26 643 30 62 363 18 157 33 75 36 148 26 48 145 536 107 90 15 57 15 37 54 41 17
internal_value=9.68506e-05 0.00596692 -0.0059321 0.000331864 -0.00186854 -0.00138038 -0.0042275 0.00624817 -0.0142695 0.0164835 0.0128062 -0.00526449 0.0030243 0.000562319 -0.0122549 -0.0210632 0.0162165 0.0340994 -0.0228256 -0.0259109 -0.0146641 -0.0359114 -0.0261078
internal_weight=837.375 424.956 412.42 235.493 243.555 229.329 229.601 134.598 176.927 181.401 162.159 100.966 72.5758 179.13 94.7315 50.4717 148.697 13.9536 13.4623 75.9609 37.2899 38.671 28.3903
internal_count=2779 1611 1168 728 764 702 689 438 440 847 699 272 207 566 264 123 658 75 41 168 91 77 65
is_linear=0
shrinkage=0.04


Tree=32
num_leaves=18
num_cat=0
split_feature=0 10 13 14 0 7 10 5 8 8 10 2 2 14 18 11 13
split_gain=17.6603 20.54 24.7809 15.9826 14.5912 12.9861 12.7438 11.8094 9.27412 7.26862 7.21037 7.14233 6.91878 5.91204 5.59265 4.5776 3.65249
threshold=4.3350000000000009 3.0850000000000004 0.026150000000000003 13.255000000000001 1.7250000000000003 17.575000000000006 2.2950000000000004 7.9850000000000012 29.475000000000005 6.0150000000000006 3.8350000000000004 2.7050000000000005 2.2850000000000006 15.875000000000002 1.0907200000000004 7.120000000000001 0.035850000000000007
decision_type=2 2 2 2 2 2 2 2 2 2 2 2 2 2 2 2 2
left_child=1 2 4 10 7 13 -6 -1 -7 -3 -2 -10 14 -5 -11 -12 -14
right_child=3 9 -4 5 6 8 -8 -9 11 12 15 -13 16 -15 -16 -17 -18
leaf_value=0.00036307748262970585 0.046591773340627085 0.017415525340046267 0.056585891955931833 -0.040699229013495312 0.015720854129133158 0.052326853623094131 -0.003440252230789329 -0.016198466534488577 -0.025122055051541574 0.003326287974050211 -0.013877987813925186 0.030554950916752737 0.019824375235633941 0 -0.020373903823081671 0.030529974164699231 -0.012462059527509884
leaf_weight=216.30720423161983 27.451701894402504 10.727516755461691 12.012713119387625 10.702595025300981 142.4673765823245 8.3835543245077151 89.150061756372452 99.439344450831413 7.1567354351282102 16.968132719397545 6.2588067799806577 5.7264660373330116 12.203824609518053 10.973313152790068 144.0295617133379 6.4711366444826126 8.5680796355009061
leaf_count=667 204 36 54 26 633 39 295 249 18 45 22 28 42 35 331 34 21
internal_value=8.54778e-05 -0.00184723 0.00202286 0.0174764 0.000709796 0.000209728 0.00832823 -0.00486213 0.0220789 -0.013087 0.035282 0 -0.0150163 -0.0209213 -0.0178216 0.00869311 0.00617859
internal_weight=834.998 751.874 559.377 83.1243 547.364 42.9427 231.617 315.747 21.2668 192.497 40.1816 12.8832 181.77 21.6759 160.998 12.7299 20.7719
internal_count=2779 2373 1898 406 1844 146 928 916 85 475 260 46 439 61 376 56 63
is_linear=0
shrinkage=0.04


Tree=33
num_leaves=24
num_cat=0
split_feature=0 14 11 2 0 9 6 8 7 18 1 19 2 3 11 20 4 17 20 20 20 20 7
split_gain=16.9707 23.5527 13.3183 11.5495 13.8004 13.9073 9.8205 9.82676 12.1326 9.58401 12.2065 15.332 9.99347 14.3692 9.22832 8.65789 14.394 8.62853 7.49064 13.9206 9.21309 12.6955 7.47268
threshold=2.2250000000000005 9.4450000000000021 2.3950000000000005 1.8250000000000004 1.3650000000000004 8.9750000000000032 0.98750000000000016 9.0250000000000004 17.575000000000006 1.1787750000000001 0.96150000000000013 2.2362500000000005 1.3750000000000002 1.4650000000000001 3.1250000000000004 3.1563562908954199 4.7650000000000006 0.44977500000000009 3.3986511071522787 3.6650365853233065 2.540718320744912 2.4113413625727227 6.4150000000000009
decision_type=2 2 2 2 2 2 2 2 2 2 2 2 2 2 2 2 2 2 2 2 2 2 2
left_child=2 18 3 4 17 -6 -3 -8 -9 12 11 -11 13 -4 -12 -5 -17 -1 20 22 21 -2 -20
right_child=1 6 9 15 5 -7 7 8 -10 10 14 -13 -14 -15 -16 16 -18 -19 19 -21 -22 -23 -24
leaf_value=-0.0057815016078262265 0.02408012134443745 -0.035586566291064145 -0.020962894706737165 0.0095247012860356379 0.037259545394293631 0.0019397848080346656 0.044137622473589079 -0.0070306814378180062 0.019226329656864678 -0.014314130565239834 0.0012590973146496295 0.0097087306682118041 -0.04444189633945194 0.029979130641363119 -0.028933360842258195 -0.059916538519979891 0.004638437422710264 0.040977486264003479 -0.051408252558249566 0.025831125729194299 0.039904595004817835 -0.023245758151738818 0.0033794347576258255
leaf_weight=81.539765730500221 42.359860070049763 11.766681075096129 50.019832968711853 11.478306025266646 38.874773442745209 33.389320984482765 6.9750616401433936 128.98105245828629 34.896795339882374 68.238005489110947 23.33434671163559 109.03310599923134 20.963276624679565 9.6946728527545911 48.001511931419373 11.694173738360407 9.1692723631858808 5.8212344497442237 7.0774340778589231 18.856159433722496 42.860804006457329 10.450105994939802 7.130370669066906
leaf_count=237 237 25 122 36 165 109 28 381 136 183 74 342 42 35 107 21 29 22 20 100 249 47 32
internal_value=9.18262e-05 0.00747649 -0.00430974 0.00402229 0.00848396 0.0212986 -0.00173192 0.000746618 -0.00130819 -0.00918884 -0.00521596 0.000388172 -0.0211195 -0.0122031 -0.0190658 -0.0173527 -0.0322649 -0.00214672 0.0205136 0.00367357 0.0261526 0.0143086 -0.0249721
internal_weight=832.606 311.354 521.252 191.967 159.625 72.2641 182.62 170.853 163.878 329.285 248.607 177.271 80.6778 59.7145 71.3359 32.3418 20.8634 87.361 128.735 33.064 95.6708 52.81 14.2078
internal_count=2779 1255 1524 619 533 274 570 545 517 905 706 525 199 157 181 86 50 259 685 152 533 284 52
is_linear=0
shrinkage=0.04


Tree=34
num_leaves=23
num_cat=0
split_feature=0 10 0 14 9 13 7 3 13 3 1 20 6 0 10 10 19 19 0 14 11 14
split_gain=16.0924 18.9488 15.149 15.0533 13.5619 13.2709 11.6924 11.3587 10.7885 14.1685 8.90158 8.7409 7.90908 12.1659 8.52285 7.07818 6.97484 7.53677 6.78531 5.39852 4.26872 3.17597
threshold=4.3350000000000009 2.0250000000000004 1.8350000000000002 13.255000000000001 8.2050000000000018 0.012050000000000002 17.575000000000006 2.4250000000000003 0.007150000000000001 1.925 0.85250000000000015 4.843848786315883 1.0885000000000002 1.9150000000000003 4.3150000000000004 3.8350000000000004 5.9600000000000017 2.9937499999999999 4.1850000000000014 15.875000000000002 7.120000000000001 25.655000000000005
decision_type=2 2 2 2 2 2 2 2 2 2 2 2 2 2 2 2 2 2 2 2 2 2
left_child=1 2 4 15 5 -1 19 -6 9 -4 -8 -10 13 14 -3 -2 17 -14 -15 -5 -17 -12
right_child=3 12 8 6 7 -7 10 -9 11 -11 21 -13 16 18 -16 20 -18 -19 -20 -21 -22 -23
leaf_value=0.0022399118818044214 0.046066987394180164 -0.009508672005738291 -0.044972741888821402 -0.038508143968488485 -0.006228237918829994 0.033865572909375884 -0.01356817381400951 -0.052181779705512299 0.032425263084702567 0.024348036196320172 0.050796106750950233 -0.010196474582330552 -0.021091137105765531 0.0030466117084437644 -0.037815592375074189 -0.013401508495414487 -0.04535034099074059 0.021353745680182456 -0.034864612182077551 0 0.029627486828706383 0.0060514753715184841
leaf_weight=106.28649906814098 26.312758378684521 162.37318697571754 7.7668971717357662 10.806816264986994 88.892239093780518 25.797430247068405 7.0034643858671215 8.6850651651620847 59.613542191684246 9.1513941958546621 9.6561357676982862 8.034828767180441 29.431606844067574 195.86159414798021 18.558947548270226 6.2811730206012708 13.88931682705879 7.5360526442527762 6.8378698825836173 10.990621030330656 6.3363927900791168 4.2910137325525275
leaf_count=348 204 416 25 26 260 101 21 14 317 50 49 27 68 645 34 22 24 24 20 35 34 15
internal_value=9.1865e-05 -0.00174552 0.00571253 0.0168487 0.000323281 0.00868492 0.000160555 -0.0108874 0.02008 -0.00776329 0.021171 0.0271716 -0.00715838 -0.00513374 -0.0126481 0.03451 -0.0218832 -0.0118933 0.00156356 -0.0197256 0.00820853 0.0388909
internal_weight=830.395 748.716 314.228 81.6784 229.661 132.084 42.7481 97.5773 84.5667 16.9183 20.9506 67.6484 434.489 383.632 180.932 38.9303 50.857 36.9677 202.699 21.7974 12.6176 13.9471
internal_count=2779 2373 1142 406 723 449 146 274 419 75 85 344 1231 1115 450 260 116 92 665 61 56 64
is_linear=0
shrinkage=0.04


Tree=35
num_leaves=20
num_cat=0
split_feature=12 0 14 17 3 0 13 21 11 10 5 12 0 8 4 1 17 1 4
split_gain=16.0217 8.91855 15.9451 14.285 11.0867 13.9113 10.3268 9.13058 8.18364 8.02529 7.07542 7.61732 6.44902 13.0168 6.79302 5.55401 5.05655 8.75452 2.6108
threshold=2.5550000000000002 2.2250000000000005 9.5450000000000017 0.6966 2.5350000000000006 1.3150000000000002 0.015850000000000006 3.5307765138698333 3.9050000000000007 1.9550000000000003 37.475000000000001 1.2250000000000003 4.2750000000000012 9.2350000000000012 3.4750000000000005 0.9255000000000001 0.97028000000000014 0.87150000000000005 5.535000000000001
decision_type=2 2 2 2 2 2 2 2 2 2 2 2 2 2 2 2 2 2 2
left_child=1 3 16 4 5 -1 9 -6 -8 -5 11 -4 13 14 -2 -15 17 -3 -16
right_child=12 2 10 6 7 -7 8 -9 -10 -11 -12 -13 -14 15 18 -17 -18 -19 -20
leaf_value=-0.0096616284387683413 -0.0076197472019765844 -0.0028425221279737263 -0.016645028988475658 -0.021798537036401486 -0.00013941244624887341 0.0056649036193467898 -0.050663453535904797 -0.04643459054454506 -0.016899238055707665 0.030638867503384622 0.028346845317937391 0.0012915923173405276 0.042877202205654802 -0.038167789763511289 0.048164298275038445 0.0097668324669358316 0.046672977125373112 0.022377369069187931 0.016244913297770641
leaf_weight=151.59409666061401 6.3880063295364407 32.522930219769478 58.369062647223473 7.8926577717065838 12.683265879750254 248.92121638357639 18.958043292164803 14.685857281088827 33.681937545537949 8.7408048957586271 9.6614073663949949 102.3462098389864 14.400009356439112 8.2741823047399503 13.480304174125196 5.6909370571374884 7.6790191754698744 62.777299739420414 9.0601124912500364
leaf_count=408 21 139 147 22 36 807 33 27 78 30 37 325 128 21 86 22 43 322 47
internal_value=8.59762e-05 -0.00143224 0.00434637 -0.00462794 -0.00185785 -0.000125843 -0.0213543 -0.0260239 -0.0299262 0.00547824 -0.00313054 -0.00523586 0.0203153 0.0117543 0.026883 -0.018752 0.0167048 0.0137474 0.0369093
internal_weight=827.807 770.514 273.356 497.158 427.884 400.515 69.2734 27.3691 52.64 16.6335 170.377 160.715 57.2936 42.8935 28.9284 13.9651 102.979 95.3002 22.5404
internal_count=2779 2454 1013 1441 1278 1215 163 63 111 52 509 472 325 197 154 43 504 461 133
is_linear=0
shrinkage=0.04


Tree=36
num_leaves=21
num_cat=0
split_feature=12 10 0 17 0 6 0 17 0 17 12 11 0 8 4 1 1 5 8 0
split_gain=15.0628 8.60158 13.5728 11.4559 11.3124 10.8349 16.825 9.05856 8.94277 7.41739 7.3461 6.69525 6.29739 12.2128 6.48766 5.14052 4.96119 2.61585 1.76852 1.13461
threshold=2.5550000000000002 3.3550000000000004 3.7500000000000004 0.18543500000000007 4.8350000000000009 1.0345000000000002 1.3150000000000002 0.92901000000000022 3.4850000000000008 0.13161500000000012 1.1450000000000002 5.0950000000000006 4.2750000000000012 9.2350000000000012 3.4750000000000005 0.9255000000000001 0.85950000000000004 6.9350000000000014 14.745000000000003 5.8250000000000011
decision_type=2 2 2 2 2 2 2 2 2 2 2 2 2 2 2 2 2 2 2 2
left_child=1 2 5 9 7 6 -1 -5 -7 10 -3 19 13 14 -2 -15 -6 -16 -13 -4
right_child=12 3 11 4 16 8 -8 -9 -10 -11 -12 18 -14 15 17 -17 -18 -19 -20 -21
leaf_value=-0.0089683385900186426 -0.0073435087483199749 -0.017857481426115991 0.04828109951737055 -0.02511408263283358 -0.010069643471880659 -0.0064571999560981697 0.0090148472069331905 -0.0021593963037237042 -0.04649273280185276 0.048862733600274141 0.022372550749491286 0.016120161271093458 0.042526932716161134 -0.03660330110743102 0.047737997386631995 0.0094483183480482385 0.021079386510930061 0.015768712577482639 -0.016667091303605427 0.014471513192316918
leaf_weight=119.91182631254196 6.4005252420902279 13.195131435990335 13.527366414666181 90.645364463329315 12.844620354473593 154.04829679429531 264.82957716286182 40.724452584981918 8.6268739402294141 6.1178628355264655 13.780725196003912 4.2235686257481557 13.955104313790796 8.3244008272886258 13.045745171606542 5.6813821941614142 18.610102623701096 9.0737698599696142 4.2998040616512299 3.8577844053506842
leaf_count=329 21 32 83 203 43 452 969 107 20 24 52 26 128 21 84 22 76 49 14 24
internal_value=8.58165e-05 -0.00137865 0.00108448 -0.00859615 -0.0129757 -0.000263892 0.00338059 -0.0181287 -0.0089003 0.0124654 0.00247332 0.0288224 0.0198473 0.0114149 0.026254 -0.0180048 0.00819476 0.036219 0 0.042409
internal_weight=825.724 769.243 573.325 195.918 162.825 547.417 384.741 131.37 162.675 33.0937 26.9759 25.9085 56.4809 42.5258 28.52 14.0058 31.4547 22.1195 8.52337 17.3852
internal_count=2779 2454 1917 537 429 1770 1298 310 472 108 84 147 325 197 154 43 119 133 40 107
is_linear=0
shrinkage=0.04


Tree=37
num_leaves=23
num_cat=0
split_feature=0 10 14 0 9 3 4 7 13 3 1 4 14 8 18 20 0 10 10 14 7 11
split_gain=13.4373 16.5571 13.9347 13.114 12.3896 12.5565 10.634 10.5447 10.4997 13.0404 10.0239 8.77076 12.3995 11.3702 12.7583 7.99656 7.65494 6.94092 5.60333 4.95761 3.97667 3.2599
threshold=4.3350000000000009 2.0250000000000004 13.255000000000001 1.8350000000000002 8.2050000000000018 1.6850000000000003 5.8600000000000003 17.575000000000006 0.007150000000000001 1.925 0.84150000000000003 4.5450000000000008 5.4850000000000012 13.075000000000001 1.4449200000000002 4.843848786315883 2.8250000000000006 3.8350000000000004 2.2450000000000006 15.875000000000002 14.440000000000001 11.745000000000003
decision_type=2 2 2 2 2 2 2 2 2 2 2 2 2 2 2 2 2 2 2 2 2 2
left_child=1 3 17 4 5 -1 -6 19 9 -5 -9 12 18 16 -15 -10 -13 -2 -3 -4 -19 -12
right_child=2 11 7 8 6 -7 -8 10 15 -11 21 13 -14 14 -16 -17 -18 20 -20 -21 -22 -23
leaf_value=0.01878210826836562 0.045308553302914202 0.024661601089632394 -0.036986308179955352 -0.043811338713431035 -0.016665006917824379 -0.0060566054390617163 0.016296617598258459 -0.018845178623065725 0.031278825812228683 0.023036213706883135 0.051277378977914838 -0.0031387753399845222 -0.045490812459885364 -0.023123414306974618 -0.00039711065703350155 -0.0094867102298316353 0.014112989415776035 0.029322819412241741 -0.022095801801911216 0 -0.01255605621353585 0.0076543625472778112
leaf_weight=77.048267737030983 24.499405801296234 7.6063244491815549 10.856623008847238 7.8314660936594036 79.132543921470642 54.572196692228317 18.380436569452286 6.3918839544057873 57.896119222044945 8.8431002497673017 9.2173148244619352 185.78104113042355 19.927539750933647 88.997186154127121 71.833090364933014 8.0637880414724332 51.726719170808792 5.8408946767449361 6.7810337692499161 10.965709611773489 6.5617165118455887 4.9366329163312903
leaf_count=283 204 25 26 25 213 166 61 18 317 50 45 539 37 199 206 27 209 28 16 35 28 22
internal_value=8.99213e-05 -0.00157493 0.0156489 0.00542832 0.000442171 0.0084552 -0.0102684 0 0.0189879 -0.00860958 0.0199601 -0.00664077 -0.0258161 -0.00490837 -0.0130876 0.0261084 0.000628357 0.0332697 0.00210027 -0.019056 0.00728582 0.0380995
internal_weight=823.691 744.421 79.2702 311.768 229.133 131.62 97.513 42.3682 82.6345 16.6746 20.5458 432.653 34.3149 398.338 160.83 65.9599 237.508 36.902 14.3874 21.8223 12.4026 14.1539
internal_count=2779 2373 406 1142 723 449 274 146 419 75 85 1231 78 1153 405 344 748 260 41 61 56 67
is_linear=0
shrinkage=0.04


Tree=38
num_leaves=21
num_cat=0
split_feature=12 11 0 14 11 0 4 3 5 9 18 15 4 0 11 4 12 2 6 14
split_gain=13.6124 7.89497 13.4052 13.5915 13.4826 11.6491 18.9558 9.3239 13.4953 9.05576 7.06327 9.94079 9.66313 5.99929 10.9867 7.8454 5.71508 3.34766 1.11199 0.147718
threshold=2.5550000000000002 2.3950000000000005 2.7150000000000003 7.0050000000000008 2.8650000000000007 1.8350000000000002 8.2250000000000032 1.1450000000000002 9.0550000000000015 9.1250000000000018 1.1787750000000001 83.545000000000002 8.8850000000000033 4.2750000000000012 5.2950000000000008 3.4750000000000005 3.1750000000000003 1.2950000000000002 1.0075000000000001 6.5450000000000008
decision_type=2 2 2 2 2 2 2 2 2 2 2 2 2 2 2 2 2 2 2 2
left_child=1 5 10 4 -4 7 18 17 -9 -5 12 -12 -3 14 15 -2 -16 -1 -7 -17
right_child=13 2 3 9 -6 6 -8 8 -10 -11 11 -13 -14 -15 16 19 -18 -19 -20 -21
leaf_value=0.047971881543631599 -0.0069001247493736548 -0.0092445694145005895 -0.025392427993544728 -0.028084557887575148 0.047946693416244614 0.016611034134708186 -0.025667438023570525 0.0036039693326802942 -0.027187708042583855 0.0038098370160229611 -0.0081116373985552701 0.012900154569772915 -0.03845362162750398 0.041956891141368614 -0.025609551110903649 0.046318600298685814 0.018870746273129319 0.0092102848418624227 0.050165979543973276 0.017686972644987392
leaf_weight=7.433939427137374 6.4155956208705929 64.681678518652916 4.228028982877734 14.692574732005594 18.292497061192989 3.9697593748569551 7.0994770005345336 133.28851193189621 26.389751985669136 151.82491599023342 240.44665412604809 41.172295495867729 25.386879205703735 13.179438292980192 12.988964691758158 13.642415508627893 5.840826414525508 8.2845800668001157 18.75035684555769 3.0777783691883078
leaf_count=30 21 181 19 44 115 20 21 428 62 526 691 138 48 128 38 97 27 27 104 14
internal_value=8.906e-05 -0.00129309 -0.00375733 0.00487154 0.0333436 0.00538691 0.0280814 0.0013459 -0.00157266 0.000797045 -0.00816869 -0.00497666 -0.0178972 0.0191101 0.0109393 0.0289682 -0.0111529 0.0297936 0.0455878 0.0427952
internal_weight=821.087 765.942 560.726 189.038 22.5205 205.216 29.8196 175.397 159.678 166.517 371.688 281.619 90.0686 55.145 41.9656 23.1358 18.8298 15.7185 22.7201 16.7202
internal_count=2779 2454 1762 704 134 692 145 547 490 570 1058 829 229 325 197 132 65 57 124 111
is_linear=0
shrinkage=0.04


Tree=39
num_leaves=20
num_cat=0
split_feature=12 17 12 0 6 3 2 2 18 0 2 4 13 0 17 17 12 0 17
split_gain=12.8188 7.37127 15.8825 13.1574 13.6866 14.498 11.2181 10.5714 8.60453 8.73298 8.12001 7.14608 6.78447 5.87611 5.75502 5.53615 7.82056 6.44868 4.63485
threshold=2.5550000000000002 0.43509999999999999 1.9750000000000003 1.3550000000000002 1.0865000000000002 1.7350000000000001 1.2450000000000003 2.6650000000000005 1.1819550000000001 1.8550000000000002 2.1150000000000007 13.220000000000001 0.0068500000000000011 1.7050000000000003 0.46997500000000003 0.43171499999999985 3.1150000000000007 4.2750000000000012 0.73413000000000028
decision_type=2 2 2 2 2 2 2 2 2 2 2 2 2 2 2 2 2 2 2
left_child=1 3 7 6 5 -5 -1 10 -4 -10 -3 -6 -8 14 -2 -15 17 -17 -9
right_child=13 2 8 4 11 -7 12 18 9 -11 -12 -13 -14 15 -16 16 -18 -19 -20
leaf_value=0.030960769286906387 -0.021442746343231886 -0.0095922481647081302 -0.014301606806351872 0.015794105512831134 -0.0325596058066598 -0.0024896428148753714 0.011633441971234974 0.040963400606870398 -0.0024890018835821894 0.034680520468433611 -0.030633993883563606 0.0074485543266566692 -0.014969456913623769 0.046110241014584261 0.027674208152751855 -0.016629971628446559 0.042100889708213886 0.035463952681612815 0.0012969199317877076
leaf_weight=9.7487699687480909 9.1725476384162885 190.41959515213966 13.012873992323874 184.96985096484423 19.698306024074558 109.21283975988626 16.601531952619553 6.8701781705021885 14.877781987190245 27.524738520383835 34.844427153468132 9.9861864745616895 113.97779276967049 14.114766970276831 5.0684072524309149 12.731469154357915 9.0388047099113447 4.2374088913202277 13.029558300971983
leaf_count=35 23 525 36 674 46 415 53 33 42 138 84 31 295 108 23 50 80 41 47
internal_value=9.46595e-05 -0.00123946 -0.00611545 0.00190703 0.00634949 0.00899388 -0.00826162 -0.0105036 0.0129987 0.0216977 -0.0130034 -0.0190356 -0.0114637 0.0186908 -0.00276813 0.026384 0.0140711 -0.00192637 0.0166789
internal_weight=819.138 764.774 300.579 464.195 323.867 294.183 140.328 245.164 55.4154 42.4025 225.264 29.6845 130.579 54.3634 14.241 40.1224 26.0077 16.9689 19.8997
internal_count=2779 2454 905 1549 1166 1089 383 689 216 180 609 77 348 325 46 279 171 91 80
is_linear=0
shrinkage=0.04


Tree=40
num_leaves=21
num_cat=0
split_feature=12 11 0 14 11 0 13 19 3 9 20 20 8 0 8 4 20 9 14 1
split_gain=12.0926 7.27614 12.2463 12.7063 12.9402 11.0151 13.1989 15.0175 9.93631 8.35759 7.34495 13.7902 7.27159 5.6911 10.7005 5.82261 4.98151 3.61648 2.76252 1.51309
threshold=2.5550000000000002 2.3950000000000005 2.7150000000000003 7.0050000000000008 2.8650000000000007 1.1150000000000004 0.01685 4.6612500000000008 1.2650000000000003 9.1250000000000018 1.9616402104584061 2.2647615544059474 6.785000000000001 4.2750000000000012 9.2350000000000012 3.4750000000000005 3.0602744233516481 10.645000000000001 6.6550000000000011 0.92450000000000021
decision_type=2 2 2 2 2 2 2 2 2 2 2 2 2 2 2 2 2 2 2 2
left_child=1 5 10 4 -4 12 7 -7 -8 -5 17 -12 16 14 15 -2 -1 -3 -17 -16
right_child=13 2 3 9 -6 6 8 -9 -10 -11 11 -13 -14 -15 19 18 -18 -19 -20 -21
leaf_value=-0.0025381538867638204 -0.0068397027975750984 -0.042682674949243431 -0.024450252952550842 -0.026846323687156049 0.047342421839737928 0.010255004332950162 0.017564704535175512 0.055024034255207167 -0.032619470097034101 0.0037118266491849364 0.025709699942831388 -0.0083030733670092019 0.013834407776864075 0.04131704693919426 -0.027889264721522037 0.040853603055426034 -0.03706309638059644 -0.0046796188629363291 0 -0.00058719002909154083
leaf_weight=11.725367560982706 6.3974696993827846 13.0544710457325 4.2770506069064167 14.78810056298971 17.727023251354694 126.79709359258413 8.579757288098337 12.501836359500883 17.490076474845409 151.47995340824127 19.17059351503849 332.26629137992859 10.310700580477713 12.374332532286642 7.6753334403038007 17.413667455315593 16.991926074028015 6.6868862062692633 3.4909135997295371 6.2509491890668869
leaf_count=35 21 30 19 44 115 456 28 61 42 526 71 939 32 128 20 121 38 18 12 23
internal_value=0.000100441 -0.00118817 -0.00355558 0.00471112 0.0325837 0.00523843 0.00977716 0.0146935 -0.0157692 0.000801867 -0.00777157 -0.00635732 -0.013557 0.0182953 0.0103813 0.0247541 -0.0237954 -0.031042 0.0346589 -0.0170308
internal_weight=817.45 763.847 559.45 188.272 22.0041 204.397 165.369 139.299 26.0698 166.268 371.178 351.437 39.028 53.6027 41.2283 27.3021 28.7173 19.7414 20.9046 13.9263
internal_count=2779 2454 1762 704 134 692 587 517 70 570 1058 1010 105 325 197 154 73 48 133 43
is_linear=0
shrinkage=0.04


Tree=41
num_leaves=20
num_cat=0
split_feature=12 10 13 10 14 0 17 17 3 13 3 12 0 8 4 1 4 14 12
split_gain=11.3453 7.10065 13.1621 11.832 11.0472 13.338 10.1271 9.55511 16.509 9.44913 7.47352 11.0313 5.56134 10.0631 5.56558 5.2384 4.66579 2.66822 1.5487
threshold=2.5550000000000002 3.3550000000000004 0.026150000000000003 3.0850000000000004 13.475000000000003 4.2750000000000012 0.18543500000000007 1.0012800000000002 2.2050000000000005 0.048200000000000007 2.3650000000000007 1.0150000000000003 4.2750000000000012 9.2350000000000012 3.4750000000000005 0.94850000000000001 12.275 6.6550000000000011 2.8750000000000004
decision_type=2 2 2 2 2 2 2 2 2 2 2 2 2 2 2 2 2 2 2
left_child=1 2 4 -4 5 -1 10 9 -9 -8 11 -3 13 14 -2 -6 -5 -16 -15
right_child=12 6 3 16 15 -7 7 8 -10 -11 -12 -13 -14 18 17 -17 -18 -19 -20
leaf_value=-7.4079569301783633e-05 -0.0065933215296835003 -0.0072616482711494526 0.055635698160030785 -0.014100173417409887 -0.0086636925681426707 0.043197495899378907 -0.023052681530437335 -0.0088384013246764811 0.04735605742455163 0.0087934282031020567 -0.024327581017324934 0.042898480771615857 0.041004169224060971 -0.0014717808467082027 0.040258535055176611 -0.050429296196079297 0.02867047775753712 0 -0.02878139597380858
leaf_weight=510.85599786043167 6.4082159996032741 11.549917593598368 12.09366135299206 9.1341525167226774 11.631674334406854 10.649516776204107 95.989919900894165 39.087501332163811 9.5516329035162908 16.669524937868118 6.1642075031995764 15.132118254899977 11.985497877001761 7.112850606441496 16.987655244767669 8.7306454181671125 5.7743106484413138 3.4909135997295371 6.8364567756652832
leaf_count=1689 21 29 56 21 31 83 233 103 44 49 18 61 128 23 121 16 21 12 20
internal_value=9.99906e-05 -0.00114073 0.00110371 0.027848 -0.000263111 0.000875229 -0.00773018 -0.011874 0.00276746 -0.0182343 0.012132 0.0214186 0.0178592 0.0100572 0.0241776 -0.0284682 0.00272367 0.0340377 -0.0164211
internal_weight=815.836 763.015 568.87 27.0021 541.868 521.506 194.145 161.299 48.6391 112.659 32.8462 26.682 52.8216 40.8361 26.8868 20.3623 14.9085 20.4786 13.9493
internal_count=2779 2454 1917 98 1819 1772 537 429 147 282 108 90 325 197 154 47 42 133 43
is_linear=0
shrinkage=0.04


Tree=42
num_leaves=24
num_cat=0
split_feature=0 14 10 18 19 0 5 0 9 21 20 20 20 21 9 7 15 15 2 7 8 13 19
split_gain=10.5647 15.504 12.4313 11.5078 10.388 8.64525 7.91097 7.27988 7.70465 8.71037 6.59705 12.1303 9.86856 11.9149 6.59584 5.84805 5.75227 19.7704 9.86656 8.13379 11.9253 5.36745 4.38432
threshold=2.2250000000000005 9.4450000000000021 2.0250000000000004 2.2572800000000002 6.2012500000000008 2.1050000000000004 6.205000000000001 8.3150000000000031 30.895000000000003 6.4895788741138771 3.3986511071522787 3.6650365853233065 2.540718320744912 4.4202926683338513 20.555000000000003 6.4150000000000009 76.235000000000014 78.750000000000014 1.3350000000000002 9.0350000000000019 12.140000000000002 0.019150000000000004 10.450000000000003
decision_type=2 2 2 2 2 2 2 2 2 2 2 2 2 2 2 2 2 2 2 2 2 2 2
left_child=2 10 3 4 5 -1 -5 8 14 -10 12 15 13 -2 -3 -12 19 -18 -19 21 -21 -4 -9
right_child=1 7 16 6 -6 -7 -8 22 9 -11 11 -13 -14 -15 -16 -17 17 18 -20 20 -22 -23 -24
leaf_value=0.0021673254026030597 -0.0034496290775460643 -0.004695162509501436 -0.010803391303436065 0 0.052133832498312736 0.046386032470761757 -0.049467991486934128 -0.0047146119059308551 -0.033136108818565151 0.003520130729025048 -0.048043092238379173 0.023030409596058687 0.037668829279391927 0.037943483437935258 0.014733268749613069 0.00085681560359881441 0.045943805595803661 0.01514601828364749 -0.01817164399272269 0.024944089054467489 -0.017420520569772457 -0.027724933391715747 0.044670060830498758
leaf_weight=234.14638052880764 32.754328571259975 87.900228142738342 68.315419584512711 9.5670473873615283 6.3008951246738425 6.331224098801612 9.8912099748849851 3.6840174868702871 24.368244394659996 16.632090911269188 7.2088580876588839 17.595377638936043 39.015751361846924 15.520561642944811 39.671797081828117 6.8139912858605385 11.254669353365896 18.479950323700905 50.911375492811203 18.208104014396667 22.749883383512497 59.395547017455101 7.4286013692617416
leaf_count=778 159 267 179 31 29 33 17 16 53 51 20 100 249 125 136 32 41 55 121 60 52 128 47
internal_value=0.000103232 0.00608838 -0.0033528 0.00263161 0.00503001 0.0035519 -0.026154 -0.00129666 -0.00347173 -0.018346 0.0172325 0.00124395 0.0228535 0.010196 0.00135199 -0.0252738 -0.00976033 -0.000848115 -0.00909588 -0.0139443 0.00136788 -0.0188896 0.0286002
internal_weight=814.146 298.594 515.552 266.237 246.778 240.478 19.4583 179.685 168.572 41.0003 118.909 31.6182 87.2906 48.2749 127.572 14.0228 249.315 80.646 69.3913 168.669 40.958 127.711 11.1126
internal_count=2779 1255 1524 888 840 811 48 570 507 104 685 152 533 284 403 52 636 217 176 419 112 307 63
is_linear=0
shrinkage=0.04


Tree=43
num_leaves=17
num_cat=0
split_feature=12 13 0 11 20 11 2 2 0 11 4 8 3 20 20 21
split_gain=10.2941 6.62537 7.67035 12.751 10.5227 9.47519 11.6533 5.94299 5.33058 9.51215 7.07565 5.43405 5.0818 2.09316 0.493295 0.00455623
threshold=2.5550000000000002 0.0056500000000000014 1.925 2.1850000000000005 2.3273301640349335 2.9550000000000005 1.8250000000000004 1.635 4.2750000000000012 5.2950000000000008 3.4750000000000005 9.2350000000000012 1.5150000000000003 2.7195727310290509 3.8400283892571783 5.9124802842507602
decision_type=2 2 2 2 2 2 2 2 2 2 2 2 2 2 2 2
left_child=1 12 5 15 -5 6 -3 -7 9 10 -2 -11 -1 -14 -12 -4
right_child=8 2 3 4 -6 7 -8 -9 -10 11 14 -13 13 -15 -16 -17
leaf_value=-0.0036161000980839122 -0.0064604931997065719 0.0038779636652082668 0.045919742644010178 0.021992378472468342 -0.0012851475895561859 -0.019194060104755425 -0.01783700545324832 -0.0030874285951317192 0.040523152122102564 0.016417366305764489 0.045578508689741261 -0.026184459348460611 0.013143145191665411 0.053087748282379665 0.014086455983668186 0.019055643680647782
leaf_weight=6.9393525123596218 6.4120305180549648 196.62429247796535 8.9327444806694967 33.701884180307388 293.19925161451101 96.222678080201149 48.408647879958153 61.648052006959915 11.375471070408819 6.4825173243880299 12.370176896452902 12.078289836645125 5.1667643040418607 5.9895929545164108 2.9307545721530905 3.3695419505238524
leaf_count=22 21 630 53 158 1011 227 125 164 128 33 96 32 20 27 15 17
internal_value=0.000108492 -0.00106486 -0.00167133 0.00274089 0.00115 -0.00540337 -0.000434586 -0.0130138 0.0172228 0.00962532 0.0271597 -0.0108178 0.0221727 0.0378495 0.0412715 0.0411488
internal_weight=811.852 760.203 742.107 339.203 326.901 402.904 245.033 157.871 51.6492 40.2738 21.713 18.5608 18.0957 11.1564 15.3009 12.3023
internal_count=2779 2454 2385 1239 1169 1146 755 391 325 197 132 65 69 47 111 70
is_linear=0
shrinkage=0.04


Tree=44
num_leaves=24
num_cat=0
split_feature=12 2 20 17 3 2 2 8 15 12 12 19 0 9 21 8 3 2 20 12 15 12 3
split_gain=9.96036 14.7103 13.1555 12.9826 12.4872 15.0785 11.5265 10.88 10.015 15.1894 8.91197 8.6162 8.55667 10.0773 8.32754 7.90516 7.71618 7.35992 7.50885 6.49532 6.33904 6.14568 5.87372
threshold=1.9650000000000001 1.5750000000000004 4.1820855590792068 0.43509999999999999 2.3850000000000002 1.9950000000000003 2.6650000000000005 5.5750000000000011 81.095000000000013 2.1650000000000005 1.5150000000000003 6.9850000000000012 2.6550000000000007 10.195000000000002 3.6240478148652264 7.1050000000000013 2.2450000000000006 2.1150000000000007 2.2521367506054513 1.635 72.305000000000021 1.5750000000000004 2.7350000000000008
decision_type=2 2 2 2 2 2 2 2 2 2 2 2 2 2 2 2 2 2 2 2 2 2 2
left_child=3 8 12 4 5 7 17 -1 9 15 22 16 13 -3 -11 -2 -4 18 -5 -8 -7 -19 -6
right_child=1 2 11 6 10 20 19 -9 -10 14 -12 -13 -14 -15 -16 -17 -18 21 -20 -21 -22 -23 -24
leaf_value=-0.0089429938410761876 0.055914927249517299 0.021744695984646768 0.0016006947419946915 0.020143056097966183 -0.022218566990138817 0.0094790752979571589 0.0022297107659146262 0.0069033795956747277 -0.033318741368949849 -0.038499784811980374 -0.039444708761032753 0.022684764294778174 0.035712040428510436 -0.01499634823127401 0.0065036381592562652 0.00097686379149851421 -0.053164302870177406 -0.041625237021928316 -0.010948765394222595 0.051373655748801469 0.051424342742029949 -0.0059396679279648161 0.023830340246529469
leaf_weight=97.522765785455704 8.5138787031173724 42.232068240642548 7.1080066561698931 12.286558739840983 7.6543130651116362 11.27603677660227 12.884182751178743 231.56595604866743 16.65492907166481 12.661427766084673 17.632655262947083 6.998998135328292 43.126624368131161 15.432516813278196 11.719915889203547 8.0970299094915372 7.8083483651280403 21.563708961009979 176.73974855989218 5.8363235294818869 13.695006325840948 13.183095604181288 8.0507968291640264
leaf_count=309 39 179 24 45 20 38 48 764 45 32 49 33 331 48 44 26 18 45 478 30 62 39 33
internal_value=0.000116123 0.008387 0.0161967 -0.0022489 0.0022783 0.00451881 -0.00949387 0.00217033 -0.00809283 0.00251518 -0.0207224 -0.0112525 0.0222956 0.0116875 -0.0171479 0.0311656 -0.0281039 -0.012056 -0.00879036 0.0197847 0.0338857 -0.0288547 0.000921702
internal_weight=810.245 180.354 122.707 629.891 387.398 354.06 242.494 329.089 57.6472 40.9923 33.3378 21.9154 100.791 57.6646 24.3813 16.6109 14.9164 223.773 189.026 18.7205 24.971 34.7468 15.7051
internal_count=2779 819 633 1960 1275 1173 685 1073 186 141 102 75 558 227 76 65 42 607 523 78 100 84 53
is_linear=0
shrinkage=0.04


Tree=45
num_leaves=14
num_cat=0
split_feature=0 14 0 20 17 10 14 7 19 13 13 7 7
split_gain=9.39299 11.7202 14.569 10.5098 8.59945 8.25043 7.73478 15.17 7.68371 11.6254 9.77122 4.22812 3.32981
threshold=8.3150000000000031 13.570000000000002 4.2750000000000012 5.7796050121252547 0.70399000000000023 3.8350000000000004 25.655000000000005 17.575000000000006 2.3812500000000005 0.010750000000000001 0.0067500000000000008 13.565000000000003 19.005000000000003
decision_type=2 2 2 2 2 2 2 2 2 2 2 2 2
left_child=1 2 8 6 -5 -4 7 -3 10 -10 -1 -7 -2
right_child=12 3 5 4 -6 11 -8 -9 9 -11 -12 -13 -14
leaf_value=0.014904422455930056 0.0024214930129334133 -0.018911937683309371 0.044400303610809745 0.038377939876102191 -0.016885781720254431 0.024166991454350379 -0.043247610646264881 0.015044540248794347 0.017834746615932352 0.00047436815145847502 -0.0079166603990549131 -0.023625180405404969 0.044598097866047938
leaf_weight=33.598036035895348 5.0145318359136573 89.544079929590225 18.541067898273472 10.835989356040956 6.2971283048391333 4.7573134452104551 12.84067717194557 26.346248336136341 77.870353780686855 288.84134214371443 220.03916267305613 5.0959844142198563 9.1350349113345128
leaf_count=125 38 213 169 39 15 23 23 85 343 951 673 17 65
internal_value=0.000116956 -0.000467393 0.00182941 -0.01068 0.017814 0.0293508 -0.0146421 -0.0110612 0.000511622 0.00422104 -0.00481559 0 0.0313255
internal_weight=808.757 794.607 648.743 145.864 17.1331 28.3944 128.731 115.89 620.349 366.712 253.637 9.8533 14.1496
internal_count=2779 2676 2301 375 54 209 321 298 2092 1294 798 40 103
is_linear=0
shrinkage=0.04


Tree=46
num_leaves=15
num_cat=0
split_feature=0 14 0 20 11 14 17 6 4 11 7 20 7 17
split_gain=8.89062 10.852 13.8007 9.74196 10.5456 10.2667 8.02406 7.2519 11.4033 9.52049 5.57517 4.20733 3.22827 1.8823
threshold=8.3150000000000031 13.570000000000002 4.2750000000000012 5.7796050121252547 3.2650000000000001 25.655000000000005 0.70399000000000023 1.0185000000000002 2.7100000000000004 1.8350000000000002 13.855000000000002 2.6094214020879609 19.005000000000003 1.4055000000000002
decision_type=2 2 2 2 2 2 2 2 2 2 2 2 2 2
left_child=1 2 7 4 -3 -6 -5 8 -1 -9 13 -12 -2 -4
right_child=12 3 10 6 5 -7 -8 9 -10 -11 11 -13 -14 -15
leaf_value=-0.028847299201131164 0.0023434893340975099 -0.043535529006317859 0.045103663971994203 0.037091932798438414 -0.0048408951887897759 -0.041980243488410694 -0.016325267987349845 0.015628588745099991 0.0076398358437279332 -0.0053881004968467476 -0.026567308973869934 0.024341183955221266 0.04407034503931339 0.0041974434367258121
leaf_weight=13.463466331362723 5.0076136216521254 16.143500223755836 16.605330258607871 10.798633784055712 99.556274458765984 12.731602996587752 6.2873356789350501 37.468118473887444 245.2079120054841 323.82629641890526 3.7482594922184926 4.709376223385334 8.8915596082806569 2.7398843988776198
leaf_count=35 38 29 146 39 269 23 15 131 904 1022 16 29 65 18
internal_value=0.000119315 -0.000445147 0.00176542 -0.0102849 -0.0141047 -0.0094559 0.0171772 0.000494008 0.00560615 -0.00314936 0.028837 0.000510117 0.0307402 0.0401944
internal_weight=807.185 793.286 647.769 145.517 128.431 112.288 17.086 619.966 258.671 361.294 27.8029 8.45764 13.8992 19.3452
internal_count=2779 2676 2301 375 321 292 54 2092 939 1153 209 45 103 164
is_linear=0
shrinkage=0.04


Tree=47
num_leaves=21
num_cat=0
split_feature=0 10 10 18 13 19 15 10 0 5 5 7 11 4 14 19 11 13 18 5
split_gain=8.60905 13.255 10.2084 10.6442 10.0577 8.95226 7.86897 7.40251 10.2712 7.56868 7.23591 6.45371 6.09192 8.29757 10.7433 7.21045 6.18245 5.67183 8.13985 0.760321
threshold=2.2250000000000005 1.8250000000000004 2.0250000000000004 2.2572800000000002 0.012150000000000003 2.7537500000000006 92.120000000000019 3.7950000000000004 3.7500000000000004 37.475000000000001 6.205000000000001 4.5450000000000008 5.8850000000000007 4.5450000000000008 5.4850000000000012 1.4662500000000005 7.6550000000000011 0.007150000000000001 1.6925100000000002 10.015000000000002
decision_type=2 2 2 2 2 2 2 2 2 2 2 2 2 2 2 2 2 2 2 2
left_child=2 17 3 4 5 -1 7 8 -3 -9 -5 -6 13 14 -4 -15 19 18 -2 -14
right_child=1 6 12 10 11 -7 -8 9 -10 -11 -12 -13 16 15 -16 -17 -18 -19 -20 -21
leaf_value=-0.005452816809163207 -0.036460862367510817 0.0034862639718088416 0.0023700906451575793 0 0.036912231656679464 0.013986184305964027 -0.030403082787807782 -0.0079912165633384252 0.026553119850230015 0.030416824144880658 -0.0477548939294304 0.0089384056174636357 -0.01756301902600722 0.016713083200478495 -0.042343602651794814 -0.0059276244603083186 -0.00099044777885051271 0.045125030383784077 0.036826442117770253 -0.041782379330657128
leaf_weight=132.73194767534733 3.4600442722439793 121.19473038613796 13.946704208850859 9.443882107734682 19.990890353918076 51.897079616785049 9.8526280298829061 87.822520576417446 41.147782430052757 8.0028554499149305 9.803767114877699 41.109123289585114 6.4089781194925335 25.24811840057373 19.766799658536911 153.56224353611469 12.816065803170202 17.234545275568962 4.2790509089827538 16.098710656166077
leaf_count=419 14 456 39 31 82 194 29 267 281 37 17 145 15 74 37 408 34 134 37 29
internal_value=0.000116251 0.0055847 -0.00299728 0.0024347 0.00474132 1.40737e-05 0.00289659 0.00431071 0.0095086 -0.00441993 -0.0253979 0.0186668 -0.00882327 -0.00615114 -0.0240804 -0.00261108 -0.0240678 0.0329036 0.00272243 -0.0362668
internal_weight=805.818 292.994 512.824 264.977 245.729 184.629 268.021 258.168 162.343 95.8254 19.2476 61.1 247.848 212.524 33.7135 178.81 35.3238 24.9736 7.7391 22.5077
internal_count=2779 1255 1524 888 840 613 1070 1041 737 304 48 227 636 558 76 482 78 185 51 44
is_linear=0
shrinkage=0.04


Tree=48
num_leaves=14
num_cat=0
split_feature=12 13 9 4 6 21 13 15 0 17 12 11 17
split_gain=8.34057 5.98788 8.35829 6.60763 8.42775 12.6098 11.5503 7.75811 4.92235 5.60636 7.03184 6.70127 5.23602
threshold=2.5550000000000002 0.0056500000000000014 5.8350000000000009 2.7100000000000004 1.0255000000000003 4.6586911809593614 0.037100000000000001 70.370000000000019 1.7050000000000003 0.43171499999999985 3.1150000000000007 5.4750000000000005 0.46997500000000003
decision_type=2 2 2 2 2 2 2 2 2 2 2 2 2
left_child=1 2 -1 7 5 -5 -6 -3 12 -10 11 -11 -2
right_child=8 3 -4 4 6 -7 -8 -9 9 10 -12 -13 -14
leaf_value=-0.0078253568979084146 -0.021415528698862301 -0.046505932841449889 0.044400117175369902 0.00078801992352092937 -0.0078152378364531611 0.024449942468544501 0.012162288743747456 0.0049038137039079249 0.044820844646849912 0.035676893973902432 0.040287025901795649 -0.019489275363849371 0.02601606821383548
leaf_weight=8.0779886096715945 9.0298629701137525 10.046174615621569 9.8419832587242109 299.91208089143038 326.44732234627008 40.103054337203503 52.745352014899254 7.4199933707714072 12.202567853033541 3.8128945380449322 7.4852366819977751 11.916337825357912 4.8710795342922202
leaf_count=25 23 22 44 1001 998 173 168 23 108 33 80 58 23
internal_value=0.00011197 -0.000928271 0.0212657 -0.00150709 -0.000887688 0.0036658 -0.00499066 -0.0251499 0.0158894 0.0236585 0.0108127 -0.0043051 -0.00362745
internal_weight=803.912 754.594 17.92 736.674 719.208 340.015 379.193 17.4662 49.318 35.417 23.2145 15.7292 13.9009
internal_count=2779 2454 69 2385 2340 1174 1166 45 325 279 171 91 46
is_linear=0
shrinkage=0.04


Tree=49
num_leaves=16
num_cat=0
split_feature=16 10 13 10 20 16 1 17 17 17 11 13 18 4 7
split_gain=8.1307 9.63451 12.2905 10.9449 9.37372 14.1237 11.4345 7.76215 7.44765 6.09236 8.45412 6.65609 4.98328 4.12944 3.13253
threshold=8.3150000000000031 3.3550000000000004 0.026150000000000003 3.0850000000000004 4.78413029309342 4.2750000000000012 0.80350000000000021 0.18543500000000007 0.13161500000000012 1.0012800000000002 7.035000000000001 0.04395000000000001 1.4582550000000003 12.275 19.005000000000003
decision_type=2 2 2 2 2 2 2 2 2 2 2 2 2 2 2
left_child=1 2 4 -4 5 -1 -6 8 12 11 -11 -9 -3 -5 -2
right_child=14 7 3 13 6 -7 -8 9 -10 10 -12 -13 -14 -15 -16
leaf_value=0.0015195103197509327 0.0018269532684241547 0.0221481703172852 0.054348290931319931 -0.012587463671466471 -0.039928338595094065 0.042407600314251573 -0.0028051826388389022 -0.022301139314896794 0.046818660114631892 0.020335569304145588 -0.013109308594415961 0.0008613070992987634 -0.012950519230333428 0.02787457564422097 0.043309466168508559
leaf_weight=492.62659148871899 4.9268674179911605 9.1375356316566521 12.274521291255953 8.9986705482006055 17.605931267142296 12.928634669631718 48.86990649998188 85.176901429891586 5.7721809595823279 18.806578561663628 30.048870466649532 24.844754852354527 16.889603368937969 5.6921753883361808 8.5295663103461248
leaf_count=1727 38 30 60 21 37 136 150 208 23 61 84 68 50 21 65
internal_value=0.000116537 -0.000417161 0.00206682 0.0279678 0.000785215 0.00266259 -0.0132017 -0.00823221 0.00944875 -0.0118581 0 -0.017038 0 0.0033576 0.0298517
internal_weight=803.129 789.673 598.996 26.9654 572.031 505.555 66.4758 190.676 31.7993 158.877 48.8554 110.022 26.0271 14.6908 13.4564
internal_count=2779 2676 2152 102 2050 1863 187 524 103 421 145 276 80 42 103
is_linear=0
shrinkage=0.04


Tree=50
num_leaves=16
num_cat=0
split_feature=0 11 12 14 8 15 4 3 3 8 11 11 12 6 10
split_gain=7.80443 13.0334 12.3204 9.29342 12.9645 9.2251 9.18016 8.59586 13.688 11.9365 10.1288 7.83916 7.61742 6.90264 1.73191
threshold=1.8250000000000004 2.3550000000000004 3.1150000000000007 2.9750000000000005 2.6800000000000002 59.310000000000009 8.2250000000000032 1.7550000000000001 1.7150000000000001 11.335000000000003 3.5750000000000006 6.0850000000000009 1.0850000000000002 1.0705000000000002 1.3250000000000004
decision_type=2 2 2 2 2 2 2 2 2 2 2 2 2 2 2
left_child=3 6 5 4 -1 -3 14 8 9 -5 12 -12 -9 -7 -2
right_child=1 2 -4 7 -6 13 -8 10 -10 -11 11 -13 -14 -15 -16
leaf_value=-0.0096155271519872305 0.0097143367085415627 0.044289365581300651 0.042375337206197246 0.0015957575757272757 0.055172258055978605 0.0027431385324891326 -0.011175646529130624 -0.048505397955029832 0.043416559098899035 -0.01842490071732213 0.014911039076212376 -0.027444176724000475 -0.015754704211102009 -0.010881779425808447 0.048372295754511616
leaf_weight=8.965444356203081 3.322741895914084 6.6351795047521582 10.791654188185928 203.76058779656887 8.9598763138055784 278.76063799485564 5.7413759902119628 13.868095606565474 9.5438604652881605 60.930579081177711 25.498244374990463 8.4506148248910886 65.147560924291611 74.54240994900465 16.996964626014233
leaf_count=26 19 28 118 628 40 1105 20 26 36 142 83 18 169 220 101
internal_value=0.000122065 0.00411379 0.00212848 -0.00376835 0.0235497 0.000785574 0.0309377 -0.00511104 -0.00123726 -0.00303479 -0.0143515 0.0036554 -0.0221371 -0.000131564 0.0431782
internal_weight=801.916 396.791 370.73 405.125 17.9253 359.938 26.0611 387.2 274.235 264.691 112.965 33.9489 79.0157 353.303 20.3197
internal_count=2779 1611 1471 1168 66 1353 140 1102 806 770 296 101 195 1325 120
is_linear=0
shrinkage=0.04


Tree=51
num_leaves=14
num_cat=0
split_feature=0 14 0 20 11 14 17 10 3 1 12 7 7
split_gain=7.65056 9.18009 12.2093 8.7638 9.72298 9.64781 7.49409 7.43261 7.19094 15.8901 13.0894 4.25614 3.05331
threshold=8.3150000000000031 13.570000000000002 4.2750000000000012 5.7796050121252547 3.2650000000000001 25.655000000000005 0.70399000000000023 3.8350000000000004 1.5650000000000002 0.79550000000000021 1.9650000000000001 13.855000000000002 19.005000000000003
decision_type=2 2 2 2 2 2 2 2 2 2 2 2 2
left_child=1 2 8 4 -3 -6 -5 -4 9 -1 -10 -9 -2
right_child=12 3 7 6 5 -7 -8 11 10 -11 -12 -13 -14
leaf_value=-0.01600241272518764 0.0016216581657934068 -0.041600750135151951 0.043329205212762789 0.03594526080822049 -0.0041884923454948153 -0.040398054116796658 -0.015788128859431001 0.024162346925333533 -0.0087416329189333262 0.0097890330992708111 0.0076853585477795385 -0.023815704908846481 0.042836876388132702
leaf_weight=44.941714331507683 4.8929338529705992 15.885257810354231 16.600464027374986 10.730058044195177 99.0000871270895 12.551638364791868 6.2552351206541053 4.8568401858210546 233.39636409282684 223.40084160864353 114.68193359673023 4.9777282550930977 8.2665788531303388
leaf_count=120 38 29 169 39 269 23 15 24 720 760 492 16 65
internal_value=0.000124971 -0.000388633 0.00165146 -0.00947348 -0.0131173 -0.00865655 0.0166299 0.0277662 0.000475428 0.00539643 -0.00329998 0 0.0292741
internal_weight=800.438 787.278 642.856 144.422 127.437 111.552 16.9853 26.435 616.421 268.343 348.078 9.83457 13.1595
internal_count=2779 2676 2301 375 321 292 54 209 2092 880 1212 40 103
is_linear=0
shrinkage=0.04


Tree=52
num_leaves=24
num_cat=0
split_feature=0 14 11 13 13 1 8 18 8 17 20 13 21 12 15 0 15 21 12 14 13 14 14
split_gain=7.30861 13.887 8.83125 11.8793 14.0841 11.8187 13.671 11.8177 11.3807 10.8741 10.1297 10.6495 9.59104 8.77136 8.65654 6.99203 6.82016 13.3964 8.57638 5.94529 5.78872 13.3961 5.29783
threshold=2.7150000000000003 7.0050000000000008 2.9550000000000005 0.010850000000000002 0.012150000000000003 0.79750000000000021 6.785000000000001 1.0976250000000001 11.620000000000003 0.27476500000000009 2.7934267225769278 0.0094500000000000018 5.8768063554585241 1.655 82.38000000000001 2.8750000000000004 66.565000000000012 3.8480185268116203 1.2250000000000003 3.6050000000000004 0.025250000000000005 15.115 10.385000000000003
decision_type=2 2 2 2 2 2 2 2 2 2 2 2 2 2 2 2 2 2 2 2 2 2 2
left_child=2 15 5 10 9 12 7 -7 -8 -5 19 -12 14 -6 -1 -2 20 22 -19 -4 -3 -22 -18
right_child=1 16 3 4 13 6 8 -9 -10 -11 11 -13 -14 -15 -16 -17 17 18 -20 -21 21 -23 -24
leaf_value=-0.011609454217715845 -0.0077255069746066368 -0.038721037844373821 0.0038929181210556121 -0.064712618516840015 -0.013433023888646423 0.052151814276747047 0.026148772211029507 -0.0033165222268187319 -0.0059950773096918014 -0.0072997775400438364 -0.029951080680513078 0.028629008796826269 -0.046113667006835134 0.0032616326101242328 0.033110604086686896 0.037901406151548071 0.0084029424511930136 -0.017316319673931834 0.0063021373858216188 0.048396451230403169 0.033008078592189738 -0.032238987204023524 0.049593955220208714
leaf_weight=48.304300844669342 5.8974720984697333 9.9681893438100833 8.5223270133137721 12.067640215158464 139.62245512008667 5.4120309799909583 71.544260650873184 144.25900772958994 22.352433115243912 9.910601429641245 12.168104171752931 6.9230744019150725 10.317769929766653 76.888645298779011 7.0189725607633582 27.739056628197432 9.4873382449150103 31.982208244502544 95.668162599205971 12.140026047825812 8.4573880285024661 9.7424992918968183 12.62640807032585
leaf_count=135 33 29 39 22 345 24 281 478 61 30 39 29 21 240 28 241 39 88 406 61 36 23 51
internal_value=0.000121385 0.00648781 -0.00216499 -0.0073298 -0.0107238 0.00246544 0.00654865 -0.0009249 0.01843 -0.0406161 0.0125984 -0.00794225 -0.0124366 -0.00747981 -0.00530656 0.0296786 0.00191771 0.00537261 0.000233855 0.031437 -0.0157315 -0.00136236 0.0333962
internal_weight=799.02 211.569 587.452 278.243 238.489 309.209 243.568 149.671 93.8967 21.9782 39.7535 19.0912 65.641 216.511 55.3233 33.6365 177.932 149.764 127.65 20.6624 28.1681 18.1999 22.1137
internal_count=2779 946 1833 805 637 1028 844 502 342 52 168 68 184 585 163 274 672 584 494 100 88 59 90
is_linear=0
shrinkage=0.04


Tree=53
num_leaves=14
num_cat=0
split_feature=0 14 0 20 10 17 3 2 14 14 4 7 7
split_gain=7.15653 8.15541 11.2543 8.22622 7.26023 7.01035 6.65771 13.9019 12.4766 6.44237 14.0259 3.95138 3.02717
threshold=8.3150000000000031 13.570000000000002 4.2750000000000012 5.7796050121252547 3.8350000000000004 0.70399000000000023 1.5650000000000002 1.3650000000000004 4.6450000000000005 25.655000000000005 18.800000000000001 13.855000000000002 19.005000000000003
decision_type=2 2 2 2 2 2 2 2 2 2 2 2 2
left_child=1 2 6 9 -4 -5 7 -1 -8 10 -3 -6 -2
right_child=12 3 4 5 11 -7 8 -9 -10 -11 -12 -13 -14
leaf_value=-0.0034927471207552318 0.0011305423820961839 -0.014396758056232707 0.042910888155932005 0.035081698237995541 0.023264082425919472 -0.015026658356897867 0.0099280488025178561 0.014668752101301115 -0.007550174619815584 -0.039053393941461442 0.02794696367179126 -0.023094501466030419 0.042369268393128032
leaf_weight=139.69169225543737 4.843350686132907 101.29053694009781 15.864418398588898 10.689763113856317 4.7725722342729551 6.2327813655138007 85.745201632380486 127.88809722661972 261.70911251753569 12.384231016039847 13.215985618531702 4.9959869682788849 8.0183846205472928
leaf_count=431 38 250 169 39 24 15 365 449 847 23 48 16 65
internal_value=0.000120859 -0.000372029 0.00155287 -0.00895391 0.0270149 0.0163711 0.000436563 0.00517994 -0.00319781 -0.0124955 -0.00924068 0 0.028619
internal_weight=797.342 784.48 640.667 143.813 25.633 16.9225 615.034 267.58 347.454 126.891 114.507 9.76856 12.8617
internal_count=2779 2676 2301 375 209 54 2092 880 1212 321 298 40 103
is_linear=0
shrinkage=0.04


Tree=54
num_leaves=15
num_cat=0
split_feature=0 11 12 11 6 1 12 12 1 12 3 7 9 11
split_gain=7.13747 12.9109 11.3115 9.70794 7.59424 12.1873 9.64593 7.42966 12.3058 9.43193 6.88994 6.84134 5.82578 3.51392
threshold=1.8050000000000004 2.1850000000000005 3.1150000000000007 6.0850000000000009 1.0145000000000002 0.81250000000000011 2.1650000000000005 1.3150000000000002 0.83050000000000013 1.5150000000000003 2.5350000000000006 1.9550000000000003 3.7050000000000005 1.6250000000000002
decision_type=2 2 2 2 2 2 2 2 2 2 2 2 2 2
left_child=3 13 7 4 5 12 -7 8 -3 -9 11 -6 -1 -2
right_child=1 2 -4 -5 10 6 -8 9 -10 -11 -12 -13 -14 -15
leaf_value=-0.038149053184470059 0.002739145273550419 -0.025902353128127189 0.041934391556436766 -0.031364709583637712 0.026780180881603565 0.020044404209817016 -0.012604161436504059 0.019949480250297431 0.0017739502334137233 0.00097485876681123506 -0.031783091588347794 -0.0060711809002068516 -0.0032777484056782549 0.047174557252340044
leaf_weight=9.5329730212688428 4.262229390442374 37.249300599098206 10.203371997922657 18.333619892597198 9.5762690156698209 72.914641305804253 16.960255652666092 51.805326029658318 76.608682356774807 208.96249168738723 15.117238149046896 220.52331666648388 31.327706798911095 12.590778127312658
leaf_count=22 20 90 119 37 35 259 51 204 236 892 31 614 91 78
internal_value=0.000122342 0.00388001 0.00230894 -0.0036857 -0.00223507 0.00549142 0.0137244 0.00109963 -0.00735755 0.00483682 -0.00639245 -0.00455939 -0.0123215 0.0371676
internal_weight=795.968 401.682 384.829 394.286 375.952 130.736 89.8749 374.626 113.858 260.768 245.217 230.1 40.8607 16.853
internal_count=2779 1639 1541 1140 1103 423 310 1422 326 1096 680 649 113 98
is_linear=0
shrinkage=0.04


Tree=55
num_leaves=13
num_cat=0
split_feature=12 0 11 12 18 11 20 7 6 10 15 17
split_gain=6.75741 6.0132 11.2102 9.42083 10.0795 8.84018 7.43351 6.73546 7.09099 5.07828 4.16205 0.142177
threshold=3.6650000000000005 1.925 2.1850000000000005 2.0150000000000001 1.1080750000000001 6.0850000000000009 2.0602219179982608 1.9550000000000003 1.0245000000000002 1.5450000000000002 64.220000000000013 0.38535999999999992
decision_type=2 2 2 2 2 2 2 2 2 2 2 2
left_child=1 5 11 6 -5 7 -4 9 -9 -1 -7 -3
right_child=-2 2 3 4 -6 10 -8 8 -10 -11 -12 -13
leaf_value=0.0027485490781987837 0.039633002548361176 0.044698670091382758 0.030863795805215144 -0.036032776797245404 0.018308389570845414 -0.00091745823762267437 -0.0027218644767703819 0.0017706060266965457 -0.0089717111443771078 0.054687428526817954 -0.038776591489716926 0.016506806957124667
leaf_weight=7.385515555739401 5.8671943061053744 9.0252242982387525 9.970242999494074 4.8884195983409873 72.797765806317329 7.2265061289072063 259.22403214871883 220.82624410092831 174.50370605289936 4.6918254494667053 15.063041761517523 3.0696653053164473
leaf_count=24 65 59 50 11 455 19 864 701 466 20 28 17
internal_value=0.000119152 -0.000214491 0.00359059 0.0021882 0.0143728 -0.00341284 -0.00133871 -0.00201633 -0.00296168 0.0261765 -0.0274122 0.0399615
internal_weight=794.539 788.672 358.975 346.88 77.6862 429.697 269.194 407.407 395.33 12.0773 22.2895 12.0949
internal_count=2779 2714 1456 1380 466 1258 914 1211 1167 44 47 76
is_linear=0
shrinkage=0.04


Tree=56
num_leaves=14
num_cat=0
split_feature=0 14 0 20 11 14 10 19 19 13 17 7 7
split_gain=6.51871 7.13403 10.3813 7.59978 9.04026 8.41834 7.04048 6.51726 9.21673 9.13724 6.44794 3.69839 3.01377
threshold=8.3150000000000031 13.570000000000002 4.2750000000000012 5.7796050121252547 3.2650000000000001 25.655000000000005 3.8350000000000004 2.3812500000000005 -0.060000000000000046 0.010750000000000001 0.70399000000000023 13.855000000000002 19.005000000000003
decision_type=2 2 2 2 2 2 2 2 2 2 2 2 2
left_child=1 2 7 4 -3 -6 -4 8 -1 -9 -5 -8 -2
right_child=12 3 6 10 5 -7 11 9 -10 -11 -12 -13 -14
leaf_value=0.013291218598787491 0.0003404433859240604 -0.03948781286016563 0.042504991310518242 0.033988248181323483 -0.00336264525159333 -0.037612058668629302 0.022561552147174275 0.016142420130514198 -0.0077887813981640883 0.0005350355152232651 -0.014161625021102331 -0.022424065894154358 0.04179167590522738
leaf_weight=38.103612676262856 4.754663981497286 15.619371995329855 15.128320138901474 10.630731031298639 98.341684460639954 12.173735842108725 4.6952782422304136 75.375936545431614 213.29015854746103 286.13571670651436 6.2035800367593756 5.0027183890342712 7.6865072399377823
leaf_count=124 38 29 169 39 269 23 24 343 674 951 15 16 65
internal_value=0.000122258 -0.000342704 0.00146011 -0.00839424 -0.0118127 -0.00751055 0.0263074 0.000399403 -0.004522 0.00384683 0.0159969 0 0.0277493
internal_weight=793.142 780.701 637.732 142.969 126.135 110.515 24.8263 612.905 251.394 361.512 16.8343 9.698 12.4412
internal_count=2779 2676 2301 375 321 292 209 2092 798 1294 54 40 103
is_linear=0
shrinkage=0.04


Tree=57
num_leaves=17
num_cat=0
split_feature=0 10 19 1 18 11 4 14 4 17 17 17 14 0 3 19
split_gain=6.17716 6.68115 8.31579 10.1489 12.6423 10.1341 8.48375 10.5375 9.88305 7.38281 6.58494 5.89708 10.9238 6.03876 4.93038 2.95466
threshold=8.3150000000000031 3.3550000000000004 2.69875 0.97350000000000014 1.1564600000000003 2.6050000000000004 7.4650000000000007 13.475000000000003 7.1650000000000009 0.18543500000000007 0.13161500000000012 1.0012800000000002 25.655000000000005 4.8350000000000009 1.4350000000000003 10.450000000000003
decision_type=2 2 2 2 2 2 2 2 2 2 2 2 2 2 2 2
left_child=1 2 6 4 -4 -5 8 -8 -1 10 14 13 -13 -11 -3 -2
right_child=15 9 3 5 -6 -7 7 -9 -10 11 -12 12 -14 -15 -16 -17
leaf_value=-0.0037528411325113095 0 0.024107926776017578 -0.0078579712439144356 0.016443113013253772 0.013724164239192503 -0.019893184661933107 0.04801950191654946 -0.017905017436233607 -0.049638441284232282 -0.019072417204144165 0.045843677168736739 0.0102398405125566 -0.037350184087530366 0.0090560650964609316 -0.011254870289591502 0.041036228971049797
leaf_weight=247.18594519793987 4.5944104455411416 8.6993631869554573 53.279527194797993 16.402702562510967 212.8965176679194 40.182199992239475 9.7129859030246717 5.1974531412124625 6.800052896142005 95.560410089790821 5.6901316791772834 39.537832632660866 8.5206535607576352 12.968077823519705 16.942650131881237 7.6334092728793621
leaf_count=813 31 29 159 67 899 142 47 12 13 225 23 129 16 51 51 72
internal_value=0.000121102 -0.000328266 0.00174943 0.00607835 0.00936096 -0.00911854 -0.00342027 0.0248558 -0.00520258 -0.00688682 0.0104722 -0.0104554 0.00104982 -0.0155863 0.000896679 0.027234
internal_weight=791.804 779.577 591.657 322.761 266.176 56.5849 268.896 14.9104 253.986 187.919 31.3321 156.587 48.0585 108.528 25.642 12.2278
internal_count=2779 2676 2152 1267 1058 209 885 59 826 524 103 421 145 276 80 103
is_linear=0
shrinkage=0.04


Tree=58
num_leaves=15
num_cat=0
split_feature=16 12 6 14 8 14 15 5 20 4 3 8 12 14
split_gain=6.02653 9.51637 8.66126 8.40823 12.2937 8.40045 10.0974 8.54751 7.99196 7.78929 9.11201 13.1946 8.37035 6.44801
threshold=1.8050000000000004 3.1150000000000007 1.0705000000000002 2.9750000000000005 2.6800000000000002 11.705000000000002 83.435000000000016 35.995000000000012 5.7796050121252547 2.7100000000000004 1.7450000000000003 11.335000000000003 1.0850000000000002 25.655000000000005
decision_type=2 2 2 2 2 2 2 2 2 2 2 2 2 2
left_child=3 2 8 4 -1 6 -4 -7 13 -5 11 -11 -12 -2
right_child=1 -3 5 9 -6 7 -8 -9 -10 10 12 -13 -14 -15
leaf_value=-0.0094248602677162036 0.0054478615868271971 0.041252756085848122 0.034018225155115253 -0.035146210303679586 0.053926473583353243 -0.025137432195351625 -0.02165642275270057 0.013277637892278227 0.049078746521753105 0.0056709231921542157 -0.039881514790690367 -0.015680923421130904 -0.008377235017422156 -0.031469312967782201
leaf_weight=8.9615161865949649 300.59022881835699 9.4881507493555528 12.148721784353258 12.043832212686537 8.7853153496980649 44.700700670480728 7.5933677479624739 10.650966435670851 5.6378772109746924 194.09377285838127 15.243557780981062 59.684649839997292 94.20354263484478 6.7247148603200904
leaf_count=26 1252 119 60 28 40 103 23 40 27 615 30 143 258 15
internal_value=0.000119055 0.00359685 0.00255189 -0.00337862 0.0227133 -0.00952649 0.0122068 -0.0174991 0.00549671 -0.00469087 -0.00356535 0.000576071 -0.0131589 0.00451464
internal_weight=790.551 397.535 388.047 393.016 17.7468 75.0938 19.7421 55.3517 312.953 375.269 363.226 253.778 109.447 307.315
internal_count=2779 1639 1520 1140 66 226 83 143 1294 1074 1046 758 288 1267
is_linear=0
shrinkage=0.04


Tree=59
num_leaves=14
num_cat=0
split_feature=0 9 0 10 15 15 13 21 21 6 19 7 7
split_gain=5.81664 6.12899 8.13227 8.11354 7.56807 8.667 7.41836 4.50366 9.8944 4.76116 8.81252 3.32799 2.86397
threshold=8.3150000000000031 30.895000000000003 1.8650000000000004 4.3350000000000009 59.580000000000005 64.485000000000014 0.029550000000000003 6.2945234226948079 5.5795282804744932 1.1095000000000004 5.6662500000000007 13.350000000000001 19.005000000000003
decision_type=2 2 2 2 2 2 2 2 2 2 2 2 2
left_child=1 2 3 6 -4 -6 -1 8 11 -9 -11 -3 -2
right_child=12 7 4 -5 5 -7 -8 9 -10 10 -12 -13 -14
leaf_value=-0.0027987496359920374 3.9704274328443091e-05 0.014782198695477033 0.042994978580069898 -0.028945550862342243 -0.014476250962766047 0.0067382776746146159 0.029948964008674445 0.019513809878640015 -0.048071276195698676 0.010829852369991035 -0.044895468075291982 -0.020098052761713562 0.040939050296806841
leaf_weight=375.83153031766415 4.6986970007419568 8.3199154362082499 7.4226688444614402 17.577411234378815 33.506524845957756 277.20744381472468 10.377154126763342 10.062923222780229 13.09434240311384 9.2948566526174563 7.0930307209491721 7.1942783743143073 7.2464692816138268
leaf_count=1114 38 27 33 36 111 1201 34 37 23 30 13 17 65
internal_value=0.000115196 -0.000317272 0.000660637 -0.00309214 0.00544358 0.0043858 -0.00182311 -0.0130651 -0.0237922 -0.000727441 -0.0140241 -0.00114569 0.0267149
internal_weight=788.927 776.982 721.923 403.786 318.137 310.714 386.209 55.0593 28.6085 26.4508 16.3879 15.5142 11.9452
internal_count=2779 2676 2529 1184 1345 1312 1148 147 67 80 43 44 103
is_linear=0
shrinkage=0.04


Tree=60
num_leaves=17
num_cat=0
split_feature=12 13 9 13 7 13 19 6 13 2 2 15 20 12 4 20
split_gain=5.4698 4.98913 7.89633 6.28822 16.5636 10.3478 7.13135 6.06876 12.783 12.6567 3.75209 7.15043 4.4375 4.30403 3.19043 2.18127
threshold=2.5550000000000002 0.0056500000000000014 5.8350000000000009 0.007150000000000001 3.3050000000000002 0.0067500000000000008 2.5787500000000008 1.0345000000000002 0.037100000000000001 1.2350000000000001 1.5750000000000004 68.285000000000011 3.6526959922312234 3.0400000000000005 6.3050000000000006 1.7361552166443737
decision_type=2 2 2 2 2 2 2 2 2 2 2 2 2 2 2 2
left_child=1 2 -1 4 5 -3 -6 9 -9 -5 -2 13 15 -12 -14 -13
right_child=10 3 -4 7 6 -7 -8 8 -10 -11 11 12 14 -15 -16 -17
leaf_value=-0.0084061597403249626 -0.012246875411593319 0.043590328142433361 0.042686540594344284 0.034408502250373084 -0.053117994164033719 -0.019380215422989917 -0.0058441223566720159 -0.0088048696906650441 0.014187742819855256 0.0011443542862054643 0.017210575552296638 0.0011618594486965087 -0.022546870928184616 -0.025701805716871987 0.023629355541368212 0.045626790066445606
leaf_weight=8.0259886682033557 6.6456352919340125 8.1480013281106931 9.5546871870756132 18.241477027535439 14.942894548177721 6.6694538444280616 8.509413465857504 229.45980875939131 45.343347728252411 393.75108733773232 6.0057835951447469 2.4500516131520333 3.2385446876287451 6.8795320093631744 4.404046218842268 15.720520690083502
leaf_count=25 25 34 44 73 33 19 31 695 149 1351 35 21 10 24 39 171
internal_value=0.000111502 -0.000709325 0.0197339 -0.00124253 -0.0168145 0.0153077 -0.0372328 -0.000340007 -0.00494433 0.00271628 0.0134529 0.0182651 0.0300987 -0.00532538 0.00279178 0.040422
internal_weight=787.99 742.646 17.5807 725.065 38.2698 14.8175 23.4523 686.796 274.803 411.993 45.3441 38.6985 25.8132 12.8853 7.64259 18.1706
internal_count=2779 2454 69 2385 117 53 64 2268 844 1424 325 300 241 59 49 192
is_linear=0
shrinkage=0.04


Tree=61
num_leaves=10
num_cat=0
split_feature=21 12 6 21 14 5 10 17 9
split_gain=5.69456 7.29687 5.01794 14.0004 11.7861 15.4503 8.80283 8.17916 6.22878
threshold=2.0454091450627918 3.5250000000000004 1.0255000000000003 4.3150393606515021 4.6450000000000005 8.9150000000000009 3.8850000000000002 0.036720000000000044 14.005000000000001
decision_type=2 2 2 2 2 2 2 2 2
left_child=-1 2 3 7 8 -6 -5 -2 -4
right_child=1 -3 4 6 5 -7 -8 -9 -10
leaf_value=-0.0236865060848898 -0.019365199455156003 0.039799330216585334 0.026540938186516226 0.024088332379105407 -0.023094117742278663 -0.001243094626047588 -0.021132879409368803 0.0020310148117852474 -0.017683375171396808
leaf_weight=14.750035122036932 30.96979858353734 6.5288112424314013 28.773126326501369 64.018597684800625 61.848183132708073 300.12433815002441 6.7432082518935195 268.39147077128291 5.1917015425860873
leaf_count=33 95 79 125 318 164 984 22 939 20
internal_value=0.000111799 0.000606522 0.000210618 0.00356375 -0.00290482 -0.00505203 0.0194331 -0.000212955 0.0192398
internal_weight=787.339 772.589 766.06 370.123 395.937 361.973 70.7618 299.361 33.9648
internal_count=2779 2746 2667 1374 1293 1148 340 1034 145
is_linear=0
shrinkage=0.04


Tree=62
num_leaves=15
num_cat=0
split_feature=0 9 0 13 0 0 13 15 9 10 18 21 7 2
split_gain=5.35438 5.78206 7.47812 11.1554 7.41164 7.92121 6.88283 6.55667 4.3005 7.31999 9.89748 7.51836 2.80966 2.76533
threshold=8.3150000000000031 30.895000000000003 2.7150000000000003 0.07110000000000001 2.6350000000000002 2.5050000000000003 0.043150000000000008 76.055000000000021 45.685000000000009 3.7950000000000004 1.3733400000000002 5.5795282804744932 19.005000000000003 1.9750000000000003
decision_type=2 2 2 2 2 2 2 2 2 2 2 2 2 2
left_child=1 2 4 6 5 -1 -4 -6 9 10 -3 -11 -2 -10
right_child=12 8 3 -5 7 -7 -8 -9 13 11 -12 -13 -14 -15
leaf_value=-0.0014680301834860817 0 -0.024199579231293036 0.0078941384678284602 -0.048389385816977146 0.0027595965770444825 0.030160548508166945 0.04212752570546216 -0.048813316629472928 0.022666450771017439 -0.0048394154075701865 0.041936582419271673 -0.046660605054243839 0.040410875047289088 -0.011175587209378994
leaf_weight=535.59626498073339 4.6288878284394723 6.9227164536714536 144.1045784316957 4.3451932966709128 5.97242098301649 11.964183419942854 9.3096341639757139 8.7758643180131894 6.9444092363119108 12.470357693731787 5.6214096918702126 16.594881549477577 6.9605596326291561 6.3197651207447052
leaf_count=1678 38 16 698 7 24 59 37 26 22 35 26 30 65 18
internal_value=0.000106301 -0.000303495 0.000646902 0.00832168 -0.00150305 -0.000708641 0.0102827 -0.0285714 -0.0127065 -0.0189682 0.00575548 -0.0297412 0.0259908 0.00632836
internal_weight=786.531 774.942 720.068 157.759 562.309 547.56 153.414 14.7483 54.8735 41.6094 12.5441 29.0652 11.5894 13.2642
internal_count=2779 2676 2529 742 1787 1737 735 50 147 107 42 65 103 40
is_linear=0
shrinkage=0.04


Tree=63
num_leaves=10
num_cat=0
split_feature=21 12 20 6 12 11 3 4 20
split_gain=5.31183 6.92836 5.45105 11.6661 11.5661 9.44377 7.27441 13.9932 10.6968
threshold=2.0454091450627918 3.5250000000000004 2.9121981009865734 1.0045000000000002 1.8750000000000002 6.7750000000000012 1.7650000000000003 4.7650000000000006 2.9611317314507528
decision_type=2 2 2 2 2 2 2 2 2
left_child=-1 2 3 5 -5 -2 8 -8 -4
right_child=1 -3 6 4 -6 -7 7 -9 -10
leaf_value=-0.022910164323827815 0.038658207394526835 0.039366785137013187 -0.040861554254141258 -0.0041608065625265214 0.015505041559550719 -0.018784336121036097 -0.032547468541637543 -0.0032039268343926242 0.0022837825782536397
leaf_weight=14.711378648877142 23.996916305273775 6.3014753051102153 8.4393644630908948 155.07544992864132 67.865243658423424 4.7639067247509947 31.676529355347157 132.8376165702939 340.00342851132154
leaf_count=33 126 79 19 512 345 18 78 494 1075
internal_value=0.000102502 0.000581099 0.000200024 0.00501945 0.00183244 0.0285632 -0.00215441 -0.00906475 0.00110196
internal_weight=785.671 770.96 764.658 251.702 222.941 28.7608 512.957 164.514 348.443
internal_count=2779 2746 2667 1001 857 144 1666 572 1094
is_linear=0
shrinkage=0.04


Tree=64
num_leaves=20
num_cat=0
split_feature=0 10 18 2 21 6 2 21 0 18 20 0 14 5 9 8 9 10 0
split_gain=5.03357 10.7696 7.41618 12.6744 7.38448 7.20987 12.5502 11.2712 13.8226 11.2494 10.3096 9.79841 7.97667 15.169 8.47113 5.96049 5.98601 4.97923 4.74872
threshold=3.7500000000000004 3.7950000000000004 1.7076100000000001 1.9850000000000001 3.8216736022932323 1.0345000000000002 1.2350000000000001 4.3303109752416207 1.3250000000000004 1.2800800000000001 3.1189931334205068 3.5150000000000001 4.6450000000000005 8.9150000000000009 14.005000000000001 14.810000000000002 45.685000000000009 4.2750000000000012 4.7800000000000002
decision_type=2 2 2 2 2 2 2 2 2 2 2 2 2 2 2 2 2 2 2
left_child=5 2 -2 -4 -5 6 10 9 -9 -8 -1 12 14 -14 -7 17 18 -3 -17
right_child=1 15 3 4 -6 11 7 8 -10 -11 -12 -13 13 -15 -16 16 -18 -19 -20
leaf_value=0 0.049516489339534168 -0.0028356740775038409 -0.048668411928526605 -0.01973155344807179 0.033790984527662167 0.039733233272078852 -0.012719259797491483 -0.010626211177074111 0.021389890357614752 0.0024648791721989184 0.059480298215885644 -0.037066969786225319 -0.037618554908717593 -0.0028267321696067798 -0.018343863065534916 -0.032960649785787485 0.020205403559311372 0.049355729538535655 -0.0038082468091341997
leaf_weight=8.5029366314411181 12.15371563285589 5.1008006632328016 3.6826340705156353 4.2912991717457798 18.87896628305316 11.369546137750151 122.36314128339291 29.478475704789162 72.323180973529816 210.32612234726548 9.7553830146789533 14.995738811790941 21.653478115797043 183.4239928945899 5.02181851863861 14.217690348625181 8.2963133975863439 4.8566473871469498 24.220274027436972
leaf_count=29 80 18 10 22 200 54 354 79 333 737 45 36 47 528 15 31 38 25 98
internal_value=9.66216e-05 0.00865288 0.0245648 0.011612 0.023141 -0.00109065 0.00185261 0.000432408 0.0120281 -0.00311725 0.0334562 -0.00674376 -0.00449721 -0.00670383 0.0214485 -0.00239263 -0.0085849 0.0240712 -0.0153565
internal_weight=784.912 95.6983 39.0066 26.8529 23.1703 689.214 452.749 434.491 101.802 332.689 18.2583 236.465 221.469 205.077 16.3914 56.6917 46.7343 9.95745 38.438
internal_count=2779 522 312 232 222 2257 1577 1503 412 1091 74 680 644 575 69 210 167 43 129
is_linear=0
shrinkage=0.04


Tree=65
num_leaves=10
num_cat=0
split_feature=21 12 20 18 18 2 2 6 6
split_gain=4.90484 6.5203 5.07829 12.0459 15.1649 11.7076 6.95149 9.76075 7.11658
threshold=2.0454091450627918 3.5250000000000004 2.9121981009865734 1.2931100000000002 1.4314200000000004 1.425 1.2250000000000003 1.0355000000000001 1.0025000000000002
decision_type=2 2 2 2 2 2 2 2 2
left_child=-1 2 3 5 -5 -2 7 -4 -8
right_child=1 -3 6 4 -6 -7 8 -9 -10
leaf_value=-0.022054462512556956 0.0013160157907888199 0.038873447986311642 0.048350500489990178 0.035292683979406186 0.0049992160039528874 -0.031746703944234914 -0.015016179435364997 -0.012829201729335476 -0.0010157613815516236
leaf_weight=14.658929750323294 70.512828320264816 6.042848825454711 9.0449069291353208 32.956816632300615 125.77301879972219 21.438172951340675 66.512173138558865 6.2664405703544608 430.21518104895949
leaf_count=33 227 79 40 137 577 60 196 17 1413
internal_value=9.5694e-05 0.000556553 0.000192 0.00485522 0.0115207 -0.00656503 -0.00208041 0.0235697 -0.0029329
internal_weight=783.421 768.762 762.72 250.681 158.73 91.951 512.039 15.3113 496.727
internal_count=2779 2746 2667 1001 714 287 1666 57 1609
is_linear=0
shrinkage=0.04


Tree=66
num_leaves=12
num_cat=0
split_feature=16 6 6 20 20 7 19 16 2 19 6
split_gain=4.81132 5.39534 9.84909 7.29074 7.26713 9.38077 8.21751 5.43855 3.38323 2.83196 0.889742
threshold=8.3150000000000031 1.1175000000000004 1.1305000000000003 5.7796050121252547 4.78413029309342 24.050000000000004 11.520000000000001 1.385 2.0350000000000006 10.450000000000003 1.0485000000000002
decision_type=2 2 2 2 2 2 2 2 2 2 2
left_child=1 3 -3 4 5 -1 -6 -5 -4 -2 -9
right_child=9 2 8 7 6 -7 -8 10 -10 -11 -12
leaf_value=0.0017189859266955679 0 -0.048911752018741358 0.012027130563342018 -0.0012893229095302429 -0.017501263237672298 -0.034136686549928866 0.017894442158577117 0.051164598842519365 -0.021778584084371975 0.03960377659676631 0.020740753528674678
leaf_weight=635.76201126724482 4.4160210937261564 9.182233005762102 12.310033991932871 8.3668318688869494 64.796720817685127 10.879921443760393 11.430849447846411 6.0829628109931928 6.3535736873745909 6.7604470364749432 6.5653316378593445
leaf_count=2296 31 16 37 23 175 23 38 29 16 72 23
internal_value=9.4544e-05 -0.000288468 -0.0172676 0.000358702 -0.000320553 0.00105157 -0.0119269 0.0230401 0 0.0250501 0.0386354
internal_weight=782.907 771.73 27.8458 743.885 722.87 646.642 76.2276 21.0151 18.6636 11.1765 12.6483
internal_count=2779 2676 69 2607 2532 2319 213 75 53 103 52
is_linear=0
shrinkage=0.04


Tree=67
num_leaves=24
num_cat=0
split_feature=0 10 18 3 21 10 4 18 3 21 18 4 14 11 12 2 3 0 7 14 11 21 10
split_gain=4.72823 10.0087 7.20976 12.1822 9.32045 6.72165 9.32669 10.316 12.9355 7.46251 11.0753 6.25333 9.80661 6.13205 8.61024 7.86537 5.9164 10.9959 6.83436 6.59818 5.82757 5.5502 5.02667
threshold=3.7500000000000004 3.7950000000000004 1.7076100000000001 1.6450000000000002 4.2048528352836323 2.0250000000000004 5.1750000000000007 1.1114800000000002 2.4250000000000003 5.3351749516915206 1.2053 4.5450000000000008 5.4850000000000012 3.1950000000000007 0.80500000000000016 1.6050000000000002 1.4950000000000003 6.785000000000001 13.350000000000001 18.700000000000006 8.6850000000000023 4.4202926683338513 2.2450000000000006
decision_type=2 2 2 2 2 2 2 2 2 2 2 2 2 2 2 2 2 2 2 2 2 2 2
left_child=5 2 -2 -4 -5 6 9 -8 -9 21 -11 12 22 14 -13 -15 19 18 -18 -3 -19 -1 -7
right_child=1 16 3 4 -6 11 7 8 -10 10 -12 13 -14 15 -16 -17 17 20 -20 -21 -22 -23 -24
leaf_value=-0.0011489825140267589 0.048878348702002986 0.044571867655282482 -0.047740323590801034 -0.016023463201312139 0.038087609572997651 0.025403435331680765 -0.024021971439070162 0.028340808819476482 -0.012857470674753518 0.020486727514582706 -0.02998511963092975 -0.015222292616668019 -0.038552579157050071 -0.012522583892859339 0.012474260077319173 0.0012701967080161994 0.0036387026483018941 -0.0096324603642933913 -0.036306916863358976 -0.0047170418542322881 0.043557759435485045 0.015981893247468067 -0.01910921593362757
leaf_weight=143.41316743567586 11.848034996539353 6.8681334555149069 3.6991489157080677 6.3032718785107162 16.372895147651434 7.4937128126621229 8.6425968706607801 58.037068903446198 14.44044519215822 8.310133367776869 26.664242908358574 22.625378429889679 19.448903545737267 139.65130884945393 72.563471764326096 122.7639120593667 9.4873361140489596 4.9370007291436178 19.655752912163734 8.7625956982374174 6.582802414894104 37.102891147136688 6.684211477637291
leaf_count=503 80 29 9 39 184 25 24 269 68 30 78 56 37 366 243 386 35 21 48 25 52 156 16
internal_value=9.19179e-05 0.00844125 0.0239735 0.0111169 0.022667 -0.00105435 0.00346508 0.0149415 0.0199603 -0.000867259 -0.0175342 -0.00450124 -0.0207766 -0.00289482 0.0057181 -0.00605931 -0.00219985 -0.0103374 -0.0233482 0.0178373 0.0211746 0.00239664 0.0040144
internal_weight=782.358 94.517 38.2234 26.3753 22.6762 687.841 296.611 81.1201 72.4775 215.49 34.9744 391.231 33.6268 357.604 95.1889 262.415 56.2936 40.6629 29.1431 15.6307 11.5198 180.516 14.1779
internal_count=2779 522 312 232 223 2257 1128 361 337 767 108 1129 78 1051 299 752 210 156 83 54 73 659 41
is_linear=0
shrinkage=0.04


Tree=68
num_leaves=20
num_cat=0
split_feature=0 20 15 20 3 7 10 19 21 1 3 3 10 4 14 11 1 17 10
split_gain=4.49976 11.6367 7.67026 10.8099 9.484 7.96754 7.36949 8.71944 6.69001 8.46753 7.16965 6.29344 8.24424 4.9623 8.79375 7.68492 12.34 7.43113 5.01815
threshold=2.7150000000000003 2.0602219179982608 66.565000000000012 3.2713851336212518 1.425 4.7750000000000012 2.0250000000000004 6.2012500000000008 2.5735360346520531 0.85050000000000014 1.6850000000000003 2.3850000000000002 4.1350000000000007 4.5450000000000008 5.4850000000000012 2.8750000000000004 0.80850000000000011 0.096135000000000095 2.2450000000000006
decision_type=2 2 2 2 2 2 2 2 2 2 2 2 2 2 2 2 2 2 2
left_child=6 -2 11 5 -5 -4 7 8 9 -1 -10 12 -3 14 18 16 -15 -17 -8
right_child=1 2 3 4 -6 -7 13 -9 10 -11 -12 -13 -14 15 -16 17 -18 -19 -20
leaf_value=-0.0057583648067088215 0.044280120701574256 0.023428162789018422 -0.027999977930586499 0.019705103092465336 -0.0077803274448559117 0.025074422586643018 0.02453902648472276 0.041187506273540349 0.0058276348065945125 0.052806447142769511 -0.0075859114631620832 -0.042032965605384269 -0.025159603301407544 -0.019033003173290347 -0.037286160311753511 -0.025447402874869473 0.020551265041827301 -0.0044437106188995072 -0.020264683120342204
leaf_weight=6.4047206491231901 10.54721352085471 9.3673069141805225 4.0004953593015662 25.475493207573891 81.869342539459467 50.540368910878897 7.482821658253668 8.2393849790096265 147.76705429702997 7.8602103590965271 110.55812231823802 8.8101198934018594 11.050630971789358 16.999218702316284 19.341250494122505 31.378385484218597 40.562575414776802 175.83762644976377 6.4926672577857971
leaf_count=20 97 42 21 87 309 330 25 40 536 36 386 32 28 41 37 76 140 481 15
internal_value=8.97133e-05 0.00523014 0.00281413 0.00626994 -0.00106187 0.0206034 -0.00169302 0.00293253 0.00160067 0.0273331 4.89348e-05 -0.0156362 -0.00244198 -0.00607266 -0.0204601 -0.00416204 0.0085992 -0.00776963 0.00322685
internal_weight=780.585 201.661 191.114 161.886 107.345 54.5409 578.924 280.829 272.59 14.2649 258.325 29.2281 20.4179 298.095 33.3167 264.778 57.5618 207.216 13.9755
internal_count=2779 946 849 747 396 351 1833 1018 978 56 922 102 70 815 77 738 181 557 40
is_linear=0
shrinkage=0.04


Tree=69
num_leaves=16
num_cat=0
split_feature=21 20 18 18 6 2 11 2 21 15 15 10 4 10 9
split_gain=4.40818 5.4409 12.1993 12.8871 15.5083 10.8218 11.0465 10.1836 7.07519 6.61585 11.5013 13.4439 9.6041 6.00412 19.4813
threshold=2.0454091450627918 2.9121981009865734 1.2931100000000002 1.4314200000000004 1.0115000000000001 1.425 3.9250000000000003 1.3950000000000002 3.4210824254058836 64.635000000000019 66.375000000000014 3.0350000000000006 4.7650000000000006 3.4150000000000005 7.5250000000000012
decision_type=2 2 2 2 2 2 2 2 2 2 2 2 2 2 2
left_child=-1 2 5 7 -5 6 -2 -4 -7 13 11 -11 -12 14 -3
right_child=1 9 3 4 -6 8 -8 -9 -10 10 12 -13 -14 -15 -16
leaf_value=-0.020979460907232492 -0.0076626645039030664 -0.025369912382732195 -0.00086319643427611712 0.028220543018947341 -0.0024683081380502936 -0.048323303142251035 0.028217043872065865 0.047625651060098834 -0.0011842822757706117 0.052254960464039081 -0.0133683710767923 -0.0085930447899902219 0.0010879388004578399 -0.0379106853724002 0.045965558876368003
leaf_weight=14.556362584233282 52.915202796459198 21.206840962171558 9.1879447251558286 35.408777449280024 93.497593030333519 12.739562660455706 17.390774987637997 23.362589355558157 8.7440425381064397 12.796831108629705 91.414836890995502 9.2675149515271169 355.79446388408542 13.528991550207136 7.4363563805818549
leaf_count=33 165 57 29 205 426 28 62 108 32 59 273 25 1219 27 31
internal_value=8.8076e-05 0.000526432 0.00531781 0.0119276 0.00605225 -0.00622572 0.00137154 0.0340826 -0.0303991 -0.00183619 -0.000439195 0.0270861 -0.00187249 -0.0168258 -0.00565404
internal_weight=779.249 764.692 253.246 161.457 128.906 91.7896 70.306 32.5505 21.4836 511.446 469.274 22.0643 447.209 42.1722 28.6432
internal_count=2779 2746 1055 768 631 287 227 137 60 1691 1576 84 1492 115 88
is_linear=0
shrinkage=0.04


Tree=70
num_leaves=12
num_cat=0
split_feature=15 15 0 12 3 14 11 1 11 1 1
split_gain=4.43724 7.09753 6.2124 7.85768 9.63198 9.50397 6.77278 6.06335 5.47265 5.13679 4.84971
threshold=94.470000000000013 92.120000000000019 2.2250000000000005 1.9750000000000003 1.7150000000000001 17.885000000000002 5.8850000000000007 0.97350000000000014 7.6550000000000011 0.92450000000000021 0.82950000000000002
decision_type=2 2 2 2 2 2 2 2 2 2 2
left_child=1 2 6 4 -4 -5 7 -1 -8 -3 -2
right_child=10 9 3 5 -6 -7 8 -9 -10 -11 -12
leaf_value=0.00097432840473472219 -0.0046899523157526643 -0.0056545391100182333 0.0095811480039285322 0.022298749055201707 -0.0079382199663862434 -0.026726244210376761 -0.031093636788245744 -0.011616584549954715 0.0014718838787811878 -0.04903258902510494 0.042778550693533202
leaf_weight=378.34712142497301 5.2435749359428865 11.424527402967216 104.66995652765036 58.718871288001537 94.452863842248917 6.0870410054922095 21.555302649736404 71.825866296887398 12.171490386128424 6.9760523177683345 7.0098765417933464
leaf_count=1177 16 38 365 458 367 19 46 208 34 16 35
internal_value=8.55292e-05 -0.000300693 0.000308003 0.00524277 0.00123281 0.0172362 -0.00237228 -0.00103814 -0.0194069 -0.0241921 0.0230407
internal_weight=778.483 766.229 747.829 263.929 199.123 64.8059 483.9 450.173 33.7268 18.4006 12.2535
internal_count=2779 2728 2674 1209 732 477 1465 1385 80 54 51
is_linear=0
shrinkage=0.04


Tree=71
num_leaves=12
num_cat=0
split_feature=15 15 0 12 6 21 7 6 1 1 19
split_gain=4.15206 6.60097 5.74016 7.35397 11.6199 6.9511 6.57957 6.72753 4.75708 4.59141 4.13168
threshold=94.470000000000013 92.120000000000019 2.2250000000000005 1.9750000000000003 1.0745000000000002 6.7491000165133199 1.9550000000000003 1.0425000000000002 0.92450000000000021 0.82950000000000002 0.05625000000000014
decision_type=2 2 2 2 2 2 2 2 2 2 2
left_child=1 2 6 5 -5 -4 10 -8 -3 -2 -1
right_child=9 8 3 4 -6 -7 7 -9 -10 -11 -12
leaf_value=0.045136099967519057 -0.0045315856924116387 -0.0054428169326798618 -0.0012610720843938125 0.02490661107029734 -0.017284349782721781 0.023495797055736959 -0.00063060361942937431 -0.012553054118644678 -0.047183881110588306 0.041725740249024271 -0.00013882654921317653
leaf_weight=6.4905049055814725 5.244674973189829 11.43290137499571 180.07905803993344 52.063955806195736 12.013590872287748 19.131248250603676 377.97240672260523 94.272118285298347 6.9981055557727805 6.9262136146426201 5.0427688807249069
leaf_count=27 16 38 652 429 48 80 1188 234 16 35 16
internal_value=7.84043e-05 -0.000294036 0.000293656 0.0050451 0.0167295 0.00118199 -0.00228081 -0.00304903 -0.0233159 0.0223545 0.0262703
internal_weight=777.668 765.497 747.066 263.288 64.0775 199.21 483.778 472.245 18.431 12.1709 11.5333
internal_count=2779 2728 2674 1209 477 732 1465 1422 54 51 43
is_linear=0
shrinkage=0.04


Tree=72
num_leaves=12
num_cat=0
split_feature=16 6 6 20 20 7 19 16 2 7 6
split_gain=4.05076 4.90498 9.14686 6.55687 6.83583 8.41128 7.84211 5.23793 3.13027 2.96158 0.904345
threshold=8.3150000000000031 1.1175000000000004 1.1305000000000003 5.7796050121252547 4.78413029309342 24.050000000000004 11.520000000000001 1.385 2.0350000000000006 19.005000000000003 1.0485000000000002
decision_type=2 2 2 2 2 2 2 2 2 2 2
left_child=1 3 -3 4 5 -1 -6 -5 -4 -2 -9
right_child=9 2 8 7 6 -7 -8 10 -10 -11 -12
leaf_value=0.0016773996397674979 -0.0008092242757631881 -0.04720349931531586 0.011773685000645245 -0.0017840046913072253 -0.017028778955258551 -0.032477931458175048 0.017604009196868511 0.050087285173369793 -0.020831388816540616 0.039174494702569507 0.019765968061787761
leaf_weight=631.00323559902608 4.2919946797192079 9.0741594657301921 12.201821260154249 8.3499345928430575 64.548291176557541 10.736795820295809 11.387035891413687 5.9327594563364965 6.3243910260498515 6.2758797872811556 6.4874669462442398
leaf_count=2296 38 16 37 23 175 23 38 29 16 65 23
internal_value=7.64092e-05 -0.000267689 -0.016527 0.000350735 -0.000293889 0.00104387 -0.0115701 0.0219824 0 0.0235779 0.0374986
internal_weight=776.614 766.046 27.6004 738.446 717.675 641.74 75.9353 20.7702 18.5262 10.5679 12.4202
internal_count=2779 2676 69 2607 2532 2319 213 75 53 103 52
is_linear=0
shrinkage=0.04


Tree=73
num_leaves=8
num_cat=0
split_feature=21 12 0 3 3 3 0
split_gain=4.05804 4.80467 5.79909 5.29164 5.89486 7.26043 3.27677
threshold=2.0454091450627918 3.1150000000000007 1.5350000000000004 5.1300000000000008 3.3750000000000004 2.9950000000000006 1.3650000000000004
decision_type=2 2 2 2 2 2 2
left_child=-1 3 -3 4 5 -2 -6
right_child=1 2 -4 -5 6 -7 -8
leaf_value=-0.020187496034758178 0.00052385820205265172 -0.013520849367623202 0.041030086529354172 -0.035317985091411194 -0.0084101241373182468 -0.023733914383669445 0.032633269688176252
leaf_weight=14.482264190912245 708.37164745107293 3.7347667366266242 8.6736467033624631 5.6993121691048136 3.2100254893302909 19.302493192255497 12.592795390635727
leaf_count=33 2408 12 124 31 8 72 91
internal_value=7.42036e-05 0.000495957 0.0242305 6.04082e-05 0.000389432 -0.00014032 0.0238157
internal_weight=776.067 761.585 12.4084 749.176 743.477 727.674 15.8028
internal_count=2779 2746 136 2610 2579 2480 99
is_linear=0
shrinkage=0.04


Tree=74
num_leaves=21
num_cat=0
split_feature=11 21 0 6 8 20 13 4 6 17 20 8 21 17 11 2 13 4 7 11
split_gain=4.01535 9.51452 11.7715 9.17503 8.26237 20.9711 11.3603 7.60413 11.5473 17.3276 8.53508 7.62653 16.2552 13.9177 10.8335 7.07325 6.66294 11.1217 1.97907 0.147742
threshold=2.3950000000000005 6.5844545048283676 1.8150000000000002 1.0025000000000002 7.4350000000000014 4.78413029309342 0.016450000000000003 4.705000000000001 1.0185000000000002 0.62887499999999996 2.8173840024114907 6.8750000000000009 2.5735360346520531 0.071955000000000088 5.0250000000000012 1.6050000000000002 0.0072500000000000004 4.4350000000000014 5.3050000000000006 2.3450000000000002
decision_type=2 2 2 2 2 2 2 2 2 2 2 2 2 2 2 2 2 2 2 2
left_child=1 2 4 -4 6 -6 -1 8 16 10 -10 13 18 -9 -15 -14 -2 -18 -13 -5
right_child=7 -3 3 19 5 -7 -8 11 9 -11 -12 12 15 14 -16 -17 17 -19 -20 -21
leaf_value=0.0022667040572943451 -0.020822902816448025 -0.025694853902936191 -0.016427282387382586 0.047247279340593931 0.04707902652987677 -0.012803494051709552 -0.039765864182011279 -0.02682268024238936 -0.017831597692324216 0.026010418634234273 -0.052799318729577362 -0.045155867155164689 -0.0051182958961363753 0.029562771652650914 -0.0074020199448157379 0.005820797323870806 0.031701307365394053 -0.023368599793944275 -0.019977331117184194 0.017669968264741098
leaf_weight=115.87330383062363 9.7856014333665353 13.937409296631811 4.1526496261358288 16.707024119794372 19.578776687383652 16.233443677425385 10.267321676015852 11.257044501602648 32.350706182420254 9.0335218831896764 18.666099697351456 9.8075063228607195 180.85789613425732 45.846839537844062 16.493819288909435 195.73998580500484 19.398197986185554 7.2371084913611403 19.552693046629429 2.8833654075860968
leaf_count=377 36 37 15 110 79 45 21 38 96 34 36 18 538 215 60 855 85 22 47 15
internal_value=6.91991e-05 0.00495338 0.00742184 0.0331642 0.00341843 0.0201069 -0.00137751 -0.00161529 -0.0118035 -0.0224745 -0.0315485 0.000437903 -0.00170098 0.0122077 0.019694 0.000546563 0.0057073 0.0161446 -0.0298618 0.0443521
internal_weight=775.66 199.633 185.696 23.743 161.953 35.8122 126.141 576.027 96.4712 60.0503 51.0168 479.556 405.958 73.5977 62.3407 376.598 36.4209 26.6353 29.3602 19.5904
internal_count=2779 699 662 140 522 124 398 2080 309 166 132 1771 1458 313 275 1393 143 107 65 125
is_linear=0
shrinkage=0.04


Tree=75
num_leaves=12
num_cat=0
split_feature=15 15 0 10 7 21 1 1 4 1 19
split_gain=3.91489 6.06955 5.12792 9.26161 6.14835 5.69879 5.24592 5.0566 4.68878 4.43196 3.88167
threshold=94.470000000000013 92.120000000000019 2.2250000000000005 1.8250000000000004 1.9550000000000003 6.324645686186221 0.99150000000000016 0.82550000000000001 4.3350000000000009 0.92450000000000021 0.05625000000000014
decision_type=2 2 2 2 2 2 2 2 2 2 2
left_child=1 2 4 8 10 -5 -6 -2 -4 -3 -1
right_child=7 9 3 5 6 -7 -8 -9 -10 -11 -12
leaf_value=0.043904820563527965 -0.0072182859772333 -0.0051103372590322309 -0.0018994033432979006 1.3891031874102712e-05 -0.0016359773284106882 0.017135494578881083 -0.017158717247337921 0.04164416193114312 0.042759027736110511 -0.04539631627300815 -3.9454853175004751e-05
leaf_weight=6.429156765341757 4.9895017370581609 11.439554750919344 4.5099124982953098 207.43482979387045 433.92957401275635 35.787960268557072 37.135755077004433 7.0587804019451141 13.550090108066795 7.0039273388683787 5.0349674373865128
leaf_count=27 15 38 33 857 1321 184 101 36 135 16 16
internal_value=5.99089e-05 -0.000301235 0.000264496 0.00477712 -0.00216731 0.00262578 -0.00291039 0.0217935 0.0316727 -0.0223684 0.0255082
internal_weight=774.304 762.256 743.812 261.283 482.529 243.223 471.065 12.0483 18.06 18.4435 11.4641
internal_count=2779 2728 2674 1209 1465 1041 1422 51 168 54 43
is_linear=0
shrinkage=0.04


Tree=76
num_leaves=12
num_cat=0
split_feature=14 8 4 14 4 12 6 5 21 1 0
split_gain=3.8612 10.0196 8.84953 4.92033 9.18805 9.25805 6.07596 14.25 14.2251 1.74547 1.72016
threshold=2.9750000000000005 2.7450000000000006 2.7100000000000004 4.6450000000000005 4.705000000000001 1.8250000000000004 1.0255000000000003 8.9150000000000009 4.6586911809593614 0.97950000000000015 1.885
decision_type=2 2 2 2 2 2 2 2 2 2 2
left_child=1 -1 -2 4 5 -4 8 -8 -5 -6 -3
right_child=2 10 3 6 9 -7 7 -9 -10 -11 -12
leaf_value=-0.011074015046760075 -0.033025795453357855 0.051095587089820448 0.016365161863710592 -0.00030071285744787379 0.044788516268312741 -0.010060978277997276 -0.021923087181703781 -0.0008878658190454499 0.025540800169573191 0.0017246772699110438 0.010739785541998163
leaf_weight=10.412635415792467 12.08905392885208 7.7727643102407438 42.074808232486248 246.90008428692818 10.792260637506841 40.555223569273949 61.601969450712204 297.1708678137511 38.432825656607747 2.271660301834344 3.5815308410674334
leaf_count=31 28 37 159 849 104 147 163 1007 206 16 32
internal_value=6.05037e-05 0.0162987 -0.000419984 0.00014589 0.00856972 0.00333421 -0.00110457 -0.00457279 0.00322911 0.0385241 0.0409132
internal_weight=773.656 21.7669 751.889 739.8 95.694 82.63 644.106 358.773 285.333 13.0639 11.3543
internal_count=2779 100 2679 2651 426 306 2225 1170 1055 120 69
is_linear=0
shrinkage=0.04


Tree=77
num_leaves=24
num_cat=0
split_feature=11 21 0 6 18 1 12 3 21 5 11 1 18 6 21 21 0 6 19 10 1 6 11
split_gain=3.8078 8.908 10.965 8.84587 6.94487 11.2541 11.4115 9.49855 11.4619 9.25977 9.11235 7.88088 13.7673 9.57056 8.71605 8.21996 6.66891 8.51749 6.68386 3.93142 3.36542 0.570253 0.178439
threshold=2.3950000000000005 6.5844545048283676 1.8150000000000002 1.0025000000000002 1.1787750000000001 0.8045000000000001 2.1550000000000007 1.6850000000000003 2.9999999989318238 7.8450000000000006 2.5150000000000001 0.79550000000000021 1.0907200000000004 1.0475000000000001 4.1045152274246153 5.6205454111530679 1.1150000000000004 1.0255000000000003 2.6062500000000006 3.3950000000000005 0.75850000000000006 1.0485000000000002 2.3450000000000002
decision_type=2 2 2 2 2 2 2 2 2 2 2 2 2 2 2 2 2 2 2 2 2 2 2
left_child=1 2 16 -4 11 6 9 8 -7 -6 -9 13 14 20 -13 -15 18 -18 -1 -14 -2 -8 -5
right_child=4 -3 3 22 5 7 21 10 -10 -11 -12 12 19 15 -16 -17 17 -19 -20 -21 -22 -23 -24
leaf_value=0.0021755655912355713 -0.019379989939598854 -0.024785381150685563 -0.016098922731150024 0.046680557473910755 0.0395586745682956 -0.015453451383149176 0.050020108282342317 -0.040145596082260065 0.0094812314932768947 -0.0020244834142409242 -0.0055446563735889621 0.056035310714709484 -0.0020220753421483066 0.028621648907301438 -0.0023444246148114798 -0.024698971922656843 0.016276587653175467 -0.004787257463356823 -0.031886127513028537 -0.026518649262265419 -0.047683172535794231 0.013995108397476728 0.016989185727300331
leaf_weight=22.18525604903698 17.223778575658798 13.964238926768301 4.1558775454759624 16.154156729578975 9.6761009134352189 35.528556942939758 12.191264845430849 12.129136785864828 149.9625701084733 41.502102211117744 201.58349381759763 8.3824218213558179 27.425111725926399 8.45152096450329 6.6722111180424681 8.0159722715616208 75.099370330572128 50.099249705672264 14.175290644168852 17.010201513767242 16.047075003385544 2.4679026007652274 2.8432035110890856
leaf_count=66 45 37 15 110 41 97 95 30 514 134 853 35 86 29 19 17 278 145 33 38 31 16 15
internal_value=6.24617e-05 0.00483147 0.00723499 0.0324203 -0.00157907 0.000543162 0.0157494 -0.00197778 0.00460515 0.00629166 -0.0077235 -0.01061 -0.000583964 -0.0221963 0.0311287 0.0022804 0.00339921 0.00781318 -0.0113874 -0.0119529 -0.0342575 0.0457471 0.0437087
internal_weight=772.946 198.677 184.712 23.1532 574.269 465.041 65.8374 399.204 185.491 51.1782 213.713 109.228 59.4899 49.7383 15.0546 16.4675 161.559 125.199 36.3605 44.4353 33.2709 14.6592 18.9974
internal_count=2779 699 662 140 2080 1780 286 1494 611 175 883 300 178 122 54 46 522 423 99 124 76 111 125
is_linear=0
shrinkage=0.04


Tree=78
num_leaves=11
num_cat=0
split_feature=15 15 19 5 1 19 14 2 1 1
split_gain=3.74677 5.66849 4.95395 11.5665 7.13238 6.93019 10.3127 9.52755 4.74116 4.17237
threshold=94.470000000000013 92.120000000000019 -0.11250000000000014 8.7650000000000023 0.94650000000000001 2.3812500000000005 8.6350000000000033 1.425 0.82550000000000001 0.92450000000000021
decision_type=2 2 2 2 2 2 2 2 2 2
left_child=1 2 3 -1 -5 7 -7 -4 -2 -3
right_child=8 9 5 4 -6 6 -8 -9 -10 -11
leaf_value=0.054626018578360268 -0.0066577376062304959 -0.0048405632622139172 0.004139855123351026 0.017181868356014086 -0.018332250124492012 0.0086316819233601665 -0.0031060127106251486 -0.013051394233393326 0.04079766144556312 -0.043944740252890906
leaf_weight=7.7059480994939795 4.9770046025514585 11.418067179620268 81.924777776002884 21.487661771476269 14.055896475911139 214.22132312320173 267.94658116810024 134.00955706834793 6.9626345224678516 7.011409491300582
leaf_count=35 15 38 265 71 36 984 853 430 36 16
internal_value=6.01003e-05 -0.000292624 0.000255333 0.0132418 0.00280136 -0.000555564 0.00209942 -0.0065032 0.021412 -0.0216254
internal_weight=771.721 759.781 741.352 43.2495 35.5436 698.102 482.168 215.934 11.9396 18.4295
internal_count=2779 2728 2674 142 107 2532 1837 695 51 54
is_linear=0
shrinkage=0.04


Tree=79
num_leaves=12
num_cat=0
split_feature=0 6 6 20 20 19 1 13 2 19 10
split_gain=3.70012 4.61568 8.55133 6.11692 6.16364 7.70659 7.17235 4.96896 3.05064 2.82938 2.01045
threshold=8.3150000000000031 1.1175000000000004 1.1305000000000003 5.7796050121252547 4.78413029309342 16.385000000000002 0.80550000000000022 0.017750000000000005 2.0350000000000006 10.450000000000003 3.4450000000000007
decision_type=2 2 2 2 2 2 2 2 2 2 2
left_child=1 3 -3 4 5 -1 -6 -5 -4 -2 -9
right_child=9 2 8 7 6 -7 -8 10 -10 -11 -12
leaf_value=0.0017009771365187152 -0.0011167648021036208 -0.045924056314397894 0.011553557781133187 0 -0.031276953941647465 -0.026501725725010156 -0.0033843646941338458 0.053528009056865562 -0.020671320747449339 0.038398595605661542 0.013742934536770291
leaf_weight=622.33218147046864 4.188052121549843 8.9755750373005885 12.149526089429857 9.4972218647599238 19.563886344432831 14.878117658197878 56.205905951559544 5.917834743857382 6.3150848671793929 6.0462362207472324 5.1228015273809433
leaf_count=2282 31 16 37 30 43 37 170 28 16 72 17
internal_value=5.92258e-05 -0.000266469 -0.0160831 0.000335417 -0.00028755 0.000989449 -0.0110041 0.0213426 0 0.0228561 0.0384069
internal_weight=771.192 760.958 27.4402 733.518 712.98 637.21 75.7698 20.5379 18.4646 10.2343 11.0406
internal_count=2779 2676 69 2607 2532 2319 213 75 53 103 45
is_linear=0
shrinkage=0.04


Tree=80
num_leaves=24
num_cat=0
split_feature=0 15 20 0 4 0 15 0 5 0 1 10 4 12 4 9 20 9 9 10 18 15 20
split_gain=3.66497 11.2822 7.93733 12.1114 6.24824 6.19473 7.32655 5.56755 9.8445 6.19233 6.31053 5.89798 9.1856 5.05008 4.64585 4.37091 4.01548 3.92465 3.72832 3.69983 2.93847 2.52347 0.379886
threshold=3.7500000000000004 73.695000000000007 4.473447092353843 4.7350000000000012 10.375000000000002 4.8350000000000009 71.595000000000013 3.5150000000000001 12.035000000000002 3.2250000000000005 0.87750000000000006 2.0250000000000004 5.1750000000000007 2.2950000000000004 4.5450000000000008 11.595000000000001 4.9904481300834611 8.7850000000000019 16.030000000000005 3.7050000000000005 1.4582550000000003 68.830000000000013 2.604282000844393
decision_type=2 2 2 2 2 2 2 2 2 2 2 2 2 2 2 2 2 2 2 2 2 2 2
left_child=7 4 20 -4 13 21 -7 9 17 11 18 12 -1 -2 -13 -12 -5 -9 -11 -10 -3 -6 -22
right_child=1 2 3 16 5 6 -8 8 19 10 15 14 -14 -15 -16 -17 -18 -19 -20 -21 22 -23 -24
leaf_value=-0.00095289743691838241 0.042099388576386183 0.010428508941802804 0.04294302182469157 -0.041623891564733881 -0.043998484739538046 0.016611519379656454 -0.038421467461915222 -0.012266119143816076 -0.050528171227777946 0.018647961621730859 0.0038938939330148028 -0.018605274452692572 0.015388121668319731 -0.013450457167389428 -0.0029555311356133452 0.05419032468235007 0.0010798004463776309 0.040501762823582081 -0.023758667662159502 -0.010706270989899314 0.022270819335854869 -0.010463567828345472 0.047025032289244262
leaf_weight=212.90754523128271 5.6202218942344171 8.1788956895470637 5.9950203672051456 6.4430009201168996 9.6119530275464076 13.623599112033846 4.2472372632473698 3.1119392178952721 9.7996092587709445 5.6022700294852275 4.7638319656252843 33.075459495186806 72.82672106847167 3.4133819229900837 311.85887772589922 7.939584918320179 5.9281920939683914 4.0340988822281361 5.5956162214279175 7.6425507813692084 5.7996799200773266 7.7781724929809561 14.770527232438324
leaf_count=759 42 32 28 16 21 72 17 15 21 29 27 78 320 27 905 40 24 29 15 19 79 23 141
internal_value=5.55208e-05 0.00753952 0.0210084 0 -0.00675803 -0.0144907 0.00176535 -0.000949614 -0.0192574 -0.000221374 0.0193282 -0.00100436 0.00322327 0.0210637 -0.00452874 0.0375733 -0.0220119 0.0178556 -0.00209743 -0.03504 0.0337747 -0.0308188 0.0417726
internal_weight=770.568 91.4099 47.1153 18.3662 44.2946 35.261 17.8708 679.158 24.5882 654.57 23.9013 630.669 285.734 9.0336 344.934 12.7034 12.3712 7.14604 11.1979 17.4422 28.7491 17.3901 20.5702
internal_count=2779 522 320 68 202 133 89 2257 84 2173 111 2062 1079 69 983 67 40 44 44 40 252 44 220
is_linear=0
shrinkage=0.04


Tree=81
num_leaves=7
num_cat=0
split_feature=15 21 12 3 16 17
split_gain=3.63902 4.94073 4.09129 5.83395 5.35635 5.14301
threshold=56.725000000000009 2.0454091450627918 3.1150000000000007 5.1300000000000008 1.5350000000000004 0.43171499999999985
decision_type=2 2 2 2 2 2
left_child=-1 -2 3 5 -4 -3
right_child=1 2 4 -5 -6 -7
leaf_value=0.028155766404887143 -0.024052047361830423 0.0028960386356271166 -0.012998591415725071 -0.038034467394248671 0.040210224330985631 -0.0039394338750261245
leaf_weight=6.3085988759994498 12.654848545789717 442.08701532706618 3.7106644511222822 5.4498644694685927 7.8689809087663889 291.13551515713334
leaf_count=22 28 1595 12 30 123 969
internal_value=5.68351e-05 -0.0002016 0.000221528 -0.000152728 0.0228458 0.000169361
internal_weight=769.215 762.907 750.252 738.672 11.5796 733.223
internal_count=2779 2757 2729 2594 135 2564
is_linear=0
shrinkage=0.04


Tree=82
num_leaves=10
num_cat=0
split_feature=14 8 4 11 2 14 5 8 5
split_gain=3.57097 12.6616 6.45787 4.58161 9.34907 7.95925 7.81036 7.46988 7.17175
threshold=2.9250000000000003 2.7450000000000006 2.7100000000000004 2.3950000000000005 1.8250000000000004 3.3450000000000002 4.455000000000001 3.1950000000000007 5.0250000000000012
decision_type=2 2 2 2 2 2 2 2 2
left_child=1 -1 -2 4 6 -5 -4 -7 -6
right_child=2 -3 3 5 8 7 -8 -9 -10
leaf_value=-0.013558965662133375 -0.027539728109765425 0.048409432161927571 0.038839790197757629 -0.036735492608271671 -0.047544816081437763 0.028657558949031138 0.0070158906971321622 -0.0017082896607351124 -0.0027513176633396567
leaf_weight=9.9626625776290911 12.755273103713987 9.1769490092992765 12.955392017960547 9.1611104067414981 6.5734585225582114 12.262425534427164 128.91974496468902 541.27986058220267 25.809169035404921
leaf_count=29 31 60 56 39 14 48 459 1949 94
internal_value=5.36642e-05 0.0166844 -0.000381907 0.000113979 0.00577257 -0.00163131 0.0102294 -0.000970715 -0.0132356
internal_weight=768.856 19.1396 749.716 736.961 174.258 562.703 141.875 553.542 32.3826
internal_count=2779 89 2690 2659 623 2036 515 1997 108
is_linear=0
shrinkage=0.04


Tree=83
num_leaves=15
num_cat=0
split_feature=7 3 0 11 12 9 12 1 14 17 21 12 3 19
split_gain=3.60457 5.14939 4.37997 8.34169 7.12869 5.54812 5.53748 5.22308 8.26489 5.49656 3.78295 3.1755 2.71838 0.316751
threshold=1.9550000000000003 1.7850000000000004 1.7450000000000003 2.1550000000000007 3.1150000000000007 5.3350000000000009 1.3150000000000002 0.98650000000000004 2.9750000000000005 0.19341999999999993 4.0824812375567676 1.4650000000000001 1.8250000000000004 1.0500000000000003
decision_type=2 2 2 2 2 2 2 2 2 2 2 2 2 2
left_child=1 -1 7 5 6 -4 -5 8 12 -10 11 -9 -2 -7
right_child=2 -3 3 4 -6 13 -8 10 9 -11 -12 -13 -14 -15
leaf_value=0.039753440942881267 0.048201522873582037 -0.009490962188649657 -0.011569000178325382 -0.0067198310334060435 0.038770164636993565 0.01458390608551987 0.0037325223558708708 -0.010872804121401472 0.0049133309765031783 -0.0066927486214153828 -0.00086308450941232631 -0.045923761468778253 0.0079127451500689804 0.04554611979406601
leaf_weight=7.4922168105840665 5.4580202996730787 4.7634766101837158 3.3869022876024273 116.1836616024375 6.9617676381021729 2.7426986396312705 261.60095963999629 9.6239752769470268 90.8066615909338 221.35558776557446 12.380614280700682 9.1537772715091688 6.3668571263551712 10.235862981528042
leaf_count=32 26 13 16 340 119 15 1142 27 287 616 36 17 23 70
internal_value=5.06656e-05 0.0207378 -0.000300963 0.00254897 0.00129979 0.02969 0.000487637 -0.00354034 -0.00198012 -0.00328614 -0.0189487 -0.029822 0.0294411 0.0410867
internal_weight=768.513 12.2557 756.257 401.112 384.746 16.3655 377.785 355.145 323.987 312.162 31.1584 18.7778 11.8249 12.9786
internal_count=2779 45 2734 1702 1601 101 1482 1032 952 903 80 44 49 85
is_linear=0
shrinkage=0.04


Tree=84
num_leaves=23
num_cat=0
split_feature=0 15 8 11 0 6 13 6 2 13 9 0 20 14 9 10 15 20 12 8 6 4
split_gain=3.44068 10.565 8.61924 6.81137 8.45499 6.67148 5.97485 5.59952 10.7434 9.99123 11.9749 11.0866 9.51555 8.06347 7.09178 13.841 8.50442 5.54589 4.24563 3.80917 2.15953 2.07767
threshold=3.7500000000000004 73.695000000000007 26.745000000000001 5.4500000000000011 4.7350000000000012 1.0635000000000001 0.031150000000000001 1.0345000000000002 1.2350000000000001 0.036550000000000006 32.020000000000003 3.4850000000000008 3.1189931334205068 4.6450000000000005 11.145000000000001 2.6950000000000007 68.040000000000006 2.8762755085342175 1.0150000000000003 35.795000000000009 1.0225000000000002 11.985000000000001
decision_type=2 2 2 2 2 2 2 2 2 2 2 2 2 2 2 2 2 2 2 2 2 2
left_child=7 3 18 6 17 -6 -2 8 12 11 21 13 -1 -9 16 -16 -10 -5 -3 -4 -20 -11
right_child=1 2 19 4 5 -7 -8 9 14 10 -12 -13 -14 -15 15 -17 -18 -19 20 -21 -22 -23
leaf_value=0 0.044692555699204821 -0.0030058091092284552 -0.018166097651504093 -0.0022463712536693169 0.023232880768540878 -0.026378856650969857 -0.0087195982795837939 0.01990712676420086 0.0063160214745965537 0.021047260936249021 -0.0080773046107724296 -0.043971319569891962 0.057005768163106624 -0.0088918288444682098 0.028828384367219465 -0.0035234656329289592 -0.0068133691870090312 -0.051746852366481147 0.014044207248327707 0.020049510467911372 0.044958738252870847 0.061199661208593152
leaf_weight=8.3247753977775591 5.7079040538519603 4.116043962538245 9.8108928203582746 5.9591331705451038 10.355597944930198 5.9634229913353911 5.7545589506626129 15.945317041128872 120.87689563259482 6.442061588168146 14.021405279636381 12.60706717148423 9.353642672300337 178.22687586396933 36.747091602534056 46.868652485311031 221.6486250013113 10.39073610305786 6.8346545752137926 5.7197162602096787 19.890135807916522 5.9080157577991486
leaf_count=29 47 15 36 32 63 22 17 69 426 20 36 30 45 502 159 131 787 21 76 33 160 23
internal_value=5.52624e-05 0.00734566 0.0205226 -0.00647078 -0.0158286 0.00416514 0.0186878 -0.000916973 0.00170607 -0.00593025 0.0167353 -0.00892602 0.031404 -0.006396 0.000384683 0.0107725 -0.00215183 -0.0353356 0.0324692 -0.00324638 0.0381329 0.044
internal_weight=767.473 90.5028 46.3714 44.1314 32.6689 16.319 11.4625 676.97 443.82 233.151 26.3715 206.779 17.6784 194.172 426.141 83.6157 342.526 16.3499 30.8408 15.5306 26.7248 12.3501
internal_count=2779 522 320 202 138 85 64 2257 1577 680 79 601 74 571 1503 290 1213 53 251 69 236 43
is_linear=0
shrinkage=0.04


Tree=85
num_leaves=10
num_cat=0
split_feature=13 9 4 2 4 13 1 10 5
split_gain=3.40586 9.32503 4.2569 8.59297 7.47723 7.27215 10.0075 5.7709 1.19779
threshold=0.0056500000000000014 5.9250000000000007 2.7100000000000004 1.5950000000000004 2.8650000000000007 0.0070500000000000016 0.87250000000000016 1.8550000000000002 5.6950000000000012
decision_type=2 2 2 2 2 2 2 2 2
left_child=1 -1 3 -2 -4 6 -6 -7 -3
right_child=2 8 4 -5 5 7 -8 -9 -10
leaf_value=-0.0096217248957302746 -0.038847976375110255 0.0088390177114139341 0.047230313287360187 0.015112199655316499 0.015690217702849368 0.0071326055515212542 -0.034495831199418375 -0.0014411686157690163 0.049020706835353964
leaf_weight=10.770231924951078 11.539150089025499 2.574739392846821 4.3469478338956824 6.6192285716533652 8.1389512903988379 163.19125723838806 20.189658572897315 531.35890694893897 7.6596808414906263
leaf_count=39 26 11 20 23 34 663 66 1849 48
internal_value=6.22128e-05 0.0155808 -0.000384667 -0.0189983 9.45693e-05 -0.000242679 -0.019761 0.000569179 0.0413106
internal_weight=766.389 21.0047 745.384 18.1584 727.226 722.879 28.3286 694.55 10.2344
internal_count=2779 98 2681 49 2632 2612 100 2512 59
is_linear=0
shrinkage=0.04


Tree=86
num_leaves=10
num_cat=0
split_feature=0 14 4 2 8 1 4 10 7
split_gain=3.34687 4.24263 6.91337 7.94395 5.25915 6.62524 5.04543 4.92933 2.83893
threshold=8.3150000000000031 25.655000000000005 18.800000000000001 2.2350000000000008 20.855000000000004 0.89050000000000018 13.880000000000001 5.3400000000000007 19.005000000000003
decision_type=2 2 2 2 2 2 2 2 2
left_child=1 2 4 -4 6 -6 -1 -3 -2
right_child=8 7 3 -5 5 -7 -8 -9 -10
leaf_value=-2.5846535652773689e-05 -0.0018771185094122031 0.0051052787597842542 0.052233614001686059 -0.0037018302918751284 0.0042202193238848095 -0.027692406297565968 0.022226467716678813 -0.034651448418149065 0.038168679867372546
leaf_weight=666.85115779004991 4.1025520507246238 7.6018147468566921 7.6604621559381467 6.9521242752671242 17.159053310751915 23.243540406227112 15.694135539233683 11.037983298301695 5.7529930099844933
leaf_count=2403 38 23 32 23 52 56 65 22 65
internal_value=6.3814e-05 -0.000241978 0.000235584 0.0265766 -0.000321759 -0.0141713 0.000505877 -0.0185959 0.0221246
internal_weight=766.056 756.2 737.56 14.6126 722.948 40.4026 682.545 18.6398 9.85555
internal_count=2779 2676 2631 55 2576 108 2468 45 103
is_linear=0
shrinkage=0.04


Tree=87
num_leaves=7
num_cat=0
split_feature=15 15 12 3 3 17
split_gain=3.36295 4.71183 5.73794 5.04562 4.82425 1.45092
threshold=56.725000000000009 58.140000000000008 3.3550000000000004 5.1300000000000008 3.3750000000000004 0.070530000000000079
decision_type=2 2 2 2 2 2
left_child=-1 -2 3 4 -3 -4
right_child=1 2 5 -5 -6 -7
leaf_value=0.027092859949757745 -0.027136787970858132 -0.00035994519671413491 -0.0019049552321894758 -0.035001761037833951 0.021820670691768868 0.039526741045635437
leaf_weight=6.299165576696395 9.2427538186311704 722.03099977783859 1.1087732482701529 5.6041557770222417 15.033344767987726 6.3540983032435179
leaf_count=22 22 2492 10 33 106 94
internal_value=6.38029e-05 -0.000185224 0.000171896 -0.000190341 0.000110569 0.0329281
internal_weight=765.673 759.374 750.131 742.669 737.064 7.46287
internal_count=2779 2757 2735 2631 2598 104
is_linear=0
shrinkage=0.04


Tree=88
num_leaves=14
num_cat=0
split_feature=7 0 11 12 9 12 1 14 8 17 19 20 19
split_gain=3.31168 4.08822 7.89126 6.5136 5.51514 4.92761 4.79834 5.47378 5.9547 5.23445 3.65016 2.88711 0.402115
threshold=1.9550000000000003 1.7450000000000003 2.1550000000000007 3.1150000000000007 5.2550000000000008 1.3150000000000002 0.99150000000000016 2.9750000000000005 2.6800000000000002 0.19341999999999993 2.3812500000000005 3.3436043013214038 0.99750000000000039
decision_type=2 2 2 2 2 2 2 2 2 2 2 2 2
left_child=11 6 4 5 -3 -4 7 8 -2 -9 -8 -1 -6
right_child=1 2 3 -5 12 -7 10 9 -10 -11 -12 -13 -14
leaf_value=0.034320070502348171 -0.0044214523389528842 -0.012373521824285357 -0.006285891366977654 0.038143806947418021 0.013053668068097123 0.003588835140738854 -0.032640682472796986 0.0047311610159554316 0.047348909238105891 -0.0064610936801561382 -0.0026270137550654239 -0.002744609853475204 0.045022406447333588
leaf_weight=7.3377780020236951 6.0977766066789609 3.3029599189758327 115.8969699665904 6.5238506458699694 2.5880353003740302 260.36264802142978 14.215631306171419 93.998070240020752 6.3397360593080521 221.11215579509735 12.718755155801771 4.7790246605873108 10.186563059687613
leaf_count=30 18 15 340 119 14 1142 31 297 32 616 38 15 72
internal_value=6.20099e-05 -0.000274098 0.0024894 0.00127722 0.0291166 0.000517378 -0.00340433 -0.00201338 0.0229318 -0.00309271 -0.0193556 0.0199966 0.0405444
internal_weight=765.46 753.343 398.861 382.783 16.0776 376.26 354.482 327.548 12.4375 315.11 26.9344 12.1168 12.7746
internal_count=2779 2734 1702 1601 101 1482 1032 963 50 913 69 45 86
is_linear=0
shrinkage=0.04


Tree=89
num_leaves=24
num_cat=0
split_feature=3 1 8 4 15 15 19 4 12 1 21 6 7 1 3 11 0 11 19 15 11 17 7
split_gain=3.49702 14.6977 12.6551 13.6093 14.4577 12.949 16.014 11.7447 10.1188 12.5805 8.9435 13.2065 8.67336 7.88298 7.19995 11.3735 7.10507 11.3286 5.74815 5.41011 5.09918 3.66469 2.23493
threshold=1.6850000000000003 0.79550000000000021 11.115 5.495000000000001 78.205000000000013 84.565000000000012 5.9600000000000017 10.585000000000003 1.1150000000000004 0.8045000000000001 5.9124802842507602 1.0475000000000001 6.1350000000000007 0.88950000000000007 2.2850000000000006 6.0850000000000009 3.1250000000000004 5.5600000000000014 4.6612500000000008 67.885000000000005 2.3950000000000005 1.0641000000000003 11.775
decision_type=2 2 2 2 2 2 2 2 2 2 2 2 2 2 2 2 2 2 2 2 2 2 2
left_child=1 10 3 4 -3 7 -7 -4 13 14 11 19 -5 22 15 -10 20 -18 -15 -1 -11 -16 -2
right_child=8 2 5 12 -6 6 -8 -9 9 16 -12 -13 -14 18 21 -17 17 -19 -20 -21 -22 -23 -24
leaf_value=0.0059749406010869022 -0.047289042621626615 0.014600478666925921 -0.024126556206521665 0.051123890879821464 -0.010925330954182955 0.045073700862374597 -0.0148347950368406 0.0027892300352260835 0.015656535331911324 0.0052100716340507218 -0.036090642595755007 0.034020339725491476 0.017654703397863857 -0.022497325904967266 0.016762200319935174 -0.032434229360197894 0.025878209620063257 -0.0079489771045453874 0.020493838799089396 -0.022037705597955228 -0.0124033938970671 0.050932890715610302 -0.015367652915629922
leaf_weight=14.756899088621138 13.875310879200699 91.162585042417049 49.99020117521286 16.472005695104599 56.530771911144257 15.852178663015367 11.450053244829176 51.466322548687458 32.542807221412659 31.147571489214897 19.124400645494461 10.319222792983053 55.586038060486317 9.2981467954814452 14.865709669888021 9.2425459921359998 26.673553854227066 35.750322630628943 8.5818422362208349 35.324106901884079 137.62958619371057 9.3689749501645547 7.4868030473589888
leaf_count=45 29 342 123 80 178 64 32 157 125 116 39 36 208 25 72 21 202 206 32 93 455 79 20
internal_value=6.61587e-05 0.00247245 0.00603227 0.0118564 0.00476871 -0.00386087 0.0200301 -0.0105008 -0.00296958 -0.000392161 -0.01291 -0.0049718 0.0260101 -0.0217974 0.0148466 0.00432286 -0.00482328 0.00655927 -0.00144661 -0.0136715 -0.00909419 0.0317843 -0.0376468
internal_weight=764.498 428.035 348.51 219.751 147.693 128.759 27.3022 101.457 336.463 297.221 79.5246 60.4002 72.058 39.2421 66.02 41.7854 231.201 62.4239 17.88 50.081 168.777 24.2347 21.3621
internal_count=2779 1397 1184 808 520 376 96 280 1382 1276 213 174 288 106 297 146 979 408 57 138 571 151 49
is_linear=0
shrinkage=0.04


Tree=90
num_leaves=11
num_cat=0
split_feature=15 15 19 5 4 19 13 2 19 17
split_gain=3.31075 5.15632 4.70379 10.251 7.2112 6.23077 8.71082 8.3978 4.04855 2.25378
threshold=94.470000000000013 92.120000000000019 -0.11250000000000014 8.7650000000000023 5.1950000000000012 2.3812500000000005 0.010750000000000001 1.425 1.9000000000000004 0.40010000000000007
decision_type=2 2 2 2 2 2 2 2 2 2
left_child=1 2 3 -1 -5 7 -7 -4 -3 -2
right_child=9 8 5 4 -6 6 -8 -9 -10 -11
leaf_value=0.052684094300826802 0.036096528928019837 0 0.0038517627342881011 -0.018656878162581818 0.017376170381827413 0.015292467802104328 -0.00017139175836354857 -0.012344676161907514 -0.036264202370974406 0.00065653628160738432
leaf_weight=7.4372833222150794 5.7937886063009483 8.0927763879299182 81.223855942487717 13.524569392204283 21.681963905692101 66.775105418637395 409.22579821385443 133.22801740095019 10.199694760143755 5.8617872763425112
leaf_count=35 30 25 265 33 74 348 1489 430 29 21
internal_value=6.83991e-05 -0.000262467 0.000263586 0.0130065 0.00318016 -0.000529545 0.00200867 -0.00618372 -0.0206804 0.0203655
internal_weight=763.045 751.389 733.097 42.6438 35.2065 690.453 476.001 214.452 18.2925 11.6556
internal_count=2779 2728 2674 142 107 2532 1837 695 54 51
is_linear=0
shrinkage=0.04


Tree=91
num_leaves=17
num_cat=0
split_feature=13 3 8 13 7 18 18 3 12 3 2 2 6 3 18 12
split_gain=3.19779 5.81078 9.44269 3.78514 12.1976 7.77433 10.5588 7.51798 4.42723 9.02355 17.0268 11.2536 8.85021 6.73805 2.84218 0.872477
threshold=0.0056500000000000014 1.4150000000000003 2.6350000000000002 0.007150000000000001 2.6150000000000007 1.4882800000000003 1.7540900000000004 1.4750000000000003 2.0350000000000006 1.5650000000000002 1.3650000000000004 1.405 1.0745000000000002 1.5950000000000004 1.5699150000000002 2.3250000000000006
decision_type=2 2 2 2 2 2 2 2 2 2 2 2 2 2 2 2
left_child=1 -1 -3 4 -2 7 -7 -6 9 10 -5 -11 13 -10 -14 -4
right_child=3 2 15 8 5 6 -8 -9 12 11 -12 -13 14 -15 -16 -17
leaf_value=-0.016607695385080116 0.035687644820931889 -0.025287364527678942 0.052041072991815124 -0.0057905709685914667 -0.027664364099624496 -0.063221386315142528 -0.0054746861786395817 0.025485037839777683 -0.0081387599527407636 0.017856356436355438 0.01294165450947515 -0.0088795361349543085 -0.038564298824633449 0.01707406274805702 -0.00058386514490189033 0.016692683839186193
leaf_weight=5.6321011781692532 6.2036263644695273 3.2800644040107718 8.2209541574120504 152.42631334811449 6.9687579721212378 10.362841859459879 10.113406121730803 8.1322444677352888 20.437202028930187 26.851247012615204 155.64374727010727 253.54212474450469 6.686096638441084 78.418816355988383 6.1426462829113007 3.6128442622721186
leaf_count=17 27 8 41 457 18 23 44 35 69 95 536 837 16 492 32 32
internal_value=7.00579e-05 0.0151979 0.0278417 -0.00036207 -0.0119177 -0.0211862 -0.0366552 0.000266131 0.000332112 -0.00104517 0.00365873 -0.00623644 0.00760485 0.0117522 -0.0223143 0.0440142
internal_weight=762.675 20.746 15.1139 741.929 41.7809 35.5773 20.4762 15.101 700.148 588.463 308.07 280.393 111.685 98.856 12.8287 11.8338
internal_count=2779 98 81 2681 147 120 67 53 2534 1925 993 932 609 561 48 73
is_linear=0
shrinkage=0.04


Tree=92
num_leaves=12
num_cat=0
split_feature=15 1 15 0 10 11 7 17 11 4 1
split_gain=3.12057 4.8481 4.7441 4.39218 7.73161 5.74012 5.66267 5.13246 4.82714 4.47701 3.99091
threshold=94.470000000000013 0.81450000000000011 92.120000000000019 2.2250000000000005 1.8250000000000004 5.8850000000000007 1.9550000000000003 0.20513500000000007 7.6550000000000011 4.3350000000000009 0.92450000000000021
decision_type=2 2 2 2 2 2 2 2 2 2 2
left_child=2 -2 3 5 9 6 -1 -6 -7 -5 -4
right_child=1 -3 10 4 7 8 -8 -9 -10 -11 -12
leaf_value=0.027032057287084316 -0.0095972833951432253 0.039173318931825289 -0.003502745593162613 -0.0026820499491627715 0.013061518096750425 -0.029037771429079862 -0.0015180253912873169 -0.00066290360777346042 0.001860047761442844 0.041859293955286064 -0.041670934050830527
leaf_weight=10.391758784651755 4.613753139972685 6.9419804494827986 11.369950454682114 4.3651906661689308 55.826677223667502 20.959328770637512 433.71102450788021 182.93843341059983 11.890918359160422 12.175622217357157 6.9626523479819289
leaf_count=42 13 38 38 33 268 46 1343 773 34 135 16
internal_value=6.5396e-05 0.0198504 -0.000254567 0.000250675 0.00448465 -0.00200361 -0.000772765 0.00255379 -0.0178927 0.0301658 -0.0198183
internal_weight=762.147 11.5557 750.592 732.259 255.306 476.953 444.103 238.765 32.8502 16.5408 18.3326
internal_count=2779 51 2728 2674 1209 1465 1385 1041 80 168 54
is_linear=0
shrinkage=0.04


Tree=93
num_leaves=20
num_cat=0
split_feature=17 17 3 2 20 8 14 20 12 12 8 5 12 6 11 12 20 12 19
split_gain=3.11161 5.2603 11.2403 12.0603 7.36717 10.2303 8.93728 6.86615 6.53114 12.3239 11.4699 9.51969 8.29588 5.20308 4.92184 7.77972 10.8889 6.69599 3.65867
threshold=1.0000000180025095e-35 0.19341999999999993 1.5850000000000002 1.5950000000000004 2.9267310779231099 6.535000000000001 3.4450000000000007 4.843848786315883 1.8750000000000002 1.8150000000000002 4.7150000000000007 5.0250000000000012 1.9150000000000003 1.0225000000000002 1.925 1.1050000000000002 4.2153478079953377 1.5750000000000004 4.3962500000000011
decision_type=2 2 2 2 2 2 2 2 2 2 2 2 2 2 2 2 2 2 2
left_child=14 2 3 7 6 -6 -4 -2 9 11 18 -3 -12 -11 -1 -16 17 -17 -10
right_child=1 8 4 -5 5 -7 -8 -9 10 13 12 -13 -14 -15 15 16 -18 -19 -20
leaf_value=0.020303244585380326 0.015795439622692874 -0.024502775550517525 -0.017212136434944684 0.054957523855715618 -0.035362529622495573 0.00023345059781822655 0.022910901170507075 -0.011974958738209597 0.037659721059801539 -0.0077033862430329614 0.039324288881882649 -0.00034020199949490361 -0.0022524749913183408 -0.049544139895442055 -0.043846560992529426 0.010558916275468224 0.047193288903782833 -0.030905029882726077 -0.0021007764919918951
leaf_weight=6.2238074243068686 72.679002948105335 27.321368083357811 12.285516683012245 10.24986822158098 19.696321956813335 33.170804895460606 25.456261444836855 16.544290602207184 19.682246789336208 8.9925406835973281 7.2673998326063147 341.36279711872339 105.59011311084032 11.962115675210951 10.177466720342634 9.1498576812446171 4.4359447136521331 15.083194773644207 3.9301878213882437
leaf_count=25 283 74 47 50 52 135 127 47 102 34 34 1061 540 26 20 33 23 47 19
internal_value=6.39103e-05 0.000721542 0.00641365 0.0156456 -0.00369432 -0.0132901 0.0095366 0.0104818 -0.00132809 -0.00397707 0.00615079 -0.00221385 0.000676442 -0.0331216 -0.0100014 -0.0154451 -0.00395497 -0.0151341 0.0309003
internal_weight=761.261 716.191 190.082 99.4732 90.6089 52.8671 37.7418 89.2233 526.109 389.639 136.47 368.684 112.858 20.9547 45.0703 38.8465 28.669 24.2331 23.6124
internal_count=2779 2631 741 380 361 187 174 330 1890 1195 695 1135 574 60 148 123 103 80 121
is_linear=0
shrinkage=0.04


Tree=94
num_leaves=15
num_cat=0
split_feature=0 9 0 13 3 0 0 0 9 10 18 10 7 6
split_gain=3.13153 3.96163 4.36305 8.28803 9.4957 6.97438 6.57044 3.7529 3.67075 5.41379 8.13708 2.94617 2.73378 2.18764
threshold=8.3150000000000031 30.895000000000003 2.7150000000000003 0.07110000000000001 1.4650000000000001 2.6350000000000002 2.5050000000000003 2.6550000000000007 45.685000000000009 3.7950000000000004 1.3733400000000002 5.3400000000000007 19.005000000000003 1.1175000000000004
decision_type=2 2 2 2 2 2 2 2 2 2 2 2 2 2
left_child=1 2 5 4 -4 6 -1 -7 9 10 -3 -10 -2 -11
right_child=12 8 3 -5 -6 7 -8 -9 11 13 -12 -13 -14 -15
leaf_value=-0.00098560651901898467 -0.0019195517988677135 -0.022180209476547336 0.028365142174451775 -0.043765253646846428 0.0030407913948732024 -0.04589577068949776 0.028562364530668072 -0.0042921666058382399 0.025442104552449583 -0.013447595420767112 0.039233795839837778 -0.010009727675933156 0.037752548069878177 -0.038226336578750401
leaf_weight=523.51544787362218 4.0389056913554651 6.6846884936094266 29.222084917128086 4.0247272700071326 115.69340507499874 7.3572336509823781 11.318152684718369 7.1187870427966118 6.1609883680939657 14.978703156113626 5.2180339470505714 6.6569489985704422 5.545313086360693 12.880555614829062
leaf_count=1678 38 16 116 7 619 18 59 32 23 40 26 17 65 25
internal_value=6.25862e-05 -0.000231137 0.000561525 0.00661721 0.00836165 -0.00107492 -0.000293245 -0.0275529 -0.0107208 -0.0166814 0.00507715 0.00705942 0.0216766 -0.0261087
internal_weight=760.414 750.83 698.25 148.94 144.915 549.31 534.834 14.476 52.5799 39.762 11.9027 12.8179 9.58422 27.8593
internal_count=2779 2676 2529 742 735 1787 1737 50 147 107 42 40 103 65
is_linear=0
shrinkage=0.04


Tree=95
num_leaves=7
num_cat=0
split_feature=15 15 12 3 15 9
split_gain=3.0333 4.22374 4.99442 4.83565 4.42454 1.65065
threshold=56.725000000000009 58.140000000000008 3.3550000000000004 5.1300000000000008 59.310000000000009 4.0550000000000006
decision_type=2 2 2 2 2 2
left_child=-1 -2 3 4 -3 -4
right_child=1 2 5 -5 -6 -7
leaf_value=0.025768531779126035 -0.025726458298154852 0.02798479106272405 -0.0069813553983372328 -0.034266043116250519 -0.00020784436239510394 0.038638684660797284
leaf_weight=6.2760840356349936 9.2186934351921064 8.0147997885942441 0.87059863284230132 5.5970662143081418 723.64218838512897 6.0592427533119917
leaf_count=22 22 32 4 33 2566 100
internal_value=5.77286e-05 -0.00017972 0.000160108 -0.000168493 0.000127842 0.0317409
internal_weight=759.679 753.403 744.184 737.254 731.657 6.92984
internal_count=2779 2757 2735 2631 2598 104
is_linear=0
shrinkage=0.04


Tree=96
num_leaves=13
num_cat=0
split_feature=0 9 3 3 3 0 9 10 18 21 10 19
split_gain=2.99764 3.67734 4.05679 6.34325 6.13071 4.72102 3.4322 5.06003 7.64865 6.49514 2.74917 2.54415
threshold=8.3150000000000031 30.895000000000003 4.5950000000000006 3.3750000000000004 2.7150000000000003 1.3150000000000002 45.685000000000009 3.7950000000000004 1.3733400000000002 5.5795282804744932 5.3400000000000007 10.450000000000003
decision_type=2 2 2 2 2 2 2 2 2 2 2 2
left_child=1 2 3 4 -1 -5 7 8 -3 -9 -8 -2
right_child=11 6 -4 5 -6 -7 10 9 -10 -11 -12 -13
leaf_value=0.0012356149089889576 -0.0012966198274471969 -0.021496420036340398 -0.030004674242688247 -0.011710872518771315 -0.01495896964964012 0.039623670822657102 0.024576857949938469 -0.0021472706591908071 0.038238362694435993 -0.041602412208941404 -0.0096617280037210214 0.037138354127503756
leaf_weight=639.94595788791776 4.0512021593749505 6.6513473540544492 5.8784121107310048 3.0480414330959311 38.700166687369347 10.204316681250928 6.1600790694355947 12.117031943053009 5.1651437804102898 15.577393278479574 6.6512622386217117 5.3956645037978888
leaf_count=2230 31 16 34 8 166 91 23 35 26 30 17 72
internal_value=5.61704e-05 -0.000229337 0.000532723 0.000846645 0.000279688 0.0272622 -0.0103617 -0.0161575 0.00493649 -0.025295 0.00680946 0.0213437
internal_weight=759.546 750.099 697.777 691.898 678.646 13.2524 52.3223 39.5109 11.8165 27.6944 12.8113 9.44687
internal_count=2779 2676 2529 2495 2396 99 147 107 42 65 40 103
is_linear=0
shrinkage=0.04


Tree=97
num_leaves=12
num_cat=0
split_feature=15 15 19 1 13 19 13 2 13 1 21
split_gain=2.95931 4.40042 4.31333 8.60136 13.4718 5.55292 7.9842 7.34681 5.07396 4.30454 3.74825
threshold=94.470000000000013 92.120000000000019 -0.11250000000000014 0.94650000000000001 0.017350000000000001 2.3812500000000005 0.010750000000000001 1.425 0.017050000000000006 0.81450000000000011 6.896482437540115
decision_type=2 2 2 2 2 2 2 2 2 2 2
left_child=1 2 3 4 -1 7 -7 -4 -5 -2 -3
right_child=9 10 5 8 -6 6 -8 -9 -10 -11 -12
leaf_value=0.059813969516023184 -0.0083017929399909415 -0.00080956430809225443 0.0035311459501004738 -0.027238823237006292 0.0023893848092277907 0.014683281542993552 -0.00020885331803228467 -0.01164259621220737 0.016948838905924326 0.03789313450103151 -0.037049720779961
leaf_weight=10.222751319408419 4.5879903286695463 9.7804907783865946 80.857132740318775 9.7959152311086637 16.60684397816658 65.899464728310704 407.35176815092564 132.8652673214674 5.6836194247007361 6.7927981503307819 8.5008868183940631
leaf_count=47 13 32 265 25 51 348 1489 430 19 38 22
internal_value=5.29738e-05 -0.000257354 0.000230167 0.0124814 0.0259201 -0.000529776 0.00187457 -0.00587498 -0.010485 0.0194578 -0.0191238
internal_weight=758.945 747.564 729.283 42.3091 26.8296 686.974 473.251 213.722 15.4795 11.3808 18.2814
internal_count=2779 2728 2674 142 98 2532 1837 695 44 51 54
is_linear=0
shrinkage=0.04


Tree=98
num_leaves=13
num_cat=0
split_feature=13 3 15 4 2 3 2 13 11 18 11 2
split_gain=2.9216 5.47037 8.41125 3.99512 8.07519 4.55682 11.9359 17.5085 11.5522 7.791 7.60134 1.0345
threshold=0.0056500000000000014 1.4150000000000003 71.675000000000026 2.7100000000000004 1.5950000000000004 1.5750000000000004 1.3650000000000004 0.019550000000000001 1.8150000000000002 1.0581550000000002 1.5750000000000004 1.3750000000000002
decision_type=2 2 2 2 2 2 2 2 2 2 2 2
left_child=1 -1 -3 4 -2 6 8 -8 -5 -7 -11 -4
right_child=3 2 11 5 -6 9 7 -9 -10 10 -12 -13
leaf_value=-0.016136711875141173 -0.037691272616134142 -0.023111971933029243 0.012003718850438183 0.026532041628095335 0.01485653479502721 0.031928652359205674 0.023955463199970373 -0.0011674422922855259 -0.0080405528513984355 -0.033698220102757165 -0.0026752463617631499 0.049748015279101165
leaf_weight=5.6313053071498897 11.486692652106287 3.260463409125804 2.9081159085035315 16.259489230811596 6.5204247385263434 9.0000945627689344 82.853816024959087 92.889875575900078 143.81889198720455 12.17470597475767 363.01713185012341 8.6498272530734521
leaf_count=17 26 9 12 64 23 35 332 277 426 31 1467 60
internal_value=5.36242e-05 0.0146154 0.0270889 -0.000358272 -0.0184621 0.000108377 0.00351714 0.0106999 -0.00433636 -0.00285185 -0.00379009 0.0426003
internal_weight=758.471 20.4497 14.8184 738.021 18.0071 720.014 335.822 175.744 160.078 384.192 375.192 11.5579
internal_count=2779 98 81 2681 49 2632 1099 609 490 1533 1498 72
is_linear=0
shrinkage=0.04


Tree=99
num_leaves=12
num_cat=0
split_feature=14 15 4 13 5 14 12 0 4 11 0
split_gain=2.9713 9.13369 5.46337 4.04457 3.96854 9.37283 6.71514 4.68488 10.2155 8.71062 2.34636
threshold=2.9250000000000003 68.625000000000014 2.7100000000000004 0.004850000000000001 4.5200000000000005 4.035000000000001 2.1550000000000007 1.1950000000000001 4.8450000000000006 1.8150000000000002 1.3350000000000002
decision_type=2 2 2 2 2 2 2 2 2 2 2
left_child=1 -1 -2 -3 5 6 -4 8 -6 -9 -7
right_child=2 3 4 -5 7 10 -8 9 -10 -11 -12
leaf_value=-0.020825077469466019 -0.025381474489604944 0 0.016200296438257523 0.049369615358722141 -0.02192763299710853 0.054281954521699476 -0.034331749242075722 0.020188334712495398 0.0047944595308843842 -0.00037880341105252734 0.014069808229530004
leaf_weight=6.2565519809722927 12.686026498675345 3.8249962888658038 8.423526808619501 8.2758411560207588 46.000349700450897 6.82806448638439 6.5247814506292334 33.909539543092251 43.285543695092201 576.34631621837616 5.5514666885137558
leaf_count=18 31 19 33 52 113 31 17 138 123 2180 24
internal_value=5.33844e-05 0.0155329 -0.000340504 0.0350966 0.000119814 0.0148061 -0.00612447 -0.000462808 -0.00897462 0.000782102 0.0392466
internal_weight=757.913 18.3574 739.556 12.1008 726.87 27.3278 14.9483 699.542 89.2859 610.256 12.3795
internal_count=2779 89 2690 71 2659 105 50 2554 236 2318 55
is_linear=0
shrinkage=0.04


Tree=100
num_leaves=22
num_cat=0
split_feature=0 15 8 11 0 21 18 7 0 6 1 0 15 3 15 15 2 18 11 8 14
split_gain=2.97196 9.72896 7.60341 6.05126 7.54686 8.83291 6.04974 4.95382 4.80754 6.19998 7.72025 5.45853 5.98443 5.26574 4.22613 4.13645 4.0041 3.75343 3.06145 2.91955 2.38443
threshold=3.7500000000000004 73.695000000000007 26.745000000000001 5.4500000000000011 4.7350000000000012 5.1411707827896942 1.1804150000000002 12.595000000000001 3.5150000000000001 1.0345000000000002 0.87150000000000005 3.2250000000000005 83.435000000000016 2.6250000000000004 94.470000000000013 61.915000000000006 2.3650000000000007 1.9913049999999999 2.9850000000000008 35.795000000000009 14.115000000000002
decision_type=2 2 2 2 2 2 2 2 2 2 2 2 2 2 2 2 2 2 2 2 2
left_child=8 3 18 6 7 -6 -2 -5 11 10 -10 14 13 -13 15 -1 -8 -4 -3 -19 -20
right_child=1 2 17 4 5 -7 16 -9 9 -11 -12 12 -14 -15 -16 -17 -18 19 20 -21 -22
leaf_value=0.0094838934673243998 -0.034980920969435572 -0.0045177082933439963 -0.021519676457020957 -0.0042538953353424679 0.024518236013253005 -0.034283246467998719 0.049232886076821802 -0.050634682843446133 -0.022934134464566543 -0.033678036851703647 0.04295350207598525 0.044736165854585973 -0.0085141630380064538 -0.0062688911888146457 0.025428932808869691 -0.0023257422581570019 -0.0008301387003575157 -0.0048567800343233226 0.023584595397661126 0.039647280748177985 0.05268026090526922
leaf_weight=50.646823570132256 1.8274492174386967 2.8066320270299938 7.609652675688265 6.5515563841909197 10.743608471006153 5.2368795219808808 5.7719274908304197 9.6465508937835676 5.3703096099197882 14.581403482705353 4.0965590141713619 11.700018934905531 7.8647488653659812 3.6973431706428519 8.5751394778490049 563.02551859617233 3.5604804363101721 4.2787223495543003 17.397829931229357 3.2477762158960104 9.269943602383135
leaf_count=168 5 17 20 32 63 22 33 21 20 36 28 59 33 19 36 1858 26 22 189 27 45
internal_value=5.49191e-05 0.00693479 0.0198908 -0.0063689 -0.0152236 0.00389341 0.0176572 -0.0336786 -0.000845842 -0.0180425 0.00619264 -0.000165894 0.0184331 0.0323651 -0.000902498 -0.00132423 0.0311269 -0.00263395 0.0314274 0.0158066 0.0355261
internal_weight=757.507 87.949 44.6106 43.3385 32.1786 15.9805 11.1599 16.1981 669.558 24.0483 9.46687 645.51 23.2621 15.3974 622.247 613.672 9.33241 15.1362 29.4744 7.5265 26.6678
internal_count=2779 522 320 202 138 85 64 53 2257 84 48 2173 111 78 2062 2026 59 69 251 49 234
is_linear=0
shrinkage=0.04


Tree=101
num_leaves=14
num_cat=0
split_feature=18 18 18 1 3 16 3 3 12 14 1 12 13
split_gain=2.86925 8.20331 10.6463 6.7956 6.63763 10.889 6.57316 5.38411 10.1425 9.73856 5.32118 7.66119 0.234053
threshold=1.0214400000000003 1.0907200000000004 1.1114800000000002 0.86450000000000016 1.4850000000000001 1.6150000000000004 1.2250000000000003 1.5850000000000002 1.1150000000000004 11.630000000000001 0.79050000000000009 1.5450000000000002 0.012750000000000003
decision_type=2 2 2 2 2 2 2 2 2 2 2 2 2
left_child=4 6 3 -3 5 -1 -2 9 -9 -4 11 -8 -12
right_child=1 2 7 -5 -6 -7 10 8 -10 -11 12 -13 -14
leaf_value=0.0074799018740242043 -0.0051517763548619682 -0.041323294010734007 0.010178434473358387 0.0048425876503442765 0.016011598474142245 -0.039772759601435809 0.037801915573014322 -0.020050253960078229 -3.2895865815490872e-05 -0.0053608513914568034 0.028164973503795668 -0.019236035511929556 0.062141305324273248
leaf_weight=12.802069187164308 11.077077701687811 15.131201565265657 184.82560171559453 6.7528286576271048 10.305102020502089 17.115483269095421 7.1373294740915316 45.244481083005667 332.60158852115273 97.335935093462467 4.6713339388370496 5.9627081006765366 5.7352288365364075
leaf_count=39 31 33 687 22 36 35 28 123 1411 272 20 16 26
internal_value=5.60664e-05 0.000656097 -0.000308964 -0.027139 -0.0101947 -0.0197061 0.0193831 0.000608256 -0.00249755 0.00478967 0.0310096 0.0117497 0.0513975
internal_weight=756.698 716.475 681.892 21.884 40.2227 29.9176 34.5837 660.008 377.846 282.162 23.5066 13.1 10.4066
internal_count=2779 2669 2548 55 110 74 121 2493 1534 959 90 44 46
is_linear=0
shrinkage=0.04


Tree=102
num_leaves=19
num_cat=0
split_feature=17 17 7 17 20 7 12 12 8 5 4 6 21 6 10 14 7 19
split_gain=2.83386 4.55251 9.73194 7.90544 11.4873 6.0512 5.79501 11.298 10.5603 8.89438 8.10439 4.71598 4.54223 6.92965 6.52336 3.63675 2.52591 1.45266
threshold=1.0000000180025095e-35 0.19341999999999993 15.475000000000003 0.13383500000000001 4.843848786315883 13.990000000000002 1.8750000000000002 1.8150000000000002 4.7150000000000007 5.0250000000000012 4.0750000000000011 1.0225000000000002 2.9501893922072506 1.0415000000000003 1.5450000000000002 3.5350000000000006 10.020000000000001 2.8850000000000002
decision_type=2 2 2 2 2 2 2 2 2 2 2 2 2 2 2 2 2 2
left_child=12 2 3 5 -5 -2 7 9 15 -3 -10 -9 -1 14 -14 -8 -16 -15
right_child=1 6 -4 4 -6 -7 8 11 10 -11 -12 -13 13 17 16 -17 -18 -19
leaf_value=-0.036520288011382636 0.0010122326088569057 -0.023559325313295673 0.051780936627929312 0.026571579925355956 -0.023730946922131967 -0.038406818666883433 0.0095373348855823086 -0.0072670870898658944 -0.028518612680658043 -0.00020416780453754959 0.0045635307253715732 -0.04720595448574659 -0.016336236695546291 -0.0069888868572086328 0.043265530228160744 0.043396397109147423 0.0047140148297767255 -0.03170154955381748
leaf_weight=7.2820567786693564 128.53786947764456 27.331579744815826 6.1883764695376149 40.200624004006386 7.8369032591581336 5.536533720791339 10.201895099133255 8.936427831649782 12.419578909873961 339.64639362692833 99.537774901837111 12.001611456274984 6.8930494636297253 8.965578958392145 7.29652016982436 12.98045141994953 5.204852033406496 9.0029583573341352
leaf_count=18 489 74 35 182 21 14 51 34 34 1061 540 26 24 26 36 70 21 23
internal_value=5.55425e-05 0.000685059 0.0060082 0.00413481 0.0178854 -0.000828617 -0.00122382 -0.00372056 0.00585896 -0.00202464 0.000602878 -0.0316328 -0.00959492 -0.00332345 0.0127123 0.0298374 0.0293454 -0.0208112
internal_weight=756.001 711.356 188.3 182.112 48.0375 134.074 523.056 387.916 135.14 366.978 111.957 20.938 44.645 37.363 19.3944 23.1823 12.5014 17.9685
internal_count=2779 2631 741 706 203 503 1890 1195 695 1135 574 60 148 130 81 121 57 49
is_linear=0
shrinkage=0.04


Tree=103
num_leaves=21
num_cat=0
split_feature=0 15 0 20 4 15 15 12 0 6 1 0 13 20 17 12 10 13 10 3
split_gain=2.85127 9.13089 7.12121 11.0953 5.0554 5.83294 8.45759 4.65268 4.42845 5.78076 7.25453 5.11324 5.68853 9.65588 4.45326 4.03986 4.01857 8.34582 4.78594 3.51856
threshold=3.7500000000000004 73.695000000000007 5.1950000000000012 4.473447092353843 10.375000000000002 64.865000000000023 71.195000000000007 2.2950000000000004 3.5150000000000001 1.0345000000000002 0.87150000000000005 3.2250000000000005 0.016550000000000006 3.408747508345042 0.72417000000000009 1.1650000000000003 2.0250000000000004 0.012050000000000002 2.3950000000000005 2.0750000000000006
decision_type=2 2 2 2 2 2 2 2 2 2 2 2 2 2 2 2 2 2 2 2
left_child=8 4 15 19 7 -6 -7 -2 11 10 -10 16 13 -13 -14 -3 17 -1 -18 -4
right_child=1 2 3 -5 5 6 -8 -9 9 -11 -12 12 14 -15 -16 -17 18 -19 -20 -21
leaf_value=-0.0014230054207224371 0.040754218967739092 0.0047675331322089686 8.9949523777808183e-05 -0.025208323515761261 -0.040917244629822207 0.014612997128249136 -0.029784833617396252 -0.013195883610319386 -0.021920432605597492 -0.032518406838254917 0.042255271693141014 0.038500616594823893 0.054902330767957572 -0.029754723535556603 0.0024497420086447542 0.048095302626393562 -0.010805962707798518 0.014232639621638938 -0.00057075169562769746 0.04114084401156623
leaf_weight=207.52030583098531 5.2228351011872274 5.3557139299809959 5.6567107960581806 10.393570171669124 8.0339773148298246 15.956516852602364 10.476350469514726 3.3978716991841793 5.384497297927739 14.500855624675749 3.9985365010797977 4.601503714919092 6.9215516149997693 7.098438985645771 4.4853792041540146 13.805029245093463 106.47862361371517 72.486391291022301 234.64930482953787 8.8600615356117469
leaf_count=784 42 18 23 34 21 79 33 27 20 36 28 39 33 24 15 115 315 295 668 130
internal_value=4.86583e-05 0.00682046 0.0194668 0.0045942 -0.00608127 -0.0130737 -0.00313623 0.0194968 -0.000831657 -0.0173928 0.00609298 -0.000179287 0.0178805 -0.00136264 0.0367818 0.0372185 -0.000891652 0.00263759 -0.00381117 0.0266969
internal_weight=755.284 87.1586 44.0711 24.9103 43.0876 34.4668 26.4329 8.62071 668.125 23.8839 9.38303 644.241 23.1069 11.6999 11.4069 19.1607 621.135 280.007 341.128 14.5168
internal_count=2779 522 320 187 202 133 112 69 2257 84 48 2173 111 63 48 133 2062 1079 983 153
is_linear=0
shrinkage=0.04


Tree=104
num_leaves=10
num_cat=0
split_feature=14 8 4 8 2 8 17 21 8
split_gain=2.80183 10.2102 5.14249 4.15069 6.85897 5.10735 5.79676 3.65408 3.56981
threshold=2.9250000000000003 2.7450000000000006 2.5650000000000004 3.0150000000000001 1.9850000000000001 3.7750000000000004 0.30046500000000004 3.2177083323915863 3.8650000000000007
decision_type=2 2 2 2 2 2 2 2 2
left_child=1 -1 -2 4 7 6 -5 -4 -7
right_child=2 -3 3 5 -6 8 -8 -9 -10
leaf_value=-0.01133602581825177 -0.031925407007439829 0.045756196223573568 0.044458449959244292 4.904134006465409e-05 -0.015761932792124917 0.029986636731649041 -0.033721387117572305 0.0010363052865233794 -5.5468100288020637e-05
leaf_weight=9.9361798018217105 7.1507404148578635 8.2357978858053666 9.8751381188631076 16.147108923643831 6.1598323583602896 5.3846920728683463 14.474647507071493 4.9444106668233863 671.88478710036725
leaf_count=29 16 60 44 58 18 24 34 16 2480
internal_value=5.34324e-05 0.0151587 -0.000328716 1.36262e-05 0.0171433 -0.000506219 -0.0162226 0.031458 0.000215448
internal_weight=754.193 18.172 736.021 728.871 20.9794 707.891 30.6218 14.8195 677.269
internal_count=2779 89 2690 2674 78 2596 92 60 2504
is_linear=0
shrinkage=0.04


Tree=105
num_leaves=7
num_cat=0
split_feature=15 15 12 3 3 6
split_gain=2.77953 4.08332 4.46317 4.16077 3.82524 1.2235
threshold=56.725000000000009 58.140000000000008 3.3550000000000004 5.1300000000000008 3.3750000000000004 0.99050000000000005
decision_type=2 2 2 2 2 2
left_child=-1 -2 3 4 -3 -4
right_child=1 2 5 -5 -6 -7
leaf_value=0.024699219481549416 -0.025329924292029248 -0.00027867657304120737 -0.0011739788415868787 -0.031687162735160895 0.020014318162931533 0.037533786245453574
leaf_weight=6.2556935697793952 9.1888962984085065 712.06355624087155 1.074222195893525 5.632372496649622 14.173090312629936 5.4593236856162548
leaf_count=22 22 2492 8 33 106 96
internal_value=5.29083e-05 -0.000175359 0.000160686 -0.00014354 0.000133333 0.0307966
internal_weight=753.847 747.591 738.403 731.869 726.237 6.53355
internal_count=2779 2757 2735 2631 2598 104
is_linear=0
shrinkage=0.04


Tree=106
num_leaves=9
num_cat=0
split_feature=0 4 13 14 4 15 1 7
split_gain=2.76764 3.38522 3.90803 5.42824 6.60989 6.31062 4.67225 2.51268
threshold=8.3150000000000031 25.870000000000001 0.051050000000000005 16.800000000000004 14.985000000000001 73.085000000000022 0.86550000000000005 19.005000000000003
decision_type=2 2 2 2 2 2 2 2
left_child=1 2 3 4 -1 -5 -4 -2
right_child=7 -3 6 5 -6 -7 -8 -9
leaf_value=9.623130707813635e-05 -0.0017363790398943408 -0.022555869320617518 -0.0033922135276088761 -0.033801440662708855 0.036496944949283718 -0.0030451017717448383 0.033351555543293471 0.036911617897070988
leaf_weight=657.79060849919915 3.9614044092595559 9.7041795402765256 9.2120958268642443 15.073521971702574 7.0865366216748944 34.510088235139847 11.140336006879805 5.1648695366457105
leaf_count=2417 38 25 25 31 41 98 39 65
internal_value=5.14759e-05 -0.000220108 9.42462e-05 -0.000398219 0.000550447 -0.0130366 0.0169656 0.020831
internal_weight=753.644 744.517 734.813 714.461 664.877 49.5836 20.3524 9.12627
internal_count=2779 2676 2651 2587 2458 129 64 103
is_linear=0
shrinkage=0.04


Tree=107
num_leaves=8
num_cat=0
split_feature=5 10 14 3 7 14 1
split_gain=2.73771 5.61705 5.09129 4.01362 4.55734 7.15066 5.45888
threshold=37.475000000000001 5.2750000000000012 25.105000000000004 0.95500000000000007 17.575000000000006 13.570000000000002 0.80950000000000022
decision_type=2 2 2 2 2 2 2
left_child=2 -2 3 -1 5 -5 -6
right_child=1 -3 -4 4 6 -7 -8
leaf_value=0.030625714367030901 0.051464253655834569 -0.0022501043648375917 -0.024512422357500282 0.00074786022737159241 0.048639383324942324 -0.011519595202214876 0.0059306358519613158
leaf_weight=5.8697309643030158 4.0145440846681577 7.326812244951725 12.589221403002737 606.9148953165859 5.2068970985710648 85.788660131394863 25.474375188350677
leaf_count=21 27 28 30 2308 32 224 109
internal_value=5.09078e-05 0.0187446 -0.000248962 0.00019194 -8.59009e-05 -0.0007743 0.0147377
internal_weight=753.185 11.3414 741.844 729.255 723.385 692.704 30.6813
internal_count=2779 55 2724 2694 2673 2532 141
is_linear=0
shrinkage=0.04


Tree=108
num_leaves=15
num_cat=0
split_feature=21 20 18 6 2 11 12 12 8 11 8 21 9 9
split_gain=2.72862 3.47018 10.3928 12.4383 10.7711 11.2457 10.6462 10.0924 6.26924 10.912 7.69831 8.24635 6.13443 5.99073
threshold=2.0454091450627918 2.9121981009865734 1.2800800000000001 1.0115000000000001 1.5150000000000003 3.9250000000000003 2.3050000000000002 1.8650000000000004 5.5750000000000011 1.7150000000000001 3.0850000000000004 4.3150393606515021 10.695000000000002 10.125000000000002
decision_type=2 2 2 2 2 2 2 2 2 2 2 2 2 2
left_child=-1 2 4 6 5 -2 -4 -5 10 12 -3 -12 -10 -11
right_child=1 8 3 7 -6 -7 -8 -9 9 13 11 -13 -14 -15
leaf_value=-0.016769140176683742 -0.01034420722174168 0.025583413089422739 0.044356125226654247 -0.0044109376810208944 -0.044893029045689696 0.024709334960735019 0.00094749602783944216 0.02021630830799765 0.046558818229967741 -0.008078436873771291 -0.027412746620897953 0.003293820122723788 0.0002627051383350098 0.0022196656616512499
leaf_weight=14.094050675630568 57.174601033329964 6.483408346772193 25.667208217084408 79.404055245220661 9.468540281057356 18.537904255092144 14.321735534816979 38.638148710131645 11.360577747225763 132.82122942246497 40.918490283191204 20.055505596101284 7.8506735116243354 275.94706919416785
leaf_count=33 180 26 134 278 23 68 106 266 51 450 115 73 25 951
internal_value=5.4603e-05 0.000408668 0.00432036 0.0103882 -0.00683405 -0.00144698 0.0294072 0.00368508 -0.00150032 0.000278527 -0.0127422 -0.0172935 0.0289848 -0.00111853
internal_weight=752.743 738.649 243.212 158.031 85.181 75.7125 39.9889 118.042 495.437 427.98 67.4574 60.974 19.2113 408.768
internal_count=2779 2746 1055 784 271 248 240 544 1691 1477 214 188 76 1401
is_linear=0
shrinkage=0.04


Tree=109
num_leaves=24
num_cat=0
split_feature=3 1 8 4 15 15 19 13 7 21 21 12 1 2 2 1 14 15 20 6 6 20 21
split_gain=2.67295 11.999 10.4291 12.3023 12.9998 11.9457 13.7679 11.475 8.29294 8.04821 12.3254 8.02176 11.605 7.67279 7.35261 7.10479 6.62719 6.13314 7.90952 7.84617 5.89754 4.28596 2.04168
threshold=1.6850000000000003 0.79550000000000021 11.115 5.495000000000001 78.205000000000013 84.565000000000012 5.9600000000000017 0.043150000000000008 6.1350000000000007 5.9124802842507602 4.5842960327099203 1.1150000000000004 0.8045000000000001 2.4050000000000007 2.1150000000000007 0.88950000000000007 8.2250000000000032 82.305000000000021 3.1486659441835303 1.0455000000000003 1.0475000000000001 2.3390140833732098 3.7164404202906431
decision_type=2 2 2 2 2 2 2 2 2 2 2 2 2 2 2 2 2 2 2 2 2 2 2
left_child=1 9 3 4 -3 7 -7 -4 -5 10 20 15 13 14 -13 22 -17 18 -14 -19 -1 -15 -2
right_child=11 2 5 8 -6 6 -8 -9 -10 -11 -12 12 17 21 -16 16 -18 19 -20 -21 -22 -23 -24
leaf_value=-0.017227030071885238 -0.04741122583479216 0.013438736630590699 -0.01710461245381872 0.049341615758170497 -0.010905865655225912 0.043140974194543338 -0.013037314744091897 0.015285569936513999 0.016205682676343841 -0.034001702742493048 0.035424363519868336 0.014508152070055954 -0.00088354990313095269 0 -0.021322708622682405 -0.026257153617042724 0.020431784326036036 0.025066250559027926 -0.01773562854282687 -0.009343101785946906 0.023134987997936261 0.044814797031150475 -0.018222519842885133
leaf_weight=45.249451152980328 10.497960671782495 89.515304770320654 78.599020898342133 15.906590223312376 56.104396052658558 15.438248161226513 11.194543436169623 21.338460475206375 54.657101109623909 18.73490397632122 9.3746729269623739 34.23952903598547 112.90430833213031 4.0064584892243174 11.303335860371588 7.8060212768614319 9.8571340292692167 21.974836268462241 73.922098398208618 18.5088499058038 5.5845785886049262 14.78783788345754 10.670886911451815
leaf_count=120 19 342 210 80 178 64 32 70 208 39 35 131 525 30 38 23 34 136 235 83 19 98 30
internal_value=5.74568e-05 0.00217653 0.0054339 0.0107642 0.00399427 -0.00362056 0.0196208 -0.0100265 0.0243721 -0.0117572 -0.00426231 -0.00262079 -0.000292298 0.0145441 0.0051763 -0.0194616 -7.45015e-05 -0.0045719 -0.00765297 0.0092957 -0.0122778 0.0354319 -0.0345442
internal_weight=752.177 421.697 342.754 216.183 145.62 126.57 26.6328 99.9375 70.5637 78.9436 60.2087 330.479 291.647 64.3372 45.5429 38.832 17.6632 227.31 186.826 40.4837 50.834 18.7943 21.1688
internal_count=2779 1397 1184 808 520 376 96 280 288 213 174 1382 1276 297 169 106 57 979 760 219 139 128 49
is_linear=0
shrinkage=0.04


Tree=110
num_leaves=12
num_cat=0
split_feature=1 1 21 6 10 1 17 17 1 9 10
split_gain=2.6716 5.85393 4.6396 6.49573 5.79559 3.6044 4.11601 8.72362 6.5205 2.55639 2.25253
threshold=0.99900000000000011 0.99350000000000016 2.9077193875407867 1.0415000000000003 1.5450000000000002 0.99150000000000016 0.19341999999999993 0.13383500000000001 0.95750000000000013 20.825000000000003 2.3050000000000002
decision_type=2 2 2 2 2 2 2 2 2 2 2
left_child=1 5 -2 4 -4 6 7 -1 -8 -5 -6
right_child=2 -3 3 9 10 -7 8 -9 -10 -11 -12
leaf_value=7.5954413347299637e-05 -0.036900172531902212 0.038239684539624355 -0.014458574076147335 -0.033056371210241998 0.046756347260600795 -0.024453919660518911 -0.0002573804371580008 0.019719633301033813 -0.024849818774991945 -0.0019523177688460008 0.0098807115433527989
leaf_weight=122.0931081790477 7.0970115363597861 5.5783725511282674 7.0534798502922085 9.6557569429278391 5.2045569568872434 8.2658186070620996 502.87313807196915 50.904911279678345 16.895516775548458 8.1914383694529516 7.0893673058599234
leaf_count=463 17 32 25 23 28 25 1833 221 57 26 29
internal_value=5.86513e-05 0.000671947 -0.0093478 -0.00305268 0.012463 0.000307567 0.000649365 0.00598222 -0.00111832 -0.0200659 0.0284364
internal_weight=750.902 706.611 44.2916 37.1946 19.3474 701.032 692.767 172.998 519.769 17.8472 12.2939
internal_count=2779 2631 148 131 82 2599 2574 684 1890 49 57
is_linear=0
shrinkage=0.04


Tree=111
num_leaves=22
num_cat=0
split_feature=0 11 4 14 5 13 14 13 1 17 19 12 0 0 12 6 12 3 9 1 15
split_gain=2.65541 7.07873 6.49919 10.6474 8.85686 8.32135 7.44871 5.40372 6.59162 9.12567 6.3754 6.37195 25.4808 10.0602 5.69678 5.298 5.29195 9.97727 4.8138 2.3897 0.128087
threshold=1.7450000000000003 2.1550000000000007 4.5050000000000008 4.7350000000000012 6.0850000000000009 0.0070500000000000016 5.0650000000000004 0.0067500000000000008 0.97550000000000014 0.19718000000000008 2.6437500000000003 1.3050000000000004 1.5150000000000003 1.3950000000000002 0.88500000000000012 1.0325000000000002 2.1650000000000005 1.4450000000000001 5.3350000000000009 0.93950000000000011 85.510000000000005
decision_type=2 2 2 2 2 2 2 2 2 2 2 2 2 2 2 2 2 2 2 2 2
left_child=7 18 4 -4 5 -3 -5 16 9 14 -11 12 -10 -13 -9 -6 17 -1 -2 -19 -20
right_child=1 2 3 6 15 -7 -8 8 11 10 -12 13 -14 -15 -16 -17 -18 19 20 -21 -22
leaf_value=-0.014526260382896687 -0.0098063513903916943 -0.02717466089249582 0.041687663539386757 -0.036360018038239995 -0.052372712093371243 0.042493686482055856 0.0023544170491928058 -0.011713899949902644 0.041340525719529279 -0.012463238059285165 0.0011409114547921493 -0.043032703195300635 -0.049434011336503735 0.0066531847258052878 0.017207640459656139 -0.0063943788161043881 -0.01191387337466656 0.052959464389685573 0.043677077805155055 0.015211640047948092 0.014901021318450357
leaf_weight=6.8570160716772142 3.4212675988674155 3.8165034390985983 9.8689386714249832 7.1324248053133479 9.5889142490923422 5.3246723264455795 330.70431615225971 12.574276506900786 10.181135371327402 106.49008570611477 110.81213130801916 21.049832776188854 7.8689831495285025 8.5461709350347501 52.673888847231865 7.6643168218433848 8.5390968173742277 9.4257600009441358 9.2818846330046636 6.0262935757637015 2.6651175320148459
leaf_count=20 16 18 122 31 29 36 1335 36 41 286 327 41 15 28 190 30 27 45 70 21 15
internal_value=5.42875e-05 0.0023526 0.00120041 0.00269103 -0.0175255 0.0128064 0.00140857 -0.00240251 -0.00392836 -0.00155004 -0.00551578 -0.017546 0.000829633 -0.0286754 0.0114206 -0.0338555 0.0132894 0.0233768 0.0281239 0.0405435 0.0395224
internal_weight=750.513 389.468 374.1 347.706 26.3944 9.14118 337.837 361.045 330.197 282.55 217.302 47.6461 18.0501 29.596 65.2482 17.2532 30.8482 22.3091 15.3683 15.4521 11.947
internal_count=2779 1702 1601 1488 113 54 1366 1077 964 839 613 125 56 69 226 59 113 86 101 66 85
is_linear=0
shrinkage=0.04


Tree=112
num_leaves=16
num_cat=0
split_feature=19 20 20 15 10 20 6 10 6 4 6 13 9 11 4
split_gain=2.72454 10.3265 12.1418 6.58757 7.98052 3.52717 10.0482 9.94098 8.3003 7.46496 7.23676 10.0699 6.08696 3.62293 4.43827
threshold=-0.11250000000000014 4.542179557375376 3.7222093723720229 83.295000000000016 4.6750000000000007 2.2521367506054513 1.0265000000000002 1.425 1.0135000000000003 2.7100000000000004 1.0305000000000002 0.037100000000000001 11.145000000000001 3.1050000000000004 3.4750000000000005
decision_type=2 2 2 2 2 2 2 2 2 2 2 2 2 2 2
left_child=1 2 3 4 -1 6 7 -2 -9 -7 12 -12 -11 -8 -15
right_child=5 -3 -4 -5 -6 9 13 8 -10 10 11 -13 -14 14 -16
leaf_value=0.036096794875814395 0.044219840528397739 -0.024770754339331402 0.064512871740106614 -0.019082072713531788 -0.014775369622869168 -0.030291790878771461 0.052681637448524478 0.010883963016620016 -0.025743706141979725 -1.0754743226530529e-05 -0.0092695523250348362 0.012892060786460437 0.012268056148961117 -0.019819770973686771 0.025610262554381594
leaf_weight=14.001621764153247 5.0153989661484948 9.9414503276348096 6.6383861899375907 9.2446415424346906 6.411271557211875 13.113905340433119 6.289528131484988 15.649368095211683 23.163623568601906 281.78070875816047 219.58444757480174 37.367908479645848 82.312304564751685 3.3448485434055355 15.606369487941263
leaf_count=60 36 23 30 24 16 32 35 87 87 1045 721 137 346 9 91
internal_value=5.33573e-05 0.00936258 0.0193397 0.00719292 0.0198014 -0.000559791 0.00794007 -0.00354352 -0.0108721 -0.00150919 -0.000840837 -0.00597815 0.00276926 0.0275603 0.0165995
internal_weight=749.466 46.2374 36.2959 29.6575 20.4129 703.228 69.0691 43.8284 38.813 634.159 621.045 256.952 364.093 25.2407 18.9512
internal_count=2779 153 130 100 76 2626 345 210 174 2281 2249 858 1391 135 100
is_linear=0
shrinkage=0.04


Tree=113
num_leaves=15
num_cat=0
split_feature=13 3 8 13 7 18 18 3 0 12 18 21 6 7
split_gain=2.59753 4.67812 8.46387 3.38826 10.6537 6.95535 8.43727 6.22085 3.93791 10.8678 9.84583 7.92 9.28576 0.949452
threshold=0.0056500000000000014 1.4150000000000003 2.6350000000000002 0.007150000000000001 2.6150000000000007 1.4882800000000003 1.7540900000000004 1.4750000000000003 1.3950000000000002 0.76500000000000012 1.0933700000000002 2.1437703341295546 1.0315000000000001 2.3350000000000004
decision_type=2 2 2 2 2 2 2 2 2 2 2 2 2 2
left_child=1 -1 -3 4 -2 7 -7 -6 9 -5 -11 -10 -13 -4
right_child=3 2 13 8 5 6 -8 -9 11 10 -12 12 -14 -15
leaf_value=-0.014218167752274215 0.03403294253174368 -0.024287708617562145 0.0095668105901816208 0.039872037826454876 -0.024692117787323845 -0.057968153142606872 -0.0058581294648906981 0.023911751666104531 -0.032862944368810813 0.016551161975740424 -0.010506265305959637 0.0082818349970518162 -0.0026496512846225563 0.048272003264108319
leaf_weight=5.6664754152298 5.9503612443804732 3.2362252771854392 2.3993634432554236 7.3525798916816703 6.9831176251173002 10.508495740592481 9.8534017633646709 7.9018276184797287 9.0844470113515836 23.889667570590973 153.30753020942211 251.46428968198597 242.73836479149759 8.6419730782508832
leaf_count=17 27 8 10 27 18 23 44 35 18 77 418 1123 871 63
internal_value=5.77223e-05 0.0139555 0.0258595 -0.000330114 -0.0113379 -0.0199457 -0.0345806 0.000487141 0.000333073 -0.004636 -0.00674109 0.00217662 0.00290194 0.0420185
internal_weight=748.978 19.944 14.2776 729.034 41.1972 35.2468 20.3619 14.8849 687.837 184.55 177.197 503.287 494.203 11.0413
internal_count=2779 98 81 2681 147 120 67 53 2534 522 495 2012 1994 73
is_linear=0
shrinkage=0.04


Tree=114
num_leaves=24
num_cat=0
split_feature=3 1 18 3 2 8 17 7 0 1 5 7 4 20 2 18 2 10 18 8 5 2 1
split_gain=2.55307 11.2097 10.0985 13.9746 12.3033 13.9558 8.01728 8.79042 7.2193 6.84837 6.56922 6.54596 10.2854 6.50179 6.22887 9.65306 6.35823 5.62107 5.51578 4.58741 6.34356 3.58574 3.51527
threshold=1.6850000000000003 0.79550000000000021 1.0907200000000004 1.155 1.3650000000000004 11.155000000000003 0.87485500000000005 11.700000000000001 6.2400000000000011 0.8045000000000001 7.3450000000000006 13.855000000000002 7.9800000000000013 2.2190153560227239 2.4050000000000007 1.6551850000000001 3.2650000000000001 3.6350000000000002 1.0214400000000003 25.975000000000005 29.675000000000004 1.385 0.77450000000000008
decision_type=2 2 2 2 2 2 2 2 2 2 2 2 2 2 2 2 2 2 2 2 2 2 2
left_child=1 6 3 -3 13 -6 10 21 9 14 18 12 -11 -4 15 -2 -16 -13 -1 -10 -21 -8 -12
right_child=8 2 4 -5 5 -7 7 -9 19 11 22 17 -14 -15 16 -17 -18 -19 -20 20 -22 -23 -24
leaf_value=-0.022568540365303681 0.0077482123466847746 -0.014186414802389032 -0.029438295783755196 0.054079365284955834 0.018965675252005543 -0.0025659609936193018 0.0072479699125024824 -0.014034503412272675 0.04136279109745182 -0.0098589202968728008 -0.018166996405480633 0.0017716472013911506 0.010116170291346234 -0.0025347379968247608 0.042755240430830774 -0.034865503058253616 -0.0037503570077004013 -0.034861729639294861 0.0156544891366358 -0.028951416193729269 0.036176912316058477 0.053226388090931838 -0.047784796389713433
leaf_weight=10.711885139346125 43.966719646006823 6.3875120282173183 15.743746928870676 13.592009358108042 111.79425958544016 82.657608274370432 6.2790594846010226 13.771969124674795 8.4325183639302868 155.4315704330802 18.54035180807114 8.8076897840946931 54.769838906824589 110.56798724830151 11.770026911981406 9.4860503450036031 6.7374619282782069 21.669727876782417 11.366101674735544 4.4187784679234019 3.2847628882154822 5.2543713226914406 12.753246352076529
leaf_count=27 159 16 43 60 455 254 19 34 117 597 47 35 246 356 66 26 33 50 41 18 35 22 23
internal_value=5.56039e-05 0.00213262 0.00529397 0.0322374 0.0034959 0.00980578 -0.0113531 0.00677955 -0.00256823 -0.00396386 -0.0200642 -0.00721205 -0.0045931 -0.00615578 0.00674035 -0.000168765 0.0260909 -0.0243009 -0.0027184 0.0226589 0 0.0314085 -0.031591
internal_weight=748.195 419.42 340.743 19.9795 320.764 194.452 78.677 25.3054 328.775 312.639 53.3716 240.679 210.201 126.312 71.9603 53.4528 18.5075 30.4774 22.078 16.1361 7.70354 11.5334 31.2936
internal_count=2779 1397 1184 76 1108 709 213 75 1382 1212 138 928 843 399 284 185 99 85 68 170 53 41 70
is_linear=0
shrinkage=0.04


Tree=115
num_leaves=16
num_cat=0
split_feature=19 20 20 1 9 20 6 10 6 4 6 13 9 20 20
split_gain=2.59151 9.64845 11.3303 8.63985 7.95565 3.41792 9.3125 9.20797 7.70019 6.75652 6.17537 9.4457 5.55953 2.49015 8.63286
threshold=-0.11250000000000014 4.542179557375376 3.7222093723720229 0.94650000000000001 21.650000000000002 2.2521367506054513 1.0265000000000002 1.425 1.0135000000000003 2.7100000000000004 1.0305000000000002 0.037100000000000001 11.145000000000001 2.1195238080772039 2.0602219179982608
decision_type=2 2 2 2 2 2 2 2 2 2 2 2 2 2 2
left_child=1 2 3 4 -1 6 7 -2 -9 -7 12 -12 -11 14 -8
right_child=5 -3 -4 -5 -6 9 13 8 -10 10 11 -13 -14 -15 -16
leaf_value=0.051148812982609454 0.043392575258795418 -0.023925741973220456 0.062697750674978917 -0.016344876893197621 -0.0017237200850999598 -0.028862791052932126 0.034690410389379631 0.010861532338632286 -0.024463280670613527 -0.00015521366774741966 -0.0087759204512110472 0.012704908998821693 0.011605232760914446 0.049381279206345614 -0.020082558346338413
leaf_weight=8.297506079077726 4.8709131404757491 9.8730718791484815 6.5702250599861136 12.947289332747458 8.2504491209983808 13.111937135457991 13.432593749836093 15.524463277310131 23.238390542566776 280.8436225913465 219.33173430152237 37.298209056258202 81.919519044458866 5.7383201830089083 5.7784703169018021
leaf_count=38 36 23 30 35 27 32 81 87 87 1045 721 137 346 35 19
internal_value=5.46974e-05 0.00916378 0.0188391 0.00707141 0.0257358 -0.000542979 0.00785499 -0.00319748 -0.0101972 -0.00147717 -0.000838959 -0.00558568 0.00250315 0.0268712 0.017641
internal_weight=747.027 45.9385 36.0655 29.4952 16.548 701.088 68.5832 43.6338 38.7629 632.505 619.393 256.63 362.763 24.9494 19.2111
internal_count=2779 153 130 100 65 2626 345 210 174 2281 2249 858 1391 135 100
is_linear=0
shrinkage=0.04


Tree=116
num_leaves=11
num_cat=0
split_feature=15 15 19 20 20 0 11 6 19 0
split_gain=2.53858 3.80687 3.77695 6.60816 9.59082 4.42396 8.78913 5.33839 3.53388 1.48989
threshold=94.470000000000013 92.120000000000019 -0.11250000000000014 4.542179557375376 3.7339152243533236 1.925 2.1850000000000005 1.0185000000000002 1.9000000000000004 2.0850000000000004
decision_type=2 2 2 2 2 2 2 2 2 2
left_child=1 2 3 4 -1 7 -7 -4 -3 -2
right_child=9 8 5 -5 -6 6 -8 -9 -10 -11
leaf_value=0.0080208261410079362 0.028756788800864991 0.001459823767002016 0.001570402053206853 -0.021686999614548137 0.060934524791966663 0.041657037439666457 0.0018573045276356671 -0.0079519150406966374 -0.032450626123949458 0
leaf_weight=28.428382035344839 6.7525169998407346 7.886871591210368 178.17865712940693 6.7284637391567221 6.0872658342123023 8.1922983899712545 294.3719512457028 195.52513524889946 10.134472440928219 4.2176936883479357
leaf_count=98 28 25 593 16 28 70 1329 540 29 23
internal_value=6.10748e-05 -0.00022525 0.000231649 0.0118429 0.019031 -0.000481123 0.00309496 -0.00339833 -0.0178929 0.018342
internal_weight=746.504 735.533 717.512 41.2441 34.5156 676.268 302.564 373.704 18.0213 10.9702
internal_count=2779 2728 2674 142 126 2532 1399 1133 54 51
is_linear=0
shrinkage=0.04


Tree=117
num_leaves=7
num_cat=0
split_feature=15 15 12 15 21 17
split_gain=2.44937 3.5604 3.96257 3.75363 4.18065 2.72678
threshold=56.725000000000009 58.140000000000008 3.1150000000000007 59.310000000000009 2.7879393926777847 0.10604000000000011
decision_type=2 2 2 2 2 2
left_child=-1 -2 3 -3 -5 -4
right_child=1 2 5 4 -6 -7
leaf_value=0.023280847171016854 -0.023752219740322506 0.025755074642022539 -0.0065871306835303583 -0.0087832355105788643 0.00062417123581333422 0.038474804126937816
leaf_weight=6.2054096162319174 9.0921688303351385 7.8217514753341666 2.3079067319631559 84.763641372323036 629.59589127264917 6.133920787833631
leaf_count=22 22 32 18 253 2317 115
internal_value=6.45927e-05 -0.000150533 0.000164305 -0.000161063 -0.000491616 0.0259152
internal_weight=745.921 739.715 730.623 722.181 714.36 8.44183
internal_count=2779 2757 2735 2602 2570 133
is_linear=0
shrinkage=0.04


Tree=118
num_leaves=15
num_cat=0
split_feature=3 15 3 3 14 0 18 20 3 0 12 18 9 6
split_gain=2.51913 4.72596 4.44862 5.87977 6.30341 7.66292 3.4054 8.27241 5.41495 3.00301 2.5443 2.70652 1.25495 1.14707
threshold=5.1300000000000008 72.125000000000014 3.3750000000000004 2.9950000000000006 9.3050000000000015 2.0750000000000006 1.9643600000000001 2.985326805687158 1.6850000000000003 1.3150000000000002 2.8750000000000004 3.4476350000000004 27.765000000000004 1.0425000000000002
decision_type=2 2 2 2 2 2 2 2 2 2 2 2 2 2
left_child=2 -2 3 6 5 -5 8 -8 -1 -4 12 -12 -11 -3
right_child=1 13 9 4 -6 -7 7 -9 -10 10 11 -13 -14 -15
leaf_value=0.0021300056483327611 -0.051006626689579816 0.027166110820256908 -0.011866002144492205 -0.02660292658562181 -0.044277559649783742 0.037408945982998744 0.027101803040548197 -0.00071315150871736628 -0.0056825505639403473 0.045433227279100159 0.028448758869375843 -0.023900964856811702 0.0050551954136971904 -0.010852655597967456
leaf_weight=413.40710576251149 3.2700988650321952 1.6914661824703219 2.9716237932443645 6.0932441949844378 8.889248311519621 4.1740227621048689 24.333169426769018 50.915630066767335 214.58536254055798 7.4316528216004354 2.0169083811342707 2.3063039407134056 2.3114003390073776 1.2594956811517475
leaf_count=1380 8 36 8 16 22 47 140 197 773 68 33 25 15 11
internal_value=6.48657e-05 -0.0234326 0.00030474 -0.000173974 -0.0214828 0 0.000424806 0.00841391 -0.00053162 0.0199299 0.0275198 0 0.037961 0.0102747
internal_weight=745.657 6.22106 739.436 722.398 19.1565 10.2673 703.241 75.2488 627.992 17.0379 14.0663 4.32321 9.74305 2.95096
internal_count=2779 55 2724 2575 85 63 2490 337 2153 149 141 58 83 47
is_linear=0
shrinkage=0.04


Tree=119
num_leaves=10
num_cat=0
split_feature=14 8 4 8 2 8 17 2 8
split_gain=2.42622 9.04199 4.01728 3.67304 6.03738 4.28358 5.15766 3.53328 3.30112
threshold=2.9250000000000003 2.7450000000000006 2.5650000000000004 3.0150000000000001 1.9850000000000001 3.7750000000000004 0.30046500000000004 1.3650000000000004 3.8650000000000007
decision_type=2 2 2 2 2 2 2 2 2
left_child=1 -1 -2 4 7 6 -5 -4 -7
right_child=2 -3 3 5 -6 8 -8 -9 -10
leaf_value=-0.010306612911458844 -0.02840646187909987 0.044468996363849947 0.0096958768969297015 0.00051814727571584886 -0.014554034848836774 0.029031124975671788 -0.031446056552145059 0.051127307742906421 -7.4280980772519243e-05
leaf_weight=9.8239162266254443 7.041629657149314 7.6679256111383429 8.3387680798769015 15.899000339210035 6.1292301192879668 5.2902769744396201 14.40955765545368 6.1316916793584815 664.48815919831395
leaf_count=29 16 60 30 58 18 24 34 30 2480
internal_value=6.19677e-05 0.0143791 -0.000290444 1.21656e-05 0.0162693 -0.000477306 -0.014942 0.0299391 0.00018662
internal_weight=745.22 17.4918 727.728 720.687 20.5997 700.087 30.3086 14.4705 669.778
internal_count=2779 89 2690 2674 78 2596 92 60 2504
is_linear=0
shrinkage=0.04


Tree=120
num_leaves=8
num_cat=0
split_feature=7 10 10 15 0 0 19
split_gain=2.41799 2.75874 5.72591 3.29544 3.6005 2.62618 2.1035
threshold=1.7350000000000001 0.9850000000000001 1.1050000000000002 94.470000000000013 1.7450000000000003 2.1650000000000005 1.8162500000000004
decision_type=2 2 2 2 2 2 2
left_child=-1 -2 6 4 -4 -5 -3
right_child=1 2 3 5 -6 -7 -8
leaf_value=0.02403466245534076 -0.023347311629004035 0.0078912341768782521 -0.0036981963290238897 0.037433184415082865 0.0019878119131921364 -0.0014978588734614142 0.046683446065415087
leaf_weight=5.6759867519140235 7.1112830191850653 5.6071669310331327 333.46947080641985 5.5834114253520948 378.88164960686117 4.0099613983184099 4.527835913002491
leaf_count=23 20 21 982 24 1660 22 27
internal_value=6.22214e-05 -0.000143269 0.000102759 -0.000324875 -0.00066419 0.0217998 0.0285763
internal_weight=744.867 739.191 732.079 721.944 712.351 9.59337 10.135
internal_count=2779 2756 2736 2688 2642 46 48
is_linear=0
shrinkage=0.04


Tree=121
num_leaves=23
num_cat=0
split_feature=11 21 0 6 8 20 5 2 15 21 0 20 15 15 13 17 21 15 0 3 19 11
split_gain=2.45082 7.3746 8.74139 7.48046 6.82822 18.974 10.8522 5.44503 11.671 12.8332 12.5421 8.00643 9.68871 7.09932 10.013 9.01347 5.96783 5.86918 5.79083 4.35495 3.88389 0.211824
threshold=2.3950000000000005 6.5844545048283676 1.8150000000000002 1.0025000000000002 7.4350000000000014 4.78413029309342 8.2150000000000016 1.6050000000000002 77.310000000000016 3.5958047574698981 4.2750000000000012 4.5924501389829109 91.010000000000005 82.38000000000001 0.0077500000000000008 0.53495000000000004 2.875540345067872 84.640000000000015 5.1950000000000012 1.0650000000000002 2.8325000000000005 2.3450000000000002
decision_type=2 2 2 2 2 2 2 2 2 2 2 2 2 2 2 2 2 2 2 2 2 2
left_child=1 2 4 -4 6 -6 -1 13 9 16 -11 12 -10 14 -2 -16 -9 20 -13 -19 -15 -5
right_child=7 -3 3 21 5 -7 -8 8 11 10 -12 18 -14 17 15 -17 -18 19 -20 -21 -22 -23
leaf_value=0.0027998175690615544 -0.036207824040322856 -0.023244850147499774 -0.014230886667490724 0.044826611466487067 0.044521986375184723 -0.013189508705117113 -0.033235237867993754 -0.0026095619948124822 0.029098858126937067 -0.020830484512511318 0.016448335876553387 0.0082947064653942377 -0.022017054179015848 -0.052672884550652686 0.0068640293100611762 -0.010356773063683673 0.018029078931318859 -0.032455546942291982 -0.02601274719689441 -0.00019350620190453394 -0.015549352997539779 0.01491916779399623
leaf_weight=107.39792029559612 11.748197473585604 13.634464543312786 4.1074006035923984 13.974119167774917 18.835165753960609 15.904177069664 14.230116873979567 44.506676338613033 50.45305435732007 74.921724211424589 16.797913063317537 33.665988333523273 5.7891617380082598 9.3067417219281214 127.18547947332263 77.313195571303368 42.602811772376299 7.7292831838130942 9.175318241119383 30.989461991935968 11.69147916138172 2.6232479661703101
leaf_count=368 31 37 15 110 79 45 30 142 336 254 137 116 28 18 438 220 180 16 31 103 30 15
internal_value=6.51911e-05 0.00397429 0.00623384 0.0300677 0.00285613 0.0182472 -0.00158758 -0.00127108 0.00265757 -0.00341087 -0.013813 0.0136147 0.0234049 -0.00525167 -0.00180802 0.000295851 0.00748349 -0.0173549 0.000338863 -0.00749026 -0.0340132 0.0416707
internal_weight=744.583 190.707 177.072 20.7048 156.367 34.7393 121.628 553.876 277.913 178.829 91.7196 99.0835 56.2422 275.964 216.247 204.499 87.1095 59.717 42.8413 38.7187 20.9982 16.5974
internal_count=2779 699 662 140 522 124 398 2080 1224 713 391 511 364 856 689 658 322 167 147 119 48 125
is_linear=0
shrinkage=0.04


Tree=122
num_leaves=24
num_cat=0
split_feature=3 1 18 3 2 8 17 7 1 2 18 15 7 15 20 3 4 3 15 2 20 2 17
split_gain=2.45703 9.99456 9.56071 14.0556 11.1198 12.99 7.43674 8.08529 6.60075 7.06828 8.61529 6.49355 6.27294 6.13621 6.10413 13.5265 7.1837 6.02496 6.02316 6.00484 5.84173 4.44594 7.04739
threshold=1.6850000000000003 0.79550000000000021 1.0907200000000004 1.1450000000000002 1.3650000000000004 11.155000000000003 0.87485500000000005 11.700000000000001 0.8045000000000001 2.4050000000000007 1.6551850000000001 87.660000000000011 4.455000000000001 71.195000000000007 3.0115731433284108 1.8550000000000002 7.5650000000000004 1.8950000000000002 75.670000000000016 2.2550000000000003 2.2190153560227239 3.2650000000000001 0.97028000000000014
decision_type=2 2 2 2 2 2 2 2 2 2 2 2 2 2 2 2 2 2 2 2 2 2 2
left_child=1 6 3 -3 20 -6 12 -8 9 10 13 14 18 -2 15 -10 -16 -13 -1 -19 -4 -11 -23
right_child=8 2 4 -5 5 -7 7 -9 11 21 -12 17 -14 -15 16 -17 -18 19 -20 -21 -22 22 -24
leaf_value=0.023718787162423469 -0.0096779663499913827 -0.016277822000753627 -0.027890032832488254 0.052993363958660965 0.018270719997571787 -0.0025631251149723015 0.030419749691672972 -0.013238026449240298 -0.021590811023789087 0.041837464627435032 -0.032364715950644801 0.049879484244239311 -0.028769837287538572 0.019881290829702605 -0.023152838021660484 0.008010061246033524 -0.0034021464851594304 -0.026749334871380703 -0.020182553457748595 0.028702212094974207 -0.0023873170650455318 -0.026293365808596186 0.039940622364148984
leaf_weight=8.2890361249446887 17.969378814101219 6.1010310947895077 15.757516250014303 13.649453409016131 110.67387918382883 82.390320342034101 11.515969045460226 13.672532901167868 34.102527488023043 12.119127477519216 9.5995753668248636 5.1484439782798281 34.930684775114059 26.128321189433336 61.067291622981429 82.20108194462955 58.930182814598083 5.4708899520337564 9.8294509425759298 5.0421737320721149 110.29534900933504 4.6973197609186155 3.6518411487340927
leaf_count=30 53 15 43 61 455 254 41 34 106 73 27 26 83 108 187 448 226 20 25 43 356 21 44
internal_value=5.51506e-05 0.00209715 0.00509108 0.0314563 0.00334114 0.00937124 -0.01067 0.00681586 -0.00253045 0.00784369 0 -0.00563466 -0.019093 0.00771128 -0.00733402 -0.00071137 -0.0136278 0.0184265 0 0 -0.00583273 0.0272433 0.00299446
internal_weight=743.233 417.105 338.868 19.7505 319.117 193.064 78.2377 25.1885 326.128 74.1656 53.6973 251.963 53.0492 44.0977 236.301 116.304 119.997 15.6615 18.1185 10.5131 126.053 20.4683 8.34916
internal_count=2779 1397 1184 76 1108 709 213 75 1382 326 188 1056 138 161 967 554 413 89 55 63 399 138 65
is_linear=0
shrinkage=0.04


Tree=123
num_leaves=14
num_cat=0
split_feature=3 15 3 3 14 0 17 11 0 18 18 7 19
split_gain=2.40557 4.35083 4.02547 5.63169 5.75742 7.14538 4.30908 3.19414 5.23664 3.17033 6.92097 4.30242 1.37286
threshold=5.1300000000000008 72.125000000000014 3.3750000000000004 2.9950000000000006 9.3050000000000015 2.0750000000000006 0.5400600000000001 6.035000000000001 1.3150000000000002 1.72706 1.6889200000000002 6.8850000000000007 5.8512500000000012
decision_type=2 2 2 2 2 2 2 2 2 2 2 2 2
left_child=2 -2 3 9 5 -5 7 8 -4 10 -1 -11 -3
right_child=1 12 6 4 -6 -7 -8 -9 -10 11 -12 -13 -14
leaf_value=-6.8568842204350176e-05 -0.049259114078572488 -0.015070665192484938 -0.023013241911782802 -0.025777877812378992 -0.042866000273649785 0.036727253121817689 0.042368631415083513 -0.025302994028717798 0.040698085957628603 -0.0018884164066705887 -0.024378433521901333 0.011911367371155276 0.027350485837296087
leaf_weight=538.98468148894608 3.2757831029593936 1.0507595799863341 2.3570237457752246 6.0613693594932574 8.8587881773710233 3.9969432214275002 6.4425333654507986 3.4023304712027311 4.3800549209117889 63.840492758899927 18.439854916185141 79.128793153911829 1.815847737714648
leaf_count=1826 8 6 5 16 22 47 79 18 47 257 55 352 41
internal_value=5.52805e-05 -0.0230333 0.00028985 -0.000161113 -0.0211431 0 0.0192038 0.00128461 0.0172807 0.000423526 -0.000929292 0.00572343 0.0098558
internal_weight=742.035 6.14239 735.893 719.311 18.9171 10.0583 16.5819 10.1394 6.73708 700.394 557.425 142.969 2.86661
internal_count=2779 55 2724 2575 85 63 149 70 52 2490 1881 609 47
is_linear=0
shrinkage=0.04


Tree=124
num_leaves=8
num_cat=0
split_feature=5 14 5 3 7 5 12
split_gain=2.41279 4.84253 4.39055 3.68816 3.94531 6.91873 5.089
threshold=37.475000000000001 25.105000000000004 47.155000000000008 0.95500000000000007 17.575000000000006 21.630000000000006 1.2050000000000003
decision_type=2 2 2 2 2 2 2
left_child=1 3 -2 -1 5 -5 -6
right_child=2 -3 -4 4 6 -7 -8
leaf_value=0.029457215481793978 0.038106929112212473 -0.024050044421910558 -0.0084821939570447254 0.0002268736499611954 -0.0064510201570278014 -0.017710811473133251 0.026252078616384122
leaf_weight=5.8297783434391013 6.1759040392935258 12.414829075336455 4.9323526360094547 646.82543866802007 11.321247324347498 35.295863835141063 18.729710820131004
leaf_count=21 32 30 23 2432 32 100 109
internal_value=4.88845e-05 -0.000233566 0.0177674 0.00019999 -6.92587e-05 -0.000714155 0.0138631
internal_weight=741.525 730.417 11.1083 718.002 712.172 682.121 30.051
internal_count=2779 2724 55 2694 2673 2532 141
is_linear=0
shrinkage=0.04


Tree=125
num_leaves=15
num_cat=0
split_feature=1 1 15 6 2 10 15 3 15 15 17 17 9 10
split_gain=2.32355 5.54655 3.37919 5.44825 3.5998 3.28085 6.0061 9.88797 8.986 5.88236 12.6333 9.61247 1.0165 0.836513
threshold=0.99900000000000011 0.99350000000000016 70.195000000000007 1.0425000000000002 1.4950000000000003 3.4150000000000005 68.830000000000013 1.5450000000000002 69.075000000000017 64.975000000000009 0.16601000000000002 0.62887499999999996 20.825000000000003 1.5950000000000004
decision_type=2 2 2 2 2 2 2 2 2 2 2 2 2 2
left_child=1 5 -2 4 -4 6 7 -1 -8 11 -11 -7 -5 -6
right_child=2 -3 3 12 13 9 8 -9 -10 10 -12 -13 -14 -15
leaf_value=0.023055802336505105 -0.024551912453948971 0.037615179816973585 -0.0019446479953890445 -0.026957963688620534 0.0079108991172100514 -0.033284096282913921 -0.042793832072786656 0.00084246958431306244 0.00012783424165149971 0.035938268929927665 -0.0048331929711164295 0.0085637839120307931 -0.0036976841407583756 0.044405791131221159
leaf_weight=49.601234123110771 13.655621357262133 5.4292903169989577 8.5889314264059085 8.0503727793693525 2.6171516366302958 23.659166157245636 6.9601575061678878 89.914944427087903 382.24109874758869 12.585362449288366 114.44429417420179 12.703264474868773 6.3928973674774161 4.3350651580840349
leaf_count=196 39 32 28 20 14 53 18 344 1518 53 376 41 20 27
internal_value=4.85452e-05 0.00062458 -0.00878727 -0.000788803 0.0149249 0.000269011 0.00181151 0.00890463 -0.000726944 -0.00465434 -0.000482155 -0.0186124 -0.0180866 0.0343958
internal_weight=741.179 697.539 43.64 29.9844 15.5411 692.11 528.717 139.516 389.201 163.392 127.03 36.3624 14.4433 6.95222
internal_count=2779 2631 148 109 69 2599 2076 540 1536 523 429 94 40 41
is_linear=0
shrinkage=0.04


Tree=126
num_leaves=16
num_cat=0
split_feature=20 20 20 11 7 20 20 12 0 15 0 15 0 0 7
split_gain=2.30107 5.42488 5.0911 5.77173 6.0112 6.0522 4.52371 8.21276 5.27769 9.37475 8.28893 5.26108 4.34717 4.04093 2.33939
threshold=5.7796050121252547 6.1566544540978541 4.5924501389829109 1.8050000000000004 17.575000000000006 4.9904481300834611 4.3310988990285102 1.1450000000000002 4.4450000000000012 63.670000000000009 4.2250000000000005 72.615000000000023 1.3550000000000002 1.675 8.1150000000000002
decision_type=2 2 2 2 2 2 2 2 2 2 2 2 2 2 2
left_child=2 14 6 -4 12 -6 8 -8 10 -10 -1 -9 -5 -3 -2
right_child=1 13 3 4 5 -7 7 11 9 -11 -12 -13 -14 -15 -16
leaf_value=-0.00023974582985621166 0.0097616614827937386 -0.021567868397690204 0.022726617684814415 -0.03135646417521494 -0.014061949302590367 0.035476754231005395 -0.012366677824885422 -0.0062736035132011318 -0.03090871166596652 0.02197140302440774 -0.039635341791125808 0.036899505598727775 -0.0096998325204695132 0.017054638021082195 0.052094191013947695
leaf_weight=528.42349273525178 5.1289929524064082 8.06850817799568 7.6509996429085723 20.040559813380241 6.4618526175618154 7.28873261064291 11.214403599500654 5.1032001227140453 5.3143670074641696 34.205495729111135 7.6953470166772595 19.061842981725931 63.089026974514127 7.2052498050034037 4.6330256909132004
leaf_count=1881 17 20 30 44 17 32 30 16 16 319 28 86 190 30 23
internal_value=4.80854e-05 0.0117387 -0.000365595 -0.00848729 -0.0112411 0.0122795 0.00102237 0.0147042 0.000143548 0.0140757 -0.000892857 0.0275773 -0.0153265 -0.00292808 0.0335696
internal_weight=740.585 25.0358 715.549 104.531 96.8802 13.7506 611.018 35.3794 575.639 39.5199 536.119 24.165 83.1296 15.2738 9.76202
internal_count=2779 90 2689 313 283 49 2376 132 2244 335 1909 102 234 50 40
is_linear=0
shrinkage=0.04


Tree=127
num_leaves=16
num_cat=0
split_feature=13 9 13 7 1 21 14 0 18 3 7 4 20 7 21
split_gain=2.38687 7.26864 2.96 8.96829 7.86948 7.30343 3.70354 12.914 5.49375 4.83118 11.1755 8.84451 3.07851 1.99747 0.749468
threshold=0.0056500000000000014 5.9250000000000007 0.007150000000000001 3.3050000000000002 0.85750000000000004 3.5166852037525911 4.6450000000000005 1.8050000000000004 1.2769500000000003 1.5650000000000002 5.1050000000000013 7.9800000000000013 1.794487503130185 4.3650000000000011 4.4530816323953761
decision_type=2 2 2 2 2 2 2 2 2 2 2 2 2 2 2
left_child=1 -1 3 5 -5 -2 7 8 -4 11 -11 -8 -9 -6 -3
right_child=2 14 6 4 13 -7 9 12 -10 10 -12 -13 -14 -15 -16
leaf_value=-0.0086491870166336225 -0.011541590769782003 0.0093204088697545259 -0.012686110828897779 0.014431110970015605 -0.046183463794489787 0.040038149016987185 0.009234646447398567 -0.0012874511608765313 0.011026545470343478 -0.017066910047666858 0.00017890040966653045 -0.0048208428653103421 0.044840525594469431 -0.01455758165490372 0.045049631264123917
leaf_weight=10.351673144847156 8.5560726970434171 2.4936058893799764 28.915756598114967 5.4308559484779861 12.757415667176248 7.0687113404273978 159.88527149707079 2.2643337212502983 31.712399296462536 79.299928441643715 235.62434041593224 127.4813999645412 14.530056508257983 6.9397843778133383 6.5986057929694653
leaf_count=39 27 11 87 23 30 34 569 26 116 225 999 376 136 33 48
internal_value=4.70591e-05 0.0135343 -0.0003241 -0.0106671 -0.0251892 0.0123168 0.00029903 0.00848434 -0.000175404 -0.000752223 -0.00417866 0.00297652 0.0384488 -0.0366692 0.0379378
internal_weight=739.91 19.4439 720.466 40.7528 25.1281 15.6248 679.713 77.4225 60.6282 602.291 314.924 287.367 16.7944 19.6972 9.09221
internal_count=2779 98 2681 147 86 61 2534 365 203 2169 1224 945 162 63 59
is_linear=0
shrinkage=0.04


Tree=128
num_leaves=14
num_cat=0
split_feature=3 15 3 3 14 16 17 17 17 16 11 16 19
split_gain=2.33135 4.01915 3.79084 5.35198 5.29748 6.79274 4.09325 3.20606 10.7815 6.48175 2.90325 4.99914 1.46571
threshold=5.1300000000000008 72.125000000000014 3.3750000000000004 2.9950000000000006 9.3050000000000015 2.0750000000000006 0.5400600000000001 0.7444200000000003 0.87485500000000005 1.3550000000000002 6.035000000000001 1.3150000000000002 4.160000000000001
decision_type=2 2 2 2 2 2 2 2 2 2 2 2 2
left_child=2 -2 3 7 5 -5 10 9 -9 -1 11 -4 -3
right_child=1 12 6 4 -6 -7 -8 8 -10 -11 -12 -13 -14
leaf_value=-0.0048484483998271401 -0.0476731597614607 -0.017176532146414257 -0.0224668728427155 -0.025161815025390645 -0.041502010292266134 0.036286152370445468 0.041851523982603424 -0.022730727823044049 0.0024929166179076564 0.0044387268999300988 -0.023839901566854699 0.040194587038200544 0.027267136616644302
leaf_weight=169.23983033001423 3.2986764945089808 0.95330424606800113 2.3363976478576678 6.043935030698778 8.8326212614774686 3.8673366671428084 6.2145026763901106 38.348958268761635 85.270645743235946 405.14884783886373 3.4214297272264957 4.2397204097360373 1.8300804635509846
leaf_count=485 8 3 5 16 22 47 79 115 302 1588 18 47 44
internal_value=4.89053e-05 -0.0227779 0.000279995 -0.000154197 -0.0206998 0 0.0188346 0.000414902 -0.00538731 0.00168475 0.00129515 0.016849 0.00941411
internal_weight=739.046 6.08206 732.964 716.752 18.7439 9.91127 16.2121 698.008 123.62 574.389 9.99755 6.57612 2.78338
internal_count=2779 55 2724 2575 85 63 149 2490 417 2073 70 52 47
is_linear=0
shrinkage=0.04


Tree=129
num_leaves=9
num_cat=0
split_feature=7 3 4 14 4 4 14 14
split_gain=2.34077 3.66132 3.012 5.62106 4.33394 2.64564 8.53548 8.37844
threshold=1.9550000000000003 1.7750000000000001 2.7100000000000004 3.0550000000000002 2.8650000000000007 4.7650000000000006 4.7350000000000012 5.4050000000000011
decision_type=2 2 2 2 2 2 2 2
left_child=1 -1 3 -2 -4 7 -7 -6
right_child=2 -3 4 -5 5 6 -8 -9
leaf_value=0.034891689650969955 0.0021787718882678693 -0.0078453093796518724 0.033490469712897417 -0.041288910055108125 0.0018339208685266709 0.035182456495896013 0.00053229401706371448 -0.016198445004226788
leaf_weight=6.57300917804241 10.574746586382391 4.5944192782044411 5.1926250159740439 7.0822477936744681 119.78794118016958 10.651977321133016 512.63362364470959 61.233931697905064
leaf_count=31 36 14 23 13 461 125 1910 166
internal_value=4.33132e-05 0.0174519 -0.000236656 -0.0161059 0.000169129 -0.000112331 0.00131865 -0.00427738
internal_weight=738.325 11.1674 727.157 17.657 709.5 704.307 523.286 181.022
internal_count=2779 45 2734 49 2685 2662 2035 627
is_linear=0
shrinkage=0.04


Tree=130
num_leaves=22
num_cat=0
split_feature=11 21 8 20 13 8 21 8 4 6 17 20 7 13 18 1 12 15 2 1 0
split_gain=2.32562 6.91626 7.93523 18.6224 11.56 8.27649 8.12061 6.79338 5.16813 8.27195 13.2281 6.70452 5.13348 7.02892 5.05455 6.86233 10.6673 9.46944 6.32744 6.31134 6.11702
threshold=2.3950000000000005 6.5844545048283676 7.4350000000000014 4.78413029309342 0.016450000000000003 9.6300000000000008 4.2209997842879607 11.505000000000001 4.705000000000001 1.0185000000000002 0.62887499999999996 2.8173840024114907 5.0100000000000007 0.0077500000000000008 1.1787750000000001 0.8025000000000001 1.5750000000000004 83.545000000000002 1.3750000000000002 0.7915000000000002 2.2650000000000001
decision_type=2 2 2 2 2 2 2 2 2 2 2 2 2 2 2 2 2 2 2 2 2
left_child=1 2 4 7 6 -5 -1 -4 9 12 11 -11 13 -2 18 16 -16 -17 19 -10 -20
right_child=8 -3 3 5 -6 -7 -8 -9 14 10 -12 -13 -14 -15 15 17 -18 -19 20 -21 -22
leaf_value=-0.0028062875011664618 -0.010688066617035223 -0.022542566139130974 0.051361527453714251 -0.034155340724792094 -0.03588271925392416 0.017665774718952781 0.018566932556868254 -0.0010105439966010396 -0.018049174603608078 -0.01454429847088627 0.024604343086956377 -0.045856806270231247 -0.021773585757518504 0.029333255143040766 -0.0014988717032681878 -0.0028388646509521611 0.034501902674097938 0.015167820687226104 -0.039477700179064823 0.0079388430926626147 0.0021994185576736601
leaf_weight=77.523876778781414 10.617224276065828 13.560001514852045 20.917835593223575 9.505825802683832 11.240084327757357 8.2141741961240751 43.304209668189287 4.4282768517732611 22.307192429900169 31.490207273513079 8.5078376960009319 18.259826213121414 7.4617680162191382 16.615791201591492 26.252418160438538 263.63265727739781 24.4812972843647 55.725008501671255 15.409384354948999 40.479801289737225 7.8933415412902823
leaf_count=271 43 37 113 23 27 29 184 15 56 96 34 36 25 75 81 1015 160 273 31 130 25
internal_value=4.5121e-05 0.00387465 0.00608183 0.0207913 0.00110489 -0.0100456 0.00487763 0.0422168 -0.0012609 -0.009808 -0.0189309 -0.0268717 0.0053879 0.013621 0.000480828 0.00253157 0.0160496 0.000315705 -0.0081711 -0.00130707 -0.0255216
internal_weight=737.828 188.694 175.134 43.0661 132.068 17.72 120.828 25.3461 549.134 92.9527 58.2579 49.75 34.6948 27.233 456.181 370.091 50.7337 319.358 86.0897 62.787 23.3027
internal_count=2779 699 662 180 482 52 455 128 2080 309 166 132 143 118 1771 1529 241 1288 242 186 56
is_linear=0
shrinkage=0.04


Tree=131
num_leaves=24
num_cat=0
split_feature=3 1 18 3 2 11 21 12 1 17 1 19 4 5 14 12 4 15 10 18 4 1 19
split_gain=2.30157 8.67404 8.70495 13.2331 10.5305 12.0993 8.64239 7.17967 8.82166 6.83055 6.37515 6.03635 5.74598 5.62647 5.50258 5.37094 12.5248 5.34716 5.09338 5.02638 4.49696 3.29157 1.6394
threshold=1.6850000000000003 0.79550000000000021 1.0907200000000004 1.1450000000000002 1.3650000000000004 5.0950000000000006 3.429865549424103 1.1150000000000004 0.8045000000000001 0.87485500000000005 0.88950000000000007 1.4662500000000005 9.0050000000000008 7.3450000000000006 8.2250000000000032 1.3950000000000002 4.705000000000001 74.750000000000014 4.955000000000001 1.0214400000000003 13.585000000000003 0.77450000000000008 7.4787500000000007
decision_type=2 2 2 2 2 2 2 2 2 2 2 2 2 2 2 2 2 2 2 2 2 2 2
left_child=1 9 3 -3 6 -6 -4 10 11 13 22 -9 -11 19 -12 16 -10 -17 -13 -1 -14 -15 -2
right_child=7 2 4 -5 5 -7 -8 8 15 12 14 18 20 21 -16 17 -18 -19 -20 -21 -22 -23 -24
leaf_value=-0.020919135056342127 -0.041185890434333947 -0.016070178632294756 -0.019208839595267879 0.051374174116840844 0.014579675033878581 -0.0090258059994964834 0.0022516111390764142 -0.011509928652024205 -0.020947899868187569 0.033038672002035557 -0.024421260064252683 0.022922024021297761 -0.020899738650480667 -0.015811609418075561 0.018608161666543169 -0.012167271750295987 0.028543347564253724 0.0013963432254874317 -0.019127688669376319 0.015669210858748134 0.01921460761358184 -0.04445079864599874 -0.012926218737523049
leaf_weight=10.705391302704813 13.697483755648138 6.0776111185550716 46.844999521970749 13.38447631895542 146.96308471262455 44.209955334663391 78.692254893481731 11.947210934013127 11.852763719856737 7.9562233611941364 7.506426569074395 46.132861244492233 11.03385439515114 18.166562110185627 9.7747806683182699 112.32688170485198 21.333826217800379 76.901398531161249 4.146377019584178 11.250120781362055 6.0207054167985907 12.567769750952719 7.0783058628439894
leaf_count=27 30 15 133 61 576 133 266 37 33 30 23 248 26 47 34 432 93 421 12 41 19 23 19
internal_value=3.95076e-05 0.00202247 0.00482495 0.0301656 0.00315251 0.00906057 -0.00578178 -0.00247739 -0.000241342 -0.00990808 -0.0185624 0.0129206 0.0068932 -0.0180121 0 -0.00400089 0.0105376 -0.00663467 0.0189929 -0.0019567 -0.00601534 -0.0288064 -0.032961
internal_weight=736.571 413.873 336.172 19.4621 316.71 191.173 125.537 322.698 284.641 77.7006 38.057 62.2264 25.0108 52.6898 17.2812 222.415 33.1866 189.228 50.2792 21.9555 17.0546 30.7343 20.7758
internal_count=2779 1397 1184 76 1108 709 399 1382 1276 213 106 297 75 138 57 979 126 853 260 68 45 70 49
is_linear=0
shrinkage=0.04


Tree=132
num_leaves=16
num_cat=0
split_feature=19 20 20 21 10 20 6 10 20 4 6 3 21 21 2
split_gain=2.28888 8.22284 9.6723 8.29192 8.26274 3.0622 8.41427 8.33348 6.7462 5.63627 5.25451 8.16507 6.86226 4.65858 6.02152
threshold=-0.11250000000000014 4.542179557375376 3.7222093723720229 5.9541970505471769 4.6750000000000007 2.2521367506054513 1.0265000000000002 1.425 2.1907945775129707 2.7100000000000004 1.0305000000000002 1.4750000000000003 2.8095689909521737 3.1615167412837226 1.2350000000000001
decision_type=2 2 2 2 2 2 2 2 2 2 2 2 2 2 2
left_child=1 2 3 4 -1 6 7 -2 -9 -7 12 -12 -11 -8 -15
right_child=5 -3 -4 -5 -6 9 13 8 -10 10 11 -13 -14 14 -16
leaf_value=0.03417293215238227 0.042472360365931924 -0.022270781118021273 0.058943107410782708 -0.027193566538326802 -0.017751329452109145 -0.026582909514956631 0.057853293937983823 -0.016606885935578363 0.028870384107526032 -0.0081404332479920721 0.0034459219377487339 -0.011111650995369943 0.0052118927014442448 -0.033973127129420112 0.023842971541566227
leaf_weight=15.678228192031389 4.5808875132352105 9.5894153565168363 6.3335144743323317 7.3534329682588568 5.9892045855522147 12.944849908351896 4.9371595159173038 32.963347860611975 5.1253880076110354 77.596071735024452 101.77745904773474 151.38483780995011 279.82214473001659 2.4290269464254406 16.850067936815321
leaf_count=66 36 23 30 20 14 32 22 142 32 238 318 540 1153 5 108
internal_value=3.20644e-05 0.00868762 0.0176864 0.00675253 0.0193174 -0.000531567 0.00751907 -0.00307192 -0.00970057 -0.00141863 -0.00082945 -0.00523714 0.00227614 0.0258797 0.014848
internal_weight=735.355 44.9438 35.3544 29.0209 21.6674 690.411 66.8859 42.6696 38.0887 623.525 610.581 253.162 357.418 24.2163 19.2791
internal_count=2779 153 130 100 80 2626 345 210 174 2281 2249 858 1391 135 113
is_linear=0
shrinkage=0.04


Tree=133
num_leaves=14
num_cat=0
split_feature=3 3 3 10 17 16 5 13 4 11 16 19 21
split_gain=2.21595 3.59821 5.03902 4.79835 3.82726 3.5418 3.03185 4.75164 2.74568 2.67364 4.68114 1.42964 0.598884
threshold=5.1300000000000008 3.3750000000000004 2.9950000000000006 2.7450000000000006 0.5400600000000001 1.885 37.475000000000001 0.07110000000000001 10.740000000000002 6.035000000000001 1.3150000000000002 10.600000000000003 8.1389610343752761
decision_type=2 2 2 2 2 2 2 2 2 2 2 2 2
left_child=1 2 6 5 9 -4 7 -1 -2 10 -3 -10 -8
right_child=8 4 3 -5 -6 -7 12 -9 11 -11 -12 -13 -14
leaf_value=0.00041560726049581716 -0.042372207415854068 -0.021507915527585072 -0.02229695900148387 -0.039163808393097153 0.041293545378028748 0.022369470462106342 0.031170281064855327 -0.03147379741016082 -0.017756852756784888 -0.022408483143538303 0.03964818387564191 0.026101323730778239 0.0070154852943515112
leaf_weight=678.07688453048468 3.3375039398670188 2.2946398705244047 4.5853754281997698 9.2033293163403851 5.9721804969012728 4.7756398115307093 4.7927904948592168 6.5582968592643729 1.1521099051460626 3.4457915239036083 4.1115866992622614 1.511275199241936 4.828699491918087
leaf_count=2435 11 5 11 27 79 47 22 14 12 18 47 32 19
internal_value=3.60025e-05 0.000261691 -0.000158506 -0.0201867 0.0185499 0 0.000393804 5.30034e-05 -0.0223481 0.00149105 0.0167162 0.00527733 0.0216028
internal_weight=734.646 728.645 712.821 18.5643 15.8242 9.36102 694.257 684.635 6.00089 9.85202 6.40623 2.66339 9.62149
internal_count=2779 2724 2575 85 149 58 2490 2449 55 70 52 44 41
is_linear=0
shrinkage=0.04


Tree=134
num_leaves=15
num_cat=0
split_feature=1 1 20 13 6 20 15 19 0 15 6 2 9 10
split_gain=2.20316 5.2055 3.47918 6.43499 8.98331 5.49946 6.97027 6.85123 5.44366 2.8815 5.0603 3.43779 0.923763 0.564684
threshold=0.99900000000000011 0.99350000000000016 4.6122700646769816 0.036550000000000006 1.1175000000000004 4.3147939242164499 84.715000000000018 -0.11250000000000014 1.0950000000000004 70.195000000000007 1.0425000000000002 1.4950000000000003 20.825000000000003 1.6050000000000002
decision_type=2 2 2 2 2 2 2 2 2 2 2 2 2 2
left_child=1 2 5 8 -5 7 -7 -1 -4 -2 11 -11 -12 -13
right_child=9 -3 3 4 -6 6 -8 -9 -10 10 12 13 -14 -15
leaf_value=0.018726188376431557 -0.02319095282848729 0.036731004955513465 0.019883916431286591 0.027457190028027705 -0.022846923972231547 0.005541694048897928 0.04568672917699778 -0.00059854944990487971 -0.01351895200216321 -0.0022205407529567482 -0.026284552648440901 0.0098081061645766184 -0.0038778224216343836 0.043025691229681647
leaf_weight=30.156612556427717 13.596386238932608 5.3239867268130174 7.4971505850553504 17.176282204687599 7.2208273857831946 27.172502361238003 8.7499033547937852 499.80754142161459 87.794337490573525 8.5500607937574404 8.0184170529246312 2.7546185851097098 6.3800752684473983 4.0062688495963812
leaf_count=114 39 32 25 68 17 93 43 1981 258 28 20 15 20 26
internal_value=3.28977e-05 0.000597395 0.000252049 -0.00590114 0.0119403 0.00157571 0.0165093 0.000519219 -0.0106287 -0.00860271 -0.00112819 0.0141633 -0.0177721 0.0335302
internal_weight=734.205 690.899 685.575 119.689 24.3971 565.887 35.9224 529.964 95.2915 43.3058 29.7094 15.3109 14.3985 6.76089
internal_count=2779 2631 2599 368 85 2231 136 2095 283 148 109 69 40 41
is_linear=0
shrinkage=0.04


Tree=135
num_leaves=11
num_cat=0
split_feature=15 15 19 19 20 20 19 19 17 2
split_gain=2.20339 3.57997 3.34761 3.0379 5.32529 8.25296 3.31643 7.30565 6.27033 1.82934
threshold=94.470000000000013 92.120000000000019 1.9000000000000004 -0.11250000000000014 4.542179557375376 3.7339152243533236 2.3812500000000005 3.0900000000000003 0.19718000000000008 1.7650000000000003
decision_type=2 2 2 2 2 2 2 2 2 2
left_child=1 3 -3 4 5 -1 8 -8 -5 -2
right_child=9 2 -4 6 -6 -7 7 -9 -10 -11
leaf_value=0.0070381574283992733 0.030208107849523606 0.001607802543274588 -0.031627608258387452 0.0048908850277508903 -0.019716724592984045 0.056971940748763376 0.014778130252357042 -0.00042757634534234173 -0.0096203767108179652 -0.00045575738823257065
leaf_weight=27.895708363503218 6.0291899517178518 7.694583103060725 10.062546843662856 71.278699517250061 6.5216804295778266 5.8226805701851836 56.714123629033566 400.61763551458716 136.65399368293583 4.6404240364208817
leaf_count=98 29 25 29 264 16 28 249 1588 431 22
internal_value=3.81591e-05 -0.000228817 -0.0174815 0.000218228 0.0107607 0.017284 -0.000422643 0.00146877 -0.00460807 0.01729
internal_weight=733.931 723.262 17.7571 705.505 40.2401 33.7184 665.264 457.332 207.933 10.6696
internal_count=2779 2728 54 2674 142 126 2532 1837 695 51
is_linear=0
shrinkage=0.04


Tree=136
num_leaves=16
num_cat=0
split_feature=20 20 20 13 14 21 9 19 1 13 9 3 19 0 7
split_gain=2.21592 5.01557 4.5173 5.52512 6.34164 6.6862 4.74334 4.54753 7.93855 8.65024 7.40462 5.12026 4.79206 3.85281 2.13268
threshold=5.7796050121252547 6.1566544540978541 4.5924501389829109 0.046600000000000009 8.6350000000000033 5.8550161558750728 14.615 -0.11250000000000014 0.94650000000000001 0.013350000000000002 21.650000000000002 0.96500000000000008 0.99750000000000039 1.675 8.1150000000000002
decision_type=2 2 2 2 2 2 2 2 2 2 2 2 2 2 2
left_child=2 14 7 4 5 -4 -6 8 10 -10 -1 -9 -13 -3 -2
right_child=1 13 3 -5 6 -7 -8 11 9 -11 -12 12 -14 -15 -16
leaf_value=0.051331841947713931 0.0097258207189984073 -0.020885352507497297 0.031703036593259001 0.022138581324803865 -0.02740827819820808 -0.012691054414856365 -0.0068776718773991986 0.048564681412128899 -0.035757397040056919 0.021956781152018105 0.0036018387905713159 -0.010459019531829988 0.0010770231832260078 0.017018016092160481 0.050693148734778641
leaf_weight=10.900964342057707 5.0915113762021083 7.9865155071020109 9.4882141277194041 7.8307408019900313 32.649676576256752 10.114064384251831 43.72511650621891 2.4617632031440726 7.4430777132511121 7.1076676100492477 10.211166694760321 64.016036935150623 502.92609656602144 7.119668897241354 4.5276567377150059
leaf_count=53 17 20 42 30 81 33 127 11 17 27 34 199 2035 30 23
internal_value=3.98566e-05 0.0115821 -0.000367212 -0.00804258 -0.0107904 0.00890479 -0.0159985 0.000947504 0.0146032 -0.007452 0.0298153 5.40942e-05 -0.0002276 -0.00257702 0.03272
internal_weight=733.6 24.7254 708.875 103.808 95.9771 19.6023 76.3748 605.067 35.6629 14.5507 21.1121 569.404 566.942 15.1062 9.61917
internal_count=2779 90 2689 313 283 75 208 2376 131 44 87 2245 2234 50 40
is_linear=0
shrinkage=0.04


Tree=137
num_leaves=8
num_cat=0
split_feature=10 10 15 21 21 21 16
split_gain=2.20853 5.89939 2.83641 3.47077 12.5498 6.37043 2.39348
threshold=0.9850000000000001 1.0550000000000004 94.470000000000013 5.6616546533298502 6.0759309881467845 5.3495866847466393 2.1650000000000005
decision_type=2 2 2 2 2 2 2
left_child=-1 -2 3 5 -5 -3 -4
right_child=1 2 6 4 -6 -7 -8
leaf_value=-0.020492951202919187 0.043128590716519782 0 0.035893408580447234 -0.023688841851628555 0.0023934507096158952 0.018650838330795807 -0.0016234794826579457
leaf_weight=7.2700812965631476 4.107989937067031 551.08063840400428 5.431158781051634 42.838071221485734 88.520102086476982 29.995817898772657 3.90105617698282
leaf_count=21 24 2030 24 137 384 137 22
internal_value=4.79168e-05 0.000292562 0 -0.000311905 -0.00616669 0.0010062 0.020797
internal_weight=733.145 725.875 721.767 712.435 131.358 581.076 9.33221
internal_count=2779 2758 2734 2688 521 2167 46
is_linear=0
shrinkage=0.04


Tree=138
num_leaves=12
num_cat=0
split_feature=14 1 4 20 8 20 8 12 8 20 1
split_gain=2.20507 6.33983 4.29937 3.33887 3.09345 5.83441 3.91752 4.55014 2.84984 1.82878 0.966033
threshold=2.9750000000000005 0.96950000000000014 2.5650000000000004 1.794487503130185 3.0150000000000001 2.5222298107816008 3.7750000000000004 1.8750000000000002 3.8650000000000007 3.1189931334205068 0.82750000000000001
decision_type=2 2 2 2 2 2 2 2 2 2 2
left_child=1 3 -2 -1 5 -4 7 -6 -8 -7 -5
right_child=2 -3 4 10 6 9 8 -9 -10 -11 -12
leaf_value=-0.0039397411731042628 -0.030519725461378655 -0.017472004484229219 -0.0055872529257860208 0.0098962986147942515 -0.022772984836342398 0.049959082547840865 0.027357087683188765 0.012899162911087366 -5.5108988990988945e-05 0.010217168328809261 0.047061385021805409
leaf_weight=3.2206993894651559 6.458262398838996 6.2524670623242846 10.021804913878443 2.7399865984916669 22.946081757545475 5.4794887751340848 5.120809704065322 6.4856163002550593 652.79990291409194 4.319486029446125 7.058472529053688
leaf_count=17 14 24 31 13 63 28 24 26 2476 17 46
internal_value=4.96205e-05 0.0130681 -0.000308543 0.0285057 0 0.0152001 -0.000449404 -0.0144838 0.000187302 0.0357496 0.0392885
internal_weight=732.903 19.2716 713.631 13.0192 707.173 19.8208 687.352 29.4317 657.921 9.79897 9.79846
internal_count=2779 100 2679 76 2665 76 2589 89 2500 45 59
is_linear=0
shrinkage=0.04


Tree=139
num_leaves=14
num_cat=0
split_feature=1 1 10 13 10 20 15 15 1 21 12 12 15
split_gain=2.093 4.85957 2.99303 8.33771 9.2615 7.74992 5.05129 8.60809 8.31794 2.98851 2.63436 5.61621 3.70471
threshold=0.99900000000000011 0.99350000000000016 3.4150000000000005 0.026150000000000003 3.0850000000000004 4.78413029309342 64.975000000000009 63.515000000000008 0.97150000000000014 2.9999999989318238 1.1050000000000002 1.4450000000000001 74.750000000000014
decision_type=2 2 2 2 2 2 2 2 2 2 2 2 2
left_child=1 2 3 5 -5 -1 7 -4 -8 -2 -11 -12 -13
right_child=9 -3 6 4 -6 -7 8 -9 -10 10 11 12 -14
leaf_value=0.0024237649618859733 -0.030097525995670393 0.035681109127513357 -0.0037629979555334463 0.051079645673578922 0.0034526889764608386 -0.012726026609635 -0.0037521826961700727 -0.045744643838675929 0.032619709615526377 -0.020013613044799219 0.029226946080060833 -0.027927708102271992 0.0064987461662252069
leaf_weight=434.72454734891653 7.3303597271442404 5.2649903148412696 25.244639419019222 10.273133955895903 16.867228010669351 60.625728026032448 115.65644196793437 10.791525103151796 10.001362234354017 9.5761751830577833 8.1663026809692401 7.8800239227712181 10.1738139167428
leaf_count=1792 19 32 73 56 53 175 383 21 46 25 38 20 46
internal_value=5.18275e-05 0.000602347 0.000269049 0.00175239 0.0229392 0.000531567 -0.0044563 -0.0174467 -0.000559421 -0.00838202 -0.00302061 0.00339896 -0.00878474
internal_weight=732.576 689.45 684.185 522.491 27.1404 495.35 161.694 36.0362 125.658 43.1267 35.7963 26.2201 18.0538
internal_count=2779 2631 2599 2076 109 1967 523 94 429 148 129 104 66
is_linear=0
shrinkage=0.04


Tree=140
num_leaves=7
num_cat=0
split_feature=15 15 15 21 1 6
split_gain=2.09386 2.98407 3.3573 3.30268 11.602 4.1626
threshold=56.725000000000009 58.140000000000008 59.310000000000009 2.7879393926777847 0.97650000000000003 1.0185000000000002
decision_type=2 2 2 2 2 2
left_child=-1 -2 -3 4 -4 -5
right_child=1 2 3 5 -6 -7
leaf_value=0.021650056487466013 -0.021904819151496117 0.024698559373996155 -0.0004714056150928138 0.0058490749968984745 -0.03871285757344798 -0.0012692366954909422
leaf_weight=6.1165931075811377 8.9549773558974248 7.8020323365926734 70.428176663815975 186.14724250044674 14.612934693694113 437.71200313884765
leaf_count=22 22 33 228 849 34 1591
internal_value=5.06652e-05 -0.000149931 0.000140885 -0.000152534 -0.00750912 0.000847885
internal_weight=731.774 725.657 716.702 708.9 85.0411 623.859
internal_count=2779 2757 2735 2702 262 2440
is_linear=0
shrinkage=0.04


Tree=141
num_leaves=9
num_cat=0
split_feature=10 10 15 15 13 19 0 13
split_gain=2.11986 5.08124 2.70314 3.1866 3.58974 3.15132 2.29008 1.88562
threshold=0.9850000000000001 1.1050000000000002 94.470000000000013 92.120000000000019 0.0056500000000000014 1.9000000000000004 2.1650000000000005 0.0063500000000000006
decision_type=2 2 2 2 2 2 2 2
left_child=-1 7 3 4 -3 -5 -4 -2
right_child=1 2 6 5 -6 -7 -8 -9
leaf_value=-0.020067235523838951 0.0082806741637687399 0.025354463765164981 0.035109405693078063 0.0018197611067056532 -0.0003062274549527118 -0.030433367130554424 -0.0016181880023929693 0.045889657808917246
leaf_weight=7.277571663260459 5.7387864720076305 7.8354517947882405 5.3768792897462827 7.6570729017257717 679.50258073024452 10.052630813792346 3.8976935669779778 4.0980600267648697
leaf_count=21 28 51 24 25 2559 28 22 21
internal_value=4.72663e-05 0.000287837 -0.000113267 -0.000420631 1.1084e-05 -0.0167087 0.0202406 0.0274757
internal_weight=731.437 724.159 714.322 705.048 687.338 17.7097 9.27457 9.83685
internal_count=2779 2758 2709 2663 2610 53 46 49
is_linear=0
shrinkage=0.04


Tree=142
num_leaves=11
num_cat=0
split_feature=20 20 14 5 21 21 18 0 2 18
split_gain=2.08361 4.68619 4.05379 4.99284 4.24464 8.43482 5.27995 3.53702 2.47488 0.696434
threshold=5.7796050121252547 6.1566544540978541 25.655000000000005 33.520000000000003 5.7198880256508184 6.0759309881467845 2.5739000000000005 1.675 2.0750000000000006 1.4830700000000003
decision_type=2 2 2 2 2 2 2 2 2 2
left_child=2 9 3 4 6 -6 -1 -3 -5 -2
right_child=1 7 -4 8 5 -7 -8 -9 -10 -11
leaf_value=0.002064436323920945 0.042245891255821622 -0.020012954812988887 -0.023241280190443719 0.049275800294938062 -0.023476505206317548 0.00013132993686679737 -0.013074369351453731 0.016390680519649894 0.0016011538163685857 0.012749991836718112
leaf_weight=542.33636667672545 5.1007620915770548 7.9467012137174589 11.161326043307779 3.8885162323713294 34.817108959890902 72.673162330873311 38.465992758981884 7.0749579556286335 3.3781916974112391 4.4247124753892422
leaf_count=1977 21 20 30 20 110 321 205 30 26 19
internal_value=4.91044e-05 0.0112812 -0.000345113 4.36446e-05 -0.000315533 -0.00758764 0.00102731 -0.00241522 0.030955 0.0318178
internal_weight=731.268 24.5471 706.721 695.559 688.293 107.49 580.802 15.0217 7.26671 9.52547
internal_count=2779 90 2689 2659 2613 431 2182 50 46 40
is_linear=0
shrinkage=0.04


Tree=143
num_leaves=15
num_cat=0
split_feature=6 6 20 13 20 19 10 12 0 19 0 2 2 21
split_gain=2.07983 6.99032 4.44251 4.34822 3.73596 6.49131 6.90995 6.01281 4.2545 7.97765 4.7466 3.54933 6.79741 1.26364
threshold=1.1175000000000004 1.1305000000000003 5.7796050121252547 0.015950000000000002 4.78413029309342 11.520000000000001 4.1950000000000012 1.6950000000000001 4.7350000000000012 16.385000000000002 5.3050000000000006 2.0750000000000006 1.6150000000000004 6.4406577446779112
decision_type=2 2 2 2 2 2 2 2 2 2 2 2 2 2
left_child=2 -2 4 -4 8 7 -7 -6 9 -1 -10 12 -3 -5
right_child=1 11 3 13 5 6 -8 -9 10 -11 -12 -13 -14 -15
leaf_value=0.00082548380051786002 -0.038925638529656761 -0.0085320359994091252 -0.0050501186359280864 0.012236781008383091 -0.0043685344892468317 0.046103948905192899 -0.011707400197017589 -0.030702868374151541 0.044192226868852373 -0.033188678115066768 0.0063646983017149727 -0.019371873447711626 0.04766179540682064 0.043435382152982038
leaf_weight=569.02862151712179 8.3446158133447188 7.1761960387229937 7.0118251368403461 5.436095751821993 41.582097753882408 5.6555162742733938 5.6119246780872345 20.860264621675014 6.1000117035582653 10.247987747192381 25.944437185302377 6.0676846466958514 4.9420846924185753 6.9936179742217064
leaf_count=2092 18 21 23 19 122 26 16 53 63 22 227 20 22 35
internal_value=5.05991e-05 -0.0107229 0.000482297 0.0188588 -5.43051e-05 -0.00850969 0.0180508 -0.0136375 0.000964367 0.000153795 0.0149271 0.00315525 0.0156614 0.0323136
internal_weight=731.003 26.5306 704.472 19.4415 685.031 73.7098 11.2674 62.4424 611.321 579.277 32.0444 18.186 12.1183 12.4297
internal_count=2779 81 2698 77 2621 217 42 175 2404 2114 290 63 43 54
is_linear=0
shrinkage=0.04


Tree=144
num_leaves=24
num_cat=0
split_feature=3 1 8 15 4 4 15 8 7 12 1 17 7 7 9 17 21 7 15 1 15 6 20
split_gain=2.01487 8.10876 8.00293 10.918 10.3033 10.2898 11.3275 9.88004 7.18848 6.62512 7.97031 6.27732 7.19694 6.23753 6.81212 5.82211 6.84509 5.42927 5.27756 5.17982 4.73078 6.82806 6.50165
threshold=1.6850000000000003 0.79550000000000021 11.115 84.565000000000012 10.585000000000003 5.495000000000001 78.205000000000013 18.555000000000003 6.1350000000000007 1.1150000000000004 0.8045000000000001 0.87485500000000005 11.700000000000001 4.6950000000000012 28.245000000000001 0.35985500000000009 3.5044871782144704 4.455000000000001 75.670000000000016 0.74150000000000016 82.305000000000021 1.0455000000000003 3.1486659441835303
decision_type=2 2 2 2 2 2 2 2 2 2 2 2 2 2 2 2 2 2 2 2 2 2 2
left_child=1 11 5 4 -4 6 -3 -5 -7 15 13 17 -13 19 -15 16 -2 18 -1 -11 22 -22 -12
right_child=9 2 3 7 -6 8 -8 -9 -10 10 20 12 -14 14 -16 -17 -18 -19 -20 -21 21 -23 -24
leaf_value=0.022733461639325561 0.030238323468399768 0.012141068293917459 -0.022394059091619175 0.043526878174971258 0.003242723993180411 0.046214151270697376 -0.010883009934246315 -0.0042912273779815123 0.014482175732016784 -0.025788089178230309 -0.00020018594788744588 0.028863273998658859 -0.012590871098192433 0.028377939890284986 -0.01548103207605302 -0.0329718072123035 -0.018046369657519306 -0.026487853566734342 -0.018658356927216267 0.011994886921664533 0.023940157198534671 -0.0087456687683763364 -0.015653544594214114
leaf_weight=8.1796931326389331 6.0764137580990818 86.586098715662956 48.706047981977463 12.43296765163541 49.251190148293972 14.837909761816261 54.874918766319752 13.35192686319351 53.004734873771667 9.3550376035273093 109.29585681203753 11.388963118195536 13.425217315554617 34.306631108745933 5.8351590586826196 18.854777671396732 12.887859638780354 34.5259889960289 9.6287666857242566 12.02347072586417 20.775379906408489 18.069358301348984 72.659224923700094
leaf_count=30 23 342 123 57 157 80 178 39 208 25 525 41 34 201 25 43 40 83 25 46 136 83 235
internal_value=5.06299e-05 0.00191541 0.00464092 -0.00335942 -0.00952098 0.00940232 0.00313982 0.0192313 0.022109 -0.00231232 -0.000152772 -0.00965694 0.0065065 0.0124326 0.0215867 -0.0178081 -0.00143489 -0.0174491 0.000126054 -0.00459466 -0.00373569 0.00869705 -0.00646666
internal_weight=730.334 410.194 333.046 123.742 97.9572 209.304 141.461 25.7849 67.8426 320.139 282.32 77.1486 24.8142 61.5203 40.1418 37.8191 18.9643 52.3344 17.8085 21.3785 220.8 38.8447 181.955
internal_count=2779 1397 1184 376 280 808 520 96 288 1382 1276 213 75 297 226 106 63 138 55 71 979 219 760
is_linear=0
shrinkage=0.04


Tree=145
num_leaves=14
num_cat=0
split_feature=13 11 2 14 7 3 5 4 4 17 3 7 11
split_gain=2.01672 9.18956 5.91865 4.74995 4.87576 4.24503 4.12091 4.09813 8.818 5.89072 3.23602 2.48463 0.758077
threshold=0.051650000000000008 10.440000000000003 1.5050000000000001 16.800000000000004 17.335000000000004 0.96500000000000008 21.630000000000006 11.985000000000001 14.495000000000003 1.0012800000000002 3.0850000000000004 19.005000000000003 5.745000000000001
decision_type=2 2 2 2 2 2 2 2 2 2 2 2 2
left_child=3 2 -2 4 5 -1 -7 -5 -9 -10 -6 -12 -4
right_child=1 -3 12 7 10 6 -8 8 9 -11 11 -13 -14
leaf_value=0.035825086617901868 -0.0013266152935269208 -0.0204394448187783 0.022224103853690558 -0.033035654739643143 0.041065021692445101 0.0003728542109877797 -0.018730688398722783 0.027235327588425316 -0.025367854858788248 0.01065223131347064 -0.029641572648482925 0.024294346622621404 0.056105905790337841
leaf_weight=4.2834428846836081 6.7852982133627 8.9229254573583585 5.0267388969659788 10.586797088384627 6.8018243387341482 617.07616601977497 17.602724699303508 9.0449492931365949 24.341654058545828 9.1642598602920753 1.8206712761893871 1.5967034865170715 5.7953633740544319
leaf_count=17 19 30 17 23 41 2376 55 31 65 33 9 33 30
internal_value=5.12555e-05 0.010681 0.0271328 -0.000353528 0.000583142 0.000111398 -0.000173027 -0.011744 -0.00562592 -0.0152609 0.0267272 -0.00283515 0.044256
internal_weight=728.85 26.5303 17.6074 702.319 649.182 638.962 634.679 53.1377 42.5509 33.5059 10.2192 3.41737 10.8221
internal_count=2779 96 66 2683 2531 2448 2431 152 129 98 83 42 47
is_linear=0
shrinkage=0.04


Tree=146
num_leaves=22
num_cat=0
split_feature=0 15 0 20 0 15 0 13 8 7 0 19 17 9 0 18 10 13 13 3 19
split_gain=2.03964 7.67855 7.44648 8.50007 3.97263 5.12472 4.34908 5.34111 8.26304 3.93868 5.02619 8.04409 3.52928 3.28103 3.2446 4.31961 3.10541 10.4895 5.76697 3.09442 2.3502
threshold=3.7500000000000004 73.695000000000007 5.1950000000000012 4.473447092353843 3.5150000000000001 71.475000000000009 3.2250000000000005 0.016550000000000006 10.185 11.700000000000001 4.7350000000000012 7.2262500000000012 0.70820000000000027 31.330000000000002 4.2250000000000005 1.9643600000000001 3.2450000000000006 0.026150000000000003 0.037100000000000001 2.0750000000000006 4.026250000000001
decision_type=2 2 2 2 2 2 2 2 2 2 2 2 2 2 2 2 2 2 2 2 2
left_child=4 9 13 19 6 -6 16 8 -8 14 -11 -12 -9 -3 -2 -16 17 -1 -18 -4 -7
right_child=1 2 3 -5 5 20 7 12 -10 10 11 -13 -14 -15 15 -17 18 -19 -20 -21 -22
leaf_value=-0.00038799593262394441 0.034878989629423811 0.048359488514671929 0 -0.02363800633809951 0.010912108106807251 -0.0077935315921842463 0.036687665923871036 0.052803479110864061 -0.028213799300651498 -0.031759505036467552 -0.03926822827326195 0.01860848272466073 0.0047007513107861325 0.0083462048789526722 0.021186869451465983 -0.032852749038680983 -0.012600773181754548 0.033089676927049928 0.0065579032811002823 0.039205233208624131 -0.041023231158606829
leaf_weight=473.06555748730898 4.7515349332243186 11.961529177613558 5.4481255002319831 9.9713055137544853 6.6450774893164661 6.9843644928187159 4.1737222410738486 6.4085852801799756 6.9303154796361923 12.78521101921797 4.5133020281791714 11.636398542672394 4.5418641939759254 5.7453289292752734 3.9742467179894447 3.4540195222944021 79.283185847103596 14.453718848526476 35.240167245268822 7.1619063885882497 9.2353886738419515
leaf_count=1699 29 110 23 34 28 30 41 32 22 33 11 75 16 23 26 28 201 62 100 130 26
internal_value=5.46317e-05 0.00599212 0.018244 0.0022964 -0.000688191 -0.0167062 -6.27585e-05 0.0169736 -0.00214247 -0.00597167 -0.0140025 0.000620804 0.0355844 0.0369442 0.0121147 -0.00390805 -0.000727225 0.00065386 -0.00663044 0.0236217 -0.0284624
internal_weight=728.365 81.4029 40.2882 22.5813 646.962 22.8648 624.097 22.0545 11.104 41.1147 28.9349 16.1497 10.9504 17.7069 12.1798 7.42827 602.043 487.519 114.523 12.61 16.2198
internal_count=2779 522 320 187 2257 84 2173 111 63 202 119 86 48 133 83 54 2062 1761 301 153 56
is_linear=0
shrinkage=0.04


Tree=147
num_leaves=15
num_cat=0
split_feature=3 3 3 17 17 18 18 20 17 4 11 16 9 19
split_gain=2.03571 3.46601 4.43053 4.18235 3.51451 3.11899 6.19422 4.22824 2.65013 2.47795 2.40303 4.38522 2.00342 1.32071
threshold=5.1300000000000008 3.3750000000000004 2.9950000000000006 0.4416000000000001 0.5400600000000001 1.72706 1.6889200000000002 2.1133607865531951 0.65317000000000014 10.740000000000002 6.035000000000001 1.3150000000000002 8.5150000000000023 10.600000000000003
decision_type=2 2 2 2 2 2 2 2 2 2 2 2 2 2
left_child=1 2 5 12 10 6 -1 -7 -5 -2 11 -3 -4 -11
right_child=9 4 3 8 -6 7 -8 -9 -10 13 -12 -13 -14 -15
leaf_value=-0.00014040902438752976 -0.040478184867470172 -0.020559367431057695 -0.014401501917854222 -0.050171085395213255 0.040770066760504174 -0.017507616064519428 -0.023267345863760006 0.0077526000713039316 -0.0093519098670803488 -0.016914730951096732 -0.020694320319312093 0.039113182318053948 0.023875338164768615 0.025497064065779635
leaf_weight=529.51435559056699 3.3199229743331662 2.2577035874128324 3.1573854647576836 5.807332309894262 5.7212986112572244 10.431164203211663 18.233033951371908 129.47918775863945 5.8881384544074535 1.1462089624255898 3.4215301275253296 3.9877662435173988 3.4503935072571039 1.4454499799758194
leaf_count=1826 11 5 15 15 79 50 55 559 28 12 18 47 27 32
internal_value=5.999e-05 0.000277569 -0.000133157 -0.0190417 0.0184667 0.000385431 -0.000965819 0.00570164 -0.032606 -0.021531 0.00193218 0.0165774 0.00504511 0.00502532
internal_weight=727.261 721.349 705.961 18.3032 15.3883 687.658 547.747 139.91 11.6955 5.91158 9.667 6.24547 6.60778 2.59166
internal_count=2779 2724 2575 85 149 2490 1881 609 43 55 70 52 42 44
is_linear=0
shrinkage=0.04


Tree=148
num_leaves=9
num_cat=0
split_feature=5 14 9 14 4 14 0 0
split_gain=1.96175 3.97458 3.91784 3.74721 5.22229 5.19241 3.31699 2.68924
threshold=37.475000000000001 25.105000000000004 63.465000000000011 20.950000000000006 18.325000000000006 18.865000000000006 3.7500000000000004 3.1250000000000004
decision_type=2 2 2 2 2 2 2 2
left_child=1 3 -2 5 -5 6 -1 -7
right_child=2 -3 -4 4 -6 7 -8 -9
leaf_value=-0.00054718834240865958 0.034525601561663496 -0.022275953945869932 -0.010544128638794148 0 0.045817530007936015 -0.0025747640658804779 0.0092880794286710981 -0.035051266207696087
leaf_weight=613.31574151106179 6.373881337232886 11.824975892901419 4.3066938035190105 8.8273984193801862 5.8292458355426779 8.0406778454780596 59.181570922955871 9.1921048834919912
leaf_count=2164 39 30 16 24 25 23 437 21
internal_value=5.11694e-05 -0.000202712 0.0163205 0.000187558 0.0195444 -0.00023989 0.000318969 -0.0213091
internal_weight=726.892 716.212 10.6806 704.387 14.6566 689.73 672.497 17.2328
internal_count=2779 2724 55 2694 49 2645 2601 44
is_linear=0
shrinkage=0.04


Tree=149
num_leaves=9
num_cat=0
split_feature=7 3 10 10 20 20 14 13
split_gain=2.03718 3.13232 2.57387 4.22709 2.42602 6.33319 3.33061 2.28395
threshold=1.9550000000000003 1.7750000000000001 0.9850000000000001 1.1050000000000002 5.7796050121252547 6.1566544540978541 25.655000000000005 0.0063500000000000006
decision_type=2 2 2 2 2 2 2 2
left_child=1 -1 -2 7 6 -6 -5 -4
right_child=2 -3 3 4 5 -7 -8 -9
leaf_value=0.033045159538152562 -0.022906696931649352 -0.0070987251799713704 0.00436164847375199 -0.0003976753445639189 0.037295460413312935 -0.0039392744091124674 -0.021829001764322373 0.045120137643341766
leaf_weight=6.2963394373655301 6.907954514026641 4.4278310090303421 5.2204788681119663 665.74773773783818 8.6595522053539771 14.369603283703325 10.837235890328882 4.0216863229870796
leaf_count=31 19 14 25 2552 39 48 30 21
internal_value=4.85393e-05 0.0165963 -0.00021104 3.08216e-05 -0.000330898 0.0121399 -0.000784469 0.0255523
internal_weight=726.488 10.7242 715.764 708.856 699.614 23.0292 676.585 9.24217
internal_count=2779 45 2734 2715 2669 87 2582 46
is_linear=0
shrinkage=0.04


end of trees

feature_importances:
Resistance_Distance_%=248
Squeeze_Tightness=140
RSI_14=134
ATR_Pct=133
Volume_Surge_10=132
Range_Ratio=131
Price_Range_10d_%=131
Close_Position=125
MA_Ratio=116
Daily_Range_%=107
Volatility_10d=103
Distance_MA10_%=97
Upper_Shadow_Pct=97
Extension_ATR_Ratio=94
Momentum_10d_%=91
Volume_Conviction=87
Volume_Ratio=85
Momentum_5d_%=84
Momentum_Accel_5_20=82
Momentum_20d_%=70
Distance_MA30_%=51
Breakout_Pct=46

parameters:
[boosting: gbdt]
[objective: binary]
[metric: binary_logloss]
[tree_learner: serial]
[device_type: cpu]
[data_sample_strategy: bagging]
[data: ]
[valid: ]
[num_iterations: 150]
[learning_rate: 0.04]
[num_leaves: 24]
[num_threads: 14]
[seed: 42]
[deterministic: 0]
[force_col_wise: 0]
[force_row_wise: 0]
[histogram_pool_size: -1]
[max_depth: 5]
[min_data_in_leaf: 20]
[min_sum_hessian_in_leaf: 0.001]
[bagging_fraction: 0.8]
[pos_bagging_fraction: 1]
[neg_bagging_fraction: 1]
[bagging_freq: 0]
[bagging_seed: 400]
[bagging_by_query: 0]
[feature_fraction: 0.8]
[feature_fraction_bynode: 1]
[feature_fraction_seed: 30056]
[extra_trees: 0]
[extra_seed: 12879]
[early_stopping_round: 0]
[early_stopping_min_delta: 0]
[first_metric_only: 0]
[max_delta_step: 0]
[lambda_l1: 0.2]
[lambda_l2: 1]
[linear_lambda: 0]
[min_gain_to_split: 0]
[drop_rate: 0.1]
[max_drop: 50]
[skip_drop: 0.5]
[xgboost_dart_mode: 0]
[uniform_drop: 0]
[drop_seed: 17869]
[top_rate: 0.2]
[other_rate: 0.1]
[min_data_per_group: 100]
[max_cat_threshold: 32]
[cat_l2: 10]
[cat_smooth: 10]
[max_cat_to_onehot: 4]
[top_k: 20]
[monotone_constraints: ]
[monotone_constraints_method: basic]
[monotone_penalty: 0]
[feature_contri: ]
[forcedsplits_filename: ]
[refit_decay_rate: 0.9]
[cegb_tradeoff: 1]
[cegb_penalty_split: 0]
[cegb_penalty_feature_lazy: ]
[cegb_penalty_feature_coupled: ]
[path_smooth: 0]
[interaction_constraints: ]
[verbosity: -1]
[saved_feature_importance_type: 0]
[use_quantized_grad: 0]
[num_grad_quant_bins: 4]
[quant_train_renew_leaf: 0]
[stochastic_rounding: 1]
[linear_tree: 0]
[max_bin: 255]
[max_bin_by_feature: ]
[min_data_in_bin: 3]
[bin_construct_sample_cnt: 200000]
[data_random_seed: 175]
[is_enable_sparse: 1]
[enable_bundle: 1]
[use_missing: 1]
[zero_as_missing: 0]
[feature_pre_filter: 1]
[pre_partition: 0]
[two_round: 0]
[header: 0]
[label_column: ]
[weight_column: ]
[group_column: ]
[ignore_column: ]
[categorical_feature: ]
[forcedbins_filename: ]
[precise_float_parser: 0]
[parser_config_file: ]
[objective_seed: 16083]
[num_class: 1]
[is_unbalance: 0]
[scale_pos_weight: 1]
[sigmoid: 1]
[boost_from_average: 1]
[reg_sqrt: 0]
[alpha: 0.9]
[fair_c: 1]
[poisson_max_delta_step: 0.7]
[tweedie_variance_power: 1.5]
[lambdarank_truncation_level: 30]
[lambdarank_norm: 1]
[label_gain: ]
[lambdarank_position_bias_regularization: 0]
[eval_at: ]
[multi_error_top_k: 1]
[auc_mu_weights: ]
[num_machines: 1]
[local_listen_port: 12400]
[time_out: 120]
[machine_list_filename: ]
[machines: ]
[gpu_platform_id: -1]
[gpu_device_id: -1]
[gpu_device_id_list: ]
[gpu_use_dp: 0]
[num_gpu: 1]

end of parameters

pandas_categorical:[]
