tree
version=v4
num_class=1
num_tree_per_iteration=1
label_index=0
max_feature_idx=21
objective=binary sigmoid:1
feature_names=Resistance_Distance_% Close_Position Volume_Ratio Volume_Surge_10 Distance_MA10_% Distance_MA30_% MA_Ratio Momentum_5d_% Momentum_10d_% Momentum_20d_% ATR_Pct Daily_Range_% Range_Ratio Volatility_10d Price_Range_10d_% RSI_14 Breakout_Pct Upper_Shadow_Pct Volume_Conviction Momentum_Accel_5_20 Squeeze_Tightness Extension_ATR_Ratio
feature_infos=[1:40.539999999999999] [0.69999999999999996:1] [1.2:17.350000000000001] [0.63:14.220000000000001] [1.6100000000000001:99.590000000000003] [2.3300000000000001:155.12] [0.91400000000000003:1.363] [1:155.13] [1.0600000000000001:145.68000000000001] [1.3100000000000001:198.5] [0.72999999999999998:10.56] [0.80000000000000004:29.48] [0.33000000000000002:11.59] [0.0025999999999999999:0.14879999999999999] [1.5700000000000001:58.630000000000003] [52.049999999999997:99.489999999999995] [1:40.539999999999999] [0:7.1971200000000009] [0.84479999999999988:15.840550000000002] [-12.489999999999998:105.505] [1.1249999994977677:8.0680628251130724] [1.5311355305746754:17.587301585307561]
tree_sizes=2576 2640 2645 2639 2663 2665 2660 2673 2658 2671 2672 2672 2658 2655 2661 2664 2637 2655 2639 2673 2655 2349 2659 2654 2640 2659 2666 2557 2455 2443 2666 2237 2543 2155 2671 2358 2357 2575 2200 2447 2566 2250 2537 2656 1825 2631 2649 2538 2563 2635 2347 1930 1417 1927 1996 1829 1801 1904 1194 1772 1507 2558 889 1908 1974 1412 1410 2131 1613 1303 1501 1907 2527 1509 1829 2216 1911 1467 1416 2261 1701 1394 2253 1725 1196 2027 2229 1520 1920 1286 2460 789 971 1624 1605 1617 1801 1191 1473 1283 1917 1829 1075 1511 997 1932 1806 1414 1832 1404 1374 1614 1921 1711 2093 1281 2248 1304 2534 1401 1916 1300 1694 2024 1382 1516 1611 1088 2312 1282 1620 1724 2364 1943 2642 1940 1283 1094 2034 1519 966 1720 1930 1793 2562 2329 1614 1695 2223 2026 1062 1495 1606 1208 1608 2018 1062 2435 1197 1499

Tree=0
num_leaves=24
num_cat=0
split_feature=0 14 10 0 12 11 0 0 21 18 10 6 18 6 20 0 19 6 13 6 15 11 0
split_gain=162.635 144.636 104.583 47.4839 43.5437 34.6507 33.7666 29.8179 22.532 19.1489 19.0979 17.9198 16.8488 16.1864 15.9822 15.7252 20.261 15.3388 14.8121 13.6006 13.1946 11.6112 10.0934
threshold=2.2250000000000005 11.630000000000001 1.9650000000000001 1.3550000000000002 1.9650000000000001 3.2550000000000003 3.7650000000000001 1.7450000000000003 4.4038269229115015 2.2550200000000005 2.9150000000000005 1.0055000000000003 1.6675150000000003 1.0315000000000001 2.5960851186685479 10.595000000000001 19.140000000000004 1.0715000000000001 0.0068500000000000011 1.0555000000000001 68.225000000000009 2.3450000000000002 1.2650000000000003
decision_type=2 2 2 2 2 2 2 2 2 2 2 2 2 2 2 2 2 2 2 2 2 2 2
left_child=2 4 3 11 8 7 17 19 14 21 -9 22 -7 -14 -2 16 -8 20 -13 -4 -3 -5 -1
right_child=1 6 5 9 -6 12 15 10 -10 -11 -12 18 13 -15 -16 -17 -18 -19 -20 -21 -22 -23 -24
leaf_value=0.47590079832549237 0.4322166169774696 0.3940159756747505 0.41395206057130052 0.47502079619753901 0.49320845853107326 0.39624257374021837 0.45121813207267392 0.47795952486264526 0.47997986327301234 0.41369856653881837 0.40625106045954967 0.45525192625553884 0.4438057929371465 0.3999937178285094 0.46468006772005555 0.49911108563500811 0.3977246815523916 0.38902378653993924 0.41502320784294566 0.45493128527454346 0.43815223025160199 0.45315857006650001 0.42436058338272192
leaf_weight=16.434366360306743 44.301335662603378 14.290753513574598 96.938944384455681 74.788275927305222 136.95305274426937 148.14747798442841 66.213824108242989 25.723356038331985 66.690182313323021 12.385319679975508 6.6690182983875266 16.434366405010223 28.343327611684799 24.056101724505424 50.970353722572327 7.6217350959777823 12.623498931527136 28.819686263799667 92.889897555112839 14.052574172616003 39.537751153111458 86.220878854393959 8.3362728506326658
leaf_count=61 130 32 255 274 543 346 216 96 250 32 16 55 89 57 178 32 29 63 246 47 120 284 23
internal_value=0.441949 0.459915 0.429034 0.445961 0.476606 0.413909 0.430429 0.429136 0.46229 0.459759 0.46233 0.428178 0.40318 0.423433 0.449557 0.447819 0.442106 0.412288 0.421209 0.419281 0.425628 0.463504 0.458236
internal_weight=1119.44 468.022 651.42 307.489 298.915 343.931 169.107 143.384 161.962 173.394 32.3924 134.095 200.547 52.3994 95.2717 86.4591 78.8373 82.6482 109.324 110.992 53.8285 161.009 24.7706
internal_count=3474 1593 1881 975 1101 906 492 414 558 590 112 385 492 146 308 277 245 215 301 302 152 558 84
is_linear=0
shrinkage=1


Tree=1
num_leaves=24
num_cat=0
split_feature=0 14 5 12 11 0 0 0 11 7 3 0 11 15 13 13 14 7 0 8 6 2 15
split_gain=150.166 134.775 78.6817 41.1447 39.6032 31.198 31.0258 30.878 40.3424 29.568 22.3361 21.7904 23.2144 19.7727 18.8397 18.6077 15.9298 15.837 14.839 19.4079 13.856 12.2 12.0589
threshold=2.2250000000000005 11.630000000000001 8.1050000000000022 1.9650000000000001 3.3250000000000006 1.7450000000000003 3.7650000000000001 1.3150000000000002 2.3950000000000005 7.2400000000000011 2.4850000000000008 3.6750000000000003 3.2350000000000008 77.095000000000013 0.0068500000000000011 0.023950000000000003 8.0050000000000008 14.445000000000002 10.595000000000001 27.135000000000005 1.0715000000000001 1.635 68.225000000000009
decision_type=2 2 2 2 2 2 2 2 2 2 2 2 2 2 2 2 2 2 2 2 2 2 2
left_child=2 3 7 11 5 13 20 9 10 14 -9 12 -2 -4 -1 -7 -10 -13 19 -8 22 -6 -3
right_child=1 6 4 -5 21 15 18 8 16 -11 -12 17 -14 -15 -16 -17 -18 -19 -20 -21 -22 -23 -24
leaf_value=0.017994913554712992 0.031392477819877376 -0.045708419739473219 -0.044282463204953722 0.049814035840751267 -0.052008571910152367 0.030541350879622564 0.015054690098326273 0.036960176253419984 0.0022403647349398658 0.057585035310706391 -0.04357124389062484 0.055897156131332809 -0.0036464325025942295 -0.0095613063882553171 -0.02475492454019252 -0.03459884152343435 -0.035104407827696582 -0.012068243332869382 0.055800652830231973 -0.025683959094063197 -0.050337924339039893 -0.0275307216888326 -0.0036459174138699789
leaf_weight=18.283308982849121 50.946756333112717 14.432556807994841 44.025495737791061 135.35061736404896 86.296624734997749 32.24933423101902 50.404665410518646 78.203117147088051 109.63596564531326 7.6481575220823279 5.0090230554342261 33.151270270347595 71.189934819936752 66.547226935625076 114.34511202573776 7.8987778872251502 20.843177378177643 5.9372732341289511 7.5217547416687003 28.414012372493744 29.133756518363953 62.107089817523956 39.570273950695992
leaf_count=63 187 32 102 543 187 118 170 294 344 32 11 136 218 195 304 19 51 17 32 75 63 161 120
internal_value=0 0.0173271 -0.0123673 0.0335542 -0.0274341 -0.0127872 -0.0110528 0.000383866 0.00996134 -0.0141167 0.0315577 0.0196316 0.0110406 -0.0237305 -0.0187113 0.0170018 -0.00388599 0.0453306 0.00565526 0.000130458 -0.0283608 -0.042071 -0.0156594
internal_weight=1119.15 466.053 653.092 296.576 299.125 150.721 169.477 353.968 213.691 140.277 83.2121 161.225 122.137 110.573 132.628 40.1481 130.479 39.0885 86.3404 78.8187 83.1366 148.404 54.0028
internal_count=3474 1593 1881 1101 782 434 492 1099 700 399 305 558 405 297 367 137 395 153 277 245 215 348 152
is_linear=0
shrinkage=0.04


Tree=2
num_leaves=24
num_cat=0
split_feature=16 10 10 16 16 11 16 10 13 15 2 6 17 3 3 17 6 15 2 17 5 9 10
split_gain=138.799 100.821 88.9129 51.5169 41.0319 29.0163 24.0172 26.8694 19.5077 19.3632 19.3271 20.6282 18.5732 16.6457 16.4819 17.4597 13.215 15.0395 12.3562 11.6936 11.4104 10.4671 12.798
threshold=2.2250000000000005 3.0950000000000002 1.9650000000000001 4.705000000000001 1.3550000000000002 2.8950000000000005 3.7350000000000008 1.8250000000000004 0.022250000000000002 70.720000000000013 1.2450000000000003 1.0125000000000002 0.20614000000000013 2.4550000000000005 2.5350000000000006 0.42907999999999996 1.0285000000000002 77.385000000000005 2.4350000000000005 0.368145 10.705000000000002 16.120000000000001 3.3750000000000004
decision_type=2 2 2 2 2 2 2 2 2 2 2 2 2 2 2 2 2 2 2 2 2 2 2
left_child=2 6 4 8 10 16 7 -2 -3 -9 -1 -12 -10 18 15 -6 20 -18 -5 -16 -4 22 -7
right_child=1 3 5 13 14 21 -8 9 12 -11 11 -13 -14 -15 19 -17 17 -19 -20 -21 -22 -23 -24
leaf_value=0.038056537999068343 0.051758639255483331 0.017740749106910616 0.013594779047530699 0.01772920911697335 0.028147596750669735 -0.020137891805135668 0.052846235905767334 0.038397090835755494 0.0093682409277019516 0.006143863866813962 0.0062175869143372507 -0.028210945402603681 -0.033139578663816158 0.047719050749995821 -0.044929586270876155 -0.0030951163428913743 -0.043650863883588492 0.00019886420639676251 -0.030636207924717052 0.021085349245197067 -0.040192093967092626 -0.044479181837455369 -0.047979583518424164
leaf_weight=10.062630370259283 45.714883878827095 18.403862461447716 46.091710209846497 40.989342078566551 119.15579122304916 124.72557604312897 72.982410982251167 42.902454197406769 19.171130537986755 96.635680243372917 40.345470756292343 84.411279991269112 92.238944962620735 25.319950491189957 10.299417465925218 36.740266889333725 24.501613140106201 23.849123761057854 9.5384575277566892 5.9729740619659415 6.2587649375200263 87.24357745051384 34.793776854872704
leaf_count=38 188 64 153 141 433 336 301 164 62 316 129 218 231 102 23 113 56 74 24 21 14 197 76
internal_value=0 0.016722 -0.0118526 -0.00413792 0.00380917 -0.0256841 0.0333179 0.0253391 -0.0194222 0.01632 -0.0126304 -0.0170525 -0.0257355 0.0218294 0.0167273 0.0207608 -0.00739194 -0.022294 0.00802634 -0.020417 0.00638151 -0.0330567 -0.0265215
internal_weight=1118.35 463.897 654.452 205.662 306.988 347.464 258.235 185.253 129.814 139.538 134.819 124.757 111.41 75.8478 172.168 155.896 100.701 48.3507 50.5278 16.2724 52.3505 246.763 159.519
internal_count=3474 1593 1881 624 975 906 969 668 357 480 385 347 293 267 590 546 297 130 165 44 167 609 412
is_linear=0
shrinkage=0.04


Tree=3
num_leaves=24
num_cat=0
split_feature=16 14 10 16 12 11 16 16 2 10 16 11 2 6 18 7 1 16 19 6 6 15 19
split_gain=128.476 119.522 81.6012 37.8726 37.6829 26.7285 26.7278 25.6204 22.6476 21.1636 19.9049 20.9604 17.9449 18.8942 16.116 14.8214 13.9085 13.6577 17.5394 12.4108 12.3558 10.7755 10.691
threshold=2.2250000000000005 11.630000000000001 1.9650000000000001 1.3550000000000002 1.9650000000000001 3.2550000000000003 3.7650000000000001 1.7450000000000003 1.635 2.9550000000000005 3.6750000000000003 3.2350000000000008 1.2450000000000003 1.0125000000000002 2.2550200000000005 14.445000000000002 0.79750000000000021 10.595000000000001 19.140000000000004 1.0555000000000001 1.0715000000000001 68.225000000000009 2.2087500000000002
decision_type=2 2 2 2 2 2 2 2 2 2 2 2 2 2 2 2 2 2 2 2 2 2 2
left_child=2 4 3 12 10 7 20 19 -7 -9 11 -2 -1 -14 16 -12 -5 18 -8 -4 21 -3 -10
right_child=1 6 5 14 -6 8 17 9 22 -11 15 -13 13 -15 -16 -17 -18 -19 -20 -21 -22 -23 -24
leaf_value=0.036948156727417449 0.029629230579736487 -0.042638332155059938 -0.02528830236893867 -0.0040009590743647948 0.047430355468204725 -0.045128195219399612 0.008432570404239989 0.035402814604143837 -0.039828084718011601 -0.042422215367681169 0.053579883554872858 -0.0037955614273234963 0.0059827806764055193 -0.026946113070766425 -0.025846320977016553 -0.012234576749412569 0.025443718186823713 0.053783500529815433 -0.04110174602055993 0.013708984854715861 -0.047021165986867744 -0.0030599926039499305 -0.0083293579431204141
leaf_weight=9.9815588444471341 50.265291377902031 14.608337596058844 98.093798533082008 31.186747014522552 132.2381831407547 119.3730488717556 65.86352576315403 26.158581554889679 23.998256921768188 6.0579639077186576 32.391809239983559 71.117590352892876 40.292113125324249 84.875660419464111 12.525777891278265 5.9286735206842414 127.7318581789732 7.3427760004997245 12.797312557697294 14.112560734152792 29.494119584560394 39.689928099513054 61.201575949788094
leaf_count=38 187 32 255 96 543 262 216 99 55 13 136 218 129 218 32 17 462 32 29 47 63 120 175
internal_value=3.46809e-06 0.0161531 -0.011366 0.0036666 0.0316415 -0.0245678 -0.0104596 -0.0111995 -0.0338661 0.0196913 0.0183044 0.0101095 -0.012084 -0.0163193 0.0161272 0.0431419 0.0196265 0.0051198 0 -0.020235 -0.0264162 -0.0144313 -0.0176535
internal_weight=1117.33 461.738 655.59 306.594 291.942 348.996 169.796 144.423 204.573 32.2165 159.703 121.383 135.149 125.168 171.444 38.3205 158.919 86.0036 78.6608 112.206 83.7924 54.2983 85.1998
internal_count=3474 1593 1881 975 1101 906 492 414 492 112 558 405 385 347 590 153 558 277 245 302 215 152 230
is_linear=0
shrinkage=0.04


Tree=4
num_leaves=24
num_cat=0
split_feature=0 10 10 0 0 11 0 10 15 17 20 2 6 3 18 1 6 15 18 5 5 0 10
split_gain=118.828 89.0888 74.907 45.0524 34.952 24.6293 22.077 24.6189 18.1901 17.8829 21.7456 16.6702 17.3202 15.3257 14.9564 12.9707 12.2752 13.3784 11.7205 10.4269 10.1671 9.89957 13.3003
threshold=2.2250000000000005 3.0950000000000002 1.9650000000000001 4.705000000000001 1.3550000000000002 2.8950000000000005 3.7350000000000008 1.8250000000000004 70.720000000000013 0.2042450000000002 3.1989399282787776 1.2450000000000003 1.0125000000000002 2.4550000000000005 2.2550200000000005 0.79750000000000021 1.0285000000000002 77.385000000000005 2.3364700000000003 10.705000000000002 21.705000000000002 1.1950000000000001 2.6450000000000005
decision_type=2 2 2 2 2 2 2 2 2 2 2 2 2 2 2 2 2 2 2 2 2 2 2
left_child=2 6 4 9 11 16 7 -2 -9 20 -11 -1 -13 18 15 -6 19 -18 -5 -4 -3 -7 -23
right_child=1 3 5 13 14 21 -8 8 -10 10 -12 12 -14 -15 -16 -17 17 -19 -20 -21 -22 22 -24
leaf_value=0.035886920328185502 0.049408557042109502 0.031724953063876418 0.013546154105887402 0.015898524267037095 -0.0038423559300156973 -0.048216536635346217 0.050416054081180502 0.036704046321932096 0.0052672390529848543 -0.0016735088461828313 -0.038895856288566615 0.0057566609808844945 -0.025753610075655829 0.045693400177510342 -0.024777452031335488 0.024592930388057085 -0.040967465825838351 0.00027372694930048139 -0.034412005603647391 -0.037658080737291232 -0.021770620085007845 -0.012689216803464248 -0.034112407150189997
leaf_weight=9.8969551026821119 44.531465604901314 15.228979364037516 46.049917384982109 42.361672028899193 31.215771779417992 42.424017682671547 71.000398337841034 42.263930514454842 96.028925582766533 40.82112780213356 66.645680591464043 40.240137293934822 85.29105132818222 24.779992803931236 12.585361808538435 126.91604562103748 24.752932980656624 23.842166274785995 7.8990845531225196 6.326441377401351 7.7175039649009696 76.640755146741867 130.23428964614868
leaf_count=38 188 56 153 146 96 90 301 164 316 126 155 129 218 102 32 462 56 74 19 14 20 212 307
internal_value=4.3598e-06 0.0155987 -0.0109016 -0.00394722 0.00352795 -0.0235103 0.0314046 0.0237438 0.0151267 -0.0181416 -0.0249765 -0.0115654 -0.0156238 0.0205301 0.0155455 0.0189406 -0.00665663 -0.0209745 0.00731849 0.00662177 0.0132411 -0.0302505 -0.0263135
internal_weight=1115.69 459.279 656.416 205.454 306.145 350.271 253.825 182.824 138.293 130.413 107.467 135.428 125.531 75.0407 170.717 158.132 100.971 48.5951 50.2608 52.3764 22.9465 249.299 206.875
internal_count=3474 1593 1881 624 975 906 969 668 480 357 281 385 347 267 590 558 297 130 165 167 76 609 519
is_linear=0
shrinkage=0.04


Tree=5
num_leaves=24
num_cat=0
split_feature=0 14 5 0 0 15 6 0 11 17 18 17 4 21 14 13 0 5 18 3 6 20 3
split_gain=111.102 105.776 60.1653 38.8401 32.2305 27.7706 20.8583 18.9765 24.8255 23.6468 18.6968 17.9662 21.4673 16.9108 16.4425 15.8648 14.2063 13.6814 13.4476 10.8503 9.70086 8.9058 7.68074
threshold=1.8650000000000004 10.810000000000002 7.9450000000000012 4.2750000000000012 3.7650000000000001 76.270000000000024 1.0695000000000003 1.3150000000000002 2.4250000000000003 0.5457700000000002 1.7185000000000004 0.57683000000000018 5.4650000000000007 4.2928932164039217 18.020000000000003 0.0068500000000000011 4.8200000000000012 5.7650000000000006 2.2029000000000005 1.6850000000000003 1.1195000000000002 4.7795223327126752 1.3350000000000002
decision_type=2 2 2 2 2 2 2 2 2 2 2 2 2 2 2 2 2 2 2 2 2 2 2
left_child=2 3 7 13 6 -4 18 9 10 15 -9 12 -7 17 20 -1 -16 -2 -3 -10 -6 -15 -8
right_child=1 4 5 -5 14 11 22 8 19 -11 -12 -13 -14 21 16 -17 -18 -19 -20 -21 -22 -23 -24
leaf_value=0.016537225828625206 0.039553879334107089 -0.01532611186304267 -0.04252158335044328 0.053878442457788771 0.027298700103526131 -0.030299962329377539 -0.019451960731624814 0.033828355074441374 0.0088385474102721327 0.033385067753235617 -0.021495144627912261 -0.040685263146912745 0.0078266096550836887 0.034006686520042621 -0.045740144595166204 -0.023755633581417145 0.0049201585518498557 0.0066244261221989455 0.040751435966677185 -0.020147855820298637 -0.027083921053639277 -0.0033207391617499997 -0.056827009239065876
leaf_weight=17.427909284830093 22.60250198841095 77.483652487397194 111.3510035276413 62.936877623200417 50.510645464062691 36.62989330291748 15.691847458481787 62.455394178628922 37.914926618337631 15.387726679444311 10.661912083625792 32.050563037395477 62.201375246047974 111.18616849184036 12.132333591580389 102.99120210111141 26.017607480287552 152.86152485013008 6.4733755588531485 42.719078868627548 4.8970125615596762 10.641463696956633 28.672592163085938
leaf_count=59 90 213 245 275 187 93 40 239 123 56 29 71 196 433 26 268 84 503 25 117 13 34 55
internal_value=7.65234e-06 0.0120794 -0.0131891 0.0254411 -0.00959479 -0.0278562 -0.0225577 -0.00083805 0.00873028 -0.0117138 0.025472 -0.0150908 -0.00638609 0.0192336 0.00815075 -0.0177701 -0.0117432 0.0111117 -0.0104794 -0.00647885 0.0219555 0.0306806 -0.0445039
internal_weight=1113.9 582.108 531.791 360.229 221.879 242.233 128.321 289.558 153.751 135.807 73.1173 130.882 98.8313 297.292 93.5576 120.419 38.1499 175.464 83.957 80.634 55.4077 121.828 44.3644
internal_count=3474 1978 1496 1335 643 605 333 891 508 383 268 360 289 1060 310 327 110 593 238 240 200 467 95
is_linear=0
shrinkage=0.04


Tree=6
num_leaves=24
num_cat=0
split_feature=0 14 10 0 0 10 10 6 18 0 19 5 20 6 10 9 18 18 6 13 1 3 0
split_gain=103.019 101.733 65.264 30.302 26.5726 21.6366 21.3508 19.8347 19.0446 17.4271 17.3026 16.0995 15.6708 18.1869 14.5055 16.7837 14.5051 13.4421 13.3636 11.9799 11.8444 9.69647 9.43919
threshold=2.2250000000000005 9.3450000000000006 1.9650000000000001 1.3550000000000002 3.7650000000000001 3.0950000000000002 3.7950000000000004 1.0205000000000002 1.9575600000000002 10.595000000000001 -0.063749999999999959 6.4450000000000012 2.5960851186685479 1.0415000000000003 3.0950000000000002 14.445000000000002 1.9575600000000002 2.2550200000000005 1.0055000000000003 0.0068500000000000011 0.79750000000000021 1.3150000000000002 1.2650000000000003
decision_type=2 2 2 2 2 2 2 2 2 2 2 2 2 2 2 2 2 2 2 2 2 2 2
left_child=2 8 3 18 14 7 -6 11 12 -8 -9 -4 13 -2 15 -3 -7 20 22 -20 -5 -16 -1
right_child=1 4 5 17 6 16 9 10 -10 -11 -12 -13 -14 -15 21 -17 -18 -19 19 -21 -22 -23 -24
leaf_value=0.032700393195011133 -0.0073503651042819496 -0.022161221547705067 -0.018961129889268121 -0.0038181964626898715 0.035431489967309125 -0.041683121336663291 -0.0084759487833249471 0.013777565107444868 0.050267848585549779 0.052171087980854791 -0.029700721487078786 0.012691717216266312 0.035934258218154297 0.043018690855826457 -0.001642038764692476 0.0249872541256029 0.0029203614956583137 -0.02342805997981735 0.014013133643620976 -0.02199416819975878 0.023374567450567027 -0.032972606885815527 -0.017174257534333406
leaf_weight=16.272237703204159 37.467016875743866 21.96318157017231 45.508304938673973 31.203573808073997 37.254485279321671 97.707966804504395 64.771304950118065 15.732174068689345 79.624926567077637 7.5613434165716162 124.03268852829933 56.388174489140511 81.599848106503487 15.291483640670775 21.886777594685555 24.42049865424633 12.709864452481268 12.652987301349638 16.490773245692253 94.784904465079308 125.63220950961113 62.763814583420753 8.352631524205206
leaf_count=61 119 62 123 96 147 210 194 51 347 34 303 181 326 63 64 87 38 32 55 246 462 150 23
internal_value=9.63762e-06 0.0146398 -0.010101 0.00340654 -0.00318329 -0.0218165 0.0112544 -0.0149531 0.0346404 -0.0014021 -0.0246868 -0.001414 0.025017 0.00762841 -0.0153123 0.00249656 -0.036497 0.0146705 -0.0105874 -0.0165094 0.0179238 -0.0250791 0.0154609
internal_weight=1112.07 454.605 657.468 305.389 240.621 352.079 109.587 241.661 213.983 72.3326 139.765 101.896 134.358 52.7585 131.034 46.3837 110.418 169.489 135.901 111.276 156.836 84.6506 24.6249
internal_count=3474 1593 1881 975 738 906 375 658 855 228 354 304 508 182 363 149 248 590 385 301 558 214 84
is_linear=0
shrinkage=0.04


Tree=7
num_leaves=24
num_cat=0
split_feature=16 14 5 16 10 16 15 10 19 16 7 11 17 4 10 16 6 21 14 11 7 14 2
split_gain=96.1455 93.067 52.1305 35.9269 29.3361 27.4905 24.6539 22.0043 17.4235 20.3106 24.7057 22.3221 15.8272 20.1631 15.3141 14.9223 12.9574 11.2798 10.6032 8.13435 6.5048 13.1929 6.91425
threshold=1.8650000000000004 10.810000000000002 7.9450000000000012 4.2750000000000012 2.1050000000000004 3.7650000000000001 76.270000000000024 2.6850000000000005 -0.13374999999999956 1.3150000000000002 7.2400000000000011 2.4250000000000003 0.57683000000000018 5.4650000000000007 3.7950000000000004 10.595000000000001 1.0695000000000003 3.6562447377858245 8.7950000000000017 5.3050000000000006 9.3250000000000011 13.300000000000002 1.3250000000000004
decision_type=2 2 2 2 2 2 2 2 2 2 2 2 2 2 2 2 2 2 2 2 2 2 2
left_child=2 3 8 4 18 7 20 -3 -1 10 -10 -11 13 -8 19 -16 -9 -6 -2 -7 22 -22 -4
right_child=1 5 6 -5 17 14 12 16 9 11 -12 -13 -14 -15 15 -17 -18 -19 -20 -21 21 -23 -24
leaf_value=0.057701155878987088 0.035246679007616237 0.023353226215177974 -0.02213550551706743 0.051854448302859332 -0.0039121946898856572 0.01076657554934134 -0.028712864260165283 -0.015920576127442611 -0.018047328095518029 0.023742257022080382 0.055987178277857361 -0.0068188615791749223 -0.037701147183460904 0.0081656624387144178 -0.0091271072999518903 0.050347843026610106 -0.044280113686325208 0.017038806048666612 -0.0060458629988973302 0.05669309446421094 0.0071174196537607537 -0.043347043969390667 -0.052563391180584368
leaf_weight=6.9436854273080817 122.04406318068504 14.945296987891195 18.735770136117935 60.913619011640549 81.262587651610374 14.239642918109896 36.846320793032646 71.505930721759796 124.49186179041862 71.211782023310661 6.6454306095838538 79.97601754963398 32.315712481737137 62.247968152165413 60.573316171765327 6.5684546232223502 42.518590554594994 80.641271650791168 10.178088322281836 11.645540192723272 13.284660220146177 19.081994742155075 61.120980829000473
leaf_count=29 490 53 46 275 251 50 93 192 334 263 28 237 71 196 179 30 88 287 32 51 40 39 120
internal_value=1.69527e-05 0.0113283 -0.0122144 0.0240115 0.018062 -0.00893693 -0.0258069 -0.0208431 -0.000689294 -0.00235221 -0.0138397 0.00758475 -0.0137924 -0.00561685 0.00753042 -0.00253781 -0.0268581 0.00651453 0.0319865 0.0330663 -0.0395587 -0.022802 -0.0458855
internal_weight=1109.94 577.036 532.902 355.04 294.126 221.997 243.633 128.97 289.269 282.325 131.137 151.188 131.41 99.0943 93.027 67.1418 114.025 161.904 132.222 25.8852 112.223 32.3667 79.8568
internal_count=3474 1978 1496 1335 1060 643 605 333 891 862 362 500 360 289 310 209 280 538 522 101 245 79 166
is_linear=0
shrinkage=0.04


Tree=8
num_leaves=24
num_cat=0
split_feature=0 10 10 0 0 11 0 2 0 10 10 15 17 20 12 18 6 19 6 1 17 17 0
split_gain=89.5777 71.1609 56.8258 34.6643 25.9438 20.7347 21.2439 20.4322 18.8414 21.7822 18.3122 17.6642 15.959 16.8019 13.5955 12.4779 12.2681 11.0815 10.9447 10.8253 10.1257 9.78513 8.84201
threshold=2.2250000000000005 3.0950000000000002 1.9650000000000001 4.705000000000001 1.3550000000000002 3.2550000000000003 1.7450000000000003 1.6450000000000002 3.7350000000000008 1.8250000000000004 2.9550000000000005 70.720000000000013 0.2042450000000002 3.1989399282787776 2.0350000000000006 2.2550200000000005 1.0055000000000003 2.2087500000000002 1.0555000000000001 0.79750000000000021 0.46012500000000006 0.57683000000000018 1.2650000000000003
decision_type=2 2 2 2 2 2 2 2 2 2 2 2 2 2 2 2 2 2 2 2 2 2 2
left_child=2 8 4 12 16 6 18 -7 9 -2 -8 -11 -3 -14 21 19 22 -9 -4 -6 -18 -5 -1
right_child=1 3 5 14 15 7 10 17 -10 11 -12 -13 13 -15 -16 -17 20 -19 -20 -21 -22 -23 -24
leaf_value=0.032124316487345171 0.045987159303059293 0.013724426307117064 -0.021389609574909329 0.023289926753634959 -0.0038272959003685728 -0.038824548707056254 0.034483472529598505 -0.035472009860145495 0.046429536362001964 0.034603338285076196 -0.037554397622171332 0.0033692992099868297 -0.001746494161778549 -0.034456553132235161 0.04538978270504998 -0.022878161434361895 -0.019529825523785328 -0.0036053315484125691 0.015038954309557552 0.022193500230197442 0.017762294497997409 -0.010360980066806103 -0.01610654078820287
leaf_weight=16.191266924142841 42.408372774720192 22.909987017512321 99.345568269491196 27.600478485226631 31.178858533501625 122.52052241563797 25.92016775906086 23.976589098572731 66.867858931422234 41.359582766890526 6.16550588607788 94.653478384017944 40.696927562355995 67.497431844472885 20.193689957261086 12.676089748740194 99.576969102025032 61.253208845853806 14.204609543085096 124.30206419527531 12.165102005004881 25.555811002850533 8.3985569030046445
leaf_count=61 188 76 255 101 96 265 99 53 301 164 13 316 126 155 88 32 261 174 47 462 40 78 23
internal_value=2.36686e-05 0.0137716 -0.00936931 -0.00362086 0.00327122 -0.0202619 -0.00852784 -0.028369 0.0282569 0.0211808 0.0196824 0.0131087 -0.0159333 -0.0223547 0.0181969 0.0137674 -0.00962288 -0.0129701 -0.0166712 0.0169333 -0.0152774 0.00707136 0.015353
internal_weight=1107.62 449.744 657.875 204.454 304.489 353.386 145.636 207.75 245.289 178.421 32.0857 136.013 131.104 108.194 73.35 168.157 136.332 85.2298 113.55 155.481 111.742 53.1563 24.5898
internal_count=3474 1593 1881 624 975 906 414 492 969 668 112 480 357 281 267 590 385 227 302 558 301 179 84
is_linear=0
shrinkage=0.04


Tree=9
num_leaves=24
num_cat=0
split_feature=16 14 5 16 4 16 6 14 21 19 6 2 1 12 11 16 18 2 1 17 17 12 11
split_gain=83.2783 81.2145 45.2934 29.3241 23.6173 23.161 20.2468 20.1693 19.1474 17.3539 17.6805 20.2023 18.0955 13.8748 33.7679 11.905 11.8273 20.3223 11.9992 11.585 16.7632 9.50018 7.86956
threshold=1.8450000000000004 9.0150000000000023 7.9850000000000012 3.7650000000000001 6.9750000000000005 4.2750000000000012 1.0695000000000003 18.020000000000003 4.999999997280379 -0.13374999999999956 1.0185000000000002 1.4450000000000001 0.73050000000000004 1.9650000000000001 3.2550000000000003 4.8200000000000012 1.5648550000000003 2.1650000000000005 0.95650000000000002 0.42907999999999996 0.35505499999999995 2.0050000000000003 6.0250000000000012
decision_type=2 2 2 2 2 2 2 2 2 2 2 2 2 2 2 2 2 2 2 2 2 2 2
left_child=2 5 9 4 -3 13 -6 21 19 -1 12 -12 -11 14 -2 -9 18 -18 -10 20 -4 -5 -15
right_child=1 3 8 7 6 -7 -8 15 16 10 11 -13 -14 22 -16 -17 17 -19 -20 -21 -22 -23 -24
leaf_value=0.056819841890397287 0.02916112575215565 0.056202425250505977 -0.028225805698189426 0.013948646267833698 -0.0081113412495474029 0.052664015238856401 -0.038111394527486152 -0.042281409234947588 -0.0079409857902171203 -0.038337368066161906 0.0050044137592918647 -0.030761437518440026 0.008656749517618403 0.037291828689169741 -0.0094657364540048604 0.0039732045133720056 0.051309337011330877 -0.028267941066464086 -0.044592797990421089 -0.045197763833234809 0.032987220862146012 0.045548440852381911 0.0019201477667674075
leaf_weight=7.1096637547016135 84.277368664741516 6.3950602859258643 61.343244060873985 52.383143752813339 128.78730088472366 43.258048981428146 49.97037760913372 12.275323808193205 58.089809104800224 13.190715312957762 42.621706709265709 59.041926205158234 166.95676529407501 80.724379941821098 61.852910906076431 25.806634858250618 10.804784998297693 8.0949480980634672 18.599675670266151 71.863541752099991 7.124555066227912 22.188679337501526 12.153855443000792
leaf_count=30 331 27 145 187 372 206 109 26 163 31 135 148 544 337 184 84 43 19 41 146 25 99 42
internal_value=2.92632e-05 0.0104736 -0.0114969 -0.00407502 -0.0138579 0.0258116 -0.0167075 0.0119137 -0.0244622 -0.000834573 -0.00251316 -0.0157863 0.00497895 0.020719 0.0128039 -0.0114322 -0.0103804 0.0171158 -0.0173928 -0.0338563 -0.0213578 0.0239353 0.0328181
internal_weight=1104.91 580.073 524.841 297.807 185.153 282.267 178.758 112.654 235.921 288.921 281.811 101.664 180.147 239.009 146.13 38.082 95.5892 18.8997 76.6895 140.331 68.4678 74.5718 92.8782
internal_count=3474 2004 1470 904 508 1100 481 396 582 888 858 283 575 894 515 110 266 62 204 316 170 286 379
is_linear=0
shrinkage=0.04


Tree=10
num_leaves=24
num_cat=0
split_feature=0 14 10 0 0 10 18 10 6 19 0 20 18 5 18 18 10 9 17 6 13 15 0
split_gain=78.1359 81.1362 49.6855 23.4423 19.3989 17.6237 17.2954 16.9695 16.7552 15.7666 15.0526 14.8256 17.8803 14.5015 12.3985 11.5911 11.0585 16.1351 15.0725 10.9714 10.8028 9.14015 8.32538
threshold=2.2250000000000005 9.3450000000000006 1.9650000000000001 1.3550000000000002 3.7650000000000001 3.7950000000000004 1.9575600000000002 3.0950000000000002 1.0235000000000001 -0.063749999999999959 10.595000000000001 2.5960851186685479 1.7524800000000003 6.4450000000000012 1.9575600000000002 2.2550200000000005 3.0950000000000002 14.445000000000002 0.21456000000000014 1.0055000000000003 0.0068500000000000011 70.315000000000012 1.2650000000000003
decision_type=2 2 2 2 2 2 2 2 2 2 2 2 2 2 2 2 2 2 2 2 2 2 2
left_child=2 6 3 19 16 -6 11 8 13 -10 -7 12 -2 -4 -9 21 17 -3 -18 22 -21 -5 -1
right_child=1 4 7 15 5 10 -8 14 9 -11 -12 -13 -14 -15 -16 -17 18 -19 -20 20 -22 -23 -24
leaf_value=0.031015878562663701 0.018226371794121433 -0.021633370702953143 -0.018260796166709368 0.032909827712161645 0.032192200498763174 -0.0081594019353522697 0.046791107161040991 -0.036583953082592567 0.014051068842869241 -0.027649084562323647 0.049402235555356062 0.03300711662003783 -0.035741125321151146 0.010610264078326406 0.0044366693571035575 -0.022094127610586271 0.015442729090171435 0.024610178927905766 -0.028928784459370218 0.014508274822222117 -0.019602524175895003 0.01033251117645795 -0.015819286461047213
leaf_weight=16.040007665753368 39.67759507894516 22.023279249668121 46.704245358705521 38.869276151061058 35.833807215094566 64.742692708969116 74.865524277091026 98.558621942996979 15.695559337735174 114.70912478864193 7.1628466099500647 78.719647854566574 11.916312038898466 65.693851932883263 12.754972264170645 12.704813018441198 13.822185948491095 24.310536876320839 71.584229215979576 16.529805511236191 95.505247712135315 115.59030899405479 8.4108979851007444
leaf_count=61 149 62 125 153 147 194 347 210 51 275 34 326 33 207 38 32 45 87 169 55 246 405 23
internal_value=3.46941e-05 0.0129773 -0.00870897 0.00313863 -0.00281708 0.00968006 0.0313752 -0.0188709 -0.0127978 -0.0225004 -0.00171672 0.0221689 0.00516717 -0.00137108 -0.0318147 0.0131655 -0.0130936 0.00246812 -0.0215595 -0.00909025 -0.0144152 0.0162406 0.0146021
internal_weight=1102.43 444.659 657.767 303.65 239.48 107.739 205.179 354.116 242.803 130.405 71.9055 130.314 51.5939 112.398 111.314 167.164 131.74 46.3338 85.4064 136.486 112.035 154.46 24.4509
internal_count=3474 1593 1881 975 738 375 855 906 658 326 228 508 182 332 248 590 363 149 214 385 301 558 84
is_linear=0
shrinkage=0.04


Tree=11
num_leaves=24
num_cat=0
split_feature=16 10 16 5 16 15 10 20 18 17 5 5 11 17 13 1 16 13 11 4 20 14 1
split_gain=72.4356 71.6868 38.4652 34.1251 27.8965 21.0285 20.6277 20.5148 14.1878 22.8959 17.9068 14.0782 20.6459 14.6144 13.5713 13.4431 15.5002 11.9618 10.4272 24.8918 9.08233 8.57204 8.34653
threshold=1.8250000000000004 2.7850000000000006 4.705000000000001 8.1050000000000022 3.7350000000000008 77.095000000000013 1.9350000000000003 4.4898701780540238 1.6826200000000002 0.59828499999999996 4.7950000000000008 13.465000000000002 5.3050000000000006 0.31901000000000007 0.011950000000000002 0.72850000000000004 1.3150000000000002 0.007150000000000001 3.3250000000000006 5.5150000000000006 4.9554302538758188 10.165000000000001 0.88750000000000007
decision_type=2 2 2 2 2 2 2 2 2 2 2 2 2 2 2 2 2 2 2 2 2 2 2
left_child=3 4 11 8 6 -5 17 21 15 10 -10 12 -3 -13 -8 -1 -17 -2 19 -7 -9 -4 -20
right_child=1 2 7 5 -6 18 14 20 9 -11 -12 13 -14 -15 -16 16 -18 -19 22 -21 -22 -23 -24
leaf_value=-0.032708799480855234 0.0037590956925545251 -0.013033275588673716 0.052498161272987565 -0.034816997996973992 0.051870499397498292 -0.027900590059157949 -0.012559686164523767 -0.047016469636960462 0.017301707535141531 0.043467108086818598 -0.039640046193875879 1.3792072928224953e-05 0.033868132557320151 -0.028650897181869601 0.015303655938841192 -0.0051192331759578645 0.01615344817381394 0.039064974915218577 -0.041483597722440653 0.018846465731522728 0.0064554353486889161 0.019142789969616446 -0.0030427781585606268
leaf_weight=14.983459711074827 19.918876379728317 48.074229627847672 18.024448022246361 112.03593654930592 46.465851500630379 30.677904725074768 35.999015018343925 8.0135609507560748 10.250583246350287 7.2031367123126975 42.572784647345543 38.634338051080704 20.620846167206764 101.42690199613571 112.22849176824093 110.87006393074989 105.9562933743 79.001298069953918 22.903134882450104 41.878007039427757 10.685962721705435 45.573587343096733 15.564852863550184
leaf_count=36 75 134 89 243 228 77 111 18 35 28 98 118 79 243 397 319 374 337 46 140 36 170 43
internal_value=4.137e-05 0.00967547 -0.00436723 -0.0108802 0.0235905 -0.0226247 0.0180538 0.0186074 -0.00182963 -0.0190082 -0.0283255 -0.0135081 0.00121472 -0.0207433 0.00844425 0.0026469 0.00526577 0.0321445 -0.010049 -0.000920842 -0.017277 0.0293863 -0.0266036
internal_weight=1099.56 584.667 291.054 514.896 293.614 223.06 247.148 82.2976 291.836 60.0265 52.8234 208.756 68.6951 140.061 148.228 231.81 216.826 98.9202 111.024 72.5559 18.6995 63.598 38.468
internal_count=3474 2035 887 1439 1148 549 920 313 890 161 133 574 213 361 508 729 693 412 306 217 54 259 89
is_linear=0
shrinkage=0.04


Tree=12
num_leaves=24
num_cat=0
split_feature=0 14 10 0 11 12 21 0 10 18 7 18 6 12 2 1 6 15 9 9 14 0 11
split_gain=68.289 72.2337 43.2294 20.2861 17.5828 17.4153 16.885 15.7681 12.9264 12.6053 11.7897 10.5101 10.1309 10.1089 16.7075 9.72927 9.02738 9.73843 8.77332 15.6261 8.38372 8.06171 10.7685
threshold=2.2250000000000005 9.3450000000000006 1.9650000000000001 1.3550000000000002 2.8950000000000005 1.3150000000000002 4.2699473706233055 3.7650000000000001 3.4450000000000007 1.2767300000000001 13.385000000000003 2.2550200000000005 1.0135000000000003 2.4950000000000006 1.2450000000000003 0.79750000000000021 1.0285000000000002 77.385000000000005 29.975000000000005 9.865000000000002 11.630000000000001 1.1950000000000001 3.1650000000000005
decision_type=2 2 2 2 2 2 2 2 2 2 2 2 2 2 2 2 2 2 2 2 2 2 2
left_child=2 6 3 13 16 18 9 8 -7 -2 -9 15 -11 14 -1 -5 20 -18 19 -3 -4 -6 -23
right_child=1 5 4 11 21 7 -8 10 -10 12 -12 -13 -14 -15 -16 -17 17 -19 -20 -21 -22 22 -24
leaf_value=0.036540696780492612 -0.010843031429390774 -0.05012034632273988 0.015007743107951044 -0.0043543455847931201 -0.039138596893050062 0.0070835272182977402 0.040634590601947726 0.041962916655012422 -0.026669040044746264 0.039789128102155367 0.0076167559595953782 -0.021147478390233267 0.0094653224136174302 0.038538977750808806 -0.015062326113040819 0.020382862886190515 -0.032450969075516728 0.002419151495392857 -0.034723845638488057 0.0012518740152097363 -0.026950647979181352 0.0058872005726398223 -0.022852451230333467
leaf_weight=9.9154168516397458 19.638707429170609 10.437753766775129 44.363344192504883 31.03728549182415 43.237487360835075 41.07631479203701 108.18303382396698 22.888582587242126 30.759769663214684 35.11703072488308 52.620579078793526 12.733428344130514 37.750040456652641 5.9562039822340003 120.81264236569405 122.10211786627769 25.246966600418091 24.015576377511024 27.70315957069397 53.35549421608448 8.105025038123129 22.572674229741096 187.09900365769863
leaf_count=38 63 21 148 96 90 134 499 99 73 155 185 32 138 23 324 462 56 74 64 162 19 69 450
internal_value=4.47467e-05 0.0122413 -0.0081063 0.00297606 -0.0175654 -0.00260174 0.0298711 0.00586399 -0.007427 0.016898 0.0185448 0.0123642 0.0245285 -0.00836581 -0.0108399 0.0153217 -0.00338562 -0.0155826 -0.0162374 -0.00767392 0.00799379 -0.0232018 -0.0197072
internal_weight=1096.73 439.53 657.197 302.557 354.64 238.842 200.689 147.345 71.8361 92.5058 75.5092 165.873 72.8671 136.684 130.728 153.139 101.731 49.2625 91.4964 63.7932 52.4684 252.909 209.672
internal_count=3474 1593 1881 975 906 738 855 491 207 356 284 590 293 385 362 558 297 130 247 183 167 609 519
is_linear=0
shrinkage=0.04


Tree=13
num_leaves=24
num_cat=0
split_feature=0 14 10 12 0 11 21 8 0 6 15 15 3 3 17 1 6 1 14 13 2 11 0
split_gain=63.2538 68.1331 39.8617 28.1238 18.7037 16.1341 15.8111 15.5454 14.0267 14.1116 19.361 15.1734 11.1862 10.1043 21.6467 11.0013 9.76248 9.82717 8.42466 15.59 8.08685 12.2786 7.9607
threshold=2.2250000000000005 11.630000000000001 1.9650000000000001 1.9650000000000001 1.3550000000000002 2.8950000000000005 4.4038269229115015 5.9850000000000012 8.2050000000000018 1.0805000000000002 68.105000000000004 82.575000000000003 1.5850000000000002 1.7450000000000003 0.42907999999999996 0.90450000000000019 1.0055000000000003 0.98850000000000005 14.535000000000002 0.021950000000000001 1.6250000000000002 3.2550000000000003 1.2650000000000003
decision_type=2 2 2 2 2 2 2 2 2 2 2 2 2 2 2 2 2 2 2 2 2 2 2
left_child=2 3 4 6 16 18 7 -2 9 10 -3 -11 -8 14 -6 -15 22 -18 19 -4 21 -7 -1
right_child=1 8 5 -5 13 20 12 -9 -10 11 -12 -13 -14 15 -16 -17 17 -19 -20 -21 -22 -23 -24
leaf_value=0.030500471597359583 0.036704683686394061 -0.033137471350432789 -0.00595365795971021 0.039137016985206829 0.029419678448443044 -0.0055877487478484958 0.056036568394434154 -0.0055375548439633125 0.02734957532591803 -0.05097318084334701 0.0059025845353437231 -0.0046858823414582702 0.016978582215920652 0.013506318572947238 -0.014257595002514587 -0.01970546931485366 -0.0086252093548327587 -0.046318209868891111 -0.043607754904638626 0.043258347955960216 -0.013069067768370572 -0.033906839098564061 -0.01530071321435029
leaf_weight=15.957859680056574 16.037039548158646 25.846102192997932 84.278137594461441 116.25646401941776 79.42000187933445 32.098121017217636 16.462208941578865 75.147164359688759 15.24334469437599 24.421846464276314 82.177442967891693 21.588828384876251 43.637448161840439 36.413970053195953 22.510525897145271 26.801534205675125 100.66671530902386 11.750807181000708 6.6638004481792441 10.714493736624716 100.22146384418011 120.91444642841816 8.4296357184648496
leaf_count=61 65 60 244 543 318 89 75 243 61 48 262 61 175 128 66 78 277 24 13 40 260 260 23
internal_value=4.56797e-05 0.0118338 -0.00778767 0.024373 0.00287063 -0.0168611 0.0127924 0.0021226 -0.00796395 -0.0116641 -0.00358317 -0.0299864 0.0285501 0.0119185 0.0196514 -0.000537523 -0.00800079 -0.0130094 -0.00326495 0 -0.0222533 -0.028093 0.0143749
internal_weight=1093.66 436.818 656.842 267.54 301.951 354.89 151.284 91.1842 169.278 154.034 108.024 46.0107 60.0997 165.146 101.931 63.2155 136.805 112.418 101.656 94.9926 253.234 153.013 24.3875
internal_count=3474 1593 1881 1101 975 906 558 308 492 431 322 109 250 590 384 206 385 301 297 284 609 349 84
is_linear=0
shrinkage=0.04


Tree=14
num_leaves=24
num_cat=0
split_feature=0 14 0 4 9 0 6 14 3 21 6 8 11 12 3 0 17 17 0 8 14 14 13
split_gain=59.8651 59.286 21.712 22.2053 21.5673 21.2521 17.4957 16.6141 14.0064 17.8618 23.9349 13.6025 13.2911 17.5818 11.352 14.9597 10.8864 10.3979 8.12781 6.49001 3.78435 1.24021 0.29673
threshold=1.8250000000000004 9.0150000000000023 3.7650000000000001 6.9750000000000005 8.7950000000000017 4.2750000000000012 1.0695000000000003 18.600000000000005 2.1250000000000004 4.4173256359509292 1.0295000000000003 11.385000000000003 2.1550000000000007 1.9650000000000001 1.6850000000000003 1.3150000000000002 0.47560000000000019 0.42277500000000007 4.8200000000000012 14.835000000000003 7.2950000000000008 8.6150000000000002 0.0078500000000000011
decision_type=2 2 2 2 2 2 2 2 2 2 2 2 2 2 2 2 2 2 2 2 2 2 2
left_child=4 5 3 -3 11 12 -5 19 9 17 -11 14 22 -14 15 -1 -16 -6 -9 -4 -10 -7 -2
right_child=1 2 7 6 8 21 -8 18 20 10 -12 -13 13 -15 16 -17 -18 -19 -20 -21 -22 -23 -24
leaf_value=-0.0039719976934991285 0.024801194439732433 0.055635362795801981 0.040307815226182341 -0.0065204809373610052 -0.013986965505432552 0.051868834487669213 -0.034136806781510043 -0.037829322097951097 -0.055337922861264044 0.033780769568235808 -0.012093617412303978 -0.038122144375961384 0.0048370153286201494 0.027922260556114364 -0.018278981800396134 0.021704427157891924 0.01048730378720843 -0.039041194107677271 0.0015100681724263063 0.013363252898531436 -0.021120939652756202 0.01690480762096035 0.053777995370950946
leaf_weight=77.514960691332817 4.6412642151117351 6.5154151171445838 20.355820715427399 130.49047522246838 59.838227227330208 35.606721356511116 51.030224099755287 11.400513231754301 18.182758405804638 21.35089884698391 96.327435970306396 14.338039442896841 128.70096710324287 90.379503354430199 69.185124069452286 66.198225259780884 28.915885403752327 51.624098882079124 24.74080154299736 53.97100718319416 10.900438234210013 3.7283286601304999 14.656875878572462
leaf_count=223 20 28 87 376 158 189 111 24 34 77 260 30 446 383 190 243 92 106 80 205 26 17 69
internal_value=4.547e-05 0.00889999 -0.00345317 -0.0117195 -0.0098561 0.0221714 -0.0144725 0.0105247 -0.0179935 -0.0144931 -0.00348851 -0.00158372 0.0174819 0.0144806 0.000697909 0.00786824 -0.00969895 -0.025906 -0.0113683 0.0212859 -0.0439076 0.0492544 0.0487683
internal_weight=1090.59 576.218 298.504 188.036 514.376 277.714 181.521 110.468 258.224 229.141 117.678 256.152 238.379 219.08 241.814 143.713 98.101 111.462 36.1413 74.3268 29.0832 39.3351 19.2981
internal_count=3474 2035 911 515 1439 1124 487 396 661 601 337 778 918 829 748 466 282 264 104 292 60 206 89
is_linear=0
shrinkage=0.04


Tree=15
num_leaves=24
num_cat=0
split_feature=0 14 5 0 0 4 19 6 13 15 6 21 11 12 0 9 6 11 4 5 14 6 19
split_gain=55.5417 56.3677 31.7177 19.9882 19.8812 19.6762 16.5073 15.7535 15.5338 14.968 14.8813 17.4527 12.7009 19.1285 12.2226 10.891 10.2652 10.042 26.703 7.14482 6.57852 6.23756 5.83396
threshold=1.8450000000000004 9.0150000000000023 7.9850000000000012 3.7650000000000001 4.2750000000000012 6.9750000000000005 -0.13374999999999956 1.0695000000000003 0.030750000000000003 77.095000000000013 1.0185000000000002 4.2273804372630446 2.3950000000000005 1.9650000000000001 10.225000000000001 8.5250000000000004 1.0495000000000003 3.3250000000000006 5.4650000000000007 18.155000000000005 13.485000000000001 1.0485000000000002 3.5262500000000006
decision_type=2 2 2 2 2 2 2 2 2 2 2 2 2 2 2 2 2 2 2 2 2 2 2
left_child=2 4 6 5 12 -3 -1 -7 16 19 15 -12 22 -14 -10 -8 -5 18 -11 20 -4 -19 -2
right_child=1 3 9 8 -6 7 10 -9 14 17 11 -13 13 -15 -16 -17 -18 21 -20 -21 -22 -23 -24
leaf_value=0.056153336036436505 0.054147705881518925 0.053640767779556307 -0.026962900211483651 0.04540546329480722 0.048523763462871468 -0.0062653264046252082 0.0019226910817440419 -0.032690577673989939 -0.0081764934594496883 -0.028251547830385346 -0.026475861053008219 0.0076270528820688742 0.0025361864272477447 0.027700774466588231 0.047249050326268673 0.03787658083935621 0.0064790487351393091 -0.0018402699338383932 0.018820322085420692 0.0078430399559290768 -0.052395992205916765 -0.035495853132862271 0.016030303740975308
leaf_weight=7.0370587557554236 19.470215484499935 6.177896872162818 88.198530420660973 23.975865662097931 38.387801438570023 129.14140662550926 165.40416017174721 50.081958875060081 59.10430371761322 32.516549989581108 65.019005358219147 36.677141949534416 113.30435514450073 84.614425718784332 6.1073969751596442 13.761986076831816 20.785429581999779 13.385282501578329 44.360025703907013 6.7286141961812964 22.670186325907707 28.896686464548111 12.046990782022474
leaf_count=30 93 27 199 111 206 372 523 109 176 80 163 120 386 366 30 52 79 36 149 19 39 60 49
internal_value=4.9504e-05 0.00877282 -0.00929831 -0.00325495 0.0220304 -0.0112674 -0.00033977 -0.0138344 0.0101607 -0.0201111 -0.0019778 -0.0141441 0.0173716 0.01342 -0.00222959 0.00492366 0.0280409 -0.00989431 -0.00109409 -0.0302255 -0.0326568 -0.025315 0.040765
internal_weight=1087.85 563.198 524.655 295.374 267.824 185.401 287.899 179.223 109.973 236.756 280.862 101.696 229.436 197.919 65.2117 179.166 44.7613 119.159 76.8766 117.597 110.869 42.282 31.5172
internal_count=3474 2004 1470 904 1100 508 888 481 396 582 858 283 894 752 206 575 190 325 229 257 238 96 142
is_linear=0
shrinkage=0.04


Tree=16
num_leaves=24
num_cat=0
split_feature=0 10 10 0 20 10 6 9 9 3 4 13 3 5 5 5 9 0 1 3 10 13 17
split_gain=52.584 42.882 39.0994 25.553 21.7344 16.3914 17.8369 14.8424 14.4862 21.3194 12.836 11.9551 11.8777 11.0302 10.9167 10.7828 10.2557 9.17716 8.88355 8.59317 7.50051 9.2254 7.23339
threshold=2.7150000000000003 1.9650000000000001 2.9350000000000005 1.8250000000000004 2.9611317314507528 3.3550000000000004 1.0235000000000001 7.2950000000000008 7.6250000000000009 2.1250000000000004 3.0250000000000004 0.007150000000000001 3.3950000000000005 17.995000000000001 8.9150000000000009 19.390000000000004 12.750000000000002 4.2750000000000012 0.82850000000000013 1.8950000000000002 1.8250000000000004 0.014250000000000002 0.368145
decision_type=2 2 2 2 2 2 2 2 2 2 2 2 2 2 2 2 2 2 2 2 2 2 2
left_child=1 3 17 8 16 6 7 -3 10 -10 -1 19 13 -6 -8 -7 -4 20 -17 -5 -2 -22 -13
right_child=2 5 4 11 12 15 14 -9 9 -11 -12 22 -14 -15 -16 18 -18 -19 -20 -21 21 -23 -24
leaf_value=-0.010829845405757037 0.045216335001726463 -0.010544547278241256 -0.0086564979722268346 -0.034636538123280339 0.0067070532317178777 -0.034738066030608757 -0.034697814524476477 0.014762793394016979 -0.0028948687334074403 -0.046720918250787939 0.016462724632814566 0.043795776470562639 0.046900732880522232 -0.019044608454865806 -0.011612505860018147 -0.030225629031139577 0.030394767094095831 0.047623679173134863 0.0098224168299764127 0.022161803247261774 0 0.027737493879051479 0.013522874015420348
leaf_weight=37.895659357309341 19.565571770071983 78.922759279608727 13.142273142933844 7.3533113151788694 38.409914970397949 80.38231685757637 44.492041200399399 68.076321572065353 103.64067082107067 20.599268898367882 92.698587790131569 38.607040032744408 5.0061286538839331 80.148089736700058 131.7628957927227 14.446654930710791 45.338187977671623 35.593019500374794 19.573499515652657 7.6257414519786835 30.714360222220421 49.181956902146339 21.635123178362846
leaf_count=109 100 227 43 23 126 171 100 221 316 42 326 177 24 212 355 30 189 195 57 33 114 199 85
internal_value=5.97643e-05 -0.0055928 0.0137446 0.00526736 0.00156573 -0.0137945 -0.00910143 0.00114197 -0.000776904 -0.0105402 0.0084601 0.0255906 -0.00789487 -0.0106485 -0.0176479 -0.026792 0.0214863 0.0299699 -0.00733302 -0.00564288 0.0231616 0.0171696 0.0334527
internal_weight=1084.81 767.712 317.1 330.055 182.045 437.656 323.254 146.999 254.834 124.24 130.594 75.2212 123.564 118.558 176.255 114.402 58.4805 135.055 34.0202 14.9791 99.4619 79.8963 60.2422
internal_count=3474 2272 1202 1111 594 1161 903 448 793 358 435 318 362 338 455 258 232 608 87 56 413 313 262
is_linear=0
shrinkage=0.04


Tree=17
num_leaves=24
num_cat=0
split_feature=0 14 10 0 18 0 11 6 9 18 15 3 18 12 2 14 13 2 11 21 17 15 3
split_gain=48.9375 55.2238 31.1196 15.507 15.297 14.4556 14.0128 12.0443 12.8186 11.8154 9.56597 13.593 10.44 9.24943 15.371 7.63688 14.4956 7.52275 11.0744 6.74878 6.35517 4.10008 8.5323
threshold=2.2250000000000005 9.3450000000000006 1.9650000000000001 1.3550000000000002 1.9575600000000002 10.595000000000001 2.8950000000000005 0.98750000000000016 30.660000000000004 1.9092550000000001 68.225000000000009 1.7950000000000002 2.2550200000000005 2.4950000000000006 1.2450000000000003 14.535000000000002 0.021950000000000001 1.6250000000000002 3.2550000000000003 4.2699473706233055 1.0995600000000003 65.605000000000004 3.4950000000000006
decision_type=2 2 2 2 2 2 2 2 2 2 2 2 2 2 2 2 2 2 2 2 2 2 2
left_child=2 4 3 13 9 7 15 -3 -9 19 11 -5 -12 14 -1 16 -4 18 -8 -2 -19 22 -6
right_child=1 5 6 10 21 -7 17 8 -10 -11 12 -13 -14 -15 -16 -17 -18 20 -20 -21 -22 -23 -24
leaf_value=0.036002250014709046 0.011391796134713921 -0.039703899999576311 -0.0047733772968229964 0.05459707892636699 0.044902088816362075 0.047532817003286668 -0.0041362106254882501 0.0040717240709650148 -0.01774645589047141 -0.026503098269095735 0.00953321989643959 0.00029512328470874069 -0.030969577235092641 0.037814140992229829 -0.013604290530499798 -0.040554941825930911 0.042760890747826637 -0.014711999757525199 -0.030981788015218871 0.03126402625214042 0.015503463879553281 0.046085687572031964 -0.025521774753498476
leaf_weight=9.8552064150571805 59.781066551804543 13.3843637406826 84.402626901865005 16.322657540440563 5.1190103292465192 7.9544543176889411 32.130000710487366 157.51401808857918 58.063178941607475 7.9511095136404029 123.49320551753044 13.384253546595572 10.045432597398756 5.9075279533863059 121.12311285734177 6.672995150089263 10.659103140234945 88.643394693732262 120.68959346413612 55.668029591441154 11.639043882489203 57.569850906729698 3.9813458919525146
leaf_count=38 226 29 244 76 26 41 89 514 154 25 447 44 23 23 324 13 40 225 260 257 35 307 14
internal_value=6.32458e-05 0.0105926 -0.00679452 0.00266122 0.026596 -0.00227064 -0.0147999 -0.00423485 -0.00182261 0.0179006 0.010976 0.0311986 0.00621939 -0.0072044 -0.00956662 -0.00214419 0.000862931 -0.019827 -0.0254532 0.0212288 -0.0110077 0.0420696 0.0138236
internal_weight=1081.95 426.986 654.968 300.131 190.07 236.916 354.837 228.962 215.577 123.4 163.246 29.7069 133.539 136.886 130.978 101.735 95.0617 253.102 152.82 115.449 100.282 66.6702 9.10036
internal_count=3474 1593 1881 975 855 738 906 697 668 508 590 120 470 385 362 297 284 609 349 483 260 347 40
is_linear=0
shrinkage=0.04


Tree=18
num_leaves=24
num_cat=0
split_feature=0 14 14 0 6 11 0 11 21 3 0 6 15 15 7 5 18 9 6 4 12 7 0
split_gain=46.168 45.2607 31.6919 19.1156 17.9719 17.5393 16.6085 16.1017 13.5443 10.573 10.1973 11.864 14.5865 13.8286 9.33803 8.21071 7.69341 8.8583 11.8096 7.70277 9.09075 6.05678 5.61991
threshold=2.7150000000000003 11.555000000000001 10.645000000000001 1.8650000000000004 1.0185000000000002 2.3950000000000005 4.2750000000000012 1.9150000000000003 1.9697624122298987 4.580000000000001 8.2050000000000018 1.0815000000000003 68.225000000000009 83.035000000000011 9.6850000000000005 5.7650000000000006 1.6001100000000001 11.245000000000003 1.0425000000000002 7.9450000000000012 1.4450000000000001 9.0350000000000019 2.4550000000000005
decision_type=2 2 2 2 2 2 2 2 2 2 2 2 2 2 2 2 2 2 2 2 2 2 2
left_child=2 6 3 4 8 22 9 -6 -1 14 11 12 -3 -13 -2 -7 19 -18 -19 20 -4 -21 -5
right_child=1 10 16 5 7 15 -8 -9 -10 -11 -12 13 -14 -15 -16 -17 17 18 -20 21 -22 -23 -24
leaf_value=-0.041800370106897175 0.027189894825431493 -0.027338374876732342 0.017515092597046835 0.048904678337608018 0.0060718977235994717 0.031756707053854638 0.045054079820533249 -0.018435893684040576 0.0061725184854828146 -0.035819628003840101 0.026073026299914145 -0.047176324681848673 0.0099996613018087741 0 0.00071645177235103946 0.0014318138531080576 -0.03260338144212651 0.041691601096578157 -0.010719003432902307 -0.043026754151440035 -0.031463003029486222 -0.02193219645019202 -0.00034981459939120767
leaf_weight=8.8982933461666089 84.068714335560799 21.330331578850746 13.16150948405266 20.960306495428089 55.02348093688488 15.254711300134657 54.058724582195282 180.73087501525879 184.36900337040424 4.6112127453088751 15.177889972925184 20.749624624848366 65.768821477890015 17.898065850138664 29.358455419540405 125.06647931039333 11.595058619976042 9.4970456212759036 18.762748867273331 36.247613698244095 9.5500061661005002 72.68754406273365 4.0560864359140387
leaf_count=18 365 52 42 99 172 67 296 464 598 14 63 41 218 52 101 426 25 35 48 71 21 170 16
internal_value=6.87567e-05 0.0129947 -0.00521395 -0.000817772 -0.0052829 0.0106824 0.026704 -0.0126807 0.0037188 0.017925 -0.00376089 -0.00760232 0.000558355 -0.0257458 0.0204738 0.00498651 -0.02031 -0.00452431 0.00744372 -0.0249585 -0.00320075 -0.0293516 0.0409047
internal_weight=1078.88 313.022 765.861 594.359 429.022 165.338 172.097 235.754 193.267 118.038 140.925 125.747 87.0992 38.6477 113.427 140.321 171.502 39.8549 28.2598 131.647 22.7115 108.935 25.0164
internal_count=3474 1202 2272 1860 1252 608 776 636 616 480 426 363 270 93 466 493 412 108 83 304 63 241 115
is_linear=0
shrinkage=0.04


Tree=19
num_leaves=24
num_cat=0
split_feature=0 10 0 0 5 20 19 15 10 8 13 6 11 1 13 15 0 2 20 19 20 5 8
split_gain=42.8356 47.6942 25.7992 23.1506 21.4786 16.5898 16.3025 15.5937 14.6484 13.4555 13.0232 12.1902 15.4476 14.464 11.9859 10.2434 9.43331 8.79484 8.11942 7.31271 6.44466 5.89736 5.29239
threshold=1.8250000000000004 2.7850000000000006 4.705000000000001 3.7350000000000008 8.1050000000000022 4.4898701780540238 -0.13374999999999956 77.095000000000013 1.9350000000000003 6.0250000000000012 0.011950000000000002 1.0185000000000002 2.0250000000000004 0.73050000000000004 0.007150000000000001 61.805000000000007 1.7350000000000001 1.5850000000000002 4.9554302538758188 13.053750000000003 2.5604428029315565 18.155000000000005 12.250000000000002
decision_type=2 2 2 2 2 2 2 2 2 2 2 2 2 2 2 2 2 2 2 2 2 2 2
left_child=4 3 9 8 6 19 -1 21 14 20 -10 13 -13 -8 -2 -11 17 -9 -7 -4 -3 22 -6
right_child=1 2 5 -5 7 18 11 16 10 15 -12 12 -14 -15 -16 -17 -18 -19 -20 -21 -22 -23 -24
leaf_value=0.055354677441450353 -0.0011125825260822422 0.054611968648584468 0.016112767306843214 0.047445308948152583 -0.023257023599134046 -0.04436310188465975 -0.034970758480448096 -0.018390143003366801 -0.014236552314931936 0.020191367830447789 0.013341698748944118 0.0062619858875073431 -0.02538719661095902 0.0068763548799058551 0.034304020109993609 -0.016014138674523247 0.026211899682820814 0.0073176603581233783 0.0061655526525954954 0.047747744999044432 -0.0031428132996775401 0.0070610043522516645 -0.043614100064236903
leaf_weight=6.9606113582849494 18.658215343952179 6.0578884333372098 42.776591971516609 39.974775105714798 70.716576099395752 8.0572412163019198 13.312189489603041 70.728651911020279 35.277892708778381 12.379298910498617 109.57364173233509 38.410417348146439 64.757567584514618 167.20988771319389 72.826176419854164 184.22814050316811 11.299258664250372 29.10912749171257 10.617094144225119 17.000791683793068 4.8775884658098221 6.4641907066106787 34.618019923567772
leaf_count=30 75 26 177 228 161 18 31 180 111 42 397 121 162 546 337 491 39 87 36 82 15 18 64
internal_value=6.70309e-05 0.00769568 -0.00372994 0.0195214 -0.00826845 0.0156407 -0.00106221 -0.0175811 0.0145845 -0.0111303 0.00651874 -0.00266413 -0.0135801 0.00357071 0.0270604 -0.0136033 -0.00678085 -0.0108171 -0.0163757 0.025879 0.0300761 -0.0280912 -0.0303698
internal_weight=1075.89 562.305 285.995 276.311 513.586 78.4517 290.651 222.936 236.336 207.543 144.852 283.69 103.168 180.522 91.4844 196.607 111.137 99.8378 18.6743 59.7774 10.9355 111.799 105.335
internal_count=3474 2035 887 1148 1439 313 890 549 920 574 508 860 283 577 412 533 306 267 54 259 41 243 225
is_linear=0
shrinkage=0.04


Tree=20
num_leaves=24
num_cat=0
split_feature=0 10 10 0 20 11 0 6 9 3 21 2 19 0 5 6 0 10 15 11 8 8 10
split_gain=40.7931 33.2097 31.6028 20.2979 16.8633 14.5959 17.6254 16.7672 12.2623 18.8958 12.1633 11.3697 10.1688 9.61417 10.5293 9.35476 8.82016 8.51446 8.48694 14.7278 9.7534 8.32596 7.6297
threshold=2.7150000000000003 1.9650000000000001 3.0950000000000002 1.8250000000000004 2.9611317314507528 3.2550000000000003 1.7450000000000003 1.0015000000000003 7.6250000000000009 2.1250000000000004 4.1976461017665434 1.635 2.546250000000001 4.8850000000000007 17.995000000000001 1.0555000000000001 4.2750000000000012 1.2750000000000001 67.095000000000013 6.4350000000000014 15.065000000000003 11.385000000000003 1.8250000000000004
decision_type=2 2 2 2 2 2 2 2 2 2 2 2 2 2 2 2 2 2 2 2 2 2 2
left_child=1 3 16 8 18 6 15 -8 10 -10 -1 21 -13 14 -6 -3 22 -5 19 -4 -20 -7 -2
right_child=2 5 4 17 13 11 7 -9 9 -11 -12 12 -14 -15 -16 -17 -18 -19 20 -21 -22 -23 -24
leaf_value=0.0026288992930900952 0.042964936254177612 -0.015885435412833843 -0.038585392398413361 -0.012741957360881292 0.0034138010027002057 -0.016011843761133897 -0.034567727998739584 0.025905972703652573 -0.0023435994164741798 -0.043517950823882358 0.036495956917074704 -0.025095329732907935 4.2441281093482559e-05 0.0074512909240639861 -0.027804245231279098 0.017585297788473581 0.043084576590264503 0.02818557582454484 0.050075489093361014 0.030808265602818439 0.0071494302819431338 -0.035194500659099751 0.0144661939937894
leaf_weight=110.64685192704201 18.2713872641325 99.999341696500778 8.6829929351806658 8.4193710386753065 25.807847768068314 85.303730458021164 7.7478184998035422 44.485135897994041 103.67904129624367 20.702742725610733 19.236931920051575 36.902422353625298 78.312753885984421 38.773716449737549 47.779674977064133 14.335857421159742 36.391497358679771 64.258055880665779 17.762328520417213 8.8564924448728544 17.048300549387932 69.978659629821777 89.537788704037666
leaf_count=359 100 255 21 32 80 215 19 166 316 42 76 87 228 135 108 47 214 286 82 36 71 144 355
internal_value=7.26343e-05 -0.00487959 0.0123226 0.00473742 0.000278842 -0.0120862 -0.00269018 0.0163046 -0.000586488 -0.0095531 0.00794655 -0.0178114 -0.00808679 -0.00840146 -0.0168495 -0.0115033 0.0259278 0.0232271 0.0188679 -0.00334209 0.0300628 -0.0248777 0.0197201
internal_weight=1072.92 764.009 308.912 326.943 164.711 437.066 166.568 52.233 254.266 124.382 129.884 270.498 115.215 112.361 73.5875 114.335 144.201 72.6774 52.3501 17.5395 34.8106 155.282 107.809
internal_count=3474 2272 1202 1111 533 1161 487 185 793 358 435 674 315 323 188 302 669 318 210 57 153 359 455
is_linear=0
shrinkage=0.04


Tree=21
num_leaves=21
num_cat=0
split_feature=12 10 13 2 15 12 7 11 14 19 15 21 20 14 7 13 17 13 1 20
split_gain=36.0454 24.729 29.4359 14.0842 13.3905 13.1811 13.6407 12.8875 11.4069 11.3215 11.1646 9.4002 10.9676 9.10269 12.5449 10.1868 8.18657 6.71798 6.1979 4.51124
threshold=2.4950000000000006 3.0950000000000002 0.026150000000000003 1.5750000000000004 91.815000000000012 1.3150000000000002 17.580000000000002 5.4650000000000007 10.345000000000001 24.748750000000005 68.345000000000013 2.6085918359336451 3.7750470965887541 13.405000000000003 8.8350000000000026 0.022850000000000006 0.55327999999999988 0.034650000000000007 0.86150000000000004 4.1814602691773342
decision_type=2 2 2 2 2 2 2 2 2 2 2 2 2 2 2 2 2 2 2 2
left_child=1 2 13 7 10 11 8 -2 -7 -8 16 18 -13 14 -1 -15 -5 -4 -3 -12
right_child=3 5 17 4 -6 6 9 -9 -10 -11 19 12 -14 15 -16 -17 -18 -19 -20 -21
leaf_value=-0.00095574641239312989 0.021507619059386102 -0.013364437098786661 0.061599224183061629 -0.010319160407845831 -0.021838657335209 0.0093154328859130827 0.02811126815285565 -0.05305393284576581 -0.018877356072252806 -0.025562542815119146 0.045567670556008112 -0.00036336108424453879 -0.02525062119219992 0.00060602004328936577 0.015679592837860055 -0.055460139934337231 0.035795591178505524 0.0066629149129911391 -0.056367622789888223 0.0067185551899665106
leaf_weight=555.27839554846287 6.6004893481731397 9.6000485420227069 14.767934665083887 14.123012483119966 7.0285943895578376 31.445856466889381 29.631089568138123 6.2348224818706512 76.72005569934845 6.9233001917600623 53.126278638839722 47.747289523482323 71.24199204146862 10.425981208682062 82.320835873484612 8.7601252496242505 9.3068417608737928 5.3828395009040824 16.733499258756638 6.203738957643508
leaf_count=1793 27 23 64 46 25 111 108 13 199 17 280 139 164 32 311 16 39 16 28 23
internal_value=7.53986e-05 -0.00231747 0.00186186 0.0225044 0.0281132 -0.0120721 -0.00342 -0.0153497 -0.0105976 0.0173226 0.0326611 -0.0205513 -0.0154169 0.00035331 0.00120072 -0.026076 0.00838657 0.0483113 -0.0420457 0.0418168
internal_weight=1069.6 966.979 676.936 102.624 89.7885 290.043 144.72 12.8353 108.166 36.5544 82.7599 145.323 118.989 656.785 637.599 19.1861 23.4299 20.1508 26.3335 59.33
internal_count=3474 3021 2232 453 413 789 435 40 310 125 388 354 303 2152 2104 48 85 80 51 303
is_linear=0
shrinkage=0.04


Tree=22
num_leaves=24
num_cat=0
split_feature=0 14 10 0 0 10 3 5 14 14 1 5 19 8 19 1 0 9 15 21 12 2 7
split_gain=37.2339 37.189 29.9681 19.0223 15.4026 11.9711 9.936 9.68995 9.07419 23.0687 16.2948 8.82548 8.3805 13.6079 12.9799 8.36622 8.36468 10.4446 15.4739 11.8037 8.2868 14.0731 5.28221
threshold=2.7150000000000003 11.555000000000001 1.9650000000000001 1.3550000000000002 4.2750000000000012 3.3550000000000004 4.580000000000001 19.390000000000004 6.7250000000000005 6.080000000000001 0.79750000000000021 13.465000000000002 2.1837500000000007 11.595000000000001 -0.063749999999999959 0.82850000000000013 8.2050000000000018 30.660000000000004 68.105000000000004 7.1017864741491996 2.4950000000000006 1.2450000000000003 7.6000000000000005
decision_type=2 2 2 2 2 2 2 2 2 2 2 2 2 2 2 2 2 2 2 2 2 2 2
left_child=2 4 3 20 6 12 11 22 9 -5 -10 -2 14 -14 -4 -9 17 18 -3 -19 21 -1 -7
right_child=1 16 5 8 -6 7 -8 15 10 -11 -12 -13 13 -15 -16 -17 -18 19 -20 -21 -22 -23 -24
leaf_value=0.03482148517109742 0.025125108684399385 -0.029836152898653174 0.0091397228397705633 0.014884680863488226 0.043095126676700429 -0.011660487601726204 -0.03584759358505183 -0.02669250962530903 -0.017960083400034813 -0.02736353532638661 0.042361413672399449 -0.00083411892882524514 0.0035622371969264762 -0.017569259613638123 -0.024804009752524395 0.012296013026069539 0.024157567748591555 -0.039702171518612737 0.011048936908481974 0.0016935566149518212 0.03611574772445799 -0.01286619268557336 -0.03637538951391725
leaf_weight=9.7418086081743223 83.677942827343941 18.17447517812252 22.434916809201241 125.38460513949394 50.193963930010796 21.010971859097481 4.5967829227447501 14.321818649768828 8.3486701697111112 23.672977223992348 31.72045025229454 26.978763028979301 152.8431748598814 70.189914926886559 77.366658553481102 19.524268940091133 14.745149925351141 25.018523335456848 63.811187610030174 18.363210305571556 5.8119772374629965 121.18311995267868 58.821247354149818
leaf_count=38 371 43 69 490 296 52 14 30 24 71 141 95 472 177 185 57 63 53 213 54 23 324 119
internal_value=7.16448e-05 0.011854 -0.00464956 0.00450423 0.0246431 -0.011496 0.0162367 -0.0226485 0.0127086 0.00798397 0.0294669 0.0187737 -0.00748637 -0.00310101 -0.0170793 -0.00426479 -0.00325862 -0.00671215 0.00163886 -0.022356 -0.00679532 -0.00902017 -0.0301944
internal_weight=1067.94 305.56 762.377 325.864 165.447 436.513 115.253 113.678 189.127 149.058 40.0691 110.657 322.835 223.033 99.8016 33.8461 140.113 125.367 81.9857 43.3817 136.737 130.925 79.8322
internal_count=3474 1202 2272 1111 776 1161 480 258 726 561 165 466 903 649 254 87 426 363 256 107 385 362 171
is_linear=0
shrinkage=0.04


Tree=23
num_leaves=24
num_cat=0
split_feature=16 14 10 21 16 9 8 11 16 6 19 19 20 11 21 2 13 11 4 1 11 7 4
split_gain=34.7527 41.33 21.5351 13.4532 12.2192 11.9772 14.2373 11.4175 11.3913 10.6246 13.8799 10.0904 12.0618 9.03 14.6474 13.3506 8.43295 10.0423 7.85815 7.38914 8.64121 7.87821 6.80817
threshold=2.2250000000000005 9.3450000000000006 1.9650000000000001 4.2699473706233055 1.3550000000000002 9.865000000000002 9.0250000000000004 2.8950000000000005 10.595000000000001 1.0075000000000001 3.9562500000000003 2.7075000000000005 3.5414823000089259 2.2550000000000003 3.4229520206119326 1.905 0.0068500000000000011 2.6750000000000003 8.1450000000000014 0.97850000000000004 4.4050000000000011 9.1350000000000033 4.5450000000000008
decision_type=2 2 2 2 2 2 2 2 2 2 2 2 2 2 2 2 2 2 2 2 2 2 2
left_child=2 3 4 9 16 -3 -7 22 -8 18 -11 12 -5 15 -15 -6 -1 -18 -2 21 -21 -9 -4
right_child=1 5 7 11 13 6 8 19 -10 10 -12 -13 -14 14 -16 -17 17 -19 -20 20 -22 -23 -24
leaf_value=0.015764322823075043 0.050851442889452717 -0.030086994760992559 -0.019068532758457983 0.030126270812223563 0.02991705519688706 0.054764467714319316 -0.0029189727872804554 -0.019051144275934035 0.04496215480784567 0.021319505915298468 -0.016688668609867601 0.043330646360873901 -0.022826491618684341 0.02615139554323655 -0.0073954759806536289 -0.019124515350086493 -0.016479753622353963 0.013370972272708835 0.0067310035965973168 -0.011700485252072772 -0.054578318545067374 -0.0023855796989270318 0.0048171935186148195
leaf_weight=21.651605367660522 14.848412156105043 20.90509395301342 24.193872943520546 21.584372788667682 51.080608457326889 6.5911390185356131 199.56094664335251 153.88407900929451 7.2709281444549552 29.46779902279377 29.945742100477219 62.327175423502922 8.8797911703586561 28.134318068623543 71.68408115208149 9.7811104208230955 93.956104457378387 21.163484200835228 12.276370286941527 15.529666975140573 16.317063763737679 66.280529916286469 77.416425719857216
leaf_count=73 77 52 61 107 215 29 616 367 41 122 105 358 34 111 235 29 244 68 52 39 28 175 236
internal_value=7.02007e-05 0.00913133 -0.00567967 0.0235306 0.00222772 -0.00190749 0.000942863 -0.0123411 -0.000989036 0.0118393 0.00207098 0.0341062 0.0142023 0.00969992 0.00214613 0.0217245 -0.00649932 -0.0108552 0.0321168 -0.0168916 -0.0349058 -0.0141036 -0.00092255
internal_weight=1064.73 413.658 651.073 179.33 297.451 234.328 213.423 353.622 206.832 86.5383 59.4135 92.7913 30.4642 160.68 99.8184 60.8617 136.771 115.12 27.1248 252.011 31.8467 220.165 101.61
internal_count=3474 1593 1881 855 975 738 686 906 657 356 227 499 141 590 346 244 385 312 129 609 67 542 297
is_linear=0
shrinkage=0.04


Tree=24
num_leaves=24
num_cat=0
split_feature=0 10 0 5 0 20 18 17 14 21 6 11 19 0 11 12 0 4 20 14 14 19 1
split_gain=33.0732 40.4381 21.6395 20.9435 18.8613 15.1276 14.5972 17.5017 14.7296 12.827 12.8156 11.1476 11.1872 10.9012 9.5697 9.7101 7.88103 15.3922 7.35034 7.02224 14.3917 7.7214 6.97214
threshold=1.7450000000000003 2.7250000000000005 4.705000000000001 7.9850000000000012 3.7350000000000008 4.4898701780540238 1.6826200000000002 0.59828499999999996 4.1850000000000014 3.4788329510586267 1.0135000000000003 2.1550000000000007 0.71625000000000016 1.2550000000000001 1.8050000000000004 0.80500000000000016 2.6550000000000007 9.0850000000000026 4.9554302538758188 6.8050000000000006 8.1700000000000017 0.91374999999999995 0.96750000000000014
decision_type=2 2 2 2 2 2 2 2 2 2 2 2 2 2 2 2 2 2 2 2 2 2 2
left_child=3 4 16 6 11 -4 9 8 -8 10 -1 -2 -13 -11 15 -5 22 -18 -7 21 -21 -16 -3
right_child=1 2 5 14 -6 18 7 -9 -10 13 -12 12 -14 -15 19 -17 17 -19 -20 20 -22 -23 -24
leaf_value=0.0064891456349766398 0.039019474822272006 -0.021484679572582238 0.024474942998637922 -0.014570213035464279 0.045037706043980469 -0.042488793777558181 0.010160540263140156 0.03978313308875453 -0.03839123387361975 0 -0.019736590961041644 -0.018617084361803617 0.013150522206819774 0.028791744830179766 -0.009695827053347976 0.045219936048823246 0.025532448825450971 -0.0096912065168778018 0.0055896823616347095 0.017019765840344984 -0.020115559063860759 -0.04876922812603935 0.0092224906008728878
leaf_weight=76.190077215433121 23.76177054643631 93.424586996436119 58.786631107330322 8.8402931392192823 33.986682310700417 8.0893809646368044 12.646191507577894 6.3717426210641852 37.978329986333847 36.824153989553452 47.40097264945507 18.34442013502121 204.36572936177254 48.204094290733337 13.734101250767706 6.7396115809679022 23.609980314970016 100.82404561340809 10.548552244901655 17.993920117616653 136.84883798658848 23.836505711078644 12.566163286566733
leaf_count=249 114 223 267 22 214 18 41 25 83 107 121 56 807 190 36 26 94 284 36 56 322 45 38
internal_value=7.45513e-05 0.00641101 -0.0035758 -0.00777654 0.0173753 0.014557 -0.000291338 -0.0180788 -0.026146 0.00459322 -0.0035827 0.013362 0.0104266 0.0164737 -0.01725 0.0119789 -0.00973972 -0.00279386 -0.0159713 -0.0197078 -0.0156673 -0.0353149 -0.0177171
internal_weight=1061.92 588.308 307.849 473.609 280.459 77.4246 265.616 56.9963 50.6245 208.619 123.591 246.472 222.71 85.0282 207.993 15.5799 230.425 124.434 18.6379 192.413 154.843 37.5706 105.991
internal_count=3474 2151 960 1323 1191 321 816 149 124 667 370 977 863 297 507 48 639 378 54 459 378 81 261
is_linear=0
shrinkage=0.04


Tree=25
num_leaves=24
num_cat=0
split_feature=16 10 16 12 16 10 8 3 9 16 18 12 2 11 3 11 15 20 8 8 8 8 9
split_gain=30.5984 37.645 20.0555 19.8935 18.3037 15.0837 11.5403 10.8102 14.1448 11.3454 10.7541 12.1539 10.6743 9.43611 8.31886 7.62293 7.42947 8.56303 6.4795 6.3913 9.02911 7.13693 2.36554
threshold=1.7450000000000003 2.7250000000000005 4.2750000000000012 2.0350000000000006 3.7350000000000008 1.8550000000000002 15.655000000000003 2.1250000000000004 7.1050000000000013 1.3150000000000002 1.0435500000000002 1.5150000000000003 1.2450000000000003 2.7050000000000005 1.3550000000000002 1.8050000000000004 89.860000000000014 5.522741146055596 7.7250000000000005 3.7650000000000001 11.385000000000003 3.0400000000000005 39.975000000000009
decision_type=2 2 2 2 2 2 2 2 2 2 2 2 2 2 2 2 2 2 2 2 2 2 2
left_child=5 4 16 6 10 7 -4 9 13 12 -2 -12 -1 -9 -11 18 17 -3 -7 21 -21 -17 -5
right_child=1 2 3 22 -6 15 -8 8 -10 14 11 -13 -14 -15 -16 19 -18 -19 -20 20 -22 -23 -24
leaf_value=0.039209054731281071 -0.025074068985650354 -0.0097533210401982828 0.030343919498360097 0.049468714378493449 0.044473838856332479 -0.0086675288629978579 -0.008095380177695127 -0.018054592415068696 -0.043887234658960599 -0.0032431737659686516 0.027798327658152586 0.0082429094115673892 -0.0087550260671066891 0.040122110246945564 0.024654688065498455 -0.010175822246906776 -0.036445463216262998 0.030367050004777209 0.041920803607895893 -0.0067906458020337004 -0.023284337636334276 -0.054373572384660125 0.015485618939656396
leaf_weight=7.1038497090339652 10.368325993418692 190.67987963557243 15.1859934926033 18.289954662323002 33.072098016738892 8.2952279001474363 53.695267364382744 9.3740592151880282 17.24545806646347 23.83452707529068 76.171684354543686 158.67605416476727 84.346730262041092 6.7692025005817404 53.928418695926666 12.041058748960497 15.217394739389418 7.8637260645627967 6.1385725587606421 145.47503164410591 85.75752192735672 12.78728276491165 6.3182651698589316
leaf_count=29 30 524 72 107 214 22 170 25 34 81 318 629 231 27 212 31 32 26 24 391 194 22 29
internal_value=7.7126e-05 0.00619269 -0.003437 0.0118949 0.0168274 -0.00747215 0.000577658 0.000746094 -0.0196671 0.00491284 0.0129008 0.0147105 -0.00455885 0.00679085 0.0160697 -0.0136372 -0.0102039 -0.00797996 0.0136511 -0.0152537 -0.0130161 -0.0344725 0.0420012
internal_weight=1058.64 585.539 307.25 93.4895 278.288 473.097 68.8813 202.602 33.3887 169.214 245.216 234.848 91.4506 16.1433 77.7629 270.495 213.761 198.544 14.4338 256.061 231.233 24.8283 24.6082
internal_count=3474 2151 960 378 1191 1323 242 639 86 553 977 947 260 52 293 684 582 550 46 638 585 53 136
is_linear=0
shrinkage=0.04


Tree=26
num_leaves=24
num_cat=0
split_feature=0 12 10 4 18 0 11 0 13 0 0 17 10 19 13 18 17 17 8 17 13 11 18
split_gain=28.9526 25.2613 23.0358 16.1693 15.1449 13.086 10.7356 18.8925 16.7578 10.3097 12.9264 10.2636 14.1048 12.3293 10.0744 9.78598 13.2943 9.28036 14.5741 9.87694 9.02701 10.8579 10.565
threshold=2.7150000000000003 2.0250000000000004 1.925 9.4650000000000016 1.2744600000000001 1.3550000000000002 3.2350000000000008 1.7450000000000003 0.021150000000000006 3.6750000000000003 3.5150000000000001 0.50932000000000011 4.4650000000000007 5.361250000000001 0.022850000000000006 1.8907500000000002 0.82759000000000016 0.46012500000000006 5.4850000000000012 0.37317500000000009 0.0079500000000000022 2.3950000000000005 1.0435500000000002
decision_type=2 2 2 2 2 2 2 2 2 2 2 2 2 2 2 2 2 2 2 2 2 2 2
left_child=2 3 5 9 -3 17 7 14 -9 10 -2 13 -13 -5 -4 -8 -17 19 -19 -1 21 -7 -22
right_child=1 4 6 11 -6 20 15 8 -10 -11 -12 12 -14 -15 -16 16 -18 18 -20 -21 22 -23 -24
leaf_value=-0.0039410798175923949 0.018964058534242954 -0.026204893051443471 -0.015303444586416866 -0.018601511592621339 0.03331665890651779 0.016707088027197774 -0.018035016775280653 0.031442196711963778 -0.014331701593334318 0.048567948587850643 -0.036365845579448393 -0.02661677323412787 0.0077990849133705766 0.01815255489319317 0.017480276626308335 -0.0078879879027298136 0.046649270855323562 0.058672352548321989 -0.013246039421482352 -0.036473151519087352 -0.020418907499517653 -0.018360489192552714 0.021646434573610613
leaf_weight=97.160126343369484 41.975895717740059 6.5785820782184592 108.0914259403944 19.790910169482231 81.253887876868248 25.953568518161774 230.05474348366261 38.689680263400078 17.899159416556358 14.381853729486464 6.9889548867940894 50.306266084313393 29.246301427483559 47.541984409093857 16.318133011460304 37.468610212206841 7.7694050520658484 7.7906136363744762 8.3624429106712324 16.909032851457596 9.5043987929820997 28.60454985499382 106.95033456385136
leaf_count=275 169 22 277 55 443 105 560 159 49 84 20 137 92 180 51 103 31 33 23 37 27 96 446
internal_value=7.91926e-05 0.0106267 -0.00406894 0.00301205 0.0285237 0.00448892 -0.00973363 -0.00209714 0.0168275 0.0197607 0.0103367 -0.00424176 -0.0139252 0.00711837 -0.0108345 -0.0146997 0.00211182 -0.00500148 0.0223721 -0.00910805 0.0117492 -0.00153422 0.0180006
internal_weight=1055.59 298.065 757.526 210.232 87.8325 301.235 456.291 180.998 56.5888 63.3467 48.9649 146.885 79.5526 67.3329 124.41 275.293 45.238 130.222 16.1531 114.069 171.013 54.5581 116.455
internal_count=3474 1202 2272 737 465 1042 1230 536 208 273 189 464 229 235 328 694 134 368 56 312 674 201 473
is_linear=0
shrinkage=0.04


Tree=27
num_leaves=23
num_cat=0
split_feature=12 10 0 0 10 15 3 0 0 17 7 10 10 14 4 9 0 5 6 0 7 0
split_gain=27.1431 17.8457 26.398 16.3287 22.5518 18.8283 16.1895 14.9573 12.3105 10.2321 9.54145 8.98569 8.69694 8.49682 9.05614 8.03486 7.88598 7.673 9.15775 7.60919 7.26956 6.99468
threshold=2.4950000000000006 3.0950000000000002 1.7250000000000003 4.2750000000000012 1.9650000000000001 74.595000000000013 1.9850000000000001 2.6550000000000007 3.6750000000000003 0.27970500000000009 9.3250000000000011 1.2750000000000001 2.8050000000000002 5.995000000000001 3.4850000000000008 7.6250000000000009 8.2050000000000018 18.385000000000002 1.0665000000000002 1.8650000000000004 8.2150000000000016 3.2850000000000006
decision_type=2 2 2 2 2 2 2 2 2 2 2 2 2 2 2 2 2 2 2 2 2 2
left_child=1 2 6 4 13 19 9 17 11 -1 21 -4 -10 14 -2 -8 -12 20 -19 -6 -3 -9
right_child=3 7 8 -5 5 -7 15 10 12 -11 16 -13 -14 -15 -16 -17 -18 18 -20 -21 -22 -23
leaf_value=0.0052696382175558536 0.0021618440245570313 -0.012421510344215339 -0.032264826471320666 0.047440930842448117 -0.013133506380326093 -0.044543262595184575 -0.0087490067044960519 -0.0022570393179542608 0.04764695591091888 -0.0091539205291239264 -0.0095491317597256962 0.0090490514077541644 0.00027885826731340795 -0.0086052018029859085 0.052435146724140201 -0.03805938474732589 0.021419941770352315 0.024485690980720922 -0.016388934409132808 0.034549106489228328 -0.035305574561185493 0.039571884392833045
leaf_weight=162.79472468793392 8.128265783190729 41.464959144592285 7.6703696995973578 25.001131772994995 8.8521593958139437 15.395803466439245 31.180450648069382 10.820608675479891 21.499197185039524 150.04227548837662 111.49693255126476 254.50717623531818 9.0501057803630811 6.3590558916330329 22.674957394599915 31.03358294069767 13.818267017602919 11.127129003405569 30.258680835366249 10.644275724887846 55.546200796961784 13.215122431516646
leaf_count=514 28 102 26 170 22 39 88 31 137 415 322 947 41 23 123 64 60 35 70 48 111 58
internal_value=8.03273e-05 -0.00196678 0.00161332 0.0201305 0.0100253 -0.0127442 -0.00539346 -0.0102797 0.0106057 -0.0016298 -0.0014167 0.00769195 0.0343215 0.0313872 0.0399058 -0.0238669 -0.00592836 -0.019708 -0.00489209 0.0129245 -0.0258325 0.0210835
internal_weight=1052.58 955.526 667.778 97.0556 72.0545 34.8922 375.051 287.748 292.727 312.837 149.351 262.178 30.5493 37.1623 30.8032 62.214 125.315 138.397 41.3858 19.4964 97.0112 24.0357
internal_count=3474 3021 2232 453 283 109 1081 789 1151 929 471 973 178 174 151 152 382 318 105 70 213 89
is_linear=0
shrinkage=0.04


Tree=28
num_leaves=22
num_cat=0
split_feature=12 10 13 0 11 0 11 15 3 0 7 15 17 13 13 0 0 2 13 21 10
split_gain=25.4245 16.4669 28.5503 20.8851 16.5865 15.819 24.0798 20.0724 15.0943 13.8659 8.86823 8.73787 7.7923 7.64371 9.2996 6.61041 6.6044 6.2736 5.98823 1.86606 1.40463
threshold=2.4950000000000006 3.0950000000000002 0.026150000000000003 1.7250000000000003 2.1550000000000007 4.2750000000000012 5.2750000000000012 74.265000000000015 1.9850000000000001 2.6550000000000007 9.3250000000000011 67.52500000000002 0.50932000000000011 0.019550000000000001 0.051650000000000008 3.2850000000000006 1.7050000000000003 1.9950000000000003 0.034650000000000007 6.1905241908092368 2.6250000000000004
decision_type=2 2 2 2 2 2 2 2 2 2 2 2 2 2 2 2 2 2 2 2 2
left_child=1 2 3 8 -5 6 16 11 -1 13 15 -8 -12 -3 -15 -11 17 -2 -4 -18 -9
right_child=5 9 18 4 -6 -7 7 20 -10 10 12 -13 -14 14 -16 -17 19 -19 -20 -21 -22
leaf_value=-0.0024955642915765208 -0.010810333526651875 0.010347437824599126 0.060475089984713265 0.03876711329184513 0.0051241575549595296 0.046964740578544946 -0.0039322948055055427 -0.027162917864554662 -0.024121610929217656 -0.002173944653891609 0.0058470306742318331 0.052290903927448958 -0.014139146767700323 -0.025548315680557845 0.0093264204829087011 0.038581539043753221 0.050427692798044765 0.038963668506755103 0.0079097931911686382 0.010726295685945044 -0.059493144811518087
leaf_weight=306.0446829944849 8.909953370690344 12.032916128635405 14.43951763212681 25.034131810069084 254.21296899020672 24.269383065402508 12.637647926807405 9.177285701036455 61.503027155995369 10.823008731007578 52.764320135116577 5.529869705438613 72.581331178545952 113.26443316042423 12.832270011305807 13.041378825902937 18.724493607878689 5.7826366871595374 5.3791899383068076 3.3872725516557685 7.3665752410888663
leaf_count=905 27 36 64 127 971 170 40 30 149 31 177 26 205 246 36 58 106 23 16 18 13
internal_value=8.10312e-05 -0.00189132 0.00155069 5.41779e-05 0.00829632 0.0196235 0.00971504 -0.0138436 -0.00619166 -0.00988203 -0.00134465 0.0145989 -0.00568295 -0.0189708 -0.0218909 0.0204323 0.031924 0.00950426 0.0476573 0.0454193 -0.0445853
internal_weight=1049.74 953.953 666.614 646.795 279.247 95.7851 71.5157 34.7114 367.548 287.34 149.21 18.1675 125.346 138.13 126.097 23.8644 36.8044 14.6926 19.8187 22.1118 16.5439
internal_count=3474 3021 2232 2152 1098 453 283 109 1054 789 471 66 382 318 282 89 174 50 80 124 43
is_linear=0
shrinkage=0.04


Tree=29
num_leaves=22
num_cat=0
split_feature=12 16 11 15 10 13 16 11 3 16 7 15 13 15 13 18 4 19 13 20 10
split_gain=23.8188 15.3215 22.6487 18.5894 15.2006 26.7971 19.3131 15.7265 13.9038 12.8726 11.3249 14.0783 8.49137 8.2926 8.14657 8.05517 8.0493 6.96571 5.70926 4.92827 1.3388
threshold=2.4950000000000006 4.2750000000000012 5.2750000000000012 74.265000000000015 3.0950000000000002 0.026150000000000003 1.7250000000000003 2.1550000000000007 1.9850000000000001 3.1450000000000005 10.505000000000001 67.415000000000006 0.019550000000000001 67.52500000000002 0.051650000000000008 1.7604400000000002 3.5650000000000004 4.9312500000000012 0.034650000000000007 3.9855983021711503 2.6250000000000004
decision_type=2 2 2 2 2 2 2 2 2 2 2 2 2 2 2 2 2 2 2 2 2
left_child=4 2 16 13 5 6 8 -8 -1 12 11 -11 17 -4 -14 -12 -2 -6 -7 -18 -5
right_child=1 -3 3 20 9 18 7 -9 -10 10 15 -13 14 -15 -16 -17 19 -19 -20 -21 -22
leaf_value=-0.0023952545032960163 -0.00075083285566102283 0.046508871407754414 -0.0037841798606144772 -0.025962297646736132 0.036325527560872137 0.059096403765341664 0.037954463459620724 0.004928336641307941 -0.023140746424914524 -0.017103662535210586 -0.014201106578918009 0.048892735531673379 -0.022592522306058686 0.051219961359855425 0.0069900209908118982 0.0089341489647358271 0.048239052706514976 -0.015439195751526079 0.007645537514277153 0 -0.05724058997811457
leaf_weight=306.14669206738472 9.0212244540452939 23.551302395761013 12.645965889096262 9.2620832175016421 7.5775952488183957 14.213225021958353 24.578046873211861 253.7897697687149 61.586148262023926 7.0657995641231564 60.830929934978485 13.893519863486288 136.62508691847324 5.4423525631427756 15.797211349010466 38.157085046172142 23.514839813113216 7.0017043650150299 5.3771138340234748 3.7383895367383948 7.3890547454357138
leaf_count=905 30 170 40 30 28 64 127 971 149 22 171 64 307 26 44 136 129 17 16 15 13
internal_value=8.8774e-05 0.0191344 0.00942501 -0.0133265 -0.00181151 0.00149741 5.33242e-05 0.00799838 -0.00594464 -0.00949419 0.000446457 0.026514 -0.0166417 0.0141625 -0.0194488 -0.00520295 0.0312014 0.0115567 0.04642 0.0417134 -0.042752
internal_weight=1047.21 94.5652 71.0139 34.7395 952.64 665.691 646.101 278.368 367.733 286.949 119.947 20.9593 167.002 18.0883 152.422 98.988 36.2745 14.5793 19.5903 27.2532 16.6511
internal_count=3474 453 283 109 3021 2232 2152 1098 1054 789 393 86 396 66 351 307 174 45 80 144 43
is_linear=0
shrinkage=0.04


Tree=30
num_leaves=24
num_cat=0
split_feature=0 14 10 0 0 3 3 5 14 11 0 13 2 6 13 20 1 14 7 6 3 8 6
split_gain=22.7443 26.7076 19.2206 13.5507 10.6798 10.4462 8.84924 15.5377 11.9599 8.66367 15.8524 15.0385 10.9767 10.5025 9.3613 8.23828 7.62459 12.9462 6.85214 16.5802 28.2941 13.9668 10.7038
threshold=2.7150000000000003 11.555000000000001 1.925 4.2750000000000012 1.3550000000000002 4.6250000000000009 2.1250000000000004 5.8650000000000011 4.1050000000000013 3.2350000000000008 1.7450000000000003 0.021150000000000006 1.6250000000000002 1.0315000000000001 0.022350000000000005 3.7434744445220196 0.97550000000000014 3.1250000000000004 17.580000000000002 1.0535000000000003 1.4150000000000003 25.840000000000003 1.0025000000000002
decision_type=2 2 2 2 2 2 2 2 2 2 2 2 2 2 2 2 2 2 2 2 2 2 2
left_child=2 3 4 5 16 15 8 -8 -6 10 14 -12 -11 -14 -4 -2 17 -1 19 -3 -21 -20 -23
right_child=1 18 9 -5 6 -7 7 -9 -10 12 11 -13 13 -15 -16 -17 -18 -19 21 20 -22 22 -24
leaf_value=0.039781519083364719 0.010493573513399664 0.0080560483885221985 -0.014341188681116756 0.03992044154997984 -0.0025857742705709752 -0.041644643980514352 0.028406110633472752 -0.025364617065856826 0.023372838943012338 -0.020209086265923278 0.029724216059272369 -0.013794356511432649 0.0069351015850453255 -0.016692833951766989 0.016279187574867779 0.040116596828903499 -0.026488788992482984 -0.0047039758325162183 0.039456263335377779 0.024896362323398417 -0.044216747205096267 -0.045750118637655594 0.0062430776549126888
leaf_weight=10.680237382650374 87.666656032204628 42.720660984516144 106.78691871464252 43.158374764025211 39.563868671655655 4.2811420559883109 12.201550796627997 23.484124198555946 93.581604212522507 155.22436805069447 37.858868390321732 17.868983507156372 64.019788101315498 54.749477624893188 17.665206238627434 17.922296389937401 19.792725592851639 99.741696208715439 15.108909919857977 12.028229206800459 34.503368690609932 7.1685763150453559 26.807834714651108
leaf_count=41 379 143 273 296 151 13 52 73 398 365 159 49 196 133 55 88 47 280 61 40 76 13 93
internal_value=9.40487e-05 0.00957237 -0.00356965 0.0210378 0.00427842 0.0132551 0.0109033 -0.00648825 0.0156379 -0.00875276 -0.00187203 0.0156319 -0.0132252 -0.00393839 -0.00983593 0.0159259 -0.00426784 -1.10294e-05 -0.00311317 -0.00972022 -0.0260351 0.00869497 -0.00549247
internal_weight=1044.59 291.366 753.219 153.028 299.046 109.87 168.831 35.6857 133.145 454.174 180.18 55.7279 273.994 118.769 124.452 105.589 130.215 110.422 138.338 89.2523 46.5316 49.0853 33.9764
internal_count=3474 1202 2272 776 1042 480 674 125 549 1230 536 208 694 329 328 467 368 321 426 259 116 167 106
is_linear=0
shrinkage=0.04


Tree=31
num_leaves=20
num_cat=0
split_feature=12 0 6 0 14 17 12 20 5 9 8 12 15 19 1 1 6 8 20
split_gain=21.6295 14.452 18.7241 12.3277 22.4694 13.5997 15.9207 13.0064 15.3262 12.1608 13.5074 11.2058 11.7625 11.144 9.61044 8.06794 7.21103 5.93778 5.38651
threshold=2.4950000000000006 4.2750000000000012 1.0625000000000002 2.2250000000000005 9.5150000000000023 0.69872500000000004 1.4850000000000001 2.5960851186685479 10.105000000000002 8.9050000000000029 9.0250000000000004 2.1650000000000005 94.360000000000014 9.9225000000000012 0.82750000000000001 0.88250000000000017 0.98250000000000004 4.4400000000000004 3.3926691461375236
decision_type=2 2 2 2 2 2 2 2 2 2 2 2 2 2 2 2 2 2 2
left_child=3 2 13 5 7 11 16 8 -5 -6 -11 12 -1 15 -8 -2 -7 -13 -9
right_child=1 -3 -4 4 9 6 14 18 -10 10 -12 17 -14 -15 -16 -17 -18 -19 -20
leaf_value=-0.001823114417527714 0.040296238556199231 0.045845919746504177 -0.046947748824609364 -0.015505435710486182 -0.037811650021109269 0.040859069706133282 0.0088992752789186259 0.036898598671936074 0.027075301325233003 0.053540522061378097 -0.0030474584461847799 0 0.045988344034668213 -0.036318814400452003 -0.032719058120561903 0.0091986829900670593 -0.039833631163256021 -0.033551357521049298 0.014606578809579199
leaf_weight=476.84958963096142 21.903961360454559 22.346143901348114 7.4144468158483496 31.904719077050686 14.558345839381216 0.97516345977783103 31.631713718175888 43.958429530262947 21.920157685875893 5.9932015836238852 188.49912184476852 11.974675893783568 7.3705348670482627 4.8545317202806464 11.160607784986494 36.160133689641953 41.538390874862671 26.265610009431839 34.151621140539646
leaf_count=1431 107 170 16 116 33 4 95 228 110 27 582 37 30 11 22 149 79 63 164
internal_value=9.53528e-05 0.0184398 0.00909955 -0.00170574 0.00436088 -0.00512411 -0.0198508 0.0172319 0.00186718 -0.00376746 -0.000997845 -0.00267096 -0.000985589 0.0164606 -0.00227175 0.0215489 -0.0369024 -0.0232393 0.0275609
internal_weight=1041.43 92.6792 70.3331 948.752 340.986 607.766 85.3059 131.935 53.8249 209.051 194.492 522.46 484.22 62.9186 42.7923 58.0641 42.5136 38.2403 78.1101
internal_count=3474 453 283 3021 1260 1761 200 618 226 642 609 1561 1461 267 117 256 83 100 392
is_linear=0
shrinkage=0.04


Tree=32
num_leaves=23
num_cat=0
split_feature=0 14 5 15 14 21 21 2 15 21 6 1 20 6 0 3 8 5 1 5 9 13
split_gain=19.9161 23.927 17.2223 14.2022 12.9908 10.9455 14.1663 11.7003 10.3757 18.1338 10.1885 13.9844 12.3817 9.93868 12.162 10.6905 9.083 8.22627 9.71664 9.22643 6.43227 4.1069
threshold=2.7150000000000003 13.785000000000002 8.1050000000000022 94.360000000000014 14.215000000000002 4.3427929399019432 5.0513161018593253 1.4550000000000003 68.225000000000009 4.1976461017665434 1.0185000000000002 0.72850000000000004 2.9119634319679171 1.1095000000000004 4.2750000000000012 1.5650000000000002 20.320000000000004 8.6950000000000021 0.92250000000000021 9.6350000000000033 18.445000000000004 0.011850000000000001
decision_type=2 2 2 2 2 2 2 2 2 2 2 2 2 2 2 2 2 2 2 2 2 2
left_child=2 13 5 17 -3 10 21 -8 20 -10 11 -1 -12 14 15 -2 -16 18 -4 -19 -6 -7
right_child=1 4 3 -5 8 6 7 -9 9 -11 12 -13 -14 -15 16 -17 -18 19 -20 -21 -22 -23
leaf_value=-0.030320321484099761 0.0335397926727493 -0.050699121635345346 -0.036654603814987315 0.037629259150616365 -0.048482796220013016 0.042094317040865151 0.031789937177493316 -0.021047121642758553 0.058103018416580311 -0.0020545689367986288 0 0.0071061982052314189 -0.030684271249026399 -0.024716708071349174 0.043441164800183021 0.0059166103439370569 -0.00015639118031250993 0.0063634623437595697 0.00071486664259289706 -0.011270569440016285 -0.00034794420100459826 0.004046221265857553
leaf_weight=16.254686817526817 29.017440035939217 8.5395206362009031 35.612587988376617 9.0134444385766965 9.8119272142648715 26.800592586398125 9.1899192333221453 18.497151628136635 8.0186832696199399 70.033529102802277 54.046302527189255 207.8673496991396 33.091097056865692 7.4660124257206908 42.739142842590809 95.34392511099577 8.8149773105978948 56.593664780259132 15.346289947628973 262.63598218560219 8.1399300992488843 6.2679412961006156
leaf_count=41 127 18 80 36 18 119 38 56 34 211 164 711 82 23 293 407 46 182 49 692 25 22
internal_value=9.65846e-05 0.00903055 -0.00332443 -0.00931707 -0.00614863 0.00277114 0.018156 -0.00273371 -0.00162161 0.00468133 -0.00025477 0.00423364 -0.011807 0.0177138 0.0196894 0.0126419 0.0359733 -0.01058 -0.0254496 -0.00810928 -0.0282491 0.0354478
internal_weight=1039.14 287.925 751.217 379.202 104.544 372.015 60.7556 27.6871 96.0041 78.0522 311.259 224.122 87.1374 183.381 175.915 124.361 51.5541 370.189 50.9589 319.23 17.9519 33.0685
internal_count=3474 1202 2272 1039 306 1233 235 94 288 245 998 752 246 896 873 534 339 1003 129 874 43 141
is_linear=0
shrinkage=0.04


Tree=33
num_leaves=19
num_cat=0
split_feature=0 14 4 15 0 18 11 7 6 1 15 13 11 13 19 17 14 5
split_gain=18.9841 21.865 13.9436 13.4402 13.4936 13.3094 12.5588 10.7454 10.5526 12.1374 11.0552 10.1315 12.0604 8.92333 6.70027 6.16461 5.17282 10.3171
threshold=1.8250000000000004 9.0150000000000023 6.9750000000000005 60.860000000000007 3.7650000000000001 1.9575600000000002 6.0550000000000006 1.8950000000000002 1.0185000000000002 0.73050000000000004 94.360000000000014 0.011950000000000002 3.1050000000000004 0.011650000000000002 0.073749999999999996 0.45233000000000007 4.8450000000000006 11.035000000000002
decision_type=2 2 2 2 2 2 2 2 2 2 2 2 2 2 2 2 2 2
left_child=6 5 -3 -4 -5 11 7 14 9 -9 -10 13 -13 -2 -1 -8 -7 -18
right_child=1 2 3 4 -6 16 15 8 10 -11 -12 12 -14 -15 -16 -17 17 -19
leaf_value=0.057545919509581135 0.0017592076780550817 0.053239152776384656 0.043064923030595538 -0.011919863896850316 0.0063750609710144547 0.047624750871593506 -0.051152388943397249 -0.032421694340350145 -0.011456587449013357 0.0048707007871756636 0.034470344245695374 0.037728363088316383 0.0074944623207142888 -0.045215284319414871 -0.0011024820820106443 -0.010209276299473567 0.0057270705217456986 0.045669414217091302
leaf_weight=6.2656821161508542 70.149698436260223 6.1101385205984107 8.5812507122755033 171.42788498103619 101.63356859236956 18.994890488684177 12.773407563567163 14.069689109921454 263.94534735381603 185.51005674898624 7.6297423988580695 29.840029768645763 72.228042349219322 6.0992331951856604 4.936396449804306 12.37904407083988 28.003049254417419 16.290325738489628
leaf_count=27 303 28 32 460 391 129 21 32 691 595 28 146 281 16 15 30 126 123
internal_value=9.54168e-05 0.00539757 -0.00202896 -0.00344041 -0.00508288 0.0142475 -0.00541901 -0.00392771 -0.00489257 0.0020533 -0.0100152 0.00850183 0.0166914 -0.00243145 0.0330735 -0.0324686 0.0299276 0.0212778
internal_weight=1036.87 529.358 287.753 281.643 273.061 241.605 507.509 482.357 471.155 199.58 271.575 178.317 102.068 76.2489 11.2021 25.1525 63.2883 44.2934
internal_count=3474 2035 911 883 851 1124 1439 1388 1346 627 719 746 427 319 42 51 378 249
is_linear=0
shrinkage=0.04


Tree=34
num_leaves=24
num_cat=0
split_feature=0 14 9 18 20 18 9 5 5 10 13 17 0 19 19 11 6 20 1 11 11 0 6
split_gain=17.8178 25.1051 12.8584 11.9784 12.629 17.7684 10.0014 10.857 16.4695 9.19326 12.7149 13.3906 10.7467 9.15038 11.5735 8.21535 7.29791 7.17735 6.86087 6.61857 5.92119 4.88708 4.00361
threshold=2.2250000000000005 9.3450000000000006 16.120000000000001 1.9575600000000002 2.5960851186685479 1.7524800000000003 9.3550000000000022 13.725000000000003 13.980000000000002 3.3550000000000004 0.022150000000000006 0.69872500000000004 1.3550000000000002 1.1950000000000003 9.0500000000000025 6.0850000000000009 1.0665000000000002 3.3926691461375236 0.79750000000000021 4.1950000000000012 3.2550000000000003 1.8550000000000002 1.0095000000000003
decision_type=2 2 2 2 2 2 2 2 2 2 2 2 2 2 2 2 2 2 2 2 2 2 2
left_child=2 3 9 4 5 -2 22 19 -9 10 12 -12 -1 15 20 18 -16 -6 -4 -8 -15 -11 -3
right_child=1 6 13 -5 17 -7 7 8 -10 21 11 -13 -14 14 16 -17 -18 -19 -20 -21 -22 -23 -24
leaf_value=-0.0085419294302900121 0.0091497358835899972 -0.040231923655319808 -0.014366345950338439 0.034807095880176851 0.033560138721732281 -0.047372972010457856 0.0047728037280899043 -0.060168307126913283 -0.00031395774383886091 -0.027020172586573191 0.040214510285890404 -0.022033512414598517 0.003742214422837991 -0.012529121511740821 0.021437126433503085 -0.03619724410414743 -0.025696376092835434 0.0062867825905522116 0.024730389510701709 0.041789990493969288 -0.041537894808992906 0.0071177654402307892 -0.00072210198064588649
leaf_weight=197.34023313224316 34.87169037759304 13.130370602011682 10.375398784875872 50.934625715017319 37.652336709201336 10.804588742554186 17.728229478001598 6.6991728395223609 171.78465231508017 30.575979441404343 21.986008942127231 6.3872642070054999 266.01461766660213 18.487681016325951 11.999484851956369 6.6642239242792121 7.7838222086429587 28.003297828137875 18.197495847940445 13.983205541968344 39.17078310251236 7.6257865428924552 6.4259178638458243
leaf_count=532 149 30 25 347 196 33 60 12 555 63 79 14 902 48 37 12 16 130 60 62 72 21 19
internal_value=0.0001017 0.00682003 -0.00398856 0.0188171 0.0111857 -0.00477763 -0.00166332 0.000899835 -0.0029278 -0.00135078 0.000118973 0.0256561 -0.00147943 -0.0162026 -0.0238115 0.000494378 0.00216324 0.0223164 0.0102573 0.0221187 -0.032745 -0.0199938 -0.0283054
internal_weight=1034.63 392.018 642.609 162.267 111.332 45.6763 229.752 210.195 178.484 529.93 491.728 28.3733 463.355 112.679 77.4418 35.2371 19.7833 65.6556 28.5729 31.7114 57.6585 38.2018 19.5563
internal_count=3474 1593 1881 855 508 182 738 689 567 1611 1527 93 1434 270 173 97 53 326 85 122 120 84 49
is_linear=0
shrinkage=0.04


Tree=35
num_leaves=21
num_cat=0
split_feature=12 0 11 15 10 13 0 4 10 17 17 12 1 2 4 15 2 13 12 10
split_gain=18.4437 13.3764 19.655 16.9751 11.5268 25.2285 15.8559 12.6015 11.4557 9.79589 18.5862 10.2743 9.84608 7.90462 7.7328 7.63236 7.23943 5.36786 4.09213 0.849183
threshold=2.4950000000000006 4.2750000000000012 5.2750000000000012 74.265000000000015 3.0950000000000002 0.026150000000000003 3.6750000000000003 9.6550000000000029 2.8050000000000002 0.1880950000000001 0.13038000000000008 1.5650000000000002 0.82450000000000012 1.4850000000000001 3.5650000000000004 67.52500000000002 2.7850000000000006 0.034650000000000007 2.5550000000000002 2.6250000000000004
decision_type=2 2 2 2 2 2 2 2 2 2 2 2 2 2 2 2 2 2 2 2
left_child=4 2 14 15 5 6 7 -1 -8 10 13 16 -13 -6 -2 -4 -11 -7 -16 -5
right_child=1 -3 3 19 9 17 8 -9 -10 11 -12 12 -14 -15 18 -17 -18 -19 -20 -21
leaf_value=0.00012166250135466127 -0.0019039384117584977 0.044971423881147318 -0.0033018125984592599 -0.025660121283534069 0.017151176229539197 0.057830979925294991 0.045890713832504447 -0.023205431144585582 -0.011173452487406038 -0.019283022334240455 0.05434518262407903 0.024247976829767585 -0.0081319898420078827 -0.018630874542992299 0.0010475868607060337 0.050046609240785703 0.018987273617626779 0.0076715466675701437 0.046731438185835396 -0.053443687460797439
leaf_weight=575.04006889462471 8.9037507921457273 20.563496649265289 12.531217843294145 9.2140748500823992 15.050234720110891 13.879191406071188 18.723988197743896 38.55794270336628 7.1218603178858748 152.85621419548988 9.7801867276430112 19.565212339162827 54.668076381087303 24.406942151486874 4.1121491044759777 5.2596216499805442 7.3548122495412818 5.3769049495458594 21.751975379884243 7.3503291904926291
leaf_count=1885 30 170 40 30 48 64 134 100 33 368 41 71 165 70 18 26 26 16 126 13
internal_value=9.40842e-05 0.0173311 0.00847025 -0.0126649 -0.00155452 0.00133988 -3.97817e-05 -0.00136655 0.0300381 -0.00828444 0.00771892 -0.0116979 0.000504731 -0.00469813 0.0293485 0.0138682 -0.0173696 0.04529 0.0400753 -0.0407851
internal_weight=1032.07 89.6866 69.1231 34.3552 942.382 658.7 639.444 613.598 25.8458 283.682 49.2374 234.444 74.2333 39.4572 34.7679 17.7908 160.211 19.2561 25.8641 16.5644
internal_count=3474 453 283 109 3021 2232 2152 1985 167 789 159 630 236 118 174 66 394 80 144 43
is_linear=0
shrinkage=0.04


Tree=36
num_leaves=21
num_cat=0
split_feature=12 0 11 15 10 13 0 4 10 11 17 15 18 15 17 18 1 0 13 10
split_gain=17.2524 12.9774 18.4479 15.7621 10.6179 23.7202 14.9426 11.6027 11.0524 9.1215 10.9874 13.3836 11.8725 10.4802 16.7987 7.70241 7.59569 10.0134 5.14249 0.831884
threshold=2.4950000000000006 4.2750000000000012 5.2750000000000012 74.265000000000015 3.0950000000000002 0.026150000000000003 3.6750000000000003 9.6550000000000029 2.8050000000000002 3.5350000000000006 0.1880950000000001 60.860000000000007 1.3986350000000003 71.905000000000015 0.70544000000000018 2.2745750000000005 0.88250000000000017 1.7150000000000001 0.034650000000000007 2.6250000000000004
decision_type=2 2 2 2 2 2 2 2 2 2 2 2 2 2 2 2 2 2 2 2
left_child=4 2 16 15 5 6 7 -1 -8 13 12 -12 -11 -6 -15 -4 -2 -18 -7 -5
right_child=1 -3 3 19 9 18 8 -9 -10 10 11 -13 -14 14 -16 -17 17 -19 -20 -21
leaf_value=0.00011680723388952001 0.050645523259059591 0.044593303606223607 0.042528124830842735 -0.0245493097523262 -0.044461866231387363 0.056636902043346558 0.045443947346137423 -0.022236887390733543 -0.010727197176744883 0.048275619626426097 0.030366001706222844 -0.011356020006705625 0.00019778468887885926 0.018495137233616711 -0.051628534422237332 -0.0080662337380669122 -0.01768143765744332 0.035958049330811676 0.0074153482666641695 -0.051618011292912609
leaf_weight=575.02622883021832 13.899982161819933 19.929643854498863 7.2769364565610912 9.2894219458103198 20.854706108570099 13.631036333739759 18.17272783070803 38.669072851538658 7.1621681004762641 10.616457998752592 12.115728333592413 188.11954230815172 29.282516725361347 15.284287407994272 7.2025192677974692 10.429148092865942 9.2298453897237795 11.133924655616282 5.3747617304325095 7.3414134234189978
leaf_count=1885 79 170 32 30 38 64 134 100 33 42 41 511 94 51 12 34 26 69 16 13
internal_value=0.000101107 0.0168884 0.00819961 -0.0122069 -0.00148515 0.00129404 -3.61005e-05 -0.00131257 0.0294562 -0.00794654 -0.00480476 -0.00865342 0.0140537 -0.0246723 -0.00486673 0.0134615 0.0286428 0.0115819 0.0441836 -0.0392021
internal_weight=1030.04 88.5303 68.6007 34.3369 941.512 658.036 639.03 613.695 25.3349 283.476 240.134 200.235 39.899 43.3415 22.4868 17.7061 34.2638 20.3638 19.0058 16.6308
internal_count=3474 453 283 109 3021 2232 2152 1985 167 789 688 552 136 101 63 66 174 95 80 43
is_linear=0
shrinkage=0.04


Tree=37
num_leaves=23
num_cat=0
split_feature=0 10 3 13 10 20 11 17 7 6 1 11 4 3 13 3 9 14 13 19 10 17
split_gain=16.0151 21.4286 13.4195 13.1248 14.6697 12.8676 10.8316 10.2069 9.98853 10.0683 11.2436 10.4646 7.62699 7.49261 7.45689 11.1864 11.597 9.15603 12.4969 6.34031 4.77355 3.86418
threshold=1.8250000000000004 2.1050000000000004 2.4850000000000008 0.011850000000000001 3.0950000000000002 3.1591095804007718 6.0850000000000009 0.81865000000000043 1.8950000000000002 1.0185000000000002 0.73050000000000004 1.9150000000000003 7.2650000000000006 2.7150000000000003 0.007150000000000001 2.5650000000000004 8.8450000000000006 6.1150000000000011 0.013450000000000002 0.073749999999999996 1.9650000000000001 0.45233000000000007
decision_type=2 2 2 2 2 2 2 2 2 2 2 2 2 2 2 2 2 2 2 2 2 2
left_child=6 14 3 5 -5 -3 8 13 19 10 -10 -11 -9 -4 15 16 -2 20 -19 -1 -16 -8
right_child=1 2 7 4 -6 -7 21 12 9 11 -12 -13 -14 -15 17 -17 -18 18 -20 -21 -22 -23
leaf_value=0.056195133817765204 -0.048523723264681157 -0.054591393322536062 0.034005273206214263 0.0098579817899296148 -0.0076452716593588032 0.014940603361343853 -0.046562220423909943 -0.016013588461722225 -0.030944730817640671 0.0064225884319823959 0.0049612808212581459 -0.01334894405690876 0.047296185149822277 -0.0039112337646325926 0.040270680978669482 0.040744811891656199 0.023092317027514905 -0.0059250598412797549 0.03711631824606669 -0.00096136484980279533 0.0085839303881981559 -0.012156955593552145
leaf_weight=6.1876681894063932 8.661914601922037 13.231247499585153 9.9392541721463186 126.01408004015684 191.85290095210075 5.333617076277732 11.810784667730333 2.8675204589962986 14.053879633545874 51.891735434532166 185.52864773571491 219.89514608681202 19.372133187949657 33.394712798297405 45.943111643195152 5.4650474190711966 4.8490133732557288 28.344086118042469 15.991408765316008 4.9360356628894806 10.641705103218554 11.779171183705328
leaf_count=27 29 32 50 485 545 20 20 11 32 163 597 557 120 155 273 38 24 118 82 15 53 28
internal_value=0.000105151 0.00502442 0.000561958 -0.00265709 -0.000672099 -0.0344636 -0.00495201 0.0169896 -0.00360548 -0.00453338 0.00225136 -0.00953497 0.0384511 0.00517586 0.0197922 -0.00272065 -0.0224496 0.024089 0.00989938 0.0321853 0.0347029 -0.030901
internal_weight=1027.98 521.902 402.005 336.432 317.867 18.5649 506.083 65.5736 482.493 471.369 199.583 271.787 22.2397 43.334 119.896 18.976 13.5109 100.92 44.3355 11.1237 56.5848 23.59
internal_count=3474 2035 1418 1082 1030 52 1439 336 1391 1349 629 720 131 205 617 91 53 526 200 42 326 48
is_linear=0
shrinkage=0.04


Tree=38
num_leaves=20
num_cat=0
split_feature=12 0 18 1 11 17 15 0 6 14 0 15 15 6 10 12 12 10 1
split_gain=15.7447 22.1343 18.7534 17.0839 16.9295 14.0543 15.3725 13.0973 12.8115 12.2413 12.1036 11.8604 11.1325 11.1067 9.65347 8.91835 8.69176 8.60548 5.54709
threshold=2.0350000000000006 1.925 1.1071000000000002 0.84350000000000003 3.2750000000000004 0.42277500000000007 94.875000000000014 1.2350000000000001 1.0055000000000003 18.020000000000003 1.2550000000000001 92.070000000000007 59.970000000000006 1.0025000000000002 1.425 2.1650000000000005 1.3950000000000002 1.5950000000000004 0.9405
decision_type=2 2 2 2 2 2 2 2 2 2 2 2 2 2 2 2 2 2 2
left_child=5 3 -3 4 -2 6 7 8 -1 11 18 -4 16 -9 -14 -12 -7 -16 -5
right_child=1 2 9 10 -6 12 -8 13 -10 -11 15 -13 14 -15 17 -17 -18 -19 -20
leaf_value=0.023135898686008995 -0.015303868035933635 -0.044210711360511336 0.032785270961443694 0.043714623776129273 0.05545642507519969 -0.0023938002486868144 0.055683912767375804 -0.013928338741551631 -0.017057022529743008 -0.018660925371558907 0.005272053786347217 -0.022262694239909796 0.036769637081236796 0.0069016102468159278 -0.042971598782601692 -0.030834365010211601 0.057395886088350771 -0.009922882061053892 -0.0062960530627345591
leaf_weight=13.685059919953344 8.4385482072830218 5.5857471227645865 94.829765275120735 6.3321836739778501 11.965198203921316 8.0342615246772748 7.3581434935331336 45.44420613348484 90.64095313847065 8.4059967100620252 13.705009028315542 5.8463072255253783 5.7693547010421744 337.44402321428061 12.480671092867849 43.393749982118607 6.0063751041889182 294.29887469112873 5.9881395399570465
leaf_count=48 24 12 572 25 50 22 34 139 224 24 42 27 23 1193 29 106 26 839 15
internal_value=0.000106498 0.0100173 0.0216024 -0.0047592 0.02647 -0.002361 0.00187856 0.000937188 -0.0115391 0.0254162 -0.0142973 0.0293224 -0.00879175 0.00437867 -0.010399 -0.0220887 0.024767 -0.0114286 0.0201591
internal_weight=1025.65 204.491 114.668 89.8228 20.4037 821.162 494.572 487.214 104.326 109.082 69.4191 100.676 326.59 382.888 312.549 57.0988 14.0406 306.78 12.3203
internal_count=3474 897 635 262 74 2577 1638 1604 272 623 188 599 939 1332 891 148 48 868 40
is_linear=0
shrinkage=0.04


Tree=39
num_leaves=22
num_cat=0
split_feature=12 0 14 0 14 0 15 5 4 0 0 12 20 15 18 3 20 6 12 13 17
split_gain=14.9117 10.2914 10.0341 8.29037 13.3276 11.0805 11.2209 10.6445 8.05756 7.42807 6.5838 5.81408 7.1235 5.56722 9.15757 8.73601 5.33974 4.98492 2.35481 2.18864 0.49673
threshold=2.5550000000000002 4.2750000000000012 4.6450000000000005 2.7150000000000003 8.2050000000000018 2.6250000000000004 94.360000000000014 8.1050000000000022 3.4850000000000008 2.9150000000000005 3.0050000000000003 1.9650000000000001 3.4064742805946073 74.265000000000015 2.6520900000000007 2.1150000000000007 4.5939387010303063 1.0315000000000001 1.4850000000000001 0.0083500000000000015 0.11690000000000011
decision_type=2 2 2 2 2 2 2 2 2 2 2 2 2 2 2 2 2 2 2 2 2
left_child=3 2 8 5 11 6 7 -1 -2 16 -11 12 -5 14 -4 -15 -6 -7 -8 -13 -10
right_child=1 -3 13 4 9 17 18 -9 20 10 -12 19 -14 15 -16 -17 -18 -19 -20 -21 -22
leaf_value=0.0018577885305717584 -0.0060731675274610201 0.043444201448609006 0.03190651336179344 0.020167158725841589 0.036812562735347755 -0.002992110442458608 0.054105340269967404 -0.0081749444919142471 0.016707871930353033 -0.032758487626572623 -0.00051783058391035978 0.0037600593507894015 -0.025670517877599181 0.01694816436408823 -0.026025018349933617 -0.036492960919502986 -0.0060673257566257778 -0.044796754781801146 0.010339006280170577 0.04608851705711494 0.048147498110415361
leaf_weight=332.9869776442647 6.8464297205209759 17.192040458321571 11.418355450034143 28.8296954408288 13.018364563584329 7.4388044029474285 5.3735537678003293 340.2694728076458 3.2969494089484241 9.8653459846973401 160.47536123543978 2.9053327590227154 5.5958099812269202 6.5074859037995365 5.6973856389522544 13.178295910358427 6.1370211243629447 13.789201080799101 4.4459749758243561 15.611288383603094 12.825185939669607
leaf_count=1091 23 159 48 149 52 28 24 927 19 26 551 18 23 28 17 38 18 32 16 107 80
internal_value=0.000106987 0.0169298 0.00858227 -0.00126855 0.0050844 -0.00347083 -0.00254976 -0.00320558 0.0287789 4.82955e-05 -0.00261204 0.0226268 0.0119762 -0.00423906 0.0118089 -0.018475 0.0230583 -0.031301 0.0378158 0.0403899 0.0435367
internal_weight=1023.7 76.9621 59.7701 946.742 242.438 704.304 683.076 673.256 22.9686 189.496 170.341 52.9421 34.4255 36.8015 17.1157 19.6858 19.1554 21.228 9.81953 18.5166 16.1221
internal_count=3474 412 253 3062 944 2118 2058 2018 122 647 577 297 172 131 65 66 70 60 40 125 99
is_linear=0
shrinkage=0.04


Tree=40
num_leaves=23
num_cat=0
split_feature=0 14 10 0 10 19 4 9 8 9 15 15 19 19 13 13 12 13 11 2 1 19
split_gain=14.2517 16.0894 16.0192 14.3317 12.5446 10.7644 10.2326 10.2112 11.4031 9.39024 15.8092 13.5948 9.00781 8.82727 8.81963 5.71566 5.34403 4.47174 3.89685 2.75221 2.38857 1.03142
threshold=4.705000000000001 11.715000000000002 3.4150000000000005 2.2250000000000005 1.8250000000000004 10.947500000000003 5.1450000000000005 16.120000000000001 13.625000000000002 10.645000000000001 63.315000000000005 67.095000000000013 1.0887500000000003 21.298750000000002 0.04395000000000001 0.030750000000000003 1.7350000000000001 0.007150000000000001 6.6650000000000009 1.7850000000000004 0.87350000000000005 6.8387500000000001
decision_type=2 2 2 2 2 2 2 2 2 2 2 2 2 2 2 2 2 2 2 2 2 2
left_child=2 15 3 7 17 14 -6 8 -1 19 18 -12 -9 20 16 -2 -3 -5 -11 21 -7 -4
right_child=1 5 9 4 6 13 -8 12 -10 10 11 -13 -14 -15 -16 -17 -18 -19 -20 -21 -22 -23
leaf_value=-0.00091280868348192219 0.044994962579793317 -0.0053130187755539857 -0.019931066282575901 0.0061769811442404258 -0.028209884220839459 0.012624053558565345 0.0087766475771408701 0.0042668342335308853 0.038993931104610663 0.012315683897541355 -0.042913528575486845 -0.0063202639177786782 -0.025966757959061362 -0.0080489030139192248 0.023544827124423854 -0.003994378968005861 -0.045038745635729231 0.041854553574809446 0.060037685187255878 -0.012195032916845955 0.051515961872335522 -0.046532036424768275
leaf_weight=483.22553446888924 26.555447816848758 11.597311243414884 7.0150028765201595 8.5218310430645925 11.927839502692221 5.2185023725032833 152.61789491027594 22.406824305653572 10.733829334378241 7.77235199511051 18.206834897398949 115.20560812950134 47.337049931287766 9.1482732295989972 6.6639392524957648 3.9003678187727919 10.730165652930735 23.505073793232441 4.6203602999448776 10.920294389128683 9.5666991397738439 14.637160807847975
leaf_count=1498 233 36 16 50 39 21 627 66 38 23 35 302 106 29 25 18 30 161 20 27 48 26
internal_value=0.000110442 0.0158645 -0.00129588 0.00122989 0.0105076 0.00219524 0.00589298 -0.00200413 1.52394e-05 -0.0120525 -0.00752843 -0.0116558 -0.0162174 0.0217047 -0.0138305 0.0385392 -0.0258597 0.033078 0.0338595 -0.0312383 0.0399651 -0.0395272
internal_weight=1022.03 83.3807 938.653 760.276 196.573 52.9249 164.546 563.703 493.959 178.378 145.805 133.412 69.7439 23.9335 28.9914 30.4558 22.3275 32.0269 12.3927 32.5725 14.7852 21.6522
internal_count=3474 440 3034 2585 877 189 666 1708 1536 449 380 337 172 98 91 251 66 211 43 69 69 42
is_linear=0
shrinkage=0.04


Tree=41
num_leaves=20
num_cat=0
split_feature=12 0 10 0 15 10 13 0 3 3 12 7 7 4 18 9 15 0 13
split_gain=13.4109 9.83564 15.1209 9.68965 8.77184 8.03018 22.4447 10.7015 11.6313 9.77866 8.52001 9.48779 13.3652 12.2509 8.02893 5.90732 7.30984 5.31412 4.8733
threshold=2.5550000000000002 4.2750000000000012 2.0050000000000003 1.7050000000000003 74.595000000000013 3.0950000000000002 0.026150000000000003 1.7250000000000003 2.1250000000000004 1.2950000000000002 1.3150000000000002 17.580000000000002 13.075000000000001 30.350000000000005 2.2745750000000005 6.7350000000000012 89.860000000000014 1.4750000000000003 0.034650000000000007
decision_type=2 2 2 2 2 2 2 2 2 2 2 2 2 2 2 2 2 2 2
left_child=5 2 3 17 14 6 7 8 -1 -9 15 12 -12 -13 -4 -7 -17 -2 -8
right_child=1 -3 4 -5 -6 10 18 9 -10 -11 11 13 -14 -15 -16 16 -18 -19 -20
leaf_value=-0.0016812771476621647 0.023186774204829938 0.042950462206135048 0.039294645432047033 0.046815198685165899 -0.034661481348872598 -0.039024568208892371 0.055479136402125429 -0.012887361462776775 -0.022542675838538785 0.0089533814397670195 0.0035852690434193951 0.028260190382149372 -0.026730550665407995 -0.027863408772883895 -0.015184928243614781 -0.0076414382261066971 -0.04043286848398573 -0.024295615089060193 0.0073273116648059616
leaf_weight=320.4403091520071 7.1956123560667056 16.27749378234148 6.4659455418586758 16.946344390511513 13.452683001756666 12.737513467669485 13.410941556096079 36.90889199078083 48.605097576975822 235.61468661576509 72.181177645921707 30.187641300261021 32.974155560135841 6.7840898334980002 9.1774705424904806 117.80896665155888 11.299611270427702 5.95984847843647 5.3580715209245673
leaf_count=948 29 159 29 117 34 24 65 117 115 1003 226 111 88 19 28 309 21 16 16
internal_value=0.000109584 0.0162281 0.008156 0.0276864 -0.0120323 -0.00118605 0.00122386 -5.71237e-05 -0.00450394 0.00592986 -0.00680266 7.47848e-05 -0.00600793 0.0172886 0.00786062 -0.013702 -0.0108615 0.000913853 0.0432037
internal_weight=1019.79 75.4754 59.1979 30.1018 29.0961 944.311 660.338 641.569 369.045 272.524 283.973 142.127 105.155 36.9717 15.6434 141.846 129.109 13.1555 18.769
internal_count=3474 412 253 162 91 3062 2264 2183 1063 1120 798 444 314 130 57 354 330 45 81
is_linear=0
shrinkage=0.04


Tree=42
num_leaves=23
num_cat=0
split_feature=0 14 10 0 10 19 9 7 7 15 9 15 15 19 19 13 13 15 5 2 1 19
split_gain=13.0778 15.162 14.0804 12.5027 11.7709 9.85696 9.49187 12.111 9.3435 9.19761 8.69209 10.9853 12.0787 8.41681 8.1434 5.54963 4.46426 3.70322 3.6592 2.59294 2.34998 0.977633
threshold=4.705000000000001 11.715000000000002 3.4150000000000005 2.2250000000000005 1.8250000000000004 10.947500000000003 16.120000000000001 9.0850000000000026 13.385000000000003 70.585000000000022 10.645000000000001 63.57500000000001 67.095000000000013 1.0887500000000003 21.298750000000002 0.030750000000000003 0.007150000000000001 61.620000000000012 30.015000000000004 1.7850000000000004 0.87350000000000005 6.8387500000000001
decision_type=2 2 2 2 2 2 2 2 2 2 2 2 2 2 2 2 2 2 2 2 2 2
left_child=2 15 3 6 16 8 7 -1 -3 -6 19 17 -13 -8 20 -2 -5 -12 -10 21 -7 -4
right_child=1 5 10 4 9 14 13 -9 18 -11 11 12 -14 -15 -16 -17 -18 -19 -20 -21 -22 -23
leaf_value=-0.0016274997141597545 0.044573154825299291 0.019139400405481437 -0.018932728991623824 0.0052040601089652977 0.020175793386740592 0.011868542065142897 0.0042026409578289833 0.022873282976720772 -0.039298444882220541 -0.00056489222299760822 0.041629477185259327 -0.041682227982026129 -0.0058005556433951833 -0.02503497421577645 -0.0074165694345856075 -0.0038387695906877965 0.041113861416008826 0 -0.0020315247110804899 -0.011425383970177188 0.05047238154107643 -0.044789121529228967
leaf_weight=459.94641277194023 25.333446890115741 8.9068775773048419 6.9855769425630596 8.3585449680686015 46.966787539422512 5.1791348084807423 22.380729705095291 33.708951935172081 13.420328713953497 116.67151771485806 8.0076766759157163 16.530059531331062 115.01489847898483 47.214957863092422 9.1571469455957395 3.9002281799912444 22.593530632555485 5.9523949474096289 6.779723420739173 10.918322339653967 9.3086111024022085 14.469836056232451
leaf_count=1423 233 34 16 50 210 21 66 113 35 456 30 32 302 106 29 18 161 16 22 27 48 26
internal_value=0.000106088 0.0153324 -0.00123441 0.00113718 0.00985744 0.00218442 -0.00187342 7.22069e-05 -0.0130498 0.00542581 -0.011333 -0.00698266 -0.0106503 -0.015593 0.021031 0.0379363 0.0321332 0.0254442 -0.0278538 -0.029851 0.038846 -0.0379449
internal_weight=1017.71 81.9855 935.72 757.841 194.59 52.7518 563.251 493.655 29.1069 163.638 177.879 145.505 131.545 69.5957 23.6449 29.2337 30.9521 13.9601 20.2001 32.3737 14.4877 21.4554
internal_count=3474 440 3034 2585 877 189 1708 1536 91 666 449 380 334 172 98 251 211 46 57 69 69 42
is_linear=0
shrinkage=0.04


Tree=43
num_leaves=24
num_cat=0
split_feature=0 14 10 0 19 7 19 3 1 1 10 13 10 19 1 2 7 13 1 13 10 20 1
split_gain=12.2485 14.5585 13.1448 13.0746 9.19886 8.63917 7.72958 7.34467 13.5092 10.8382 6.30336 12.5608 8.72202 8.35551 6.73048 8.29557 8.17748 5.43021 5.21455 10.7695 8.88845 3.53989 2.2744
threshold=4.705000000000001 11.715000000000002 1.925 2.1650000000000005 10.947500000000003 13.385000000000003 21.298750000000002 1.6850000000000003 0.79250000000000009 0.84850000000000014 3.4150000000000005 0.026150000000000003 3.0750000000000006 -0.063749999999999959 0.95050000000000001 2.2850000000000006 8.4350000000000005 0.030750000000000003 0.82650000000000012 0.007150000000000001 1.8250000000000004 3.8505824056659321 0.87350000000000005
decision_type=2 2 2 2 2 2 2 2 2 2 2 2 2 2 2 2 2 2 2 2 2 2 2
left_child=2 17 3 7 5 -3 22 8 -1 -9 11 13 -13 -4 15 -12 -16 -2 20 -20 -5 -7 -6
right_child=1 4 10 18 6 21 -8 9 -10 -11 14 12 -14 -15 16 -17 -18 -19 19 -21 -22 -23 -24
leaf_value=-0.017769237293423258 0.044241640587596276 0.0185458714734111 0.018158890649532581 0.028405298566257439 0.011507786818511173 -0.039857921462173804 -0.007140172499385004 0.011108286775272426 0.012534351266183925 -0.015476144979069162 -0.018796024259286486 0.040120425121708027 0.0017285262467451757 -0.0055604467843735099 -0.022177584952536251 0.011062376710289904 0.015044052838650037 -0.0037110255421870415 -0.004347472446022395 0.046935068074986208 -0.035515425734975604 -0.0046237015409253271 0.04963343310117925
leaf_weight=27.288214847445488 24.526157140731815 8.8572731912136096 24.241500914096832 7.6480578407645208 5.1595864742994335 11.984323777258398 9.1696062535047513 36.731641203165054 136.73774112761021 68.471285104751587 120.37326475977898 16.999508999288082 21.147433876991272 380.68256308138371 12.8460376560688 15.950903877615927 28.421258017420769 3.9073796048760405 8.3228027522563917 23.730581745505333 4.8017290383577347 8.3481941223144513 9.1082771345972997
leaf_count=75 233 34 82 53 21 30 29 126 493 203 281 73 58 1194 31 49 88 18 45 165 18 27 48
internal_value=0.000105184 0.0149297 -0.00118691 0.00546363 0.00212652 -0.0125188 0.0204595 0.0020715 0.00736728 -0.00610166 -0.00456488 -0.00198062 0.0196294 -0.0040795 -0.0109203 -0.015189 0.00301754 0.0374779 0.0253125 0.0336486 0.00234946 -0.0266612 0.038027
internal_weight=1015.46 81.0608 934.395 313.732 52.6273 29.1898 23.4375 269.229 164.026 105.203 620.662 443.071 38.1469 404.924 177.591 136.324 41.2673 28.4335 44.5032 32.0534 12.4498 20.3325 14.2679
internal_count=3474 440 3034 1178 189 91 98 897 568 329 1856 1407 131 1276 449 330 119 251 281 210 71 57 69
is_linear=0
shrinkage=0.04


Tree=44
num_leaves=16
num_cat=0
split_feature=12 0 11 15 15 1 15 21 0 20 11 18 0 18 21
split_gain=11.6851 9.13257 14.7605 8.96161 7.8635 10.059 7.9916 7.87045 7.77996 11.8332 9.63973 6.82932 6.67048 4.36171 1.16476
threshold=2.5550000000000002 4.2750000000000012 5.2750000000000012 74.265000000000015 94.875000000000014 0.82650000000000012 91.815000000000012 6.8654761867072152 2.7150000000000003 2.0498709257361099 3.5750000000000006 2.2745750000000005 1.7050000000000003 1.7801500000000001 4.3427929399019432
decision_type=2 2 2 2 2 2 2 2 2 2 2 2 2 2 2
left_child=4 2 12 11 6 -6 8 -8 10 -10 -1 -4 13 -2 -5
right_child=1 -3 3 14 5 -7 7 -9 9 -11 -12 -13 -14 -15 -16
leaf_value=3.4261432885059839e-05 -0.013004721525022757 0.04229439950440031 0.03830485996629835 -0.043662432020419903 -0.010905515331361035 0.055492278365043356 0.0014872469290373776 -0.042400282056579426 0.046926991429746628 0.0034056402033341561 -0.010378457708837082 -0.011270953281845643 0.045948565949965874 0.032350457473731262 -0.015856403798766346
leaf_weight=473.53835038095713 7.3158674538135546 15.030869252979754 6.5732482075691285 7.4897769540548307 5.5118339061737043 7.7007737383246422 10.91269174218178 13.923911049962042 9.5426693186163885 217.47196011990309 201.40216809511185 9.6193532869219762 15.005356028676031 4.6523740738630295 7.6138528138399124
leaf_count=1516 23 159 30 17 16 37 37 32 60 846 518 30 110 19 24
internal_value=0.000108884 0.0153873 0.00771501 -0.0106782 -0.00108909 0.0284122 -0.00154846 -0.0234962 -0.000909892 0.00546795 -0.00307181 0.00944604 0.0289607 0.00514421 -0.0319971
internal_weight=1013.31 73.3007 58.2698 31.2962 940.004 13.2126 926.792 24.8366 901.955 227.015 674.941 16.1926 26.9736 11.9682 15.1036
internal_count=3474 412 253 101 3062 53 3009 69 2940 906 2034 60 152 42 41
is_linear=0
shrinkage=0.04


Tree=45
num_leaves=24
num_cat=0
split_feature=12 2 17 0 17 15 0 6 3 2 15 3 10 1 10 10 1 12 13 20 6 0 20
split_gain=11.12 18.9418 13.2563 16.8035 11.5487 13.3589 11.6218 11.79 11.4471 10.217 10.0982 9.29109 9.1717 12.019 8.84172 8.37581 8.12516 7.83161 7.76665 7.5202 7.07407 10.9045 4.03185
threshold=2.0350000000000006 1.5750000000000004 0.59480500000000014 1.7650000000000003 0.42277500000000007 94.875000000000014 1.2350000000000001 1.0055000000000003 1.7550000000000001 1.8950000000000002 59.970000000000006 1.4950000000000003 2.0850000000000004 0.96750000000000014 1.425 1.5950000000000004 0.9215000000000001 1.3950000000000002 0.016550000000000006 3.2728697174397774 1.0585000000000002 3.1050000000000004 1.934289433746269
decision_type=2 2 2 2 2 2 2 2 2 2 2 2 2 2 2 2 2 2 2 2 2 2 2
left_child=4 11 3 9 5 6 7 -1 -8 -3 17 16 13 -13 -12 -16 -2 -6 -14 -5 22 -22 -4
right_child=1 2 20 19 10 -7 8 -9 -10 -11 14 12 18 -15 15 -17 -18 -19 -20 -21 21 -23 -24
leaf_value=0.022632469613469697 -0.0090411852566705461 0.014931925653327472 0.0012919949026007074 0.034117839220149708 -0.001455037988122436 0.053118702669459228 0.0086152556537143349 -0.016003125621979072 -0.0068192560319956606 -0.02772832273560934 0.035986873718929384 0.023219877055074889 -0.054157434185335661 -0.044017089915666212 -0.041328164757917993 -0.0088216793101791001 0.050039087010405138 0.05569572066831957 -0.0085927897496208498 0.0018267861328278932 -0.042014914678760625 0.033647770235702409 0.043413909316593877
leaf_weight=13.611616909503935 7.5167635828256589 12.675250723958014 4.5133017823100081 29.965548023581505 7.9765791594982129 7.0263150334358206 274.52662408351898 90.492944031953812 105.2322696596384 24.999079018831253 5.713775008916854 12.622173659503462 13.748632527887823 5.1715351343154898 12.535582751035689 292.26801032572985 5.6368413120508194 5.8763668090105057 11.620869018137453 19.450094223022461 4.203155964612959 6.3283188566565514 37.98372545093298
leaf_count=48 25 42 26 214 22 34 950 224 382 58 23 53 28 15 29 839 28 26 34 97 8 40 229
internal_value=0.000110992 0.0086368 0.0165014 0.00664233 -0.00194155 0.00191543 0.00104737 -0.0107082 0.00431062 -0.0131538 -0.00779108 -0.0107376 -0.019712 0.00195024 -0.00932503 -0.0103155 0.0174584 0.0243671 -0.0347066 0.021855 0.0321225 0.00173191 0.0392569
internal_weight=1011.7 196.435 140.118 87.09 815.26 490.89 483.863 104.105 379.759 37.6743 324.37 56.3168 43.1632 17.7937 310.517 304.804 13.1536 13.8529 25.3695 49.4156 53.0285 10.5315 42.497
internal_count=3474 897 714 411 2577 1638 1604 272 1332 100 939 183 130 68 891 868 53 48 62 311 303 48 255
is_linear=0
shrinkage=0.04


Tree=46
num_leaves=24
num_cat=0
split_feature=0 14 11 12 19 3 17 0 20 17 17 19 6 21 0 18 3 20 1 1 3 21 4
split_gain=10.5999 16.9555 10.3274 15.9071 20.3273 17.0248 12.1749 11.6627 9.26208 6.19447 9.01724 13.3169 7.75234 5.8056 24.0656 12.4892 9.01825 9.45253 6.50785 5.6358 5.12567 2.87428 5.88999
threshold=4.2750000000000012 11.715000000000002 5.2150000000000007 2.2450000000000006 2.1837500000000007 1.9750000000000003 0.57081000000000015 3.7650000000000001 3.7836264631345196 1.1554950000000004 0.53549000000000013 10.947500000000003 1.0385000000000002 3.2072944280491775 1.7950000000000002 1.3098400000000001 1.3150000000000002 4.262179069260001 0.9235000000000001 0.98350000000000015 2.0050000000000003 4.3806935786548085 10.805000000000001
decision_type=2 2 2 2 2 2 2 2 2 2 2 2 2 2 2 2 2 2 2 2 2 2 2
left_child=2 21 3 6 5 -5 7 -1 -8 10 11 -3 -12 14 18 -16 -15 -18 -4 -6 -11 22 -2
right_child=1 9 13 4 19 -7 8 -9 -10 20 12 -13 -14 16 15 -17 17 -19 -20 -21 -22 -23 -24
leaf_value=0.00087024998326085676 0.0399602503013608 -0.010686942503407133 -0.0010406432702184274 -0.031625086382282855 0.04426133761357353 0.028871241778437799 -0.0022097029797018865 0.047064709591116548 -0.022043303286182741 -0.00051008956719597663 -0.048004789190761156 0.042853666922746794 0 0.017223285178343432 -0.0088251378559783388 0.053399102336763059 -0.027710042535233424 0.0042674221438623143 -0.042773238934562877 -0.0071658580546134533 0.047079478849416705 0.043657186746292556 -0.014954989128817693
leaf_weight=545.21092517673969 5.7018891051411611 20.393091395497326 10.761716708540918 16.230446226894859 32.313960872590542 12.054097339510916 86.434087976813316 7.9006984010338774 67.556068673729897 6.4152326136827451 10.542404726147653 10.338088162243364 10.464256472885607 10.199551716446875 7.342577829957011 13.398754917085169 67.739371255040169 18.006410792469978 13.862645432353018 3.2207671627402297 6.3971826136112213 22.473971769213676 4.8326321467757225
leaf_count=1776 47 64 29 47 187 58 261 46 167 19 23 49 36 31 19 60 176 51 25 15 36 228 24
internal_value=0.000113586 0.0125833 -0.00122355 0.000593444 0.0195659 -0.00546453 -0.00113283 0.00162828 -0.0110485 0.000408939 -0.00572012 0.00785511 -0.0253977 -0.0111269 0.000502375 0.0316106 -0.0166565 -0.0209308 -0.0255992 0.0393126 0.0243602 0.0354438 0.0149622
internal_weight=1009.79 97.5587 912.232 770.921 63.8193 28.2845 707.102 553.112 153.99 64.5503 51.7378 30.7312 21.0067 141.311 45.3657 20.7413 95.9453 85.7458 24.6244 35.5347 12.8124 33.0085 10.5345
internal_count=3474 526 2948 2557 307 105 2250 1822 428 227 172 113 59 391 133 79 258 227 54 202 55 299 71
is_linear=0
shrinkage=0.04


Tree=47
num_leaves=23
num_cat=0
split_feature=0 11 5 18 5 19 4 10 0 13 0 19 11 14 14 11 19 9 10 3 5 15
split_gain=9.9445 15.3552 11.2148 11.0604 14.081 10.5553 12.7941 10.3372 13.0287 10.1133 9.87436 8.87199 6.27036 8.5486 11.2458 7.009 6.87036 5.18088 4.63489 2.56509 1.43915 1.07029
threshold=1.7450000000000003 2.1550000000000007 7.9850000000000012 1.6826200000000002 4.7250000000000005 -0.13374999999999956 4.0750000000000011 2.7250000000000005 3.7350000000000008 0.017750000000000005 10.595000000000001 -0.25999999999999984 1.8050000000000004 6.8050000000000006 8.1700000000000017 1.4650000000000001 0.91374999999999995 5.2150000000000007 2.3850000000000002 4.6250000000000009 4.1750000000000007 86.705000000000013
decision_type=2 2 2 2 2 2 2 2 2 2 2 2 2 2 2 2 2 2 2 2 2 2
left_child=2 17 3 5 20 -1 -7 8 9 -3 11 -9 15 16 -15 -4 -14 -2 -6 -10 -5 -19
right_child=1 7 12 4 18 6 -8 10 19 -11 -12 -13 13 14 -16 -17 -18 21 -20 -21 -22 -23
leaf_value=0.053156363331906993 -0.0035272155243112431 0.0013636963550066319 -0.013697944391733311 0.00640996554477703 -0.029875065667588078 -0.0056645456529845518 0.014448401576392021 0.02320324683204638 0.043245488425936791 0.024465053532646941 0.041200642035446933 -0.0056982619046297509 -0.0063438168187689827 0.020136726027297529 -0.01287795065679713 0.037046921413224625 -0.043096133493798254 0.048615882201118232 0.0042861886161168353 0 0.036810656082720661 0.013576749351125223
leaf_weight=6.2336652576923361 4.0071608796715763 170.50120164453983 7.4864809066057187 6.1193183213472349 37.820062547922134 106.00528828799725 94.590597182512283 17.07845114916563 18.233243703842167 36.160768412053585 6.9804216995835295 267.50026137381792 13.625260457396505 17.762488767504692 132.46474573016167 7.8724484890699387 23.441440045833588 15.377225317060949 6.8471726030111304 2.6533576548099509 5.5053042471408844 3.3263330310583106
leaf_count=28 18 717 19 20 87 320 319 60 180 146 58 836 36 56 322 29 45 93 20 26 22 17
internal_value=0.000116588 0.0038055 -0.00415641 0.00126643 -0.0142606 0.00557914 0.00380462 0.00234649 0.00872521 0.00554274 -0.00261727 -0.0038606 -0.0112083 -0.0132508 -0.00881414 0.0124977 -0.0303181 0.0353119 -0.024484 0.0381566 0.0232165 0.0437957
internal_weight=1007.59 541.818 465.774 263.121 56.2919 206.83 200.596 519.108 227.549 206.662 291.559 284.579 202.653 187.294 150.227 15.3589 37.0667 22.7107 44.6672 20.8866 11.6246 18.7036
internal_count=3474 2151 1323 816 149 667 639 2023 1069 863 954 896 507 459 378 48 81 128 107 206 42 110
is_linear=0
shrinkage=0.04


Tree=48
num_leaves=23
num_cat=0
split_feature=0 8 12 11 12 19 3 17 0 20 17 9 15 13 15 6 6 3 12 15 9 19
split_gain=9.68435 14.8471 10.4661 9.3139 15.0338 18.9497 15.8065 11.2321 10.8904 8.49792 7.19893 7.38593 7.10374 12.1311 6.24804 8.81882 5.95604 4.93806 4.45665 3.97455 4.32886 3.63574
threshold=4.2750000000000012 15.655000000000003 2.0350000000000006 5.2150000000000007 2.2450000000000006 2.1837500000000007 1.9750000000000003 0.57081000000000015 3.7650000000000001 3.7836264631345196 0.20614000000000013 19.035000000000004 61.620000000000012 0.028050000000000002 67.52500000000002 1.0115000000000001 1.0555000000000001 2.2450000000000006 2.0550000000000002 68.595000000000013 17.445000000000004 5.7687499999999998
decision_type=2 2 2 2 2 2 2 2 2 2 2 2 2 2 2 2 2 2 2 2 2 2
left_child=3 19 10 4 7 6 -6 8 -1 -9 16 -12 13 -5 18 -16 -3 -7 -14 20 -2 -4
right_child=1 2 21 12 5 17 -8 9 -10 -11 11 -13 14 -15 15 -17 -18 -19 -20 -21 -22 -23
leaf_value=0.00084129391593614953 0.036979649234075346 0.047805103500559963 -1.8780453549169724e-05 -0.014894673020666091 -0.030023031535362579 0.053311104084124365 0.028381219231073777 -0.0021466227654789887 0.046219352126579301 -0.021167197817668907 -0.043386015492322356 -0.0042126646014136902 -0.038395517068676478 0.059269177148202255 0.023550637285230304 -0.012359748811731965 -0.0084096064690134219 0.020428240836422213 -0.0089495218625135729 0.04506103952942539 -0.015553432471271113 0.0432814116514985
leaf_weight=544.21887842565775 3.6771765425801304 5.419030621647833 3.8110767900943747 7.3683903217315656 16.299219720065597 17.815534703433514 11.926087014377115 86.303964659571648 7.6090513765811911 67.41860231757164 9.2623312175273878 34.356915414333344 22.023780211806297 5.1084803193807602 11.594950675964354 79.578942760825157 4.8262023478746414 16.978630915284157 15.273289375007151 20.412359356880188 4.3109866306185722 9.994642145931719
leaf_count=1776 31 27 17 20 47 103 58 261 46 167 24 110 43 22 44 213 16 99 49 197 16 88
internal_value=0.000125069 0.0121424 0.00168124 -0.00114745 0.000580567 0.0191478 -0.00494492 -0.00109128 0.00156395 -0.0106231 -0.00627587 -0.0134962 -0.0105642 0.0170218 -0.0134159 -0.00750013 0.0222198 0.0385076 -0.0270947 0.0358912 0.00916275 0.0315941
internal_weight=1005.59 96.0707 67.6702 909.518 768.57 63.0195 28.2253 705.55 551.828 153.723 53.8645 43.6192 140.948 12.4769 128.471 91.1739 10.2452 34.7942 37.2971 28.4005 7.98816 13.8057
internal_count=3474 526 282 2948 2557 307 105 2250 1822 428 177 134 391 42 349 257 43 202 92 244 47 105
is_linear=0
shrinkage=0.04


Tree=49
num_leaves=24
num_cat=0
split_feature=16 20 15 6 17 15 10 10 12 13 9 5 16 9 8 6 18 13 13 18 16 15 12
split_gain=9.12631 11.5551 13.3696 10.5657 15.7856 14.1391 11.4346 9.85016 9.32375 8.4219 18.3115 8.0884 8.01266 7.73824 7.36712 9.02876 6.86869 6.81595 13.2573 6.4112 10.8547 6.2677 5.7867
threshold=2.7150000000000003 3.2728697174397774 65.90000000000002 1.0345000000000002 0.56029000000000007 73.75500000000001 3.7950000000000004 1.925 1.4350000000000003 0.012050000000000002 8.1950000000000021 26.160000000000004 3.7650000000000001 14.275 9.4550000000000018 1.0585000000000002 2.6520900000000007 0.025250000000000005 0.022350000000000005 2.2417800000000003 2.0650000000000004 71.060000000000016 1.155
decision_type=2 2 2 2 2 2 2 2 2 2 2 2 2 2 2 2 2 2 2 2 2 2 2
left_child=7 2 17 4 16 -5 -6 9 13 14 -11 -10 -7 -4 15 -1 -3 18 -2 -9 21 -21 -12
right_child=1 3 8 5 6 12 -8 19 11 10 22 -13 -14 -15 -16 -17 -18 -19 -20 20 -22 -23 -24
leaf_value=0.00011543000505093631 0.0057517293963973279 0.041950265939963559 -0.018216842517137902 -0.044420307457658827 0.018487167431505882 -0.013464169123506252 -0.031041128371877301 -0.0072272249899391931 0.036403150698790659 0.03962580960988521 -0.024430938613861294 -0.0033764224492151252 0.011512940030997969 0.024961508810652268 0.037192546847176933 -0.040435097083038371 -0.0063228881177512172 0.01220741575179597 -0.069795161909004727 0.015976080492589279 0.053114652476815002 -0.023334461439114846 0.0082301931005873529
leaf_weight=210.64842501282692 7.7407794520258921 23.611831188201908 13.224082723259928 14.147619202733038 12.706134513020517 44.527740828692913 15.23631266504526 414.45046246051788 56.587114352732897 28.429759569466114 11.878914698958395 8.9226368069648725 36.297036059200764 11.409025825560091 7.1487099528312674 8.1508938223123533 5.1950989738106719 11.389277443289755 5.635235384106636 13.470701009035116 6.5930194407701483 10.720152541995047 25.329194091260433
leaf_count=739 41 120 49 31 66 129 34 1133 407 123 32 42 152 54 34 19 23 43 11 42 31 24 95
internal_value=0.000129711 0.00646463 0.0159772 -0.000744887 0.0127221 -0.00892399 -0.00838235 -0.00215749 0.0231009 0.00353302 0.0160304 0.0308955 -0.00214598 0.00166309 -0.000116835 -0.00153589 0.0330561 -0.00953188 -0.0281603 -0.00590172 0.011358 -0.00136154 -0.0023542
internal_weight=1003.45 266.63 114.908 151.722 56.7494 94.9724 27.9424 736.82 90.1429 291.586 65.6379 65.5098 80.8248 24.6331 225.948 218.799 28.8069 24.7653 13.376 445.234 30.7839 24.1909 37.2081
internal_count=3474 1202 647 555 243 312 100 2272 552 1042 250 449 281 103 792 758 143 95 52 1230 97 66 127
is_linear=0
shrinkage=0.04


Tree=50
num_leaves=21
num_cat=0
split_feature=0 11 12 6 0 11 5 12 21 11 9 0 9 11 12 14 14 19 9 5
split_gain=8.64973 14.5076 13.6062 11.791 12.5959 11.2089 9.55204 9.91449 11.2456 14.6302 11.6085 7.36215 7.38288 5.68137 8.7436 8.06925 10.2204 6.51601 5.02679 1.21154
threshold=1.7450000000000003 2.1550000000000007 2.0250000000000004 1.0615000000000003 3.7350000000000008 2.8550000000000004 7.9850000000000012 0.80500000000000016 4.2273804372630446 1.8750000000000002 8.1250000000000018 1.7650000000000003 54.755000000000003 1.8050000000000004 0.80500000000000016 6.8050000000000006 8.1700000000000017 0.91374999999999995 5.2150000000000007 11.165000000000001
decision_type=2 2 2 2 2 2 2 2 2 2 2 2 2 2 2 2 2 2 2 2
left_child=6 18 11 5 -5 -4 7 -1 9 -9 -10 -3 -13 14 -8 17 -17 -15 -2 -20
right_child=1 2 3 4 -6 -7 13 8 10 -11 -12 12 -14 15 -16 16 -18 -19 19 -21
leaf_value=0.044161237534302004 -0.0036137241331608999 0.036405440916560936 -0.021667918485688976 -0.040847989873569038 0.018571976782082004 0.023722715271641492 -0.013055069535675428 -0.025221465108306657 0.038741818949224523 0.0010219909936849336 -0.00018839916373637557 -0.0030627742790083376 0.034575457026910464 -0.0056308220364108246 0.044134642744758937 0.019604501635026847 -0.011902294479263076 -0.041399864558832267 0.04775463795265223 0.010575692765399256
leaf_weight=7.3066468089818946 3.9984782710671452 7.0433620959520331 8.6486429274082166 10.989924073219301 9.8516449891030771 91.551189031451941 8.7488767057657224 41.572094634175301 20.806982755661011 165.78429532051086 27.033647984266281 379.00670031458139 7.5028885155916205 13.626922711730002 6.5752408802509299 17.719989567995071 131.90265822410583 23.342438831925392 15.306776963174345 2.9064636379480353
leaf_count=29 18 27 34 25 59 573 22 111 86 505 85 1276 29 36 26 56 322 45 94 16
internal_value=0.000128086 0.00359086 0.0021746 0.01385 -0.01283 0.0195504 -0.00385633 0.00115032 -0.000217481 -0.00429686 0.017026 -0.00142202 -0.00222416 -0.0103783 0.0121941 -0.0123299 -0.00801241 -0.0289216 0.0345504 0.0430972
internal_weight=1001.23 536.806 514.594 121.041 20.8416 100.2 464.42 262.504 255.197 207.356 47.8406 393.553 386.51 201.916 15.3241 186.592 149.623 36.9694 22.2117 18.2132
internal_count=3474 2151 2023 691 84 607 1323 816 787 616 171 1332 1305 507 48 459 378 81 128 110
is_linear=0
shrinkage=0.04


Tree=51
num_leaves=17
num_cat=0
split_feature=0 14 0 12 3 0 17 0 18 15 13 8 18 20 5 13
split_gain=8.3608 8.13488 13.7239 10.4934 16.9771 8.71198 10.9087 9.33967 7.43832 7.15005 12.2123 14.6937 9.01889 8.63627 10.843 5.15955
threshold=10.595000000000001 13.600000000000001 2.7150000000000003 1.9650000000000001 1.5850000000000002 2.6250000000000004 0.32268999999999998 2.2950000000000004 1.2744600000000001 71.740000000000023 0.036750000000000012 28.595000000000002 1.9619600000000001 3.503264279592051 16.790000000000003 0.033150000000000006
decision_type=2 2 2 2 2 2 2 2 2 2 2 2 2 2 2 2
left_child=1 2 5 4 -4 7 -7 -1 -5 13 12 -12 -11 14 -3 -15
right_child=-2 9 3 8 -6 6 -8 -9 -10 10 11 -13 -14 15 -16 -17
leaf_value=-0.001617552974893453 0.040593910286512172 -0.027948290069711543 0.030045694533731692 -0.011980728927607702 -0.0058855341689504218 0.015027935219434154 -0.045064729092727573 0.016073033709694137 0.031377548723025998 -0.018867006429381147 0.033590401104540528 -0.0075339891853993812 0.018626196607014488 -0.0057174898476518099 0.031420707100272775 -0.03835685302416629
leaf_weight=579.54457420855761 7.106131885200738 8.197584271430971 28.356554970145226 6.4343609660863867 72.779420576989651 6.2916329875588444 13.969409324228762 51.019175849854946 48.69686758518219 62.318075850605965 25.340994536876678 28.307774007320404 11.210319221019743 11.887370780110357 9.5298164635896665 28.447182670235634
leaf_count=1774 65 17 125 26 304 30 36 227 393 152 87 75 40 31 36 56
internal_value=0.000130559 -0.000191723 0.00153712 0.0121456 0.00430609 -0.0010125 -0.0261988 -0.00015035 0.0260514 -0.0077351 -0.00230299 0.0120039 -0.0128701 -0.0192575 0.00351344 -0.029302
internal_weight=999.437 992.331 807.092 156.267 101.136 650.825 20.261 630.564 55.1312 185.239 127.177 53.6488 73.5284 58.062 17.7274 40.3346
internal_count=3474 3409 2915 848 429 2067 66 2001 419 494 354 162 192 140 53 87
is_linear=0
shrinkage=0.04


Tree=52
num_leaves=12
num_cat=0
split_feature=0 14 0 8 5 21 13 20 9 21 19
split_gain=7.98821 7.52561 13.1873 14.4336 7.49358 7.33871 6.93302 13.5511 9.97155 6.66739 5.88793
threshold=10.595000000000001 13.600000000000001 4.2750000000000012 20.320000000000004 25.035000000000004 2.8137175313344813 0.036750000000000012 3.5414823000089259 26.645000000000003 1.9697624122298987 -0.063749999999999959
decision_type=2 2 2 2 2 2 2 2 2 2 2
left_child=1 2 9 4 -4 -3 8 -8 -7 -1 -11
right_child=-2 5 3 -5 -6 6 7 -9 -10 10 -12
leaf_value=-0.029384265318036455 0.040179105988184693 -0.032281788253273679 0.039287752543138016 -0.035906748866899957 -0.026296311788326285 -0.0024217267187600262 0.037658286954722606 -0.0040901501284645939 -0.03052224431249756 0.014215640136781315 -0.0001097321011572637
leaf_weight=10.882617592811583 6.9066793173551551 16.403436481952667 30.395507473498583 4.5670205578207961 2.2247597351670256 58.259626448154449 14.277673944830893 65.217720463871956 30.687031880021095 48.007136300206184 709.80518835783005
leaf_count=23 65 33 282 16 8 164 54 175 68 162 2424
internal_value=0.000128139 -0.000183235 0.00148011 0.0244261 0.0339277 -0.00744701 -0.00480506 0.00368332 -0.012437 0.000329361 0.00080477
internal_weight=997.634 990.728 805.882 37.1873 32.6203 184.845 168.442 79.4954 88.9467 768.695 757.812
internal_count=3474 3409 2915 306 290 494 461 229 232 2609 2586
is_linear=0
shrinkage=0.04


Tree=53
num_leaves=17
num_cat=0
split_feature=0 10 0 18 13 19 5 0 15 17 18 17 12 17 5 2
split_gain=7.63576 7.54416 10.8351 10.1552 8.07573 7.2158 10.7161 9.26074 10.6045 9.54035 8.82241 4.46371 5.90978 4.07515 3.90096 3.35028
threshold=10.595000000000001 1.925 2.1650000000000005 2.2550200000000005 0.012050000000000002 -0.063749999999999959 12.745000000000003 1.8650000000000004 59.435000000000009 1.0995600000000003 1.1127200000000002 0.32268999999999998 2.5550000000000002 0.03700000000000004 6.4450000000000012 1.5550000000000004
decision_type=2 2 2 2 2 2 2 2 2 2 2 2 2 2 2 2
left_child=1 2 3 4 -1 6 15 9 -9 -7 -8 13 -13 -4 -5 -3
right_child=-2 5 11 14 -6 7 10 8 -10 -11 -12 12 -14 -15 -16 -17
leaf_value=2.7179873954747183e-05 0.039772799754455718 0.062309316537894642 0.0019870349299132557 -0.0086049626341477975 0.017091512454230965 -0.01124896972612795 -0.030408935891646675 0.044137024984461093 -0.00073165656820903431 0.025638702520240288 0.012833860764818478 -0.0051070855741127772 0.038547293954109267 0.044804412457011826 -0.04903652534385354 0.015572621497242296
leaf_weight=193.5236251950264 6.7122996151447287 6.2485398948192579 5.0546211078763035 9.7426886260509509 56.944465145468712 243.87015217542648 9.4509527385234815 7.621591977775096 370.12987750023603 10.707112759351729 26.109903372824192 14.366594925522806 6.255807824432849 16.912527237087488 6.7668053805828086 5.9058748483657837
leaf_count=645 65 26 30 28 212 615 21 33 1372 34 88 75 64 135 12 19
internal_value=0.000121143 -0.000179607 0.00497848 0.00191937 0.00399115 -0.00254326 0.0122614 -0.00369064 0.000266644 -0.00957199 0.000605084 0.0234874 0.00893579 0.035816 -0.0274878 0.0431182
internal_weight=996.323 989.611 309.567 266.978 250.468 680.044 47.7153 632.329 377.751 254.577 35.5609 42.5896 20.6224 21.9671 16.5095 12.1544
internal_count=3474 3409 1201 897 857 2208 154 2054 1405 649 109 304 139 165 40 45
is_linear=0
shrinkage=0.04


Tree=54
num_leaves=18
num_cat=0
split_feature=0 10 0 11 0 9 4 7 20 9 0 9 8 0 11 7 6
split_gain=7.30065 7.53031 11.2225 8.48233 8.95261 7.35402 7.33319 14.5095 11.155 7.15078 11.1038 8.47539 3.00072 4.6666 2.60279 1.77933 0.850626
threshold=8.2050000000000018 3.3550000000000004 3.7650000000000001 5.1050000000000013 4.2750000000000012 10.435 9.6550000000000029 8.8350000000000026 5.8670517524843548 30.660000000000004 1.425 48.380000000000003 25.840000000000003 10.595000000000001 5.6150000000000011 14.705000000000002 0.99450000000000005
decision_type=2 2 2 2 2 2 2 2 2 2 2 2 2 2 2 2 2
left_child=1 2 6 15 -5 14 7 -1 -8 10 -7 -11 -2 -14 16 -4 -3
right_child=12 5 3 4 -6 9 8 -9 -10 11 -12 -13 13 -15 -16 -17 -18
leaf_value=-4.8408066708392555e-05 0.042566339366346136 -0.017035751208553856 0.044773282757243793 -0.040589196846744877 0.021442528981578786 -0.026438962628591328 -0.018284614734886243 0.020743222695632252 0.026005704004887848 -0.022539654423198548 0.0062041600631863062 0.013667012608767515 -0.0134212033595206 0.036645500491146649 -0.00609057943550575 0.0034514129308958769 -0.039064544309792927
leaf_weight=589.53440465778112 7.6440255418419865 8.773637995123865 16.978524390608076 4.6449944153428069 9.9272442758083326 18.445090174674988 59.925111055374146 58.002042844891548 9.6605386435985547 47.943240188062191 114.95223607867956 12.097369477152823 5.8747996240854246 4.1769562363624573 10.671595275402067 2.5027315579354754 13.223301336169241
leaf_count=2015 74 20 153 20 103 38 158 220 33 115 366 37 18 37 30 12 25
internal_value=0.000126577 -0.000338676 0.00158045 0.0236846 0 -0.00672856 0.000488146 0.00183075 -0.0117412 -0.0036561 0.00146787 -0.0150091 0.0248927 0.0080932 -0.0240348 0.040283 -0.0317489
internal_weight=994.978 977.282 751.176 34.0535 14.5722 226.106 717.122 647.536 69.5856 193.438 133.397 60.0406 17.6958 10.0518 32.6685 19.4813 21.9969
internal_count=3474 3345 2714 288 123 631 2426 2235 191 556 404 152 129 55 75 165 45
is_linear=0
shrinkage=0.04


Tree=55
num_leaves=16
num_cat=0
split_feature=12 0 11 4 15 15 1 15 21 13 4 18 6 10 20
split_gain=7.04354 7.36881 12.1593 9.63404 8.17356 6.77084 9.05031 7.17061 7.07099 7.00248 7.39625 6.14531 3.88299 1.13809 0.508636
threshold=2.5550000000000002 4.2750000000000012 5.2750000000000012 3.5650000000000004 74.265000000000015 94.875000000000014 0.82650000000000012 91.815000000000012 6.8654761867072152 0.0057500000000000008 2.7850000000000006 2.2745750000000005 1.0205000000000002 2.6250000000000004 3.8405934315551153
decision_type=2 2 2 2 2 2 2 2 2 2 2 2 2 2 2
left_child=5 2 3 -2 11 7 -7 9 -9 12 -11 -4 -1 -6 -5
right_child=1 -3 4 14 13 6 -8 8 -10 10 -12 -13 -14 -15 -16
leaf_value=0.0083994818420515989 -0.0089170070355358809 0.040278463751980291 0.036805640653333013 0.04630832280577505 -0.016535577305642639 -0.010275074600055027 0.053467495060472138 0.0015614079356468407 -0.040252392783299909 -0.023450428608561613 -0.00049144234471799073 -0.010764124043096049 0.049657482235011527 -0.044227603882171077 0.013615735650014369
leaf_weight=11.146628297865393 7.7859259396791485 11.630695231258867 6.3519519716501263 14.291163071990015 8.4685519486665708 5.426290810108183 7.3488643020391464 10.813362658023836 13.672032445669172 22.096197679638863 850.50727006047964 9.4587618783116323 5.4093949496746054 6.4123676866292945 2.6899788901209822
leaf_count=40 26 159 30 111 29 16 37 37 32 56 2818 30 26 12 15
internal_value=0.000123484 0.0125477 0.00597995 0.0263905 -0.0105512 -0.000780185 0.0270314 -0.00120694 -0.0221358 -0.000597402 -0.00110815 0.00892371 0.0243962 -0.0310057 0.0426196
internal_weight=993.509 67.0894 55.4587 24.7671 30.6916 926.42 12.7752 913.645 24.4854 889.159 872.603 15.8107 16.556 14.8809 16.9811
internal_count=3474 412 253 152 101 3062 53 3009 69 2940 2874 60 66 41 126
is_linear=0
shrinkage=0.04


Tree=56
num_leaves=16
num_cat=0
split_feature=0 10 0 18 1 19 0 6 17 20 20 1 13 1 9
split_gain=6.86096 6.80024 9.96486 9.55532 8.01118 6.89518 8.31735 10.156 8.8388 7.37518 13.4323 5.12411 10.7593 7.62582 3.42881
threshold=10.595000000000001 1.925 2.1650000000000005 2.2550200000000005 0.97350000000000014 -0.063749999999999959 1.8650000000000004 1.1095000000000004 1.0995600000000003 4.5300822529752081 3.6711413918644067 0.82650000000000012 0.007150000000000001 0.8045000000000001 8.5850000000000026
decision_type=2 2 2 2 2 2 2 2 2 2 2 2 2 2 2
left_child=1 2 3 4 -1 9 8 -8 -7 10 -3 13 -13 -4 -5
right_child=-2 5 11 14 -6 6 7 -9 -10 -11 -12 12 -14 -15 -16
leaf_value=0.0069262816459761444 0.03889044154337469 0.0074800508801624111 0.026559186862304313 -0.0088118816055017066 -0.012731532451434571 -0.010718732703489681 0.0020517987356500566 -0.02361412244426064 0.02479783258230547 -0.015375746793884162 0.066127215586326074 -0.006970734827117602 0.04539040103212176 -0.033505009233039174 -0.047003785970142618
leaf_weight=211.95441161096096 6.252597287297248 29.430012814700603 6.7129452824592573 9.7273923456668872 38.119641870260239 243.3636274933815 351.08156808465719 25.51935151964426 10.695598646998404 10.90040088444948 7.2055262774229041 7.9882626682519939 21.812372520565987 5.0224127769470215 6.7468347400426856
leaf_count=738 65 94 48 28 119 615 1342 63 34 28 32 50 180 26 12
internal_value=0.000123175 -0.000153632 0.00475646 0.00184741 0.00385914 -0.00239964 -0.00352258 0.000233499 -0.0091008 0.0120993 0.020678 0.0227543 0.0313243 0 -0.0267056
internal_weight=992.533 986.28 308.084 266.548 250.074 678.196 630.66 376.601 254.059 47.5359 36.6355 41.536 29.8006 11.7354 16.4742
internal_count=3474 3409 1201 897 857 2208 2054 1405 649 154 126 304 230 74 40
is_linear=0
shrinkage=0.04


Tree=57
num_leaves=17
num_cat=0
split_feature=3 15 3 17 10 14 14 4 11 20 0 8 19 11 19 12
split_gain=6.76316 11.082 12.6268 7.31524 6.78601 9.32166 19.1971 10.9898 10.723 9.53342 6.76178 9.18044 6.94278 5.99686 9.34494 3.70137
threshold=3.3750000000000004 73.175000000000026 4.6250000000000009 0.40252500000000008 1.925 8.6650000000000009 6.8050000000000006 4.8450000000000006 3.5550000000000002 5.4135682504591838 2.7150000000000003 5.9850000000000012 22.038750000000004 5.6950000000000012 -0.063749999999999959 2.8950000000000005
decision_type=2 2 2 2 2 2 2 2 2 2 2 2 2 2 2 2
left_child=4 2 3 -2 5 6 8 -8 -1 -7 13 -12 -13 14 -6 -15
right_child=1 -3 -4 -5 10 9 7 -9 -10 -11 11 12 -14 15 -16 -17
leaf_value=0 -0.007279262418513289 0.044486571016524347 -0.044626763888979772 0.048510787120610584 0.018879481017733405 -0.042396953403831421 -0.002372473434208803 0.046632326219018305 0.032321843346832003 0.012893406312398112 0.046140295093088535 0.0032187610582809574 -0.02607608019250196 -0.012591960850601241 -0.0054762456186824076 -0.041103598004076453
leaf_weight=227.96572759002447 6.9146312251687068 13.296322327107189 6.2629947550594798 6.2523967400193214 26.057969525456429 12.020416840910913 9.5219636410474759 25.846536543220282 16.673306316137314 7.1888939887285224 6.5988193526864043 202.16388314589858 12.798777624964712 51.738792568445206 351.33814100921154 8.4055819958448392
leaf_count=821 26 142 24 40 86 28 30 132 114 27 37 813 31 126 979 18
internal_value=0.000121473 0.0177332 -0.00146437 0.0202023 -0.000489483 0.00448688 0.00638232 0.0335167 0.00230634 -0.0216951 -0.00276413 0.00289686 0.00132485 -0.00564905 -0.00372797 -0.0173146
internal_weight=991.045 32.7263 19.43 13.167 958.319 299.217 280.008 35.3685 244.639 19.2093 659.102 221.561 214.963 437.54 377.396 60.1444
internal_count=3474 232 90 66 3242 1152 1097 162 935 55 2090 881 844 1209 1065 144
is_linear=0
shrinkage=0.04


Tree=58
num_leaves=10
num_cat=0
split_feature=16 4 16 10 10 14 18 20 3
split_gain=6.43712 6.4384 6.84648 10.957 7.52623 8.43671 7.18196 6.1988 2.99437
threshold=10.595000000000001 30.350000000000005 3.7650000000000001 2.8050000000000002 1.925 8.6650000000000009 1.6937600000000002 5.8670517524843548 4.6250000000000009
decision_type=2 2 2 2 2 2 2 2 2
left_child=1 2 4 8 5 -1 -5 -6 -4
right_child=-2 -3 3 6 7 -7 -8 -9 -10
leaf_value=0.0058450215250781517 0.038396045147048974 -0.032302073886130919 0.042290894656166048 0.015449333521582016 -0.0045686350322606982 -0.020826980005226269 -0.0072286336828585466 0.017155187366745518 -0.0026391801242808925
leaf_weight=284.40863332152367 5.9822949469089499 8.8636057674884778 16.52847328782082 41.397642493247986 544.19707330316305 19.248058870434761 45.858409687876701 20.753942638635635 2.2326684780418864
leaf_count=1103 65 19 190 166 1592 55 194 64 26
internal_value=0.000120583 -0.000142875 0.000174203 0.00972793 -0.000992516 0.00406528 0.00349317 -0.00372755 0.0366762
internal_weight=989.471 983.489 974.625 106.017 868.608 303.657 87.2561 564.951 18.7611
internal_count=3474 3409 3390 576 2814 1158 360 1656 216
is_linear=0
shrinkage=0.04


Tree=59
num_leaves=16
num_cat=0
split_feature=0 10 13 5 0 6 9 9 0 19 12 8 17 9 7
split_gain=6.30145 6.43643 13.7574 7.89584 11.3446 7.72993 6.79681 6.43708 9.93547 9.38055 3.54727 2.91551 5.4153 2.20911 5.40251
threshold=8.2050000000000018 3.3550000000000004 0.026150000000000003 20.445000000000004 4.2750000000000012 1.0865000000000002 10.435 30.660000000000004 1.425 5.0937500000000009 1.1450000000000002 25.840000000000003 0.90484500000000045 9.2950000000000017 14.575000000000001
decision_type=2 2 2 2 2 2 2 2 2 2 2 2 2 2 2
left_child=1 2 3 4 -1 10 13 8 -8 -9 -4 -2 -13 14 -3
right_child=11 6 5 -5 -6 -7 7 9 -10 -11 -12 12 -14 -15 -16
leaf_value=9.0829491966475144e-06 0.041808719649095938 0 0.012595082017787021 -0.032978909948301403 0.034467355008021928 -0.015100842514754877 -0.024998000995275757 0.0027992577416430385 0.0060699268564008927 -0.028424656139157848 0.044065247709467452 -0.0158597958444005 0.039178942851934968 -0.039660657633408779 -0.03902967295115696
leaf_weight=686.88972648978233 7.0882970131933716 15.22061111032963 10.743628218770029 10.253942456096409 14.645947795361279 5.423419937491416 18.173753634095192 27.61924646794796 114.57253332436085 32.182695597410202 18.730305727571249 5.7933764122426492 3.8784051798284054 9.0279878824949247 8.1725156903266889
leaf_count=2374 74 41 35 29 178 14 38 80 366 72 84 25 30 17 17
internal_value=0.000118388 -0.000304749 0.00147483 0.000244644 0.000787892 0.0256379 -0.00622708 -0.0032699 0.00160162 -0.0140636 0.0336462 0.0237358 0.00706435 -0.022927 -0.01478
internal_weight=988.416 971.656 746.687 711.79 701.536 34.8974 224.969 192.548 132.746 59.8019 29.4739 16.7601 9.67178 32.4211 23.3931
internal_count=3474 3345 2714 2581 2552 133 631 556 404 152 119 129 55 75 58
is_linear=0
shrinkage=0.04


Tree=60
num_leaves=13
num_cat=0
split_feature=3 15 3 7 17 15 15 1 9 7 12 7
split_gain=5.99857 10.5518 11.6169 7.8691 7.00532 5.54818 9.67781 8.34211 6.87013 6.59752 3.15745 0.339494
threshold=3.3750000000000004 73.175000000000026 4.6250000000000009 1.8950000000000002 0.40252500000000008 94.875000000000014 91.815000000000012 0.81250000000000011 54.755000000000003 5.4450000000000012 1.6150000000000004 5.995000000000001
decision_type=2 2 2 2 2 2 2 2 2 2 2 2
left_child=3 2 4 10 -2 6 8 -7 -5 -8 -1 -9
right_child=1 -3 -4 5 -6 7 9 11 -10 -11 -12 -13
leaf_value=0.0079360589976447925 -0.0072222507482234523 0.044004513120576919 -0.042557902497463218 -0.0008942902057486905 0.04774307839908299 -0.015070190226225499 0.0012068055046908443 0.019897573663302703 0.035549784315927278 -0.039232821337820627 0.053038523225627375 0.053286311600133793
leaf_weight=5.8397019505500776 6.8918388262391144 12.552800364792345 6.3511952050030223 896.80477736890316 6.0723029263317585 5.0892007350921622 9.4782090634107607 3.4999554902315122 7.3466413319110861 16.701345171779394 4.9356625229120255 5.6284278929233551
leaf_count=20 26 142 24 3034 40 15 34 17 30 42 22 28
internal_value=0.000113602 0.0169218 -0.00158475 -0.000455838 0.0195255 -0.000868309 -0.00126701 0.0230639 -0.000550379 -0.0247917 0.0320244 0.0445029
internal_weight=987.192 31.8681 19.3153 955.324 12.9641 944.549 930.331 14.2176 904.151 26.1796 10.7754 9.12838
internal_count=3474 232 90 3242 66 3200 3140 60 3064 76 42 45
is_linear=0
shrinkage=0.04


Tree=61
num_leaves=23
num_cat=0
split_feature=0 11 12 2 15 5 18 5 12 21 0 12 12 9 5 9 21 21 10 21 5 21
split_gain=6.02342 13.6159 9.99373 11.094 8.39725 7.62307 9.88993 12.6122 10.0445 10.7313 7.07682 6.8951 6.62565 6.49218 5.37539 6.23301 4.7186 9.90889 4.51086 2.1682 1.37326 1.09903
threshold=1.7450000000000003 2.1550000000000007 2.0250000000000004 1.5750000000000004 91.815000000000012 7.9850000000000012 1.6826200000000002 4.7250000000000005 0.78500000000000014 3.4788329510586267 1.7650000000000003 2.1950000000000007 2.0050000000000003 5.1650000000000009 8.6550000000000029 8.9050000000000029 7.4576097076089214 6.1002958550939725 2.3850000000000002 4.999999997280379 4.1750000000000007 6.1494456387128125
decision_type=2 2 2 2 2 2 2 2 2 2 2 2 2 2 2 2 2 2 2 2 2 2
left_child=5 13 10 11 -5 6 8 20 -1 -10 -3 -4 -12 -2 15 -7 17 -16 -9 -17 -8 -15
right_child=1 2 3 4 -6 14 7 18 9 -11 12 -13 -14 21 16 19 -18 -19 -20 -21 -22 -23
leaf_value=0.055026872563941835 -0.013331616563627175 0.035873211056814881 0.014483568211240536 0.023149022285058284 -0.020062255517554094 0.0017362868281404836 0.0058665032146475076 -0.028496627484344405 -0.0039423581758984425 0.014760588946722901 -0.0013521698795110409 -0.023690212929348302 -0.037516925880482804 0.047374801918071155 -0.0079407951968739447 -0.040679553180607925 -0.028427418156811029 0.020644234659427212 0.0051837601783064902 -0.012852883186463597 0.035653057246585858 0.011615697411121879
leaf_weight=5.3423693776130667 3.2648209184408215 6.9759676009416571 11.405884459614755 78.01952426508069 6.9571342989802352 11.329916328191755 6.0838640481233579 37.602724805474281 118.14030669629574 82.099745124578476 375.20366168394685 18.139472730457783 7.3150596246123305 15.089075542986395 127.25129514932632 18.071104452013973 12.574356079101561 21.785625800490379 6.8218437582254401 8.7670590430498105 5.3839962631464005 3.0500807985663405
leaf_count=23 14 27 47 545 34 32 20 87 350 294 1281 65 24 97 320 34 28 71 20 22 22 17
internal_value=0.000116906 0.00305028 0.00167386 0.0120137 0.019326 -0.0032066 0.00126326 -0.0134699 0.00535335 0.00372146 -0.00136884 -0.00869974 -0.00216064 0.0335835 -0.00907384 -0.0224655 -0.0057432 -0.00359928 -0.0231483 -0.0326652 0.0222305 0.042701
internal_weight=986.675 525.421 504.017 114.522 84.9767 461.254 261.475 55.8924 205.582 200.24 389.495 29.5454 382.519 21.404 199.779 38.1681 161.611 149.037 44.4246 26.8382 11.4679 18.1392
internal_count=3474 2151 2023 691 579 1323 816 149 667 644 1332 112 1305 128 507 88 419 391 107 56 42 114
is_linear=0
shrinkage=0.04


Tree=62
num_leaves=7
num_cat=0
split_feature=0 4 9 6 0 14
split_gain=5.75405 5.79162 6.24906 7.92891 10.3481 6.6041
threshold=10.595000000000001 30.350000000000005 54.755000000000003 1.0735000000000003 1.8450000000000004 10.645000000000001
decision_type=2 2 2 2 2 2
left_child=1 2 3 4 -1 -5
right_child=-2 -3 -4 5 -6 -7
leaf_value=-0.0027712456514270988 0.037497136980641263 -0.030670979729312788 0.036794507009671719 0.0065147484823787315 0.0060378203099040522 -0.016299422434276008
leaf_weight=475.70108368992805 5.5461489222943774 8.8354665338993055 6.400568261742591 26.13740524277091 384.51075419038534 77.865644484758377
leaf_count=1389 65 19 24 102 1681 194
internal_value=0.000115636 -0.000125907 0.000175191 -9.74728e-05 0.00115952 -0.0104823
internal_weight=984.997 979.451 970.615 964.215 860.212 104.003
internal_count=3474 3409 3390 3366 3070 296
is_linear=0
shrinkage=0.04


Tree=63
num_leaves=17
num_cat=0
split_feature=0 14 15 9 7 0 8 7 6 21 9 5 19 3 8 17
split_gain=5.64018 5.91076 9.37782 11.5294 10.8983 8.98407 10.1234 6.64447 6.35174 6.26894 5.41071 12.4233 5.09508 4.17224 2.79152 4.98556
threshold=8.2050000000000018 13.600000000000001 71.740000000000023 15.055000000000001 17.580000000000002 4.2750000000000012 20.320000000000004 1.8950000000000002 1.1135000000000004 1.9697624122298987 17.865000000000006 26.160000000000004 0.073749999999999996 1.8450000000000004 25.840000000000003 0.90484500000000045
decision_type=2 2 2 2 2 2 2 2 2 2 2 2 2 2 2 2
left_child=1 5 10 -4 -5 7 8 12 -7 -9 13 -12 -1 -3 -2 -16
right_child=14 2 3 4 -6 6 -8 9 -10 -11 11 -13 -14 -15 15 -17
leaf_value=0.052382876701088613 0.041159959743184212 -0.019331744831064621 0.037109765562890321 -0.013453123244679604 0.012867562705268135 0.036748414803152302 -0.036308601961390678 -0.029390032692581284 -0.023935398153127709 0.0003070067268858593 0.029545666824893738 -0.034164023064744871 0 -0.051360456393947755 -0.015241271958040004 0.03827121262173367
leaf_weight=5.8682497143745405 6.6640409268438843 27.753399670124054 10.714128762483595 73.814130648970604 36.759818255901337 24.467871338129051 3.1894478797912589 10.547829955816267 2.2436520084738723 740.52710857614875 8.9329722821712512 8.6367292106151563 4.8848755955696106 9.5868656039237958 5.7583881653845292 3.6765699237585068
leaf_count=27 74 64 39 187 114 248 10 22 8 2545 33 17 15 16 25 30
internal_value=0.000112803 -0.000281042 -0.00689201 -0.000571587 -0.00459432 0.00118697 0.0223343 0.000318275 0.0306828 -0.000137935 -0.0204499 -0.00149454 0.0301645 -0.0288887 0.0228916 0.00651383
internal_weight=984.026 967.927 176.198 121.288 110.574 791.729 29.901 761.828 26.7115 751.075 54.91 17.5697 10.7531 37.3403 16.099 9.43496
internal_count=3474 3345 470 340 301 2875 266 2609 256 2567 130 50 42 80 129 55
is_linear=0
shrinkage=0.04


Tree=64
num_leaves=18
num_cat=0
split_feature=0 10 0 11 1 6 0 14 9 9 0 19 2 8 17 2 21
split_gain=5.35003 5.54092 8.44482 8.72058 7.76421 6.61262 15.5881 12.3867 6.28014 5.66991 8.90685 8.69757 3.61491 2.7023 4.74242 2.551 2.3885
threshold=8.2050000000000018 3.3550000000000004 3.7650000000000001 5.1050000000000013 0.88550000000000006 1.0315000000000001 1.3450000000000004 4.6450000000000005 10.435 30.660000000000004 1.425 5.0937500000000009 1.7850000000000004 25.840000000000003 0.90484500000000045 1.425 7.654287195006618
decision_type=2 2 2 2 2 2 2 2 2 2 2 2 2 2 2 2 2
left_child=1 2 5 16 -5 6 -1 -7 12 10 -10 -11 15 -2 -15 -3 -4
right_child=13 8 3 4 -6 7 -8 -9 9 11 -12 -13 -14 14 -16 -17 -18
leaf_value=-0.0068480906948999885 0.040722684381595348 -0.012881715357025831 0.04404208343614769 0.036311153411038535 -0.023108522052154162 0.02076010566704449 0.008563590338739345 -0.0078945408649313195 -0.023713427873000778 0.00314880954634513 0.0058716542472242199 -0.026992759233055091 -0.0026819140033048357 -0.014662494617543318 0.037758964607067284 -0.044140184935623578 0
leaf_weight=158.23592120409012 6.4806294925510874 9.4250134676694888 15.742666456848388 4.3446646668016902 9.2156264297664148 25.985480081290007 305.81441374868155 221.92913936823606 17.928348287940025 27.480010211467743 114.05811449885368 31.945268198847771 11.446822382509707 5.7851786203682405 3.592658456414938 11.293259009718893 2.0158381536602965
leaf_count=437 74 23 154 53 70 109 1210 670 38 80 366 72 32 25 30 20 11
internal_value=0.000109585 -0.000271482 0.00138176 0.0213855 -0.00233492 0.000461831 0.00328775 -0.00478759 -0.00578501 -0.00293579 0.00164472 -0.0131006 -0.0218995 0.022455 0.00635261 -0.0315365 0.0390837
internal_weight=982.719 966.861 743.284 31.3188 13.5603 711.965 464.05 247.915 223.577 191.412 131.986 59.4253 32.1651 15.8585 9.37784 20.7183 17.7585
internal_count=3474 3345 2714 288 123 2426 1647 779 631 556 404 152 75 129 55 43 165
is_linear=0
shrinkage=0.04


Tree=65
num_leaves=12
num_cat=0
split_feature=15 1 15 12 2 15 11 9 13 9 13
split_gain=5.56856 9.94235 8.59448 8.50625 8.70805 7.42686 6.29184 5.90522 5.67933 3.04376 0.83842
threshold=94.875000000000014 0.8005000000000001 91.815000000000012 2.4950000000000006 1.5750000000000004 68.345000000000013 3.1650000000000005 54.755000000000003 0.0057500000000000008 11.815000000000003 0.0084500000000000009
decision_type=2 2 2 2 2 2 2 2 2 2 2
left_child=2 -2 3 7 -5 -6 9 8 -1 -4 -3
right_child=1 10 6 4 5 -7 -8 -9 -10 -11 -12
leaf_value=0.021984948075380473 -0.021369022215708348 0.014427754301234646 -0.01805913376939201 -0.016936212480891926 0.00039444250055523984 0.031490622592316671 -0.039212067621467755 0.033246613062355886 -0.0014588606895540863 0.019185624809394855 0.052419955268360095
leaf_weight=15.832018010318277 4.5152607262134543 2.8857358954846841 6.4715621769428271 10.903005450963972 19.484355520457029 35.042528923600912 14.453091848641632 7.1240398138761512 851.30749528482556 5.6106483638286591 7.2875684387981892
leaf_count=64 12 15 19 37 85 303 39 30 2809 22 39
internal_value=0.000106763 0.0237524 -0.000268611 0.000368069 0.0141727 0.0207302 -0.0223004 -0.000670941 -0.000996783 -7.68384e-06 0.0446149
internal_weight=980.917 14.6886 966.229 939.693 65.4299 54.5269 26.5353 874.264 867.14 12.0822 10.1733
internal_count=3474 66 3408 3328 425 388 80 2903 2873 41 54
is_linear=0
shrinkage=0.04


Tree=66
num_leaves=12
num_cat=0
split_feature=15 1 15 12 2 15 7 12 13 12 6
split_gain=5.23493 10.1665 7.96677 7.91638 8.14728 7.04693 6.0741 5.74286 7.20961 2.56434 0.784355
threshold=94.875000000000014 0.78250000000000008 91.815000000000012 2.4950000000000006 1.5750000000000004 68.345000000000013 5.4450000000000012 2.4450000000000007 0.0057500000000000008 1.5950000000000004 1.0435000000000001
decision_type=2 2 2 2 2 2 2 2 2 2 2
left_child=2 -2 3 7 -5 -6 -4 8 -1 -8 -3
right_child=1 10 6 4 5 -7 9 -9 -10 -11 -12
leaf_value=0.02655220222880729 -0.023523944425341298 0.014912045403473635 0.0029272898359764782 -0.016280304208481765 0.00037947326438102181 0.030766386257619051 -0.014882776332668315 -0.029314972833190591 -0.00077012374352901771 -0.050095461703833791 0.051783397911134815
leaf_weight=14.732473954558371 4.3211095780134192 3.0158484540879709 9.7179225161671656 10.928337916731833 19.48229068890214 34.468038443475962 8.0794588476419467 10.039822421967981 849.49832380563021 8.7262546643614751 7.2071387283504009
leaf_count=61 11 17 35 37 85 303 21 30 2812 24 38
internal_value=0.000106623 0.0231409 -0.000255603 0.000357294 0.0137343 0.0201454 -0.0214722 -0.000640818 -0.000264966 -0.0354026 0.0439168
internal_weight=980.217 14.5441 965.673 939.149 64.8787 53.9503 26.5236 874.271 864.231 16.8057 10.223
internal_count=3474 66 3408 3328 425 388 80 2903 2873 45 55
is_linear=0
shrinkage=0.04


Tree=67
num_leaves=19
num_cat=0
split_feature=1 12 20 12 12 3 17 3 0 0 12 1 21 17 11 0 3 12
split_gain=4.91949 6.66057 8.27809 6.96904 8.52592 6.52552 6.90341 14.6312 16.6614 14.7792 7.39476 12.6992 7.02363 6.38289 5.61687 10.6218 5.45533 1.69849
threshold=0.99850000000000005 1.1050000000000002 4.229054740272586 1.5750000000000004 1.9150000000000003 3.3750000000000004 0.37100000000000016 1.7550000000000001 4.035000000000001 1.3650000000000004 2.2450000000000006 0.88150000000000006 5.7401184198678061 0.53035000000000021 6.0250000000000012 1.3150000000000002 1.5150000000000003 1.635
decision_type=2 2 2 2 2 2 2 2 2 2 2 2 2 2 2 2 2 2
left_child=5 -2 3 16 -5 6 7 9 -9 -1 12 -12 -8 14 15 -7 -3 -15
right_child=1 2 -4 4 -6 13 10 8 -10 -11 11 -13 -14 17 -16 -17 -18 -19
leaf_value=-0.0032942420809641622 -0.034318998231206169 -0.010777739467198183 0.036136737326303486 -0.052322628697318789 0.0018388081150962719 -0.031839234060270609 -0.0026627979573231879 -0.011556051656627651 0.037319538336769778 0.014697998216031585 0.022864417498800048 -0.014799365694536677 -0.016189834004746616 0.0017025523778981667 -0.030215410115649984 0.045103793337409305 0.037097208772497441 0.045560171826448705
leaf_weight=111.44445650279522 14.075338646769522 8.0434621423482913 6.193122297525405 9.0695836320519465 8.0090406127274019 3.5233182013034838 310.1050246655941 125.19987045228481 11.210181232541798 205.88369210809469 39.236154720187187 21.136218424886465 76.499137680977583 2.141072764992713 4.8791773580014697 6.889091819524765 5.4976793527603141 10.504632312804459
leaf_count=313 33 24 28 19 35 7 946 430 91 792 209 91 214 10 28 66 25 113
internal_value=0.000102433 -0.0118747 -0.00240097 -0.0113449 -0.0277843 0.000779429 0.000169598 0.00364971 -0.00723887 0.00836356 -0.00334556 0.00952178 -0.00539496 0.019479 0.00111513 0.0178585 0.00932373 0.0393897
internal_weight=979.54 50.8882 36.8129 30.6198 17.0786 928.652 900.715 453.738 136.41 317.328 446.977 60.3724 386.604 27.9373 15.2916 10.4124 13.5411 12.6457
internal_count=3474 164 131 103 54 3310 3086 1626 521 1105 1460 300 1160 224 101 73 49 123
is_linear=0
shrinkage=0.04


Tree=68
num_leaves=14
num_cat=0
split_feature=15 1 15 12 19 11 19 19 1 19 7 12 14
split_gain=4.95808 9.53109 7.34525 7.11932 6.66765 6.20051 5.71127 5.6077 8.55933 7.42717 5.58718 2.56659 0.757808
threshold=94.875000000000014 0.78250000000000008 91.815000000000012 2.4950000000000006 1.7400000000000002 6.0250000000000012 0.91374999999999995 -0.063749999999999959 0.94450000000000001 0.9912500000000003 5.4450000000000012 1.4350000000000003 7.5050000000000008
decision_type=2 2 2 2 2 2 2 2 2 2 2 2 2
left_child=2 -2 3 7 6 -6 -5 8 -1 -9 -4 -12 -3
right_child=1 12 10 4 5 -7 -8 9 -10 -11 11 -13 -14
leaf_value=0.022246672708187715 -0.022414029153053409 0.014184889221063238 0.0027785380645583471 0.018067207289452814 0.03542447252585644 0.0053747560239490646 -0.024455966035406555 -0.01319970987337879 -0.01156074109704827 -0.00019444972927513713 -0.011822749376510795 -0.04699786279305837 0.050743979114632881
leaf_weight=37.3362637758255 4.3213481009006491 2.9301271811127645 9.6919209510087985 7.6654225960373905 23.123399887233973 22.274310320615768 10.929563634097574 76.767155341804028 16.337744429707527 742.92434177175164 7.1467146873474148 9.6528733074665052 7.1090501137077808
leaf_count=130 11 17 35 34 198 159 34 216 48 2509 19 26 38
internal_value=0.0001005 0.0226529 -0.00025035 0.000338592 0.0131163 0.0212867 -0.0064909 -0.000602428 0.0117865 -0.00143679 -0.0206344 -0.0339884 0.0430498
internal_weight=978.21 14.3605 963.85 937.358 63.9927 45.3977 18.595 873.366 53.674 819.691 26.4915 16.7996 10.0392
internal_count=3474 66 3408 3328 425 357 68 2903 178 2725 80 45 55
is_linear=0
shrinkage=0.04


Tree=69
num_leaves=11
num_cat=0
split_feature=0 11 13 12 10 13 1 20 8 11
split_gain=4.78987 5.14952 9.94473 7.81499 7.67 12.7749 8.05968 6.47674 2.60736 4.31813
threshold=8.2050000000000018 10.565000000000003 0.051650000000000008 1.0450000000000002 3.3550000000000004 0.026150000000000003 0.95350000000000013 3.7048371722477165 25.840000000000003 8.8400000000000016
decision_type=2 2 2 2 2 2 2 2 2 2
left_child=1 2 4 -4 5 -1 -6 -3 -2 -10
right_child=8 7 3 -5 6 -7 -8 -9 9 -11
leaf_value=0.00011411834978705806 0.040138502309219906 0.00035367598637264677 0.003149809193504272 0.050165856622486092 -0.012387602336239778 0.024844545038617882 0.0073769291445825178 -0.046578908843810746 -0.021669357755756031 0.028054373910768274
leaf_weight=705.18499148637056 6.0967902578413478 9.6285970509052294 12.572410553693773 10.149697750806807 141.29337185621262 34.121046081185341 41.706245228648186 7.5945641100406638 3.9750663898885232 5.2509722895920277
leaf_count=2578 74 35 34 39 373 132 141 13 18 37
internal_value=9.75458e-05 -0.000258457 0.000139115 0.025718 -0.000509558 0.00129832 -0.00782411 -0.0213227 0.0215903 0.00582441
internal_weight=977.574 962.251 945.028 22.7221 922.306 739.306 183 17.2232 15.3228 9.22604
internal_count=3474 3345 3297 73 3224 2710 514 48 129 55
is_linear=0
shrinkage=0.04


Tree=70
num_leaves=13
num_cat=0
split_feature=15 1 15 12 19 11 9 19 12 11 9 14
split_gain=4.6514 9.01227 6.81838 6.65574 6.25646 5.90602 5.45758 5.30512 5.29616 5.24453 2.88051 0.727356
threshold=94.875000000000014 0.78250000000000008 91.815000000000012 2.4950000000000006 1.7400000000000002 6.0250000000000012 54.755000000000003 0.91374999999999995 2.4450000000000007 3.1650000000000005 11.815000000000003 7.5050000000000008
decision_type=2 2 2 2 2 2 2 2 2 2 2 2
left_child=2 -2 3 6 7 -6 8 -5 -1 10 -4 -3
right_child=1 11 9 4 5 -7 -8 -9 -10 -11 -12 -13
leaf_value=-0.00052549552823800017 -0.02162451484391352 0.013790126554927281 -0.017060931944019114 0.017514007979953398 0.034743775391420276 0.0052230428816108111 0.03218967455314458 -0.023495040645233944 -0.028422898124670276 -0.035322479261305662 0.019251737503056275 0.049828472687476061
leaf_weight=855.81350636482239 4.3221648335456839 2.9114128239452821 6.4762549921870249 7.6296386830508736 22.63477460667491 22.161376215517521 7.0452485457062712 10.950202390551565 10.047988221049307 14.432977195829151 5.563581183552742 6.9533090032637119
leaf_count=2843 11 17 19 34 198 159 30 34 30 39 22 38
internal_value=9.82041e-05 0.0220684 -0.000239804 0.000327766 0.0127455 0.020747 -0.000578201 -0.00621205 -0.000890878 -0.0198859 0 0.0421769
internal_weight=976.942 14.1869 962.756 936.283 63.376 44.7962 872.907 18.5798 865.861 26.4728 12.0398 9.86472
internal_count=3474 66 3408 3328 425 357 2903 68 2873 80 41 55
is_linear=0
shrinkage=0.04


Tree=71
num_leaves=17
num_cat=0
split_feature=7 0 6 4 7 4 20 17 11 6 0 21 12 4 5 19
split_gain=4.64977 5.78801 9.92102 13.4965 9.53871 8.13846 10.1818 8.02742 7.32064 13.419 15.2433 14.5545 8.48091 7.5788 7.43241 3.22022
threshold=1.8950000000000002 1.2350000000000001 1.0055000000000003 4.5750000000000011 6.3650000000000011 4.8450000000000006 4.5774980814513375 0.47876999999999997 2.3550000000000004 1.0255000000000003 1.8250000000000004 4.2699473706233055 0.80500000000000016 4.3150000000000004 17.270000000000007 0.073749999999999996
decision_type=2 2 2 2 2 2 2 2 2 2 2 2 2 2 2 2
left_child=15 2 3 -2 -5 7 -7 -4 9 11 -11 -3 14 -14 -10 -1
right_child=1 8 5 4 -6 6 -8 -9 12 10 -12 -13 13 -15 -16 -17
leaf_value=0.041246538450009855 0.054010064921820353 0.0098611224477183918 -0.025650846305190447 -0.032570455091039195 0.022559383512125612 0.016552643927519945 -0.018976381213349963 0.008106353934031833 -0.043619549690941374 -0.014379389521775842 0.032424217185222121 0.049306528818537719 -0.012618718660293508 0.0017034992708254821 0.00069757420279236251 0
leaf_weight=6.3828698843717557 8.2311138063669222 60.246641859412193 64.787165865302086 9.027952045202257 8.9859786331653577 27.777681156992912 22.376692160964012 12.700789064168928 12.49469728767872 50.644791334867477 13.156420044600962 19.623292438685894 64.789632096886635 579.913788465783 10.294844403862951 4.861163541674614
leaf_count=28 37 233 149 22 30 83 53 37 23 141 77 105 213 2200 28 15
internal_value=9.6777e-05 -0.000205569 -0.00729857 0.0145801 -0.0049089 -0.0119377 0.000483667 -0.0199831 0.00113754 0.00929843 -0.00425316 0.0201413 -0.000618329 0.000234481 -0.0240759 0.0245973
internal_weight=976.296 965.051 153.887 26.245 18.0139 127.642 50.1544 77.488 811.164 143.671 63.8012 79.8699 667.493 644.703 22.7895 11.244
internal_count=3474 3431 411 89 52 322 136 186 3020 556 218 338 2464 2413 51 43
is_linear=0
shrinkage=0.04


Tree=72
num_leaves=23
num_cat=0
split_feature=1 10 4 12 4 17 3 16 1 12 8 4 20 3 6 6 12 1 20 12 13 10
split_gain=4.65886 6.20508 10.1349 6.31959 8.69313 6.14153 14.9147 12.1033 10.8513 9.28314 13.3027 13.5436 10.0816 9.01372 8.61425 8.45198 4.96004 4.86131 4.53893 2.58532 2.39477 1.87326
threshold=0.99850000000000005 2.3050000000000002 5.035000000000001 1.1050000000000002 7.6550000000000011 0.1880950000000001 2.3250000000000006 3.0550000000000002 0.94950000000000012 1.9650000000000001 4.495000000000001 4.6950000000000012 2.6660859451834518 3.0150000000000001 1.0815000000000003 1.0015000000000003 2.2050000000000005 0.95550000000000013 3.418475851046626 1.6250000000000002 0.022650000000000003 1.5450000000000002
decision_type=2 2 2 2 2 2 2 2 2 2 2 2 2 2 2 2 2 2 2 2 2 2
left_child=5 2 21 -3 -5 6 7 8 -1 12 16 -12 14 18 -7 -14 -11 -15 -8 -6 -9 -2
right_child=1 3 -4 4 19 9 13 20 -10 10 11 -13 15 17 -16 -17 -18 -19 -20 -21 -22 -23
leaf_value=0.0219560566918378 -0.02673689102032779 -0.051999799623762409 0.038839507330990536 -0.036056635709084475 0.032938123396768181 -0.016248797826164171 -0.014042640871918142 0.02154649989788077 0.0003174352326722753 0.007041823068617269 -0.023546764408341542 0.0087578221034572551 -0.014918988331917698 -0.015116603813666526 0.029430520421224071 0.0016034922096462619 0.048339146640860191 0.041971654577863705 -0.053326311145667465 -0.0037282315550374629 0.052692422146453255 0
leaf_weight=51.807369336485863 8.1785394325852412 8.0602962449193019 7.5876444466412059 9.5883786752820033 4.8611627519130689 115.07588952034712 11.991611570119863 11.961952421814205 127.22388984262943 7.8584901094436672 24.710555125027895 106.07865412719548 56.264073379337788 3.572916865348815 5.9868414700031272 364.16671270504594 14.724110241979359 3.9716774933040142 9.1909915432333928 5.3878670111298561 10.006530299782751 7.0611882507801047
leaf_count=201 22 15 39 21 21 348 43 73 429 28 77 588 158 14 25 1138 77 36 24 21 51 25
internal_value=9.82534e-05 -0.011575 0.00356545 -0.0239353 -0.0102 0.000759131 0.00641905 0.0103138 0.00671075 -0.00110711 0.00753276 0.00246132 -0.00357838 -0.0199932 -0.0137017 -0.000618797 0.0352154 0.0153948 -0.0330838 0.0143337 0.0377581 -0.0148146
internal_weight=975.317 50.7251 22.8274 27.8977 19.8374 924.592 229.727 201 179.031 694.865 153.372 130.789 541.494 28.7272 121.063 420.431 22.5826 7.54459 21.1826 10.249 21.9685 15.2397
internal_count=3474 164 86 78 63 3310 871 754 630 2439 770 665 1669 117 373 1296 105 50 67 42 124 47
is_linear=0
shrinkage=0.04


Tree=73
num_leaves=13
num_cat=0
split_feature=15 1 15 12 2 3 19 21 20 3 4 12
split_gain=4.41835 9.90686 5.34223 5.8486 15.8995 9.98307 9.63382 7.41153 14.1048 7.62119 5.02381 4.8855
threshold=95.260000000000005 0.78250000000000008 91.815000000000012 1.9650000000000001 1.5750000000000004 1.7150000000000001 22.038750000000004 7.7924928098212893 5.5954182399956069 1.7450000000000003 9.6550000000000029 1.7450000000000003
decision_type=2 2 2 2 2 2 2 2 2 2 2 2
left_child=2 -2 3 7 5 -5 -6 9 -9 -1 11 -4
right_child=1 -3 10 4 6 -7 -8 8 -10 -11 -12 -13
leaf_value=0.00075221617050607594 -0.020681912924723208 0.049263529676956186 0.015792525832036587 0.0025560011827345723 0.016725009556895369 -0.029073696884513202 -0.043985453197493377 0.059301094563697608 -0.010470717072057205 -0.0081733892332196811 -0.037373824743566667 -0.02384436236302746
leaf_weight=506.39243087172508 4.322432801127432 7.493544939905405 9.3437495157122665 41.616629622876644 123.95545223914087 24.371616095304489 3.3214210234582415 8.0769650638103503 8.6355298757553083 217.48269398882985 10.720446001738308 8.493773125112055
leaf_count=1587 11 44 35 152 724 69 11 39 23 723 28 28
internal_value=9.81081e-05 0.0234351 -0.000204135 0.000317045 0.00650185 -0.00926608 0.0147478 -0.00129276 0.0242418 -0.00192595 -0.0169517 -0.00292072
internal_weight=974.227 11.816 962.411 933.853 193.265 65.9882 127.277 740.588 16.7125 723.875 28.558 17.8375
internal_count=3474 55 3419 3328 956 221 735 2372 62 2310 91 63
is_linear=0
shrinkage=0.04


Tree=74
num_leaves=16
num_cat=0
split_feature=13 9 1 17 3 17 20 12 8 9 12 20 12 21 8
split_gain=4.53106 8.26912 5.35622 6.482 14.7464 11.2627 8.57076 7.66039 12.9095 9.97183 5.25491 8.14288 6.77572 4.65793 2.40493
threshold=0.0057500000000000008 5.9350000000000014 0.99850000000000005 0.1880950000000001 2.3250000000000006 0.12506000000000014 3.0382248631094724 1.9650000000000001 4.495000000000001 48.380000000000003 1.1050000000000002 4.229054740272586 1.5750000000000004 3.7603893318620987 4.7350000000000012
decision_type=2 2 2 2 2 2 2 2 2 2 2 2 2 2 2
left_child=1 13 3 4 5 -2 -6 9 -9 -5 -4 12 -12 -1 -3
right_child=2 14 10 7 6 -7 -8 8 -10 -11 11 -13 -14 -15 -16
leaf_value=0.017177736395065854 0.0035784099608620087 0.010999390221527128 -0.033117419635864266 -0.0045327319211810888 0.0047620876167959467 0.024552688880462401 -0.039600610215124205 0.036361770840612782 0.0017275297962408573 0.035540968709735256 0.0075077456363069582 0.034330749527455677 -0.029859995734843756 -0.029140431448100603 0.050385435538445808
leaf_weight=5.5646952167153376 130.21023399755359 5.2107265815138799 13.877980709075926 527.52923613786697 11.340963821858169 59.860778734087944 15.266443826258181 19.062001083046198 126.84188974089921 9.0956610664725286 12.973034963011743 6.0304258316755286 16.341224309056997 6.2465562149882317 7.9931909181177616
leaf_count=21 471 22 32 1611 59 244 48 91 645 37 47 28 50 22 46
internal_value=9.30495e-05 0.0165688 -0.00035007 0.000350915 0.00636915 0.0103198 -0.0209144 -0.00155448 0.00652359 -0.00377377 -0.0130671 -0.00427967 -0.0133568 -0.00705639 0.0372742
internal_weight=973.445 25.0152 948.43 899.207 216.678 190.071 26.6074 682.529 145.904 536.625 49.2227 35.3447 29.3143 11.8113 13.2039
internal_count=3474 111 3363 3206 822 715 107 2384 736 1648 157 125 97 43 68
is_linear=0
shrinkage=0.04


Tree=75
num_leaves=20
num_cat=0
split_feature=0 14 15 13 9 9 0 3 12 0 17 0 9 9 5 3 5 9 3
split_gain=4.35477 4.71955 8.28797 10.8929 11.7159 10.3509 7.78192 8.73402 14.36 8.23689 8.83167 7.34667 6.70931 4.87343 11.0422 3.82709 2.329 6.11741 0.575145
threshold=8.2050000000000018 13.600000000000001 71.740000000000023 0.036750000000000012 30.660000000000004 15.325000000000001 2.7150000000000003 1.5650000000000002 1.8250000000000004 2.6250000000000004 0.32268999999999998 2.2950000000000004 11.485000000000001 17.865000000000006 26.160000000000004 1.8450000000000004 27.795000000000005 35.255000000000003 2.4550000000000005
decision_type=2 2 2 2 2 2 2 2 2 2 2 2 2 2 2 2 2 2 2
left_child=1 6 13 5 -5 -4 9 12 -9 11 -11 -1 -8 15 -15 -3 -2 -18 -19
right_child=16 2 3 4 -6 -7 7 8 -10 10 -12 -13 -14 14 -16 -17 17 18 -20
leaf_value=-0.001254001578530384 0.039376884329270896 -0.017867641051966216 0.028959634877890564 0.03694615259837656 -0.0018945636483897962 -0.016120909219751057 0 -0.0097529226120821183 0.01872813466696863 0.012935176988216945 -0.042077753764353833 0.014678395390981053 0.039987318216957009 0.028395315409605677 -0.031985924040050649 -0.04867802248158145 -0.031559687640133338 0.039717468785495716 0.0078374305787519208
leaf_weight=571.79350952059031 5.6121308878064147 27.345405042171478 8.3226238712668401 19.839535668492317 29.656687892973423 61.974120020866394 10.059614822268488 57.214560519903898 53.939121674746275 5.9390342161059406 13.999373517930506 49.378109395503998 21.406517520546913 8.842692971229555 8.5274882763624174 9.4707654118537885 3.2396998852491361 3.2100065052509308 2.8888920731842518
leaf_count=1774 72 64 30 70 83 157 44 236 422 30 36 227 106 33 17 16 13 18 26
internal_value=9.55233e-05 -0.000241204 -0.00618805 -0.000209952 0.0139389 -0.0103402 0.00107494 0.00949544 0.00404039 -0.000797677 -0.0254739 2.11933e-05 0.0278009 -0.0190159 -0.00093952 -0.0270826 0.0208298 0.00617938 0.0289749
internal_weight=972.66 957.709 173.979 119.793 49.4962 70.2967 783.73 142.62 111.154 641.11 19.9384 621.172 31.4661 54.1864 17.3702 36.8162 14.9507 9.3386 6.0989
internal_count=3474 3345 470 340 153 187 2875 808 658 2067 66 2001 150 130 50 80 129 57 44
is_linear=0
shrinkage=0.04


Tree=76
num_leaves=17
num_cat=0
split_feature=7 0 6 4 7 4 20 4 6 21 7 20 21 2 10 19
split_gain=4.28543 5.2736 9.1075 12.5734 8.85132 7.51394 9.50886 6.97344 5.8487 20.2571 9.91415 10.5751 8.18918 6.95737 5.92341 3.03127
threshold=1.8950000000000002 1.2350000000000001 1.0055000000000003 4.5750000000000011 6.3650000000000011 4.8450000000000006 4.5774980814513375 4.455000000000001 1.0305000000000002 4.3266455857315789 17.580000000000002 2.3402380943744672 8.3908841887681351 1.2350000000000001 3.8850000000000002 0.073749999999999996
decision_type=2 2 2 2 2 2 2 2 2 2 2 2 2 2 2 2
left_child=15 2 3 -2 -5 7 -7 -4 9 13 11 -10 -12 -3 -11 -1
right_child=1 8 5 4 -6 6 -8 -9 10 14 12 -13 -14 -15 -16 -17
leaf_value=0.040036286797544264 0.052654068182023839 0.024697434061478368 -0.013138191109909993 -0.031142283052976786 0.021912244385396514 0.016048780360557648 -0.018341521045900481 -0.04506727990755776 0.015114768210289436 0.024281565906655467 0.030601186300119841 -0.0073530988859416826 -0.0062854932750917051 -0.0015288998783165894 -0.0078677224945684337 0
leaf_weight=6.2863573729991895 8.0398146212101 16.018067494034767 64.204701527953148 9.0796913802623767 8.9710027426481229 27.750463023781776 22.255095705389977 13.104409858584402 36.633912662044168 82.242233978584409 23.595304887741804 296.78082611784339 14.834785724058746 327.14501440897584 9.4259508512914163 4.8308649212121964
leaf_count=28 37 63 162 22 30 83 53 24 170 476 100 971 53 1153 34 15
internal_value=9.5604e-05 -0.000194282 -0.00697436 0.0140479 -0.00458868 -0.0114207 0.000526924 -0.0191589 0.00109222 0.00424436 -0.00257391 -0.00482271 0.016361 -0.000213266 0.0208402 0.0237403
internal_weight=971.198 960.081 153.405 26.0905 18.0507 127.315 50.0056 77.3091 806.676 434.831 371.845 333.415 38.4301 343.163 91.6682 11.1172
internal_count=3474 3431 411 89 52 322 136 186 3020 1726 1294 1141 153 1216 510 43
is_linear=0
shrinkage=0.04


Tree=77
num_leaves=13
num_cat=0
split_feature=14 4 5 5 12 0 11 4 2 18 3 18
split_gain=4.21004 6.31457 6.83818 6.3992 10.6969 6.41543 8.23825 6.36154 4.79455 7.70335 4.74494 4.43698
threshold=2.9350000000000005 2.7850000000000006 4.5050000000000008 4.5050000000000008 2.1550000000000007 1.2250000000000003 1.8250000000000004 4.8450000000000006 1.9450000000000001 1.4529300000000001 1.7650000000000003 1.2767300000000001
decision_type=2 2 2 2 2 2 2 2 2 2 2 2
left_child=8 2 -2 4 10 7 -7 -5 9 11 -3 -1
right_child=1 3 -4 5 -6 6 -8 -9 -10 -11 -12 -13
leaf_value=0 -0.044197530853657602 0.043863414067298843 0.0057107271788353906 -0.017703376650478143 -0.01699606097219146 0.018808418904221007 -5.5517241506269434e-05 0.00010711468038647885 0.045551326097159936 -0.028404086580203103 0 0.049814968528701618
leaf_weight=5.5477999746799522 9.6819133609533328 15.593358963727956 6.6765289455652228 62.948507457971573 8.8158351480960828 37.95317605510354 738.5409668572247 62.602328300476074 5.7450503148138514 5.9621099494397631 5.3779072612524024 4.698108397424221
leaf_count=19 20 67 20 153 30 159 2733 173 43 18 17 22
internal_value=9.60409e-05 -0.000305118 -0.0242116 0.000131493 0.0180713 -0.000471407 0.000879223 -0.0088288 0.0170297 0.00439555 0.0332795 0.0250216
internal_weight=970.144 948.191 16.3584 931.832 29.7871 902.045 776.494 125.551 21.9531 16.208 20.9713 10.2459
internal_count=3474 3372 40 3332 114 3218 2892 326 102 59 84 41
is_linear=0
shrinkage=0.04


Tree=78
num_leaves=12
num_cat=0
split_feature=15 1 17 20 17 3 15 18 10 0 3
split_gain=4.18115 9.33103 4.93028 6.03451 5.52391 5.31425 6.81295 6.51234 4.26636 9.88492 7.44142
threshold=95.260000000000005 0.78250000000000008 0.014760000000000014 4.5939387010303063 0.021900000000000027 3.3750000000000004 72.345000000000013 2.5869900000000006 2.1350000000000002 1.3950000000000002 1.5250000000000001
decision_type=2 2 2 2 2 2 2 2 2 2 2
left_child=2 -2 3 8 -4 7 -7 -6 9 -1 -10
right_child=1 -3 4 -5 5 6 -8 -9 10 -11 -12
leaf_value=-0.026428529956223752 -0.019855520768386585 0.048467763382425345 0.037251786854539851 0.022687265415712608 0.00041609583119197832 0.00035834925722921324 0.041669389618112389 -0.017020188834180407 -0.045015017334311437 0.027337280127412936 -0.0051929349567069174
leaf_weight=10.825141355395319 4.2839245796203596 7.3042872548103333 5.5064577944576731 6.2234997376799575 834.87325338460505 15.905459508299829 10.162452263757585 34.721585039049387 14.723144002258779 9.157209709286688 15.918784841895102
leaf_count=25 11 44 28 24 2857 76 142 134 29 48 56
internal_value=9.51502e-05 0.0230037 -0.000197308 -0.0115234 0.000520283 0.000244246 0.0177033 -0.000289669 -0.0162421 -0.00127968 -0.0253978
internal_weight=969.605 11.5882 958.017 56.8478 901.169 895.663 26.0679 869.595 50.6243 19.9824 30.6419
internal_count=3474 55 3419 182 3237 3209 218 2991 158 73 85
is_linear=0
shrinkage=0.04


Tree=79
num_leaves=20
num_cat=0
split_feature=13 2 18 0 10 19 13 20 3 17 21 17 17 19 18 1 14 13 12
split_gain=4.0704 6.87576 9.45225 4.73606 8.24994 9.37389 11.4133 9.87911 6.5144 15.8762 7.56963 6.55694 9.19715 6.22706 5.55123 4.66776 4.1869 2.95215 0.836517
threshold=0.0057500000000000008 1.5650000000000002 1.3587000000000002 1.7450000000000003 2.7250000000000005 0.71625000000000016 0.007150000000000001 3.7598917046859763 2.1150000000000007 0.60846000000000011 3.5350681042688619 0.014760000000000014 0.19550500000000021 -0.25999999999999984 1.0956800000000002 0.9295000000000001 3.8150000000000004 0.011650000000000002 2.5050000000000003
decision_type=2 2 2 2 2 2 2 2 2 2 2 2 2 2 2 2 2 2 2
left_child=1 2 16 8 5 7 -7 -5 11 10 -10 17 -13 15 -15 -6 -1 -2 -3
right_child=3 18 -4 4 13 6 -8 -9 9 -11 -12 12 -14 14 -16 -17 -18 -19 -20
leaf_value=-0.0017420950914607376 -0.03699738106884181 0.050376671568927049 -0.04112466578368533 -0.032720096919050069 0.037669859409849384 -0.026713864647111962 0.012886051674592185 0.028452075337197177 -0.0074686614355996411 0.027881660210021572 -0.038307437813564389 0.010031237258724509 -0.0041151369712095105 0.015107475587099736 -0.005575953190661319 -0.0033433843009179395 0.046559287839637246 -0.0074427659682198988 0.015781751962465305
leaf_weight=5.4941892176866549 10.004913449287416 5.9102009832859022 5.1446622461080542 15.404494293034078 9.5374509990215319 11.339821143075822 194.86060308106244 4.6985649727284899 25.420742973685265 10.386425346136091 27.584550201892853 103.47011730074883 247.25388150662184 21.568856984376907 242.31409867852926 6.8391657769680014 4.2737529426813126 13.614069193601607 3.8335983566939831
leaf_count=19 22 30 13 50 39 55 1022 22 69 38 54 337 697 68 832 21 21 37 28
internal_value=9.49582e-05 0.0158217 -0.00116062 -0.000323519 0.00229841 0.00796998 0.0105513 -0.0173729 -0.00337428 -0.0151395 -0.0240778 -0.0013256 5.22165e-05 -0.00226486 -0.00380451 0.0208749 0.0210095 -0.0212812 0.0402461
internal_weight=968.954 24.6564 14.9126 944.298 506.563 226.303 206.2 20.1031 437.735 63.3917 53.0053 374.343 350.724 280.26 263.883 16.3766 9.76794 23.619 9.7438
internal_count=3474 111 53 3363 2109 1149 1077 72 1254 161 123 1093 1034 960 900 60 40 59 58
is_linear=0
shrinkage=0.04


Tree=80
num_leaves=15
num_cat=0
split_feature=7 3 15 21 18 18 17 20 15 3 0 3 15 3
split_gain=4.08192 4.63824 7.84101 9.75749 5.2239 7.13684 8.13339 7.11229 8.71883 6.81114 6.04417 4.27421 3.90413 3.00775
threshold=1.8950000000000002 3.3750000000000004 73.175000000000026 3.5993182075817898 2.5869900000000006 1.9619600000000001 0.80772500000000014 3.0382248631094724 84.370000000000019 1.6850000000000003 2.0550000000000002 4.6250000000000009 64.415000000000006 1.6950000000000001
decision_type=2 2 2 2 2 2 2 2 2 2 2 2 2 2
left_child=13 4 3 12 5 9 -7 10 -9 -2 -6 -5 -3 -1
right_child=1 2 -4 11 7 6 -8 8 -10 -11 -12 -13 -14 -15
leaf_value=0.038519946203218865 0.0013437554517755285 0 0.042028207188630151 -0.0017640986547467897 -0.021463520114455053 0.0054794925520197839 0.040136539457821314 -0.042323060191659066 0.0058888717823843625 -0.0064620709457343427 0.030144867706026517 -0.058771922894127172 0.049216707579936493 -0.0010672703720268099
leaf_weight=6.6230481564998609 542.03808224201202 5.175085470080381 10.072564428672193 4.6206641569733602 5.2229190617799741 71.477399356663227 12.077052779495714 17.318917829543356 8.1951614804565889 265.03707050904632 7.5803845059126616 3.5269706137478352 4.3860196582973003 4.4174286276102066
leaf_count=29 1744 17 142 34 12 303 68 47 35 933 58 15 23 14
internal_value=9.26094e-05 -0.00019018 0.0156132 -0.00042722 -0.000687682 -4.8712e-05 0.0109989 -0.0149571 -0.0268975 -0.00121454 0.00848267 -0.0310435 0.0253744 0.0232431
internal_weight=967.769 956.728 27.7813 17.7087 928.947 890.63 83.5545 38.3174 25.5141 807.075 12.8033 8.14763 9.56111 11.0405
internal_count=3474 3431 231 89 3200 3048 371 152 82 2677 70 49 40 43
is_linear=0
shrinkage=0.04


Tree=81
num_leaves=12
num_cat=0
split_feature=14 15 4 10 20 14 4 7 20 18 8
split_gain=3.96414 13.3016 5.82282 4.77232 8.85246 9.0171 5.50675 7.76046 4.6146 4.0984 3.05705
threshold=2.9350000000000005 68.670000000000016 2.7850000000000006 1.925 1.9562828467839892 8.6650000000000009 4.285000000000001 4.2250000000000005 1.8738172036865286 1.3025050000000002 2.6200000000000006
decision_type=2 2 2 2 2 2 2 2 2 2 2
left_child=1 -1 9 4 -4 -6 7 -5 -8 -2 -3
right_child=2 10 3 6 5 -7 8 -9 -10 -11 -12
leaf_value=-0.023593985714682679 -0.038056119434176562 0.0063184854869056777 -0.038779790573475192 -0.0022172383903219578 0.0081343876282549549 -0.019700126593122522 0.023908459247518391 -0.038287999931047104 -0.001191410375004069 0.00098158791245323376 0.050283437073869584
leaf_weight=7.5682631805539158 10.002372145652773 4.2938518375158301 6.2527879402041426 26.730319321155548 236.0408982411027 19.118455030024052 10.928672321140764 14.431724354624746 615.7350010573864 6.3471998125314704 9.8611853066831809
leaf_count=22 21 15 22 72 986 55 68 29 2100 19 65
internal_value=9.35585e-05 0.0166097 -0.000294567 0.000125411 0.00470476 0.00594882 -0.00165951 -0.0156618 -0.000703543 -0.0232568 0.0387717
internal_weight=967.311 21.7233 945.587 929.238 261.412 255.159 667.826 41.162 626.664 16.3496 14.155
internal_count=3474 102 3372 3332 1063 1041 2269 101 2168 40 80
is_linear=0
shrinkage=0.04


Tree=82
num_leaves=20
num_cat=0
split_feature=16 14 11 12 1 19 12 6 9 15 15 13 16 16 11 19 16 2 11
split_gain=3.95219 9.4424 6.02773 8.09037 16.5408 16.7942 10.1461 7.02832 6.94757 6.40269 8.71987 8.4247 6.45289 5.96518 5.98852 6.27857 5.1485 4.76393 1.45302
threshold=4.705000000000001 10.165000000000001 5.2150000000000007 2.2450000000000006 0.85850000000000015 2.1837500000000007 2.1650000000000005 1.0165000000000002 2.9250000000000003 61.385000000000005 67.52500000000002 0.028050000000000002 4.0050000000000008 5.1950000000000012 8.6400000000000023 6.9637500000000019 3.8950000000000005 1.7050000000000003 2.6550000000000007
decision_type=2 2 2 2 2 2 2 2 2 2 2 2 2 2 2 2 2 2 2
left_child=2 -2 3 6 18 -6 8 -8 -1 11 16 -4 -12 -3 17 -16 -11 -15 -5
right_child=1 13 9 4 5 -7 7 -9 -10 10 12 -13 -14 14 15 -17 -18 -19 -20
leaf_value=0.030448096720982715 0.039869537862150375 0.032067381450373376 -0.0084652552423509306 0.0094654857847741546 -0.023594527535467286 0.027805931730053163 -0.050783806473608667 0.00055920408532045827 -0.00013606220265939306 -0.017737367213298001 -0.0077900610313544009 0.05672467888380129 0.022844602740832103 0.0091587316079834342 -0.017173406581831925 0.032407879427162264 -0.055020186559271773 -0.023446687266494144 0.050566452568254983
leaf_weight=11.091475546360014 12.142373172566293 7.9180632233619681 6.6019444167613965 2.6234087422490147 20.928796038031578 17.96483775600791 9.6480501517653483 6.5747913494706145 669.37141533568501 31.854819938540459 83.496487610042095 4.487183690071106 11.582969058305023 9.3036642521619815 5.2532751895487335 10.762162692844866 7.4159907996654502 22.23458906263113 15.358643317595122
leaf_count=44 205 36 20 11 72 124 24 25 2187 84 237 20 62 35 17 65 16 82 108
internal_value=8.63342e-05 0.00934721 -0.000610902 0.000821496 0.0151952 4.85141e-05 -0.000360567 -0.0306867 0.000394666 -0.0080421 -0.0105252 0.0197621 -0.00377583 0.00193672 -0.00347263 0.0156209 -0.026168 -0.0135965 0.0458062
internal_weight=966.615 67.6141 899.001 753.561 56.8757 38.8936 696.686 16.2228 680.463 145.439 134.35 11.0891 95.0795 55.4718 47.5537 16.0154 39.2708 31.5383 17.9821
internal_count=3474 440 3034 2595 315 196 2280 49 2231 439 399 40 299 235 199 82 100 117 119
is_linear=0
shrinkage=0.04


Tree=83
num_leaves=15
num_cat=0
split_feature=7 0 11 12 21 2 17 11 1 1 9 14 3 19
split_gain=3.87349 4.46981 11.7671 7.33838 13.0431 10.7844 5.04375 7.13396 7.47633 6.2718 4.74029 4.30184 2.90096 1.28586
threshold=1.8950000000000002 1.7450000000000003 2.1550000000000007 1.3150000000000002 3.220709336187483 1.2550000000000001 1.0995600000000003 4.3750000000000009 0.79750000000000021 0.94450000000000001 5.2150000000000007 14.535000000000002 1.6950000000000001 0.71625000000000016
decision_type=2 2 2 2 2 2 2 2 2 2 2 2 2 2
left_child=12 6 10 4 -4 -5 7 8 -2 -9 -3 -8 -1 -12
right_child=1 2 3 5 -6 -7 11 9 -10 -11 13 -13 -14 -15
leaf_value=0.037848911877844615 -0.012133101145227568 -0.0053206346709232981 -0.028362408624310477 0.03686586696881803 2.0465105085329115e-05 0.0026965358147187459 0.040806112321697209 -0.0057010668831022609 0.0011396930386074616 -0.034128144239340158 0.0084820292148139048 -0.0036706692067251766 -0.0010948185610927847 0.045930310705342155
leaf_weight=6.5442148745059949 87.137956753373146 3.8727658316493061 32.430961519479752 14.548216894268988 112.58582284301519 330.91358243301511 6.6300773620605451 31.820473298430443 291.85897305607796 20.888714164495468 2.8264762908220318 5.5640723407268524 4.4086161553859711 13.373571217060087
leaf_count=29 231 18 81 65 351 1526 26 83 885 41 15 14 14 95
internal_value=8.91943e-05 -0.000185693 0.00235572 0.00107911 -0.00642295 0.00426083 -0.0031254 -0.00387734 -0.0019148 -0.0175414 0.0316385 0.0211654 0.0227242 0.0407347
internal_weight=965.404 954.452 510.551 490.479 145.017 345.462 443.9 431.706 378.997 52.7092 20.0728 12.1941 10.9528 16.2
internal_count=3474 3431 2151 2023 432 1591 1280 1240 1116 124 128 40 43 110
is_linear=0
shrinkage=0.04


Tree=84
num_leaves=10
num_cat=0
split_feature=15 1 15 9 14 15 7 12 6
split_gain=3.85303 7.63706 5.97869 5.04804 5.21584 5.62342 4.57317 2.49144 0.751592
threshold=94.875000000000014 0.78250000000000008 91.815000000000012 54.755000000000003 25.670000000000005 84.675000000000026 5.4450000000000012 1.4350000000000003 1.0435000000000001
decision_type=2 2 2 2 2 2 2 2 2
left_child=2 -2 3 4 5 -1 -4 -8 -3
right_child=1 8 6 -5 -6 -7 7 -9 -10
leaf_value=-0.00068213805984118799 -0.019494192238700858 0.011679204208921528 0.0024434088323545826 0.031202479739574629 -0.021447333999621874 0.0091264653485664399 -0.0092531434287297619 -0.043613595729901221 0.047671146843956
leaf_weight=795.72678023017943 4.2745351195335379 2.7421159986406547 9.6082833856344241 7.3925291113555422 16.729578211903572 104.86146725527942 6.9597232937812832 9.5529236458241922 6.4964448288083076
leaf_count=2835 11 17 35 36 38 419 19 26 38
internal_value=8.9649e-05 0.0205501 -0.000214013 0.000320056 2.87604e-05 0.000459925 -0.0187303 -0.0309435 0.0399538
internal_weight=964.344 13.5131 950.831 924.71 917.318 900.588 26.1209 16.5126 9.23856
internal_count=3474 66 3408 3328 3292 3254 80 45 55
is_linear=0
shrinkage=0.04


Tree=85
num_leaves=18
num_cat=0
split_feature=0 20 20 0 17 5 7 20 11 15 11 7 15 15 3 12 21
split_gain=3.72316 7.82001 9.78431 7.49465 9.03227 7.31726 9.50024 6.52404 6.3989 7.66317 6.78362 5.19043 7.53011 2.60228 2.43825 1.52381 0.864417
threshold=2.7150000000000003 2.0498709257361099 2.1097078143182832 2.6250000000000004 0.32268999999999998 18.155000000000005 4.4650000000000007 2.8120048005198517 5.6950000000000012 94.360000000000014 5.4350000000000014 7.0750000000000011 72.235000000000014 79.745000000000019 2.0150000000000001 1.5650000000000002 4.2574109210709645
decision_type=2 2 2 2 2 2 2 2 2 2 2 2 2 2 2 2 2
left_child=3 13 -3 8 -5 6 -4 -7 9 10 -1 14 -13 -2 -10 -11 -6
right_child=1 2 5 4 16 7 -8 -9 11 15 -12 12 -14 -15 -16 -17 -18
leaf_value=-0.00046520989607346018 0.043873480924846636 -0.048856325724544 -0.042609956045502544 0.01505237646507891 -0.023023519732979409 0.022835893467796846 0.012160227003684481 -0.0082045834811123805 -0.041055824980545594 0.049130547949193845 0.03679322913116008 0.011561858677823394 -0.023443545134878709 -0.00047113862910661865 -0.011639538693030194 0.010894464032420005 -0.050653409401422114
leaf_weight=620.5027964822948 9.2132616993039829 4.7409319877624503 4.251932017505168 6.0585560128092792 8.1699920222163183 11.310052147135137 128.48646307736635 85.815950561314821 11.121215462684633 4.9154169857501966 6.9182699620723715 21.390645653009415 16.412343680858612 2.1996768508106461 10.466049671173094 4.2350587770342827 7.7465125024318686
leaf_count=1982 93 16 19 31 22 71 703 278 20 25 26 65 37 22 28 18 18
internal_value=8.62652e-05 0.00433055 0.00264485 -0.00136101 -0.0238484 0.00394874 0.0100405 -0.00431259 -0.000606296 0.000561302 0 -0.0130557 -0.00364223 0.0353328 -0.028295 0.0350388 -0.0391432
internal_weight=963.955 246.018 234.605 717.937 21.9751 229.864 132.738 97.126 695.962 636.572 627.421 59.3903 37.803 11.4129 21.5873 9.15048 15.9165
internal_count=3474 1202 1087 2272 71 1071 722 349 2201 2051 2008 150 102 115 48 43 40
is_linear=0
shrinkage=0.04


Tree=86
num_leaves=20
num_cat=0
split_feature=19 15 20 20 0 1 6 13 20 2 20 18 0 3 14 15 15 18 6
split_gain=3.75925 8.07443 8.01487 11.548 11.9537 6.15341 5.4059 8.76908 7.92025 7.68046 13.896 10.6988 12.113 9.51679 9.00357 6.95151 6.16016 5.92489 1.11883
threshold=0.073749999999999996 67.095000000000013 4.5300822529752081 3.8405934315551153 1.3750000000000002 0.86850000000000016 1.0305000000000002 0.051650000000000008 2.260109937771615 1.2450000000000003 3.1166237349754873 1.1071000000000002 1.3950000000000002 1.3150000000000002 9.3450000000000006 77.385000000000005 85.235000000000014 1.1569450000000001 1.0815000000000003
decision_type=2 2 2 2 2 2 2 2 2 2 2 2 2 2 2 2 2 2 2
left_child=1 -1 3 4 -3 -4 9 8 17 10 13 14 -13 -2 -11 -10 18 -8 -9
right_child=6 2 5 -5 -6 -7 7 16 15 11 -12 12 -14 -15 -16 -17 -18 -19 -20
leaf_value=-0.02383543903415011 -0.033243088151904569 0.051773093231633684 -0.030191547941369926 0.063650731475698386 0 0.01819958430770862 0.055670912574993743 0.048045158144690507 -0.014914411222389462 -0.024562730096472078 0.050214489397656242 -0.006623621120211946 0.0072266193131564635 0.027275813420803426 0.017072977885975647 -0.0026850564392217773 -0.008249256350410003 0.0054753190335537138 0.015741445720810255
leaf_weight=9.3372395895421487 7.8110570907592791 8.3751765936613065 9.0382561013102514 7.9704166278243056 30.417953580617905 6.1595008671283713 3.6224164888262775 7.0879038572311419 128.89429591223598 41.163147322833538 13.221635721623896 148.54703868925571 308.64731636270881 6.8199592530727386 9.3562936037778837 179.95015983469784 6.5354338549077502 24.789052030071616 5.1200282499194145
leaf_count=22 21 34 20 37 104 22 17 30 374 109 60 414 1355 29 29 641 19 118 19
internal_value=8.04962e-05 0.00886041 0.0142149 0.0223551 0.0122831 -0.0101724 -0.000621811 -0.00444219 -0.00596182 0.00190629 0.0219918 0.000747633 0.00270444 -0.00458134 -0.0165147 -0.00784638 0.0214128 0.0138224 0.0373202
internal_weight=962.864 71.2985 61.9613 46.7635 38.7931 15.1978 891.566 355.999 337.256 535.566 27.8527 507.714 457.194 14.631 50.5194 308.844 18.7434 28.4115 12.2079
internal_count=3474 239 217 175 138 42 3235 1218 1150 2017 110 1907 1769 50 138 1015 68 135 49
is_linear=0
shrinkage=0.04


Tree=87
num_leaves=13
num_cat=0
split_feature=17 20 12 0 11 17 3 15 3 18 17 20
split_gain=3.64132 10.6617 6.10438 5.82233 9.62156 5.0569 4.49788 6.4151 10.3349 5.29498 6.48983 5.94963
threshold=0.014760000000000014 4.6273891273834309 1.0650000000000002 1.3950000000000002 3.1250000000000004 0.021900000000000027 3.3750000000000004 72.345000000000013 4.6250000000000009 2.5869900000000006 0.28212500000000001 3.0382248631094724
decision_type=2 2 2 2 2 2 2 2 2 2 2 2
left_child=1 2 -1 -4 -5 -2 9 8 -8 10 -7 -11
right_child=5 -3 3 4 -6 6 7 -9 -10 11 -12 -13
leaf_value=-0.039376935987627232 0.036243536859212729 0.036231662996769852 -0.029902504245377975 0.03646413348969698 -0.012697701143106506 0.0050829183758225142 0.022472455802609887 0.040874510434770882 -0.041907991249972291 0.0067460052621031424 -0.0021440322420752389 -0.026834741613072827
leaf_weight=12.326112419366835 5.3728047199547282 6.1365271285176268 11.609340354800223 8.2877857014536875 19.120881333947182 320.62889797613025 10.690057873725893 9.564457764849065 5.0538508892059317 12.072878377512096 518.40348631516099 22.72346368059516
leaf_count=25 28 27 26 46 65 1187 58 147 18 64 1710 73
internal_value=8.77682e-05 -0.00957654 -0.0157918 -0.00734341 0.00264645 0.000720657 0.000459473 0.0167558 5.96981e-05 -2.19788e-05 0.000610924 -0.0150972
internal_weight=961.991 57.4806 51.3441 39.018 27.4087 904.51 899.137 25.3084 15.7439 873.829 839.032 34.7963
internal_count=3474 189 162 137 111 3285 3257 223 76 3034 2897 137
is_linear=0
shrinkage=0.04


Tree=88
num_leaves=17
num_cat=0
split_feature=14 8 13 1 13 8 21 10 0 13 11 13 11 14 2 9
split_gain=3.61643 12.7213 4.08805 9.64359 11.489 7.12124 5.28343 5.25529 14.8474 12.7302 5.77976 8.13813 8.05303 5.11873 5.04211 0.611575
threshold=2.9350000000000005 2.9350000000000005 0.007150000000000001 0.87250000000000016 0.0066500000000000005 6.285000000000001 5.0513161018593253 1.8150000000000002 1.8350000000000002 0.012150000000000003 1.8050000000000004 0.01685 2.0050000000000003 5.995000000000001 1.2850000000000004 5.8350000000000009
decision_type=2 2 2 2 2 2 2 2 2 2 2 2 2 2 2 2
left_child=1 -1 3 4 15 6 -5 8 9 -4 11 -9 -12 -7 -10 -2
right_child=2 -3 7 5 -6 13 -8 10 14 -11 12 -13 -14 -15 -16 -17
leaf_value=-0.010485566073184037 0.01538295225453191 0.048988177279048167 -0.0052814733436017851 -0.01793171438795332 -0.020631095242111496 0.038524673448696804 -0.057211955251717871 0.040818238177422299 -0.010416180428935143 0.023157221140592519 -0.02610760841904345 -0.010085558504586619 -0.001020774099933292 -0.019636211618567014 0.035916675235761857 0.049822946788725987
leaf_weight=12.092807933688166 3.2215087637305277 9.2642211355268937 114.20207117497921 18.105077244341377 7.990460328757762 3.7538768257945767 8.7850361540913564 11.084612559527161 3.5567585453391066 31.202969029545784 20.170429576188326 7.6879238188266745 671.16774102672935 3.8578158095479012 29.028434226289392 6.0134585946798325
leaf_count=37 14 65 354 57 26 31 21 49 18 122 56 21 2333 13 224 33
internal_value=8.61928e-05 0.0159923 -0.000283374 -0.0111094 0.0125587 -0.0231722 -0.0326427 0.000349973 0.00648277 0.000883129 -0.00118293 0.0201112 -0.00180091 0.00926095 0.0304616 0.0412674
internal_weight=961.185 21.357 939.828 51.7272 17.2254 34.5018 26.8901 888.101 177.99 145.405 710.111 18.7725 691.338 7.61169 32.5852 9.23497
internal_count=3474 102 3372 195 73 122 78 3177 718 476 2459 70 2389 44 242 47
is_linear=0
shrinkage=0.04


Tree=89
num_leaves=11
num_cat=0
split_feature=0 11 13 12 9 0 19 20 8 17
split_gain=3.60969 4.34825 9.04301 6.66478 5.88343 8.71123 6.05521 5.20945 2.41917 4.01124
threshold=8.2050000000000018 10.565000000000003 0.051650000000000008 1.0450000000000002 29.975000000000005 3.6750000000000003 5.0937500000000009 3.7048371722477165 25.840000000000003 0.90484500000000045
decision_type=2 2 2 2 2 2 2 2 2 2
left_child=1 2 4 -4 5 -1 -6 -3 -2 -10
right_child=8 7 3 -5 6 -7 -8 -9 9 -11
leaf_value=-0.00088108691302234133 0.038724260603335309 0 0.0036095821577530737 0.04750863927028804 -0.00080223753177617347 0.013902472852072661 -0.028786423114346732 -0.043009091324207091 -0.014614211844544043 0.035374314043784834
leaf_weight=788.76000253111124 5.2857093140482894 9.3527153618633765 12.395769104361536 9.9766528531908971 27.972434047609568 68.349642740562558 22.179656621068716 7.2793330997228614 5.5996469147503358 3.1493693590164185
leaf_count=2636 74 35 34 39 85 451 52 13 25 30
internal_value=8.58747e-05 -0.000214502 0.000150028 0.0247231 -0.000473672 0.000303323 -0.0136554 -0.0198962 0.0195376 0.00434223
internal_weight=960.301 946.266 929.634 22.3724 907.262 857.11 50.1521 16.632 14.0347 8.74902
internal_count=3474 3345 3297 73 3224 3087 137 48 129 55
is_linear=0
shrinkage=0.04


Tree=90
num_leaves=22
num_cat=0
split_feature=19 15 21 21 16 16 6 21 21 16 12 12 19 13 11 5 12 15 19 4 6
split_gain=3.58513 7.47814 8.83501 10.1123 8.47388 12.3316 4.80061 11.1756 13.702 11.488 12.551 8.40862 8.09909 7.9655 6.5504 6.31901 5.79169 5.48389 5.05508 4.63486 1.03332
threshold=0.073749999999999996 67.095000000000013 5.8701324735242952 7.1017864741491996 1.3450000000000004 1.6150000000000004 1.0305000000000002 4.2273804372630446 4.1323647848646905 1.2250000000000003 1.3150000000000002 1.3550000000000002 0.29375000000000001 0.051650000000000008 1.8250000000000004 8.9150000000000009 0.91500000000000015 85.235000000000014 3.890000000000001 5.5850000000000009 1.0815000000000003
decision_type=2 2 2 2 2 2 2 2 2 2 2 2 2 2 2 2 2 2 2 2 2
left_child=1 -1 4 19 -3 -6 7 8 12 10 -9 -11 -2 14 16 -16 -8 20 -10 -4 -15
right_child=6 2 3 -5 5 -7 13 9 18 11 -12 -13 -14 17 15 -17 -18 -19 -20 -21 -22
leaf_value=-0.022861336536629275 -0.045384497165559576 0.054973795361321319 -0.039515737614980985 0.029863638881064844 -0.022390758509463878 0.032982129961283378 -0.0043213211092316779 -0.038238060756406331 -0.0092343613665028627 0.038112885164025327 0.018909907484308996 0.011088557470216332 0.00089010904915028458 0.046008132699831047 -0.020017861261093447 -0.0044769877842074498 0.0404855340240029 -0.0075420614368220335 -0.055415147539251287 5.0157650759896029e-06 0.014861545671562447
leaf_weight=9.284346401691435 5.1456266939640036 10.659943819046019 9.0285777002573067 8.3326268382370454 9.2579095661640185 16.160913459956646 8.4958022162318247 12.609834372997286 7.7590518891811397 24.824219536036253 10.172590255737303 74.85830008611083 389.46277452632785 6.9911649227142352 49.417662672698498 270.45662094280124 8.0419467277824861 6.4705341197550288 8.7763300277292711 8.2555755972862226 5.1025401726365089
leaf_count=22 9 45 20 37 23 67 26 25 27 111 33 453 1335 30 139 944 41 19 24 25 19
internal_value=8.47374e-05 0.00867832 0.0138411 -0.00381466 0.0263577 0.0124275 -0.000601706 0.00178495 -0.00136361 0.0123456 -0.0126623 0.0182097 0.000153279 -0.0042068 -0.00565341 -0.00695775 0.0180772 0.0205481 -0.0359639 -0.0212337 0.0356165
internal_weight=959.565 70.9799 61.6955 25.6168 36.0788 25.4188 888.585 533.609 411.144 122.465 22.7824 99.6825 394.608 354.976 336.412 319.874 16.5377 18.5642 16.5354 17.2842 12.0937
internal_count=3474 239 217 82 135 90 3235 2017 1395 622 58 564 1344 1218 1150 1083 67 68 51 45 49
is_linear=0
shrinkage=0.04


Tree=91
num_leaves=6
num_cat=0
split_feature=21 12 12 8 0
split_gain=3.50647 4.12315 7.64496 4.89303 6.28947
threshold=1.9697624122298987 0.60500000000000009 0.70500000000000007 2.1650000000000005 1.2350000000000001
decision_type=2 2 2 2 2
left_child=-1 -2 -3 -4 -5
right_child=1 2 3 4 -6
leaf_value=-0.020236647433195937 -0.023654471861095264 0.032707477306649323 0.031353126348256759 -0.0076251356307067046 0.0014234397396638478
leaf_weight=12.385100975632666 10.268713906407354 10.775503672659395 7.0270865410566321 145.10030111670494 773.11552687175572
leaf_count=28 24 39 27 391 2965
internal_value=8.25995e-05 0.000378067 0.00067522 0.000258622 -4.49058e-06
internal_weight=958.672 946.287 936.018 925.243 918.216
internal_count=3474 3446 3422 3383 3356
is_linear=0
shrinkage=0.04


Tree=92
num_leaves=8
num_cat=0
split_feature=7 21 6 0 21 6 19
split_gain=3.52085 3.70836 3.93234 3.99498 8.25231 6.2152 2.50957
threshold=1.8950000000000002 1.9697624122298987 0.96550000000000014 1.2350000000000001 2.5783183048716523 1.0305000000000002 0.073749999999999996
decision_type=2 2 2 2 2 2 2
left_child=6 -2 -3 4 -4 -5 -1
right_child=1 2 3 5 -6 -7 -8
leaf_value=0.037204594873794392 -0.021323816615951032 -0.02775805270453844 0.021175206583574368 0.0048851959749157672 -0.0088890778226009375 -0.0022514394809161958 0
leaf_weight=5.9525052607059461 12.094454795122145 7.0272954404354087 15.308350965380667 411.98948648758233 133.39369250833988 367.78152414411306 4.7739380449056625
leaf_count=28 27 16 52 1692 350 1294 15
internal_value=7.9579e-05 -0.00018143 0.000105841 0.000354977 -0.00561985 0.00151036 0.021869
internal_weight=958.321 947.595 935.5 928.473 148.702 779.771 10.7264
internal_count=3474 3431 3404 3388 402 2986 43
is_linear=0
shrinkage=0.04


Tree=93
num_leaves=14
num_cat=0
split_feature=15 15 11 15 6 10 12 12 17 15 10 17 18
split_gain=3.4605 4.55009 5.32551 4.74871 6.25616 14.0781 6.99695 5.39831 9.74576 5.95429 4.69948 3.95075 0.512895
threshold=95.260000000000005 91.815000000000012 3.1650000000000005 84.675000000000026 1.0355000000000001 1.1650000000000003 1.1850000000000003 1.9650000000000001 0.10653000000000011 82.725000000000009 1.6050000000000002 0.39875500000000025 1.5447600000000004
decision_type=2 2 2 2 2 2 2 2 2 2 2 2 2
left_child=1 3 10 7 5 -5 -6 9 -9 -1 -3 -2 -4
right_child=11 2 12 4 6 -7 -8 8 -10 -11 -12 -13 -14
leaf_value=-0.001340768371035937 0.043890163380202178 -0.015486134667898506 -0.015762844408319106 -0.025904898476039186 -0.015176319167648878 0.034775205104067078 0.0098540038256105626 -0.01357833766738642 0.010494239822690841 -0.016114818682034272 0.030342005151442534 -0.00053797751004327327 -0.038492096228935922
leaf_weight=594.23743183165789 5.1403543353080732 7.7589909881353396 6.4243639782071105 6.8577837944030753 25.55161889269948 27.333684660494328 53.300787108018994 32.549385312944651 132.40464742295444 46.340155299752951 5.0026070028543472 5.921069324016571 8.8681360818445665
leaf_count=1911 33 25 17 19 66 145 217 137 688 145 22 22 27
internal_value=7.58874e-05 -0.000186808 -0.015777 0.000297269 0.00794325 0.021987 0.00155442 -0.000774326 0.00564274 -0.00244546 0.00279678 0.0213721 -0.0309881
internal_weight=957.691 946.63 28.0541 918.575 113.044 34.1915 78.8524 805.532 164.954 640.578 12.7616 11.0614 15.2925
internal_count=3474 3419 91 3328 447 164 283 2881 825 2056 47 55 44
is_linear=0
shrinkage=0.04


Tree=94
num_leaves=14
num_cat=0
split_feature=9 6 13 13 19 2 3 20 7 7 5 20 19
split_gain=3.50582 4.57532 6.42015 10.8322 7.76792 5.45711 9.68392 8.77733 7.08706 14.0291 4.81147 4.64627 4.07243
threshold=54.755000000000003 1.0735000000000003 0.067050000000000012 0.049250000000000009 -0.063749999999999959 1.635 1.2950000000000002 4.7287510337870708 17.580000000000002 13.385000000000003 18.570000000000004 2.9611317314507528 6.7000000000000011
decision_type=2 2 2 2 2 2 2 2 2 2 2 2 2
left_child=1 2 3 4 -1 6 7 -3 9 -7 -5 -8 -2
right_child=12 5 -4 10 -6 8 11 -9 -10 -11 -12 -13 -14
leaf_value=0.019858511335049175 0.044908294507434825 0.023735798345000014 -0.029931548422701248 0.0055943082972569882 -0.00024240618115348351 0.012132569081290489 -0.0056689016796616643 -0.02217613136124438 0.033428347301319723 -0.042296729131604462 0.051864823038712517 -0.037977178171158296 -0.0027619816684130577
leaf_weight=30.984322790056467 4.9781234040856344 14.011384934186937 9.732429310679434 6.8733951896429053 789.13011949881911 22.112791873514652 11.220603480935095 10.91436557471752 8.5454091615974885 10.22834158875048 8.5644471570849401 24.969846040010452 4.7375087738037109
leaf_count=115 22 47 21 20 2929 81 39 25 39 23 37 54 22
internal_value=7.12439e-05 -0.00017755 0.000782827 0.0011855 0.000530533 -0.00814409 -0.0156392 0.0032436 0.00297429 -0.00559383 0.0333441 -0.0285971 0.0228284
internal_weight=957.003 947.287 845.285 835.552 820.114 102.003 61.1162 24.9258 40.8865 32.3411 15.4378 36.1904 9.71563
internal_count=3474 3430 3122 3101 3044 308 165 72 143 104 57 93 44
is_linear=0
shrinkage=0.04


Tree=95
num_leaves=14
num_cat=0
split_feature=13 9 9 13 7 1 18 4 10 0 11 17 8
split_gain=3.33465 7.23203 6.41359 4.2112 12.9797 10.5239 5.80063 5.70058 8.05027 12.4671 5.36563 3.9268 2.29584
threshold=0.0057500000000000008 5.9350000000000014 4.8650000000000011 0.0072500000000000004 2.5950000000000002 0.87250000000000016 1.5364850000000001 2.6250000000000004 1.8150000000000002 2.0850000000000004 1.8050000000000004 0.19071000000000007 4.7350000000000012
decision_type=2 2 2 2 2 2 2 2 2 2 2 2 2
left_child=1 2 -1 4 -2 6 -6 -5 9 -9 -10 -7 -3
right_child=3 12 -4 7 5 11 -8 8 10 -11 -12 -13 -14
leaf_value=0.018552153424868548 0.036662483557440673 0.0090046513615408361 -0.036272323902559939 -0.028989560987475831 0.033942257560474018 -0.017439807135025676 -0.017757500684699896 0.004437197188148014 0.019409863719630122 0.038193430988643501 -0.0017984544545804823 -0.04975578635961056 0.048050169449328529
leaf_weight=6.1450241915881652 6.4708878248929969 4.9700501151382905 5.4608719721436501 9.4889974296092969 6.4042016565799695 15.614281218498947 5.4592201560735703 150.35230236500502 18.588118046522141 19.026644099503756 688.3390431907028 12.834680395200847 7.3656253982335329
leaf_count=27 29 22 16 22 29 52 21 527 70 185 2388 40 46
internal_value=7.01783e-05 0.0145112 -0.00744059 -0.000307136 -0.0118784 -0.0205626 0.00999856 0.000307684 0.000666727 0.00847796 -0.00120287 -0.0334852 0.0347735
internal_weight=956.52 23.9416 11.6059 932.578 46.7833 40.3124 11.8634 885.795 876.306 169.379 706.927 28.449 12.3357
internal_count=3474 111 43 3363 171 142 50 3192 3170 712 2458 92 68
is_linear=0
shrinkage=0.04


Tree=96
num_leaves=16
num_cat=0
split_feature=14 8 13 5 13 1 10 1 3 12 14 9 0 8 14
split_gain=3.35238 12.0107 3.66098 9.57895 7.4655 11.5704 4.54435 9.71849 12.0472 11.9872 4.41934 4.34199 4.1786 8.35011 4.07377
threshold=2.9350000000000005 2.9350000000000005 0.007150000000000001 7.5050000000000008 0.0066500000000000005 0.87250000000000016 1.925 0.88350000000000006 2.4350000000000005 2.2450000000000006 5.7350000000000012 8.1250000000000018 4.705000000000001 15.955000000000002 6.8350000000000009
decision_type=2 2 2 2 2 2 2 2 2 2 2 2 2 2 2
left_child=1 -1 3 4 5 -2 7 9 -9 -4 -5 -6 14 -14 -8
right_child=2 -3 6 10 11 -7 12 8 -10 -11 -12 -13 13 -15 -16
leaf_value=-0.010038914212125974 0.03564699653570344 0.048260495281390876 -0.007410780446746942 0.045275583424582148 -0.018243322172310342 -0.020950574238426705 -0.0087458963650534453 0.018045750866094976 -0.022412105633137551 0.036660126344857658 -0.0077943350675521361 -0.062376049736465246 0.032830529465410277 0 -0.00066350325412886462
leaf_weight=12.065176084637644 7.1827599853277233 8.9583862740546447 101.14061084762216 5.3677253816276771 10.497949145734312 18.499018777161837 126.90435381233692 101.02446834556758 12.285505173727868 9.9063764382153732 3.3510132692754269 6.5936537086963645 15.490407571196554 49.437105467543006 467.11826959252357
leaf_count=37 36 65 333 37 33 60 417 449 57 79 15 14 173 241 1428
internal_value=7.10926e-05 0.0155032 -0.000283622 -0.0105513 -0.0184644 -0.00407862 0.000317135 0.00522833 0.0134315 -0.00311577 0.025352 -0.0382179 -0.00134828 0.00818235 -0.00241543
internal_weight=955.823 21.0236 934.799 51.4921 42.7734 25.6818 883.307 224.357 113.31 111.047 8.71874 17.0916 658.95 64.9275 594.023
internal_count=3474 102 3372 195 143 96 3177 918 506 412 52 47 2259 414 1845
is_linear=0
shrinkage=0.04


Tree=97
num_leaves=10
num_cat=0
split_feature=15 1 15 9 14 17 7 7 21
split_gain=3.30303 6.97806 5.06375 4.51534 4.43221 7.51917 3.99593 0.607238 0.408581
threshold=94.875000000000014 0.78250000000000008 91.815000000000012 54.755000000000003 25.670000000000005 0.99715500000000001 5.4450000000000012 5.285000000000001 7.654287195006618
decision_type=2 2 2 2 2 2 2 2 2
left_child=2 -2 3 4 5 -1 -4 -3 -8
right_child=1 7 6 -5 -6 -7 8 -9 -10
leaf_value=-0.0006790635857456262 -0.019039079154110676 0.011226676254867892 0.0024394530901075216 0.02983692836385711 -0.019963465330819878 0.012674109403489854 -0.016715870092729269 0.045875784746633549 -0.036941005549445481
leaf_weight=819.99044258333743 4.1658029556274405 2.603846147656439 9.5509532913565653 7.1995870657265177 16.418537184596062 72.47021265886724 8.15771631896496 6.1553360484540462 8.1545905917882902
leaf_count=2948 11 14 35 36 38 306 23 41 22
internal_value=7.05373e-05 0.0194157 -0.000206735 0.000286323 1.0914e-05 0.000409268 -0.0173293 0.0386012 -0.0288384
internal_weight=954.867 12.925 941.942 916.079 908.879 892.461 25.8633 8.75918 16.3123
internal_count=3474 66 3408 3328 3292 3254 80 55 45
is_linear=0
shrinkage=0.04


Tree=98
num_leaves=13
num_cat=0
split_feature=1 11 12 7 12 1 15 12 12 12 2 21
split_gain=3.26423 5.66506 9.06806 6.8131 7.32662 4.77545 4.42878 3.96694 7.62814 4.09841 3.32457 2.52762
threshold=0.99850000000000005 1.8250000000000004 1.1050000000000002 6.1450000000000005 1.4150000000000003 0.99350000000000016 74.665000000000006 0.60500000000000009 0.70500000000000007 0.80500000000000016 1.5550000000000004 4.5050494068596487
decision_type=2 2 2 2 2 2 2 2 2 2 2 2
left_child=5 -2 -3 6 -5 7 -4 -1 11 -10 -7 -9
right_child=1 2 3 4 -6 10 -8 8 9 -11 -12 -13
leaf_value=-0.023279400713557902 0.023896534470979884 -0.045405356733301268 -0.039124761137435342 0.049966897117390302 -0.0042943129155463208 0.050248150602098349 0 0.047932965727089813 -0.015063001555247986 0.00068962978659821189 0 0.0066307500133896361
leaf_weight=10.229894444346426 5.8627203702926627 10.654903583228586 8.8315704539418238 4.9837118461728087 10.818539917469023 4.2355958819389334 8.0872429050505144 6.1015825569629651 26.259559951722622 849.90181553177536 3.6877030171453953 4.8714560493826866
leaf_count=24 23 21 22 26 40 20 32 25 68 3138 20 15
internal_value=6.79102e-05 -0.00984737 -0.0150242 -0.0038409 0.0142978 0.000626301 -0.0210814 0.000327376 0.000634508 0.000191751 0.0297542 0.0323504
internal_weight=954.526 49.2387 43.376 32.7211 15.8023 905.288 16.9188 897.364 887.134 876.161 7.9233 10.973
internal_count=3474 164 141 120 66 3310 54 3270 3246 3206 40 40
is_linear=0
shrinkage=0.04


Tree=99
num_leaves=11
num_cat=0
split_feature=0 11 13 12 9 0 0 7 5 6
split_gain=3.2582 3.88065 8.01714 5.90919 5.26444 7.71911 4.57501 4.14812 2.14948 5.74432
threshold=8.2050000000000018 10.565000000000003 0.051650000000000008 1.0450000000000002 29.975000000000005 3.6750000000000003 3.5950000000000002 23.585000000000004 27.795000000000005 1.0765000000000002
decision_type=2 2 2 2 2 2 2 2 2 2
left_child=1 2 4 -4 5 -1 -6 -3 -2 -10
right_child=8 7 3 -5 6 -7 -8 -9 9 -11
leaf_value=-0.00083618148507893174 0.037872294051833205 0 0.0034369305942446009 0.045081228200008358 -0.00049370527738724272 0.013170583659211156 -0.024896292096408121 -0.038604860554763684 -0.02049111789071283 0.038152596285522894
leaf_weight=784.98491678759456 4.8565864581614724 8.7101944927126187 12.298023372888567 9.8005627170205099 25.056296020746231 67.406742198392749 24.590561084449291 7.6386489123105994 5.1201555579900724 3.6949563957750797
leaf_count=2636 72 33 34 39 68 451 69 15 28 29
internal_value=6.79719e-05 -0.000215186 0.000127942 0.0234043 -0.000458722 0.000276228 -0.0129914 -0.0189614 0.0187789 0.00465771
internal_weight=954.158 940.486 924.137 22.0986 902.039 852.392 49.6469 16.3488 13.6717 8.81511
internal_count=3474 3345 3297 73 3224 3087 137 48 129 57
is_linear=0
shrinkage=0.04


Tree=100
num_leaves=17
num_cat=0
split_feature=7 15 15 17 13 20 6 0 20 11 7 15 21 20 21 20
split_gain=3.20791 3.43965 15.6182 9.58155 9.11084 8.0397 7.41978 4.87982 11.801 8.13339 5.56191 5.26745 4.92147 4.8973 4.13046 2.44664
threshold=1.8950000000000002 63.760000000000005 61.975000000000001 0.49930500000000028 0.017550000000000007 3.1989399282787776 1.0255000000000003 4.455000000000001 4.4697791675208842 6.0250000000000012 13.385000000000003 67.800000000000026 6.3722105220894898 4.9554302538758188 2.6597697856830513 3.0576567964607482
decision_type=2 2 2 2 2 2 2 2 2 2 2 2 2 2 2 2
left_child=15 2 3 4 -2 14 -5 9 10 11 -9 -3 -11 -10 -4 -1
right_child=1 7 5 6 -6 -7 -8 8 13 12 -12 -13 -14 -15 -16 -17
leaf_value=0.037268751875474578 0.013960410883311193 0.0095345740896636642 -0.012796243681147438 0.040057825710266129 -0.019807899323956137 0.0049208158939521027 -0.0068228825990422131 0.039800599783621958 -0.032096758722793051 -0.017044334109930937 0.010510088617735841 -0.00033663141744189463 0.017145850599880916 0.0043796791962748194 -0.044966840805703859 0
leaf_weight=5.4946663975715619 21.426151007413864 100.02945772185922 11.477157309651373 15.847912527620794 28.467757195234299 10.017792783677576 7.1773290634155265 17.265522558242083 10.009840400889518 60.549089912325144 28.921193934977055 592.12856763787568 6.5259293913841239 11.520279392600058 21.596586965024471 5.0829294919967651
leaf_count=25 77 355 31 65 74 33 21 204 28 169 194 2064 21 43 52 18
internal_value=6.76469e-05 -0.000180696 -0.00660674 0.00460614 -0.00516007 -0.0254367 0.0254357 0.000718027 0.0109276 -0.000195227 0.0222404 0.00109009 -0.0133973 -0.0128959 -0.0347411 0.021001
internal_weight=953.538 942.961 116.011 72.9191 49.8939 43.0915 23.0252 826.95 67.7168 759.233 46.1867 692.158 67.075 21.5301 33.0737 10.5776
internal_count=3474 3431 353 237 151 116 86 3078 469 2609 398 2419 190 71 83 43
is_linear=0
shrinkage=0.04


Tree=101
num_leaves=16
num_cat=0
split_feature=9 6 21 6 3 21 19 11 13 19 21 12 13 4 19
split_gain=3.12925 4.06953 6.12259 13.0875 10.1524 9.01038 5.71398 7.87123 15.8047 5.58107 14.8243 6.0719 4.65591 4.02987 3.78664
threshold=54.755000000000003 1.0735000000000003 7.7924928098212893 1.1095000000000004 1.2950000000000002 4.4669398873906694 -0.063749999999999959 2.5150000000000001 0.025250000000000005 0.9912500000000003 4.2273804372630446 0.60500000000000009 0.025550000000000003 3.7950000000000004 6.7000000000000011
decision_type=2 2 2 2 2 2 2 2 2 2 2 2 2 2 2
left_child=1 6 4 -4 12 -6 7 13 -9 10 -8 -11 -3 -1 -2
right_child=14 2 3 -5 5 -7 9 8 -10 11 -12 -13 -14 -15 -16
leaf_value=0.016775362829816322 0.043252634968369133 0.029799303627646618 0.053915570857591223 -0.016239098005280769 0.014673840503682657 -0.027402671430175461 -0.023295439030319397 0.061168504243527357 -0.02179155599628143 -0.032530688885236775 0.013139499901985166 0.0015476006909618586 -0.0038345309418379614 -0.020982316020475719 -0.0029857268148587184
leaf_weight=7.8091937974095407 4.8763074055314046 9.246572747826578 6.5326531622558823 8.7539336457848531 8.7380906119942647 50.927914451807737 48.52505099773407 10.967790395021437 4.5190453231334677 7.4475357532501212 26.842482373118401 727.613889394328 16.994045682251453 8.2000839710235578 4.6658649332821369
leaf_count=32 22 33 36 26 31 136 120 51 11 16 103 2767 46 22 22
internal_value=6.78482e-05 -0.000165811 -0.00771083 0.0147196 -0.0119177 -0.0209684 0.000739626 0.0171873 0.0366221 7.01573e-05 -0.0102121 0.00114773 0.00838241 -0.00219067 0.0217459
internal_weight=952.66 943.118 101.193 15.2866 85.9066 59.666 841.925 31.4961 15.4868 810.429 75.3675 735.061 26.2406 16.0093 9.54217
internal_count=3474 3430 308 62 246 167 3122 116 62 3006 223 2783 79 54 44
is_linear=0
shrinkage=0.04


Tree=102
num_leaves=9
num_cat=0
split_feature=14 15 4 14 10 10 4 11
split_gain=3.11592 11.9403 5.02581 3.33572 3.89578 8.27377 4.68602 2.70568
threshold=2.9350000000000005 68.670000000000016 2.5050000000000003 3.0350000000000006 1.925 1.4950000000000003 4.285000000000001 1.6250000000000002
decision_type=2 2 2 2 2 2 2 2
left_child=1 -1 -2 -4 5 -5 -6 -3
right_child=2 7 3 4 6 -7 -8 -9
leaf_value=-0.02267293531012126 -0.032135069511060987 0.0066922219838110985 -0.023525817395266997 -0.0048403724332833657 -0.01436406763530643 0.0099216449832174643 -0.00048799601937583572 0.048869833930517796
leaf_weight=7.5395205542445209 6.8540054261684409 4.3241595402359954 8.5452161133289319 95.349105406552553 40.694977268576622 161.69553031027317 617.89158838801086 8.934470469132064
leaf_count=22 15 16 26 364 101 699 2167 64
internal_value=6.87196e-05 0.0150247 -0.000272558 0 0.00024319 0.00441723 -0.00137802 0.0371092
internal_weight=951.829 20.7982 931.03 924.176 915.631 257.045 658.587 13.2586
internal_count=3474 102 3372 3357 3331 1063 2268 80
is_linear=0
shrinkage=0.04


Tree=103
num_leaves=13
num_cat=0
split_feature=15 1 15 15 1 4 10 17 15 7 12 7
split_gain=3.06119 6.41884 4.75816 4.27143 8.04579 7.28122 4.78041 6.9966 5.13208 3.70056 2.00682 0.521004
threshold=94.875000000000014 0.78250000000000008 91.815000000000012 84.675000000000026 0.76050000000000006 4.8450000000000006 1.1250000000000002 0.1107550000000001 82.895000000000024 5.4450000000000012 1.4350000000000003 5.5950000000000006
decision_type=2 2 2 2 2 2 2 2 2 2 2 2
left_child=2 -2 3 6 -5 -6 7 -1 -8 -4 -11 -3
right_child=1 11 9 4 5 -7 8 -9 -10 10 -12 -13
leaf_value=-0.0064005032475623197 -0.01799660506147199 0.011544666163752633 0.0021841149764005793 -0.020564322538654669 -0.0082784339957564946 0.01735885472891301 -0.00027998153982010019 0.04942104839030699 -0.013238778344901352 -0.0080938305778323564 -0.039386286047871893 0.044856096505505691
leaf_weight=6.2065651305019838 4.1376008242368689 2.6640603691339475 9.5252692475914973 13.16205316223204 21.825599856674671 76.775482293218374 737.08237831667066 6.3443318977952003 51.500677289441228 6.8058443069458034 9.4116159901022893 5.8661212455481291
leaf_count=22 11 15 35 39 70 338 2645 33 181 19 26 40
internal_value=6.36427e-05 0.018864 -0.000201376 0.000276885 0.00757251 0.0115775 -0.000739098 0.022791 -0.00115212 -0.0168369 -0.0279515 0.0375951
internal_weight=951.308 12.6678 938.64 912.897 111.763 98.6011 801.134 12.5509 788.583 25.7427 16.2175 8.53018
internal_count=3474 66 3408 3328 447 408 2881 55 2826 80 45 55
is_linear=0
shrinkage=0.04


Tree=104
num_leaves=8
num_cat=0
split_feature=7 21 6 17 20 17 3
split_gain=3.03491 3.34039 3.39756 3.54989 9.39535 4.51403 2.40707
threshold=1.8950000000000002 1.9697624122298987 0.96550000000000014 0.014760000000000014 4.6273891273834309 0.021900000000000027 1.6950000000000001
decision_type=2 2 2 2 2 2 2
left_child=6 -2 -3 4 -4 -5 -1
right_child=1 2 3 5 -6 -7 -8
leaf_value=0.034805663186007911 -0.02030132928618452 -0.026001020409749522 -0.015241935443585588 0.035047505967573292 0.034264229845525719 0.00071437630880895732 -0.0011374728865277803
leaf_weight=6.1595404446125013 12.022151708602903 6.9081418365240088 50.003063634037971 5.1851076409220687 5.9392346963286391 860.40485424175858 4.2936108559370041
leaf_count=29 27 16 159 28 27 3174 14
internal_value=6.06213e-05 -0.000180002 9.34995e-05 0.000325758 -0.00933608 0.000969478 0.0205333
internal_weight=950.916 940.463 928.44 921.532 55.9423 865.59 10.4532
internal_count=3474 3431 3404 3388 186 3202 43
is_linear=0
shrinkage=0.04


Tree=105
num_leaves=17
num_cat=0
split_feature=0 8 5 5 5 20 7 7 18 15 6 2 1 2 8 13
split_gain=3.02227 3.78517 10.4647 8.3315 7.74855 8.94111 7.49261 6.80124 6.46023 7.55703 10.2572 6.99332 5.01933 3.58239 2.27339 3.20873
threshold=8.2050000000000018 14.835000000000003 15.835000000000003 21.925000000000001 13.465000000000002 3.6346236782721251 8.3850000000000033 8.8350000000000026 1.1979300000000002 67.700000000000003 1.0555000000000001 1.2450000000000003 0.89050000000000018 1.9150000000000003 25.840000000000003 0.037750000000000006
decision_type=2 2 2 2 2 2 2 2 2 2 2 2 2 2 2 2
left_child=1 2 4 6 7 -6 -4 -1 11 13 -11 -3 -13 -10 -2 -16
right_child=14 8 3 -5 5 -7 -8 -9 9 10 -12 12 -14 -15 15 -17
leaf_value=-0.00051986203349542058 0.037630903092134911 0.011036854828535366 0.0072200906173016622 -0.011426082735893779 -0.027748889616360496 0.0038381945035313924 0.045310152004795858 0.011405044123918927 -0.040035324930348039 0.01522012443323081 -0.0081023966156444013 -0.016252923716125842 -0.051720159693078069 -0.0036071534639391251 -0.019723548081294388 0.024355053727985836
leaf_weight=566.26325592957437 4.8709452077746382 9.3959660828113538 15.951626360416411 9.8369479589164239 32.235205026343465 24.13799761608243 18.753105627372861 87.305449994280934 9.5508309081196803 55.485945139080286 63.456199660897255 27.557685762643814 8.6903661489486677 8.5721263438463193 3.8690426871180517 4.6657382920384407
leaf_count=2049 74 30 63 31 101 87 92 363 20 219 183 68 14 25 25 30
internal_value=5.978e-05 -0.000211041 0.00103253 0.0196212 -0.000148432 -0.0142533 0.0287191 0.00107587 -0.00536748 -0.000923192 0.00274694 -0.0182359 -0.0261311 -0.0243129 0.0182485 0.00356113
internal_weight=950.598 937.193 754.484 44.5417 709.942 56.3732 34.7047 653.569 182.709 137.065 118.942 45.644 36.2481 18.123 13.4057 8.53478
internal_count=3474 3345 2786 186 2600 188 155 2412 559 447 402 112 82 45 129 55
is_linear=0
shrinkage=0.04


Tree=106
num_leaves=16
num_cat=0
split_feature=19 15 21 21 0 0 4 14 4 2 1 9 13 7 10
split_gain=2.93606 6.39261 7.58663 8.5389 7.94976 11.5134 4.32547 3.73747 6.71148 7.59658 4.77772 3.72785 8.02005 7.18607 3.06157
threshold=0.073749999999999996 67.095000000000013 5.8701324735242952 7.1017864741491996 1.3450000000000004 1.6150000000000004 5.5850000000000009 25.670000000000005 20.700000000000006 2.2350000000000008 0.83750000000000002 26.405000000000005 0.043000000000000003 17.580000000000002 5.3350000000000009
decision_type=2 2 2 2 2 2 2 2 2 2 2 2 2 2 2
left_child=1 -1 4 6 -3 -6 -4 8 11 -10 -11 12 -2 -13 -9
right_child=7 2 3 -5 5 -7 -8 14 9 10 -12 13 -14 -15 -16
leaf_value=-0.021537997715213749 -0.00052634808014504961 0.052543280873632775 -0.037175100944980173 0.027785416579333463 -0.022699965860988748 0.031108483623107457 0.00098249054373549774 0 0.056433226017099103 -0.021406111920601833 0.028279839044416666 -0.017983666933436483 0.027596145422375949 0.014908925907530358 -0.030128466046640712
leaf_weight=9.0788622647523862 769.92777974903584 10.357414975762365 9.0737966001033836 8.0813861154019815 9.1778664290905017 15.836015291512011 8.157993406057356 9.3058839514851588 6.0689134895801571 5.5044465381652099 4.8704441878944635 44.664821978658438 15.572726517915724 12.758986365050076 11.27501620352268
leaf_count=22 2860 45 20 37 23 67 25 27 29 25 38 126 54 50 26
internal_value=5.60806e-05 0.00790263 0.0127146 -0.0036927 0.024455 0.0109444 -0.0196084 -0.000565186 -0.000142753 0.0244042 0.00165103 -0.000659446 5.53935e-05 -0.0104082 -0.0170095
internal_weight=949.712 69.7633 60.6845 25.3132 35.3713 25.0139 17.2318 879.949 859.368 16.4438 10.3749 842.924 785.501 57.4238 20.5809
internal_count=3474 239 217 82 135 90 45 3235 3182 92 63 3090 2914 176 53
is_linear=0
shrinkage=0.04


Tree=107
num_leaves=12
num_cat=0
split_feature=15 1 15 15 1 3 12 17 13 4 12
split_gain=2.88834 7.05281 3.71479 3.97977 7.4271 6.36795 4.56128 8.58333 5.65011 3.71952 3.69669
threshold=95.260000000000005 0.78250000000000008 91.815000000000012 84.675000000000026 0.74150000000000016 1.0650000000000002 1.9650000000000001 0.10653000000000011 0.012150000000000003 9.6550000000000029 1.7450000000000003
decision_type=2 2 2 2 2 2 2 2 2 2 2
left_child=2 -2 3 6 -5 -6 8 -8 -1 10 -4
right_child=1 -3 9 4 5 -7 7 -9 -10 -11 -12
leaf_value=-0.008480682030864186 -0.017022044034448729 0.044376614474755868 0.014294975947545432 -0.023569067249839509 -0.019068574826882852 0.013981211801535458 -0.012829683693313941 0.009831343843867241 3.5466394299270829e-06 -0.032319004429149353 -0.020506571865826155
leaf_weight=169.83003388345242 4.1222925186157209 6.3100183177739382 9.093942686915403 10.162695465609429 9.3060782700777036 91.797364259138703 32.404399052262306 130.40254102833569 467.13199645653367 10.274737846106289 8.3634535335004312
leaf_count=568 11 44 35 29 22 396 137 688 1488 28 28
internal_value=5.79856e-05 0.0200486 -0.00017675 0.000260959 0.00732013 0.0107038 -0.000719058 0.00522136 -0.00225577 -0.0143431 -0.00215196
internal_weight=949.2 10.4323 938.767 911.035 111.266 101.103 799.769 162.807 636.962 27.7321 17.4574
internal_count=3474 55 3419 3328 447 418 2881 825 2056 91 63
is_linear=0
shrinkage=0.04


Tree=108
num_leaves=16
num_cat=0
split_feature=9 14 16 10 3 1 1 20 11 17 12 8 19 19 14
split_gain=2.89844 3.60385 7.07978 9.16663 6.45498 10.8845 9.39386 5.29166 6.8268 6.74021 5.7715 5.12467 3.45631 2.76232 2.34686
threshold=54.755000000000003 13.600000000000001 4.2750000000000012 3.8350000000000004 1.6850000000000003 0.79550000000000021 0.8045000000000001 5.7796050121252547 3.2350000000000008 0.70544000000000018 1.7350000000000001 16.970000000000002 6.7000000000000011 11.407500000000001 12.765000000000002
decision_type=2 2 2 2 2 2 2 2 2 2 2 2 2 2 2
left_child=1 2 4 14 5 -1 -6 8 -3 13 -10 -5 -2 -9 -4
right_child=12 7 3 11 6 -7 -8 9 10 -11 -12 -13 -14 -15 -16
leaf_value=-0.0096199464914154056 0.041658478418848122 -0.031229017385786852 0.041584460508496061 0.012796703608706571 0.0084072959253796639 0.0065910103452228707 -0.0078309822209881048 0.042159311685310473 -0.00024687145732001163 -0.016320353746983231 -0.020397929447984402 -0.035626745901745249 -0.0027236319490588391 0.003774785886211769 -0.0037994452446801427
leaf_weight=80.996862411499023 4.82054655253887 17.20853628218174 16.328418556600816 7.9477143660187703 72.742194529622793 340.0747857876122 246.53393506258726 8.282106928527357 101.59946271032095 7.2590787261724463 28.625348601490259 4.6718525625765324 4.5987821966409683 5.4724577590823165 1.5050189830362786
leaf_count=225 22 37 268 41 278 1203 902 32 291 17 85 26 22 17 8
internal_value=5.28633e-05 -0.000171257 0.000979874 0.0195691 0.00017908 0.00343833 -0.00409166 -0.00546065 -0.0081805 0.0127634 -0.00485903 -0.00584221 0.0210403 0.0287206 0.0373312
internal_weight=948.667 939.248 770.801 30.453 740.348 421.072 319.276 168.447 147.433 21.0136 130.225 12.6196 9.41933 13.7546 17.8334
internal_count=3474 3430 2951 343 2608 1428 1180 479 413 66 376 67 44 49 276
is_linear=0
shrinkage=0.04


Tree=109
num_leaves=12
num_cat=0
split_feature=14 15 4 3 12 1 18 1 21 8 13
split_gain=2.93062 11.1695 4.67197 3.08952 13.4113 10.0909 15.5972 9.87511 9.79311 6.46756 2.67723
threshold=2.9350000000000005 68.670000000000016 2.5050000000000003 1.7450000000000003 1.1150000000000004 0.79550000000000021 1.0299100000000003 0.8175 5.8701324735242952 7.4450000000000012 0.0050500000000000015
decision_type=2 2 2 2 2 2 2 2 2 2 2
left_child=1 -1 -2 5 9 8 -7 -6 -4 -5 -3
right_child=2 10 3 4 7 6 -8 -9 -10 -11 -12
leaf_value=-0.021598026005210748 -0.031070408218181415 0.0081571366728265017 -0.0025003450342555374 -0.050374370027461909 0.011642628408950629 0.061916865702975721 0.0034091546583820448 -0.004563546070619832 -0.031021081754792186 -0.013015741079768073 0.049424126996832261
leaf_weight=7.565348960459235 6.8177548199892035 4.8119920268654814 86.795316815376282 11.067654892802237 80.609334105625749 6.4342106878757468 459.52363219857216 227.63024933636189 24.127466857433319 24.331112012267113 8.1668042037636024
leaf_count=22 15 25 254 22 372 28 1563 991 53 74 55
internal_value=5.1696e-05 0.0146432 -0.000278372 -8.1623e-06 -0.00301424 0.00177078 0.00436506 -0.000275571 -0.00899727 -0.025979 0.0363744
internal_weight=947.881 20.5441 927.337 920.519 343.638 576.881 465.958 308.24 110.923 35.3988 12.9788
internal_count=3474 102 3372 3357 1459 1898 1591 1363 307 96 80
is_linear=0
shrinkage=0.04


Tree=110
num_leaves=12
num_cat=0
split_feature=15 1 12 19 15 19 1 19 11 9 12
split_gain=2.81289 5.46297 4.23197 5.5612 4.21487 3.66395 8.91201 4.6973 3.50327 2.27707 0.255737
threshold=94.875000000000014 0.78250000000000008 3.5250000000000004 6.7000000000000011 91.815000000000012 -0.063749999999999959 0.94450000000000001 1.02125 3.1650000000000005 12.435 1.8450000000000004
decision_type=2 2 2 2 2 2 2 2 2 2 2
left_child=2 -2 4 -4 5 6 -1 -7 9 -6 -3
right_child=1 10 3 -5 8 7 -8 -9 -10 -11 -12
leaf_value=0.020858687349089706 -0.015698049446173229 0.043337968950958636 0.044345339527594729 -0.015526369990194142 -0.014556130188920697 -0.0096477367826875923 -0.012621038257909695 0.000292140127157574 -0.029285030804665213 0.018222660232739784 0.013856657423002688
leaf_weight=37.404951345175505 4.0779830813407889 5.1761600226163846 6.3983168061822635 2.869506137445569 6.615784630179407 83.362241238355637 17.901556089520454 761.80978377722204 13.661945395171641 5.1122475564479828 2.9744987469166517
leaf_count=141 11 32 61 35 20 245 53 2796 36 21 23
internal_value=4.8119e-05 0.0183708 -0.000202307 0.025322 -0.000493477 -2.27823e-05 0.00984823 -0.000689053 -0.0162505 0 0.0361434
internal_weight=947.365 12.2286 935.136 9.26782 925.869 900.479 55.3065 845.172 25.39 11.728 8.15066
internal_count=3474 66 3408 96 3312 3235 194 3041 77 41 55
is_linear=0
shrinkage=0.04


Tree=111
num_leaves=14
num_cat=0
split_feature=13 9 9 4 15 5 14 8 6 3 6 14 5
split_gain=2.82403 6.63939 7.49634 3.55037 11.3402 5.34244 9.70831 6.73405 4.69185 8.26397 7.49059 3.2955 2.75508
threshold=0.0057500000000000008 5.9350000000000014 5.0850000000000009 2.7850000000000006 72.235000000000014 4.5050000000000008 4.035000000000001 4.1750000000000007 1.0025000000000002 2.2150000000000003 1.0185000000000002 5.5750000000000011 5.8650000000000011
decision_type=2 2 2 2 2 2 2 2 2 2 2 2 2
left_child=1 2 -1 4 -2 6 7 -5 9 -7 -10 -8 -3
right_child=3 12 -4 5 -6 8 11 -9 10 -11 -12 -13 -14
leaf_value=0.019497742636730347 -0.032781107019534968 0.0042355520865123555 -0.040266163760765208 0.01401784707558386 0.026779021624723735 -0.014413103901623066 0.053565528788211483 -0.036919573310777484 0.0074288465203649259 0.0098920892930651934 -0.0016608685421289049 0.0072890397994203847 0.046725921432780239
leaf_weight=6.3895546831190604 16.409712269902233 4.336564324796198 5.0955473780632019 10.463022254407408 6.2377280592918387 83.902556419372559 8.9672618955373746 5.4643477648496619 193.84714622981846 29.196280131116509 564.76524979434907 4.3128647506237021 7.5538964103907347
leaf_count=30 38 18 13 42 24 250 43 15 804 148 1983 16 50
internal_value=4.80124e-05 0.0134941 -0.00747809 -0.000297885 -0.0155996 9.47713e-05 0.01664 -0.00413378 -0.000468858 -0.00803694 0.000658004 0.0406598 0.0333807
internal_weight=946.942 23.3756 11.4851 923.566 22.6474 900.919 29.2075 15.9274 871.711 113.099 758.612 13.2801 11.8905
internal_count=3474 111 43 3363 62 3301 116 57 3185 398 2787 59 68
is_linear=0
shrinkage=0.04


Tree=112
num_leaves=17
num_cat=0
split_feature=0 8 0 17 7 15 8 13 11 6 6 7 15 3 3 4
split_gain=2.81773 7.55861 6.70147 7.76076 6.15663 6.58958 9.96102 5.88157 5.25624 6.59108 9.84644 4.79879 6.89906 2.43744 0.960834 0.178234
threshold=2.7150000000000003 5.6850000000000014 2.6250000000000004 0.32268999999999998 4.9350000000000014 66.715000000000018 10.135000000000003 0.022350000000000005 5.6950000000000012 1.1035000000000001 1.0865000000000002 7.0750000000000011 72.235000000000014 2.0150000000000001 1.885 7.5950000000000006
decision_type=2 2 2 2 2 2 2 2 2 2 2 2 2 2 2 2
left_child=2 -2 8 -4 14 7 -7 -6 9 10 -1 13 -13 -10 -3 -5
right_child=1 4 3 15 5 6 -8 -9 11 -11 -12 12 -14 -15 -16 -17
leaf_value=0.00093836087844408652 0.042380149783083895 -0.040666895666255025 0.014015021478370795 -0.043936112203987555 0.01428934989794017 0.027212828887936941 0.0026299864881334689 -0.021459660236616846 -0.039523933452217712 0.032847961197421165 -0.028603589564099648 0.011838569164433545 -0.022008551545543601 -0.010126870264759629 -0.010060147535138267 -0.022081398992390623
leaf_weight=601.50574239343405 6.8915252666920415 4.3487456366419774 5.8824035711586502 8.8737035468220693 9.0794875137507898 31.062000166624784 156.22271141223609 25.796067554503679 10.841231212019922 8.9641405642032606 17.608459062874317 21.043302610516548 16.014872997999191 10.259631693363188 4.9405617415904999 6.9655637443065634
leaf_count=1979 60 15 31 23 52 242 727 80 20 32 40 65 37 28 26 17
internal_value=5.04136e-05 0.00381109 -0.00120796 -0.0225884 0.00245088 0.00386711 0.00687252 -0.0117909 -0.000487674 0.000572903 4.0475e-05 -0.0118925 -0.00277238 -0.0266975 -0.0277259 -0.0366823
internal_weight=946.3 238.341 707.959 21.7217 231.45 222.16 187.285 34.8756 686.237 628.078 619.114 58.159 37.0582 21.1009 9.28931 15.8393
internal_count=3474 1202 2272 71 1142 1101 969 132 2201 2051 2019 150 102 48 41 40
is_linear=0
shrinkage=0.04


Tree=113
num_leaves=15
num_cat=0
split_feature=7 0 11 4 4 5 17 12 12 17 3 11 3 0
split_gain=2.81734 3.02003 10.5055 6.18078 9.08726 8.56594 4.95089 6.71185 10.7929 7.17481 3.28041 2.84724 2.20302 0.895146
threshold=1.8950000000000002 1.7450000000000003 2.1550000000000007 4.495000000000001 4.745000000000001 6.0850000000000009 1.0995600000000003 2.1150000000000007 1.9550000000000003 0.60312500000000013 1.675 1.6250000000000002 1.6950000000000001 1.8250000000000004
decision_type=2 2 2 2 2 2 2 2 2 2 2 2 2 2
left_child=12 6 11 5 -5 -4 7 8 -2 -9 -8 -3 -1 -13
right_child=1 2 3 4 -6 -7 10 9 -10 -11 -12 13 -14 -15
leaf_value=0.033774245657672383 -0.0029231447966332771 6.1324430704939986e-05 0.013099081728473006 0.046855810682942471 0.0011670441380689485 -0.031851478052158586 0.0010283472713393689 -0.021970029334158862 0.029025077419447584 0.018572992322810615 0.042941653077905269 0.011769026630863664 -0.00082078726400887912 0.044278226901211477
leaf_weight=6.0117713809013349 354.57489574700594 4.3807014375925091 9.2376825101673621 6.0928114131093016 443.67357099987566 19.164626177400351 6.704984635114668 47.706153064966202 16.741768710315228 7.1560018807649604 5.1487376615405083 3.3736371397972098 4.2468232586979866 11.139973940327762
leaf_count=29 1023 24 53 36 1867 67 18 126 62 29 22 17 14 87
internal_value=4.42755e-05 -0.000186531 0.00193643 0.000732778 0.00190629 -0.0170112 -0.00261273 -0.00335933 -0.0013871 -0.0163007 0.0217805 0.0304278 0.0199413 0.038483
internal_weight=945.354 935.096 497.063 478.169 449.766 28.4023 438.033 426.179 371.317 54.8622 11.8537 18.8943 10.2586 14.5136
internal_count=3474 3431 2151 2023 1903 120 1280 1240 1085 155 40 128 43 104
is_linear=0
shrinkage=0.04


Tree=114
num_leaves=19
num_cat=0
split_feature=0 8 8 0 3 1 8 2 0 2 5 17 10 17 20 7 8 17
split_gain=2.79941 3.31769 10.4872 8.91882 8.00948 11.9907 7.68285 7.34677 8.026 9.11315 8.79253 7.2764 11.122 6.54669 6.12903 3.79342 2.21505 3.6912
threshold=8.2050000000000018 11.385000000000003 10.355000000000002 2.0850000000000004 1.6850000000000003 0.79550000000000021 10.615 1.6250000000000002 2.5250000000000004 1.3350000000000002 17.435000000000006 0.43293000000000004 2.4850000000000008 0.98202 3.1591095804007718 8.7550000000000008 25.840000000000003 0.90484500000000045
decision_type=2 2 2 2 2 2 2 2 2 2 2 2 2 2 2 2 2 2
left_child=1 2 4 15 5 -1 -5 8 9 -3 -10 12 -9 -13 -6 -4 -2 -18
right_child=16 7 3 6 14 -7 -8 11 10 -11 -12 13 -14 -15 -16 -17 17 -19
leaf_value=-0.01157655114027652 0.037279614093629454 0 0.051346974178410325 0.045993570414171681 -0.00078068049086550987 0.0079522070727824114 -0.0068467715562667902 0.051210384923514027 0.01804903528678627 -0.025888711805339665 -0.010778146484142721 -0.012083296379702822 0.0051917727382709148 0.0098075877705248605 -0.013803161113445211 0.01300817325087153 -0.014751077047380703 0.034036489616408823
leaf_weight=61.148525752127171 4.6727502308785906 32.743737518787384 12.896165907382967 4.4359832108020809 170.60608396492898 259.45149226859212 21.754232816398144 9.7259506080299598 27.664285693317652 61.530273050069809 40.243140757083893 57.186115149408579 42.678160928189754 33.759400814771652 87.718007421121001 8.041695296764372 5.4986231178045255 2.9656700752675533
leaf_count=170 74 90 53 30 718 948 97 65 110 140 114 191 158 128 309 24 25 30
internal_value=5.31042e-05 -0.000206279 0.00145205 0.0193934 -2.56238e-05 0.00417817 0.00317126 -0.00362404 -0.00944197 -0.0169363 0.000940945 0.00292258 0.0146814 -0.003852 -0.00526969 0.0382509 0.017726 0.0032877
internal_weight=944.72 931.583 626.052 47.1281 578.924 320.6 26.1902 305.531 162.181 94.274 67.9074 143.35 52.4041 90.9455 258.324 20.9379 13.137 8.46429
internal_count=3474 3345 2349 204 2145 1118 127 996 454 230 224 542 223 319 1027 77 129 55
is_linear=0
shrinkage=0.04


Tree=115
num_leaves=11
num_cat=0
split_feature=14 8 4 5 5 12 20 9 20 3
split_gain=2.77089 10.7472 4.17289 5.55961 5.35683 9.6771 4.43305 7.70511 7.49815 4.12304
threshold=2.9350000000000005 2.9350000000000005 2.7850000000000006 4.5050000000000008 4.5050000000000008 2.1550000000000007 2.0917442247794322 4.6900000000000004 2.260109937771615 1.7650000000000003
decision_type=2 2 2 2 2 2 2 2 2 2
left_child=1 -1 3 -2 5 9 7 -6 -8 -4
right_child=2 -3 4 -5 6 -7 8 -9 -10 -11
leaf_value=-0.0094701660275430342 -0.037837744551316305 0.046864041705365914 0.041628998475343154 0.00744281182211753 -0.052221141035912785 -0.016877553545339496 0.019730994118012938 -0.0055934048000814088 -0.00048155699819802224 0
leaf_weight=11.950711593031885 9.6265668272972125 8.2923933528363687 15.004829972982412 6.4285096973180762 5.6232325732707968 8.6165538206696493 29.476802498102188 46.661728881299496 796.63874342106283 5.3544405847787848
leaf_count=37 20 65 67 20 11 30 140 206 2861 17
internal_value=5.97533e-05 0.0143498 -0.000260037 -0.0198648 9.95293e-05 0.016735 -0.000458534 -0.0116443 0.000252962 0.0314594
internal_weight=943.675 20.2431 923.431 16.0551 907.376 28.9758 878.401 52.285 826.116 20.3593
internal_count=3474 102 3372 40 3332 114 3218 217 3001 84
is_linear=0
shrinkage=0.04


Tree=116
num_leaves=20
num_cat=0
split_feature=15 15 17 13 13 20 6 5 0 0 20 11 7 15 12 20 19 21 21
split_gain=2.70411 14.3115 8.50278 8.83096 7.66329 7.24481 7.15551 5.48331 4.57462 4.25435 10.6875 7.91931 5.12181 5.09863 4.68343 4.25873 3.95454 3.25658 3.94603
threshold=63.760000000000005 61.975000000000001 0.49930500000000028 0.017550000000000007 0.022550000000000004 3.1989399282787776 1.0255000000000003 4.9750000000000005 1.0150000000000003 4.455000000000001 4.4697791675208842 6.0250000000000012 13.385000000000003 67.800000000000026 1.5050000000000001 4.9554302538758188 3.7812500000000009 2.6597697856830513 2.9046306610498083
decision_type=2 2 2 2 2 2 2 2 2 2 2 2 2 2 2 2 2 2 2
left_child=1 2 3 7 -5 17 16 -1 -2 11 12 13 -11 -10 -13 -12 -4 -3 -19
right_child=8 5 6 4 -6 -7 -8 -9 9 10 15 14 -14 -15 -16 -17 -18 18 -20
leaf_value=-0.005092967967886634 0.031367238810917124 -0.01254812914743708 0.0075492739693825495 -0.035642256314477039 0.0050912929734021721 0.0052714222436617631 -0.0070017339719003783 0.033379645057124978 0.0093222988235017821 0.038826838712747953 -0.03045263695688203 -0.030964470917515498 0.010039294520296926 -0.00041477251240476618 -0.0066256757736277211 0.0037249047565400691 0.05262692312724486 -0.061880602119623651 -0.023319994798421267
leaf_weight=10.737250328063967 6.8053569346666327 11.413219362497328 5.4177908301353481 16.400863274931911 11.92724187672138 9.9188097491860372 7.1461473926901808 10.911881864070891 99.526035986840725 16.192911693826318 9.8760169297456759 17.076569721102715 28.241600776091218 588.70047179423273 49.35150270909071 11.402802556753157 10.439247310161589 8.9260970205068606 12.847915172576903
leaf_count=34 24 31 19 36 38 33 21 45 357 204 28 36 194 2077 154 43 47 17 36
internal_value=5.68052e-05 -0.00562404 0.00509422 -0.00409109 -0.0186302 -0.023656 0.0247228 0.0145629 0.00086955 0.000568936 0.0102544 -0.000276319 0.0213299 0.000993204 -0.0133675 -0.0124335 0.0390616 -0.0324369 -0.041502
internal_weight=943.26 116.086 72.9804 49.9772 28.3281 43.106 23.0032 21.6491 827.173 820.368 65.7133 754.655 44.4345 688.227 66.4281 21.2788 15.857 33.1872 21.774
internal_count=3474 357 240 153 74 117 87 79 3117 3093 469 2624 398 2434 190 71 66 84 53
is_linear=0
shrinkage=0.04


Tree=117
num_leaves=11
num_cat=0
split_feature=9 15 15 15 1 7 12 19 11 5
split_gain=2.75833 6.44877 3.16528 6.36384 3.70707 4.02511 3.52934 5.82943 3.27923 2.95653
threshold=54.755000000000003 88.895000000000024 93.950000000000017 92.070000000000007 0.78250000000000008 4.1250000000000009 3.5250000000000004 6.7000000000000011 5.1050000000000013 12.560000000000002
decision_type=2 2 2 2 2 2 2 2 2 2
left_child=2 -2 3 6 -4 -6 8 -8 -1 -5
right_child=1 -3 4 9 5 -7 7 -9 -10 -11
leaf_value=0.00091960328035681823 0.047755288420049335 -0.013003173433466955 -0.012192259025062182 -0.0050480664880912223 -0.0090508239459228743 0.040626777970207223 0.04367979456588552 -0.019465443461719044 -0.0050925760303148406 -0.040989323492125591
leaf_weight=711.91885557584465 5.0592836700379831 4.2645730003714561 4.1139776557683936 7.7599639669060689 2.7986940816044799 8.7980943508446199 6.0961922500282508 2.5838512107729912 181.05867422744632 7.8722950778901577
leaf_count=2544 32 12 11 28 10 59 60 31 669 18
internal_value=5.40673e-05 0.0206228 -0.000164779 -0.000487032 0.0170748 0.0282361 -2.58638e-05 0.0239874 -0.000294801 -0.025005
internal_weight=942.324 9.32386 933.001 917.29 15.7108 11.5968 901.658 8.68004 892.978 15.6323
internal_count=3474 44 3430 3350 80 69 3304 91 3213 46
is_linear=0
shrinkage=0.04


Tree=118
num_leaves=23
num_cat=0
split_feature=19 15 21 20 1 0 0 6 21 21 0 12 12 19 20 20 5 10 12 18 19 19
split_gain=2.72489 5.44486 6.80555 7.85506 8.48333 7.42254 10.5786 3.54086 9.27053 12.6766 9.59018 11.5188 8.33172 7.26892 12.5882 7.56665 8.28961 7.14249 6.11584 5.86184 4.65586 1.82183
threshold=0.073749999999999996 67.095000000000013 5.8701324735242952 3.7291352500909012 0.85050000000000014 1.3450000000000004 1.6150000000000004 1.0305000000000002 4.2273804372630446 4.1323647848646905 1.2250000000000003 1.3150000000000002 1.3550000000000002 10.393750000000001 5.3708051099598109 2.260109937771615 8.9150000000000009 1.5450000000000002 1.2150000000000001 1.1569450000000001 3.890000000000001 14.863750000000001
decision_type=2 2 2 2 2 2 2 2 2 2 2 2 2 2 2 2 2 2 2 2 2 2
left_child=1 -1 5 -4 -5 -3 -7 8 9 17 11 -10 -12 15 18 19 -17 -2 -15 -9 -11 -16
right_child=7 2 3 4 -6 6 -8 13 10 20 12 -13 -14 14 21 16 -18 -19 -20 -21 -22 -23
leaf_value=-0.019773455726381371 -0.011701002320405123 0.05076480539948075 -0.032114082515831657 -0.015972376944170155 0.038745713374970576 -0.022087372258200812 0.029757623531950404 0.054849051239016247 -0.036059384238504584 -0.0088466686200849316 0.036874169009521202 0.018888939290079718 0.0096095410440379826 0.0040383722414641414 -0.025151563901170411 -0.022847170463142982 -0.0045641881555689235 0.0026078096057229458 0.04876202931710915 0.005157707399769969 -0.053380279835342465 0
leaf_weight=8.8703098222613317 66.410411201417446 10.142142027616499 8.8283313326537627 7.7084145545959499 8.3932482153177244 9.092791751027109 15.588744685053824 3.694750256836417 12.572639957070352 7.6863635554909733 24.0472292304039 10.03638808429241 72.273991195484996 8.4736685529351252 7.8544229045510319 47.549017705023289 233.68593787029386 323.1810563467443 12.944079574197529 24.167361153289676 8.751304676756261 9.895111255347727
leaf_count=22 221 45 25 19 38 23 67 18 25 27 111 33 453 27 19 131 797 1123 80 116 24 30
internal_value=5.2133e-05 0.00767556 0.0121404 -0.00350073 0.0126803 0.0233462 0.0102299 -0.000545912 0.00151728 -0.00134816 0.0112963 -0.0115615 0.0168075 -0.00367424 0.0122928 -0.00575642 -0.00775368 0.000124511 0.032394 0.0136965 -0.0347164 -0.0119699
internal_weight=941.848 68.624 59.7537 24.93 16.1017 34.8237 24.6815 873.224 524.959 406.029 118.93 22.609 96.3212 348.264 39.1673 309.097 281.235 389.591 21.4177 27.8621 16.4377 17.7495
internal_count=3474 239 217 82 57 135 90 3235 2017 1395 622 58 564 1218 156 1062 928 1344 107 134 51 49
is_linear=0
shrinkage=0.04


Tree=119
num_leaves=12
num_cat=0
split_feature=1 1 12 15 12 0 12 12 0 21 13
split_gain=2.65763 4.34521 4.25099 5.70724 8.43752 5.23617 3.28855 4.75636 4.19632 3.61513 2.36316
threshold=0.99850000000000005 0.99350000000000016 1.1050000000000002 74.665000000000006 1.5750000000000004 2.1650000000000005 0.57500000000000007 0.70500000000000007 1.655 1.9697624122298987 0.013150000000000002
decision_type=2 2 2 2 2 2 2 2 2 2 2
left_child=1 6 -2 4 -4 -5 -1 8 -8 -9 -3
right_child=2 10 3 5 -6 -7 7 9 -10 -11 -12
leaf_value=-0.025359383662020871 -0.027300167279699538 0.0012997480733430372 0.0099523929005250686 -0.00063121732218924045 -0.041231187897676914 0.04417940754533977 0.041069190128755782 -0.02110888484891648 -0.00039465466763620964 0.00044104230321827606 0.04660442096168995
leaf_weight=6.9234265089035025 13.392406992614267 3.5946571417152873 9.2662350758910197 11.005490966141226 9.3450394179671985 5.3788937758654347 7.6231537014245969 11.635459527373312 6.4184404648840427 852.23360409494489 4.0364106371998787
leaf_count=15 33 16 36 36 22 37 29 26 20 3180 24
internal_value=5.2583e-05 0.000560254 -0.00897063 -0.00117034 -0.0161318 0.0153148 0.000275307 0.000515194 0.0228179 0.000117465 0.0288135
internal_weight=940.853 892.465 48.3881 34.9957 18.6113 16.3844 884.834 877.911 14.0416 863.869 7.63107
internal_count=3474 3310 164 131 58 73 3270 3255 49 3206 40
is_linear=0
shrinkage=0.04


Tree=120
num_leaves=17
num_cat=0
split_feature=13 9 9 13 7 18 3 3 7 7 11 3 18 13 13 5
split_gain=2.58867 6.28112 7.01546 3.28023 11.1415 7.31616 11.9566 5.93796 4.69579 16.8007 10.6059 8.30872 10.3362 7.64221 4.51755 2.73604
threshold=0.0057500000000000008 5.9350000000000014 5.0850000000000009 0.0072500000000000004 2.5950000000000002 1.4878500000000003 1.4650000000000001 1.9150000000000003 3.3050000000000002 4.1550000000000011 4.6450000000000005 1.5250000000000001 1.86507 0.008850000000000002 0.0095500000000000012 5.8650000000000011
decision_type=2 2 2 2 2 2 2 2 2 2 2 2 2 2 2 2
left_child=1 2 -1 4 -2 6 -6 -7 11 10 -10 14 -13 -11 -5 -3
right_child=3 15 -4 8 5 7 -8 -9 9 13 -12 12 -14 -15 -16 -17
leaf_value=0.019016015975898037 0.035198747359499419 0.003652364283460463 -0.038901169405880974 -0.013686509763436444 -0.031074127901770453 -0.05805066294417497 0.029750257675399704 -0.013825550524919026 0.026077889487025975 0.01938003990633972 -0.014378024275359842 -0.026519195089687898 0.023428726495124362 -0.0014800213469541407 0.015377743714372415 0.046146066398560961
leaf_weight=6.2952860929071921 6.2402598708868018 4.2886957190930826 5.1173833087086678 11.673072531819342 9.1340147852897662 8.7020566537976283 9.5584762915968877 12.731552616693078 61.095701899379492 28.277595196850598 11.503966763615606 42.574660636484623 6.8501593172550193 684.37984051927924 24.693091921508312 7.3396345637738705
leaf_count=30 29 18 13 34 26 19 44 53 240 160 31 113 26 2499 89 50
internal_value=5.1502e-05 0.0130157 -0.00735104 -0.000279204 -0.0105348 -0.0185246 0 -0.0339249 0.00026899 0.00125222 0.0194504 -0.00854921 -0.0191105 -0.000615107 0.00571778 0.0326375
internal_weight=940.455 23.041 11.4127 917.414 46.3664 40.1261 18.6925 21.4336 871.048 785.257 72.5997 85.791 49.4248 712.657 36.3662 11.6283
internal_count=3474 111 43 3363 171 142 70 72 3192 2930 271 262 139 2659 123 68
is_linear=0
shrinkage=0.04


Tree=121
num_leaves=11
num_cat=0
split_feature=14 8 4 3 1 18 21 0 19 8
split_gain=2.61161 10.0526 3.84352 2.85695 8.69498 14.4419 8.5777 7.82195 7.17257 4.2314
threshold=2.9350000000000005 2.9350000000000005 2.5050000000000003 1.7450000000000003 0.79550000000000021 1.0299100000000003 5.8701324735242952 6.285000000000001 16.015000000000004 25.840000000000003
decision_type=2 2 2 2 2 2 2 2 2 2
left_child=1 -1 -2 4 6 -6 -4 8 -5 -9
right_child=2 -3 3 7 5 -7 -8 9 -10 -11
leaf_value=-0.0088185287448784566 -0.028360824400158417 0.046177251543306978 -0.0022353566564534445 -0.0030474834906049813 0.059781691257432198 0.003203568249073837 -0.029065043911404412 0.040349834419923659 -0.03032097476025453 0.0031315358274270982
leaf_weight=11.933694057166578 6.7216573357582083 8.0032980944961292 86.496439598500729 305.46290522627532 6.361140400171279 455.68877034261823 23.833575651049614 8.6045107617974299 15.381727829575537 11.381221134215592
leaf_count=37 15 65 254 1222 28 1563 53 137 36 64
internal_value=5.1103e-05 0.0140274 -0.000258011 -1.16139e-05 0.00170519 0.00412719 -0.008312 -0.00291471 -0.00447002 0.0206956
internal_weight=939.869 19.937 919.932 913.21 572.38 462.05 110.33 340.83 320.845 19.9857
internal_count=3474 102 3372 3357 1898 1591 307 1459 1258 201
is_linear=0
shrinkage=0.04


Tree=122
num_leaves=15
num_cat=0
split_feature=7 17 18 17 8 14 8 20 0 17 7 7 18 20
split_gain=2.60397 2.90083 12.2758 8.82331 12.7463 7.5838 22.7231 6.86214 5.76046 5.41812 4.76826 3.53307 2.38422 2.15786
threshold=1.8950000000000002 0.8733200000000001 1.8907500000000002 0.69872500000000004 5.4850000000000012 25.670000000000005 22.395000000000003 5.7796050121252547 1.675 0.66398500000000005 4.4650000000000007 26.545000000000005 2.9744650000000008 3.0576567964607482
decision_type=2 2 2 2 2 2 2 2 2 2 2 2 2 2
left_child=13 3 5 7 -5 6 -3 9 -9 -2 -6 12 -4 -1
right_child=1 2 11 4 10 -7 -8 8 -10 -11 -12 -13 -14 -15
leaf_value=0.035051904679455584 -0.00097773956811141667 -0.0038438035106494219 0.046320765607352724 0.032322764832977934 -0.044194049758987532 -0.033289674600082031 0.064507423715798026 0.00095128193993930304 0.039556988383804885 0.022190138866181014 -0.014541143089101616 -0.00031415068962330732 0.0093867479998800615 0
leaf_weight=5.1812311783432943 700.43066908791661 75.244738180190325 14.073728203773504 7.3928482905030242 10.398730248212813 9.295302100479601 7.6560273170471183 12.864251703023912 11.850609183311461 15.518166774883865 55.280890878289938 4.2006573900580397 4.891566287726163 4.8857042863965034
leaf_count=25 2569 237 99 36 20 20 35 37 54 63 189 24 48 18
internal_value=5.10066e-05 -0.000170029 0.00572761 -0.00102195 -0.014187 -0.000830711 0.00306682 0.000283476 0.020592 -0.000434168 -0.0199483 0.0311138 0.0381427 0.0193458
internal_weight=939.165 929.098 115.362 813.736 73.0725 92.1961 82.9008 740.664 24.7149 715.949 65.6796 23.166 18.9653 10.0669
internal_count=3474 3431 463 2968 245 292 272 2723 91 2632 209 171 147 43
is_linear=0
shrinkage=0.04


Tree=123
num_leaves=18
num_cat=0
split_feature=19 15 20 20 0 20 6 7 20 14 4 19 19 9 3 18 7
split_gain=2.56421 5.03361 6.51119 10.8708 9.16623 4.83643 3.3474 7.49574 8.27022 7.7187 7.24556 6.3862 9.11077 5.91722 5.8304 3.42323 2.38446
threshold=0.073749999999999996 67.095000000000013 4.5300822529752081 3.8405934315551153 1.3750000000000002 5.522741146055596 1.0255000000000003 17.580000000000002 5.4580310312361258 4.6450000000000005 4.7750000000000012 0.29375000000000001 0.6575000000000002 10.035000000000002 1.905 1.6900100000000002 23.585000000000004
decision_type=2 2 2 2 2 2 2 2 2 2 2 2 2 2 2 2 2
left_child=1 -1 3 4 -3 -4 11 9 16 14 -11 -2 -13 -14 -8 -10 -9
right_child=6 2 5 -5 -6 -7 7 8 15 10 -12 12 13 -15 -16 -17 -18
leaf_value=-0.018996268674358649 -0.038226346095693517 0.045201364554856092 -0.030150881919061772 0.060366398097299517 -0.001011744556515774 0.013131360011104052 0.02940662060829221 0.042028616374314216 -0.022429816125434984 -0.01968189222732988 -0.0039810560525372855 0.051987742710891814 -0.00091817947425341202 0.0096518916245269797 -0.0051620098678575189 0.012339747026938491 0.01301992971388638
leaf_weight=8.7928256429731828 5.2671430855989447 7.829613395035266 7.9954856932163221 7.5219239071011534 29.319454669952393 6.5334241092205048 16.597147036343816 10.935996837913992 9.5037879347801226 56.053886011242867 287.41232129000127 4.8588374257087699 337.29804421216249 111.66797210089862 12.962287059985099 6.80519850924611 11.116556806489823
leaf_count=22 10 34 20 37 104 22 77 58 22 149 1000 22 1256 492 68 25 56
internal_value=5.62208e-05 0.00748699 0.0118036 0.0193312 0.00944807 -0.0105801 -0.000522939 -0.00314653 0.0134173 -0.00490264 -0.00661636 0.00181237 0.00237768 0.00170866 0.0143131 -0.00758472 0.0289517
internal_weight=938.472 67.9927 59.1999 44.671 37.1491 14.5289 870.479 411.387 38.3615 373.026 343.466 459.092 453.825 448.966 29.5594 16.309 22.0526
internal_count=3474 239 217 175 138 42 3235 1455 161 1294 1149 1780 1770 1748 145 47 114
is_linear=0
shrinkage=0.04


Tree=124
num_leaves=12
num_cat=0
split_feature=1 1 10 4 11 4 5 20 7 11 10
split_gain=2.51514 4.02884 3.93355 7.60551 5.34133 3.08371 4.89993 3.71202 2.67081 2.1215 1.67775
threshold=0.99850000000000005 0.99350000000000016 2.3050000000000002 5.035000000000001 4.7350000000000012 32.930000000000007 38.035000000000004 4.7795223327126752 4.9350000000000014 1.9150000000000003 4.6050000000000013
decision_type=2 2 2 2 2 2 2 2 2 2 2
left_child=1 5 3 9 -4 6 7 -1 -3 -2 -6
right_child=2 8 4 -5 10 -7 -8 -9 -10 -11 -12
leaf_value=0.0012583004257134742 0.0053133239631609677 0 -0.032573049981954344 0.036104532954175005 0.016831785009374808 -0.025143879082432465 0.031001345106205176 -0.0063218558663622453 0.04525099602490873 -0.023562821899756805 -0.012335546432994915
leaf_weight=749.45779296569526 5.7220228761434582 3.1609357893466941 16.160985276103023 6.7790513839572659 5.6458971798419935 6.5554979033768168 7.3550833053886882 118.79886113479733 4.3346164766699076 8.962511792778967 4.8447391465306282
leaf_count=2854 21 12 38 39 25 23 33 360 28 26 15
internal_value=5.9965e-05 0.000554289 -0.00874253 0.0036428 -0.0187772 0.000280801 0.000508742 0.000205866 0.0279782 -0.0121794 0.00276436
internal_weight=937.778 889.663 48.1152 21.4636 26.6516 882.167 875.612 868.257 7.49555 14.6845 10.4906
internal_count=3474 3310 164 86 78 3270 3247 3214 40 47 40
is_linear=0
shrinkage=0.04


Tree=125
num_leaves=13
num_cat=0
split_feature=15 1 15 11 10 15 1 3 10 17 15 1
split_gain=2.50445 5.68263 3.08011 3.72637 4.31553 3.60567 6.11632 6.01578 4.48406 6.22617 4.37182 1.31805
threshold=95.260000000000005 0.78250000000000008 91.815000000000012 3.1650000000000005 1.6050000000000002 84.675000000000026 0.76050000000000006 1.0650000000000002 1.1250000000000002 0.1107550000000001 82.895000000000024 0.89650000000000019
decision_type=2 2 2 2 2 2 2 2 2 2 2 2
left_child=2 -2 5 4 -4 8 -7 -8 9 -1 -10 -5
right_child=1 -3 3 11 -6 6 7 -9 10 -11 -12 -13
leaf_value=-0.0051422445978357989 -0.014279578048637744 0.042261570807350525 -0.015078945125065244 -0.010512029750413836 0.029347775713650756 -0.017617262343681602 -0.018591522161552958 0.013877478727967046 -0.00027920594666141065 0.048169676010837915 -0.012301865700024764 -0.037947371909857947
leaf_weight=6.1348813883960229 3.9602741897106153 5.757453877478838 7.6672219038009661 7.4029759839177114 4.817079097032547 12.996378937736152 9.1144720762968046 87.356580633670092 727.83919206727296 6.0668027922511101 50.981720142066479 7.3075557816773653
leaf_count=22 11 44 25 23 22 39 22 386 2645 33 181 21
internal_value=5.91289e-05 0.0192905 -0.000154265 -0.0131782 0.00237504 0.000244366 0.00702058 0.0105685 -0.000690955 0.0223999 -0.00109124 -0.0261979
internal_weight=937.403 9.71773 927.685 27.1948 12.4843 900.49 109.467 96.4711 791.023 12.2017 778.821 14.7105
internal_count=3474 55 3419 91 47 3328 447 408 2881 55 2826 44
is_linear=0
shrinkage=0.04


Tree=126
num_leaves=14
num_cat=0
split_feature=3 3 3 14 0 3 17 9 4 20 1 9 7
split_gain=2.46001 6.44404 4.82338 6.76099 9.33536 6.37798 4.18438 3.87551 3.71407 3.15707 4.06442 1.76559 0.187135
threshold=5.0900000000000007 3.3750000000000004 2.9650000000000003 9.2850000000000019 2.0950000000000002 2.8450000000000002 0.53035000000000021 48.380000000000003 10.695000000000002 2.1784353728642283 0.96650000000000003 32.645000000000003 7.1650000000000009
decision_type=2 2 2 2 2 2 2 2 2 2 2 2 2
left_child=1 2 5 4 -4 7 9 -1 -2 -3 -11 -10 -7
right_child=8 6 3 -5 -6 12 -8 -9 11 10 -12 -13 -14
leaf_value=-0.00041013324077221176 -0.047027859115877507 0.037993239478793746 -0.023501758053144563 -0.040800998666509276 0.038753657931656305 0.045464443935932658 0.043919757688275836 0.021067801811083618 0.027558241017303847 -0.026069982740940478 0.023273892793382881 -0.019885621440938975 0.015719177460889366
leaf_weight=867.56342540495098 3.3554602824151507 2.5333015415817526 8.8889948427677172 10.133404340595005 5.3093510773032895 3.5935716647654763 7.621173318475484 12.650692097842692 1.8519636262208226 5.4951353091746551 3.4662221055477858 1.153472516685724 3.2790047489106655
leaf_count=3034 12 28 24 27 61 21 88 52 40 33 21 10 23
internal_value=5.51888e-05 0.000245635 -0.000239673 -0.0174545 0.000269876 0.000242623 0.0226438 -6.88104e-05 -0.0229668 0.00551115 -0.00576043 0.00693357 0.0360881
internal_weight=936.895 930.534 911.418 24.3318 14.1983 887.087 19.1158 880.214 6.3609 11.4947 8.96136 3.00544 6.87258
internal_count=3474 3412 3242 112 85 3130 170 3086 62 82 54 50 44
is_linear=0
shrinkage=0.04


Tree=127
num_leaves=9
num_cat=0
split_feature=8 8 14 6 14 4 5 18
split_gain=2.40414 3.0693 9.97804 6.08299 6.07003 3.40878 5.56041 1.0062
threshold=2.1650000000000005 2.7450000000000006 2.9350000000000005 1.0225000000000002 3.2750000000000004 2.7850000000000006 4.5050000000000008 1.1979300000000002
decision_type=2 2 2 2 2 2 2 2
left_child=-1 3 7 4 -2 -4 -7 -3
right_child=1 2 5 -5 -6 6 -8 -9
leaf_value=0.021163045414391117 -0.019791991489464728 0.0075344926860430751 -0.020620086206658946 -0.037756283721506259 0.026621907923695981 0.018380968422446967 -0.00044727164812293245 0.045805614744893156
leaf_weight=7.5617437139153472 8.7856687158346229 2.4057401418685895 11.888930559158323 9.2251502573490125 7.3279207050800315 24.847549490630627 857.11378276348114 7.2961024809628725
leaf_count=28 24 11 29 19 30 100 3172 61
internal_value=5.7973e-05 -0.000127806 0.000255586 -0.0135935 0.00117026 -0.00019498 9.43337e-05 0.038654
internal_weight=936.453 928.891 903.552 25.3387 16.1136 893.85 881.961 9.70184
internal_count=3474 3446 3373 73 54 3301 3272 72
is_linear=0
shrinkage=0.04


Tree=128
num_leaves=21
num_cat=0
split_feature=15 15 17 13 9 20 6 6 10 5 10 15 9 19 4 3 19 1 1 10
split_gain=2.46276 12.8654 7.64124 8.03723 7.1226 6.73121 6.64747 5.19894 4.44536 10.0581 7.11556 5.64285 15.4791 6.88813 5.36374 8.46356 3.78075 3.57498 4.09361 2.84664
threshold=63.760000000000005 61.975000000000001 0.49930500000000028 0.017550000000000007 6.5650000000000004 3.1989399282787776 1.0255000000000003 1.0015000000000003 4.0250000000000012 15.975000000000003 3.9350000000000005 67.800000000000026 14.855000000000002 0.29375000000000001 9.8050000000000015 1.3650000000000004 3.7812500000000009 0.80750000000000022 0.93650000000000022 4.3850000000000007
decision_type=2 2 2 2 2 2 2 2 2 2 2 2 2 2 2 2 2 2 2 2
left_child=1 2 3 7 -5 17 16 -1 10 19 11 12 -2 -13 -11 -16 -4 -3 -19 -10
right_child=8 5 6 4 -6 -7 -8 -9 9 14 -12 13 -14 -15 15 -17 -18 18 -20 -21
leaf_value=-0.0086548508974998925 0.016295827433887397 -0.050487387900067272 0.0067075208510716799 -0.039976611358031565 0 0.005399935474792129 -0.0070067708507703689 0.029517416564144028 -0.010312955127122405 -0.028061183025840371 0.043936470478075453 0.013379098176115073 -0.030032039470042991 -0.0012266835410007482 0.025818208645769222 -0.0040240508108834736 0.050936295955718691 0 -0.033869146017782847 -0.038383753013498993
leaf_weight=8.6909086257219332 88.26025277748704 10.337693542242048 5.3538662344217327 11.893592581152918 16.319062598049641 9.8862071335315687 7.0910389944910994 12.773492589592932 11.92433972656727 8.4197871237993223 5.4346451908349982 56.016903523355722 12.21661866083741 547.8957796189934 19.701716728508472 55.525562398135662 10.249542936682699 9.7577600404620188 12.998348526656626 15.342047996819018
leaf_count=27 355 20 19 25 49 33 21 52 32 18 24 213 32 2143 69 199 47 32 32 32
internal_value=5.76882e-05 -0.00537981 0.00483754 -0.00386762 -0.0177555 -0.0224849 0.0235894 0.0140081 0.00083726 -0.00655746 0.00201158 0.00161494 0.0103437 0.000134752 0.000315299 0.00392274 0.0375603 -0.0309637 -0.0200058 -0.0271898
internal_weight=936.089 115.352 72.3715 49.6771 28.2127 42.98 22.6944 21.4644 820.738 110.913 709.824 704.39 100.477 603.913 83.6471 75.2273 15.6034 33.0938 22.7561 27.2664
internal_count=3474 357 240 153 74 117 87 79 3117 350 2767 2743 387 2356 286 268 66 84 64 64
is_linear=0
shrinkage=0.04


Tree=129
num_leaves=11
num_cat=0
split_feature=7 18 17 18 19 17 10 20 7 20
split_gain=2.38933 2.73969 3.68775 10.0987 10.432 7.6162 11.6957 6.45286 3.37724 1.91667
threshold=1.8950000000000002 0.906165 0.8733200000000001 1.8907500000000002 4.6812500000000012 0.69872500000000004 2.5950000000000002 5.7796050121252547 26.545000000000005 3.0576567964607482
decision_type=2 2 2 2 2 2 2 2 2 2
left_child=9 -2 5 4 -4 7 -7 -3 -5 -1
right_child=1 2 3 8 -6 6 -8 -9 -10 -11
leaf_value=0.033710217564511764 -0.019308700940805522 -0.00035569434919962585 0.018244678351235454 0.037133963988350949 -0.010033582847750796 0.0076786026275409858 -0.025769960442609135 0.020130546219934892 -0.00055710173087340558 0
leaf_weight=5.0443793907761556 10.804725490510462 711.11963479965925 32.460904706269503 18.476839404553179 54.405845751985908 25.568969026207924 43.919769460335374 24.46712526679039 4.175624966621398 4.8370170816779137
leaf_count=25 27 2625 119 147 161 117 120 91 24 18
internal_value=5.14812e-05 -0.000158893 7.94405e-05 0.00693937 0.000529942 -0.000851282 -0.0134145 0.000341264 0.0301182 0.0186924
internal_weight=935.281 925.399 914.595 109.519 86.8668 805.075 69.4887 735.587 22.6525 9.8814
internal_count=3474 3431 3404 451 280 2953 237 2716 171 43
is_linear=0
shrinkage=0.04


Tree=130
num_leaves=14
num_cat=0
split_feature=15 1 15 15 17 17 10 17 13 1 7 12 12
split_gain=2.35165 4.48721 3.46791 3.2303 5.63466 9.03451 4.08761 5.89804 4.5474 3.92724 3.00304 1.91018 0.239081
threshold=94.875000000000014 0.78250000000000008 91.815000000000012 84.675000000000026 0.1015550000000001 0.11497500000000012 1.1250000000000002 0.1107550000000001 0.012150000000000003 0.99250000000000005 5.4450000000000012 1.4350000000000003 1.8750000000000002
decision_type=2 2 2 2 2 2 2 2 2 2 2 2 2
left_child=2 -2 3 6 9 -6 7 -1 -8 -5 -4 -12 -3
right_child=1 12 10 4 5 -7 8 -9 -10 -11 11 -13 -14
leaf_value=-0.0050762626167800253 -0.013725759326468568 0.041121371452502629 0.0024898049194160905 0.044447345894726688 -0.0418868020502298 0.0061445715609882868 -0.0057665005500440823 0.04712143830660135 0.00093327174239791338 0.0033557031822843064 -0.0053444654846202489 -0.035756177139986405 0.011945357995570616
leaf_weight=6.1233792677521688 3.9359298199415189 4.8223937712609768 9.4662210345268267 8.8272809125483018 5.7256193421781054 87.402407839894295 228.14190403092653 5.8914242051541805 548.95032865181565 6.9974443763494483 6.4963797926902762 9.2521416842937452 2.6757838362827897
leaf_count=22 11 33 35 46 16 356 888 33 1938 29 19 26 22
internal_value=5.19339e-05 0.0173381 -0.000172015 0.000237575 0.00666754 0.00269293 -0.000647406 0.021558 -0.00102828 0.0280322 -0.0145179 -0.0247569 0.0342819
internal_weight=934.709 11.4341 923.275 898.06 108.953 93.128 789.107 12.0148 777.092 15.8247 25.2147 15.7485 7.49818
internal_count=3474 66 3408 3328 447 372 2881 55 2826 75 80 45 55
is_linear=0
shrinkage=0.04


Tree=131
num_leaves=15
num_cat=0
split_feature=3 3 18 18 2 17 2 17 12 15 11 0 17 1
split_gain=2.33644 5.99744 4.86108 5.73289 7.66789 6.19182 5.52439 3.94504 3.64842 3.46218 2.95531 6.07576 1.91657 1.77874
threshold=5.0900000000000007 3.3750000000000004 2.5869900000000006 1.9619600000000001 2.1150000000000007 0.80772500000000014 2.9850000000000008 0.53035000000000021 1.9450000000000001 72.15000000000002 6.0250000000000012 1.3150000000000002 0.032735000000000035 0.9275000000000001
decision_type=2 2 2 2 2 2 2 2 2 2 2 2 2 2
left_child=1 2 3 4 -1 -5 13 10 -8 -2 11 -3 -11 -4
right_child=9 7 6 5 -6 -7 8 -9 -10 12 -12 -13 -14 -15
leaf_value=0.00026133100100127221 -0.04518310059607962 -0.022137944743316408 -0.055522729973720354 0.0056702675875092909 -0.017302829331549145 0.037189095172467018 0.012996832953097859 0.043180996465330655 -0.016957550502532132 -0.024459895923557285 -0.019732886751373663 0.043101146357322859 0.026601752781817263 -0.018720848579595932
leaf_weight=752.13432486355305 3.4242281876504412 2.7161055803298968 4.1965149361640206 68.962858537212014 40.949058586731553 11.007732801139353 11.426242236047985 7.3370318477973333 12.491025118157266 0.85363437235355411 3.7119312789291143 5.0088524296879768 2.0423490302637219 8.2158786207437497
leaf_count=2574 9 6 13 305 142 68 46 88 56 3 20 56 50 38
internal_value=5.27567e-05 0.000238561 -0.000226368 0.000368678 -0.000656128 0.0105133 -0.0143673 0.0220362 -0.00237879 -0.0224458 0.00544682 0.0193378 0.00708219 -0.0349717
internal_weight=934.478 928.158 909.384 873.054 793.083 79.9706 36.3297 18.7739 23.9173 6.32021 11.4369 7.72496 2.89598 12.4124
internal_count=3474 3412 3242 3089 2716 373 153 170 102 62 82 62 53 51
is_linear=0
shrinkage=0.04


Tree=132
num_leaves=21
num_cat=0
split_feature=17 20 12 0 11 17 3 2 12 19 6 19 10 4 7 4 17 18 7 11
split_gain=2.30372 7.10325 4.82245 4.83311 7.55987 3.92927 11.1951 9.71372 11.3734 10.0105 7.54697 8.49495 4.4242 7.65022 8.54101 7.60937 5.53932 8.42218 4.10632 1.90009
threshold=0.014760000000000014 4.6273891273834309 1.0650000000000002 1.3950000000000002 3.1250000000000004 0.1880950000000001 2.3250000000000006 1.6850000000000003 1.8050000000000004 6.1587500000000013 1.0225000000000002 2.7075000000000005 3.4150000000000005 4.6150000000000011 3.9350000000000005 4.7250000000000005 0.99715500000000001 1.1931300000000002 14.705000000000002 2.7950000000000004
decision_type=2 2 2 2 2 2 2 2 2 2 2 2 2 2 2 2 2 2 2 2
left_child=1 2 -1 -4 -5 6 7 8 -2 -9 11 -8 13 14 -7 -15 18 -18 -14 -12
right_child=5 -3 3 4 -6 12 10 9 -10 -11 19 -13 16 15 -16 -17 17 -19 -20 -21
leaf_value=-0.034232287024540946 0.010308996194619963 0.031103242397407506 -0.02625401482886499 0.034980410469739327 -0.0096176892055494789 0.0012449226856392004 0.050851755830231542 0.04125251598419373 -0.015485974081857552 -0.00086412260500207561 -0.054933782276998355 -0.015337742364663339 -0.0047043482063326217 0.044259808885462867 -0.018482021917824859 0.0033185262113952806 -0.016066393179075811 0.016443092533672949 -0.019691098563016061 -0.018455619031258204
leaf_weight=11.830510228872297 111.79331393912435 5.6015650555491439 11.164790108799933 7.7368249595165279 18.750197146087885 85.463404845446348 3.2392060570418861 24.671977544203401 34.975756291300058 13.301341479644178 6.177259920164941 10.46860335767269 74.456629671156406 6.4744308888912192 57.679467407986522 340.42075758147985 19.124995768070221 33.437163859605789 50.329141013324261 6.9686489496380091
leaf_count=25 419 27 26 46 65 295 17 129 129 52 12 53 214 29 174 1388 51 144 144 35
internal_value=4.83879e-05 -0.00780252 -0.0128941 -0.00527034 0.00391699 0.000557786 0.00529958 0.00885281 0.0040446 0.0266509 -0.0182982 0.00215318 -0.00093932 0.00100798 -0.00672163 0.00423067 -0.00634033 0.00438588 -0.010921 -0.0388339
internal_weight=934.066 55.0839 49.4823 37.6518 26.487 878.982 211.596 184.742 146.769 37.9733 26.8537 13.7078 667.386 490.038 143.143 346.895 177.348 52.5622 124.786 13.1459
internal_count=3474 189 162 137 111 3285 846 729 548 181 117 70 2439 1886 469 1417 553 195 358 47
is_linear=0
shrinkage=0.04


Tree=133
num_leaves=17
num_cat=0
split_feature=15 15 12 19 20 20 16 16 11 21 5 10 19 5 1 11
split_gain=2.32301 11.8126 7.06714 7.81124 6.33199 6.22083 4.12504 3.54255 9.75553 7.82758 6.37301 8.48299 6.96134 6.27163 3.27033 4.35728
threshold=63.760000000000005 61.975000000000001 0.97500000000000009 1.7400000000000002 3.1989399282787776 2.9553605298127636 1.0150000000000003 1.7450000000000003 2.3550000000000004 6.587287748112467 8.1050000000000022 2.3850000000000002 0.77875000000000016 5.7650000000000006 0.80750000000000022 4.3750000000000009
decision_type=2 2 2 2 2 2 2 2 2 2 2 2 2 2 2 2
left_child=1 2 -1 -4 14 -5 -2 10 9 -9 11 -8 -12 -10 -3 -16
right_child=6 4 3 5 -6 -7 7 8 13 -11 12 -13 -14 -15 15 -17
leaf_value=-0.020147854008488723 0.029855649087616558 -0.048593045935370179 -0.020641958550459666 0.027021613420446379 0.0054127228923776336 -0.002669330364783392 0.00011779114650025733 0.032220855085645955 0.029093754984690686 -0.02383893984558846 0.0074683863306511302 0.032030007828154246 -0.012228911521481183 0.00037993349446359593 -0.0010589634032724142 -0.036185337563860435
leaf_weight=13.701967701315878 6.7561722993850699 10.322026759386061 9.46044212579727 32.88432801514864 9.8617268800735456 15.985609039664267 191.48170068860054 26.562422355636958 11.584681663662193 3.7458210922777644 35.201909698545933 13.368277683854101 133.91258698701859 395.43794757220894 11.641432531177999 11.088882453739641
leaf_count=33 24 20 23 133 33 51 625 173 79 15 107 47 339 1708 39 25
internal_value=4.56315e-05 -0.00524445 0.00457512 0.0107592 -0.0216379 0.0172904 0.000804217 0.000515982 0.00296512 0.0244967 -0.00232709 0.00238469 -0.00806201 0.00128609 -0.0298658 -0.0193351
internal_weight=932.998 114.946 72.0323 58.3304 42.9141 48.8699 818.052 811.295 437.331 30.3082 373.964 204.85 169.114 407.023 33.0523 22.7303
internal_count=3474 357 240 207 117 184 3117 3093 1975 188 1118 672 446 1787 84 64
is_linear=0
shrinkage=0.04


Tree=134
num_leaves=24
num_cat=0
split_feature=3 8 2 10 19 15 10 17 0 13 19 13 0 7 21 21 7 6 10 14 10 11 13
split_gain=2.37321 7.98999 9.21842 13.7362 11.0875 15.823 13.9342 10.6367 10.6302 8.76328 7.90295 9.1501 7.52047 6.99999 6.53583 8.09689 5.89297 4.72282 14.5059 5.8616 4.29734 4.40563 1.94325
threshold=1.6850000000000003 11.595000000000001 1.3650000000000004 2.4350000000000005 2.2087500000000002 78.095000000000013 1.9750000000000003 0.2937200000000002 1.385 0.043000000000000003 2.4825000000000004 0.021950000000000001 6.285000000000001 11.925000000000002 2.1625533814486837 2.4386746870587372 13.595000000000001 1.0665000000000002 5.8950000000000005 23.110000000000003 4.2350000000000012 8.6400000000000023 0.037750000000000006
decision_type=2 2 2 2 2 2 2 2 2 2 2 2 2 2 2 2 2 2 2 2 2 2 2
left_child=1 2 3 7 5 -4 -6 -1 -5 10 11 -3 14 -12 -2 -16 -17 18 -11 -19 -14 -22 -23
right_child=12 9 4 8 6 -7 -8 -9 -10 17 13 -13 20 -15 15 16 -18 19 -20 -21 21 22 -24
leaf_value=0.0014377606513425126 -0.034600592824219442 0.041605251237898024 0.017108332890665986 0.059372028855583764 0.038225658860973573 -0.019609671717631033 0.0083989531495403721 -0.021997594565433536 0.0079485481784353079 0.050527270393057988 -0.021789207531711756 -0.0049396281169594002 0.040920886519986148 -0.002213673071871996 0.032015351768374715 -0.0016168906591698948 -0.016585032901207011 -0.026685360669452863 -0.020682587201621468 0.018453212018567335 -0.023316123723815894 0 0.039305208339263958
leaf_weight=75.918092660605907 9.6308554261922819 8.559579826891424 38.125446282327175 7.225846752524375 39.736204218119383 35.088295973837376 69.623302571475506 50.566810615360737 34.08825422078371 12.156548574566843 69.808982226997614 21.720335319638252 8.5349974455311912 51.865051314234734 9.4202814400196058 307.6608710354194 48.163194866850972 7.5867002606391933 6.1388939619064322 8.8469103723764402 4.59538411721587 3.074990663677454 3.6940645650029182
leaf_count=277 19 38 141 29 199 108 235 143 112 49 181 61 142 156 39 1277 142 18 15 30 16 18 29
internal_value=4.42564e-05 0.00178204 0.00534917 -0.0013772 0.0115486 -0.000408394 0.0195573 -0.00796766 0.0183222 -0.00486308 -0.00903801 0.00887147 -0.00229815 -0.0135962 -0.00360936 -0.00267809 -0.00370615 0.0129217 0.0263852 -0.00226184 0.021011 0.00331094 0.0230917
internal_weight=931.83 537.055 350.372 167.799 182.573 73.2137 109.36 126.485 41.3141 186.683 151.954 30.2799 394.775 121.674 374.875 365.244 355.824 34.7291 18.2954 16.4336 19.8994 11.3644 6.76906
internal_count=3474 1792 1244 561 683 249 434 420 141 548 436 99 1682 337 1477 1458 1419 112 64 48 205 63 47
is_linear=0
shrinkage=0.04


Tree=135
num_leaves=17
num_cat=0
split_feature=0 8 0 17 7 19 12 7 11 6 6 7 15 2 3 17
split_gain=2.26282 6.98071 5.90837 6.81103 5.74389 5.81734 17.7459 6.69485 4.00672 5.91054 8.42361 4.37376 6.09307 2.27106 2.08293 1.7385
threshold=2.7150000000000003 5.6850000000000014 2.6250000000000004 0.32268999999999998 4.9350000000000014 3.9562500000000003 1.0750000000000004 8.0250000000000004 5.6950000000000012 1.1035000000000001 1.0865000000000002 7.0750000000000011 72.235000000000014 1.5850000000000002 2.0150000000000001 0.58317000000000008
decision_type=2 2 2 2 2 2 2 2 2 2 2 2 2 2 2 2
left_child=2 -2 8 -4 13 6 -6 -7 9 10 -1 14 -13 -3 -10 -5
right_child=1 4 3 15 5 7 -8 -9 11 -11 -12 12 -14 -15 -16 -17
leaf_value=0.00085257809981438592 0.041564978439489857 -0.046609213486589522 0.013408828435983049 -0.048082732428702979 -0.036311320934981572 -0.023151948630420544 0.025006400558174012 0.0026314808299937966 -0.03710049920277423 0.031340952382272629 -0.026788995912561928 0.012116117864206801 -0.020036969893502152 -0.0056323333882244602 -0.0093121410954665907 -0.016558754410439275
leaf_weight=593.77347026020288 6.4745863722637287 4.0260970965027791 5.7510747183114317 7.7130153104662886 8.0425996854901296 17.07263623084873 44.647713666781783 147.31643305253237 10.341048970818521 8.8032152056694013 17.178328633308411 20.545070543885231 15.690496534109114 5.2685483396053314 9.9595197886228544 8.0607499703764898
leaf_count=1979 60 12 31 17 19 89 270 723 20 32 40 65 37 29 28 23
internal_value=5.02556e-05 0.00346431 -0.00108083 -0.0212413 0.00216138 0.00356297 0.0149959 -0.000121682 -0.000396943 0.000527348 1.97919e-05 -0.0105012 -0.00175597 -0.0269625 -0.0249202 -0.0343978
internal_weight=930.665 232.849 697.816 21.5248 226.374 217.079 52.6903 164.389 676.291 619.755 610.952 56.5361 36.2356 9.29465 20.3006 15.7738
internal_count=3474 1202 2272 71 1142 1101 289 812 2201 2051 2019 150 102 41 48 40
is_linear=0
shrinkage=0.04


Tree=136
num_leaves=11
num_cat=0
split_feature=7 4 1 14 3 5 6 0 6 20
split_gain=2.27556 2.5536 7.75198 6.68785 7.50127 4.6689 3.5143 6.76501 5.45024 1.76587
threshold=1.8950000000000002 3.3650000000000007 0.98850000000000005 4.9150000000000009 1.7550000000000001 4.0850000000000009 1.0025000000000002 1.2850000000000004 1.0185000000000002 3.0576567964607482
decision_type=2 2 2 2 2 2 2 2 2 2
left_child=9 2 3 4 -2 -3 7 -7 -8 -1
right_child=1 5 -4 -5 -6 6 8 -9 -10 -11
leaf_value=0.032888558592232671 0.015049608338614686 0.032528540369292425 -0.039198096721455612 -0.034284250426675524 -0.015712401870367172 0.015524243473016501 0.0069986049438904973 -0.010376065484441642 -0.00085369841542903694 0
leaf_weight=4.9567151516675931 32.842151895165443 6.1924513950943938 9.522917337715624 7.7163085788488379 19.16703774780035 18.092982932925224 190.37044018786401 99.492151921615005 536.74056529905647 4.7980120256543159
leaf_count=25 120 30 20 15 58 62 819 364 1943 18
internal_value=4.11295e-05 -0.000163888 -0.00750013 -0.00175204 0.00347937 0.000431874 0.000148929 -0.00622598 0.00119797 0.0183408
internal_weight=929.892 920.137 69.2484 59.7255 52.0092 850.889 844.696 117.585 727.111 9.75473
internal_count=3474 3431 213 193 178 3218 3188 426 2762 43
is_linear=0
shrinkage=0.04


Tree=137
num_leaves=9
num_cat=0
split_feature=12 12 9 2 6 7 16 21
split_gain=2.2533 6.9007 3.47841 7.64206 5.01472 4.81582 4.09168 2.10893
threshold=0.60500000000000009 0.70500000000000007 48.380000000000003 2.0750000000000006 1.1165000000000003 13.295000000000002 2.7150000000000003 4.5050494068596487
decision_type=2 2 2 2 2 2 2 2
left_child=-1 7 4 -4 6 -6 -3 -2
right_child=1 2 3 -5 5 -7 -8 -9
leaf_value=-0.017795557730848306 0.045245924218310959 -0.0014759548265834783 0.044938046089329407 -0.011849824619926105 0.0017557588636594804 -0.034577347773091634 0.0049681775198070471 0.0067470710073268183
leaf_weight=10.185197766870258 5.9372148811817151 668.15025567635894 7.2380672767758352 6.0866311080753803 9.5418178290128726 12.273778930306433 205.21373677253723 4.8217351883649826
leaf_count=25 25 2184 35 29 30 27 1104 15
internal_value=3.94955e-05 0.000264919 -0.000120247 0.0194229 -0.000441421 -0.0189547 3.30193e-05 0.0307137
internal_weight=929.448 919.263 908.504 13.3247 895.18 21.8156 873.364 10.759
internal_count=3474 3449 3409 64 3345 57 3288 40
is_linear=0
shrinkage=0.04


Tree=138
num_leaves=18
num_cat=0
split_feature=15 15 12 19 14 20 0 10 21 5 0 11 9 13 10 4 4
split_gain=2.23515 10.8665 6.65508 7.19189 7.21688 5.95717 3.80779 3.32968 9.63857 8.40096 7.20266 7.19017 5.15671 3.24751 3.0761 3.06113 1.67825
threshold=63.760000000000005 61.975000000000001 0.97500000000000009 1.7400000000000002 6.5550000000000006 3.1989399282787776 1.0150000000000003 4.0250000000000012 2.4973149835562052 15.975000000000003 1.1950000000000001 3.3750000000000004 26.645000000000003 0.016550000000000006 4.3850000000000007 7.5550000000000006 4.3450000000000006
decision_type=2 2 2 2 2 2 2 2 2 2 2 2 2 2 2 2 2
left_child=1 2 -1 -4 -5 13 -2 8 11 14 -10 -8 -11 16 -9 -15 -3
right_child=6 5 3 4 -6 -7 7 9 10 12 -12 -13 -14 15 -16 -17 -18
leaf_value=-0.019760441574778201 0.028767771185741961 -0.021430777914909421 -0.019847480582470333 0.037730870599750027 0.0050698671243670623 0.0053480354958875178 0.055229682590513918 -0.0075316266422723781 -0.0092530906767568106 0.01310482488693457 0.0024390705176703959 0.0037935207708539244 -0.007282437524490387 0.00221266558171291 -0.036781814588252179 -0.03107424720696926 -0.053329146281904286
leaf_weight=13.63184045255184 6.7178016155958167 8.070248410105707 9.4305705130100232 16.104591876268387 32.478273496031761 9.8189288377761823 8.1924473792314547 11.24605266749859 97.367210283875465 30.797988692298532 584.36474002804607 9.240642882883547 51.74199190735817 8.4217259585857374 14.93283101916313 7.2179939821362487 9.1912868171930295
leaf_count=33 24 21 23 75 109 33 37 31 263 110 2416 29 175 25 32 19 19
internal_value=3.9649e-05 -0.00516261 0.00428038 0.0103041 0.0166005 -0.0209179 0.000785259 0.000507409 0.00153119 -0.00595754 0.000746333 0.0300842 0.000294671 -0.0289192 -0.0252502 -0.0136133 -0.0408441
internal_weight=928.967 114.365 71.6453 58.0134 48.5829 42.7202 814.602 807.884 699.165 108.719 681.732 17.4331 82.54 32.9013 26.1789 15.6397 17.2615
internal_count=3474 357 240 207 184 117 3117 3093 2745 348 2679 66 285 84 63 44 40
is_linear=0
shrinkage=0.04


Tree=139
num_leaves=13
num_cat=0
split_feature=15 1 15 11 10 15 1 4 10 1 13 18
split_gain=2.21005 4.99484 2.70317 3.34593 3.90307 3.1484 5.45486 6.52707 3.84573 5.32853 4.41181 0.347185
threshold=95.260000000000005 0.78250000000000008 91.815000000000012 3.1650000000000005 1.6050000000000002 84.675000000000026 0.76050000000000006 4.8450000000000006 1.1250000000000002 0.94150000000000011 0.012150000000000003 1.5447600000000004
decision_type=2 2 2 2 2 2 2 2 2 2 2 2
left_child=2 -2 5 4 -4 8 -7 -8 9 -1 -10 -5
right_child=1 -3 3 11 -6 6 7 -9 10 -11 -12 -13
leaf_value=0.046105746050895284 -0.01289343538501503 0.040929174541442265 -0.014176434929020992 -0.011839464737329615 0.028255891266186803 -0.016708679124932718 -0.0089904769271223085 0.015595927630682275 -0.0057130473780956084 -0.0039354503522515977 0.00090675301669603057 -0.031113663694211539
leaf_weight=5.6280246004462224 3.8983600139617902 5.3816967643797398 7.6646033525466937 6.087374046444892 4.7312759533524513 12.932885476388035 21.290138930082321 73.875927239656448 226.74966861773282 6.1618322897702456 545.17569078691304 8.453941095620392
leaf_count=31 11 44 25 17 22 39 70 338 888 24 1938 27
internal_value=3.56929e-05 0.0184864 -0.000161871 -0.0124189 0.00232229 0.000212886 0.00658632 0.00997608 -0.000663289 0.021064 -0.00103231 -0.0248407
internal_weight=928.031 9.28006 918.751 26.9372 12.3959 891.814 108.099 95.1661 783.715 11.7899 771.925 14.5413
internal_count=3474 55 3419 91 47 3328 447 408 2881 55 2826 44
is_linear=0
shrinkage=0.04


Tree=140
num_leaves=8
num_cat=0
split_feature=7 21 8 8 14 6 11
split_gain=2.21836 2.43316 3.56257 4.15228 8.60566 6.93361 1.85729
threshold=1.8950000000000002 1.9697624122298987 2.1650000000000005 2.7450000000000006 2.9350000000000005 1.0125000000000002 2.1350000000000002
decision_type=2 2 2 2 2 2 2
left_child=6 -2 -3 5 -5 -4 -1
right_child=1 2 3 4 -6 -7 -8
leaf_value=0 -0.017625367455081958 0.027723008116001251 0.0098298963346827428 0.037235076630040907 -0.00011948626068317461 -0.03256545108753317 0.033379241909401385
leaf_weight=4.8813212737441045 11.602621167898176 6.394497223198413 9.1534295603632945 8.977716099470852 867.13936123624444 14.747427895665167 4.8305188938975334
leaf_count=20 27 25 35 69 3243 32 23
internal_value=3.44043e-05 -0.000167955 6.5872e-05 -0.0001523 0.000296187 -0.0162651 0.0181393
internal_weight=927.727 918.015 906.412 900.018 876.117 23.9009 9.71184
internal_count=3474 3431 3404 3379 3312 67 43
is_linear=0
shrinkage=0.04


Tree=141
num_leaves=15
num_cat=0
split_feature=3 3 18 20 15 18 2 17 2 17 15 20 1 17
split_gain=2.18695 5.4172 4.39382 5.55728 7.52392 5.40804 6.77461 5.87035 4.61847 3.74558 3.01281 2.91992 3.82394 1.84075
threshold=5.0900000000000007 3.3750000000000004 2.5869900000000006 3.0382248631094724 84.370000000000019 1.9619600000000001 2.1150000000000007 0.80772500000000014 2.9850000000000008 0.53035000000000021 72.15000000000002 2.1784353728642283 0.96650000000000003 0.032735000000000035
decision_type=2 2 2 2 2 2 2 2 2 2 2 2 2 2
left_child=1 2 5 8 -5 6 -1 -7 -4 11 -2 -3 -13 -12
right_child=10 9 3 4 -6 7 -8 -9 -10 -11 13 12 -14 -15
leaf_value=0.00021524151554710435 -0.042921084262158002 0.036834193812980039 -0.019517594568170118 -0.038829665271902604 0.0072626256707394501 0.0055297527096454628 -0.016314589607198029 0.036496353287956453 0.027096296548335758 0.042380627516573614 -0.02430935143000713 -0.02569479893278338 0.022489347829482666 0.026012901274792669
leaf_weight=746.84479921869934 3.4144690819084635 2.4285697303712395 4.7558368872851116 16.690344624221328 7.5383747071027747 68.363897448405623 40.851636800915003 10.78179590590298 7.1384081449359655 6.9892062004655591 0.85632658749818835 5.3848917186260206 3.413386506959796 1.9462113305926321
leaf_count=2574 9 28 25 47 35 305 142 68 46 88 3 33 21 50
internal_value=3.56805e-05 0.000215886 -0.000222338 -0.0137036 -0.0244523 0.000345377 -0.000651486 0.0102508 0.00776941 0.021236 -0.0218872 0.00502863 -0.00579738 0.00618361
internal_weight=927.398 921.181 902.965 36.123 24.2287 866.842 787.696 79.1457 11.8942 18.2161 6.21701 11.2268 8.79828 2.80254
internal_count=3474 3412 3242 153 82 3089 2716 373 71 170 62 82 54 53
is_linear=0
shrinkage=0.04


Tree=142
num_leaves=17
num_cat=0
split_feature=13 2 18 20 13 18 18 8 18 20 4 5 1 0 20 15
split_gain=2.1501 5.93784 7.17222 3.67564 3.10728 8.87515 7.63701 9.22984 4.36973 7.66859 3.95312 6.81394 7.07738 4.73709 1.03524 0.26871
threshold=0.0057500000000000008 1.5650000000000002 1.3587000000000002 3.0576567964607482 0.0072500000000000004 1.4878500000000003 1.3192800000000002 5.0650000000000004 1.7680000000000002 3.2587486452921879 2.6250000000000004 4.5050000000000008 0.8025000000000001 1.2250000000000003 2.1320159435917572 77.52500000000002
decision_type=2 2 2 2 2 2 2 2 2 2 2 2 2 2 2 2
left_child=1 2 3 -1 5 6 7 -2 -7 -10 -6 12 -12 -13 -3 -8
right_child=4 14 -4 -5 10 8 15 -9 9 -11 11 13 -14 -15 -16 -17
leaf_value=-0.0045512188591037769 -0.030789751702360642 0.0077948539184880799 -0.038356583002772969 0.042295491162097569 -0.024609627996977867 -0.045373050361835622 0.045630013402228303 0.030299267911863319 0.026396725439606073 -0.034062324314539386 -0.0095740818793857412 -0.0075392489530015008 0.035857859426907689 0.0011841296229817013 0.045756962903288713 0.016089568201081057
leaf_weight=5.0942473039031047 10.251939885318281 2.6360400533303601 5.0254554376006118 3.7942052260041237 9.0813992470502836 10.706058993935587 4.3210259601473799 5.0644749924540511 4.7465992951765639 6.9717406593263149 7.2376298978924778 114.76436960697174 15.91900961101055 712.02517472300678 5.7363703437149525 3.5672295913100243
leaf_count=19 29 20 13 21 22 29 22 23 32 18 23 305 74 2768 38 18
internal_value=3.70208e-05 0.0120457 -0.00376017 0.0168921 -0.000262954 -0.010324 0.0066759 -0.00948096 -0.0277909 -0.00879396 0.000273538 0.000577416 0.0215184 -2.4719e-05 0.0367652 0.0364845
internal_weight=926.943 22.2863 13.9139 8.88845 904.657 45.6291 23.2047 15.3164 22.4244 11.7183 859.028 849.946 23.1566 826.79 8.37241 7.88826
internal_count=3474 111 53 40 3363 171 92 52 79 50 3192 3170 97 3073 58 40
is_linear=0
shrinkage=0.04


Tree=143
num_leaves=16
num_cat=0
split_feature=7 17 2 12 3 17 17 8 10 21 20 0 17 21 11
split_gain=2.14232 2.36359 9.61689 10.2882 7.81022 11.1817 7.29664 11.4034 6.86807 6.50122 5.96336 5.17999 4.9777 4.73828 1.71156
threshold=1.8950000000000002 0.8733200000000001 1.6050000000000002 1.4850000000000001 1.7450000000000003 1.3944400000000001 0.69872500000000004 5.4850000000000012 3.7850000000000006 7.654287195006618 5.7796050121252547 1.675 0.67780000000000029 2.921402615409558 2.1350000000000002
decision_type=2 2 2 2 2 2 2 2 2 2 2 2 2 2 2
left_child=14 6 4 8 5 -3 10 -8 -4 -5 12 -12 -2 -9 -1
right_child=1 2 3 9 -6 -7 7 13 -10 -11 11 -13 -14 -15 -16
leaf_value=0 -0.00080755318471279261 0.017066892553145026 -0.028254147236132787 0.032386719827280891 -0.035126660352787824 -0.032492467129109887 0.031619874155157178 0.010503064577677926 0.011502155374785758 -0.012367136275703019 0.00079159715766970466 0.037881177928613695 0.028430183879588036 -0.022279281141921327 0.032579357261548599
leaf_weight=4.8635077700018865 699.38195851724595 22.132525101304058 10.716746591031553 37.16462813038379 12.146998785436152 9.6144246309995633 7.1575075797736636 7.0721378177404395 15.896207384765146 5.1945307953283182 12.715949341654779 11.370825931429861 8.4345393916591984 57.633025573566556 4.7886407300829887
leaf_count=20 2595 72 25 234 27 23 36 24 53 29 37 54 37 185 23
internal_value=3.86197e-05 -0.000159819 0.00522382 0.0145017 -0.00917493 0.00127986 -0.000931291 -0.013005 -0.004661 0.0265554 0.000259392 0.0194317 -0.000408244 -0.0184692 0.0178806
internal_weight=926.284 916.632 112.866 68.9721 43.8939 31.7469 803.766 71.8627 26.613 42.3592 731.903 24.0868 707.816 64.7052 9.65215
internal_count=3474 3431 463 341 122 95 2968 245 78 263 2723 91 2632 209 43
is_linear=0
shrinkage=0.04


Tree=144
num_leaves=23
num_cat=0
split_feature=15 15 17 12 8 6 21 3 10 21 11 0 4 7 6 7 6 21 12 9 7 12
split_gain=2.17449 9.91498 6.80115 6.81951 6.27577 6.06262 5.64103 3.98484 3.59437 10.9727 6.86972 5.85615 5.84118 7.28398 6.97167 5.88603 4.92478 3.45709 5.62529 1.91846 1.51249 1.44222
threshold=63.760000000000005 61.975000000000001 0.49930500000000028 1.0650000000000002 7.6550000000000011 1.0255000000000003 3.2409396487030655 1.5950000000000004 4.0250000000000012 2.4973149835562052 3.3750000000000004 6.8650000000000011 9.8050000000000015 13.880000000000001 1.0375000000000003 17.580000000000002 0.99850000000000005 2.6346382415427616 1.6050000000000002 24.195000000000004 5.2550000000000008 0.91500000000000015
decision_type=2 2 2 2 2 2 2 2 2 2 2 2 2 2 2 2 2 2 2 2 2 2
left_child=1 2 3 21 -5 7 17 -4 9 10 -2 16 19 14 -14 -15 -11 18 -3 -10 -19 -1
right_child=8 6 5 4 -6 -7 -8 -9 12 11 -12 -13 13 15 -16 -17 -18 20 -20 -21 -22 -23
leaf_value=-0.036141698051497528 0.054964802237425205 0.0083207263464796528 0.058627951721838434 0.019683160969420636 -0.015316846367660475 -0.0073733415820227202 0.0057971637689486211 0.014540333110442285 -0.011606423486484094 0.016006654714050116 0.005541360014601344 0.038336137463315344 -0.01016429486927674 -0.024275518858190379 0.030487439415106433 0.00038517472844442876 -0.00013588916789971278 -0.051076155874382113 -0.038058569556478093 -0.039831270947784242 -0.021097787958854433 -0.009733495422931969
leaf_weight=8.1234475225210208 8.909667983651163 8.7483292520046216 6.1721612513065365 20.303669057786465 12.192166075110434 6.9608207717537871 9.5521405637264234 8.9421277940273267 10.655656903982164 30.676449298858643 9.4349965006113035 5.6575837219133964 9.7807629331946391 23.723513757809997 17.012930098921061 39.710134668275714 648.14795035775751 9.7265773713588732 6.2580979019403449 8.1448967307805997 8.3751794993877393 8.4628292322158796
leaf_count=17 41 28 28 79 33 21 35 38 28 137 30 106 28 63 66 150 2453 19 13 15 22 24
internal_value=4.12995e-05 -0.00510239 0.00396039 -0.00424467 0.00624738 0.0219437 -0.0201468 0.0355617 0.000777649 0.00183647 0.0315595 0.00098332 -0.00592977 -0.00150072 0.0155283 -0.00894712 0.000604306 -0.027817 -0.0116903 -0.0256323 -0.0394554 -0.024442
internal_weight=925.672 113.818 71.1572 49.0821 32.4958 22.0751 42.6603 15.1143 811.855 702.827 18.3447 684.482 109.028 90.2273 26.7937 63.4336 678.824 33.1082 15.0064 18.8006 18.1018 16.5863
internal_count=3474 357 240 153 112 87 117 66 3117 2767 71 2696 350 307 94 213 2590 82 41 43 41 41
is_linear=0
shrinkage=0.04


Tree=145
num_leaves=21
num_cat=0
split_feature=3 12 17 14 0 2 17 0 12 5 15 20 14 3 2 10 17 18 12 18
split_gain=2.14934 9.812 7.25846 9.61217 7.11867 7.8565 9.10834 16.4879 7.11093 10.4688 7.74389 13.7413 11.2994 6.88094 6.35044 6.31381 6.24872 6.16541 3.58646 1.42764
threshold=1.6850000000000003 1.1150000000000004 0.35903500000000027 7.6050000000000013 6.7150000000000007 1.3650000000000004 0.47200000000000003 1.3950000000000002 1.385 5.1450000000000005 71.740000000000023 3.2728697174397774 4.0750000000000011 1.5950000000000004 1.3350000000000002 4.4650000000000007 0.36147000000000007 1.4345850000000002 1.0150000000000003 1.6091600000000001
decision_type=2 2 2 2 2 2 2 2 2 2 2 2 2 2 2 2 2 2 2 2
left_child=4 2 3 -2 5 13 7 -7 9 -3 11 -10 -12 14 -1 -8 -15 -11 -5 -4
right_child=1 8 19 18 -6 6 15 -9 10 17 12 -13 -14 16 -16 -17 -18 -19 -20 -21
leaf_value=-0.0014205415795620533 -0.032881002217858724 -0.028640002005716401 -0.047858623595066721 0.036349350805898066 -0.034495616510921479 -0.0029649752100060984 -0.0067703016830422047 0.021315993981009588 -0.001908666344497252 0.045781385735316364 0.03117044830368592 -0.031372908952598623 -0.00049575382582412971 0 -0.018553449034339167 0.019783214399117875 0.057505097186776662 0.011353560599821851 -0.0040979465725451787 -0.021071832561743879
leaf_weight=178.44322853535414 8.9609790444374102 7.0593545734882346 10.44567881524563 6.9013241380453092 7.5319949463009825 71.720712535083294 90.855279214680195 114.76504544168711 99.560044763609767 11.000372335314749 19.519214530475438 33.349218349903822 144.73517440166324 7.0893875211477262 42.409482564777136 15.90544558316469 4.5042834430932999 34.203153684735298 5.4047678411006927 10.443885978311299
leaf_count=577 26 19 19 29 23 207 262 507 416 51 149 93 705 24 119 52 21 131 16 28
internal_value=3.88235e-05 -0.00219942 -0.0201935 -0.00298941 0.00169853 0.00229681 0.00664949 0.0119691 8.20569e-08 0.0134851 -0.002382 -0.00954057 0.00338475 -0.00316507 -0.00481537 -0.00259319 0.025523 0.0207143 0.019011 -0.0364063
internal_weight=924.808 391.583 42.1566 21.2671 533.225 525.693 293.246 186.486 349.427 52.2629 297.164 132.909 164.254 232.446 220.853 106.761 11.5937 45.2035 12.3061 20.8896
internal_count=3474 1682 118 71 1792 1769 1028 714 1564 201 1363 509 854 741 696 314 45 182 45 47
is_linear=0
shrinkage=0.04


Tree=146
num_leaves=14
num_cat=0
split_feature=3 3 3 14 0 3 17 13 20 15 14 17 19
split_gain=2.14746 4.95695 4.45793 5.97545 8.57646 5.50076 3.57474 3.25728 2.76119 2.7196 2.30359 1.73918 0.298163
threshold=5.0900000000000007 3.3750000000000004 2.9650000000000003 9.2850000000000019 2.0950000000000002 2.8450000000000002 0.53035000000000021 0.051650000000000008 2.1784353728642283 72.15000000000002 5.4450000000000012 0.032735000000000035 4.6237500000000002
decision_type=2 2 2 2 2 2 2 2 2 2 2 2 2
left_child=1 2 5 4 -4 7 8 -1 -3 -2 -10 -11 -7
right_child=9 6 3 -5 -6 12 -8 -9 10 11 -12 -13 -14
leaf_value=-0.00050431658785435958 -0.04159075594953162 0.036069627190723381 -0.022619448678377205 -0.038924532711785434 0.038065677342653571 0.043463882972062287 0.041701574541404982 0.012679563398543344 -0.029151580981463115 -0.02383682084789622 0.0085953027084090562 0.025365404430529918 0.013007523043681338
leaf_weight=839.37634772062302 3.4154091849923125 2.3593761781230596 8.761816509068014 10.002410780638455 5.0233599534258238 3.5839796010404816 6.6962671224027863 30.090390596538782 3.1378639955073577 0.85783982276916537 5.6125167161226273 1.8533161506056783 3.0089786034077406
leaf_count=2983 9 28 24 27 61 23 88 103 17 3 37 50 21
internal_value=3.54392e-05 0.000213708 -0.000202039 -0.0169354 3.22194e-05 0.00026199 0.0205428 -2.48179e-05 0.00473856 -0.0218267 -0.00572169 0.00541355 0.0341612
internal_weight=923.78 917.653 899.847 23.7876 13.7852 876.06 17.806 869.467 11.1098 6.12657 8.75038 2.71116 6.59296
internal_count=3474 3412 3242 112 85 3130 170 3086 82 62 54 53 44
is_linear=0
shrinkage=0.04


Tree=147
num_leaves=15
num_cat=0
split_feature=18 2 6 9 3 5 13 16 18 3 3 1 1 12
split_gain=2.08988 3.06651 12.0317 9.5127 11.2527 7.11366 6.8596 2.90841 9.05563 11.7823 10.7194 8.59606 7.55363 6.55433
threshold=0.906165 1.2450000000000003 1.0345000000000002 7.4250000000000007 1.3150000000000002 10.815000000000003 0.026150000000000003 1.405 1.0486800000000003 1.3450000000000004 1.4750000000000003 0.75850000000000006 0.73050000000000004 0.76500000000000012
decision_type=2 2 2 2 2 2 2 2 2 2 2 2 2 2
left_child=-1 2 3 4 -2 -4 -7 11 9 -9 -10 12 -3 -13
right_child=1 7 5 -5 -6 6 -8 8 10 -11 -12 13 -14 -15
leaf_value=-0.016580884238761022 -0.024227439535822338 -0.0038217051241833835 -0.029980231787309682 0.05095923709910409 0.046261361711772343 0.03177921835646038 -0.022084612161910818 -0.039366914269961764 0.010534652316739003 0.0070948440088845965 -0.0012175023895005547 0.026033864290648131 0.040879016050809298 -0.0080252614127426462
leaf_weight=10.936807908117769 8.2861521542072314 11.153055213391783 12.618614010512831 13.207657866179941 4.9209501072764388 8.2872383892536146 5.3241575062274924 18.494648098945618 176.10861786827445 14.894703708589075 411.9936555782333 8.3914396017789823 11.143821969628332 207.62777208536863
leaf_count=28 27 30 31 62 27 34 14 41 640 48 1843 29 43 577
internal_value=3.75101e-05 0.000263393 0.00954666 0.0281944 0.00288106 -0.00928441 0.0100931 -0.000306145 0.00112497 -0.0188045 0.00230004 -0.0040608 0.0189717 -0.00655148
internal_weight=923.389 912.452 52.6448 26.4148 13.2071 26.23 13.6114 859.808 621.492 33.3894 588.102 238.316 22.2969 216.019
internal_count=3474 3446 195 116 54 79 48 3251 2572 89 2483 679 73 606
is_linear=0
shrinkage=0.04


Tree=148
num_leaves=20
num_cat=0
split_feature=10 14 14 11 19 3 20 18 14 20 20 19 14 17 4 20 20 15 17
split_gain=2.15063 6.80205 15.5897 8.63667 8.33267 7.5743 6.11945 4.05387 3.5996 10.3615 6.52303 9.77354 5.99783 5.76143 3.55209 3.52286 4.75729 4.13385 1.74537
threshold=1.925 8.6650000000000009 6.8850000000000007 3.5550000000000002 1.0500000000000003 1.1450000000000002 5.4135682504591838 1.1180200000000002 6.8350000000000009 2.9119634319679171 2.7265805246923573 1.8574999999999999 4.035000000000001 0.48415000000000014 3.4850000000000008 2.0679077998840074 2.1097078143182832 59.970000000000006 0.49930500000000028
decision_type=2 2 2 2 2 2 2 2 2 2 2 2 2 2 2 2 2 2 2
left_child=1 2 3 5 -4 -1 -3 -6 9 10 12 -12 -2 -11 -5 18 -17 -18 -10
right_child=8 6 4 14 7 -7 -8 -9 15 13 11 -13 -14 -15 -16 16 17 -19 -20
leaf_value=0.037161529089956076 0.033559219652011037 -0.036107712823594471 -0.010842287194178448 -0.0067466972074789926 0.0009102899573731996 -0.0023454787832485678 0.0092528640525632259 0.048321785776442625 0.0014346920694314823 -0.04333621679323816 -0.015110960614275051 0.053921216381758993 -0.0079294723287574448 0 0.03886357725939836 -0.041496586146262358 0.020274741896399374 -0.00047649409567929971 0.038682634133676265
leaf_weight=7.0470541119575492 4.9043414043262592 11.869998767971994 5.3218759447336224 2.7709051072597495 3.7874229773879078 213.29327361658216 6.6340791545808306 20.167184615507722 3.984058599919079 16.136192962527279 4.8685295879840833 6.6777074001729488 89.297112979926169 6.6747950315475455 11.878739777021108 3.4225913584232321 14.854747116565703 484.66671937983483 4.6373403109610081
leaf_count=34 36 28 18 10 14 823 27 117 15 39 14 40 348 25 130 6 54 1669 27
internal_value=3.87457e-05 0.00294631 0.00463739 0.00111654 0.0316632 -0.000883614 -0.0197943 0.0414831 -0.00123576 -0.0071937 -0.00172885 0.0252914 -0.00535563 -0.0310552 0.0298456 0.000256999 -0.000185514 0.000163896 0.0242395
internal_weight=922.895 282.771 264.266 234.99 29.2765 220.34 18.5041 23.9546 640.124 128.559 105.748 11.5462 94.2015 22.811 14.6496 511.565 502.944 499.521 8.6214
internal_count=3474 1201 1146 997 149 857 55 131 2273 502 438 54 384 64 140 1771 1729 1723 42
is_linear=0
shrinkage=0.04


Tree=149
num_leaves=18
num_cat=0
split_feature=19 21 21 20 13 14 20 14 13 14 6 21 14 6 10 13 20
split_gain=2.12862 4.55193 9.69002 8.04547 7.02542 6.06684 5.31988 2.82069 5.53587 4.81076 4.08494 9.07575 8.36394 3.08726 2.55913 1.74821 0.246424
threshold=0.073749999999999996 5.8701324735242952 4.9633929208487331 3.7291352500909012 0.016250000000000004 6.2150000000000007 4.7287510337870708 25.670000000000005 0.050400000000000007 21.755000000000003 1.0345000000000002 4.3507010214456949 5.0050000000000008 1.0375000000000003 5.3350000000000009 0.026350000000000002 3.1027659023912411
decision_type=2 2 2 2 2 2 2 2 2 2 2 2 2 2 2 2 2
left_child=1 2 4 -3 5 -1 -5 8 10 13 11 -2 -12 -10 -9 -6 -4
right_child=7 3 16 6 15 -7 -8 14 9 -11 12 -13 -14 -15 -16 -17 -18
leaf_value=0.048998597023109561 -0.0013663838802605982 -0.03368136936165677 0.023551578269852561 0.038566648809896568 0 -0.0039403916836811218 -0.0066531698671088721 0.0001951473578266124 -0.010471629104485316 0.046556265713629051 0.021127092359281736 0.011096297107199131 -0.0066795637213498387 0.024669623912018226 -0.027387955271202913 -0.023110009296117034 0.056875034375723471
leaf_weight=6.781781669706108 433.58685597591102 9.4560808837413806 3.8925365805625898 5.7676109150052062 10.414937801659109 5.5270969420671463 9.6347778514027578 8.8738651387393492 7.760520704090597 6.2959709763526908 17.526648221537471 117.91899104136974 246.91860262490809 6.2068506330251694 10.72972000390291 9.0013167560100538 5.8869821056723595
leaf_count=38 1528 27 18 27 31 18 30 27 22 28 94 638 845 27 26 22 28
internal_value=4.35833e-05 0.00689785 0.0149298 -0.00626201 0.00341213 0.0261162 0.0111111 -0.000486014 -0.000115979 0.0200216 -0.000649765 0.00129908 -0.00473383 0.0052149 -0.0151103 -0.0111634 0.0477688
internal_weight=922.181 66.3631 41.5047 24.8585 31.7251 12.3089 15.4024 855.818 836.214 20.2633 815.951 551.506 264.445 13.9674 19.6036 19.4163 9.77952
internal_count=3474 239 155 84 109 56 57 3235 3182 77 3105 2166 939 49 53 53 46
is_linear=0
shrinkage=0.04


Tree=150
num_leaves=9
num_cat=0
split_feature=12 12 0 12 12 5 11 21
split_gain=2.09953 4.29947 3.50428 3.11156 4.74509 4.34475 6.26471 3.2143
threshold=0.57500000000000007 0.70500000000000007 1.655 0.80500000000000016 0.83500000000000008 15.835000000000003 2.3750000000000004 1.9697624122298987
decision_type=2 2 2 2 2 2 2 2
left_child=-1 2 -2 5 -5 6 -3 -6
right_child=1 3 -4 4 7 -7 -8 -9
leaf_value=-0.020307972946688856 0.038531140212732164 -0.003032652334232981 0 0.029904071445935269 -0.020528293698869472 0.010049051800132706 -0.048896925562229104 0.00030528721024164284
leaf_weight=7.0266062915325156 7.4378703534603101 11.724509663879877 6.2833267562091351 7.5839876383543006 11.014879003167151 8.0607181787490827 7.7194427698850623 854.5432070074603
leaf_count=16 29 36 20 28 25 25 13 3282
internal_value=4.93541e-05 0.000236548 0.0216818 -0.000104979 0.00031029 -0.0131168 -0.0231336 7.54875e-06
internal_weight=921.395 914.368 13.7212 900.647 873.142 27.5047 19.444 865.558
internal_count=3474 3458 49 3409 3335 74 49 3307
is_linear=0
shrinkage=0.04


Tree=151
num_leaves=13
num_cat=0
split_feature=1 1 21 6 13 19 1 17 3 17 13 7
split_gain=2.08728 3.62088 3.60044 6.31343 4.31045 4.21171 2.96415 3.14921 9.63058 4.00194 2.59677 1.88796
threshold=0.99850000000000005 0.99350000000000016 2.88533865049564 1.0375000000000003 0.010150000000000001 1.6012500000000005 0.99150000000000016 0.1880950000000001 2.3250000000000006 0.21313499999999999 0.012950000000000001 10.080000000000002
decision_type=2 2 2 2 2 2 2 2 2 2 2 2
left_child=1 6 -2 4 -4 -5 7 8 -1 -9 -3 -6
right_child=2 10 3 5 11 -7 -8 9 -10 -11 -12 -13
leaf_value=0.0082713410240505044 -0.032460597280516465 0 -0.007974154681489402 0.0064572176584957132 0.040207707096184084 -0.030224793916263284 -0.022177731802672903 -0.0131373335883848 -0.01768142529116902 -3.1407064075495255e-05 0.044930789294560895 0.0043334842456140294
leaf_weight=174.49436339922249 7.1196768283843985 3.252872046083211 8.2378162089735287 6.6463544368743923 6.805099889636038 13.730923198163508 8.3211876023560745 38.750398349016905 25.200000250712037 620.03900842741132 4.0117237865924835 4.5161324478685856
leaf_count=695 17 15 33 24 35 36 29 130 107 2309 25 19
internal_value=4.60882e-05 0.000500381 -0.00806078 -0.00282877 0.0128442 -0.0181438 0.000239545 0.000491692 0.00488464 -0.000833174 0.0268603 0.0280596
internal_weight=921.126 874.07 47.056 39.9363 19.559 20.3773 866.805 858.484 199.694 658.789 7.2646 11.3212
internal_count=3474 3310 164 147 87 60 3270 3241 802 2439 40 54
is_linear=0
shrinkage=0.04


Tree=152
num_leaves=14
num_cat=0
split_feature=15 12 15 19 1 20 13 19 21 18 10 9 16
split_gain=2.0506 4.17858 3.83571 2.71268 7.60685 11.4765 5.94178 3.42324 9.15678 4.51431 2.40336 2.70493 1.0378
threshold=94.360000000000014 1.8150000000000002 91.815000000000012 -0.063749999999999959 0.94450000000000001 4.5300822529752081 0.012550000000000002 1.02125 4.2273804372630446 0.906165 2.1550000000000007 11.815000000000003 2.2950000000000004
decision_type=2 2 2 2 2 2 2 2 2 2 2 2 2
left_child=2 12 3 4 5 -1 -6 8 -5 -9 11 -4 -2
right_child=1 -3 10 7 6 -7 -8 9 -10 -11 -12 -13 -14
leaf_value=0.032008597905368051 0.045327736802351047 -0.0080309011300108285 -0.018593102936621132 -0.018658514504621207 -0.035771942120278843 -0.018585626807197341 0.0087193695417970216 -0.028492984361588126 0.0083164089664989477 0.0008503731928297066 -0.030877970302712582 0.015896015381905812 0.0088111568434105485
leaf_weight=27.088082920759916 4.2593783065676671 6.1577579267323017 7.4863784275949019 49.954358421266079 7.932340212166312 8.6770211085677129 9.2768699228763563 7.4748865440487853 32.048764884471893 742.58493694849312 9.2638959586620313 5.2501114942133427 3.2377501837909222
leaf_count=118 26 34 24 130 19 24 34 17 120 2866 23 22 17
internal_value=4.24643e-05 0.0148928 -0.000188443 0.000221494 0.00891697 0.0193446 -0.0121872 -0.000332551 -0.00804651 0.000509746 -0.0163199 -0.0036717 0.0333919
internal_weight=920.693 13.6549 907.038 885.037 52.9743 35.7651 17.2092 832.063 82.0031 750.06 22.0004 12.7365 7.49713
internal_count=3474 77 3397 3328 195 142 53 3133 250 2883 69 46 43
is_linear=0
shrinkage=0.04


Tree=153
num_leaves=10
num_cat=0
split_feature=8 10 13 7 8 13 7 13 14
split_gain=2.07003 2.61596 3.51188 5.41275 3.53188 2.95651 8.92391 4.87424 2.61809
threshold=2.1650000000000005 0.99500000000000011 0.0057500000000000008 3.9350000000000005 4.785000000000001 0.0072500000000000004 2.5950000000000002 0.0075500000000000003 2.7450000000000006
decision_type=2 2 2 2 2 2 2 2 2
left_child=-1 -2 3 8 -5 6 -4 -7 -3
right_child=1 2 5 4 -6 7 -8 -9 -10
leaf_value=0.019861433709176438 -0.022858301751538423 0.0045454010143471061 0.032920757798632787 -0.036244618387838157 0.014480418578943333 0.027035093351606445 -0.017789445324983433 -0.00010928349865925972 0.048418636254902891
leaf_weight=7.3581817001104346 7.0357806719839564 3.9828704725950974 5.4715789034962645 3.0205017812550059 3.7226196946576238 9.7149061551317555 37.002356715500355 836.34130348544568 6.5387355983257294
leaf_count=28 22 18 26 11 30 57 135 3112 35
internal_value=3.88942e-05 -0.000133697 5.90075e-05 0.0174286 -0.00895453 -0.000288715 -0.0104658 0.000224508 0.0343411
internal_weight=920.189 912.831 905.795 17.2647 6.74312 888.53 42.4739 846.056 10.5216
internal_count=3474 3446 3424 94 41 3330 161 3169 53
is_linear=0
shrinkage=0.04


Tree=154
num_leaves=14
num_cat=0
split_feature=3 3 3 14 0 3 17 5 11 0 15 17 19
split_gain=2.00012 4.74316 4.15679 5.49623 8.06291 5.21276 3.38989 3.27405 2.75214 5.57712 2.53163 1.63467 0.311012
threshold=5.0900000000000007 3.3750000000000004 2.9650000000000003 9.2850000000000019 2.0950000000000002 2.8450000000000002 0.53035000000000021 36.435000000000009 6.0250000000000012 1.3150000000000002 72.15000000000002 0.032735000000000035 4.6237500000000002
decision_type=2 2 2 2 2 2 2 2 2 2 2 2 2
left_child=1 2 5 4 -4 7 8 -1 9 -3 -2 -12 -7
right_child=10 6 3 -5 -6 12 -8 -9 -10 -11 11 -13 -14
leaf_value=-0.00034121561769968444 -0.040145722994019181 -0.021356155288245166 -0.02178312382308515 -0.037459555517544242 0.0376061260247764 0.042845544804077262 0.041232315590884812 0.019440303704032161 -0.019395154948197234 0.042037776795995012 -0.022872302054059487 0.024992455858434414 0.012435155988465474
leaf_weight=853.75882775895298 3.408976897597312 2.6335991621017474 8.7379511222243327 9.9896001406013948 4.8547865543514481 3.5108250286430112 6.4917836673557749 12.598945930600165 3.6626292075961828 4.7721006069332361 0.85522207617759738 1.8012891970574854 2.9706739597022533
leaf_count=3033 9 6 24 27 61 23 88 53 20 56 3 50 21
internal_value=4.10801e-05 0.000213404 -0.000191947 -0.0164188 3.62139e-06 0.000255602 0.0202325 -2.22393e-05 0.00485686 0.0186833 -0.0211484 0.00535426 0.0335019
internal_weight=920.047 913.982 896.422 23.5823 13.5927 872.839 17.5601 866.358 11.0683 7.4057 6.06549 2.65651 6.4815
internal_count=3474 3412 3242 112 85 3130 170 3086 82 62 62 53 44
is_linear=0
shrinkage=0.04


Tree=155
num_leaves=18
num_cat=0
split_feature=8 5 2 0 17 5 7 11 19 6 6 6 7 7 18 7 3
split_gain=1.98815 9.76907 6.38668 8.55714 6.63299 6.20312 7.05417 7.97134 6.36232 5.86441 7.23509 5.12745 4.83015 5.65366 4.18148 5.3064 4.09453
threshold=14.835000000000003 15.835000000000003 1.6250000000000002 1.6250000000000002 1.3207500000000001 21.925000000000001 8.3850000000000033 2.7250000000000005 0.44875000000000015 1.0755000000000001 1.0675000000000001 1.0645000000000002 7.7300000000000013 17.580000000000002 1.1071000000000002 12.335000000000003 1.2750000000000001
decision_type=2 2 2 2 2 2 2 2 2 2 2 2 2 2 2 2 2
left_child=1 9 4 -4 14 6 8 -8 -3 10 11 -1 -5 -14 15 -2 -16
right_child=2 5 3 12 -6 -7 7 -9 -10 -11 -12 -13 13 -15 16 -17 -18
leaf_value=0.00030368376465933283 -0.0099906451902238274 0.028216774705098126 0.046004513904243878 0.036415455538230439 -0.043358277908811561 -0.0076676423351495398 -0.016493631156008649 0.053592834601672988 -0.020587112875482143 -0.025941474385185678 0.036988886161077691 -0.029341662130378487 -0.010796528148803282 0.010056542162800225 0 0.035673727607130751 -0.019438874903776337
leaf_weight=660.89223440736532 7.6452576816081983 8.3302935063838941 6.0630163401365271 4.5388669371604911 8.3030156791210157 9.6924191657453758 2.4011009503155973 15.777619007974861 6.8015314843505612 12.845917284488676 7.5170625187456599 8.4663938432931882 49.309083954431117 34.267652303911746 29.452334456145763 6.6079795658588409 40.636330220848322
leaf_count=2523 20 39 23 22 17 33 7 89 24 33 32 22 196 171 86 24 113
internal_value=4.20737e-05 0.000990613 -0.00362099 0.00363672 -0.0110443 0.0192655 0.0273305 0.0435412 0.00586789 -0.000163453 0.000351514 -0.000102563 0.000148207 -0.00213407 -0.00729866 0.0116063 -0.0113649
internal_weight=919.548 732.725 186.824 94.1786 92.6449 43.003 33.3105 18.1787 15.1318 689.722 676.876 669.359 88.1156 83.5767 84.3419 14.2532 70.0887
internal_count=3474 2802 672 412 260 192 159 96 63 2610 2577 2545 389 367 243 44 199
is_linear=0
shrinkage=0.04


Tree=156
num_leaves=9
num_cat=0
split_feature=12 12 0 9 2 9 13 0
split_gain=1.98448 4.03844 3.23475 2.95863 6.96027 4.42972 6.85697 3.90902
threshold=0.57500000000000007 0.70500000000000007 1.655 48.380000000000003 2.0750000000000006 30.660000000000004 0.027450000000000006 2.7150000000000003
decision_type=2 2 2 2 2 2 2 2
left_child=-1 2 -2 5 -5 7 -7 -3
right_child=1 3 -4 4 -6 6 -8 -9
leaf_value=-0.01979080220663286 0.037316543611195636 -0.0011131248882400998 0 0.042887123591289995 -0.011848003262825471 0.013606576023971495 -0.019278779162783019 0.005547971409128224
leaf_weight=6.9927460700273505 7.3829018920660001 653.45499332435429 6.2641060650348663 7.0244935415685159 5.9621053822338581 12.277660058811305 41.142757536843419 178.47383820451796
leaf_count=16 29 2165 20 35 29 57 118 1005
internal_value=4.2835e-05 0.000225185 0.0210624 -0.000105535 0.018136 -0.000402293 -0.0114626 0.000311222
internal_weight=918.976 911.983 13.647 898.336 12.9866 885.349 53.4204 831.929
internal_count=3474 3458 49 3409 64 3345 175 3170
is_linear=0
shrinkage=0.04


Tree=157
num_leaves=22
num_cat=0
split_feature=3 12 17 14 12 18 18 0 2 17 0 3 0 2 17 17 2 15 12 21 20
split_gain=1.9774 8.93976 6.60211 8.81278 6.51165 9.19753 14.3116 6.49893 7.04993 8.46233 14.8235 6.46479 5.83425 5.83336 5.83255 5.75129 15.4012 6.47518 3.23993 1.44327 1.08144
threshold=1.6850000000000003 1.1150000000000004 0.35903500000000027 7.6050000000000013 1.4150000000000003 1.4199200000000001 1.5213000000000003 6.7150000000000007 1.3650000000000004 0.47200000000000003 1.3950000000000002 1.5950000000000004 3.7350000000000008 1.3350000000000002 0.36147000000000007 0.65526000000000018 1.6050000000000002 71.740000000000023 1.0150000000000003 3.719152580101007 3.3222600259774442
decision_type=2 2 2 2 2 2 2 2 2 2 2 2 2 2 2 2 2 2 2 2 2
left_child=7 2 3 -2 5 20 -7 8 11 10 -10 13 -11 -1 -13 17 -17 -6 -5 -4 -3
right_child=1 4 19 18 15 6 -8 -9 9 12 -12 14 -14 -15 -16 16 -18 -19 -20 -21 -22
leaf_value=-0.0013047218694701901 -0.031498717305861249 0.054860339368049973 -0.046134323151828846 0.034844790579494619 -0.013911693613255038 -0.045875277747585486 0.012731685579549906 -0.032854571672479585 -0.0026390754142689194 -0.0058933737944929353 0.020454989695186606 0 0.023529373976969633 -0.017758951546736658 0.056125896622801895 -0.025193844248927583 0.01541270143853647 0.00031828573865247026 -0.0036754581972353417 -0.019601788948098366 0.022711883261829945
leaf_weight=177.28164200112224 8.9455678481608647 5.748329319059847 10.463934481143953 6.8354922235012037 92.295709747821093 6.94088240712881 40.089926298707724 7.5729039981961241 71.503803335130215 95.266820169985294 113.36868201941252 7.0671782940626127 11.092368498444555 42.268760699778795 4.430608868598938 18.241774655878544 65.181539542041719 110.83963368460536 5.380281075835228 10.275232840329407 7.3032751902937889
leaf_count=577 26 31 19 29 334 15 160 23 207 268 507 24 46 119 21 49 391 556 16 28 28
internal_value=4.27674e-05 -0.00211269 -0.0193376 -0.00287424 0 0.0118799 0.00314077 0.00163944 0.00221671 0.00635543 0.0115136 -0.00297048 -0.00255973 -0.00457499 0.0249421 -0.00250051 0.00624546 -0.00614447 0.0182793 -0.0348631 0.0403369
internal_weight=918.394 388.542 41.9005 21.1613 346.641 60.0824 47.0308 529.853 522.28 291.232 184.872 231.048 106.359 219.55 11.4978 286.559 83.4233 203.135 12.2158 20.7392 13.0516
internal_count=3474 1682 118 71 1564 234 175 1792 1769 1028 714 741 314 696 45 1330 440 890 45 47 59
is_linear=0
shrinkage=0.04


Tree=158
num_leaves=10
num_cat=0
split_feature=8 8 14 17 5 7 21 7 2
split_gain=1.97795 2.41283 8.28668 6.66866 4.2757 3.05354 10.2414 8.97912 1.14278
threshold=2.1650000000000005 2.7450000000000006 2.9350000000000005 0.31395500000000026 4.7250000000000005 3.3050000000000002 3.4788329510586267 4.0750000000000011 1.3350000000000002
decision_type=2 2 2 2 2 2 2 2 2
left_child=-1 3 8 4 -2 6 -4 -7 -3
right_child=1 2 5 -5 -6 7 -8 -9 -10
leaf_value=0.019444177300744731 -0.0054746395764382495 0.0041520510240348821 -0.020740141740076778 0.015051526478193595 -0.047037426188833116 0.014157151155876716 0.0056054525750717623 -0.00072578452235848149 0.043930110266344809
leaf_weight=7.3349121063947669 8.8651331365108543 2.1674653366208059 44.25923852622509 8.4047525823116285 7.5511271208524695 70.28230719268322 47.954981409013271 713.6258888123557 6.7942872792482376
leaf_count=28 28 10 122 31 14 263 175 2741 62
internal_value=4.04769e-05 -0.000128332 0.000214175 -0.0121868 -0.026655 -0.000189002 -0.00704043 0.000614709 0.0364951
internal_weight=917.24 909.905 885.084 24.821 16.4163 876.122 92.2142 783.908 8.96175
internal_count=3474 3446 3373 73 42 3301 297 3004 72
is_linear=0
shrinkage=0.04


Tree=159
num_leaves=13
num_cat=0
split_feature=7 7 2 3 11 2 7 18 12 9 12 11
split_gain=1.96013 2.20255 5.83674 5.47548 3.67732 7.72311 12.5318 8.85767 3.26495 9.66944 4.69604 1.51578
threshold=1.8950000000000002 2.3550000000000004 1.7050000000000003 1.5250000000000001 1.8050000000000004 1.3250000000000004 3.7750000000000004 1.1809900000000002 0.96500000000000008 8.1250000000000018 1.0050000000000001 2.1350000000000002
decision_type=2 2 2 2 2 2 2 2 2 2 2 2
left_child=11 2 3 -2 5 7 -7 -3 9 -6 -10 -1
right_child=1 4 -4 -5 8 6 -8 -9 10 -11 -12 -13
leaf_value=0 0.00029771070004580243 0.054698490108539333 0.022197967728114644 -0.039799591912925779 -0.033853489560284146 0.028672710647102605 -0.013516105889233724 -0.0023827346314927856 0.021609705577885413 -0.00061113305396816948 -0.00017394956059110577 0.031349898566804077
leaf_weight=4.7548164054751378 9.4590603560209328 9.7388417571783084 5.3321557864546767 10.674620792269705 17.187085330486298 16.144756130874157 31.784535361453891 6.7412829250097266 15.178218174725769 63.261737570166588 722.03077185340226 4.6399184167385101
leaf_count=20 30 46 22 22 39 71 107 25 57 185 2827 23
internal_value=4.06784e-05 -0.000148242 -0.0115232 -0.0214601 0.000183777 0.00931701 0.000827058 0.0320909 -0.000536406 -0.0081397 0.000292377 0.0173187
internal_weight=916.928 907.533 25.4658 20.1337 882.067 64.4094 47.9293 16.4801 817.658 80.4488 737.209 9.39473
internal_count=3474 3431 74 52 3357 249 178 71 3108 224 2884 43
is_linear=0
shrinkage=0.04


end of trees

feature_importances:
Resistance_Distance_%=264
RSI_14=180
Range_Ratio=159
ATR_Pct=145
Upper_Shadow_Pct=138
Daily_Range_%=134
Volatility_10d=132
Volume_Surge_10=128
MA_Ratio=125
Squeeze_Tightness=122
Price_Range_10d_%=119
Close_Position=117
Momentum_Accel_5_20=115
Momentum_5d_%=107
Momentum_20d_%=97
Volume_Conviction=96
Distance_MA30_%=90
Extension_ATR_Ratio=90
Distance_MA10_%=76
Momentum_10d_%=73
Volume_Ratio=72
Breakout_Pct=52

parameters:
[boosting: gbdt]
[objective: binary]
[metric: binary_logloss]
[tree_learner: serial]
[device_type: cpu]
[data_sample_strategy: bagging]
[data: ]
[valid: ]
[num_iterations: 160]
[learning_rate: 0.04]
[num_leaves: 24]
[num_threads: 14]
[seed: 42]
[deterministic: 0]
[force_col_wise: 0]
[force_row_wise: 0]
[histogram_pool_size: -1]
[max_depth: 5]
[min_data_in_leaf: 20]
[min_sum_hessian_in_leaf: 0.001]
[bagging_fraction: 0.8]
[pos_bagging_fraction: 1]
[neg_bagging_fraction: 1]
[bagging_freq: 0]
[bagging_seed: 400]
[bagging_by_query: 0]
[feature_fraction: 0.8]
[feature_fraction_bynode: 1]
[feature_fraction_seed: 30056]
[extra_trees: 0]
[extra_seed: 12879]
[early_stopping_round: 0]
[early_stopping_min_delta: 0]
[first_metric_only: 0]
[max_delta_step: 0]
[lambda_l1: 0.2]
[lambda_l2: 1]
[linear_lambda: 0]
[min_gain_to_split: 0]
[drop_rate: 0.1]
[max_drop: 50]
[skip_drop: 0.5]
[xgboost_dart_mode: 0]
[uniform_drop: 0]
[drop_seed: 17869]
[top_rate: 0.2]
[other_rate: 0.1]
[min_data_per_group: 100]
[max_cat_threshold: 32]
[cat_l2: 10]
[cat_smooth: 10]
[max_cat_to_onehot: 4]
[top_k: 20]
[monotone_constraints: ]
[monotone_constraints_method: basic]
[monotone_penalty: 0]
[feature_contri: ]
[forcedsplits_filename: ]
[refit_decay_rate: 0.9]
[cegb_tradeoff: 1]
[cegb_penalty_split: 0]
[cegb_penalty_feature_lazy: ]
[cegb_penalty_feature_coupled: ]
[path_smooth: 0]
[interaction_constraints: ]
[verbosity: -1]
[saved_feature_importance_type: 0]
[use_quantized_grad: 0]
[num_grad_quant_bins: 4]
[quant_train_renew_leaf: 0]
[stochastic_rounding: 1]
[linear_tree: 0]
[max_bin: 255]
[max_bin_by_feature: ]
[min_data_in_bin: 3]
[bin_construct_sample_cnt: 200000]
[data_random_seed: 175]
[is_enable_sparse: 1]
[enable_bundle: 1]
[use_missing: 1]
[zero_as_missing: 0]
[feature_pre_filter: 1]
[pre_partition: 0]
[two_round: 0]
[header: 0]
[label_column: ]
[weight_column: ]
[group_column: ]
[ignore_column: ]
[categorical_feature: ]
[forcedbins_filename: ]
[precise_float_parser: 0]
[parser_config_file: ]
[objective_seed: 16083]
[num_class: 1]
[is_unbalance: 0]
[scale_pos_weight: 1]
[sigmoid: 1]
[boost_from_average: 1]
[reg_sqrt: 0]
[alpha: 0.9]
[fair_c: 1]
[poisson_max_delta_step: 0.7]
[tweedie_variance_power: 1.5]
[lambdarank_truncation_level: 30]
[lambdarank_norm: 1]
[label_gain: ]
[lambdarank_position_bias_regularization: 0]
[eval_at: ]
[multi_error_top_k: 1]
[auc_mu_weights: ]
[num_machines: 1]
[local_listen_port: 12400]
[time_out: 120]
[machine_list_filename: ]
[machines: ]
[gpu_platform_id: -1]
[gpu_device_id: -1]
[gpu_device_id_list: ]
[gpu_use_dp: 0]
[num_gpu: 1]

end of parameters

pandas_categorical:[]
